FITC-A_raw,FSC-A,Normalised_FITC_A,FITC_fluorescence
62.0,9605.67,1709.5933,17.454956
25178.2,21555.99,694265.8,3338.6863
748.64996,5922.09,20643.338,360.45383
9137.25,20789.52,251951.31,1255.6665
9304.649,31057.26,256567.2,855.6154
6062.05,12210.45,167155.48,1418.5046
11432.8,36486.93,315249.0,894.9098
33458.3,68329.8,922582.06,1399.0475
55.8,18997.32,1538.6339,7.3982897
76932.695,84286.47,2121348.8,2608.7693
-35.649998,17393.041,-983.01605,-6.860477
99.2,21837.871,2735.349,11.988241
137.95,19607.19,3803.845,19.116634
29.449999,14582.94,812.05676,4.7741647
13385.8,53298.81,369101.2,717.08496
8056.9,17215.56,222161.64,1337.1222
-10.849999,16415.16,-299.1788,-2.889877
-3.1,17377.38,-85.47966,-1.510066
17888.549,60777.332,493260.38,840.55493
23088.799,51909.42,636652.5,1270.757
66.65,25876.41,1837.8129,6.3645315
14650.6,24614.91,403976.88,1700.7906
1506.6,15886.2,41543.117,270.16083
15.5,19708.98,427.39832,1.2486224
7712.8,15059.7,212673.4,1463.3495
26.349998,16322.07,726.5771,3.615878
10.849999,7278.42,299.1788,3.2622762
23521.25,33820.38,648576.94,1987.5244
841.64996,8047.5,23207.729,298.03326
16651.65,15800.94,459154.03,3012.168
21391.549,55465.98,589852.4,1101.7181
9631.699,19045.17,265585.28,1444.9958
52.699997,24663.63,1453.1542,5.1094565
176.7,34689.51,4872.341,13.564224
10409.8,23553.51,287040.72,1262.676
58.899998,17893.291,1624.1135,8.411829
5519.55,18801.57,152196.53,838.37976
-13.95,15968.85,-384.65848,-3.4977534
13409.05,14945.73,369742.28,2564.251
7165.65,20987.88,197586.23,975.1936
5683.8496,15902.73,156726.95,1020.927
21465.95,36258.12,591903.94,1691.7539
49.6,16275.09,1367.6746,7.713793
286.75,56306.4,7906.869,13.561117
10476.449,24773.25,288878.5,1208.1498
6356.55,18252.6,175276.05,994.7395
3.1,11035.08,85.47966,-0.19677877
38.75,19399.26,1068.4958,4.7113075
8649.0,15940.14,238488.27,1550.3964
-10.849999,9437.76,-299.1788,-4.2870765
6496.05,17399.13,179122.62,1066.5071
51.149998,18117.75,1410.4144,7.072171
4.6499996,15433.8,128.21948,-0.13855207
11564.55,17492.22,318881.88,1889.3088
77.5,15626.07,2136.9917,13.180807
44049.45,75275.01,1214623.2,1672.1647
152247.2,121507.68,4198077.5,3581.5696
23.25,19018.2,641.0975,2.4954455
18133.45,26088.69,500013.28,1986.3628
-17.05,10827.15,-470.13812,-5.502557
80.6,26919.541,2222.4712,7.5608397
302.25,21501.18,8334.268,39.19324
57.35,9262.89,1581.3738,16.702553
35.649998,16297.71,983.01605,5.2543464
536.3,61111.41,14787.981,24.091953
186.0,45165.18,5128.78,10.774926
29.449999,9165.45,812.05676,8.187143
52.699997,11193.42,1453.1542,12.461603
22823.75,44452.65,629344.0,1467.0415
161.2,10646.19,4444.9424,42.29321
22506.0,46547.61,620582.4,1381.4517
3.1,15298.95,85.47966,-0.42063934
7.75,8789.61,213.69916,1.5210476
23.25,19235.7,641.0975,2.4559224
110.049995,17645.34,3034.5278,16.832367
40631.7,35883.15,1120382.0,3236.602
101652.09,188557.72,2802963.5,1540.42
10143.199,12839.46,279689.44,2257.7969
89.899994,20135.28,2478.9102,11.765887
0.0,13075.23,0.0,-1.0
-62.0,18631.92,-1709.5933,-10.514437
-54.25,10528.74,-1495.8942,-15.732361
20833.549,28917.93,574466.06,2058.895
8481.6,35265.45,233872.34,686.66565
-1.55,17367.81,-42.73983,-1.2551734
19509.85,41888.76,537966.25,1330.6969
-35.649998,14311.5,-983.01605,-8.122351
11226.649,12782.91,309564.6,2510.1313
60.449997,13461.51,1666.8534,11.839601
-1.55,7518.54,-42.73983,-1.5894502
49.6,14252.34,1367.6746,8.95049
497.55,14248.86,13719.485,98.840225
82.149994,25091.67,2265.211,8.361102
88.35,23253.36,2436.1704,9.863502
18023.4,25578.0,496978.78,2013.7407
82.149994,18058.59,2265.211,12.006866
32.55,11673.66,897.53644,6.9724703
99852.55,92462.734,2753342.8,3086.745
55.8,22886.22,1538.6339,5.9712253
15591.449,30157.68,429919.94,1477.2147
20340.648,28865.73,560874.75,2013.7966
44.949997,6297.06,1239.4551,19.409897
18096.25,49837.082,498987.53,1037.2095
238.7,63329.04,6581.934,9.777016
-10.849999,6950.43,-299.1788,-5.4634123
48.05,16121.1,1324.9348,7.5221214
204.59999,29545.2,5641.6577,18.800114
72.85,17942.88,2008.7721,10.608774
54.25,26829.93,1495.8942,4.781349
877.3,8079.69,24190.744,309.45767
40.3,16590.9,1111.2356,5.945189
66.65,15368.55,1837.8129,11.399846
-10.849999,9629.16,-299.1788,-4.221739
28513.799,26824.71,786241.94,3038.2683
10243.949,30724.05,282467.53,952.3183
13376.5,23430.84,368844.75,1631.3137
153.45,11570.13,4231.243,36.92081
10.849999,21290.64,299.1788,0.45710206
62.0,11965.11,1709.5933,13.815761
79.049995,18221.28,2179.7312,11.404291
74.399994,10399.11,2051.5117,19.456234
59997.4,36056.28,1654373.4,4756.7373
62.0,18673.68,1709.5933,8.493159
22192.898,30186.39,611948.9,2101.0925
24.8,14207.97,683.8373,3.9907823
77.5,10835.85,2136.9917,19.449738
100.75,22694.82,2778.089,11.693089
51.149998,12637.62,1410.4144,10.5725565
106.95,12187.83,2949.0483,24.090158
633.94995,12539.311,17480.59,143.55406
23188.0,40548.96,639387.9,1634.0557
31477.398,33835.17,867960.44,2658.9863
-26.349998,10108.53,-726.5771,-8.453179
52574.45,106836.87,1449692.4,1406.0276
23.25,10946.34,641.0975,5.0729966
7529.9,21990.121,207630.11,978.06287
13962.399,24441.78,385000.4,1632.3386
24238.898,51457.02,668365.44,1345.8438
128.65,17901.99,3547.406,19.547428
74.399994,20549.4,2051.5117,9.351963
85.25,33454.11,2350.6907,6.2860794
45642.848,85560.15,1258559.8,1524.2821
72.85,19627.2,2008.7721,9.612561
19990.35,22533.0,551215.6,2535.5906
427.8,7307.13,11796.193,166.39517
58.899998,12997.8,1624.1135,11.9567
10.849999,9536.07,299.1788,2.2531888
63.55,16709.22,1752.3331,9.874476
3541.75,19278.33,97660.516,524.288
80.6,23093.28,2222.4712,8.979261
16507.5,28794.39,455179.22,1638.1641
24.8,13593.75,683.8373,4.2162857
286.75,26409.72,7906.869,30.044783
58.899998,5880.33,1624.1135,27.63931
20058.549,33832.56,553096.1,1694.1716
21.699999,13351.0205,598.3576,3.6472306
26.349998,12871.65,726.5771,4.8532267
368.9,24311.28,10172.08,42.386024
66.65,15199.7705,1837.8129,11.537535
34.1,14897.88,940.27625,5.544536
4301.25,38752.41,118603.03,316.3547
43745.65,40584.63,1206246.2,3080.9265
146904.34,82646.52,4050753.0,5081.2856
21242.75,29392.95,585749.4,2065.4102
86.799995,24638.4,2393.4304,9.072938
-52.699997,18295.23,-1453.1542,-9.236101
57.35,26650.71,1581.3738,5.1528115
14610.3,13665.09,402865.66,3056.0015
52.699997,10037.19,1453.1542,14.012306
144.15,24125.97,3974.8042,16.083578
61910.098,38025.96,1707114.2,4654.114
79.049995,19154.791,2179.7312,10.799767
62.0,20965.26,1709.5933,7.4555225
23724.299,26115.66,654175.8,2596.415
120.899994,16456.05,3333.7068,20.006306
31.0,13862.58,854.79663,5.3939114
4158.65,3983.73,114670.97,2983.7742
44.949997,15878.37,1239.4551,7.094178
17.05,14301.93,470.13812,2.408621
1.55,14642.1,42.73983,-0.69732445
75.95,19800.33,2094.2517,9.967416
34313.9,23031.51,946174.4,4258.873
2399.4,16771.86,66161.26,408.04437
6.2,8714.79,170.95932,1.0341537
387.5,27273.63,10684.958,39.62354
9927.75,54692.55,273748.62,518.0051
15.5,21828.3,427.39832,1.0303025
-49.6,14281.92,-1367.6746,-10.929881
21.699999,24145.98,598.3576,1.5695901
7954.5996,26140.02,219340.81,869.08453
4175.6997,34017.0,115141.1,349.97992
63.55,13951.32,1752.3331,12.024146
27.9,16018.44,769.31696,3.9800415
5023.55,23501.31,138519.8,610.1779
-41.85,14901.36,-1153.9755,-9.030055
-17.05,7814.34,-470.13812,-7.2385125
77.5,12683.73,2136.9917,16.470434
151.9,13585.05,4188.5034,30.970213
19154.898,43743.6,528178.8,1251.0288
4629.85,21917.91,127663.88,602.972
62.0,8074.47,1709.5933,20.954657
41014.547,64366.95,1130938.6,1820.8976
404.55,17608.8,11155.096,64.68881
15.5,8369.4,427.39832,4.2952485
10.849999,11159.49,299.1788,1.779933
-3.1,18627.57,-85.47966,-1.4758329
5669.9,24252.121,156342.3,667.4588
11876.1,23167.23,327472.6,1464.7123
15.5,15960.15,427.39832,1.7767942
15238.05,33755.13,420175.28,1289.7395
16521.45,22431.21,455563.84,2104.9324
28654.85,43104.15,790131.25,1899.7634
-1.55,8116.23,-42.73983,-1.5460423
21769.75,24566.19,600280.94,2532.7551
6172.0996,16617.0,170190.0,1061.0116
11256.1,27690.36,310376.66,1161.2736
7407.4497,17908.95,204253.66,1181.6266
5626.5,28549.05,155145.6,562.50226
657.19995,20719.92,18121.688,89.6898
60157.047,69342.48,1658775.5,2479.4824
7196.65,12481.0205,198441.03,1647.653
34644.05,43512.18,955278.0,2275.4956
9152.75,17669.7,252378.7,1480.0558
53591.25,54789.12,1477729.8,2795.7173
16853.15,40822.14,464710.22,1179.414
973.39996,7731.69,26840.613,358.96964
49.6,12042.54,1367.6746,10.7764
2594.7,6486.72,71546.48,1142.6969
82.149994,19632.42,2265.211,10.964173
21436.5,27609.45,591091.9,2218.96
131.75,13707.72,3632.8857,26.48112
85.25,34766.94,2350.6907,6.01095
49083.848,75390.72,1353442.2,1860.5286
-1.55,15508.62,-42.73983,-1.285764
31.0,8905.32,854.79663,8.953163
93.0,16349.04,2564.39,15.2644615
12672.8,31185.15,349440.88,1160.9133
58.899998,15818.34,1624.1135,9.646414
6.2,9545.64,170.95932,0.8571013
11104.199,36103.26,306188.12,878.4067
43.399998,12718.53,1196.7152,8.756674
62.0,19342.71,1709.5933,8.164807
21.699999,16175.04,598.3576,2.835865
262143.0,181051.34,7228353.5,4138.8584
30559.799,21018.33,842658.5,4156.2036
11476.199,35415.96,316445.7,925.50555
48.05,12804.66,1324.9348,9.729373
51.149998,32325.72,1410.4144,3.5242481
43.399998,21020.07,1196.7152,4.9034314
38756.2,29871.45,1068666.8,3708.6582
26.349998,19544.55,726.5771,2.854818
48.05,18044.67,1324.9348,6.6136594
-10.849999,16076.73,-299.1788,-2.9296608
54.25,11102.07,1495.8942,12.971557
10243.949,16294.23,282467.53,1796.5565
8419.6,27011.76,232162.75,890.2254
5474.5996,13705.98,150957.08,1141.0662
66.65,20257.95,1837.8129,8.407055
60.449997,11531.85,1666.8534,13.9880905
4.6499996,12134.76,128.21948,0.095647216
58.899998,16589.16,1624.1135,9.151726
-9.299999,13792.11,-256.43896,-2.9279742
9434.85,14943.99,260157.34,1804.167
71.299995,25493.61,1966.0321,6.996633
695.94995,25422.27,19190.184,77.27313
49.6,16063.68,1367.6746,7.828473
49.6,17368.68,1367.6746,7.165144
60.449997,6827.7603,1666.8534,24.314363
32594.95,38728.05,898775.94,2405.4324
12852.6,29727.03,354398.7,1235.1992
23025.25,50452.17,634900.2,1303.8887
48.05,17204.25,1324.9348,6.985583
7054.05,10077.21,194508.97,2000.4613
16679.549,22691.34,459923.3,2100.7117
14861.399,39003.84,409789.5,1088.435
9034.95,18082.08,249130.48,1427.6517
9861.1,13096.98,271910.8,2151.7974
63.55,17346.06,1752.3331,9.475233
2621.0498,27422.4,72273.05,272.2869
7055.5996,21489.871,194551.7,937.74817
28521.549,63460.41,786455.6,1284.0476
10239.3,20635.53,282339.3,1417.7427
41192.797,38061.63,1135853.8,3093.446
83434.945,58594.5,2300642.2,4070.3655
10076.55,28428.99,277851.66,1012.4432
105.399994,19093.89,2906.3083,14.783203
20988.549,26327.07,578740.06,2278.4438
86.799995,24922.89,2393.4304,8.957957
-27.9,13337.1,-769.31696,-6.9812474
40582.098,38065.11,1119014.2,3047.2908
15802.25,12338.34,435732.6,3660.9397
48.05,16028.88,1324.9348,7.5711527
60.449997,36312.06,1666.8534,3.7598624
43.399998,9484.74,1196.7152,12.083178
22157.25,51297.81,610965.9,1233.9973
66.65,15358.98,1837.8129,11.407572
97.649994,11304.78,2692.6094,23.697847
71.299995,16944.99,1966.0321,11.030874
68.2,16121.97,1880.5525,11.095261
11181.699,9502.14,308325.12,3363.615
513.05,12292.23,14146.884,118.33778
144275.55,98954.67,3978266.2,4167.746
45762.2,28937.94,1261850.8,4520.5596
75.95,45804.63,2094.2517,3.740972
34.1,14443.74,940.27625,5.7503095
38.75,10543.53,1068.4958,9.508353
29377.148,31239.09,810048.0,2687.811
110.049995,28256.73,3034.5278,10.135689
48.05,18741.541,1324.9348,6.3305593
144.15,18469.23,3974.8042,21.315922
173.59999,14605.561,4786.861,32.984467
24.8,13844.311,683.8373,4.121879
38116.047,39398.82,1051015.1,2765.1367
8190.1997,26173.08,225837.27,893.7231
40.3,5958.63,1111.2356,18.337826
240.25,11835.48,6624.674,57.03988
25322.35,33033.9,698240.6,2190.761
111.6,18813.75,3077.2678,15.960466
15.5,14150.55,427.39832,2.1318963
60.449997,14680.38,1666.8534,10.773565
21.699999,8366.79,598.3576,6.4156604
-1.55,18497.94,-42.73983,-1.2395837
55.8,14718.66,1538.6339,9.839641
-7.75,7828.2603,-213.69916,-3.830645
9972.699,24383.49,274988.06,1168.4075
66.65,16008.87,1837.8129,10.903879
4.6499996,18105.57,128.21948,-0.26567268
9286.05,33854.31,256054.33,783.2708
79.049995,18664.98,2179.7312,11.109418
96.1,11985.99,2649.8696,21.924425
5566.05,13043.91,153478.73,1219.08
34.1,14363.7,940.27625,5.787925
62.0,27930.48,1709.5933,5.346909
31.0,12486.24,854.79663,6.0987024
6246.5,15258.93,172241.52,1169.4736
17184.85,26407.11,473856.5,1859.6892
24431.1,46217.01,673665.25,1510.4374
6827.75,8641.71,188268.95,2258.0554
17704.1,17563.56,488174.34,2881.1082
2148.3,5179.98,59237.41,1184.812
18.599998,13497.18,512.8779,2.9402053
9760.35,21898.77,269132.72,1273.3674
29873.148,53416.26,823724.75,1598.0297
6.2,9784.89,170.95932,0.81169355
13.95,15672.18,384.65848,1.5450351
4601.9497,21823.08,126894.555,601.941
28409.95,32945.16,783378.4,2464.6296
18.599998,10312.98,512.8779,4.1567693
5747.4,10009.35,158479.3,1640.7784
27397.799,18582.33,755469.25,4214.65
26416.648,29322.48,728414.94,2574.8823
69.75,29270.28,1923.2925,5.813439
21.699999,12853.38,598.3576,3.827156
10398.949,13966.98,286741.5,2127.8052
444.84998,33771.66,12266.331,36.662586
-3.1,7856.1,-85.47966,-2.1282456
40.3,6161.34,1111.2356,17.701605
240.25,44054.19,6624.674,14.592837
40.3,10103.31,1111.2356,10.404871
11364.6,18634.53,313368.44,1742.752
-6.2,11333.49,-170.95932,-2.564145
20973.049,33590.7,578312.6,1784.2191
-17.05,22551.27,-470.13812,-3.1617346
8125.0996,47867.4,224042.19,484.3308
6.2,8285.88,170.95932,1.1394496
16629.95,27866.1,458555.62,1705.3328
10660.899,24276.48,293964.56,1254.6168
17232.9,27892.2,475181.47,1765.5447
20.15,17179.02,555.6178,2.353711
58.899998,16386.45,1624.1135,9.277308
9442.6,67098.75,260371.05,401.37048
15461.25,31266.93,426329.8,1412.8663
24.8,7582.92,683.8373,8.351132
-1.55,15861.84,-42.73983,-1.2794005
37.199997,11876.37,1025.7559,7.9558783
55.8,7548.12,1538.6339,20.13705
19237.049,26312.28,530444.0,2089.398
74.399994,9628.29,2051.5117,21.093918
6909.9,17536.59,190534.17,1125.6152
8906.3,5922.09,245583.06,4299.0283
13216.85,20176.17,364442.53,1872.0018
80.6,18705.87,2222.4712,11.31987
88.35,6720.75,2436.1704,36.587013
7289.65,8424.21,201005.42,2473.1523
17.05,18773.73,470.13812,1.5967059
24265.25,32200.44,669092.06,2153.6262
54.25,15490.35,1495.8942,9.013537
10788.0,33094.8,297469.22,931.0306
31.0,9588.2705,854.79663,8.244223
39718.75,72390.09,1095208.2,1567.7924
74.399994,6304.89,2051.5117,32.739944
17.05,11602.32,470.13812,3.2017336
8202.6,17495.7,226179.19,1339.5073
34837.8,26941.291,960620.5,3696.2712
3.1,16420.38,85.47966,-0.46020675
81299.05,99378.36,2241746.8,2338.0667
12.4,19060.83,341.91864,0.86006796
52.699997,14492.46,1453.1542,9.397225
41.85,11751.96,1153.9755,9.182025
49.6,13715.55,1367.6746,9.339926
44.949997,12813.36,1239.4551,9.030339
83.7,9349.89,2307.951,24.595755
82.149994,24700.17,2265.211,8.509477
72.85,15282.42,2008.7721,12.6297035
37024.848,36059.76,1020926.3,2934.7524
47180.45,46384.05,1300957.8,2907.3213
7929.8,26340.121,218656.97,859.78253
51.149998,15921.87,1410.4144,8.1854515
-29.449999,9635.25,-812.05676,-9.739192
15614.699,26004.3,430561.06,1715.8702
44433.848,55042.29,1225222.8,2307.1628
38.75,17451.33,1068.4958,5.348808
1398.1,18188.22,38551.33,218.78447
9039.6,31212.99,249258.69,827.0619
23296.5,33120.9,642379.7,2010.1182
1170.25,7339.32,32268.574,454.90234
8202.6,33855.18,226179.19,691.74817
20174.799,33327.96,556301.6,1729.8102
74.399994,17242.53,2051.5117,11.337322
-7.75,18719.791,-213.69916,-2.183722
60.449997,11129.04,1666.8534,14.530577
122.45,5862.06,3376.4465,58.72518
19409.1,23757.96,535188.2,2334.8516
3848.65,19410.57,106123.0,565.9165
96.1,15390.3,2649.8696,16.85358
14957.5,39197.85,412439.38,1090.0526
52324.9,32595.42,1442811.2,4588.8745
15.5,17946.36,427.39832,1.4694731
16216.1,46887.78,447144.12,987.86206
92164.55,98647.56,2541353.0,2670.3237
7405.9,18108.18,204210.92,1168.3702
34.1,7876.98,940.27625,11.377804
24.8,10252.95,683.8373,5.9159493
71.299995,20097.87,1966.0321,9.143515
31.0,16864.08,854.79663,4.255911
69.75,7615.11,1923.2925,25.188887
119.35,17430.45,3290.967,18.577753
38365.598,105808.53,1057896.2,1035.741
69.75,37638.81,1923.2925,4.298554
46.5,9169.8,1282.195,13.499135
77.5,12574.98,2136.9917,16.621521
68.2,12658.5,1880.5525,14.404623
215.45,17310.39,5940.8364,34.586773
38.75,7537.68,1068.4958,13.698838
42942.75,39354.45,1184107.0,3118.931
27.9,19421.88,769.31696,3.1073518
51.149998,7978.77,1410.4144,17.32984
4312.1,7114.86,118902.22,1731.892
0.0,9128.04,0.0,-1.0
9464.3,16300.32,260969.4,1659.1271
14542.1,28048.8,400985.1,1481.3877
17888.549,11880.72,493260.38,4304.0815
7.75,10293.84,213.69916,1.1526492
141.05,45618.45,3889.3247,7.840596
68.2,22995.84,1880.5525,7.4797697
29239.2,33695.97,806244.2,2480.056
19726.85,32302.23,543949.8,1745.1204
93.0,10606.17,2564.39,24.071098
11603.3,11371.7705,319950.38,2916.4434
263.5,20855.64,7265.7715,35.12485
51821.15,44554.44,1428920.8,3324.5618
8142.15,16205.49,224512.33,1435.567
86.799995,19748.13,2393.4304,11.567321
373.55,23466.51,10300.299,44.51444
13878.699,28192.35,382692.44,1406.5586
68.2,19003.41,1880.5525,9.261286
16051.8,21116.64,442613.7,2172.4412
18238.85,34762.59,502919.6,1499.1487
44.949997,13924.35,1239.4551,8.230044
14036.8,27181.41,387051.9,1475.5396
1.55,10457.4,42.73983,-0.57620394
192.2,15050.13,5299.7393,35.51423
32.55,10200.75,897.53644,8.123634
91.45,18019.44,2521.65,13.510801
21672.1,68055.75,597588.3,909.5109
136186.1,137523.52,3755207.0,2830.4233
67369.195,73261.83,1857643.9,2628.2544
5855.9,14854.38,161471.08,1126.1665
27044.398,89086.26,745724.56,866.99176
20994.75,68305.44,578911.0,877.8291
63697.246,96903.21,1756393.2,1878.453
54.25,22712.22,1495.8942,5.8295035
45198.0,45777.66,1246293.5,2822.0244
11310.35,75690.87,311872.53,426.24945
23436.0,27478.95,646226.25,2437.5537
80.6,19890.81,2222.4712,10.585947
37.199997,17776.71,1025.7559,4.9832954
23127.549,37461.332,637721.0,1764.2059
20.15,15012.72,555.6178,2.8376436
1.55,12261.78,42.73983,-0.63856757
9.299999,12998.67,256.43896,1.0456576
54.25,15402.48,1495.8942,9.070663
12522.449,35749.17,345295.1,1000.54926
41.85,11115.12,1153.9755,9.765403
38754.65,54095.73,1068624.0,2047.3765
14298.75,22966.26,394274.94,1779.1506
100.75,17600.1,2778.089,15.367371
68.2,14076.6,1880.5525,12.852736
62032.547,61710.84,1710490.8,2873.1348
12389.149,18377.01,341619.47,1926.5944
23054.7,23374.291,635712.25,2819.1357
5865.1997,10143.33,161727.52,1652.2983
7912.75,61869.18,218186.84,364.68073
26374.799,31110.33,727260.94,2423.0051
23989.35,21732.6,661484.4,3155.1367
103.85,14363.7,2863.5686,19.672316
20582.45,21424.621,567542.2,2745.837
91.45,17870.67,2521.65,13.6316
4546.15,15940.14,125355.92,814.4562
40.3,12352.26,1111.2356,8.32841
52.699997,14856.12,1453.1542,9.142714
44.949997,15139.74,1239.4551,7.489073
69.75,24650.58,1923.2925,7.0903263
10443.899,12230.46,287980.97,2440.5684
22231.648,18485.76,613017.4,3437.6135
-20.15,9851.01,-555.6178,-6.8484836
26.349998,13821.69,726.5771,4.4509025
2486.2,20340.6,68554.69,348.47916
35.649998,9893.64,983.01605,9.302732
261.94998,17889.81,7223.0312,40.866016
15.5,10353.0,427.39832,3.2806969
46.5,17074.62,1282.195,6.786655
55.8,10300.8,1538.6339,14.488602
65.1,43643.55,1795.0729,3.2649102
46768.15,35613.45,1289588.9,3753.7854
21.699999,24576.63,598.3576,1.5245638
16747.75,24978.57,461803.88,1916.0696
71.299995,12881.22,1966.0321,14.826377
79.049995,11444.85,2179.7312,18.748802
89.899994,22839.24,2478.9102,10.254521
63.55,13239.66,1752.3331,12.724221
2692.3499,8650.41,74239.086,888.90533
72.85,25462.291,2008.7721,7.180523
20.15,9295.95,555.6178,5.1976957
27.9,17997.69,769.31696,3.4323745
16040.949,34480.71,442314.5,1329.1567
24.8,17153.791,683.8373,3.1337152
79.049995,16222.0205,2179.7312,12.93304
4589.55,14391.54,126552.64,910.8257
20849.049,23686.621,574893.44,2515.7039
47998.848,42992.79,1323524.4,3191.1567
36739.65,32000.34,1013062.2,3281.6865
6009.3496,23882.371,165702.31,718.4473
119.35,17048.52,3290.967,19.016342
164.29999,5725.47,4530.422,81.04939
15.5,12981.2705,427.39832,2.4139996
37.199997,11155.14,1025.7559,8.534916
21.699999,7782.15,598.3576,6.972768
20996.299,42904.92,578953.75,1398.2156
3.1,19782.06,85.47966,-0.551937
43.399998,10581.81,1196.7152,10.726779
48.05,15581.7,1324.9348,7.817136
31.0,11009.85,854.79663,7.050619
209.25,16615.26,5769.8774,35.00869
5440.5,38091.21,150016.81,407.37863
-27.9,7684.71,-769.31696,-11.380677
141.05,32839.02,3889.3247,11.280948
22352.549,29019.72,616351.06,2201.332
-46.5,11096.85,-1282.195,-12.981254
17.05,17178.15,470.13812,1.837899
8190.1997,21730.86,225837.27,1076.6223
93.0,23089.8,2564.39,10.516268
7994.9,11603.19,220452.05,1969.0834
145.7,37468.29,4017.5442,10.118462
29.449999,13217.91,812.05676,5.37047
29268.648,33729.03,807056.2,2480.12
4112.15,22459.05,113388.77,522.51184
58.899998,25883.371,1624.1135,5.50644
32199.7,53576.34,887877.25,1717.4138
16274.999,31322.61,448768.22,1484.6346
77155.9,23401.26,2127503.2,9426.116
33052.2,26716.83,911384.2,3536.2393
21021.1,23512.621,579637.56,2555.25
69.75,16374.2705,1923.2925,11.17955
31.0,18956.43,854.79663,3.6757808
5350.5996,12721.14,147537.89,1201.6117
33968.25,20826.06,936643.44,4662.533
34.1,15466.86,940.27625,5.303782
4667.05,24686.25,128689.63,539.55054
4471.75,43453.89,123304.414,293.2374
35.649998,16073.25,983.01605,5.3416867
31.0,23502.18,854.79663,2.7713995
8289.399,16501.291,228572.61,1435.3297
37902.15,45678.48,1045117.06,2371.4724
27622.549,57881.1,761666.5,1363.5076
41.85,15732.21,1153.9755,6.6059723
16719.85,44303.01,461034.56,1078.0663
57.35,11017.68,1581.3738,13.883061
9081.45,30404.76,250412.69,853.00934
44.949997,16858.86,1239.4551,6.6234317
-20.15,15997.561,-555.6178,-4.601391
10.849999,12250.47,299.1788,1.5323629
6379.8,18225.63,175917.14,999.8603
25238.648,90190.29,695932.6,799.1203
31584.35,33882.15,870909.56,2664.3237
40.3,14471.58,1111.2356,6.9622917
-17.05,17493.09,-470.13812,-3.7868066
49.6,17379.99,1367.6746,7.15983
27.9,13383.21,769.31696,4.96064
71.299995,23828.43,1966.0321,7.5554543
57.35,15199.7705,1581.3738,9.788111
133.3,19713.33,3675.6257,18.333887
63.55,12407.94,1752.3331,13.644174
44649.297,37196.85,1231163.5,3431.0803
4220.65,15594.75,116380.56,772.83777
46.5,18828.541,1282.195,6.0613103
34.1,13904.34,940.27625,6.0121784
-20.15,7374.99,-555.6178,-8.812006
203.04999,19073.88,5598.9175,29.437773
1.55,15238.92,42.73983,-0.7091785
59560.297,45298.29,1642320.8,3758.448
74.399994,13264.0205,2051.5117,15.03787
13737.649,21493.35,378803.12,1826.4996
9537.149,20491.98,262978.16,1329.7107
367.34998,76493.01,10129.34,12.731162
18339.6,18993.84,505697.7,2759.7437
60.449997,25209.99,1666.8534,5.856028
102.299995,18095.13,2820.8289,15.164524
27.9,16681.38,769.31696,3.7821279
38.75,18986.01,1068.4958,4.83562
27621.0,131309.1,761623.8,600.4418
19193.648,27993.99,529247.3,1959.3867
-15.5,13973.94,-427.39832,-4.1714787
6082.1997,5663.7,167711.1,3069.5022
412.3,22868.82,11368.795,50.5488
57.35,17038.08,1581.3738,8.624136
19584.25,34251.9,540017.75,1633.825
202930.64,170288.58,5595627.0,3406.3057
69.75,15684.36,1923.2925,11.715294
9219.399,24241.68,254216.5,1086.3989
20528.2,32737.23,566046.3,1791.9075
147972.3,93604.17,4080200.8,4518.956
1012.14996,27173.58,27909.11,105.49936
100.75,19366.2,2778.089,13.87475
62.0,21898.77,1709.5933,7.0950766
15.5,9683.1,427.39832,3.5768456
44.949997,10510.47,1239.4551,11.228031
31.0,8699.13,854.79663,9.189078
35067.2,22229.371,966945.94,4509.4814
14281.699,31314.78,393804.78,1303.0057
62.0,13006.5,1709.5933,12.62951
20985.45,26232.24,578654.56,2286.3462
72.85,22139.76,2008.7721,8.408181
79.049995,20584.2,2179.7312,9.980367
72.85,15119.73,2008.7721,12.7763605
14346.8,40355.82,395599.88,1015.4777
2320.3499,78915.96,63981.523,83.069336
764.14996,65908.59,21070.736,32.150154
9627.05,18845.07,265457.1,1459.6443
330.15,21914.43,9103.584,42.075478
18.599998,18182.13,512.8779,1.9249411
105.399994,21864.84,2906.3083,12.782985
23975.398,39456.24,661099.7,1736.3973
623.1,30097.65,17181.412,58.19352
7832.15,23129.82,215964.38,967.1836
6.2,10188.57,170.95932,0.7399125
48.05,10949.82,1324.9348,11.546869
17257.7,24190.35,475865.28,2038.8102
30110.299,29266.8,830263.94,2940.635
54014.4,87620.31,1489397.6,1761.5999
51.149998,15974.94,1410.4144,8.154937
6409.25,8324.16,176729.2,2200.485
2459.8499,53150.04,67828.11,131.32869
5840.4,24499.2,161043.69,680.6159
-3.1,17635.77,-85.47966,-1.5025928
16178.899,19568.91,446118.34,2362.912
36000.3,32220.45,992675.4,3193.6519
40.3,13671.18,1111.2356,7.4284563
10.849999,10339.95,299.1788,2.0002694
106.95,33986.55,2949.0483,7.9975176
64531.15,74750.4,1779387.4,2467.3394
105.399994,25086.45,2906.3083,11.01297
120.899994,31533.15,3333.7068,9.962457
31.0,20407.59,854.79663,3.3432913
8225.85,17055.48,226820.28,1378.0049
16465.65,21485.52,454025.25,2190.2
85.25,26259.21,2350.6907,8.282431
13052.55,65616.27,359912.12,567.7649
126890.75,119437.95,3498896.2,3036.642
7153.25,18220.41,197244.33,1121.5204
0.0,9266.37,0.0,-1.0
50578.047,81832.2,1394643.4,1766.2045
18.599998,8331.99,512.8779,5.382828
21771.299,30762.33,600323.6,2022.5507
161.2,6318.81,4444.9424,71.94218
114.7,19532.37,3162.7476,15.790262
9515.45,21395.91,262379.84,1270.5914
13514.449,22092.78,372648.56,1748.0289
52.699997,20310.15,1453.1542,6.419018
4.6499996,23014.11,128.21948,-0.42229283
15199.3,29095.41,419106.78,1492.6473
68.2,16784.91,1880.5525,10.617544
66.65,12575.85,1837.8129,14.1534605
41.85,8017.05,1153.9755,13.925534
96.1,17898.51,2649.8696,14.351666
5835.75,11068.14,160915.47,1506.5476
297.59998,7921.35,8206.047,106.41938
63.55,10842.811,1752.3331,15.75802
85.25,19763.791,2350.6907,11.333124
18970.45,34278.0,523092.78,1581.3812
31.0,12891.66,854.79663,5.8754616
22174.299,42021.87,611436.0,1507.7716
13032.399,23398.65,359356.5,1591.5115
262143.0,247100.02,7228353.5,3032.294
41805.047,32149.98,1152735.9,3716.8936
15244.25,29626.11,420346.25,1470.2295
21414.799,16173.3,590493.5,3784.8584
68.2,17752.35,1880.5525,9.984429
-32.55,7836.09,-897.53644,-12.87683
51.149998,15580.83,1410.4144,8.386507
80.6,20662.5,2222.4712,10.153242
-13.95,20104.83,-384.65848,-2.983914
7869.3496,27573.78,216990.11,815.00256
66.65,21612.541,1837.8129,7.8174562
7.75,13065.66,213.69916,0.69597447
13475.699,21783.06,371580.1,1767.811
635.5,10365.18,17523.332,174.30235
72.85,12997.8,2008.7721,15.025393
45855.2,63426.48,1264415.1,2066.126
82.149994,11620.59,2265.211,19.212887
40896.75,59422.742,1127690.5,1966.8188
9323.25,42342.03,257080.1,628.5709
94.549995,16463.01,2607.1296,15.421062
-4.6499996,12024.2705,-128.21948,-2.1057148
38.75,17961.15,1068.4958,5.168599
409.19998,11701.5,11283.315,98.98689
21.699999,11778.061,598.3576,4.267868
62243.348,64842.84,1716303.4,2743.6052
97.649994,19004.28,2692.6094,13.691625
-12.4,8772.21,-341.91864,-5.0416775
12.4,8807.01,341.91864,3.0257072
120.899994,32946.03,3333.7068,9.492335
29414.35,43795.8,811073.8,1919.3296
65.1,19161.75,1795.0729,8.713926
103.85,8966.22,2863.5686,32.116627
55.8,7596.84,1538.6339,20.001495
156.54999,11631.03,4316.7227,37.48432
9072.149,27587.7,250156.22,939.2508
24.8,12976.92,683.8373,4.464231
1785.6,19902.99,49236.285,255.51624
23877.75,35295.03,658407.1,1933.3224
15819.3,26069.55,436202.72,1734.0128
482.05,16646.58,13292.088,81.79728
6.2,19238.31,170.95932,-0.07854587
19475.75,31915.08,537026.0,1743.8064
308.44998,28411.59,8505.227,30.041182
9709.199,9719.64,267722.28,2855.158
21230.35,30553.53,585407.5,1985.7571
32184.2,22344.21,887449.9,4117.3823
7988.6997,16269.0,220281.1,1402.9907
-21.699999,6318.81,-598.3576,-10.819139
86.799995,24936.81,2393.4304,8.952398
57.35,16756.2,1581.3738,8.786038
31.0,9703.11,854.79663,8.134814
13509.8,22919.28,372520.38,1684.3766
0.0,9911.04,0.0,-1.0
50125.45,102522.54,1382163.4,1396.938
4048.5999,21859.621,111636.44,528.5552
20597.95,50540.91,567969.6,1164.279
48.05,13295.34,1324.9348,9.333393
82.149994,17547.9,2265.211,12.385401
42175.5,34454.61,1162950.9,3498.9504
32246.2,29738.34,889159.44,3099.3506
41.85,7109.64,1153.9755,15.830492
7517.5,15082.32,207288.19,1424.1293
10938.35,14927.46,301615.0,2094.149
25092.95,38044.23,691915.1,1884.8707
3423.95,16160.25,94412.29,604.7987
1743.75,13664.22,48082.312,363.8786
522.35,12370.53,14403.322,119.73196
111.6,9431.67,3077.2678,32.831757
57447.65,57594.87,1584066.4,2850.9207
48.05,15040.561,1324.9348,8.134365
9775.85,25764.18,269560.12,1083.8938
88.35,35338.53,2436.1704,6.1483703
4606.6,11942.49,127022.78,1101.8961
64252.15,52795.95,1771694.2,3478.6538
300.69998,58899.0,8291.527,13.597366
37.199997,16517.82,1025.7559,5.439307
27774.45,30080.25,765855.0,2639.0552
-20.15,8982.75,-555.6178,-7.4137897
31013.95,36104.13,855181.25,2455.1177
5116.55,11057.7,141084.19,1322.0048
24641.898,53290.11,679477.8,1321.1373
58.899998,28607.34,1624.1135,4.886902
7726.75,14969.22,213058.06,1474.8651
32126.85,33615.93,885868.5,2731.5745
13957.75,29644.38,384872.2,1345.2386
18.599998,16904.97,512.8779,2.1459186
74.399994,13326.66,2051.5117,14.962487
105.399994,25419.66,2906.3083,10.855499
65.1,10728.84,1795.0729,16.34911
55835.65,69860.13,1539616.9,2284.2366
43.399998,15797.46,1196.7152,6.8550944
13040.149,29991.51,359570.2,1242.1777
12821.6,9717.9,353543.88,3771.4087
13.95,22407.72,384.65848,0.7800226
10.849999,18717.18,299.1788,0.65744174
38816.65,36548.7,1070333.6,3035.6526
8768.35,42615.21,241779.22,587.3045
35657.75,38127.75,983229.8,2673.0022
76343.695,91828.5,2105107.5,2376.0847
24372.2,49376.85,672041.1,1410.3032
1.55,14716.92,42.73983,-0.69886327
-7.75,15500.79,-213.69916,-2.4295418
16067.3,25316.13,443041.1,1813.657
68.2,17359.11,1880.5525,10.233262
15.5,18577.98,427.39832,1.385515
5750.5,12251.34,158564.78,1341.0571
32.55,15595.62,897.53644,4.9675674
19246.35,39265.71,530700.5,1400.4703
7822.8496,27584.22,215707.92,809.8738
69540.75,22559.1,1917522.6,8812.869
18.599998,7234.92,512.8779,6.350691
65.1,13377.12,1795.0729,12.914492
120.899994,10331.25,3333.7068,32.45973
24.8,12965.61,683.8373,4.468997
4761.5996,7130.52,131296.75,1908.3286
19131.648,21716.94,527537.7,2517.8525
38.75,13608.54,1068.4958,7.141589
9.299999,7564.65,256.43896,2.5151434
49.6,13137.87,1367.6746,9.794579
34.1,21372.42,940.27625,3.5619411
15338.8,29327.7,422953.38,1494.4172
88.35,17985.51,2436.1704,13.045357
34875.0,44406.54,961646.25,2244.5168
7.75,7413.27,213.69916,1.9891031
11032.899,13607.67,304222.1,2317.2212
12558.1,5811.6,346278.1,6177.4165
49.6,21442.89,1367.6746,5.6137433
82.149994,11159.49,2265.211,20.048065
164.29999,31622.76,4530.422,13.855482
26376.35,30904.14,727303.7,2439.3213
55.8,8392.0205,1538.6339,18.01151
139.5,24489.63,3846.585,15.286997
21.699999,11209.95,598.3576,4.534839
-1.55,8613.0,-42.73983,-1.5145483
12418.6,29851.44,342431.53,1188.4778
196.84999,18762.42,5427.9585,28.998224
38.75,18989.49,1068.4958,4.834551
100.75,29923.65,2778.089,8.626745
7244.6997,7558.56,199765.97,2739.5032
-4.6499996,13579.83,-128.21948,-1.9790561
34.1,9219.39,940.27625,9.575507
8374.649,17665.35,230923.3,1354.4808
153.45,28520.34,4231.243,14.383713
105.399994,19753.35,2906.3083,14.256286
63.55,24379.14,1752.3331,6.453258
51.149998,22626.09,1410.4144,5.4637585
7.75,9327.2705,213.69916,1.3757248
161.2,8989.71,4444.9424,50.27059
37409.25,35134.95,1031525.9,3043.3086
20832.0,43710.54,574423.3,1361.6797
14587.05,23482.17,402224.56,1775.1443
42328.95,22621.74,1167182.0,5349.082
8587.0,14624.7,236778.67,1677.8175
37832.4,38001.6,1043193.75,2845.4983
46025.7,54278.43,1269116.5,2423.4995
141.05,24325.2,3889.3247,15.579281
58.899998,6573.72,1624.1135,24.618462
54.25,16837.11,1495.8942,8.212579
71.299995,19423.62,1966.0321,9.4956255
125.549995,5900.34,3461.9263,59.83992
34.1,9008.85,940.27625,9.8226595
19734.6,33613.32,544163.56,1677.6724
-18.599998,9235.05,-512.8779,-6.758676
13714.399,20390.19,378162.03,1922.1119
13275.75,22978.44,366066.66,1650.9144
80.6,16943.25,2222.4712,12.601516
-12.4,8938.38,-341.91864,-4.9665403
14391.75,13131.78,396839.34,3132.567
32520.549,43854.96,896724.4,2119.2551
3.1,11088.15,85.47966,-0.20062315
25905.148,28115.791,714310.75,2633.4185
49998.348,75684.78,1378658.8,1887.8441
-12.4,14822.19,-341.91864,-3.391984
55.8,8733.06,1538.6339,17.269083
6206.1997,10738.41,171130.28,1651.4745
19903.549,21501.18,548822.1,2645.7761
36186.3,29690.49,997804.1,3483.7834
578.14996,72514.5,15941.956,21.796314
17488.65,29304.21,482233.53,1705.378
1894.1,17132.91,52228.074,315.09726
44.949997,16415.16,1239.4551,6.8294916
65.1,19869.93,1795.0729,8.367714
22096.799,22037.1,609299.0,2865.9749
11203.399,10648.8,308923.5,3007.1409
3154.25,17964.63,86975.555,501.02664
43575.15,81539.01,1201544.9,1526.9968
9920.0,24134.67,273534.94,1174.2203
41.85,15773.97,1153.9755,6.585836
105.399994,8760.03,2906.3083,33.40202
93.0,14577.72,2564.39,17.240734
63.55,19461.9,1752.3331,8.336397
40.3,11968.59,1111.2356,8.627445
80.6,17506.14,2222.4712,12.164174
26.349998,8313.72,726.5771,8.062211
69.75,10620.96,1923.2925,17.77714
20.15,15488.61,555.6178,2.719731
17.05,6967.83,470.13812,5.996419
21.699999,8262.39,598.3576,6.5093613
162.75,25621.5,4487.682,17.162073
66.65,8403.33,1837.8129,21.677633
62.0,18104.7,1709.5933,8.791503
130.2,15037.95,3590.1458,23.755478
471.19998,29351.19,12992.908,44.901676
15320.199,24781.95,422440.47,1766.5753
74.399994,17750.61,2051.5117,10.984188
15641.05,24827.19,431287.62,1800.3052
21414.799,49530.84,590493.5,1235.1959
106.95,24366.09,2949.0483,11.550006
12381.399,31131.21,341405.75,1136.163
54.25,13527.63,1495.8942,10.466398
40.3,9544.7705,1111.2356,11.072259
23.25,10864.561,641.0975,5.1187086
43.399998,15886.2,1196.7152,6.8112164
4271.8,13837.35,117790.97,881.68744
10034.699,15515.58,276697.66,1848.2062
62.0,13970.46,1709.5933,11.689075
13164.149,23530.02,362989.38,1598.6299
24700.799,34068.332,681101.94,2072.0469
13250.949,31570.56,365382.8,1199.0896
35415.95,27946.14,976562.4,3622.4814
128000.55,102686.1,3529498.0,3563.094
11604.85,23185.5,319993.12,1430.1068
13.95,15991.47,384.65848,1.4942203
10925.949,20197.92,301273.06,1545.6838
7.75,22193.7,213.69916,-0.0015622377
75.95,21336.75,2094.2517,9.177673
10126.149,25455.33,279219.3,1136.4037
38.75,17303.43,1068.4958,5.4030743
96.1,18187.35,2649.8696,14.107861
57.35,19740.3,1581.3738,7.3067026
10769.399,19227.0,296956.34,1600.5074
14033.699,24548.791,386966.4,1633.523
32.55,16771.86,897.53644,4.549052
105.399994,15647.82,2906.3083,18.259089
25249.5,95137.11,696231.9,757.84283
23347.648,14893.53,643790.06,4481.2334
7886.4,8081.43,217460.27,2789.2273
52425.65,29921.041,1445589.2,5008.7505
49.6,10892.4,1367.6746,12.019883
29682.5,59669.82,818467.8,1421.3116
20.15,8082.3,555.6178,6.1283507
68.2,14895.2705,1880.5525,12.091366
7.75,9698.76,213.69916,1.2847278
14427.399,42443.82,397822.34,970.9022
824.6,15954.061,22737.59,146.78185
-29.449999,13295.34,-812.05676,-7.3333693
39858.25,46086.51,1099054.8,2471.825
28843.95,18629.31,795345.5,4425.9736
-17.05,12278.311,-470.13812,-4.9704046
43.399998,15331.14,1196.7152,7.09402
58.899998,22536.48,1624.1135,6.4727106
23.25,13435.41,641.0975,3.9479012
89.899994,8517.3,2478.9102,29.179132
1807.2999,16428.21,49834.64,313.54947
63.55,20687.73,1752.3331,7.7831783
20435.2,27125.73,563481.94,2153.0037
49.6,14170.561,1367.6746,9.0079155
26.349998,28746.541,726.5771,1.620861
21600.799,79637.19,595622.25,774.53766
-49.6,12398.37,-1367.6746,-12.43842
52166.797,85178.22,1438451.8,1750.1149
37.199997,10386.93,1025.7559,9.240111
80.6,24132.93,2222.4712,8.549354
-15.5,9489.96,-427.39832,-5.669994
54688.65,45884.67,1507989.5,3406.835
5635.8,14819.58,155402.03,1086.3483
65881.195,41480.73,1816613.8,4540.1313
21.699999,16242.9,598.3576,2.8198392
7.75,15753.09,213.69916,0.40664637
8602.5,13340.58,237206.06,1842.7368
31.0,10761.03,854.79663,7.236768
33241.3,50917.62,916598.44,1865.6328
42277.797,91153.38,1165771.6,1325.1376
7364.05,27383.25,203056.94,767.91925
12.4,23142.0,341.91864,0.5320388
15.5,20291.01,427.39832,1.1841226
13165.699,29722.68,363032.12,1265.4994
41.85,15686.97,1153.9755,6.627907
13029.3,22840.11,359271.03,1630.0674
-1.55,20181.39,-42.73983,-1.2195987
40.3,11877.24,1111.2356,8.701491
-20.15,19829.041,-555.6178,-3.9055095
45525.047,39423.18,1255311.5,3300.777
12.4,15091.89,341.91864,1.3492382
50788.848,55577.34,1400456.0,2611.8809
60.449997,13174.41,1666.8534,12.119404
25203.0,46715.52,694949.7,1541.5529
46.5,15647.82,1282.195,7.4966564
62.0,17353.02,1709.5933,9.215641
63.55,15582.57,1752.3331,10.660723
34.1,23725.77,940.27625,3.1094437
12679.0,23978.07,349611.8,1510.8884
37.199997,10055.46,1025.7559,9.577668
3616.15,7676.88,99712.02,1345.8234
17590.95,28582.98,485054.34,1758.6682
20.15,7313.22,555.6178,6.877989
11297.949,25937.31,311530.62,1244.4425
20765.35,34474.62,572585.5,1721.2203
106.95,29218.95,2949.0483,9.465625
9233.35,21315.0,254601.17,1237.5768
23.25,13408.44,641.0975,3.9578533
96.1,24020.7,2649.8696,10.438965
39424.25,31337.4,1087087.6,3596.075
13.95,19580.22,384.65848,1.0370684
1213.6499,24012.0,33465.285,143.51538
27.9,19641.12,769.31696,3.0615048
6294.55,16095.0,173566.45,1117.2083
32670.898,60336.242,900870.1,1547.2169
15320.199,51229.082,422440.47,854.0604
127.1,27165.75,3504.6663,12.377435
6404.5996,15878.37,176600.97,1152.2808
193.75,10194.66,5342.479,53.339787
6902.15,22058.85,190320.47,893.6446
55.8,11763.2705,1538.6339,12.56298
9503.05,27550.291,262037.9,985.24725
40.3,16264.65,1111.2356,6.0845013
34.1,10795.83,940.27625,8.031239
-17.05,12078.21,-470.13812,-5.0361824
63.55,17585.31,1752.3331,9.332717
58.899998,18986.88,1624.1135,7.869735
69.75,15072.75,1923.2925,12.231246
19922.148,26006.91,549335.0,2189.2637
581.25,24455.7,16027.4375,66.956635
24376.85,28347.21,672169.3,2457.7605
54.25,10701.87,1495.8942,13.494027
27002.549,51882.45,744570.56,1487.104
110.049995,11239.53,3034.5278,26.995668
527.0,23233.35,14531.543,63.855644
12246.55,27565.95,337687.4,1269.2517
11502.55,11652.78,317172.28,2821.3674
24.8,10289.49,683.8373,5.8913894
15552.699,40138.32,428851.47,1106.8873
53037.9,38384.4,1462471.5,3949.759
41.85,18850.291,1153.9755,5.347846
4.6499996,9315.09,128.21948,0.42729867
2008.7999,11350.0205,55390.82,505.04486
9253.5,24660.15,255156.8,1071.9001
13771.75,24757.59,379743.4,1589.4856
24.8,11335.23,683.8373,5.255619
10144.75,20967.0,279732.2,1382.4199
7512.8496,23028.9,207159.95,931.7827
41.85,12995.19,1153.9755,8.207926
35.649998,24848.94,983.01605,3.102047
15239.6,16034.1,420218.03,2716.553
91.45,19582.83,2521.65,12.352335
58.899998,13110.03,1624.1135,11.845782
20566.95,33371.46,567114.8,1761.1531
119.35,20231.85,3290.967,15.86692
55.8,14504.64,1538.6339,9.999583
148.79999,21617.76,4103.0234,18.680729
11336.699,25291.77,312599.12,1280.6116
74.399994,20284.05,2051.5117,9.487384
-35.649998,16318.59,-983.01605,-7.2463436
106.95,19556.73,2949.0483,14.636283
51.149998,16107.18,1410.4144,8.079776
38.75,24058.11,1068.4958,3.6053138
49.6,16532.61,1367.6746,7.578063
18.599998,13929.57,512.8779,2.8178966
58.899998,9961.5,1624.1135,15.905949
141.05,19999.56,3889.3247,19.165157
72.85,8720.01,2008.7721,22.887
46.5,25257.84,1282.195,4.263877
31.0,9518.67,854.79663,8.311816
4933.65,20726.88,136040.89,679.5866
10.849999,9128.04,299.1788,2.3986084
9200.8,10481.76,253703.64,2508.8074
91.45,23652.69,2521.65,10.0548315
-13.95,4319.55,-384.65848,-10.23389
-15.5,11047.26,-427.39832,-5.0116787
26.349998,19956.93,726.5771,2.7751644
3960.25,49232.43,109200.27,228.99603
3298.4,60068.28,90950.36,156.00269
-31.0,18464.01,-854.79663,-5.80048
49610.848,43019.76,1367973.8,3296.2937
-20.15,22533.0,-555.6178,-3.5568485
74.399994,21818.73,2051.5117,8.749725
-4.6499996,9262.0205,-128.21948,-2.4354768
16082.8,19571.52,443468.5,2348.5576
40.3,13203.99,1111.2356,7.726676
-13.95,9509.1,-384.65848,-5.194535
24.8,14029.62,683.8373,4.054227
1.55,12048.63,42.73983,-0.63217354
83.7,16343.82,2307.951,13.64269
10034.699,21322.83,276697.66,1344.5768
43.399998,11994.69,1196.7152,9.345456
26.349998,11062.92,726.5771,5.8101993
8348.3,18845.07,230196.73,1265.6285
5314.9497,22170.21,146554.88,684.45404
71.299995,25906.86,1966.0321,6.869076
29.449999,11171.67,812.05676,6.5373063
24.8,10018.92,683.8373,6.077498
19406.0,35716.11,535102.7,1552.5343
486.69998,39881.67,13420.307,33.89289
43573.598,34792.17,1201502.1,3579.8892
29.449999,35515.14,812.05676,1.3709409
138771.5,130303.38,3826497.2,3044.0442
37.199997,8092.74,1025.7559,12.143054
10670.199,9376.86,294220.97,3252.5994
91.45,20337.99,2521.65,11.856556
7988.6997,15946.23,220281.1,1431.409
11053.05,44700.6,304777.75,705.9973
75805.85,49649.16,2090277.0,4364.558
72.85,22547.791,2008.7721,8.237927
32.55,15574.74,897.53644,4.975568
33207.2,27971.371,915658.1,3393.4348
23792.5,49816.2,656056.44,1364.5842
17063.95,33251.4,470522.78,1466.299
7421.4,15278.07,204638.31,1387.885
68.2,20521.56,1880.5525,8.502173
12031.1,25646.73,331746.56,1340.2888
6274.4,11363.94,173010.84,1577.6732
21306.299,27426.75,587501.7,2220.1743
895.89996,7622.07,24703.621,335.0745
26.349998,13115.25,726.5771,4.74451
31.0,13221.39,854.79663,5.7039933
100.75,8525.13,2778.089,32.79038
89.899994,29466.9,2478.9102,7.7231674
2028.95,10301.67,55946.438,562.1352
21.699999,15274.59,598.3576,3.0619926
323.94998,11680.62,8932.624,78.29778
10690.35,14364.57,294776.62,2126.8857
-4.6499996,9779.67,-128.21948,-2.3594952
27.9,18387.45,769.31696,3.3384209
124.0,24441.78,3419.1865,13.5056715
71.299995,19748.13,1966.0321,9.323156
102.299995,13461.51,2820.8289,20.728554
35.649998,32767.68,983.01605,2.1107333
82.149994,28471.621,2265.211,7.249818
49.6,15951.45,1367.6746,7.890588
15244.25,27955.71,420346.25,1558.138
22386.648,32269.17,617291.4,1982.5825
4.6499996,9529.98,128.21948,0.39511466
31.0,14962.26,854.79663,4.923979
13.95,10016.31,384.65848,2.98213
38.75,13661.61,1068.4958,7.1099625
6.2,14474.19,170.95932,0.22474694
0.0,18911.19,0.0,-1.0
-27.9,16997.19,-769.31696,-5.6932755
106971.695,126897.33,2949646.8,2409.2683
20.15,14235.811,555.6178,3.0470805
117.799995,20861.73,3248.227,15.145218
7.75,6832.11,213.69916,2.243365
6973.4497,11912.91,192286.5,1672.7046
119.35,57323.43,3290.967,4.953046
-12.4,14894.4,-341.91864,-3.3803873
1010.6,9336.84,27866.37,308.477
21162.148,27041.34,583526.9,2236.59
13.95,15093.63,384.65848,1.6425881
22061.148,28743.93,608316.0,2193.4768
64898.496,25871.19,1789516.6,7171.445
75.95,8521.65,2094.2517,24.483145
3963.3499,10000.65,109285.75,1132.1389
26159.35,42998.01,721320.1,1738.5125
17.05,20951.34,470.13812,1.3268132
370.44998,7277.55,10214.819,144.54369
54.25,11985.12,1495.8942,11.942147
66668.6,91898.97,1838325.8,2073.2434
52.699997,14771.73,1453.1542,9.200658
38.75,11722.38,1068.4958,8.451591
131.75,25011.63,3632.8857,14.061132
13932.949,10204.23,384188.34,3903.018
13.95,18991.23,384.65848,1.1002457
58.899998,13164.84,1624.1135,11.792301
68.2,14467.23,1880.5525,12.478699
65.1,24761.07,1795.0729,6.5172772
41.85,19121.73,1153.9755,5.257736
79.049995,13408.44,2179.7312,15.856701
93.0,19894.291,2564.39,12.366062
195.29999,12573.24,5385.2188,43.412376
213.9,7374.99,5898.0967,81.92745
66.65,11263.0205,1837.8129,15.919764
30755.1,36480.84,848043.75,2409.4678
3.1,8802.66,85.47966,0.006924033
21783.7,22787.041,600665.56,2732.3337
54.25,22793.13,1495.8942,5.805261
79.049995,15389.43,2179.7312,13.686837
40.3,20880.0,1111.2356,4.518532
110.049995,24815.88,3034.5278,11.67971
680.44995,5939.49,18762.785,326.5639
15554.25,25735.47,428894.22,1727.0884
57.35,20266.65,1581.3738,7.090967
2759.0,10060.68,76076.9,783.10345
1173.35,11433.54,32354.053,292.42413
23990.898,25792.02,661527.06,2658.5623
109423.8,139170.42,3017261.0,2247.0906
282.1,12473.19,7778.6494,63.66578
117.799995,28264.56,3248.227,10.916591
0.0,11204.73,0.0,-1.0
82.149994,12202.62,2265.211,18.24879
18362.85,19542.81,506338.78,2685.594
69.75,23668.35,1923.2925,7.426073
29339.95,67274.49,809022.25,1245.9755
44015.348,83903.67,1213683.0,1498.9342
51.149998,24406.11,1410.4144,4.992335
57.35,21018.33,1581.3738,6.8016095
9698.35,19568.041,267423.12,1416.0967
29.449999,13053.48,812.05676,5.450716
-10.849999,25739.82,-299.1788,-2.2052388
74.399994,36157.2,2051.5117,4.883383
19875.648,68993.61,548052.8,822.6855
79.049995,12775.08,2179.7312,16.692417
58904.65,80932.62,1624241.8,2080.014
54.25,9623.94,1495.8942,15.11743
1246.2,8978.4,34362.824,395.8604
102.299995,26355.78,2820.8289,10.098104
8932.649,18584.07,246309.64,1373.3219
528.55,24955.95,14574.282,59.556526
20.15,15488.61,555.6178,2.719731
31.0,10486.11,854.79663,7.452715
-15.5,14384.58,-427.39832,-4.080942
3299.95,16443.0,90993.1,572.81946
106.95,17286.03,2949.0483,16.690273
-27.9,14622.96,-769.31696,-6.455291
703.69995,14616.0,19403.883,136.66006
32.55,12762.9,897.53644,6.292066
65.1,18335.25,1795.0729,9.151801
6331.75,22926.24,174592.22,788.6596
47594.297,62191.082,1312369.2,2187.1436
51.149998,13759.92,1410.4144,9.628665
12965.75,22684.38,357518.7,1633.2545
12.4,14723.01,341.91864,1.4080975
20269.35,53716.41,558908.75,1077.9015
71.299995,17401.74,1966.0321,10.715095
18066.799,24432.21,498175.44,2113.304
26089.6,46933.89,719396.8,1588.3877
17.05,9502.14,470.13812,4.130409
61045.2,19441.02,1683265.5,8977.038
46.5,8207.58,1282.195,15.198948
24.8,19005.15,683.8373,2.731035
22673.398,33535.89,625198.25,1932.1066
7.75,11733.69,213.69916,0.8884959
2734.2,21619.5,75393.06,360.60434
18418.65,59454.93,507877.44,884.76587
72.85,18591.03,2008.7721,10.204052
133.3,10634.01,3675.6257,34.841164
27.9,17524.41,769.31696,3.5520787
77.5,9497.79,2136.9917,22.33072
17745.95,30905.01,489328.3,1640.7965
62.0,14204.49,1709.5933,11.480013
62.0,27699.06,1709.5933,5.399936
68.2,4892.88,1880.5525,38.85371
-12.4,17724.51,-341.91864,-3.000306
-4.6499996,13444.11,-128.21948,-1.9889398
3971.0999,15060.57,109499.445,752.908
39680.0,83194.62,1094139.8,1362.7208
35.649998,11892.03,983.01605,7.571414
31.0,12099.09,854.79663,6.325849
49.6,10764.51,1367.6746,12.174568
248.0,11240.4,6838.373,62.083954
25533.148,51280.41,704053.2,1422.6455
37.199997,11242.14,1025.7559,8.461128
44.949997,25944.27,1239.4551,3.953786
37.199997,7143.57,1025.7559,13.8893795
9472.05,18156.9,261183.11,1490.5961
9.299999,12241.7705,256.43896,1.1721392
35.649998,19427.1,983.01605,4.246873
31.0,19206.12,854.79663,3.614993
6878.9,22192.83,189679.38,885.24805
6291.4497,15484.26,173480.97,1160.7408
32.55,9033.21,897.53644,9.302861
22564.898,50027.61,622206.44,1288.6522
454.15,26467.14,12522.7705,48.06155
38.75,22856.64,1068.4958,3.847394
39714.098,34179.69,1095079.9,3321.1982
131.75,21436.8,3632.8857,16.572746
22733.85,79940.82,626865.1,812.1176
9524.75,7062.66,262636.28,3854.9758
58.899998,17629.68,1624.1135,8.552561
-31.0,10702.74,-854.79663,-9.281628
12359.699,27324.96,340807.4,1292.2943
43.399998,10602.69,1196.7152,10.703685
948.6,3469.56,26156.777,780.7316
261.94998,10926.33,7223.0312,67.54772
85.25,15573.0,2350.6907,14.652045
58.899998,19694.19,1624.1135,7.551182
19274.25,26896.05,531469.8,2047.9812
85.25,11205.6,2350.6907,20.752455
144.15,29558.25,3974.8042,12.94392
28403.75,20679.9,783207.44,3926.1387
5197.15,9013.2,143306.66,1647.6757
24765.898,40133.1,682897.0,1763.4135
106.95,25493.61,2949.0483,10.99495
28981.898,68619.51,799149.3,1206.6143
2014.9999,8853.99,55561.777,649.70624
11553.699,5186.94,318582.7,6367.818
52.699997,14993.58,1453.1542,9.0497265
55.8,19421.88,1538.6339,7.2147036
29.449999,7663.83,812.05676,9.987235
80.6,14870.04,2222.4712,14.497865
58.899998,14507.25,1624.1135,10.608582
48.05,16509.12,1324.9348,7.321823
17.05,13686.84,470.13812,2.561805
12059.0,34656.45,332515.9,993.8927
61744.25,76643.52,1702541.2,2302.4038
14738.949,18043.8,406413.03,2334.541
40.3,17431.32,1111.2356,5.610339
14077.1,21867.45,388163.16,1839.6196
41.85,15796.59,1153.9755,6.5749736
11651.35,24240.81,321275.3,1373.2891
93.0,17466.99,2564.39,14.223477
15.5,11825.91,427.39832,2.7475388
38.75,11216.91,1068.4958,8.87751
14601.0,23491.74,402609.22,1776.1185
147.25,26554.14,4060.284,14.855211
57.35,10324.29,1581.3738,14.882622
63.55,10192.05,1752.3331,16.828016
71.299995,34183.17,1966.0321,4.963842
7.75,20322.33,213.69916,0.090378284
49.6,16649.19,1367.6746,7.5179987
75.95,41348.49,2094.2517,4.251908
91.45,19300.95,2521.65,12.547339
10419.1,9156.75,287297.16,3252.4028
163083.25,127214.88,4496871.5,3664.3923
51.149998,9929.31,1410.4144,13.729078
66.65,16668.33,1837.8129,10.432918
21833.299,31287.81,602033.25,1994.2311
3625.45,31259.97,99968.47,330.606
3577.4,19486.26,98643.53,523.9138
35.649998,12019.05,983.01605,7.48083
7095.9,18470.97,195662.95,1097.4158
111.6,39799.02,3077.2678,7.0175333
40.3,20975.7,1111.2356,4.493354
20284.85,56209.832,559336.2,1030.8308
-12.4,13155.2705,-341.91864,-3.695075
71.299995,21029.64,1966.0321,8.69408
25451.0,30844.11,701788.06,2358.2917
94.549995,16533.48,2607.1296,15.351072
11660.649,29804.46,321531.75,1117.6404
100.75,24558.36,2778.089,10.729911
80.6,12307.89,2222.4712,17.724077
372.0,15613.0205,10257.56,67.124756
3089.15,10819.32,85180.484,815.3718
51.149998,18798.09,1410.4144,6.780023
57.35,25992.121,1581.3738,5.308712
1391.8999,9013.2,38380.367,440.54807
7229.1997,10082.43,199338.56,2049.095
4609.6997,13251.84,127108.25,993.5931
77.5,23610.06,2136.9917,8.385418
54.25,20408.46,1495.8942,6.6004357
72.85,26354.91,2008.7721,6.9034557
0.0,8809.62,0.0,-1.0
20.15,16466.49,555.6178,2.4988313
10206.75,36975.87,281441.78,788.2563
1368.6499,13946.1,37739.27,279.60062
32.55,27408.48,897.53644,2.3955882
130.2,18638.01,3590.1458,18.973787
58.899998,17881.11,1624.1135,8.4182415
16864.0,29660.91,465009.38,1624.6427
36800.098,35562.99,1014729.0,2957.6917
82.149994,19810.77,2265.211,10.856463
311.55,8433.78,8590.706,104.62202
12082.25,23558.73,333157.0,1465.3746
69.75,17396.52,1923.2925,10.463859
34.1,14139.24,940.27625,5.895683
8078.5996,12798.57,222760.0,1803.7773
35600.4,32170.86,981648.44,3163.0344
12286.85,26286.18,338798.62,1335.4788
86.799995,22586.94,2393.4304,9.987814
83.7,16617.0,2307.951,13.401968
4964.65,13518.93,136895.67,1049.0144
-23.25,18784.17,-641.0975,-4.538995
21.699999,15269.37,598.3576,3.0633812
17.05,15616.5,470.13812,2.121689
70811.75,47720.37,1952569.2,4241.7803
32.55,5453.16,897.53644,16.066786
12057.449,38919.45,332473.12,884.8042
110.049995,20163.12,3034.5278,14.605629
60.449997,18990.36,1666.8534,8.101482
41.85,13831.26,1153.9755,7.651327
15893.699,27481.56,438254.22,1652.6082
71055.1,62640.87,1959279.4,3242.295
34.1,16876.26,940.27625,4.7773294
31.0,12472.32,854.79663,6.106625
-26.349998,5883.81,-726.5771,-13.804745
5995.4,8919.24,165317.67,1920.9377
97.649994,8061.42,2692.6094,33.63456
75.95,20152.68,2094.2517,9.775661
27.9,15693.93,769.31696,4.083016
21.699999,9415.14,598.3576,5.589947
18.599998,16930.2,512.8779,2.1412306
80.6,18836.37,2222.4712,11.234517
13.95,31362.63,384.65848,0.2717762
40840.95,29749.65,1126151.9,3924.2107
2016.5499,18956.43,55604.52,303.15955
10.849999,11873.76,299.1788,1.6127055
12937.85,30455.22,356749.38,1213.6449
17.05,7960.5,470.13812,5.123969
62.0,18032.49,1709.5933,8.830712
65.1,10530.48,1795.0729,16.67591
5400.1997,25178.67,148905.56,612.2337
-69.75,8485.11,-1923.2925,-24.503672
19624.549,33129.6,541129.0,1692.6843
55.8,12571.5,1538.6339,11.691007
167.4,13932.18,4615.902,33.354637
10274.949,18900.75,283322.3,1553.3529
32.55,14861.34,897.53644,5.2624173
44.949997,14446.35,1239.4551,7.8965273
-21.699999,15585.18,-598.3576,-4.981043
35.649998,7446.33,983.01605,12.688827
68.2,18447.48,1880.5525,9.5705185
5855.9,31871.58,161471.08,524.33826
1835.2,84875.46,50603.96,60.82303
285.19998,22661.76,7864.1284,34.98362
40.3,16802.31,1111.2356,5.8578033
79.049995,10105.05,2179.7312,21.367239
13139.35,25719.81,362305.53,1459.6799
41454.75,25526.67,1143076.8,4642.325
15.5,12227.85,427.39832,2.624354
1009.05,37152.48,27823.63,76.65579
37.199997,25450.11,1025.7559,3.1792874
18.599998,4744.11,512.8779,10.210039
13568.699,30463.05,374144.47,1272.5436
27.9,14336.73,769.31696,4.564204
29.449999,17065.05,812.05676,3.9343128
2430.4,22817.49,67016.055,303.55017
96.1,40321.02,2649.8696,5.8146086
103.85,15472.95,2863.5686,18.190327
14297.199,21049.65,394232.2,1941.0262
6153.5,13952.19,169677.14,1260.0399
31506.85,27227.52,868772.56,3307.6123
51996.297,41209.29,1433750.4,3606.666
9101.6,9891.03,250968.28,2630.0261
62.0,7872.63,1709.5933,21.517534
44.949997,8552.97,1239.4551,14.026635
168.95,41958.36,4658.6416,10.513004
19492.799,14574.24,537496.1,3823.1707
223.2,13540.68,6154.5356,46.130573
18888.299,12427.08,520827.56,4344.83
20.15,17858.49,555.6178,2.226111
17897.85,23378.64,493516.84,2187.9236
6522.4,5598.45,179849.2,3330.1072
28492.1,26755.11,785643.56,3043.8557
1033.85,15507.75,28507.467,189.61528
13578.0,25158.66,374400.94,1542.1115
1780.95,16317.72,49108.066,311.06226
48.05,18959.041,1324.9348,6.246462
9.299999,10734.061,256.43896,1.4772387
8497.1,19936.05,234299.75,1217.6545
91.45,19815.12,2521.65,12.195807
30756.648,23804.94,848086.44,3693.2046
2630.3499,45735.9,72529.49,163.43918
-1.55,12964.74,-42.73983,-1.3418353
74.399994,18303.06,2051.5117,10.622463
30609.398,57074.61,844026.2,1532.4191
23546.049,43487.82,649260.75,1547.1014
51.149998,13092.63,1410.4144,10.170374
63.55,11898.99,1752.3331,14.270542
-18.599998,9476.04,-512.8779,-6.612224
41.85,16707.48,1153.9755,6.161986
753.3,31629.72,20771.559,67.096
54.25,18994.71,1495.8942,7.1661263
63.55,6487.59,1752.3331,27.00794
16338.55,40727.31,450520.56,1146.0353
5161.5,11597.97,142323.64,1271.4565
13725.25,24558.36,378461.22,1596.9747
41.85,11769.36,1153.9755,9.166971
49951.848,39984.332,1377376.5,3570.994
9746.399,26716.83,268748.06,1042.0576
49.6,21607.32,1367.6746,5.563413
14010.449,24527.91,386325.3,1632.2042
12441.85,17581.83,343072.62,2022.3446
15255.1,21209.73,420645.4,2055.5007
17.05,10990.71,470.13812,3.4355512
523.89996,11805.03,14446.0625,125.89084
9.299999,17939.4,256.43896,0.48225856
-35.649998,10699.26,-983.01605,-10.526969
51367.0,74604.24,1416398.0,1967.6553
46.5,25986.9,1282.195,4.1161995
60541.45,76945.414,1669375.1,2248.6711
43207.797,53570.25,1191415.5,2305.1494
-34.1,19669.83,-940.27625,-5.9568152
9571.25,32742.45,263918.47,834.8079
51298.797,26284.44,1414517.4,5579.2983
6928.5,15378.99,191047.05,1287.132
7616.6997,17251.23,210023.53,1261.3965
28025.549,17527.89,772778.9,4570.6553
26.349998,13331.01,726.5771,4.6515365
401.44998,11931.18,11069.616,95.20487
54.25,12828.15,1495.8942,11.091625
105.399994,14422.86,2906.3083,19.894798
55.8,33657.69,1538.6339,3.740224
29366.299,34956.6,809748.8,2400.978
31.0,9436.89,854.79663,8.392513
44.949997,13760.79,1239.4551,8.339751
30046.75,65270.01,828511.6,1315.2332
24.8,11992.95,683.8373,4.912547
4361.6997,16068.03,120269.88,775.1437
15062.899,15114.51,415345.7,2848.4663
275.9,19145.22,7607.69,40.204086
84200.65,59521.92,2321755.8,4043.7107
136.4,20821.71,3761.105,17.730394
64585.4,48499.02,1780883.2,3806.5918
74.399994,12205.23,2051.5117,16.429138
38.75,10607.04,1068.4958,9.445435
68782.8,88529.46,1896622.8,2220.473
15.5,11276.07,427.39832,2.9302747
40713.848,34164.9,1122647.1,3406.305
24.8,10486.11,683.8373,5.762172
1026.1,17312.13,28293.768,168.46817
8680.0,23815.38,239343.06,1041.1042
344.09998,22757.46,9488.242,42.23245
17860.65,65598.87,492491.1,777.48444
54.25,14565.54,1495.8942,9.649326
9414.7,10005.0,259601.75,2689.5334
-3.1,6619.83,-85.47966,-2.3389482
17.05,12795.09,470.13812,2.8100443
12257.399,22971.48,337986.56,1524.662
49.6,22885.35,1367.6746,5.19688
1351.6,13943.49,37269.133,276.1569
25568.799,34942.68,705036.25,2091.1997
12026.449,32886.87,331618.34,1044.5958
8351.399,22479.06,230282.2,1061.2582
100.75,9435.15,2778.089,29.531294
-3.1,13116.12,-85.47966,-1.6757799
60.449997,17299.95,1666.8534,8.990805
39971.4,54500.28,1102174.8,2096.0056
63.55,10995.061,1752.3331,15.525969
49.6,8649.54,1367.6746,15.39599
83138.9,76451.25,2292479.0,3108.3433
68.2,19047.78,1880.5525,9.237384
49.6,9876.24,1367.6746,13.35949
57.35,11497.92,1581.3738,13.261433
10177.3,24554.01,280629.72,1184.1112
12741.0,29545.2,351321.4,1232.0071
274.35,9767.49,7564.9507,79.31025
20148.45,38567.1,555575.06,1492.7352
8352.95,26109.57,230324.95,913.72205
49.6,17402.61,1367.6746,7.1492243
21560.5,44983.35,594511.06,1369.4274
13571.8,15613.0205,374229.97,2484.4185
63.55,10426.95,1752.3331,16.426382
35.649998,6643.32,983.01605,14.34346
4606.6,7381.08,127022.78,1783.4713
11866.8,19758.57,327216.16,1716.2246
46.5,13003.89,1282.195,9.224184
137.95,11845.92,3803.845,32.296753
80.6,12507.12,2222.4712,17.425816
71.299995,15544.29,1966.0321,12.114979
42288.65,48532.95,1166070.8,2490.3577
14828.85,31764.57,408891.97,1333.7916
8853.6,8478.15,244129.9,2984.8484
243.34999,6729.45,6710.1533,102.39529
63432.2,70437.81,1749084.9,2573.856
6886.65,30926.76,189893.08,635.682
82.149994,8081.43,2265.211,28.064863
91.45,17503.53,2521.65,13.938502
12496.1,37069.832,344568.53,962.83545
12262.05,33216.6,338114.8,1054.4967
23.25,8938.38,641.0975,6.437263
15827.05,51758.91,436416.4,873.30676
406.09998,28207.14,11197.835,40.164505
61598.547,89497.77,1698523.6,1966.9191
63689.496,96361.2,1756179.6,1888.7946
-29.449999,11952.93,-812.05676,-8.044659
3681.25,28441.17,101507.1,369.08105
11744.35,23767.53,323839.7,1411.843
27338.898,46395.36,753845.1,1683.8276
24.8,7305.39,683.8373,8.706379
14932.699,28683.9,411755.53,1487.501
8805.55,11925.96,242804.98,2110.1162
51.149998,9016.68,1410.4144,15.2198925
15.5,14717.79,427.39832,2.0111895
44.949997,26577.63,1239.4551,3.835734
21.699999,7510.71,598.3576,7.260906
12899.1,32887.74,355680.88,1120.4357
54.25,19970.85,1495.8942,6.7669806
-3.1,7630.77,-85.47966,-2.1615617
8108.05,9824.91,223572.06,2358.5916
75029.3,39185.67,2068864.2,5473.6025
55.8,7861.32,1538.6339,19.294937
15706.149,29272.02,433082.7,1533.1436
38.75,25484.91,1068.4958,3.3474803
26.349998,17031.12,726.5771,3.4237075
69.75,18156.03,1923.2925,9.984299
21844.148,34806.96,602332.44,1793.3948
65406.9,71041.59,1803535.4,2631.4482
-6.2,9421.23,-170.95932,-2.8816247
21.699999,9829.26,598.3576,5.3123035
29484.1,31503.57,812997.06,2674.9443
57.35,9357.72,1581.3738,16.523157
32.55,12611.5205,897.53644,6.3795953
43.399998,19548.03,1196.7152,5.3479824
32314.398,42891.87,891040.0,2153.1208
13466.399,24962.041,371323.66,1541.4832
41017.65,19080.84,1131024.1,6145.4204
34.1,17185.98,940.27625,4.673212
13.95,18064.68,384.65848,1.2079687
15571.3,25040.34,429364.34,1777.0077
63.55,23008.02,1752.3331,6.8974214
8816.399,20738.19,243104.16,1214.5405
89755.84,96639.6,2474935.2,2654.563
16693.5,30341.25,460308.0,1572.1239
198.4,20605.95,5470.698,26.529482
35.649998,11538.811,983.01605,7.8337984
27.9,8516.43,769.31696,8.366894
52.699997,9587.4,1453.1542,14.716604
-15.5,16068.9,-427.39832,-3.7580018
9120.2,4426.56,251481.17,5889.9727
12.4,16363.83,341.91864,1.1666348
72.85,6584.16,2008.7721,30.635752
10995.699,18200.4,303196.34,1726.392
103.85,32623.26,2863.5686,8.101817
37.199997,12625.44,1025.7559,7.4245234
115826.84,97656.63,3193819.2,3390.224
62785.848,42340.29,1731262.4,4238.913
41.85,22051.89,1153.9755,4.426235
12827.8,8149.29,353714.84,4499.714
20.15,10955.91,555.6178,4.2586656
68.2,17412.18,1880.5525,10.199024
2087.8499,19095.63,57570.55,311.6182
9504.6,28335.9,262080.64,958.0601
10743.05,50807.13,296229.78,603.57745
44.949997,16081.95,1239.4551,6.991714
17133.7,18959.041,472446.1,2582.948
18.599998,8518.17,512.8779,5.24332
6130.25,18403.98,169036.03,951.39124
1539.1499,12427.08,42440.652,353.12848
917.6,11175.15,25301.98,233.77348
24.8,14961.39,683.8373,3.739458
43.399998,20930.46,1196.7152,4.9287057
6.2,16477.8,170.95932,0.0758245
111.6,12516.69,3077.2678,24.49316
17.05,12008.61,470.13812,3.059575
61206.4,34941.81,1687710.5,5007.4165
412.3,30804.96,11368.795,37.268517
6020.1997,16625.7,166001.5,1034.3328
18203.2,23601.36,501936.56,2204.2595
57.35,21021.81,1581.3738,6.800318
44.949997,9737.04,1239.4551,12.199325
-6.2,8043.15,-170.95932,-3.2040148
9451.899,11433.54,260627.48,2362.6729
8188.65,14452.44,225794.53,1619.019
15.5,9746.61,427.39832,3.5470223
21958.85,29891.46,605495.2,2099.4456
10293.55,22037.1,283835.22,1334.5487
0.0,10001.5205,0.0,-1.0
18.599998,6838.2,512.8779,6.777143
5829.55,15154.53,160744.5,1098.8704
179.79999,10974.18,4957.8203,45.84536
38233.848,34326.72,1054263.4,3183.672
62.0,16997.19,1709.5933,9.429502
57.35,14629.92,1581.3738,10.208319
32319.049,49697.88,891168.2,1858.3866
17.05,8783.5205,470.13812,4.5501504
31.0,12815.1,854.79663,5.916537
224610.5,117877.17,6193429.0,5447.1533
18003.25,42774.42,496423.16,1202.416
7.75,17854.14,213.69916,0.24111414
8357.6,20172.69,230453.16,1183.5864
37210.848,34518.99,1026055.06,3081.1978
23234.5,20344.95,640670.06,3264.3196
21690.7,43386.9,598101.2,1428.4335
5262.25,26001.69,145101.73,577.65393
294.5,11326.53,8120.568,73.34254
15648.8,33508.92,431501.34,1334.2715
17.05,9920.61,470.13812,3.9139977
75.95,37168.14,2094.2517,4.8425965
35.649998,18330.9,983.01605,4.560639
66.65,11209.08,1837.8129,16.001184
788.94995,6035.19,21754.572,372.7726
8304.899,18627.57,229000.0,1273.7563
41.85,10952.43,1153.9755,9.925315
46.5,16155.9,1282.195,7.2294493
66.65,13890.42,1837.8129,12.719358
40301.547,39906.03,1111278.2,2886.5676
46.5,21000.93,1282.195,5.3308706
97.649994,44749.32,2692.6094,5.2392845
965.64996,8031.84,26626.914,342.7587
6998.25,18838.11,192970.34,1061.1874
14912.55,19434.06,411199.9,2193.0037
94.549995,22918.41,2607.1296,10.795762
72.85,17481.78,2008.7721,10.914969
38.75,23362.98,1068.4958,3.7423377
34.1,8047.5,940.27625,11.115528
106.95,20814.75,2949.0483,13.691244
96.1,10957.65,2649.8696,24.075808
691.3,30830.19,19061.965,63.112007
35482.598,78812.43,978400.2,1286.2701
-31.0,10769.73,-854.79663,-9.230114
27.9,10994.19,769.31696,6.2558775
71.299995,17569.65,1966.0321,10.603136
66.65,20488.5,1837.8129,8.301201
21890.648,40302.75,603614.6,1552.0054
83.7,9974.55,2307.951,22.992811
44.949997,19409.7,1239.4551,5.621553
30200.2,39561.51,832742.9,2181.6592
-55.8,17253.84,-1538.6339,-10.246927
175.15,39245.7,4829.601,11.760482
49.6,7173.15,1367.6746,18.770641
18167.549,76210.26,500953.53,680.60364
38.75,16583.94,1068.4958,5.68087
-1.55,11584.92,-42.73983,-1.3825495
117.799995,24591.42,3248.227,12.696534
54.25,23058.48,1495.8942,5.726948
57.35,17025.9,1581.3738,8.631021
72.85,23510.01,2008.7721,7.8598366
72445.445,134987.45,1997616.9,1533.4993
164.29999,31806.33,4530.422,13.769744
-37.199997,11934.66,-1025.7559,-9.912137
302.25,29461.68,8334.268,28.33309
40884.348,18832.89,1127348.5,6206.105
9141.899,26968.26,252079.52,968.2426
12223.3,25983.42,337046.3,1344.0585
3586.7,17039.82,98899.97,600.8372
75.95,11815.47,2094.2517,17.379164
52.699997,18301.32,1453.1542,7.2333612
80.6,11659.74,2222.4712,18.764923
58.899998,20871.3,1624.1135,7.0689077
14221.25,34927.89,392137.97,1163.1647
12018.699,19711.59,331404.62,1742.3508
2129.7,13812.99,58724.527,439.83868
29.449999,23762.31,812.05676,2.5436075
23496.45,44800.65,647893.06,1498.5706
93.0,17048.52,2564.39,14.597151
4577.15,10700.13,126210.72,1222.0806
7.75,8392.0205,213.69916,1.6404879
8456.8,16255.08,233188.52,1486.5306
99.2,19822.95,2735.349,13.308443
2303.3,19028.64,63511.39,345.09216
15327.949,42268.082,422654.2,1035.861
249.54999,26099.13,6881.113,26.338867
10598.899,25441.41,292254.97,1190.1559
37897.5,22511.25,1044988.9,4812.4883
2850.45,3841.05,78598.55,2120.839
531.64996,5326.14,14659.762,284.4054
18452.75,23108.94,508817.7,2282.127
6.2,15713.94,170.95932,0.12812066
9479.8,21933.57,261396.81,1234.7733
17767.65,32986.92,489926.72,1539.0585
195.29999,29123.25,5385.2188,18.17394
21.699999,16541.31,598.3576,2.7509284
21.699999,24549.66,598.3576,1.5273373
48.05,20495.46,1324.9348,5.7032394
44.949997,24422.64,1239.4551,4.2624264
6761.0996,7822.17,186431.14,2470.3774
6232.55,19332.27,171856.86,920.7898
32.55,12452.311,897.53644,6.473947
1.55,12761.16,42.73983,-0.6527114
14074.0,39914.73,388077.7,1007.16907
3478.2,11574.48,95908.18,858.21533
60.449997,19680.27,1666.8534,7.78242
7.75,6249.21,213.69916,2.5458925
25688.148,33371.46,708327.2,2199.9316
21021.1,45591.48,579637.56,1317.3196
80.6,15440.76,2222.4712,13.9250345
17.05,15049.26,470.13812,2.2393525
12077.6,40114.832,333028.75,859.84436
15760.399,29588.7,434578.6,1521.9664
161342.6,143027.12,4448874.5,3224.3706
240.25,30647.49,6624.674,21.413902
663.39996,5197.38,18292.646,363.95554
18.599998,9839.7,512.8779,4.404805
48.05,19715.07,1324.9348,5.968576
15338.8,39978.24,422953.38,1096.0255
14415.0,16358.61,397480.44,2518.5166
41543.098,34994.01,1145512.9,3393.3303
102.299995,19592.4,2820.8289,13.9292145
39928.0,16402.11,1100978.1,6959.282
99.2,18537.09,2735.349,14.300974
-23.25,11445.72,-641.0975,-6.80803
11682.35,19844.7,322130.1,1682.1959
14616.5,21341.97,403036.62,1957.2036
17507.25,23208.99,482746.4,2155.804
85.25,11790.24,2350.6907,19.673819
874.19995,24419.16,24105.264,101.35971
344.09998,24331.291,9488.242,39.436028
31.0,21464.64,854.79663,3.1294007
48.05,6646.8,1324.9348,19.669493
367.34998,27317.13,10129.34,37.449787
7923.5996,38504.46,218486.02,587.3835
1863.1,22257.21,51373.277,238.33952
38.75,12041.67,1068.4958,8.200978
88.35,15287.64,2436.1704,15.523998
4800.3496,14857.86,132365.25,922.77374
350.3,7373.25,9659.202,134.84079
68.2,16838.85,1880.5525,10.580329
23.25,12581.94,641.0975,4.2835317
-34.1,14644.71,-940.27625,-7.657675
26849.1,44208.18,740339.4,1735.5052
4.6499996,9467.34,128.21948,0.4043454
4090.45,16429.08,112790.414,710.88007
8817.95,27781.71,243146.9,906.523
26557.7,28681.291,732304.25,2646.529
94.549995,26056.5,2607.1296,9.375151
54.25,21341.97,1495.8942,6.267988
12.4,6856.47,341.91864,4.170947
29589.5,56454.3,815903.4,1497.6133
1274.1,41481.6,35132.14,86.82072
39292.5,42887.52,1083454.8,2618.5562
17491.75,34994.01,482319.0,1428.1852
72.85,20538.96,2008.7721,9.141451
18497.7,14318.46,510057.12,3692.7747
8131.3,19749.87,224213.16,1176.185
22208.398,35439.45,612376.25,1790.7577
94.549995,24708.0,2607.1296,9.941401
57.35,11962.5,1581.3738,12.707569
17.05,14661.24,470.13812,2.3250842
85.25,18173.43,2350.6907,12.412399
6621.5996,6503.25,182584.55,2910.263
48.05,27557.25,1324.9348,3.9854746
30772.148,44286.48,848513.9,1985.7153
66.65,8267.61,1837.8129,22.049906
4783.3,19349.67,131895.11,705.81055
5781.5,27698.19,159419.58,595.81287
13007.6,49116.72,358672.66,756.2108
29.449999,7657.74,812.05676,9.995972
615.35,24014.61,16967.713,72.26485
32.55,19685.49,897.53644,3.7277417
110.049995,21095.76,3034.5278,13.915707
17919.549,37286.46,494115.16,1373.1207
31.0,4437.0,854.79663,18.976585
40.3,14813.49,1111.2356,6.778514
34.1,8849.64,940.27625,10.017365
23.25,7853.49,641.0975,7.464655
103664.0,89739.63,2858440.0,3301.879
43.399998,21154.92,1196.7152,4.865801
17.05,6712.92,470.13812,6.262094
51.149998,9069.75,1410.4144,15.124985
74.399994,17987.25,2051.5117,10.826524
1005.94995,3500.01,27738.15,820.781
1040.0499,13813.86,28678.426,214.2723
113.149994,24940.291,3120.0076,11.971852
26.349998,21353.28,726.5771,2.528296
22572.648,30360.39,622420.1,2124.8086
11065.449,24862.86,305119.62,1271.5269
38.75,12381.84,1068.4958,7.9481974
100.75,17170.32,2778.089,15.777052
82.149994,20046.541,2265.211,10.717018
9126.399,25564.08,251652.11,1019.74744
9930.85,9918.0,273834.1,2861.9338
86.799995,20181.39,2393.4304,11.297522
10676.399,18098.61,294391.94,1685.664
43.399998,14499.42,1196.7152,7.5583115
551.8,5347.89,15215.38,294.0178
37.199997,10736.67,1025.7559,8.906547
52.699997,21992.73,1453.1542,5.8514175
79.049995,9589.14,2179.7312,22.57063
77.5,14758.68,2136.9917,14.014235
6804.5,22451.22,187627.86,865.5732
14459.949,25086.45,398719.88,1647.0735
0.0,14371.53,0.0,-1.0
-3.1,7778.67,-85.47966,-2.1394763
32105.148,16576.11,885270.1,5536.8486
10836.05,24105.96,298794.16,1284.2734
52.699997,29580.871,1453.1542,4.0938787
12.4,9610.89,341.91864,2.6889863
502.19998,13025.64,13847.705,109.2368
119.35,21061.83,3290.967,15.20225
0.0,14391.54,0.0,-1.0
18525.6,31099.89,510826.47,1702.1874
4569.4,26100.871,125997.02,499.55658
52.699997,29608.71,1453.1542,4.0890894
22867.148,15706.98,630540.7,4161.635
11487.05,11636.25,316744.88,2821.568
32336.1,49101.06,891638.4,1881.9803
33935.7,68033.13,935745.9,1425.2161
32526.748,50488.71,896895.3,1841.0243
111798.4,53623.32,3082738.5,5960.161
-9.299999,10399.98,-256.43896,-3.5568154
-12.4,13978.29,-341.91864,-3.5363934
55379.95,62141.492,1527051.5,2547.12
12.4,10419.12,341.91864,2.4028249
3527.7998,17383.47,97275.85,579.2517
52.699997,14242.7705,1453.1542,9.579498
20590.2,29399.91,567755.94,2001.4586
101749.75,100572.0,2805656.2,2891.7124
5663.6997,15104.07,156171.34,1071.1493
15374.449,15041.43,423936.38,2921.5332
89.899994,23409.09,2478.9102,9.980552
21290.799,29688.75,587074.3,2049.4492
39749.75,31577.52,1096063.0,3598.195
18978.2,25919.041,523306.47,2092.5583
12175.25,35298.51,335721.38,985.21246
52.699997,44291.7,1453.1542,2.4020228
56221.598,73570.68,1550259.1,2183.9797
6345.6997,20310.15,174976.86,892.3371
24040.5,53261.4,662894.8,1289.5652
83.7,23726.64,2307.951,9.086447
15135.75,25532.76,417354.47,1693.9434
49.6,17134.65,1367.6746,7.2766647
71069.05,56323.8,1959664.0,3606.7593
-9.299999,9702.24,-256.43896,-3.7406898
133.3,6561.54,3675.6257,57.086254
71.299995,24377.4,1966.0321,7.362788
11638.949,18666.72,320933.38,1781.7677
52.699997,10754.94,1453.1542,13.010434
9780.5,11337.84,269688.34,2465.4922
4.6499996,21109.68,128.21948,-0.37017447
29.449999,22068.42,812.05676,2.8156018
51.149998,14246.25,1410.4144,9.26583
26.349998,8932.29,726.5771,7.4346437
39475.4,26737.71,1088498.0,4220.349
71783.6,40257.51,1979367.1,5097.3228
15534.1,31819.38,428338.6,1394.8649
72.85,17496.57,2008.7721,10.904896
14191.8,19301.82,391325.9,2101.2688
-20.15,18006.39,-555.6178,-4.1996126
117.799995,17576.61,3248.227,18.16281
49.6,13704.24,1367.6746,9.348459
26.349998,14859.6,726.5771,4.0701694
7553.15,21562.95,208271.2,1000.5415
17.05,7413.27,470.13812,5.5760264
7940.65,8507.73,218956.16,2667.6482
31.0,16828.41,854.79663,4.267052
89.899994,17810.64,2478.9102,13.432087
147.25,11554.47,4060.284,35.437977
32.55,12955.17,897.53644,6.1838436
93.0,13548.51,2564.39,18.626389
16530.75,31191.24,455820.3,1514.3359
7874.0,25084.71,217118.34,896.5017
20746.75,36738.36,572072.6,1613.6533
10775.6,24154.68,297127.3,1274.5255
9303.1,4951.17,256524.47,5371.4062
51887.797,36721.832,1430758.5,4039.079
0.0,20479.8,0.0,-1.0
8875.3,20744.28,244728.27,1222.302
108.5,17025.9,2991.7883,17.22085
29076.45,38136.45,801756.5,2178.968
58.899998,9495.18,1624.1135,16.736221
31785.85,37399.56,876465.75,2429.0564
10485.75,52312.23,289134.97,572.11957
327.05,11516.19,9018.1045,80.19968
2157.5999,18233.46,59493.844,337.338
-17.05,10407.81,-470.13812,-5.683969
7543.8496,19170.45,208014.75,1124.1482
111.6,12026.01,3077.2678,25.533321
12911.5,24769.77,356022.8,1489.4031
15.5,12272.22,427.39832,2.61125
13068.05,13323.18,360339.53,2803.477
12702.25,23106.33,350252.94,1570.805
15253.55,22458.18,420602.7,1940.9827
83.7,19679.4,2307.951,11.160812
12226.399,8445.09,337131.78,4138.456
3354.2,12823.8,92488.99,746.8615
27659.75,23060.22,762692.3,3428.5234
106.95,28964.041,2949.0483,9.557732
35.649998,11762.4,983.01605,7.6658773
11935.0,19281.81,329096.72,1768.7977
17995.5,34639.92,496209.44,1484.3746
7137.75,14013.09,196816.92,1455.3857
-51.149998,7268.85,-1410.4144,-21.120043
82.149994,16900.62,2265.211,12.898051
43562.75,29573.91,1201203.0,4210.6816
20.15,8132.7603,555.6178,6.0841227
7044.75,8713.05,194252.53,2310.7686
55.8,15998.43,1538.6339,8.972541
7416.75,10359.96,204510.1,2045.9374
8207.25,17026.77,226307.4,1377.2068
37.199997,17914.17,1025.7559,4.937385
19677.25,26830.8,542582.2,2095.91
1652.2999,18256.08,45560.66,257.7798
69.75,13209.21,1923.2925,14.097895
93.0,13351.0205,2564.39,18.916704
9275.2,31222.56,255755.16,848.3834
15148.149,17168.58,417696.38,2521.75
-29.449999,11510.97,-812.05676,-8.315135
86.799995,11241.2705,2393.4304,21.077673
-34.1,11861.58,-940.27625,-9.219791
10040.899,6284.88,276868.62,4566.9844
5948.9,18573.63,164035.47,914.7751
127.1,15919.26,3504.6663,21.8282
60.449997,16183.74,1666.8534,9.67988
120.899994,22144.11,3333.7068,14.610509
5525.75,17569.65,152367.5,898.24304
-7.75,11138.61,-213.69916,-2.9893887
11945.85,29197.2,329395.88,1168.8357
435.55,26634.18,12009.893,45.75711
21489.2,26116.53,592545.0,2351.6306
69.75,11969.46,1923.2925,15.661676
-26.349998,5350.5,-726.5771,-15.081056
37.199997,8350.26,1025.7559,11.737726
-13.95,12798.57,-384.65848,-4.1164613
105.399994,22520.82,2906.3083,12.381516
801.35,14261.04,22096.492,159.66454
49.6,25954.71,1367.6746,4.4640474
24933.299,67535.49,687512.94,1054.5935
894.35,5230.44,24660.883,487.898
52.699997,11613.63,1453.1542,11.974528
29.449999,13177.89,812.05676,5.3898168
285.19998,12037.32,7864.1284,66.74366
18882.1,62633.91,520656.62,860.9652
97.649994,18624.09,2692.6094,13.991538
31.0,14494.2,854.79663,5.115281
229.4,32794.65,6325.495,19.000433
12052.8,27344.1,332344.94,1259.2982
1407.3999,12425.34,38807.766,322.8607
229.4,4952.04,6325.495,131.45192
26102.0,55862.7,719738.75,1334.9827
-21.699999,16662.24,-598.3576,-4.7237053
612.25,9678.75,16882.234,179.86667
4392.6997,15322.44,121124.68,818.69556
20514.25,55339.832,565661.7,1058.9047
33687.7,49587.39,928907.5,1941.4467
35.649998,9137.61,983.01605,10.155162
11257.649,29822.73,310419.38,1078.3177
105308.55,179240.88,2903786.8,1678.8695
22372.7,25523.19,616906.7,2505.2964
55.8,17648.82,1538.6339,8.039981
6.2,12943.86,170.95932,0.36954677
25815.25,35666.52,711831.9,2068.4958
130.2,20168.34,3590.1458,17.45822
61654.348,59783.79,1700062.2,2947.6912
3560.3499,11656.26,98173.39,872.33813
54.25,8378.1,1495.8942,17.514126
11821.85,8293.71,325976.7,4074.5437
23429.799,54924.84,646055.25,1218.688
-20.15,7747.35,-555.6178,-8.436539
5936.5,8245.86,163693.56,2057.465
4557.0,25193.46,125655.11,516.17816
110.049995,20305.8,3034.5278,14.495974
2847.3499,24725.4,78513.07,328.26572
10.849999,9907.56,299.1788,2.1312087
435.55,16912.8,12009.893,72.63283
-51.149998,9797.94,-1410.4144,-15.926563
17006.6,49833.6,468941.44,974.76276
22823.75,12478.41,629344.0,5228.699
69.75,17108.55,1923.2925,10.6568165
17967.6,42039.27,495440.12,1221.0356
4211.35,16028.88,116124.125,750.22003
60.449997,23457.81,1666.8534,6.368139
51.149998,11510.97,1410.4144,11.705235
38.75,12553.23,1068.4958,7.826026
62.0,18253.47,1709.5933,8.711699
142.59999,9952.8,3932.0642,39.96597
91.45,18405.72,2521.65,13.206264
261.94998,10967.22,7223.0312,67.29216
6196.9,4027.23,170873.84,4398.639
17389.45,47392.38,479498.16,1048.1228
508.4,20486.76,14018.665,69.95471
906.75,11813.73,25002.803,218.45703
251.09999,15431.19,6923.8525,45.52606
50984.15,37202.94,1405841.2,3917.383
93.0,25077.75,2564.39,9.603356
60.449997,18671.07,1666.8534,8.257124
40.3,18397.02,1111.2356,5.263348
57.35,19050.39,1581.3738,7.6075296
-3.1,14103.57,-85.47966,-1.6284657
69.75,14434.17,1923.2925,12.8166065
48.05,8925.33,1324.9348,14.392817
15174.5,20680.77,418422.97,2096.9575
46.5,14629.05,1282.195,8.0883665
10202.1,12455.79,281313.56,2340.894
7224.55,20344.95,199210.36,1014.3206
213.9,13661.61,5898.0967,43.766987
40982.0,23882.371,1130041.1,4905.4194
23.25,17777.58,641.0975,2.7393773
21741.85,34108.35,599511.6,1821.5723
28431.648,31711.5,783976.7,2562.5054
58920.15,61300.2,1624669.2,2747.2166
193.75,5337.45,5342.479,102.79033
63.55,5887.29,1752.3331,29.863781
-6.2,9853.62,-170.95932,-2.7990565
359.59998,25520.58,9915.641,39.288223
5882.25,12865.561,162197.66,1306.2654
41.85,8379.84,1153.9755,13.279359
196.84999,16786.65,5427.9585,32.52898
63.55,18705.87,1752.3331,8.713744
62.0,24634.05,1709.5933,6.196227
2363.75,37866.75,65178.242,177.4812
110029.84,81639.06,3033972.2,3852.5542
31939.299,31239.96,880696.94,2922.236
7540.75,18873.78,207929.28,1141.3644
21252.049,26048.67,586005.8,2331.7288
-48.05,11139.48,-1324.9348,-13.333248
145.7,34110.96,4017.5442,11.212782
0.0,21076.62,0.0,-1.0
33583.848,77014.14,926043.9,1245.835
72.85,8439.0,2008.7721,23.682411
-1.55,17314.74,-42.73983,-1.2559557
64298.65,101355.0,1772976.4,1812.8678
11804.8,35121.9,325506.56,960.01385
-9.299999,11853.75,-256.43896,-3.243242
89.899994,13411.05,2478.9102,18.166636
1844.5,65954.7,50860.4,78.96167
8525.0,25532.76,235069.08,953.6532
3.1,8414.64,85.47966,0.053355932
4738.35,19729.86,130655.67,685.67645
24.8,37197.72,683.8373,0.90626967
-24.8,10831.5,-683.8373,-7.5465436
51.149998,15958.41,1410.4144,8.16442
25716.049,38398.32,709096.5,1913.8774
23418.95,31172.97,645756.1,2147.0195
37.199997,8439.87,1025.7559,11.602483
89.899994,16253.34,2478.9102,14.814886
54.25,15879.24,1495.8942,8.768301
32453.898,56262.03,894886.56,1648.303
11848.199,27266.67,326703.25,1241.4222
26.349998,15841.83,726.5771,3.755807
-10.849999,30380.4,-299.1788,-2.0211399
26.349998,12993.45,726.5771,4.798359
13392.0,36522.6,369272.16,1047.4138
198.4,8266.74,5470.698,67.62089
55.8,8573.85,1538.6339,17.608328
173.59999,24471.36,4786.861,19.283392
1.55,10044.15,42.73983,-0.55876756
21.699999,9028.86,598.3576,5.871883
9.299999,9527.37,256.43896,1.7909937
32.55,12495.811,897.53644,6.447929
88.35,20973.09,2436.1704,11.0446205
31.0,20711.22,854.79663,3.2796178
28723.049,33307.95,792011.8,2464.6511
4222.1997,11550.12,116423.3,1044.2045
74.399994,14437.65,2051.5117,13.734159
113.149994,35014.02,3120.0076,8.2397785
120662.84,53752.95,3327167.5,6417.3037
13202.899,22616.52,364057.88,1668.139
6324.0,5250.45,174378.52,3442.8508
43.399998,15254.58,1196.7152,7.1346416
54969.2,109919.28,1515725.4,1428.8633
39599.4,48958.38,1091917.2,2311.6536
16536.95,20324.94,455991.25,2325.3503
27461.35,36052.8,757221.6,2176.8696
1.55,11045.5205,42.73983,-0.598769
38703.5,47881.32,1067213.6,2310.1768
15637.949,12727.23,431202.16,3512.1355
35.649998,11737.17,983.01605,7.6845055
66.65,10194.66,1837.8129,17.692888
-10.849999,14674.29,-299.1788,-3.114081
6587.5,23697.06,181644.28,793.8316
69.75,9458.64,1923.2925,20.08456
20.15,25571.91,555.6178,1.2529981
10640.75,19293.99,293408.94,1575.8818
52921.65,114649.47,1459266.0,1318.8065
13.95,14333.25,384.65848,1.7827778
49.6,10843.68,1367.6746,12.078381
41.85,17747.13,1153.9755,5.742428
41.85,18778.08,1153.9755,5.3722568
17578.549,40336.68,484712.4,1245.0397
336.34998,9255.93,9274.543,102.901146
178.25,4974.66,4915.0806,101.450745
7323.75,16723.14,201945.7,1251.174
-18.599998,8666.94,-512.8779,-7.1361513
23.25,22446.871,641.0975,1.96153
3575.8499,21866.58,98600.79,466.5708
-3.1,9262.89,-85.47966,-1.9568948
-24.8,12842.94,-683.8373,-6.5212345
-4.6499996,15412.92,-128.21948,-1.862615
44.949997,17461.77,1239.4551,6.3602138
32.55,16731.84,897.53644,4.5623236
27515.6,33885.63,758717.5,2320.734
28988.1,37236.0,799320.3,2224.9004
24.8,15062.311,683.8373,3.707703
27701.6,21278.46,763846.25,3721.319
1120.65,8059.68,30900.898,396.55862
53637.75,55076.22,1479011.9,2783.5525
19568.75,21055.74,539590.4,2656.306
2430.4,11379.6,67016.055,609.6604
49.6,11498.79,1367.6746,11.333277
102.299995,47716.02,2820.8289,5.129999
18296.2,32119.53,504500.97,1627.6986
-21.699999,9700.5,-598.3576,-7.39609
146654.8,84994.65,4043871.8,4932.4834
41.85,8860.08,1153.9755,12.50538
105271.34,113486.28,2902761.0,2651.2583
15610.05,6719.88,430432.84,6640.891
18128.799,38371.35,499885.03,1349.8617
186.0,7458.5103,5128.78,70.30334
111.6,34906.14,3077.2678,8.141372
18071.45,41165.79,498303.7,1254.1786
19912.85,20984.4,549078.6,2712.2253
72.85,22867.08,2008.7721,8.10894
13813.6,46275.3,380897.38,852.5061
19993.45,25163.01,551301.06,2270.821
-32.55,11477.91,-897.53644,-9.108438
27.9,13459.7705,769.31696,4.9267354
8046.05,12572.37,221862.47,1828.8461
0.0,10278.18,0.0,-1.0
47240.9,34579.02,1302624.5,3905.1995
10571.0,21423.75,291485.66,1409.8134
23282.549,49355.1,641995.0,1347.7997
21.699999,14896.14,598.3576,3.1651912
10718.25,31903.77,295545.94,959.5741
29.449999,16117.62,812.05676,4.2243633
52.699997,10511.34,1453.1542,13.335125
252.65,10451.31,6966.5923,68.11902
25623.049,89280.27,706532.1,819.5863
71.299995,13768.62,1966.0321,13.806353
17.05,7098.33,470.13812,5.867792
51.149998,12702.87,1410.4144,10.513113
37.199997,24124.23,1025.7559,3.4089828
106.95,20568.541,2949.0483,13.867102
26.349998,7967.46,726.5771,8.456049
51.149998,7921.35,1410.4144,17.462708
47158.75,46921.71,1300359.4,2872.6736
41536.9,24195.57,1145342.0,4907.482
64506.348,90017.164,1778703.5,2047.9253
55.8,9145.44,1538.6339,16.445305
26.349998,18483.15,726.5771,3.076182
979.6,10100.7,27011.572,276.2977
34.1,28147.11,940.27625,2.4639335
37127.15,75195.84,1023747.1,1410.7141
19210.7,56525.64,529717.44,970.7323
26932.799,30158.55,742647.3,2552.4067
6311.5996,25953.84,174036.58,694.32336
11693.199,37050.69,322429.28,901.37286
41893.4,62768.76,1155172.1,1907.3193
5775.3,19842.96,159248.61,831.17957
127.1,18015.09,3504.6663,19.172424
209.25,4581.42,5769.8774,129.59134
82.149994,19341.84,2265.211,11.143915
102.299995,17260.8,2820.8289,15.945862
4.6499996,9621.33,128.21948,0.38186872
96.1,19882.98,2649.8696,12.819454
84879.55,121826.1,2340475.8,1991.1024
30707.049,55331.13,846718.8,1585.7831
-6.2,19534.98,-170.95932,-1.9074605
68.2,24854.16,1880.5525,6.8457465
69.75,22544.31,1923.2925,7.8461905
27.9,16215.061,769.31696,3.9196544
229.4,25473.6,6325.495,24.74851
9473.6,14006.13,261225.84,1932.9528
-34.1,8608.65,-940.27625,-12.325784
17490.2,23195.07,482276.25,2154.9966
14428.949,75067.08,397865.06,548.5841
-4.6499996,18435.3,-128.21948,-1.7211933
18745.7,32997.36,516895.5,1623.3195
32937.5,30956.34,908221.44,3041.2158
45709.5,55899.242,1260397.6,2337.027
65.1,20761.68,1795.0729,7.965354
68.2,20379.75,1880.5525,8.568294
26.349998,27631.2,726.5771,1.7266529
13.95,19514.1,384.65848,1.0439706
8641.25,23511.75,238274.56,1049.8497
0.0,15452.07,0.0,-1.0
43.399998,21790.02,1196.7152,4.694834
18671.299,33499.35,514844.0,1592.6287
35181.9,31921.17,970108.7,3150.298
32.55,7407.18,897.53644,11.564554
20215.1,33608.1,557412.9,1718.8118
1960.75,13539.811,54065.887,413.05557
34.1,13799.94,940.27625,6.065227
13037.05,40765.59,359484.72,913.3966
24.8,14207.97,683.8373,3.9907823
54.25,22134.541,1495.8942,6.007744
35.649998,13063.92,983.01605,6.8025217
9411.6,19225.26,259516.25,1398.7169
3.1,7348.02,85.47966,0.20625842
49.6,15732.21,1367.6746,8.014485
8805.55,20725.14,242804.98,1213.809
80.6,16878.87,2222.4712,12.653395
-18.599998,18308.28,-512.8779,-3.9047873
31452.6,32738.97,867276.7,2745.8853
11668.399,22493.85,321745.44,1482.189
20588.648,19715.94,567713.1,2984.7905
62.0,16208.97,1709.5933,9.936674
22324.648,41960.97,615581.75,1520.2063
22833.049,39352.71,629600.44,1657.9689
38.75,37209.03,1068.4958,1.9776411
20354.6,32729.4,561259.44,1777.1709
35.649998,18936.42,983.01605,4.382829
3.1,15293.73,85.47966,-0.42044157
4752.3,13559.82,131040.32,1001.07196
-23.25,14795.22,-641.0975,-5.493146
41958.5,49878.84,1156967.2,2404.2078
37.199997,10366.05,1025.7559,9.260737
68.2,15790.5,1880.5525,11.349161
61477.65,111976.83,1695189.9,1568.7773
86.799995,19213.08,2393.4304,11.917298
7.75,8682.6,213.69916,1.5521188
48.05,14303.67,1324.9348,8.604946
29.449999,12990.84,812.05676,5.4818215
27.9,15051.0,769.31696,4.3001456
103.85,23451.72,2863.5686,11.661371
11513.399,22315.5,317471.47,1474.1832
66.65,15506.01,1837.8129,11.289922
-6.2,12225.24,-170.95932,-2.4500508
57.35,19561.95,1581.3738,7.3824368
52.699997,9736.17,1453.1542,14.476452
25142.549,32726.791,693282.8,2195.6199
1207.45,20679.9,33294.33,165.94357
34.1,35147.13,940.27625,1.774045
44.949997,16285.53,1239.4551,6.8918123
15.5,9172.41,427.39832,3.8316698
1179.5499,7479.39,32525.01,449.91962
11964.449,25886.85,329908.75,1320.4858
-17.05,7916.13,-470.13812,-7.158294
389.05,16051.5,10727.697,68.30088
32306.648,36258.99,890826.25,2546.5647
509.94998,50102.43,14061.404,28.101662
20.15,23132.43,555.6178,1.4905932
10750.8,30620.52,296443.47,1002.8694
0.0,8021.4,0.0,-1.0
1.55,11344.8,42.73983,-0.6093536
-3.1,10800.18,-85.47966,-1.8206911
71.299995,12644.58,1966.0321,15.122562
74240.35,77537.01,2047109.8,2736.6628
49.6,15244.14,1367.6746,8.303102
36330.45,57458.28,1001778.9,1806.8696
16933.75,29014.5,466932.66,1667.7336
254.2,25627.59,7009.3325,27.360691
1222.95,37521.36,33721.727,92.19211
-26.349998,9971.07,-726.5771,-8.555928
28202.25,65300.46,777651.25,1233.8566
94.549995,13996.561,2607.1296,18.314754
120.899994,25243.05,3333.7068,12.694098
9047.35,27720.81,249472.39,932.17786
91.45,10105.92,2521.65,24.873598
32622.85,53957.4,899545.25,1727.701
-1.55,10582.68,-42.73983,-1.4187791
46969.65,81330.21,1295145.1,1650.2561
49181.5,66125.22,1356134.9,2125.5894
77.5,22185.871,2136.9917,8.987902
44275.75,22267.65,1220863.2,5684.1313
5448.25,17192.07,150230.52,905.10364
68.2,18089.91,1880.5525,9.779458
24500.85,46347.51,675588.5,1510.4845
13.95,10977.66,384.65848,2.6334014
-13.95,3900.21,-384.65848,-11.226693
34061.25,44201.22,939207.8,2202.3086
37204.65,41584.26,1025884.1,2557.0981
12.4,28407.24,341.91864,0.24807763
-35.649998,13920.0,-983.01605,-8.322666
10216.05,22470.36,281698.22,1298.936
12012.5,22383.36,331233.7,1533.4653
922.25,7883.07,25430.2,333.50473
66.65,9096.72,1837.8129,19.94905
-17.05,9487.35,-470.13812,-6.1384063
34724.65,34318.02,957500.44,2892.108
7.75,18713.7,213.69916,0.1841073
33504.8,33655.95,923864.25,2845.3887
10854.649,34010.91,299307.03,911.52875
28715.299,63663.12,791798.1,1288.6576
48.05,12003.39,1324.9348,10.445598
4609.6997,17983.77,127108.25,731.89355
86.799995,15448.59,2393.4304,15.064966
16366.449,10152.9,451289.88,4608.0703
-17.05,10324.29,-470.13812,-5.7218604
16603.6,82808.34,457829.06,572.2937
17409.6,25892.07,480053.78,1921.5205
6463.5,31158.18,178225.1,592.12286
2004.1499,7226.22,55262.6,791.99054
9.299999,12028.62,256.43896,1.2106302
49.6,17821.95,1367.6746,6.9574776
24.8,17959.41,683.8373,2.9482856
6007.8,16048.89,165659.58,1069.3344
13754.699,11737.17,379273.25,3349.7087
74877.4,62572.14,2064675.8,3420.5173
40.3,18416.16,1111.2356,5.2568383
68.2,12445.35,1880.5525,14.668458
34.1,32088.21,940.27625,2.03849
37.199997,13719.03,1025.7559,6.752977
181.34999,51231.69,5000.56,9.121102
7658.55,13874.76,211177.5,1577.2291
142.59999,21867.45,3932.0642,17.645342
40.3,10539.18,1111.2356,9.933198
86.799995,11182.11,2393.4304,21.194477
6871.15,35314.17,189465.67,555.32605
-6.2,13278.811,-170.95932,-2.3350005
15744.899,22709.61,434151.2,1981.3448
17.05,19990.86,470.13812,1.4386075
68.2,20474.58,1880.5525,8.523976
12231.05,24109.44,337260.0,1449.5262
44.949997,19853.4,1239.4551,5.473569
30934.898,61082.7,853001.5,1447.0363
49.6,23477.82,1367.6746,5.0404997
1.55,19604.58,42.73983,-0.7739403
19874.1,21062.7,548010.1,2696.879
12.4,10042.41,341.91864,2.5304716
-20.15,13094.37,-555.6178,-5.3998656
51.149998,10819.32,1410.4144,12.517446
29809.6,37530.06,821972.44,2270.0457
58.899998,20286.66,1624.1135,7.301445
49.6,30200.31,1367.6746,3.6959043
15292.3,43490.43,421671.2,1004.37506
14645.949,27123.121,403848.66,1542.9274
11372.35,35424.66,313582.12,916.89606
-18.599998,14294.1,-512.8779,-4.7205324
57.35,17908.08,1581.3738,8.156582
19607.5,47365.41,540658.9,1182.6135
18.599998,12692.43,512.8779,3.19003
150.34999,19151.31,4145.7637,21.446774
10657.8,10179.87,293879.1,2992.466
16812.85,31444.41,463598.94,1527.7866
19150.25,43587.87,528050.6,1255.1971
111.6,35571.69,3077.2678,7.970335
18.599998,36993.27,512.8779,0.4376037
4143.15,20545.05,114243.57,575.59705
14159.25,24506.16,390428.38,1651.015
9205.45,13503.2705,253831.88,1948.1941
31558.0,45433.14,870183.0,1985.0297
22981.85,34959.21,633703.5,1878.63
17344.5,41873.97,478258.72,1183.3134
155.0,11933.79,4273.9834,36.136616
-27.9,8763.51,-769.31696,-10.102802
38646.15,36932.37,1065632.2,2990.9067
881.94995,11128.17,24318.963,225.60484
44103.7,52008.6,1216119.1,2423.6487
46.5,6785.13,1282.195,18.594933
6210.8496,16770.99,171258.5,1057.8668
297.59998,19585.44,8206.047,42.445877
42885.4,90188.55,1182525.6,1358.5872
57.35,18705.0,1581.3738,7.766469
3.1,14615.13,85.47966,-0.39353186
5528.8496,14261.04,152452.97,1107.4921
2754.3499,5500.14,75948.68,1430.8396
2794.65,13488.48,77059.914,591.3977
8588.55,26327.94,236821.4,931.7214
9115.55,16655.28,251352.95,1563.876
13827.55,25951.23,381282.03,1522.4783
139.5,22856.64,3846.585,16.450619
2396.2998,11624.07,66075.77,588.42957
285.19998,50492.19,7864.1284,15.150064
17.05,19355.76,470.13812,1.5186229
62.0,13835.61,1709.5933,11.81275
28454.898,52752.45,784617.8,1541.2806
55.8,18129.06,1538.6339,7.8005114
35343.098,24263.43,974553.56,4163.8696
86.799995,6295.32,2393.4304,38.42311
60639.098,51370.89,1672067.6,3374.0842
14208.85,24614.041,391796.03,1649.536
88.35,18212.58,2436.1704,12.870243
46.5,11367.42,1282.195,10.696072
7689.55,20767.77,212032.3,1057.6686
25511.45,67386.72,703454.9,1081.4548
65.1,10626.18,1795.0729,16.516722
-32.55,11604.93,-897.53644,-9.019688
49.6,22176.3,1367.6746,5.395015
22606.75,41978.37,623360.44,1538.7902
-43.399998,9207.21,-1196.7152,-14.477541
25953.2,38111.22,715635.75,1946.0946
13981.0,20713.83,385513.28,1928.8644
8481.6,20528.52,233872.34,1180.3243
93.0,47951.79,2564.39,4.545326
117699.25,75950.13,3245449.2,4429.923
21.699999,16507.38,598.3576,2.7586381
65853.3,47073.96,1815844.4,3998.869
58.899998,19615.89,1624.1135,7.5853148
-4.6499996,7729.08,-128.21948,-2.720181
48.05,19322.7,1324.9348,6.1100817
102927.75,31632.33,2838138.5,9302.584
1.55,7866.54,42.73983,-0.43662584
347.19998,12603.69,9573.722,77.76458
30657.45,34411.11,845351.1,2546.3367
41.85,20380.62,1153.9755,4.8712025
15.5,23890.2,427.39832,0.8550726
22963.25,65038.59,633190.6,1008.51135
10243.949,8323.29,282467.53,3518.017
12832.449,29245.92,353843.06,1253.5653
2263.0,13393.65,62400.156,482.09726
26.349998,14067.9,726.5771,4.355503
13460.199,24393.93,371152.7,1576.6793
74.399994,9791.85,2051.5117,20.724869
9447.25,6915.63,260499.28,3904.914
4.6499996,23700.541,128.21948,-0.43902487
26281.799,92565.39,724696.56,810.81195
24.8,13009.98,683.8373,4.450345
-34.1,22021.44,-940.27625,-5.4274907
51.149998,6103.05,1410.4144,22.96336
66.65,23736.21,1837.8129,7.0285616
38.75,19769.88,1068.4958,4.604239
44.949997,14167.95,1239.4551,8.071344
96.1,17593.14,2649.8696,14.61813
82.149994,16785.78,2265.211,12.9931345
843.19995,48859.2,23250.467,48.34387
30476.1,35102.76,840350.56,2481.3733
1.55,10477.41,42.73983,-0.57701325
26328.299,29024.07,725978.75,2592.6626
6657.25,12516.69,183567.58,1519.7378
9980.449,25623.24,275201.75,1112.6918
16888.799,16867.56,465693.2,2861.8296
-9.299999,16911.06,-256.43896,-2.572393
116.25,27462.42,3205.4873,11.103281
4846.8496,21634.291,133647.44,639.5689
7418.3,18189.96,204552.83,1165.0619
119.35,22625.22,3290.967,14.082683
24242.0,38952.51,668451.0,1778.4344
17.05,18010.74,470.13812,1.7067103
12.4,13831.26,341.91864,1.5633559
172.04999,39228.3,4744.121,11.540191
28504.5,42417.72,785985.5,1920.3881
72.85,27833.91,2008.7721,6.483493
108.5,16467.36,2991.7883,17.838867
24.8,6530.22,683.8373,9.858575
20.15,11577.09,555.6178,3.9765072
35.649998,20653.8,983.01605,3.9352427
68.2,25355.28,1880.5525,6.690684
16169.6,23273.371,445861.9,1985.5017
51.149998,18816.36,1410.4144,6.7724695
65.1,15612.15,1795.0729,10.922498
5869.8496,17480.041,161855.73,959.1377
835.44995,23678.791,23036.768,99.88112
25542.45,24786.3,704309.7,2945.455
58094.0,42817.05,1601888.9,3878.3909
-65.1,10018.92,-1795.0729,-19.578432
16603.6,26989.14,457829.06,1757.9852
-51.149998,8275.44,-1410.4144,-18.672724
97042.4,74976.6,2675855.2,3699.7075
44.949997,16849.291,1239.4551,6.6277604
18021.85,53827.77,496936.03,956.2866
5719.5,12929.07,157709.98,1263.8522
7.75,16429.08,213.69916,0.3487686
69.75,16121.97,1923.2925,11.370154
62.0,18376.14,1709.5933,8.646869
26.349998,14778.69,726.5771,4.097927
190361.69,114830.43,5249049.5,4738.926
2435.0498,30510.03,67144.27,227.19926
21687.6,69201.54,598015.75,895.0758
0.0,12324.42,0.0,-1.0
21.699999,15125.82,598.3576,3.101944
32069.498,36693.99,884287.06,2497.8848
26.349998,9537.81,726.5771,6.8991604
68.2,17246.01,1880.5525,10.30693
24942.6,41655.6,687769.4,1711.0533
9354.25,27022.2,257934.89,988.7768
55.8,18129.93,1538.6339,7.800089
57312.797,57746.25,1580348.0,2836.7676
20489.45,65313.51,564977.8,895.9665
9.299999,11133.39,256.43896,1.3883858
94.549995,13108.29,2607.1296,19.6236
347.19998,16055.85,9573.722,60.82945
59599.047,57313.86,1643389.2,2972.2312
29369.398,35382.9,809834.3,2372.289
1015.24994,12126.93,27994.588,238.37076
10206.75,18858.99,281441.78,1546.455
37.199997,9284.64,1025.7559,10.455837
23532.1,38175.6,648876.1,1761.4784
40.3,20250.12,1111.2356,4.6901855
5601.6997,20880.87,154461.75,766.04395
14114.3,29366.85,389188.9,1373.2032
17.05,7651.65,470.13812,5.371156
63.55,18437.91,1752.3331,8.854915
2159.15,19804.68,59536.582,310.7195
-7.75,17093.76,-213.69916,-2.2963226
34.1,18414.42,940.27625,4.2947483
426.25,11391.78,11753.454,105.984726
44061.848,47446.32,1214965.1,2654.2727
71.299995,26153.94,1966.0321,6.794735
13663.25,31676.7,376751.62,1232.284
48552.2,41621.67,1338782.5,3334.327
38.75,12951.69,1068.4958,7.554493
43950.25,34268.43,1211888.0,3666.0444
97.649994,21157.53,2692.6094,12.1964245
38.75,9449.94,1068.4958,10.724427
10648.5,13592.01,293622.66,2239.0295
35508.95,49758.78,979126.8,2039.4083
192.2,54955.29,5299.7393,8.999836
62.0,8919.24,1709.5933,18.875261
51.149998,11758.05,1410.4144,11.438251
1429.1,7281.9,39406.125,560.13446
35.649998,3404.31,983.01605,28.9419
9726.25,15653.91,268192.44,1775.526
21766.648,36814.92,600195.44,1689.5059
6635.55,15645.21,182969.22,1211.6753
26215.148,29140.65,722858.75,2571.1843
29.449999,14898.75,812.05676,4.6517696
6378.25,3828.87,175874.4,4761.992
65.1,9222.0,1795.0729,19.183887
16577.25,28629.09,457102.5,1654.5944
69.75,19620.24,1923.2925,9.164567
122.45,28404.63,3376.4465,11.325899
48.05,10723.62,1324.9348,11.811529
26464.7,49777.05,729739.9,1519.1512
-7.75,20029.14,-213.69916,-2.1063395
9735.55,9637.86,268448.88,2887.2104
15252.0,26738.58,420559.94,1629.938
77.5,19789.89,2136.9917,10.197145
23267.049,30995.49,641567.56,2145.3066
9.299999,12600.21,256.43896,1.1103482
10212.949,21786.541,281612.72,1339.3303
38.75,17350.41,1068.4958,5.385736
20965.299,51416.13,578098.94,1164.8715
24649.648,31705.41,679691.5,2221.9329
28940.049,31949.88,797995.4,2588.8762
26.349998,9118.47,726.5771,7.2624264
68021.75,45862.92,1875637.5,4239.676
1399.6499,28589.07,38594.066,138.98077
799.8,16450.83,22053.754,138.0089
784.3,6079.56,21626.355,367.85788
4718.1997,15663.48,130100.04,860.2655
48.05,20901.75,1324.9348,5.5729413
12896.0,16811.01,355595.4,2192.3616
156909.6,205412.22,4326638.5,2183.0986
20718.85,46164.81,571303.3,1282.2273
12169.05,11895.51,335550.4,2923.9778
88.35,17176.41,2436.1704,13.706967
54.25,12895.14,1495.8942,11.028811
142.59999,11095.98,3932.0642,35.745384
31.0,9070.62,854.79663,8.77178
10676.399,15338.97,294391.94,1989.1123
35251.65,48536.43,972031.94,2075.637
40.3,19346.19,1111.2356,4.9560533
20196.5,43576.56,556900.0,1324.1718
38.75,9517.8,1068.4958,10.640836
17894.75,26948.25,493431.38,1897.6464
-20.15,6418.86,-555.6178,-9.975655
23.25,16335.99,641.0975,3.069363
21431.85,19454.94,590963.6,3148.7693
43.399998,18873.78,1196.7152,5.5747585
130.2,9100.2,3590.1458,39.908073
711.44995,6618.09,19617.582,306.36945
7342.3496,4945.95,202458.58,4243.576
-13.95,19794.24,-384.65848,-3.015043
75.95,15547.7705,2094.2517,12.967177
7.75,16576.98,213.69916,0.33673477
15.5,6087.39,427.39832,6.2803044
52.699997,19484.52,1453.1542,6.733389
18677.5,29337.27,515014.97,1819.3213
10.849999,11364.811,299.1788,1.7297101
47358.7,53812.98,1305872.8,2515.2957
9200.8,8795.7,253703.64,2989.9158
26109.75,33139.17,719952.5,2251.7349
3960.25,10116.36,109200.27,1118.3021
-3.1,21679.53,-85.47966,-1.408847
32.55,18439.65,897.53644,4.0471625
17515.0,31484.43,482960.1,1589.6085
-3.1,9657.87,-85.47966,-1.9177604
31.0,12930.811,854.79663,5.8546443
34685.9,31740.21,956431.94,3123.5835
7.75,15285.9,213.69916,0.44963837
33351.348,38454.87,919632.9,2478.7678
60.449997,10915.0205,1666.8534,14.835096
874.19995,17768.88,24105.264,139.66942
23.25,8478.15,641.0975,6.8409886
23077.95,32241.33,636353.3,2045.6013
94689.5,75207.15,2610976.2,3598.9104
22470.35,32763.33,619599.3,1959.9692
27.9,10005.87,769.31696,6.97257
48.05,11356.11,1324.9348,11.097978
33644.3,75042.72,927710.8,1280.8936
10440.8,61086.18,287895.5,487.69714
1024.5499,40384.53,28251.027,71.538246
26.349998,10580.07,726.5771,6.1210003
-27.9,14832.63,-769.31696,-6.378176
714.55,52706.34,19703.062,37.763123
55.8,17508.75,1538.6339,8.1123
21183.85,40937.85,584125.25,1478.5472
31.0,18149.07,854.79663,3.8837824
4336.9,14766.51,119586.05,838.75104
44.949997,28877.91,1239.4551,3.450542
7316.0,20293.62,201732.0,1029.7733
77.5,15465.12,2136.9917,13.328391
-29.449999,4688.43,-812.05676,-18.96002
24014.148,32920.8,662168.2,2084.671
11184.8,22471.23,308410.62,1422.1489
34.1,22152.81,940.27625,3.4012341
15569.75,9703.98,429321.62,4586.5493
46348.098,64729.742,1278006.4,2046.2789
48.05,28150.59,1324.9348,3.880394
164.29999,12496.68,4530.422,36.591694
1018.35,18545.791,28080.068,156.00037
0.0,12983.01,0.0,-1.0
147.25,36579.15,4060.284,10.509877
51624.297,89518.65,1423492.8,1647.8821
11271.6,25647.6,310804.06,1255.5734
8287.85,16515.21,228529.88,1433.8507
72.85,7674.27,2008.7721,26.141975
235.59999,51404.82,6496.454,12.104499
66.65,15627.811,1837.8129,11.194136
23.25,9770.1,641.0975,5.8041353
12.4,8858.34,341.91864,3.00238
7173.4,13739.04,197799.94,1491.8551
2954.2998,15164.97,81462.12,556.0088
1247.75,23825.82,34405.566,148.73686
-49.6,14077.47,-1367.6746,-11.074096
38.75,7882.2,1068.4958,13.056373
17.05,12031.23,470.13812,3.0519428
21946.45,48453.78,605153.25,1294.0471
26869.25,30446.52,740895.0,2522.2883
15.5,7633.38,427.39832,4.8058233
63.55,30199.44,1752.3331,5.0168014
52.699997,8626.05,1453.1542,16.468178
38.75,7183.59,1068.4958,14.4233675
71.299995,13998.3,1966.0321,13.563414
85.25,16300.32,2350.6907,13.95365
2934.15,16173.3,80906.5,517.7196
-7.75,7883.94,-213.69916,-3.810654
-3.1,16203.75,-85.47966,-1.5470098
10189.699,25180.41,280971.62,1156.0377
65053.496,53344.92,1793790.6,3485.796
45636.65,39376.2,1258388.9,3312.8203
57.35,12646.32,1581.3738,11.966365
111.6,25113.42,3077.2678,11.705955
34.1,15171.93,940.27625,5.4263225
10.849999,12561.93,299.1788,1.4695756
15498.449,10723.62,427355.56,4131.338
2351.3499,6136.98,64836.32,1094.4978
223.2,11437.0205,6154.5356,54.799496
161.2,8840.07,4444.9424,51.13847
54.25,6610.2603,1495.8942,22.465519
52686.047,73039.98,1452769.5,2061.4526
39253.75,33016.5,1082386.2,3398.3752
45379.348,26835.15,1251294.0,4834.075
37.199997,14779.561,1025.7559,6.1966496
51906.4,28615.17,1431271.5,5185.4907
7387.3,15544.29,203698.03,1357.8259
133.3,32885.13,3675.6257,10.589898
141.05,9333.36,3889.3247,42.20998
85.25,24761.94,2350.6907,8.843707
31424.7,38258.25,866507.3,2347.5242
80.6,17239.05,2222.4712,12.36813
12.4,11817.21,341.91864,2.000238
15.5,11778.061,427.39832,2.7627633
97.649994,31863.75,2692.6094,7.7624254
15176.05,22785.3,418465.7,1903.3772
206.15,44796.3,5684.3975,12.15801
7006.0,12847.29,193184.05,1558.2208
13818.25,19900.38,381025.6,1984.3663
1.55,11634.51,42.73983,-0.619081
18.599998,6940.86,512.8779,6.662114
3701.4,26509.77,102062.72,398.21704
-18.599998,10514.82,-512.8779,-6.057781
15217.899,11103.811,419619.66,3917.6067
9867.3,14575.11,272081.78,1934.6886
10944.55,9457.7705,301785.94,3307.7056
13151.75,25743.3,362647.47,1459.7245
30879.1,36112.832,851462.94,2443.8494
19491.25,37870.23,537453.4,1470.6033
17.05,9107.16,470.13812,4.3529153
47581.9,41490.3,1312027.4,3278.021
15796.05,27822.6,435561.62,1622.3037
79.049995,17654.041,2179.7312,11.802851
108.5,27352.8,2991.7883,10.341668
894.35,25286.55,24660.883,100.126945
48.05,13299.69,1324.9348,9.330012
4.6499996,11034.21,128.21948,0.20492673
18.599998,10376.49,512.8779,4.125207
9445.7,29049.3,260456.55,928.70996
20.15,11178.63,555.6178,4.1538935
24.8,7556.82,683.8373,8.38343
68.2,13923.48,1880.5525,13.005078
5084.0,19046.91,140186.66,762.18536
-17.05,19268.76,-470.13812,-3.5299945
49.6,19037.34,1367.6746,6.4494534
29.449999,16686.6,812.05676,4.0462227
8210.35,8372.01,226392.88,2803.0186
12.4,10486.11,341.91864,2.381086
10002.149,17778.45,275800.12,1607.6014
103.85,38096.43,2863.5686,6.7941933
271.25,28843.98,7479.4707,25.888313
14154.6,27228.39,390300.12,1485.362
11845.1,22315.5,326617.78,1516.683
15140.399,29586.09,417482.66,1462.1833
48.05,11874.63,1324.9348,10.569706
22766.398,39230.04,627762.6,1658.2988
4648.4497,11476.17,128176.75,1157.1376
34.1,18377.88,940.27625,4.3052754
85.25,10198.14,2350.6907,22.901348
6364.3,8277.18,175489.75,2197.4534
151.9,19304.43,4188.5034,21.498302
46.5,16453.44,1282.195,7.0806303
226.29999,28763.07,6240.015,21.495636
17318.15,25543.2,477532.16,1937.542
9.299999,15841.83,256.43896,0.6785202
18533.35,43634.85,511040.16,1213.4214
33692.348,81960.96,929035.7,1174.3663
9442.6,11800.68,260371.05,2286.8816
16678.0,18161.25,459880.6,2624.713
110.049995,24349.56,3034.5278,11.92254
13979.449,50026.742,385470.53,797.9817
127.1,26607.21,3504.6663,12.658255
20154.648,48112.742,555746.0,1196.7443
77.5,32555.4,2136.9917,5.8065596
410.75,16001.91,11326.056,72.39301
-6.2,11724.12,-170.95932,-2.51203
12023.35,25719.81,331532.88,1335.6162
10699.649,25631.07,295033.03,1192.5807
-21.699999,8478.15,-598.3576,-8.318255
348.75,18591.9,9616.462,52.633904
3495.25,17706.24,96378.32,563.418
20.15,23407.35,555.6178,1.4613409
75.95,21158.4,2094.2517,9.263463
4.6499996,6218.7603,128.21948,1.1379526
13889.55,24669.72,382991.62,1608.8037
44.949997,11758.92,1239.4551,9.929776
1081.9,55818.332,29832.404,54.419075
110708.75,122643.03,3052692.5,2580.0005
44.949997,9640.47,1239.4551,12.331545
65.1,22516.47,1795.0729,7.266652
22306.049,17501.791,615068.9,3643.0903
905.19995,6257.04,24960.06,412.64197
54229.848,31448.76,1495338.5,4929.4194
74393.8,73144.38,2051340.9,2907.0693
72.85,11751.96,2008.7721,16.724266
10075.0,23921.52,277808.9,1203.2185
12939.399,17934.18,356792.1,2061.9163
28755.6,16041.061,792909.4,5124.525
44492.75,44187.3,1226846.9,2877.9941
9983.55,25870.32,275287.25,1102.398
54.25,11172.54,1495.8942,12.8834305
15543.399,28147.11,428595.03,1577.924
60112.098,104571.39,1657536.1,1642.607
62133.297,94627.29,1713268.9,1876.4009
29.449999,14997.061,812.05676,4.6147203
-7.75,8497.29,-213.69916,-3.607776
27138.95,40470.66,748331.7,1916.3514
11107.3,20204.01,306273.62,1570.882
5702.4497,23081.97,157239.83,705.37866
40.3,9085.41,1111.2356,11.682635
77.5,20684.25,2136.9917,9.712996
54.25,17912.43,1495.8942,7.6595287
29.449999,8533.83,812.05676,8.867117
34.1,25239.57,940.27625,2.8629704
11146.05,27083.1,307342.12,1175.7158
120.899994,24227.76,3333.7068,13.267963
91.45,25491.871,2521.65,9.25725
-21.699999,28702.17,-598.3576,-3.1616929
17794.0,37916.34,490653.28,1340.8259
54.25,16030.62,1495.8942,8.676057
15969.649,39513.66,440348.47,1154.5723
6.2,22767.9,170.95932,-0.22139412
18.599998,21517.71,512.8779,1.4715295
17.05,17694.93,470.13812,1.7550185
17.05,9674.4,470.13812,4.0390573
18138.1,21201.03,500141.5,2445.1543
15231.85,24877.65,420004.3,1749.6216
1368.6499,12849.03,37739.27,303.5587
141.05,19931.7,3889.3247,19.233814
-37.199997,10383.45,-1025.7559,-11.243544
49.6,22031.01,1367.6746,5.4371886
21.699999,16236.811,598.3576,2.8212721
561.1,60841.71,15471.818,25.368645
6957.9497,9355.98,191859.1,2125.3804
9.299999,11581.44,256.43896,1.2959864
48.05,9413.4,1324.9348,13.594723
32244.648,32482.32,889116.7,2837.3083
-20.15,7157.49,-555.6178,-9.049396
11448.3,15738.3,315676.4,2078.8508
54911.848,31098.15,1514144.0,5047.711
44.949997,16209.84,1239.4551,6.9286623
52.699997,27237.96,1453.1542,4.532036
418.5,7665.57,11539.755,155.09897
15376.0,19727.25,423979.12,2227.5676
18491.5,27283.2,509886.2,1936.8752
71.299995,19139.13,1966.0321,9.651635
66.65,14433.3,1837.8129,12.203331
37.199997,25582.35,1025.7559,3.1576838
48.05,9113.25,1324.9348,14.07541
49127.25,49776.18,1354639.0,2820.9539
342.55,16555.23,9445.503,58.161304
19480.398,29241.57,537154.2,1903.7858
75.95,25799.85,2094.2517,7.4170437
153.45,11737.17,4231.243,36.381134
-49.6,17278.2,-1367.6746,-9.207903
38054.05,51542.28,1049305.6,2109.9902
7328.4,16623.09,202073.92,1259.5104
7.75,13842.57,213.69916,0.6007885
534.75,8135.37,14745.242,186.9414
16276.55,40826.49,448810.97,1138.9067
21.699999,18630.18,598.3576,2.3303635
3971.0999,21426.36,109499.445,528.9213
3.1,16837.98,85.47966,-0.47359425
9665.8,38099.04,266525.6,724.392
55655.848,60789.51,1534659.1,2616.7678
11586.25,24551.4,319480.25,1348.322
-20.15,9550.86,-555.6178,-7.0322804
17685.5,29973.24,487661.5,1686.0682
9230.25,20375.4,254515.7,1294.258
29.449999,11991.21,812.05676,6.0221686
41168.0,48505.98,1135170.0,2425.6855
8619.55,21067.05,237676.2,1168.8491
66.65,23302.95,1837.8129,7.1778345
15.5,7875.24,427.39832,4.6275177
2518.75,18584.07,69452.23,386.5192
50271.15,30403.02,1386180.9,4726.7124
26.349998,16101.96,726.5771,3.678976
20436.75,56529.992,563524.7,1032.6699
24.8,13424.97,683.8373,4.2818656
106182.75,124752.78,2927892.2,2432.6199
124.0,22314.63,3419.1865,14.88843
554.89996,15138.87,15300.859,103.80216
12592.199,34850.46,347218.38,1032.0992
10.849999,18286.53,299.1788,0.6964747
179.79999,25828.56,4957.8203,18.903912
34.1,8626.05,940.27625,10.302938
74.399994,15452.94,2051.5117,12.766094
133.3,22709.61,3675.6257,15.782997
375.09998,16461.27,10343.039,64.15274
-9.299999,10024.14,-256.43896,-3.6526794
59695.15,66233.97,1646039.1,2575.9575
26.349998,14557.71,726.5771,4.1753116
177509.1,65166.48,4894651.0,7787.3477
21.699999,20825.19,598.3576,1.9793377
41.85,11104.68,1153.9755,9.775524
41.85,9598.71,1153.9755,11.466128
24.8,13191.811,683.8373,4.37522
60.449997,10280.79,1666.8534,15.811977
17.05,19001.67,470.13812,1.5655563
29.449999,9698.76,812.05676,7.681966
35.649998,14798.7,983.01605,5.88787
3.1,12647.19,85.47966,-0.29916364
-1.55,13028.25,-42.73983,-1.3401688
94.549995,15970.59,2607.1296,15.927372
34.1,12760.29,940.27625,6.64087
1956.1,21152.31,53937.668,263.41266
72.85,14128.8,2008.7721,13.742573
18187.7,31373.07,501509.16,1656.5618
85.25,10459.14,2350.6907,22.304909
105.399994,24549.66,2906.3083,11.275638
0.0,12890.79,0.0,-1.0
76580.84,87578.55,2111646.8,2499.181
30452.85,24028.53,839709.5,3622.6792
252.65,69781.83,6966.5923,9.35204
23408.1,28829.19,645456.94,2320.575
15030.35,32468.4,414448.16,1322.6013
48203.45,114149.22,1329166.0,1206.4083
27.9,6895.62,769.31696,10.568575
37.199997,14650.8,1025.7559,6.2598987
25584.299,47045.25,705463.6,1553.9153
68.2,13657.26,1880.5525,13.278078
37731.65,44388.27,1040415.7,2429.4492
66.65,16409.07,1837.8129,10.613555
48201.9,46535.43,1329123.2,2960.6204
41.85,12314.85,1153.9755,8.716622
24643.45,28753.5,679520.56,2449.5286
33053.75,46701.6,911426.94,2022.662
6.2,12086.91,170.95932,0.4666463
43.399998,18375.27,1196.7152,5.753128
19657.1,27914.82,542026.56,2012.4165
62699.047,91095.09,1728868.9,1966.9541
39453.7,26359.26,1087899.6,4278.603
6076.0,21766.53,167540.14,797.1372
22681.148,46013.43,625411.94,1408.3844
17.05,12673.29,470.13812,2.8466613
279.0,30756.24,7693.17,24.937014
137.95,27746.041,3803.845,13.215746
60.449997,15539.94,1666.8534,10.1223345
88.35,19310.52,2436.1704,12.081622
51725.047,66140.88,1426270.9,2235.0417
9189.95,11304.78,253404.47,2323.342
57.35,14186.22,1581.3738,10.558879
24671.35,30483.06,680289.9,2313.1064
24369.1,48646.05,671955.6,1431.3228
63.55,9710.07,1752.3331,17.712948
943.94995,5894.25,26028.557,456.8987
18.599998,16210.71,512.8779,2.2806497
10199.0,9391.65,281228.1,3104.022
117.799995,26299.23,3248.227,11.807113
13.95,16938.03,384.65848,1.3548341
40.3,11090.76,1111.2356,9.389454
1106.7,12164.34,30516.238,259.1299
-1.55,17670.57,-42.73983,-1.2508016
8435.1,26118.27,232590.16,922.4105
770.35,7957.02,21241.695,275.81308
723.85,47636.85,19959.5,42.44647
55.8,18257.82,1538.6339,7.738446
-4.6499996,11853.75,-128.21948,-2.1216211
53698.2,35527.32,1480678.8,4320.6167
7333.05,40812.57,202202.14,512.7356
35053.25,48647.79,966561.3,2059.2227
35.649998,15304.17,983.01605,5.6603756
106.95,17127.69,2949.0483,16.853813
41.85,6949.56,1153.9755,16.218176
102.299995,16338.6,2820.8289,16.90234
9896.75,24702.78,272893.8,1144.5017
4198.9497,14551.62,115782.195,824.04626
-12.4,6849.5103,-341.91864,-6.1762013
34.1,22522.56,940.27625,3.32898
27135.85,39525.84,748246.25,1961.9595
142.59999,15684.36,3932.0642,24.99571
89.899994,32340.51,2478.9102,6.9480724
93.0,9280.29,2564.39,27.653019
-13.95,14404.59,-384.65848,-3.7689958
27438.1,67071.78,756580.5,1168.6696
31113.148,49761.39,857916.6,1786.724
41.85,16147.2,1153.9755,6.410495
14802.5,30329.07,408165.4,1394.4844
28048.799,29454.72,773420.0,2721.754
34.1,12810.75,940.27625,6.6107736
11215.8,15503.4,309265.4,2067.4844
8554.45,8961.87,235881.14,2728.2446
32.55,13866.93,897.53644,5.711501
6032.5996,45386.16,166343.42,379.04068
970.3,7740.39,26755.135,357.41995
322.4,33421.92,8889.885,26.581163
16873.299,21541.2,465265.78,2238.6448
15171.399,26934.33,418337.47,1609.5287
69.75,17759.31,1923.2925,10.229672
8287.85,21303.69,228529.88,1111.3362
41642.297,40767.332,1148248.2,2919.5952
38334.598,89742.24,1057041.5,1220.358
128.65,39896.46,3547.406,8.219861
1038.5,22963.65,28635.688,128.30478
51.149998,17982.9,1410.4144,7.132702
50145.598,68497.71,1382719.0,2092.176
-6.2,11022.03,-170.95932,-2.6083446
18.599998,8828.76,512.8779,5.023684
5166.15,15901.86,142451.86,927.8981
11493.25,23395.17,316915.84,1403.642
9927.75,9871.89,273748.62,2874.4084
8430.45,9335.97,232461.95,2580.9055
27889.148,32831.19,769017.75,2427.8325
23246.898,16724.01,641011.94,3973.4185
17.05,16106.311,470.13812,2.026755
7157.9,22351.17,197372.55,914.6603
72.85,16001.04,2008.7721,12.017582
61488.5,76917.57,1695489.1,2284.69
9713.85,8704.35,267850.53,3189.833
2283.15,17667.96,62955.77,368.48517
22160.35,35240.22,611051.4,1796.9889
60.449997,24420.03,1666.8534,6.077813
4402.0,12160.86,121381.125,1033.9867
4941.4,26488.89,136254.58,532.3781
5302.55,17730.6,146212.95,854.08704
88.35,18710.22,2436.1704,12.501333
30559.799,43489.56,842658.5,2008.1598
51745.2,59875.14,1426826.5,2469.9988
45490.95,58348.29,1254371.2,2228.1836
7880.1997,25338.75,217289.3,888.20325
-1.55,19362.72,-42.73983,-1.2288834
5759.8,16793.61,158821.2,979.64606
16988.0,23330.791,468428.56,2080.9092
46932.45,49581.3,1294119.4,2705.4768
-4.6499996,18972.09,-128.21948,-1.7007881
128.65,31457.46,3547.406,10.693247
49.6,13814.73,1367.6746,9.265692
83.7,23503.05,2307.951,9.182402
97.649994,12731.58,2692.6094,20.930014
74.399994,18007.26,2051.5117,10.813382
44.949997,8787.87,1239.4551,13.624971
187.54999,10645.32,5171.5195,49.3741
17699.45,46185.69,488046.12,1094.7242
15372.899,32441.43,423893.62,1353.8922
85.25,21802.2,2350.6907,10.180032
207.7,37017.63,5727.137,15.042679
7427.5996,17566.17,204809.27,1207.9835
21366.75,47815.2,589168.56,1276.6781
15568.199,35483.82,429278.84,1253.4604
42018.95,75767.43,1158634.1,1584.6658
108698.4,117515.25,2997259.0,2643.7092
20903.299,30731.88,576389.3,1943.7987
-37.199997,19371.42,-1025.7559,-6.490734
91.45,16909.32,2521.65,14.463454
15056.699,22099.74,415174.72,1947.012
69.75,9981.51,1923.2925,18.980068
7444.65,17473.95,205279.4,1217.154
10777.149,10245.12,297170.03,3006.7092
12923.899,31639.291,356364.72,1166.9274
41668.65,30589.2,1148974.9,3893.846
12940.949,54019.17,356834.84,683.96313
7.75,9799.68,213.69916,1.261199
102.299995,24654.06,2820.8289,10.864137
8038.3,16032.36,221648.77,1432.5596
42156.9,32181.3,1162437.9,3744.5366
8222.75,11031.6,226734.81,2130.2166
22411.45,17419.14,617975.2,3677.6816
32.55,13238.79,897.53644,6.0299406
117.799995,33126.99,3248.227,9.167456
51131.4,49105.41,1409901.5,2976.1953
6124.05,5367.9,168865.08,3260.995
69.75,20401.5,1923.2925,8.775323
55.8,24899.4,1538.6339,5.4075837
60.449997,17255.58,1666.8534,9.016494
32.55,20137.89,897.53644,3.6215324
23570.85,29342.49,649944.6,2295.8215
72.85,17771.49,2008.7721,10.720731
32.55,11042.04,897.53644,7.428507
24203.25,39243.96,667382.5,1762.3961
7458.5996,17700.15,205664.06,1203.8398
-4.6499996,8383.32,-128.21948,-2.5859365
23781.648,34209.27,655757.2,1986.6831
19623.0,17943.75,541086.25,3125.8079
6337.9497,7926.57,174763.17,2285.191
48.05,10912.41,1324.9348,11.589883
29660.799,25794.63,817869.4,3286.7783
100.75,21999.69,2778.089,12.094156
3828.5,5478.39,105567.38,1997.1343
74.399994,14886.57,2051.5117,13.289835
83266.0,83631.36,2295983.8,2845.7383
291.4,18939.9,8035.0884,42.9907
13109.899,20152.68,361493.47,1859.011
30479.2,36680.94,840436.06,2374.812
48.05,14455.05,1324.9348,8.504358
85.25,21374.16,2350.6907,10.403924
9.299999,26813.4,256.43896,-0.008300662
28930.75,57586.17,797738.94,1435.4498
8980.7,27963.541,247634.6,917.2628
83.7,11774.58,2307.951,19.324928
5342.8496,25111.68,147324.19,607.3397
31.0,14877.0,854.79663,4.957929
3648.7,22230.24,100609.56,468.2918
10.849999,24122.49,299.1788,0.28604615
33658.25,37907.64,928095.44,2537.7139
72.85,15721.7705,2008.7721,12.248817
333.25,15507.75,9189.063,60.442707
80.6,16924.11,2222.4712,12.616899
93.0,17093.76,2564.39,14.555871
52.699997,9798.81,1453.1542,14.377519
21428.75,25347.45,590878.2,2416.1943
71.299995,15341.58,1966.0321,12.288269
22493.6,35042.73,620240.44,1834.3125
35.649998,12912.54,983.01605,6.893994
6793.65,19678.53,187328.69,986.0963
999.74994,11682.36,27567.19,243.68636
46430.25,44492.67,1280271.6,2982.7437
57813.45,75741.33,1594153.0,2181.4531
35989.45,39460.59,992376.1,2606.7178
21749.6,57263.4,599725.3,1084.9833
40675.098,42715.26,1121578.6,2721.667
218.54999,11148.18,6026.316,55.05261
69.75,16318.59,1923.2925,11.221108
3783.5498,13764.2705,104327.92,784.95056
24660.5,50400.84,679990.75,1397.9852
435.55,11272.59,12009.893,109.474815
497.55,5318.31,13719.485,266.49277
1770.1,14602.08,48808.887,345.60278
38.75,9614.37,1068.4958,10.5239105
362.69998,29183.28,10001.12,34.5355
52855.0,70453.47,1457428.2,2144.0266
57.35,9840.57,1581.3738,15.663343
23327.5,26063.46,643234.5,2558.0874
49.6,19937.791,1367.6746,6.113013
34380.55,31113.81,948012.25,3158.4292
117.799995,22625.22,3248.227,13.886804
80.6,15538.2,2222.4712,13.83144
58.899998,21366.33,1624.1135,6.8819623
7977.8496,13177.0205,219981.9,1730.0819
11315.0,30221.19,312000.78,1069.5132
-17.05,10143.33,-470.13812,-5.8061
52.699997,16934.55,1453.1542,7.8978662
3.1,9033.21,85.47966,-0.018775105
13509.8,26520.21,372520.38,1455.535
1137.7,11103.811,31371.035,291.95755
12.4,13042.17,341.91864,1.7184465
8540.5,30657.06,235496.47,795.5293
18992.15,43038.03,523691.2,1260.7426
11888.5,25598.88,327814.5,1326.8685
68.2,25600.621,1880.5525,6.6169806
23558.45,25658.91,649602.7,2624.1704
54.25,14310.63,1495.8942,9.83902
29742.95,92508.84,820134.6,918.2842
-13.95,6650.2803,-384.65848,-6.997679
58.899998,14699.5205,1624.1135,10.456741
277.44998,20438.041,7650.4297,37.81454
35574.05,16380.36,980921.94,6208.5317
11395.6,16060.2,314223.25,2027.7814
10453.199,6668.55,288237.4,4480.9478
12.4,10970.7,341.91864,2.2317393
607.6,24159.03,16754.014,70.90967
15960.35,26392.32,440092.03,1728.0748
4.6499996,18022.92,128.21948,-0.26230514
43.399998,20784.3,1196.7152,4.970398
26715.799,48428.55,736663.7,1576.305
3.1,13558.08,85.47966,-0.34624887
3809.9,23450.85,105054.51,463.51953
82.149994,32507.55,2265.211,6.2255726
21577.549,24665.371,594981.2,2500.2866
10876.35,10879.35,299905.4,2857.441
1574.7999,12204.36,43423.668,367.94308
111.6,12695.04,3077.2678,24.135012
48.05,8819.19,1324.9348,14.57807
98615.65,114174.45,2719236.2,2468.596
80.6,22147.59,2222.4712,9.405371
9591.399,13043.04,264474.06,2101.5781
46.5,18658.89,1282.195,6.125513
14025.949,17790.63,386752.72,2253.187
74.399994,28262.82,2051.5117,6.526731
34093.8,24285.18,940105.4,4013.053
116567.75,209367.23,3214249.0,1590.9106
29147.75,36458.22,803722.56,2284.9072
-6.2,11070.75,-170.95932,-2.6012664
40.3,9614.37,1111.2356,10.984866
-3.1,10584.42,-85.47966,-1.8374205
192.2,10022.4,5299.7393,53.831562
-4.6499996,6692.04,-128.21948,-2.9867506
-37.199997,19208.73,-1025.7559,-6.537238
29.449999,16320.33,812.05676,4.1594725
20.15,14123.58,555.6178,3.0792398
69.75,18046.41,1923.2925,10.051021
26071.0,43821.9,718884.0,1700.0438
32.55,11376.99,897.53644,7.1803637
6660.3496,11750.22,183653.05,1619.6903
9633.25,18999.06,265628.06,1448.7385
10.849999,11482.26,299.1788,1.7017884
1559.2999,46640.7,42996.27,94.59025
37.199997,11417.01,1025.7559,8.316215
20241.45,64261.68,558139.44,899.61365
35.649998,21871.8,983.01605,3.660408
43.399998,15946.23,1196.7152,6.7818108
14424.3,24994.23,397736.88,1649.0762
25567.25,25660.65,704993.5,2847.822
32.55,22385.97,897.53644,3.157421
55.8,21953.58,1538.6339,6.2673793
68.2,31160.791,1880.5525,5.257846
45686.25,38433.12,1259756.5,3397.825
5370.75,17963.76,148093.52,853.8436
1209.0,5879.46,33337.07,586.9466
93.0,34137.06,2564.39,6.789433
44.949997,37504.832,1239.4551,2.4268212
10.849999,9580.44,299.1788,2.238122
32.55,19115.64,897.53644,3.8686786
0.0,9201.12,0.0,-1.0
77.5,5985.6,2136.9917,36.020565
12632.5,13810.38,348329.62,2614.3672
3.1,8498.16,85.47966,0.04300344
7711.25,26412.33,212630.67,833.77045
63.55,12808.14,1752.3331,13.186606
34.1,10871.5205,940.27625,7.968361
7018.4,20388.45,193525.95,983.24426
40.3,13779.061,1111.2356,7.362467
1396.5499,9985.86,38508.586,398.87106
57.35,10316.46,1581.3738,14.894677
9304.649,15412.05,256567.2,1725.1901
31.0,14594.25,854.79663,5.073358
9236.45,16163.73,254686.67,1632.8512
10023.85,25324.83,276398.47,1130.7147
179304.0,90794.07,4944144.0,5645.5283
18294.65,19004.28,504458.25,2751.4644
24133.5,26113.05,665459.2,2641.48
10.849999,15799.2,299.1788,0.9635575
11152.25,23840.61,307513.1,1336.5011
134.84999,23284.68,3718.3652,15.55883
86.799995,19849.92,2393.4304,11.502876
48.05,20848.68,1324.9348,5.589672
17342.95,12855.12,478215.97,3856.4102
77.5,16201.14,2136.9917,12.67745
101613.34,138516.19,2801895.0,2096.4866
7936.0,17921.13,218827.94,1265.1501
51.149998,12675.03,1410.4144,10.538401
-4.6499996,10195.53,-128.21948,-2.3040435
8070.8496,24421.77,222546.3,943.91144
29282.6,28981.44,807440.9,2887.941
7151.6997,15753.09,197201.58,1297.0532
102.299995,14979.66,2820.8289,18.526423
18.599998,16434.3,512.8779,2.236016
51.149998,11501.4,1410.4144,11.715806
-6.2,13698.15,-170.95932,-2.2941325
4459.35,18108.18,122962.5,703.1185
35650.0,46848.63,983016.1,2174.7632
204.59999,20574.63,5641.6577,27.432991
74.399994,19729.86,2051.5117,9.781964
86.799995,20997.45,2393.4304,10.819583
30466.799,51723.242,840094.1,1683.1862
47343.2,54148.8,1305445.4,2498.8718
263.5,8366.79,7265.7715,89.04731
113.149994,5815.08,3120.0076,54.634968
32985.55,46498.02,909546.4,2027.3284
1.55,9333.36,42.73983,-0.5251651
30194.0,54598.59,832571.94,1580.2052
66.65,18631.92,1837.8129,9.22802
43.399998,20444.13,1196.7152,5.0697393
127.1,11142.09,3504.6663,31.615788
11812.55,26978.7,325720.25,1250.9058
3558.7998,19349.67,98130.65,524.8707
15.5,17656.65,427.39832,1.5099921
42084.047,43757.52,1160429.1,2748.8804
6999.8,25046.43,193013.08,798.0773
61201.75,32070.81,1687582.2,5455.3584
14723.449,36962.82,405985.66,1137.9207
14087.949,27110.07,388462.3,1484.8197
24.8,11196.03,683.8373,5.333395
39430.45,36183.3,1087258.6,3114.8213
94136.15,106216.56,2595718.2,2533.0383
28947.799,30349.08,798209.06,2726.2126
1289.6,21176.67,35559.54,173.11906
19915.95,25169.97,549164.06,2261.389
26.349998,12263.5205,726.5771,5.14348
24.8,19467.12,683.8373,2.642495
58.899998,18310.02,1624.1135,8.197619
3495.25,11902.47,96378.32,838.6342
54.25,28646.49,1495.8942,4.4147363
32.55,12837.72,897.53644,6.249567
11989.25,19332.27,330592.6,1772.2017
11152.25,37142.04,307513.1,857.51074
13.95,15459.03,384.65848,1.580126
10547.75,25227.39,290844.56,1194.464
694.39996,28661.28,19147.443,68.27286
24.8,19687.23,683.8373,2.6017706
83.7,23252.49,2307.951,9.292123
440.19998,22652.19,12138.111,54.563404
86.799995,29725.291,2393.4304,7.3491564
1.55,9372.51,42.73983,-0.5271485
26.349998,15024.03,726.5771,4.014679
49262.098,21051.39,1358357.2,6689.8467
626.19995,26206.14,17266.89,67.32175
66386.5,93499.77,1830547.0,2029.1036
41.85,14426.34,1153.9755,7.294463
19872.549,35629.11,547967.4,1593.7684
57.35,21348.93,1581.3738,6.680797
38.75,18351.78,1068.4958,5.0372972
62652.547,34653.84,1727586.6,5168.355
5121.1997,17597.49,141212.39,831.0893
77.5,14967.48,2136.9917,13.804781
21053.648,33677.7,580535.1,1786.4502
33641.2,23338.621,927625.3,4120.405
2921.75,8871.39,80564.586,940.67365
198.4,31061.61,5470.698,17.262772
58.899998,24308.67,1624.1135,5.9279237
52.699997,16080.21,1453.1542,8.37061
330.15,8393.76,9103.584,111.46147
69.75,12640.23,1923.2925,14.777501
69.75,22453.83,1923.2925,7.881837
46.5,9935.4,1282.195,12.381863
37.199997,26536.74,1025.7559,3.0081534
-6.2,18687.6,-170.95932,-1.9486089
63.55,11356.11,1752.3331,15.000551
4183.4497,20110.92,115354.8,593.7735
42124.348,47546.37,1161540.4,2532.1729
21.699999,16753.59,598.3576,2.7034018
-77.5,5560.17,-2136.9917,-40.85315
51.149998,17868.06,1410.4144,7.184972
1193.5,16063.68,32909.67,211.43517
12252.75,36848.85,337858.38,949.73303
8568.399,22538.22,236265.78,1085.9988
52.699997,19401.87,1453.1542,6.766333
15.5,16389.93,427.39832,1.7039807
24.8,10017.18,683.8373,6.0787277
24.8,13942.62,683.8373,4.0857644
-41.85,12051.24,-1153.9755,-10.929164
24.8,10582.68,683.8373,5.7004657
24831.0,29017.11,684692.1,2445.7468
25038.7,18186.48,690419.25,3935.517
32.55,12541.05,897.53644,6.421062
1680.2,56082.81,46329.977,84.66042
40.3,13492.83,1111.2356,7.5398645
82.149994,23891.94,2265.211,8.831168
18.599998,16693.56,512.8779,2.185759
4715.1,18684.99,130014.57,720.51776
-44.949997,20887.83,-1239.4551,-7.1529775
85.25,17775.84,2350.6907,12.712393
10.849999,3894.12,299.1788,6.966533
48.05,32952.12,1324.9348,3.1692605
69.75,20789.52,1923.2925,8.592875
37.199997,14890.05,1025.7559,6.143248
3678.15,16666.59,101421.62,630.00336
11036.0,19611.541,304307.6,1607.9738
93.0,7780.41,2564.39,33.176647
457.25,20351.91,12608.25,63.238815
49.6,11490.09,1367.6746,11.342616
74.399994,12556.71,2051.5117,15.941273
94.549995,29846.22,2607.1296,8.057768
41.85,15262.41,1153.9755,6.840095
26.349998,8624.31,726.5771,7.7358513
14632.0,27471.99,403464.0,1521.869
42426.598,103610.914,1169874.6,1169.7972
34.1,12899.49,940.27625,6.558416
40.3,29859.27,1111.2356,2.8590004
12378.3,21607.32,341320.28,1636.9818
647.89996,9290.73,17865.248,198.3917
72.85,21895.291,2008.7721,8.5132265
72980.195,34784.34,2012362.1,5997.881
17.05,10105.92,470.13812,3.8238912
17062.4,31313.041,470480.1,1556.9872
18028.049,18230.85,497106.97,2826.4233
406.09998,8992.32,11197.835,128.12495
137.95,18154.291,3803.845,20.726582
744.0,11254.32,20515.12,188.01778
40.3,13953.93,1111.2356,7.2576694
49.6,10778.43,1367.6746,12.157554
452.59998,10673.16,12480.03,120.24686
120.899994,20517.21,3333.7068,15.848333
10.849999,14831.76,299.1788,1.0916355
10149.399,18837.24,279860.4,1539.5367
13830.649,32527.56,381367.5,1214.7383
14069.35,35859.66,387949.44,1120.8036
82.149994,23884.11,2265.211,8.834391
24466.75,47387.16,674648.25,1475.266
474.3,24361.74,13078.389,54.66649
12936.3,24152.07,356706.62,1530.4565
-9.299999,7408.92,-256.43896,-4.5890293
44.949997,18096.0,1239.4551,6.1022515
10420.649,20727.75,287339.88,1436.4463
43.399998,15320.7,1196.7152,7.099535
82.149994,9984.12,2265.211,22.525927
40.3,10673.16,1111.2356,9.795954
18356.65,46000.38,506167.84,1139.9879
15123.35,24300.84,417012.53,1778.4086
21.699999,23753.61,598.3576,1.6120355
32.55,14139.24,897.53644,5.5822425
18834.049,26628.96,519331.66,2021.267
14614.949,28456.83,402993.84,1467.452
27008.75,22923.63,744741.56,3367.76
44.949997,31360.02,1239.4551,3.0982866
47433.098,95392.02,1307924.2,1420.7343
139129.55,123725.31,3836370.0,3214.2136
10048.649,10423.47,277082.3,2755.4136
6880.4497,17937.66,189722.11,1095.7308
44.949997,17484.39,1239.4551,6.350691
643.25,5395.74,17737.031,339.86136
-32.55,8512.95,-897.53644,-11.93251
11986.149,27669.48,330507.1,1237.5903
126793.09,93471.06,3496203.5,3877.532
-9.299999,11291.73,-256.43896,-3.3548942
74.399994,25282.2,2051.5117,7.4140873
77.5,16028.01,2136.9917,12.82519
26590.25,34803.48,733201.8,2183.4832
82.149994,12267.87,2265.211,18.14641
-15.5,16828.41,-427.39832,-3.633526
93.0,21296.73,2564.39,11.485875
3895.15,28979.7,107405.195,383.3079
34368.15,45311.34,947670.25,2167.6936
16155.649,18559.71,445477.25,2487.8699
20.15,14427.21,555.6178,2.9933896
34.1,6558.06,940.27625,13.867159
20.15,8302.41,555.6178,5.939367
78722.945,69318.99,2170713.2,3246.1182
9028.75,5794.2,248959.52,4454.363
30514.85,38754.15,841419.06,2250.3447
34.1,10658.37,940.27625,8.147714
77.5,15653.91,2136.9917,13.155587
74.399994,7542.9,2051.5117,27.202236
-17.05,11216.04,-470.13812,-5.346441
14649.05,41829.6,403934.16,1000.3243
1788.7,17173.8,49321.766,296.79684
27.9,16626.57,769.31696,3.7978926
86.799995,17416.53,2393.4304,13.249743
57.35,42797.04,1581.3738,2.8314989
94.549995,17247.75,2607.1296,14.673935
13877.149,18784.17,382649.7,2111.3079
55.8,16457.791,1538.6339,8.694193
33599.348,52063.41,926471.25,1844.2161
9653.399,26562.84,266183.66,1038.0939
23.25,12167.82,641.0975,4.4633517
23.25,7583.79,641.0975,7.7656803
11928.8,27152.7,328925.75,1255.1248
206.15,18573.63,5684.3975,30.73478
3281.3499,12221.76,90480.22,766.658
51.149998,5487.09,1410.4144,25.653397
120.899994,26445.39,3333.7068,12.071497
14540.55,33607.23,400942.38,1236.0781
12237.25,20939.16,337430.97,1669.9889
55.8,12000.78,1538.6339,12.294552
155.0,24249.51,4273.9834,17.275856
15569.75,19084.32,429321.62,2331.6736
40988.2,32115.18,1130212.1,3648.1985
6683.5996,18165.6,184294.14,1050.9852
21.699999,7078.32,598.3576,7.7655373
44.949997,11860.71,1239.4551,9.835975
41995.7,51613.62,1157993.0,2325.4272
103.85,22011.871,2863.5686,12.489582
79.049995,13941.75,2179.7312,15.211885
15975.85,38226.06,440519.44,1193.9602
-6.2,7744.74,-170.95932,-3.2889369
61634.2,73367.97,1699506.6,2400.9517
11339.8,26777.73,312684.6,1209.8228
11150.699,35930.13,307470.34,886.3447
-10.849999,13573.74,-299.1788,-3.2854893
26439.898,28274.13,729056.0,2672.7422
48866.848,56610.9,1347458.6,2467.103
31612.25,53408.43,871678.9,1691.3671
43.399998,24445.26,1196.7152,4.076262
20568.5,27652.95,567157.56,2125.7192
154762.84,100297.95,4267444.0,4410.8794
46.5,18508.38,1282.195,6.1834574
30736.5,36773.16,847530.9,2388.86
69.75,20990.49,1923.2925,8.501029
13897.3,31780.23,383205.34,1249.3235
4107.5,25803.33,113260.555,454.1461
8269.25,27549.42,228017.0,857.2279
15469.0,29203.291,426543.53,1513.5354
38367.15,66425.37,1057939.0,1650.4847
34.1,21306.3,940.27625,3.5760975
38835.25,17135.52,1070846.5,6479.042
16186.649,39959.97,446332.06,1157.1926
11890.05,21191.46,327857.25,1603.249
44.949997,13328.4,1239.4551,8.642744
19897.35,40781.25,548651.2,1394.0304
66.65,21573.39,1837.8129,7.833458
13.95,21360.24,384.65848,0.8673128
43.399998,16998.93,1196.7152,6.299904
1.55,24095.52,42.73983,-0.8160735
116.25,24480.93,3205.4873,12.57732
73423.5,76431.24,2024585.9,2745.7122
35.649998,17518.32,983.01605,4.818567
16177.35,13947.84,446075.62,3315.2664
4876.3,18266.52,134459.5,762.2795
134.84999,24637.53,3718.3652,14.649584
40.3,17750.61,1111.2356,5.491436
41.85,18747.63,1153.9755,5.3826065
38.75,14326.29,1068.4958,6.733694
7976.3,23140.26,219939.17,984.5581
-12.4,11595.36,-341.91864,-4.05764
51.149998,14900.49,1410.4144,8.815085
9861.1,26934.33,271910.8,1045.8107
6472.8,51332.61,178481.53,359.53534
62.0,16509.12,1709.5933,9.737836
38.75,15203.25,1068.4958,6.2875957
17.05,11615.37,470.13812,3.197013
44.949997,8575.59,1239.4551,13.986999
14230.55,24435.69,392394.4,1664.1222
9951.0,19128.69,274389.72,1486.4093
10724.449,19089.541,295716.88,1605.3068
-46.5,10131.15,-1282.195,-14.123303
18756.549,30276.871,517194.7,1770.2952
16282.749,49019.28,448981.9,948.7511
133.3,23323.83,3675.6257,15.341024
86.799995,27372.81,2393.4304,8.066701
83.7,40375.832,2307.951,4.927246
788.94995,7911.7803,21754.572,284.1177
33906.25,47510.7,934933.8,2039.5034
93.0,17475.69,2564.39,14.2158985
38.75,9750.09,1068.4958,10.3635
65.1,14925.72,1795.0729,11.470811
82.149994,11009.85,2265.211,20.33414
110.049995,16950.21,3034.5278,17.563673
110.049995,18402.24,3034.5278,16.098906
48.05,15864.45,1324.9348,7.6599894
812.19995,22524.3,22395.67,102.100464
-1.55,25339.621,-42.73983,-1.1748962
6.2,18644.1,170.95932,-0.049177945
72.85,20449.35,2008.7721,9.185892
71.299995,21006.15,1966.0321,8.704921
23366.25,18927.72,644303.0,3528.7158
12765.8,32337.03,352005.25,1127.7478
4905.75,23620.5,135271.56,592.83435
17.05,6103.92,470.13812,6.9866476
89.899994,17742.78,2478.9102,13.487286
13.95,10652.28,384.65848,2.744386
451.05,12454.05,12437.291,102.55309
-51.149998,9461.25,-1410.4144,-16.457745
-35.649998,8201.49,-983.01605,-13.428413
55.8,14205.36,1538.6339,10.231323
10.849999,7972.68,299.1788,2.8911173
65.1,29149.35,1795.0729,5.385591
140814.39,117946.77,3882828.0,3412.5789
41.85,12106.92,1153.9755,8.8835
18049.75,8183.22,497705.34,6305.61
83.7,9884.94,2307.951,23.210314
6717.6997,9269.85,185234.42,2071.034
14149.949,21120.99,390171.9,1914.5328
9966.5,18573.63,274817.12,1533.2455
23.25,12032.97,641.0975,4.524578
19799.7,36252.9,545958.6,1560.5823
40853.348,75897.06,1126493.8,1538.0463
38.75,17684.49,1068.4958,5.2651024
3086.0498,22603.47,85095.0,389.37033
54.25,39816.42,1495.8942,2.8957093
240.25,8242.38,6624.674,82.3412
110.049995,10817.58,3034.5278,28.087667
127.1,28823.97,3504.6663,11.6078415
125.549995,25258.71,3461.9263,13.211977
43.399998,17183.37,1196.7152,6.221549
725.39996,18709.35,20002.24,109.8582
40087.65,40254.03,1105380.2,2846.4114
38.75,14408.94,1068.4958,6.6893334
34326.3,80501.97,946516.3,1218.1846
7793.4,25317.0,214895.88,879.16425
27996.1,68105.34,771966.8,1174.3448
96.1,8003.13,2649.8696,33.33306
68.2,20994.84,1880.5525,8.28797
6770.4,14068.7705,186687.58,1374.9642
41.85,16660.5,1153.9755,6.182183
1178.0,12994.32,32482.271,258.2034
10009.899,10967.22,276013.8,2608.6494
49.6,18377.01,1367.6746,6.7171297
57.35,23553.51,1581.3738,5.961884
40.3,14653.41,1111.2356,6.86349
86.799995,11033.34,2393.4304,21.49374
122.45,5836.83,3376.4465,58.983353
1492.6499,22114.53,41158.457,191.98753
1112.9,13505.01,30687.2,234.61896
77.5,5455.77,2136.9917,39.615765
90220.84,58826.79,2487757.2,4384.113
585.89996,9591.75,16155.655,173.65242
18257.45,25968.63,503432.47,2009.2036
29166.35,60948.72,804235.44,1367.2533
80.6,17540.07,2222.4712,12.138709
15165.199,40556.79,418166.5,1068.1375
41.85,16729.23,1153.9755,6.152675
17606.45,47652.51,485481.72,1055.416
68.2,19979.55,1880.5525,8.759951
9933.949,21732.6,273919.56,1305.9508
-20.15,19450.59,-555.6178,-3.9620423
148728.7,170841.9,4101058.0,2488.1401
10552.399,25314.39,290972.75,1190.8805
31137.95,48748.71,858600.44,1825.3156
7297.4,23328.18,201219.12,893.40924
27622.549,30415.2,761666.5,2595.702
4989.4497,10807.14,137579.52,1319.0516
0.0,17893.291,0.0,-1.0
31046.5,25330.05,856078.8,3503.4958
32.55,8366.79,897.53644,10.123491
12795.25,8609.5205,352817.3,4248.314
22594.35,36202.44,623018.5,1783.477
7244.6997,13416.2705,199765.97,1542.9655
10.849999,19070.4,299.1788,0.6267427
96.1,42790.082,2649.8696,5.4213934
44726.797,50893.26,1233300.5,2511.7917
18.599998,16949.34,512.8779,2.1376834
29.449999,17665.35,812.05676,3.7666364
132690.84,114379.77,3658828.8,3315.9639
40.3,20863.47,1111.2356,4.5229034
82.149994,14097.48,2265.211,15.661535
6.2,14753.46,170.95932,0.20156372
9851.8,23908.47,271654.38,1177.1831
35.649998,13330.14,983.01605,6.646695
-20.15,22113.66,-555.6178,-3.6053338
156.54999,27030.9,4316.7227,15.559282
29618.95,32290.92,816715.44,2621.6372
38.75,17819.34,1068.4958,5.217691
10205.199,28103.61,281399.03,1037.2654
9464.3,19153.92,260969.4,1411.7971
37.199997,23249.88,1025.7559,3.57479
6.2,12772.47,170.95932,0.3879243
27.9,23201.16,769.31696,2.4382977
16178.899,25833.78,446118.34,1789.6471
43.399998,13673.79,1196.7152,8.075066
508.4,9229.83,14018.665,156.49286
37978.098,25243.92,1047211.3,4300.554
46.5,13782.54,1282.195,8.6465645
10.849999,7439.37,299.1788,3.170062
12280.649,13582.44,338627.7,2584.1904
66.65,8305.89,1837.8129,21.943676
46.5,11553.6,1282.195,10.507597
22287.45,9458.64,614556.0,6736.2188
83.7,6866.91,2307.951,33.850826
0.0,8745.24,0.0,-1.0
74.399994,26196.57,2051.5117,7.1204004
148.79999,34832.19,4103.0234,11.21437
5728.8,33917.82,157966.42,481.9306
0.0,9376.86,0.0,-1.0
27.9,16974.57,769.31696,3.6995296
20.15,21703.02,555.6178,1.6546292
51.149998,13960.0205,1410.4144,9.4763155
12700.699,37614.45,350210.16,964.4325
6984.3,27604.23,192585.67,722.42944
34388.3,41509.44,948225.94,2367.715
72358.65,35274.15,1995223.5,5864.2007
34.1,7441.11,940.27625,12.102846
9943.25,52527.992,274176.03,540.23584
93.0,15117.12,2564.39,16.58988
96.1,20672.94,2649.8696,12.291383
9146.55,10373.01,252207.75,2520.1665
128.65,23034.121,3547.406,14.969346
100.75,32585.85,2778.089,7.8402586
237.15,42560.4,6539.1943,14.931858
8486.25,22056.24,234000.58,1099.1029
26.349998,8310.24,726.5771,8.066006
32.55,14322.811,897.53644,5.497881
29.449999,12762.9,812.05676,5.5975833
7990.2495,21517.71,220323.83,1060.728
6162.8,19510.62,169933.56,902.1419
31.0,8345.04,854.79663,9.621412
3.1,11276.07,85.47966,-0.21394509
12.4,8707.83,341.91864,3.071559
2120.4,8351.13,58468.086,724.9748
20.15,8796.57,555.6178,5.549538
15.5,18986.88,427.39832,1.3341408
13.95,11280.42,384.65848,2.5358834
18725.549,24995.1,516339.88,2141.0454
24335.0,37721.46,671015.4,1843.556
41.85,16703.13,1153.9755,6.1638513
65.1,26355.78,1795.0729,6.062429
72.85,15829.65,2008.7721,12.158525
89.899994,24893.31,2478.9102,9.325854
55.8,3872.37,1538.6339,40.200863
4823.5996,32262.21,133006.34,426.49014
213.9,22311.15,5898.0967,26.411816
508.4,3667.05,14018.665,395.40372
20.15,22295.49,555.6178,1.5840864
12.4,13106.55,341.91864,1.7050934
82.149994,20866.95,2265.211,10.25635
9149.649,20603.34,252293.22,1268.743
576.6,36126.75,15899.217,44.634647
3.1,21316.74,85.47966,-0.58419484
88.35,23986.77,2436.1704,9.531343
74.399994,12551.49,2051.5117,15.9483185
74.399994,11853.75,2051.5117,16.945936
96606.84,77358.664,2663845.2,3569.655
32.55,13206.6,897.53644,6.047076
212.34999,18879.0,5855.357,31.160461
23.25,15876.63,641.0975,3.1871028
68.2,11097.72,1880.5525,16.571125
-31.0,14476.8,-854.79663,-7.1226315
17.05,17082.45,470.13812,1.8537979
15.5,8258.04,427.39832,4.3666553
96.1,24703.65,2649.8696,10.122726
96.1,29391.21,2649.8696,8.34878
10662.449,32698.08,294007.28,931.36017
110.049995,10389.54,3034.5278,29.286053
35.649998,12501.03,983.01605,7.1538496
18.599998,10474.8,512.8779,4.077105
85.25,10822.8,2350.6907,21.521833
34.1,10673.16,940.27625,8.135037
3377.45,33680.31,93130.09,285.72256
28775.75,85148.64,793465.0,965.2687
66.65,15316.35,1837.8129,11.442106
6.2,12856.86,170.95932,0.37881422
80.6,18235.2,2222.4712,11.637859
54.25,14110.53,1495.8942,9.992726
156.54999,4578.81,4316.7227,96.75735
68.2,12502.7705,1880.5525,14.596498
51.149998,20678.16,1410.4144,6.072659
117.799995,13579.83,3248.227,23.802755
18.599998,8636.49,512.8779,5.157786
9752.6,10085.04,268919.0,2763.9785
12.4,17318.22,341.91864,1.0472336
10499.699,21528.15,289519.6,1393.502
24818.6,65852.04,684350.2,1076.5986
10237.75,23312.52,282296.6,1254.6376
20.15,13638.99,555.6178,3.224174
-38.75,8940.12,-1068.4958,-13.393026
14717.25,24036.36,405814.72,1749.6809
43455.797,20848.68,1198253.9,5958.6147
13686.5,42662.19,377392.72,916.27216
29959.95,51691.05,826118.2,1656.1992
79.049995,21725.64,2179.7312,9.40347
11614.149,23277.72,320249.53,1425.5793
-15.5,6283.14,-427.39832,-8.053488
1339.2,12881.22,36927.215,296.26068
89.899994,24909.84,2478.9102,9.319002
10419.1,27526.8,287297.16,1081.2397
15693.75,16095.0,432740.8,2786.9485
10650.05,20193.57,293665.38,1506.952
12.4,10685.34,341.91864,2.3180454
172.04999,4418.73,4744.121,110.32845
69.75,19157.4,1923.2925,9.410142
20962.2,33128.73,578013.44,1808.1768
26.349998,11464.86,726.5771,5.571444
131.75,25721.55,3632.8857,13.645442
655.64996,19972.59,18078.947,92.86131
10.849999,15329.4,299.1788,1.0237346
9549.55,22184.13,263320.1,1229.8055
1.55,14059.2,42.73983,-0.6847755
99.2,19754.22,2735.349,13.358225
11277.8,23714.46,310975.0,1358.7533
51181.0,70616.164,1411269.2,2071.3047
66.65,12387.061,1837.8129,14.384413
19512.95,50924.582,538051.75,1094.5809
511.49997,34637.31,14104.144,41.223133
109440.84,81383.28,3017731.2,3843.9727
12964.199,25027.291,357475.94,1480.088
387.5,13422.36,10684.958,81.5452
34.1,9335.97,940.27625,9.443448
-43.399998,13273.59,-1196.7152,-10.34868
269.69998,11411.79,7436.7305,66.573456
12207.8,41411.13,336618.9,841.8869
0.0,12471.45,0.0,-1.0
4758.5,21610.8,131211.28,628.57605
49.6,14196.66,1367.6746,8.989516
44.949997,8459.88,1239.4551,14.191982
52.699997,18468.36,1453.1542,7.1588926
45111.2,44322.15,1243900.0,2909.131
18429.5,65743.29,508176.6,800.514
8126.65,11806.7705,224084.94,1967.0195
15230.3,8174.52,419961.6,5326.1533
109037.84,111152.07,3006618.8,2803.8438
7.75,12869.91,213.69916,0.72177017
12272.899,22951.47,338413.97,1527.9231
18796.85,47631.63,518305.94,1127.3365
12032.649,5489.7,331789.3,6266.028
2977.5498,24156.42,82103.21,351.4321
91.45,14790.0,2521.65,16.679277
43.399998,16083.69,1196.7152,6.7153034
1604.25,16034.97,44235.727,285.05722
11797.05,22957.56,325292.84,1468.2533
62.0,18328.291,1709.5933,8.672053
21991.398,21720.42,606392.7,2893.9004
21.699999,6376.23,598.3576,8.730714
40.3,15790.5,1111.2356,6.2972317
18835.6,21402.0,519374.44,2515.3677
75.95,18979.92,2094.2517,10.441484
136.4,20826.06,3761.105,17.726482
33512.55,37316.91,924077.94,2566.7385
15.5,18627.57,427.39832,1.3791645
62.0,14316.72,1709.5933,11.382181
26.349998,17073.75,726.5771,3.412662
139.5,22272.0,3846.585,16.908697
51.149998,15951.45,1410.4144,8.168419
21509.35,10216.41,593100.6,6018.743
41.85,15518.19,1153.9755,6.7108703
83.7,11414.4,2307.951,19.966278
59554.098,100001.28,1642149.8,1701.7665
79.049995,27599.88,2179.7312,7.1892405
22842.35,46531.95,629856.9,1402.5844
-31.0,12828.15,-854.79663,-7.9095
7418.3,14189.7,204552.83,1493.7898
10955.399,30320.371,302085.12,1032.1008
-58.899998,22674.81,-1624.1135,-8.427123
16166.499,69284.19,445776.44,666.1613
178.25,18698.91,4915.0806,26.256008
27163.75,29782.71,749015.56,2606.8013
17.05,16824.06,470.13812,1.8976274
137.95,33288.81,3803.845,10.848747
10212.949,44958.992,281612.72,648.50665
5087.0996,31721.94,140272.12,457.52133
-7.75,7751.7,-213.69916,-3.858602
11643.6,11715.42,321061.6,2840.701
83.7,22365.96,2307.951,9.700077
52.699997,14929.2,1453.1542,9.093064
9517.0,21068.791,262422.56,1290.5447
14425.85,70473.48,397779.6,584.2814
40.3,14737.8,1111.2356,6.818463
23.25,12308.76,641.0975,4.4007945
97.649994,23219.43,2692.6094,11.024573
6837.05,26862.121,188525.39,726.74194
117.799995,39277.02,3248.227,7.575426
89879.84,56863.2,2478354.5,4518.392
74.399994,15005.76,2051.5117,13.176332
11516.5,28288.92,317556.94,1163.0004
12.4,10996.8,341.91864,2.224069
71.299995,15593.88,1966.0321,12.073272
16907.4,27754.74,466206.1,1740.7614
52.699997,10163.34,1453.1542,13.82597
28138.7,31778.49,775898.9,2530.744
21.699999,10959.39,598.3576,4.6613803
29253.148,33157.44,806628.8,2521.5547
52.699997,15722.64,1453.1542,8.583719
71.299995,12058.2,1966.0321,15.9065895
29012.898,33204.42,800004.1,2497.2979
-3.1,17538.33,-85.47966,-1.5053852
18.599998,16307.28,512.8779,2.261222
37367.4,32818.14,1030371.8,3254.5762
74.399994,19047.78,2051.5117,10.168055
534.75,39338.79,14745.242,37.866802
18415.549,27110.94,507791.9,1941.1783
128.65,20240.55,3547.406,17.173412
95075.445,101335.86,2621618.5,2681.5894
58.899998,8135.37,1624.1135,19.700792
35.649998,4652.7603,983.01605,20.907753
12049.699,31160.791,332259.44,1104.6476
31.0,23446.5,854.79663,2.7803555
-34.1,6387.54,-940.27625,-16.264048
1622.85,21590.791,44748.605,213.9111
9943.25,23383.86,274176.03,1214.7972
6432.5,27448.5,177370.3,669.0545
48.05,15251.1,1324.9348,8.008266
-29.449999,9001.0205,-812.05676,-10.354973
48.05,13601.58,1324.9348,9.100736
120.899994,23017.59,3333.7068,14.018116
82.149994,8879.22,2265.211,25.453415
117.799995,8572.11,3248.227,38.292213
66.65,33814.29,1837.8129,4.6357136
54.25,21386.34,1495.8942,6.2529097
44.949997,12748.11,1239.4551,9.081679
60.449997,17343.45,1666.8534,8.965746
93.0,16705.74,2564.39,14.917184
25804.398,36700.082,711532.7,2009.3685
26.349998,9810.12,726.5771,6.679895
-21.699999,11413.53,-598.3576,-6.4361157
71306.195,92665.44,1966203.1,2199.1812
24868.2,31341.75,685717.9,2267.6636
31.0,7682.97,854.79663,10.536698
13733.0,11872.89,378674.9,3306.1812
23.25,14357.61,641.0975,3.6300936
54.25,22235.46,1495.8942,5.975938
20.15,11510.97,555.6178,4.0050926
-3.1,20003.041,-85.47966,-1.4431131
23.25,9195.03,641.0975,6.229675
124.0,46425.81,3419.1865,6.636796
4611.25,13992.21,127151.0,941.28296
79.049995,32430.121,2179.7312,5.96951
60.449997,15447.72,1666.8534,10.188733
82.149994,14905.71,2265.211,14.7581005
39797.797,56931.93,1097387.9,1997.7208
35594.2,31845.48,981477.5,3194.8062
70370.0,86323.14,1940388.4,2329.8232
13390.449,25248.27,369229.38,1515.3956
17.05,12400.11,470.13812,2.931405
48.05,9864.06,1324.9348,12.927934
9713.85,28059.24,267850.53,988.8388
137.95,33477.6,3803.845,10.781928
31.0,18638.88,854.79663,3.7554417
4226.85,42856.2,116551.52,281.00198
15.5,7742.13,427.39832,4.724272
283.65,5815.95,7821.389,138.44762
48.05,12977.79,1324.9348,9.586238
5874.5,19227.87,161983.97,872.55194
17801.75,26859.51,490866.97,1894.0192
29.449999,8895.75,812.05676,8.465677
17.05,16596.12,470.13812,1.9374251
2958.95,31834.17,81590.336,264.76212
3966.45,20084.82,109371.23,563.6548
17259.25,39101.28,475908.03,1261.0597
40696.797,83565.24,1122177.0,1391.4626
40162.047,26584.59,1107431.8,4318.514
108.5,30061.98,2991.7883,9.31956
80.6,17066.791,2222.4712,12.503059
93.0,14780.43,2564.39,16.990568
82.149994,28114.05,2265.211,7.354743
35105.95,35495.13,968014.44,2826.88
18998.35,26436.69,523862.12,2053.7444
6.2,10822.8,170.95932,0.6379515
181.34999,18265.65,5000.56,27.387777
46.5,10544.4,1282.195,11.608983
11115.05,13407.57,306487.34,2369.3384
20.15,25300.47,555.6178,1.27717
139.5,26150.46,3846.585,14.252599
10104.449,38889.87,278620.94,741.89105
25519.2,26762.94,703668.56,2725.3538
155.0,15180.63,4273.9834,28.19382
41729.098,42432.51,1150641.8,2810.8313
1811.95,20981.791,49962.863,245.91794
21989.85,28978.83,606350.0,2168.6536
9428.649,29867.97,259986.38,901.59467
36291.7,41878.32,1000710.44,2476.8047
35281.098,36312.93,972844.0,2776.9844
8036.7495,32914.71,221606.02,697.13495
62.0,14406.33,1709.5933,11.305161
58.899998,13321.44,1624.1135,11.641921
44.949997,20431.08,1239.4551,5.2905316
14018.199,18835.5,386539.03,2126.9631
162.75,17710.59,4487.682,25.274652
83.7,8601.69,2307.951,26.822147
173.59999,63426.48,4786.861,6.8257875
9.299999,30562.23,256.43896,-0.12994468
15675.149,36915.84,432227.9,1213.0818
82.149994,14733.45,2265.211,14.94234
133.3,26763.81,3675.6257,13.240695
119.35,24611.43,3290.967,12.865469
7236.9497,13530.24,199552.27,1528.3224
34.1,16364.7,940.27625,4.9579287
29769.299,36635.7,820861.2,2322.3418
136.4,7180.98,3761.105,53.30998
31.0,21729.99,854.79663,3.0789762
5930.3,18565.8,163522.6,912.2968
17536.7,24160.77,483558.44,2074.3247
77.5,13637.25,2136.9917,15.248898
52.699997,21147.96,1453.1542,6.125102
21.699999,10815.84,598.3576,4.736519
20.15,7681.23,555.6178,6.5005527
31548.7,33304.47,869926.5,2707.4941
51.149998,17771.49,1410.4144,7.2294493
283.65,14130.54,7821.389,56.394863
51895.547,69451.23,1430972.2,2135.4817
6.2,13386.69,170.95932,0.32424223
17505.7,38280.87,482703.66,1306.5149
1311.2999,33486.3,36157.895,110.96539
46596.098,68861.37,1284844.8,1933.7412
1043.15,18599.73,28763.908,159.35744
-9.299999,18568.41,-256.43896,-2.4320467
-24.8,10207.71,-683.8373,-7.9466004
156.54999,40610.73,4316.7227,10.02202
34.1,10967.22,940.27625,7.8901033
129814.05,126540.63,3579503.5,2932.193
72859.3,45413.13,2009028.5,4586.2515
145.7,7349.7603,4017.5442,55.680717
24832.549,45891.63,684734.8,1546.1656
69.75,13525.0205,1923.2925,13.745357
21.699999,14482.89,598.3576,3.2840395
75.95,12805.53,2094.2517,15.958179
21912.35,29040.6,604213.0,2156.4084
24232.7,30369.96,668194.5,2280.427
14512.649,43011.06,400173.03,963.7518
1134.6,15889.68,31285.557,203.16281
23287.2,20552.88,642123.2,3238.616
40.3,19562.82,1111.2356,4.8900986
27315.648,35743.95,753204.0,2184.033
62981.15,80988.3,1736647.5,2222.501
37350.348,28678.68,1029901.7,3722.7842
38.75,5052.96,1068.4958,20.92678
46.5,19696.8,1282.195,5.7500386
72.85,13266.63,2008.7721,14.700662
-29.449999,17505.27,-812.05676,-5.810226
11142.949,29125.86,307256.62,1092.8818
478.94998,74274.51,13206.607,17.437387
10.849999,19985.64,299.1788,0.5522462
56165.797,74884.38,1548720.5,2143.5178
2493.95,7435.02,68768.39,958.07947
643.25,4550.1,17737.031,403.21075
35.649998,15589.53,983.01605,5.5384603
117.799995,18537.09,3248.227,17.169907
111.6,4690.17,3077.2678,67.03378
42607.95,65650.2,1174875.2,1854.682
23.25,17512.23,641.0975,2.7960372
18514.75,40833.45,510527.28,1295.435
144.15,4330.86,3974.8042,94.16768
35907.3,63784.92,990111.0,1608.5844
84746.25,105298.71,2336800.2,2300.1577
34.1,17208.6,940.27625,4.6657553
40241.098,41064.87,1109611.5,2800.8726
75999.6,79021.23,2095619.5,2748.8977
99.2,17481.78,2735.349,15.224638
12.4,10328.64,341.91864,2.4326344
75.95,25718.94,2094.2517,7.4435234
55.8,8740.89,1538.6339,17.252718
37012.45,39928.65,1020584.44,2649.4048
77.5,19057.35,2136.9917,10.62755
68913.0,110097.63,1900212.9,1788.6667
18727.1,30203.791,516382.66,1771.7931
13618.3,36727.05,375512.16,1059.1952
74.399994,16976.31,2051.5117,11.530793
11945.85,53821.68,329395.88,633.61273
27.9,8754.81,769.31696,8.111849
69.75,16322.07,1923.2925,11.218502
54.25,12577.59,1495.8942,11.332505
2449.0,45715.02,67528.94,152.17183
3.1,11010.72,85.47966,-0.19500172
34.1,11627.55,940.27625,7.385233
11885.399,11637.99,327729.03,2919.013
6389.0996,19596.75,176173.58,931.19037
799.8,14048.76,22053.754,161.77676
103.85,22585.2,2863.5686,12.147148
325.5,18901.62,8975.364,48.23806
4.6499996,7277.55,128.21948,0.8269081
25540.898,40154.85,704266.94,1817.6418
65.1,18838.11,1795.0729,8.880813
32.55,15217.17,897.53644,5.11598
-51.149998,15767.01,-1410.4144,-10.27567
71.299995,29559.99,1966.0321,5.8965864
-9.299999,3602.67,-256.43896,-8.380867
99.2,17435.67,2735.349,15.267544
117.799995,11555.34,3248.227,28.148186
68630.9,89328.99,1892434.2,2195.7278
75.95,14338.47,2094.2517,14.145164
24.8,27746.041,683.8373,1.5556397
8738.899,19155.66,240967.16,1303.3934
3286.0,22602.6,90608.445,414.6791
210.79999,21320.22,5812.6167,27.270132
12331.8,25717.2,340038.1,1370.0452
14582.399,29957.58,402096.3,1390.7821
102.299995,23219.43,2820.8289,11.597173
72.85,14268.87,2008.7721,13.597853
49.6,15084.93,1367.6746,8.401288
142.59999,12970.83,3932.0642,30.434076
74.399994,16565.67,2051.5117,11.841415
10611.3,13388.43,292596.88,2265.1462
1077.25,7646.43,29704.184,401.81607
1049.35,15817.47,28934.865,188.68472
25255.7,29151.96,696402.8,2476.0833
13756.25,23052.39,379316.0,1705.2123
113.149994,31251.27,3120.0076,9.352277
-32.55,21509.01,-897.53644,-5.326927
11738.149,24079.86,323668.72,1392.7814
72.85,13929.57,2008.7721,13.95343
147.25,30148.11,4060.284,12.965105
21.699999,9627.42,598.3576,5.4446416
54.25,22608.69,1495.8942,5.860778
86.799995,18310.02,2393.4304,12.554387
1509.7,28448.13,41628.594,150.73505
137.95,29206.77,3803.845,12.504769
37.199997,16698.78,1025.7559,5.369527
13711.3,29537.371,378076.56,1326.2593
3453.4,10718.4,95224.34,920.22534
17.05,13809.51,470.13812,2.5301657
79.049995,18594.51,2179.7312,11.155311
20.15,18601.47,555.6178,2.0972533
40.3,9589.14,1111.2356,11.016399
195.29999,31500.96,5385.2188,16.72668
224.75,8180.61,6197.276,77.55305
1460.1,38443.56,40260.92,107.59454
9476.7,5193.9,261311.34,5215.901
7249.3496,5559.3,199894.19,3727.4465
85.25,5489.7,2350.6907,43.401203
8170.05,17423.49,225281.66,1339.7214
17758.35,47710.8,489670.25,1063.2285
24302.45,36105.0,670117.8,1923.561
51.149998,17686.23,1410.4144,7.269121
65.1,23238.57,1795.0729,7.009779
1971.6,25211.73,54365.066,222.59657
12076.05,23929.35,332986.03,1441.9225
838.55,19709.85,23122.248,120.645096
11048.399,42204.57,304649.5,747.49493
43.399998,13991.34,1196.7152,7.8690968
34952.5,43172.88,963783.2,2313.8145
272.8,12039.061,7522.21,63.788918
109933.75,169061.02,3031322.5,1858.2446
86.799995,24706.26,2393.4304,9.045272
86.799995,18341.34,2393.4304,12.53124
6699.0996,11771.1,184721.55,1626.228
21628.7,27585.09,596391.6,2240.842
217.0,45717.63,5983.5767,12.571411
3064.3499,20398.02,84496.64,428.53577
12959.55,21752.61,357347.72,1702.4426
3451.8499,13574.61,95181.6,726.0655
48.05,12572.37,1324.9348,9.927611
10.849999,8037.06,299.1788,2.8599484
68.2,20324.94,1880.5525,8.594097
1125.2999,23452.59,31029.115,136.19127
26963.799,37543.98,743502.06,2052.4766
1526.75,20854.77,42098.734,208.32039
5995.4,32845.11,165317.67,520.911
29.449999,19320.09,812.05676,3.3583803
32.55,12348.78,897.53644,6.5366077
52855.0,42616.082,1457428.2,3545.1863
38.75,10810.62,1068.4958,9.248731
80.6,30076.77,2222.4712,6.662188
9456.55,31601.01,260755.7,854.6196
25940.799,22342.47,715293.8,3318.7178
63.55,12914.28,1752.3331,13.070008
5996.9497,48786.992,165360.4,350.45956
226.29999,3444.33,6240.015,186.85759
29237.648,44769.332,806201.44,1866.2859
16688.85,18035.97,460179.75,2644.6711
15713.899,9733.56,433296.4,4614.952
12289.949,16515.21,338884.1,2126.7224
1810.3999,19576.74,49920.12,263.4132
21.699999,13980.9,598.3576,3.4378595
29527.5,44691.03,814193.8,1888.1016
34.1,10410.42,940.27625,8.365589
-35.649998,10921.98,-983.01605,-10.332695
-18.599998,10385.19,-512.8779,-6.1209135
531.64996,15165.84,14659.762,99.232445
46.5,11470.08,1282.195,10.59139
77.5,20891.31,2136.9917,9.606816
9906.05,11436.15,273150.25,2475.6785
34747.9,38178.21,958141.5,2601.3276
7610.5,23944.14,209852.58,907.7887
121329.34,89341.17,3345545.8,3881.9626
68.2,19695.93,1880.5525,8.900494
3.1,9228.09,85.47966,-0.03949666
34.1,14475.93,940.27625,5.7352996
37.199997,8888.79,1025.7559,10.966006
13564.05,45746.34,374016.25,846.7777
21593.049,68648.22,595408.56,898.3602
134.84999,19796.85,3718.3652,18.476183
94.549995,10625.31,2607.1296,24.443035
17449.9,21577.74,481165.03,2311.2563
69.75,10580.07,1923.2925,17.849709
31.0,15580.83,854.79663,4.688792
58.899998,22505.16,1624.1135,6.4831104
48.05,33009.54,1324.9348,3.1620083
7860.05,31457.46,216733.69,713.4151
173.59999,12907.32,4786.861,37.455868
3551.0498,24179.91,97916.95,418.90503
16169.6,27036.121,445861.9,1709.0304
38.75,8893.14,1068.4958,11.458495
468.09998,23019.33,12907.429,57.142662
23011.299,37820.64,634515.5,1738.6475
13123.85,21468.121,361878.16,1746.8986
229.4,9421.23,6325.495,68.620125
9100.05,36091.082,250925.55,719.9296
17.05,15737.43,470.13812,2.0977013
116.25,47914.38,3205.4873,5.93707
101022.8,90561.78,2785611.2,3188.506
9847.149,17905.47,271526.12,1571.4388
89.899994,23261.19,2478.9102,10.050367
3919.95,32118.66,108089.03,347.95715
4942.9497,15638.25,136297.31,902.7473
16589.65,23208.121,457444.44,2042.8369
51.149998,8636.49,1410.4144,15.933914
58.899998,14101.83,1624.1135,10.942323
37.199997,8577.33,1025.7559,11.4005165
116.25,39659.82,3205.4873,7.38091
3684.3499,21834.39,101592.58,481.4683
34.1,13733.82,940.27625,6.0992417
11874.55,28965.78,327429.84,1171.1439
5003.4,12469.71,137964.17,1146.2494
20926.549,32234.371,577030.44,1855.2113
57.35,22724.4,1581.3738,6.2158914
17195.7,13812.99,474155.7,3558.4355
-12.4,8666.94,-341.91864,-5.0907683
9718.5,23322.96,267978.75,1190.4191
63.55,20552.88,1752.3331,7.840806
21106.35,29151.09,581988.3,2069.1765
14177.85,25819.86,390941.22,1569.021
156.54999,10770.6,4316.7227,40.55872
44.949997,17046.78,1239.4551,6.539392
6750.25,11029.86,186131.97,1748.8419
8064.65,17741.041,222375.34,1298.7368
89.899994,21794.371,2478.9102,10.794087
16654.75,39686.79,459239.5,1198.8892
96.1,27566.82,2649.8696,8.967487
46.5,12879.48,1282.195,9.322945
320.84998,5269.59,8847.145,173.09015
40.3,9476.04,1111.2356,11.15982
40.3,11649.3,1111.2356,8.891318
34.1,13629.42,940.27625,6.1536217
117.799995,20106.57,3248.227,15.751598
20.15,8831.37,555.6178,5.5237293
74.399994,9966.72,2051.5117,20.343697
57883.2,47485.47,1596076.2,3484.3052
3332.5,15379.86,91890.64,618.5363
69.75,12936.03,1923.2925,14.416728
60.449997,19025.16,1666.8534,8.084833
16698.15,43286.85,460436.22,1101.964
10270.3,21275.85,283194.12,1379.2101
72.85,14174.91,2008.7721,13.694615
89.899994,5530.59,2478.9102,45.476906
33892.3,34543.35,934549.2,2804.3403
38046.3,52440.12,1049092.0,2073.425
2228.9,12850.7705,61459.875,494.91858
-21.699999,10795.83,-598.3576,-6.7471514
14831.949,23678.791,408977.44,1789.9675
12947.149,23396.91,357005.8,1581.2119
49984.4,71563.59,1378274.1,1996.061
23.25,25160.4,641.0975,1.6421313
9929.3,16844.94,273791.34,1684.3812
77.5,13261.41,2136.9917,15.709406
108.5,20190.09,2991.7883,14.365281
29915.0,35730.03,824878.75,2392.8923
79074.8,72820.74,2180415.2,3103.7883
210.79999,23722.291,5812.6167,24.407558
22947.75,15237.18,632763.2,4305.104
12781.3,31973.371,352432.66,1141.9719
28769.549,31259.97,793294.0,2630.4402
-4.6499996,15548.64,-128.21948,-1.8550854
60.449997,24067.68,1666.8534,6.1814322
15.5,8274.57,427.39832,4.355934
10008.35,20782.56,275971.1,1375.9318
201.5,22885.35,5556.178,24.174828
17776.95,27304.08,490183.12,1860.5671
105.399994,31170.36,2906.3083,8.668247
-4.6499996,9496.92,-128.21948,-2.3999712
48.05,14067.03,1324.9348,8.766523
71.299995,20706.0,1966.0321,8.845602
30166.1,37178.582,831802.6,2318.9324
68.2,15686.97,1880.5525,11.430663
71.299995,9396.0,1966.0321,20.696789
40.3,7416.75,1111.2356,14.536042
21.699999,7627.29,598.3576,7.1346416
36831.098,77473.5,1015583.8,1358.2848
8487.8,7823.04,234043.31,3101.1914
93.0,21987.51,2564.39,11.093608
438.65,38526.21,12095.372,31.554482
66781.75,50511.332,1841445.6,3779.2275
5460.65,29826.21,150572.42,522.4741
56978.0,61089.66,1571116.2,2665.788
20094.2,54331.5,554079.2,1056.4698
57.35,20160.51,1581.3738,7.133564
-3.1,14533.35,-85.47966,-1.6098808
82.149994,23939.791,2265.211,8.811518
-6.2,20421.51,-170.95932,-1.8680661
60.449997,19551.51,1666.8534,7.8402586
589.0,18696.3,16241.136,89.0759
57.35,12813.36,1581.3738,11.79733
14173.199,28967.52,390813.0,1397.9608
110.049995,11625.811,3034.5278,26.065483
-29.449999,11847.66,-812.05676,-8.107252
137.95,18692.82,3803.845,20.10065
3794.4,25176.06,104627.11,429.92764
6697.55,15695.67,184678.81,1219.0709
-29.449999,9897.99,-812.05676,-9.507212
9.299999,8943.6,256.43896,1.9731688
638.6,11123.82,17608.81,163.1436
51.149998,22208.49,1410.4144,5.5853004
6754.9,4590.99,186260.19,4205.8936
31.0,9571.74,854.79663,8.260187
13785.699,51042.03,380128.03,771.23566
36394.0,77510.914,1003531.25,1341.505
54.25,9630.03,1495.8942,15.107239
59458.0,76598.28,1639500.0,2218.424
35.649998,20947.86,983.01605,3.8659635
38246.25,78501.84,1054605.4,1392.0221
75.95,10862.82,2094.2517,18.990984
17725.799,27645.99,488772.7,1832.254
333.25,11696.28,9189.063,80.46506
32010.6,54734.31,882663.0,1671.1804
48.05,10109.4,1324.9348,12.589922
75.95,9132.39,2094.2517,22.77893
60.449997,4521.39,1666.8534,37.227272
6.2,10709.7,170.95932,0.655249
33633.45,41893.11,927411.6,2294.5027
44.949997,11542.29,1239.4551,10.13491
18076.1,27184.02,498431.9,1900.2534
44.949997,14633.4,1239.4551,7.7828083
6.2,13991.34,170.95932,0.2670138
25054.2,57084.18,690846.6,1253.9135
-20.15,10804.53,-555.6178,-6.3323436
15487.6,27936.57,427056.4,1584.1123
24.8,8428.56,683.8373,7.4129305
80.6,23255.1,2222.4712,8.909821
-10.849999,7429.8,-299.1788,-5.1754336
24341.2,40117.44,671186.3,1733.8331
41.85,23319.48,1153.9755,4.1312785
1970.0499,75096.664,54322.324,74.00765
13328.449,36518.25,367519.78,1042.5629
122.45,21725.64,3376.4465,15.115179
57.35,15828.78,1581.3738,9.359408
48437.5,102618.24,1335619.8,1348.6033
21109.45,37490.04,582073.75,1608.9412
38897.25,65226.51,1072556.1,1704.076
74153.55,56961.51,2044716.2,3721.1975
21458.2,33073.05,591690.2,1854.1028
18310.15,31063.35,504885.66,1684.3599
187.54999,18510.12,5171.5195,27.970558
68.2,23113.291,1880.5525,7.43668
1334.5499,23880.63,36798.992,158.78574
38.75,17631.42,1068.4958,5.2839603
31292.95,31552.291,862874.44,2834.728
79.049995,25135.17,2179.7312,7.992263
15343.449,31716.72,423081.56,1382.1959
5587.75,6203.97,154077.1,2574.2314
5479.25,15830.5205,151085.31,988.6347
94.549995,21556.86,2607.1296,11.540793
7.75,17555.73,213.69916,0.2622105
6754.9,19833.39,186260.19,972.8027
23666.95,43549.59,652594.5,1552.8433
20340.648,21725.64,560874.75,2675.9556
547.14996,65029.02,15087.16,23.057371
38.75,15035.34,1068.4958,6.3689814
25526.95,29205.9,703882.25,2498.0635
-13.95,9803.16,-384.65848,-5.068713
20.15,17854.14,555.6178,2.2268968
105.399994,15941.88,2906.3083,17.90384
426.25,30255.121,11753.454,39.282322
63.55,9481.26,1752.3331,18.164545
83.7,24223.41,2307.951,8.879596
12971.949,40053.06,357689.62,925.0161
12.4,19434.06,341.91864,0.82434547
48883.9,49802.28,1347928.8,2805.5034
-44.949997,8180.61,-1239.4551,-16.710608
66.65,18023.791,1837.8129,9.573116
48.05,22102.35,1324.9348,5.215899
17781.6,15505.14,490311.34,3278.0205
4278.0,3520.02,117961.94,3473.9185
83.7,9934.53,2307.951,23.089462
44.949997,15630.42,1239.4551,7.222578
-35.649998,21522.93,-983.01605,-5.73595
7308.25,22417.291,201518.31,931.136
11694.75,13357.11,322472.03,2502.3835
27675.25,64307.79,763119.7,1229.4867
77.5,35828.34,2136.9917,5.184777
6505.3496,13991.34,179379.06,1328.4142
113.149994,19822.95,3120.0076,15.320568
41.85,14877.87,1153.9755,7.042734
108.5,25537.11,2991.7883,11.148062
21687.6,38248.68,598015.75,1620.2278
34.1,9001.0205,940.27625,9.832073
74.399994,21635.16,2051.5117,8.83245
959.44995,29207.64,26455.955,92.92362
27042.85,33173.97,745681.8,2329.7947
27233.5,20834.76,750938.9,3736.3518
19305.25,25651.95,532324.6,2150.8108
12336.449,26597.64,340166.3,1325.1605
8204.149,21155.791,226221.92,1107.8002
18170.65,22507.77,501039.06,2307.272
34154.25,55022.28,941772.2,1773.8235
0.0,20536.35,0.0,-1.0
-15.5,17326.05,-427.39832,-3.5578856
24.8,9684.84,683.8373,6.321637
443.3,12856.86,12223.592,97.58521
12463.55,13539.811,343671.0,2630.9534
51229.047,78058.14,1412594.1,1875.4934
35.649998,9726.6,983.01605,9.479667
10.849999,11297.82,299.1788,1.7458959
113.149994,22081.47,3120.0076,13.651279
13.95,8128.41,384.65848,3.9070172
418.5,24652.32,11539.755,47.538536
34.1,11370.03,940.27625,7.5751495
62.0,21790.02,1709.5933,7.135478
55.8,21406.35,1538.6339,6.453162
12336.449,19659.39,340166.3,1793.1929
10538.449,6618.96,290588.1,4551.353
10129.25,28898.791,279304.8,1001.182
34.1,10490.46,940.27625,8.294131
7763.9497,14396.76,214083.81,1540.9381
18148.95,43154.61,500440.7,1201.4673
29995.6,55350.27,827101.25,1548.4829
12028.0,23331.66,331661.1,1472.9976
468.09998,14409.811,12907.429,91.88152
44.949997,23327.31,1239.4551,4.509523
26243.049,46749.45,723628.06,1604.0433
12530.199,22732.23,345508.78,1575.0316
34.1,12602.82,940.27625,6.736341
11767.6,22640.01,324480.78,1485.1418
77.5,13526.76,2136.9917,15.381624
275.9,34605.12,7607.69,21.796087
68052.75,57513.96,1876492.4,3382.1511
8143.6997,5594.1,224555.06,4161.368
6286.8,57398.25,173352.75,312.16986
13928.3,31644.51,384060.12,1257.4869
124.0,23684.88,3419.1865,13.969231
21.699999,16090.65,598.3576,2.8559828
31499.1,61001.79,868558.9,1475.4019
35567.848,47145.3,980750.9,2156.0896
2585.4,10417.38,71290.04,708.60754
8923.35,9738.78,246053.2,2618.8252
15920.05,14234.07,438980.8,3196.896
21419.45,45741.992,590621.7,1337.8816
8790.05,22717.44,242377.58,1105.3204
9.299999,12027.75,256.43896,1.2107899
8179.3496,21709.98,225538.08,1076.2296
16476.5,29374.68,454324.4,1602.7653
11699.399,19352.28,322600.25,1727.5441
9210.1,22134.541,253960.08,1188.7146
2125.05,15224.13,58596.312,398.10364
3134.0999,13062.18,86419.94,685.03485
54.25,12183.48,1495.8942,11.731436
75.95,31377.42,2094.2517,5.920851
44863.2,39419.7,1237061.6,3253.0627
40.3,30249.03,1111.2356,2.809277
41157.15,99229.59,1134870.8,1184.9136
94.549995,8379.84,2607.1296,31.260773
218.54999,19869.93,6026.316,30.448753
116.25,31083.36,3205.4873,9.693356
17.05,10081.56,470.13812,3.835547
4.6499996,10118.1,128.21948,0.31402302
93488.25,81498.99,2577853.0,3278.8486
108.5,23791.89,2991.7883,12.039165
9363.55,40384.53,258191.33,661.9404
46.5,12159.99,1282.195,9.933739
17460.75,43478.25,481464.22,1147.2589
77.5,9510.84,2136.9917,22.298708
85.25,17534.85,2350.6907,12.900849
15593.0,22502.55,429962.72,1980.2849
51.149998,15939.2705,1410.4144,8.175425
18.599998,13630.29,512.8779,2.9017262
18990.6,25450.11,523648.4,2132.5264
53781.9,83064.12,1482986.6,1850.2782
15270.6,31348.71,421072.8,1391.7892
4112.15,17379.12,113388.77,675.53485
195.29999,13048.26,5385.2188,41.79555
16216.1,14028.75,447144.12,3304.0378
-13.95,15481.65,-384.65848,-3.5763564
252.65,15150.18,6966.5923,46.681564
29749.148,38138.19,820305.56,2229.3008
22152.6,44661.45,610837.7,1417.211
7.75,15368.55,213.69916,0.44184244
1072.6,6342.3,29575.963,482.54846
542.5,10388.67,14958.941,148.30997
9329.45,18444.0,257251.06,1445.2719
327.05,6690.3,9018.1045,138.77115
35.649998,12860.34,983.01605,6.9260364
378.19998,6357.09,10428.519,169.10306
25334.75,29874.06,698582.56,2423.7747
15104.75,15121.47,416499.66,2855.0679
62.0,16061.94,1709.5933,10.036787
17966.049,24368.7,495397.38,2106.9934
68.2,23170.71,1880.5525,7.4157724
127.1,34224.93,3504.6663,9.618227
11502.55,37114.2,317172.28,885.1413
23.25,5290.47,641.0975,11.565439
23.25,11832.87,641.0975,4.6180015
11897.8,27446.76,328070.94,1238.4373
108.5,25337.88,2991.7883,11.243581
93.0,24231.24,2564.39,9.973782
10406.699,18959.041,286955.22,1568.4434
9245.75,29412.09,254943.1,897.80457
29594.148,29219.82,816031.56,2894.8582
20765.35,49643.07,572585.5,1194.9956
63.55,22090.17,1752.3331,7.22556
127.1,40240.11,3504.6663,8.030991
100.75,20190.09,2778.089,13.26776
-13.95,8644.32,-384.65848,-5.6141567
20106.6,47676.87,554421.06,1204.8126
72615.945,75910.11,2002318.2,2734.1514
62.0,18652.8,1709.5933,8.503786
-15.5,14661.24,-427.39832,-4.022804
14132.899,46504.11,389701.78,867.9383
9.299999,14556.84,256.43896,0.8266897
37.199997,19761.18,1025.7559,4.3824377
42941.2,42502.11,1184064.2,2887.768
82.149994,17242.53,2265.211,12.622459
37.199997,19772.49,1025.7559,4.379359
56672.65,38775.03,1562696.5,4177.9805
14273.949,28151.46,393591.1,1448.747
26503.45,31474.86,730808.4,2406.6182
40.3,15721.7705,1111.2356,6.3291326
29.449999,9350.76,812.05676,8.005075
54.25,18703.26,1495.8942,7.293377
7.75,17465.25,213.69916,0.26874948
58173.047,28112.31,1604068.5,5915.628
9210.1,16240.29,253960.08,1620.5096
8928.0,22180.65,246181.44,1149.877
-3.1,14448.09,-85.47966,-1.6134797
24.8,12998.67,683.8373,4.4550877
-7.75,17217.3,-213.69916,-2.287021
161.2,16363.83,4444.9424,27.166252
91.45,24336.51,2521.65,9.744207
7838.3496,20246.64,216135.31,1105.9312
32886.348,67521.57,906810.94,1391.5862
6.2,13531.11,170.95932,0.3101083
57.35,17882.85,1581.3738,8.1695
770.35,29034.51,21241.695,74.861694
77.5,9746.61,2136.9917,21.735113
74.399994,26213.97,2051.5117,7.1150103
79.049995,21324.57,2179.7312,9.599137
8201.05,10112.01,226136.45,2317.8943
5435.8496,27887.85,149888.58,556.31586
60.449997,25790.28,1666.8534,5.701766
12934.75,40246.2,356663.9,917.92944
181.34999,38640.18,5000.56,12.419225
11646.699,20362.35,321147.06,1634.3998
48.05,19122.6,1324.9348,6.1844816
32072.6,39755.52,884372.6,2305.6714
10361.75,5730.69,285715.78,5168.8174
2549.75,21623.85,70307.02,336.14255
-3.1,11540.55,-85.47966,-1.7680407
11231.3,7527.24,309692.8,4265.22
46.5,17440.89,1282.195,6.6231294
72.85,11502.2705,2008.7721,17.10902
55.8,12825.54,1538.6339,11.439631
85.25,17182.5,2350.6907,13.1859045
-57.35,9426.45,-1581.3738,-18.395393
11271.6,29674.83,310804.06,1085.0413
131.75,28101.0,3632.8857,12.405339
19939.2,34070.07,549805.2,1672.3381
31.0,11644.95,854.79663,6.6115494
19378.1,33240.96,534333.4,1665.812
9.299999,11965.11,256.43896,1.222364
71.299995,19588.05,1966.0321,9.40752
79.049995,10405.2,2179.7312,20.722029
4553.9,22987.14,125569.625,565.43164
34.1,9071.49,940.27625,9.747927
58.899998,13305.78,1624.1135,11.6568
9.299999,9380.34,256.43896,1.8347406
40389.9,80461.08,1113714.5,1434.2776
9.299999,13653.78,256.43896,0.9475068
46.5,9305.5205,1282.195,13.287666
6.2,12357.48,170.95932,0.4345336
46.5,16611.78,1282.195,7.0036077
8845.85,29098.89,243916.22,868.1848
32064.85,57765.39,884158.9,1586.1226
9758.8,11552.73,269089.97,2414.2424
-1.55,10301.67,-42.73983,-1.4302026
558.0,21656.91,15386.34,72.66933
426.25,7470.69,11753.454,162.13707
69.75,10625.31,1923.2925,17.769453
54.25,19324.44,1495.8942,7.0267887
10.849999,12136.5,299.1788,1.5561435
1464.75,7870.02,40389.14,531.1532
58.899998,8455.53,1624.1135,18.916977
905.19995,12756.811,24960.06,201.88568
5555.1997,33295.77,153179.55,476.04526
14182.5,27759.09,391069.47,1459.8195
12.4,7159.23,341.91864,3.9522705
29752.25,28508.16,820391.06,2983.0056
89.899994,10508.73,2478.9102,23.46011
-1.55,5862.93,-42.73983,-1.7559028
74.399994,22821.84,2051.5117,8.321187
64717.15,24699.3,1784516.1,7490.7573
19257.2,21238.44,530999.6,2591.5044
62.0,19917.78,1709.5933,7.9002
12172.149,70451.73,335635.88,492.99734
33892.3,71002.44,934549.2,1363.8243
9530.949,11352.63,262807.22,2399.4282
99.2,23599.621,2735.349,11.018648
23.25,8419.86,641.0975,6.8952713
18400.049,33628.11,507364.5,1563.4637
10.849999,23898.03,299.1788,0.29812527
105.399994,25064.7,2906.3083,11.023394
15579.05,19780.32,429578.06,2250.9392
71.299995,9930.18,1966.0321,19.529642
32892.55,44911.14,906982.0,2093.0762
80725.55,120764.7,2225933.0,1910.2609
65.1,14662.11,1795.0729,11.695023
3589.7998,13103.94,98985.445,782.2805
29203.549,28383.75,805261.1,2940.8115
6914.55,23113.291,190662.39,854.3643
52438.047,31467.9,1445931.1,4763.614
129457.55,143596.11,3569673.5,2576.7078
-3.1,9526.5,-85.47966,-1.9304162
1325.25,8385.06,36542.555,450.89822
18396.95,18600.6,507279.03,2826.9246
74392.25,47888.28,2051298.2,4440.682
17.05,7004.37,470.13812,5.9599204
3.1,19410.57,85.47966,-0.54336166
33935.7,56269.86,935745.9,1723.3682
32988.65,50541.78,909631.8,1865.2207
243.34999,49649.16,6710.1533,13.014204
0.0,6071.73,0.0,-1.0
10323.0,21370.68,284647.28,1380.1365
10016.1,21605.58,276184.78,1324.506
85.25,22086.69,2350.6907,10.036027
85.25,22832.28,2350.6907,9.675644
19805.898,25031.64,546129.56,2261.321
2413.3499,18161.25,66545.914,378.94745
44559.4,29870.58,1228684.6,4264.2515
88.35,15983.64,2436.1704,14.804467
44.949997,19869.93,1239.4551,5.4681835
128.65,22559.97,3547.406,15.304977
10.849999,6681.6,299.1788,3.6429954
13164.149,47742.992,362989.38,787.3738
93.0,29090.19,2564.39,8.140825
62.0,18862.47,1709.5933,8.398145
23.25,10092.0,641.0975,5.5871067
13661.699,9750.96,376708.84,4004.9573
0.0,13957.41,0.0,-1.0
12063.649,24626.22,332644.1,1399.651
38153.25,25564.08,1052041.0,4266.2725
94.549995,18274.35,2607.1296,13.79342
21097.049,29022.33,581731.8,2077.4443
117.799995,15884.46,3248.227,20.204195
0.0,27057.0,0.0,-1.0
41.85,21715.2,1153.9755,4.5103683
72.85,17575.74,2008.7721,10.851271
14441.35,23858.88,398207.0,1729.6399
221.65,46201.35,6111.796,12.717092
122.45,25176.06,3376.4465,12.906568
22651.7,46760.76,624599.9,1384.0587
12167.5,29755.74,335507.7,1168.1752
9668.899,19348.8,266611.06,1427.8018
1165.6,7746.48,32140.354,429.2235
35.649998,12197.4,983.01605,7.356823
716.1,42107.13,19745.803,47.62583
-27.9,12629.79,-769.31696,-7.316217
22732.299,33742.082,626822.4,1925.2849
13426.1,20692.95,370212.4,1854.1389
103.85,27054.39,2863.5686,9.975333
244.9,17789.76,6752.893,38.361137
6531.6997,14932.68,180105.64,1249.6548
198.4,37835.43,5470.698,13.993118
77.5,39108.24,2136.9917,4.6660767
7199.75,20762.55,198526.52,990.4839
27870.549,47166.18,768504.9,1688.5219
15552.699,39023.85,428851.47,1138.5271
51528.2,35448.15,1420843.0,4155.238
20694.049,33543.72,570619.44,1762.9376
7447.75,18203.01,205364.89,1168.8519
40808.4,47400.21,1125254.2,2460.6045
55.8,15838.35,1538.6339,9.073335
15.5,16477.8,427.39832,1.6895614
17744.4,26127.84,489285.6,1940.8102
-37.199997,12956.04,-1025.7559,-9.209555
76709.5,63422.13,2115194.2,3457.2573
15.5,8927.07,427.39832,3.9644566
88.35,41533.8,2436.1704,5.082104
54.25,21145.35,1495.8942,6.3355703
47588.098,32769.42,1312198.2,4151.203
38805.797,99273.09,1070034.4,1116.6713
29.449999,9717.9,812.05676,7.6648655
48.05,16242.9,1324.9348,7.4582167
6272.8496,13920.0,172968.1,1287.471
51.149998,16602.21,1410.4144,7.809043
71.299995,17098.98,1966.0321,10.922525
8098.7495,20767.77,223315.61,1114.0057
108242.695,69969.75,2984693.2,4422.207
100.75,35698.71,2778.089,7.0694056
-21.699999,15017.94,-598.3576,-5.13141
6530.15,16570.89,180062.9,1125.7467
77.5,18903.36,2136.9917,10.72227
43945.598,57834.12,1211759.6,2171.6023
60.449997,29867.97,1666.8534,4.786814
-1.55,6486.72,-42.73983,-1.683212
21915.45,32129.97,604298.44,1949.2443
105.399994,20800.83,2906.3083,13.488015
12699.149,21081.84,350167.44,1721.3251
113.149994,20097.0,3120.0076,15.098015
68.2,22410.33,1880.5525,7.7013187
57.35,25685.01,1581.3738,5.3841443
21152.85,49498.65,583270.5,1220.8688
46.5,24719.31,1282.195,4.378555
46.5,13208.34,1282.195,9.065926
9002.399,42906.66,248232.92,598.9051
16470.299,30745.8,454153.44,1530.6681
35.649998,10131.15,983.01605,9.061199
24.8,14150.55,683.8373,4.0110335
14545.199,27120.51,401070.56,1532.4542
93.0,25638.9,2564.39,9.371284
24096.299,10907.19,664433.4,6315.644
72.85,11663.22,2008.7721,16.859121
120.899994,14323.68,3333.7068,23.13352
33869.05,54816.96,933908.06,1765.5951
29868.5,62501.67,823596.56,1365.3777
17676.2,9448.2,487405.03,5348.1997
38013.75,39069.09,1048194.4,2780.9954
83.7,10608.78,2307.951,21.558437
22809.799,60984.39,628959.3,1068.4285
44.949997,31522.71,1239.4551,3.0771356
76604.09,78435.72,2112287.8,2791.4607
17353.799,41489.43,478515.12,1194.9309
17485.549,28067.07,482148.0,1780.2758
23319.75,31704.541,643020.75,2102.0586
57.35,6430.17,1581.3738,24.501162
19495.898,32136.06,537581.56,1733.601
40927.75,27300.6,1128545.2,4285.4194
119.35,19453.2,3290.967,16.542051
368.9,10135.5,10172.08,103.066864
102.299995,21006.15,2820.8289,12.924453
24982.898,27481.56,688880.56,2598.2642
12006.3,20988.75,331062.72,1634.5792
15444.199,58894.65,425859.66,748.7881
37.199997,9466.47,1025.7559,10.235796
63.55,14107.92,1752.3331,11.879577
18485.299,33860.4,509715.22,1559.9299
31.0,9810.99,854.79663,8.034369
-17.05,5083.41,-470.13812,-10.589991
54.25,12814.23,1495.8942,11.104761
82.149994,16651.8,2265.211,13.105722
7486.5,13293.6,206433.39,1609.2201
6886.65,13371.9,189893.08,1471.529
34.1,17609.67,940.27625,4.5367146
8486.25,28324.59,234000.58,855.6456
7.75,12100.83,213.69916,0.83119905
27.9,20620.74,769.31696,2.8685565
48863.75,62901.87,1347373.2,2220.121
1956.1,16798.83,53937.668,331.9362
2106.45,5173.02,58083.43,1163.2761
203.04999,21074.88,5598.9175,26.547794
80.6,31252.14,2222.4712,6.3740187
38446.2,25531.02,1060118.8,4304.6055
64839.598,39109.11,1787892.6,4739.361
9123.3,11236.92,251566.64,2320.4197
-12.4,12406.2,-341.91864,-3.8578002
88033.8,67881.75,2427451.5,3707.0486
31.0,27564.21,854.79663,2.215623
71.299995,9756.18,1966.0321,19.895786
359.59998,8780.04,9915.641,116.10411
17763.0,28857.03,489798.47,1759.0042
6494.5,23054.13,179079.89,804.4636
38.75,18823.32,1068.4958,4.8860574
49.6,16516.95,1367.6746,7.586196
9648.75,24928.98,266055.47,1105.6633
18.599998,9577.83,512.8779,4.5525794
20.15,15178.89,555.6178,2.7956312
13900.399,12279.18,383290.8,3235.7334
12923.899,27090.06,356364.72,1363.0573
6593.6997,31439.19,181815.23,598.66235
8407.2,12707.22,231820.86,1890.6896
4141.6,19133.041,114200.836,617.9181
63.55,21284.55,1752.3331,7.5368977
31.0,11174.28,854.79663,6.9321537
77.5,11779.8,2136.9917,17.81104
46.5,15816.6,1282.195,7.4059887
4870.0996,10974.18,134288.55,1267.8632
48.05,14284.53,1324.9348,8.617815
113.149994,18146.46,3120.0076,16.828367
590.55,23570.91,16283.876,70.63567
51.149998,9719.64,1410.4144,14.04681
-15.5,22646.97,-427.39832,-2.9569087
18052.85,61519.44,497790.8,838.0394
21427.2,59600.22,590835.44,1026.9371
71.299995,14741.28,1966.0321,12.829399
53360.297,43591.35,1471361.4,3498.991
7.75,12315.72,213.69916,0.7992474
32.55,7720.38,897.53644,11.054836
19247.898,29278.98,530743.2,1878.6472
24.8,14517.69,683.8373,3.8843088
34.1,20176.17,940.27625,3.8324194
10826.75,52020.78,298537.72,594.073
117.799995,26514.121,3248.227,11.703314
51.149998,11230.83,1410.4144,12.022153
2410.25,14977.05,66460.44,459.1345
15.5,16040.19,427.39832,1.7629383
119.35,22652.19,3290.967,14.064727
65.1,28140.15,1795.0729,5.614599
34.1,17121.6,940.27625,4.694545
238.7,7746.48,6581.934,87.10428
75.95,22408.59,2094.2517,8.690858
0.0,9263.76,0.0,-1.0
297.59998,14955.3,8206.047,55.896656
72.85,25826.82,2008.7721,7.0650597
20.15,8048.37,555.6178,6.158402
10228.449,12393.15,282040.12,2358.81
12.4,13694.67,341.91864,1.5889227
72.85,16074.12,2008.7721,11.958399
69.75,13087.41,1923.2925,14.238405
26416.648,29555.64,728414.94,2554.5615
4374.1,27739.08,120611.81,449.8641
9123.3,31050.3,251566.64,839.108
37751.8,89110.62,1040971.4,1210.3153
14039.899,28333.291,387137.38,1415.8242
4257.85,4582.29,117406.32,2655.7874
8382.399,24032.01,231137.0,996.30334
33123.5,24467.01,913350.2,3869.8318
-43.399998,10045.0205,-1196.7152,-13.353439
12.4,16396.89,341.91864,1.1622663
43.399998,16941.51,1196.7152,6.3246455
80.6,42837.93,2222.4712,4.3796687
48601.797,29733.121,1340150.1,4672.7
55.8,25474.47,1538.6339,5.2629366
18618.6,37141.17,513390.84,1432.3108
18.599998,12395.76,512.8779,3.2903109
31.0,11095.11,854.79663,6.9887543
29.449999,13318.83,812.05676,5.3221993
14016.649,30371.7,386496.28,1318.5447
166110.39,126928.65,4580342.0,3740.8481
18268.299,27153.57,503731.62,1922.6239
22749.35,46839.06,627292.5,1387.7043
77.5,18446.61,2136.9917,11.012522
10.849999,16275.96,299.1788,0.90604043
31539.398,55590.39,869670.06,1621.1936
51712.65,61265.4,1425929.0,2412.4067
26.349998,7564.65,726.5771,8.959574
17341.4,30448.26,478173.25,1627.4359
36363.0,51337.832,1002676.44,2024.2152
37279.05,37395.21,1027935.75,2849.348
7054.05,19459.291,194508.97,1035.479
60.449997,11800.68,1666.8534,13.646648
14156.149,33946.53,390342.88,1191.3362
65.1,9219.39,1795.0729,19.189604
38.75,15160.62,1068.4958,6.308088
80.6,18407.46,2222.4712,11.519591
5175.4497,12745.5,142708.3,1160.0214
58.899998,24918.541,1624.1135,5.758365
9760.35,9526.5,269132.72,2928.4155
5366.0996,23599.621,147965.28,649.13367
86.799995,16441.26,2393.4304,14.095017
37.199997,14703.0,1025.7559,6.234124
23818.85,33103.5,656783.0,2056.2915
0.0,6625.05,0.0,-1.0
-20.15,19427.1,-555.6178,-3.9656239
64989.95,78128.61,1792038.4,2377.401
6575.0996,10771.47,181302.36,1744.3253
29.449999,12692.43,812.05676,5.634215
16194.399,30637.92,446545.75,1510.3135
23.25,16784.041,641.0975,2.9607315
82.149994,17677.53,2265.211,12.287246
72251.695,60793.86,1992274.4,3397.1091
-1.55,14657.76,-42.73983,-1.3023522
10219.149,31626.24,281783.7,922.8812
-26.349998,12658.5,-726.5771,-6.9517865
7360.9497,20772.99,202971.45,1012.1735
43.399998,8809.62,1196.7152,13.085799
15.5,15230.22,427.39832,1.9098763
68.2,12407.94,1880.5525,14.715697
68.2,5320.92,1880.5525,35.64769
142.59999,30439.56,3932.0642,12.39461
9379.05,20460.66,258618.72,1309.6544
31.0,11580.57,854.79663,6.653864
5505.5996,20498.07,151811.88,766.9636
5736.55,19821.21,158180.11,826.503
93.0,21044.43,2564.39,11.635569
165.84999,36982.832,4573.1616,11.82225
27.9,7228.83,769.31696,10.035326
54299.598,56646.57,1497261.8,2739.7664
24893.0,33415.832,686401.7,2128.9722
-13.95,8579.07,-384.65848,-5.6492505
165.84999,9305.5205,4573.1616,49.959335
3450.2998,20697.3,95138.86,475.64178
1353.1499,11110.7705,37311.87,347.2176
37.199997,11880.72,1025.7559,7.9525995
11790.85,26924.76,325121.9,1251.1094
57263.2,86908.65,1578980.4,1882.9163
20954.45,28917.93,577799.75,2070.8486
18886.75,31582.74,520784.84,1708.8438
9007.05,24096.39,248361.16,1067.7584
62.0,14194.05,1709.5933,11.489193
1236.8999,17723.64,34106.383,198.5403
21174.549,28386.36,583868.8,2131.8164
93.0,25417.05,2564.39,9.461809
-3.1,9779.67,-85.47966,-1.9063302
12587.55,33227.04,347090.16,1082.1748
4513.6,62714.82,124458.39,204.7794
18875.9,36872.34,520485.7,1462.7131
221.65,9449.07,6111.796,66.0699
52.699997,34406.76,1453.1542,3.3794117
327.05,5550.6,9018.1045,167.47025
93.0,13794.72,2564.39,18.276094
75.95,16501.291,2094.2517,12.160089
106.95,14589.03,2949.0483,19.960583
-12.4,9459.51,-341.91864,-4.748021
29987.85,55531.23,826887.5,1543.0345
-10.849999,8599.08,-299.1788,-4.607669
24152.1,58836.36,665972.06,1172.7028
62.0,17881.98,1709.5933,8.913456
113.149994,22673.94,3120.0076,13.268441
48.05,20126.58,1324.9348,5.8260965
16245.55,26526.3,447956.2,1750.083
40.3,8626.92,1111.2356,12.356672
51.149998,8440.74,1410.4144,16.32663
-1.55,20187.48,-42.73983,-1.2195324
24.8,21111.42,683.8373,2.358793
-15.5,12160.86,-427.39832,-4.644319
-9.299999,19134.78,-256.43896,-2.3896596
930.0,5814.21,25643.898,456.34213
73871.445,82301.13,2036937.5,2565.373
13196.699,46573.71,363886.9,809.165
0.0,14285.4,0.0,-1.0
14622.699,48419.85,403207.56,862.4816
108920.05,88404.18,3003370.8,3521.7678
26.349998,15637.38,726.5771,3.8179865
153.45,21029.64,4231.243,19.863348
57.35,16467.36,1581.3738,8.957686
31.0,13536.33,854.79663,5.548016
1605.7999,11222.13,44278.465,408.13358
-7.75,18984.27,-213.69916,-2.167231
1842.95,15326.79,50817.66,342.80432
122.45,27005.67,3376.4465,11.964411
-23.25,10440.87,-641.0975,-7.367006
7.75,12631.53,213.69916,0.75426316
155.0,31283.46,4273.9834,13.166609
31.0,15283.29,854.79663,4.799544
24.8,13280.55,683.8373,4.3393035
36407.95,32030.791,1003915.9,3248.9563
55.8,9495.18,1538.6339,15.802736
19602.85,29474.73,540530.6,1900.5964
-6.2,13709.46,-170.95932,-2.2930648
55.8,15018.811,1538.6339,9.623012
19565.648,33046.95,539504.9,1691.8243
38.75,10989.84,1068.4958,9.081598
27706.25,31958.58,763974.5,2477.7874
99.2,18451.83,2735.349,14.371675
29.449999,10962.0,812.05676,6.6814723
1348.5,25564.08,37183.652,149.82375
80.6,10215.54,2222.4712,21.559149
19784.2,40587.24,545531.2,1392.7278
18167.549,48144.93,500953.53,1077.9337
116.25,31307.82,3205.4873,9.61669
13753.149,25518.84,379230.5,1539.9558
18403.15,26803.83,507450.03,1962.1085
80.6,33563.73,2222.4712,5.866158
10767.85,18076.86,296913.6,1702.1582
-4.6499996,20962.65,-128.21948,-1.634243
7.75,12449.7,213.69916,0.77988446
35817.4,40168.77,987632.0,2548.497
-1.55,17507.01,-42.73983,-1.2531446
38.75,12214.8,1068.4958,8.070565
69.75,20481.541,1923.2925,8.737122
6790.55,15725.25,187243.2,1233.6855
-17.05,18195.18,-470.13812,-3.6792731
536.3,13003.0205,14787.981,116.92681
74.399994,11665.83,2051.5117,17.23502
6902.15,18267.39,190320.47,1079.331
26.349998,15071.01,726.5771,3.9990468
124.0,20789.52,3419.1865,16.053999
6122.5,9491.7,168822.34,1843.3094
23.25,8085.7803,641.0975,7.2214804
5125.8496,19105.2,141340.61,766.11993
92133.55,75328.95,2540498.2,3496.074
11483.949,5063.4,316659.4,6483.822
31.0,18326.55,854.79663,3.8364863
62.0,11872.89,1709.5933,13.93084
590.55,23264.67,16283.876,71.578636
18079.2,39927.78,498517.38,1293.6519
-6.2,10403.46,-170.95932,-2.7039738
44.949997,18875.52,1239.4551,5.8089437
17.05,14769.12,470.13812,2.3007965
57.35,14977.92,1581.3738,9.947902
52493.848,25277.85,1447469.9,5936.687
9659.6,24521.82,266354.62,1125.3035
32.55,18082.08,897.53644,4.1469693
266.6,11121.21,7351.2515,67.54205
7435.3496,25330.92,205022.97,838.2657
82.149994,20572.02,2265.211,10.417726
7.75,16017.57,213.69916,0.38342
13187.399,24269.52,363630.47,1552.6277
80.6,14967.48,2222.4712,14.396972
29.449999,14401.11,812.05676,4.8470697
17.05,13664.22,470.13812,2.5677013
93.0,11590.14,2564.39,21.942633
80.6,13451.07,2222.4712,16.132753
37776.598,72406.62,1041655.1,1490.7415
26.349998,10406.94,726.5771,6.2394657
105.399994,23819.73,2906.3083,11.651812
24635.7,14649.93,679306.9,4807.154
10769.399,22408.59,296956.34,1373.1241
29.449999,13826.91,812.05676,5.0898857
58.899998,11622.33,1624.1135,13.490088
131.75,28056.63,3632.8857,12.426539
20.15,10147.68,555.6178,4.677502
25181.299,39222.21,694351.25,1834.6716
14436.699,24152.07,398078.78,1708.0806
186.0,34949.64,5128.78,14.216656
2032.0499,11548.38,56031.918,502.10922
3442.5498,29901.03,94925.164,328.18732
30617.148,35916.21,844239.9,2436.38
69094.35,47075.7,1905213.5,4195.5728
94.549995,21424.621,2607.1296,11.618198
124.0,26368.83,3419.1865,12.445589
23792.5,71746.29,656056.44,947.1774
26.349998,16531.74,726.5771,3.5573359
27.9,15436.41,769.31696,4.1678143
43.399998,13372.7705,1196.7152,8.279345
55.8,12050.37,1538.6339,12.239841
9.299999,7599.45,256.43896,2.4990466
35.649998,16221.15,983.01605,5.283865
12209.35,30551.791,336661.66,1141.628
178.25,39083.88,4915.0806,12.040098
6004.6997,13149.18,165574.1,1304.6946
10588.05,27574.65,291955.78,1096.8801
14211.949,12679.38,391881.5,3203.8271
93.0,25626.72,2564.39,9.376214
7953.05,18322.2,219298.08,1240.0952
34.1,16477.8,940.27625,4.917034
77396.15,106283.55,2134128.0,2081.1035
11673.05,28880.52,321873.66,1154.6553
328.59998,3410.4,9060.844,274.4934
35.649998,18106.44,983.01605,4.629573
12125.649,39677.22,334353.7,872.80145
71.299995,14776.08,1966.0321,12.796827
3935.45,25007.28,108516.43,448.96313
77376.0,84333.45,2133572.5,2622.345
9321.7,7209.69,257037.36,3695.8137
57.35,16114.14,1581.3738,9.175958
9.299999,10155.51,256.43896,1.6183648
26159.35,34385.01,721320.1,2174.2378
416.94998,15201.51,11497.015,77.42351
100.75,31697.58,2778.089,8.087992
15.5,18496.2,427.39832,1.3960629
537.85,13088.28,14830.721,116.49721
21390.0,25388.34,589809.7,2407.937
5146.0,10303.41,141896.25,1427.0316
41.85,27388.47,1153.9755,3.368946
20407.299,37665.78,562712.6,1548.1289
49007.9,74111.82,1351348.0,1889.7216
302.25,15695.67,8334.268,54.059902
74.399994,26117.4,2051.5117,7.1450157
-1.55,10609.65,-42.73983,-1.4177146
395.25,15992.34,10898.657,69.66573
18169.1,30916.32,500996.3,1679.3301
12141.149,6584.16,334781.1,5271.401
16715.2,33868.23,460906.3,1410.1333
2250.5999,14693.43,62058.23,436.94955
26258.549,41152.74,724055.44,1823.4037
-26.349998,9369.03,-726.5771,-9.041461
116.25,15499.92,3205.4873,20.44433
110.049995,20945.25,3034.5278,14.022888
46.5,13354.5,1282.195,8.955758
35.649998,21479.43,983.01605,3.745541
62.0,17192.94,1709.5933,9.310757
-10.849999,17532.24,-299.1788,-2.769462
51.149998,15107.55,1410.4144,8.680562
21252.049,25743.3,586005.8,2359.4
424.69998,9530.85,11710.714,126.40887
25925.299,19125.21,714866.4,3874.8462
61959.7,51165.57,1708482.0,3461.4258
31.0,12147.811,854.79663,6.2964683
57.35,14713.44,1581.3738,10.144694
111.6,10990.71,3077.2678,28.0327
47197.5,30885.871,1301427.9,4368.262
11961.35,21819.6,329823.28,1566.4093
1.55,3741.0,42.73983,0.18465793
83.7,19758.57,2307.951,11.112085
37.199997,13795.59,1025.7559,6.709951
45954.4,17095.5,1267150.5,7684.8916
620.0,8941.86,17095.934,197.24983
65.1,14138.37,1795.0729,12.165296
40.3,13931.311,1111.2356,7.271076
28645.549,34776.51,789874.8,2354.1584
4377.1997,18619.74,120697.28,671.15857
317.75,18287.4,8761.666,48.680115
10487.3,10428.69,289177.7,2874.298
41.85,16154.16,1153.9755,6.407303
48.05,10070.25,1324.9348,12.642756
134.84999,27337.14,3718.3652,13.104148
7973.1997,17341.71,219853.69,1313.5881
12.4,8125.8,341.91864,3.363194
69.75,18967.74,1923.2925,9.514234
410.75,18945.12,11326.056,60.99108
-7.75,15067.53,-213.69916,-2.4706476
6.2,19553.25,170.95932,-0.093387544
50804.348,72672.84,1400883.4,1997.8385
32912.7,95477.28,907537.56,984.62665
12675.899,14483.76,349526.34,2501.3408
243.34999,10045.0205,6710.1533,68.267494
4555.4497,23710.11,125612.36,548.3469
-29.449999,9902.34,-812.05676,-9.503475
62.0,25392.69,1709.5933,5.9812303
18.599998,9847.53,512.8779,4.4005075
44.949997,13488.48,1239.4551,8.528305
9186.85,19863.84,253318.97,1321.3682
23231.398,21028.77,640584.56,3157.7153
66.65,8091.87,1837.8129,22.550507
10908.899,28392.45,300802.94,1097.5684
19357.95,35052.3,533777.75,1578.0353
17329.0,28319.371,477831.3,1748.6005
60849.9,72179.55,1677880.2,2409.431
18976.65,23414.31,523263.78,2316.3262
4096.65,9514.32,112961.375,1230.1191
-1.55,16028.01,-42.73983,-1.2765038
56821.45,25972.11,1566799.5,6254.3857
27.9,14361.09,769.31696,4.554766
1086.5499,17147.7,29960.621,180.17273
17719.6,39095.19,488601.75,1294.9241
2985.2998,31213.86,82316.914,272.45728
60.449997,9879.72,1666.8534,16.494465
485.15,4128.15,13377.567,335.02344
28053.45,51683.22,773548.2,1550.9785
11437.449,18446.61,315377.2,1771.8075
4188.1,16779.69,115483.03,712.64484
32.55,16869.3,897.53644,4.516999
-12.4,15887.94,-341.91864,-3.2315316
31.0,28655.19,854.79663,2.0931957
82.149994,18845.94,2265.211,11.463463
68.2,19053.0,1880.5525,9.234578
149344.05,113519.34,4118025.5,3760.5518
51.149998,11476.17,1410.4144,11.743762
9007.05,10497.42,248361.16,2452.2905
77.5,29548.68,2136.9917,6.4991603
131.75,18355.26,3632.8857,19.522917
17050.0,34205.79,470138.16,1424.1932
46.5,18695.43,1282.195,6.1115866
2949.65,11247.36,81333.9,748.84045
11648.25,21345.45,321189.84,1559.2866
49.6,10926.33,1367.6746,11.979451
25843.148,56663.97,712601.2,1303.0295
86.799995,31353.93,2393.4304,6.91547
27.9,20338.86,769.31696,2.9221716
51.149998,17237.31,1410.4144,7.484478
9253.5,21032.25,255156.8,1256.9672
16557.1,24270.39,456546.88,1949.5472
82.149994,24886.35,2265.211,8.4383335
1587.2,37978.11,43765.586,118.49432
50942.297,64741.05,1404687.2,2248.82
144.15,19301.82,3974.8042,20.353317
48.05,23051.52,1324.9348,4.959953
38443.098,109014.484,1060033.2,1007.28467
6.2,8644.32,170.95932,1.0507362
15.5,16978.05,427.39832,1.6103146
159.65,8917.5,4402.2026,50.18878
60.449997,9698.76,1666.8534,16.820877
4394.25,20157.9,121167.42,622.28754
28005.398,45501.87,772223.25,1758.7926
18290.0,25424.88,504330.03,2055.8555
7821.3,47702.1,215665.19,467.803
260.4,50304.27,7180.2915,13.800797
41245.5,66899.52,1137306.9,1761.7979
71.299995,15430.32,1966.0321,12.211848
23575.5,27921.78,650072.9,2413.1643
-12.4,11448.33,-341.91864,-4.0969095
34.1,12885.57,940.27625,6.5665812
96741.695,134436.75,2667563.8,2056.523
82.149994,12162.6,2265.211,18.312128
93.0,18315.24,2564.39,13.518419
21.699999,14970.09,598.3576,3.1446157
85.25,23356.02,2350.6907,9.436252
54.25,21689.97,1495.8942,6.1513786
912.94995,10386.93,25173.76,250.30942
7895.6997,14853.51,217716.7,1518.8843
-43.399998,15558.21,-1196.7152,-8.975888
15090.8,29542.59,416115.0,1459.5374
60.449997,14967.48,1666.8534,10.5477295
10380.35,12297.45,286228.66,2412.4924
116.25,11484.0,3205.4873,27.943348
923.8,8947.08,25472.94,294.2199
3811.45,31176.45,105097.24,348.5526
25703.648,32871.21,708754.56,2234.7747
35.649998,12976.92,983.01605,6.8548317
-18.599998,17982.9,-512.8779,-3.9573462
62.0,14936.16,1709.5933,10.86866
108.5,21535.11,2991.7883,13.40561
9715.399,5452.29,267893.25,5093.842
52893.75,59914.29,1458496.8,2523.1953
16273.449,34888.74,448725.47,1332.6544
103.85,19879.5,2863.5686,13.93654
7103.65,39199.59,195876.64,517.1423
9393.0,11075.97,259003.38,2423.7756
4725.9497,14782.17,130313.74,913.11304
3802.15,12479.28,104840.805,870.1414
322.4,31057.26,8889.885,28.681162
3016.2998,9652.65,83171.71,892.46375
22394.398,56435.16,617505.06,1133.5891
1463.2,26061.72,40346.4,159.52754
17.05,14418.51,470.13812,2.3810608
40.3,15472.95,1111.2356,6.446992
3413.0999,9233.31,94113.11,1055.9163
8890.8,19325.31,245155.67,1314.4166
56243.297,40890.87,1550857.5,3931.7236
55.8,17189.46,1538.6339,8.281559
1298.8999,33925.65,35815.977,108.47035
-29.449999,10118.97,-812.05676,-9.32143
122.45,20980.05,3376.4465,15.687883
29141.549,56455.17,803551.56,1474.9032
77.5,12482.76,2136.9917,16.751705
12.4,12992.58,341.91864,1.7288222
1.55,10532.22,42.73983,-0.5792145
100.75,26906.49,2778.089,9.706241
23.25,9638.73,641.0975,5.8968706
14060.05,20937.42,387693.0,1919.0507
100390.4,79335.3,2768173.5,3617.0513
11504.1,13198.7705,317215.03,2491.1155
-7.75,12929.94,-213.69916,-2.7137766
953.25,6321.42,26284.996,430.1627
-10.849999,13344.061,-299.1788,-3.3248274
75.95,13650.3,2094.2517,14.908696
79.049995,17322.57,2179.7312,12.047836
26.349998,29392.95,726.5771,1.5632231
7246.25,16471.71,199808.72,1256.8348
21486.1,37167.27,592459.56,1651.8976
13461.75,22490.371,371195.44,1710.4093
16916.7,16358.61,466462.5,2955.7744
67249.85,76588.71,1854353.1,2509.5886
38.75,12311.37,1068.4958,7.9994164
65.1,15450.33,1795.0729,11.047369
41.85,37256.01,1153.9755,2.211797
25263.45,53936.52,696616.5,1338.241
11700.949,20055.24,322642.97,1667.1772
1320.6,10690.561,36414.336,352.19928
29.449999,8148.42,812.05676,9.333819
35.649998,21574.26,983.01605,3.7246823
44.949997,11201.25,1239.4551,10.473929
100.75,19052.13,2778.089,14.119954
-34.1,11475.3,-940.27625,-9.496486
20621.2,49297.68,568610.7,1195.0144
57.35,13715.55,1581.3738,10.95554
43.399998,11352.63,1196.7152,9.930555
19147.148,27417.18,527965.1,1995.7806
43.399998,9028.86,1196.7152,12.743766
11111.949,16957.17,306401.84,1872.6389
0.0,20264.041,0.0,-1.0
96.1,21486.39,2649.8696,11.788185
7526.8,18551.88,207544.62,1159.0359
57.35,22941.9,1581.3738,6.147481
127.1,8227.59,3504.6663,43.169445
7519.05,31005.06,207330.92,692.3929
39348.297,34825.23,1084993.2,3229.583
35.649998,12408.811,983.01605,7.214447
33675.3,38654.97,928565.6,2489.8936
8515.7,14636.01,234812.64,1662.5914
-17.05,7957.89,-470.13812,-7.125978
34.1,24419.16,940.27625,2.9927545
89.899994,14302.8,2478.9102,16.971636
52.699997,19502.791,1453.1542,6.726144
9920.0,37219.47,273534.94,761.0624
29.449999,31978.59,812.05676,1.633146
6945.55,20639.88,191517.19,961.16254
114.7,23444.76,3162.7476,12.988354
24.8,4819.8,683.8373,13.711997
23.25,9498.66,641.0975,5.9985743
96.1,16842.33,2649.8696,15.314367
936.19995,28180.17,25814.857,93.98915
23.25,12576.72,641.0975,4.285725
164.29999,9603.93,4530.422,47.914494
38.75,17796.72,1068.4958,5.225593
2086.3,14749.11,57527.816,403.44543
62.0,28823.1,1709.5933,5.1503525
40.3,16232.46,1111.2356,6.0985503
11786.199,43257.27,324993.66,778.047
-21.699999,14160.12,-598.3576,-5.381691
43.399998,12524.5205,1196.7152,8.907808
647.89996,4437.87,17865.248,416.42874
785.85,3267.72,21669.094,686.61255
44.949997,16435.17,1239.4551,6.8199587
79741.3,75500.34,2198793.2,3018.836
17335.2,15010.11,478002.25,3301.1282
6.2,17716.68,170.95932,0.00059497356
14777.699,24204.27,407481.53,1744.6768
80.6,9761.4,2222.4712,22.60869
189.09999,24457.44,5214.2593,21.106985
26088.049,29865.36,719354.06,2496.5996
175.15,24329.55,4829.601,19.583775
2622.5999,6745.11,72315.79,1110.7112
32.55,22551.27,897.53644,3.1269474
32449.248,40418.46,894758.3,2294.4817
7874.0,15964.5,217118.34,1409.2272
24.8,8383.32,683.8373,7.458329
4381.85,16346.43,120825.51,765.4496
10.849999,6456.27,299.1788,3.8050404
74.399994,17470.47,2051.5117,11.176354
3676.5999,12462.75,101378.875,842.493
49.6,17607.93,1367.6746,7.054199
-3.1,14070.51,-85.47966,-1.6299424
314.65,12476.67,8676.186,71.1071
1768.5499,19943.88,48766.145,252.54591
8683.1,27224.041,239428.53,910.9504
12.4,18233.46,341.91864,0.94447136
85.25,22161.51,2350.6907,9.998767
31.0,16242.9,854.79663,4.456914
0.0,16722.27,0.0,-1.0
83.7,18058.59,2307.951,12.252279
15861.149,25100.371,437356.7,1805.7726
14249.149,22031.88,392907.25,1848.2106
32.55,14167.08,897.53644,5.569308
6212.4,18399.63,171301.25,964.38226
-17.05,17167.71,-470.13812,-3.8396246
-3.1,14250.6,-85.47966,-1.6219816
12559.649,22283.31,346320.84,1610.5612
18145.85,26910.84,500355.22,1926.9646
125.549995,18674.55,3461.9263,18.22275
244.9,23401.26,6752.893,28.922543
26.349998,14191.44,726.5771,4.308882
8411.85,12056.46,231949.06,1993.898
49.6,11210.82,1367.6746,11.65008
12697.6,21174.93,350124.7,1713.544
1346.95,36312.93,37140.914,105.05696
5818.6997,21055.74,160445.33,789.14075
51.149998,9955.41,1410.4144,13.690462
58.899998,23838.871,1624.1135,6.0644536
15.5,23881.5,427.39832,0.8557484
9696.8,20371.92,267380.38,1359.9603
-3.1,13622.46,-85.47966,-1.6506615
1756.1499,46092.6,48424.227,107.93798
118390.55,117824.1,3264511.0,2871.975
23.25,14004.39,641.0975,3.7468748
133.3,34754.76,3675.6257,9.966419
9766.55,25986.9,269303.7,1073.5724
49.6,13487.61,1367.6746,9.51467
24226.5,43677.48,668023.56,1584.923
14041.449,5821.17,387180.12,6895.8486
41171.098,32705.91,1135255.4,3598.2766
13866.3,21253.23,382350.53,1864.4542
7252.4497,10868.91,199979.67,1906.8654
34.1,15627.811,940.27625,5.2388597
44.949997,20638.14,1239.4551,5.2274194
34.1,10204.23,940.27625,8.554832
40.3,22049.28,1111.2356,4.2258825
2779.15,15382.47,76632.516,515.5768
18156.7,56616.992,500654.38,915.93616
8428.899,16860.6,232419.19,1428.3772
48.05,23294.25,1324.9348,4.897849
38.75,13731.21,1068.4958,7.0688553
192.2,32370.09,5299.7393,15.976902
7576.4,19348.8,208912.3,1118.587
20.15,15646.95,555.6178,2.6820893
269.69998,3961.98,7436.7305,193.63351
134.84999,22021.44,3718.3652,16.508713
58.899998,11951.19,1624.1135,13.091367
11115.05,24954.21,306487.34,1272.5518
21616.299,21966.63,596049.7,2812.6294
-3.1,15085.8,-85.47966,-1.5875466
52.699997,13877.37,1453.1542,9.858065
13.95,12460.14,384.65848,2.2011077
63.55,10518.3,1752.3331,16.275038
15737.149,28319.371,433937.5,1587.8813
46329.5,40163.55,1277493.6,3297.1812
344.09998,10365.18,9488.242,93.91979
83.7,24875.041,2307.951,8.620789
26.349998,11272.59,726.5771,5.6835294
12288.399,54194.04,338841.38,647.3251
62.0,10352.13,1709.5933,16.124228
106.95,15919.26,2949.0483,18.209095
10174.199,20105.7,280544.25,1445.872
48.05,15255.45,1324.9348,8.005698
7130.0,14967.48,196603.23,1361.0399
14258.449,31266.06,393163.7,1302.9115
36659.05,68671.71,1010839.8,1525.3438
10612.85,39143.04,292639.62,774.22266
12.4,12770.73,341.91864,1.7762268
44.949997,25822.47,1239.4551,3.9771514
5528.8496,15408.57,152452.97,1024.9387
-13.95,13148.311,-384.65848,-4.0335646
31663.398,36042.36,873089.25,2510.8477
49.6,14983.14,1367.6746,8.4651575
44.949997,22244.16,1239.4551,4.777802
22905.898,30593.55,631609.2,2139.7524
8689.3,20390.19,239599.5,1217.4635
251.09999,16722.27,6923.8525,41.93391
105829.34,58980.78,2918147.2,5129.3213
38956.15,38079.03,1074180.1,2924.089
4.6499996,9602.19,128.21948,0.38462317
11229.75,67208.37,309650.1,476.74457
145.7,8329.38,4017.5442,49.014496
94.549995,21044.43,2607.1296,11.84616
27.9,8785.26,769.31696,8.080267
68.2,29549.55,1880.5525,5.599066
37556.5,31763.7,1035586.1,3379.6719
21861.2,20539.83,602802.56,3042.1694
40.3,15978.42,1111.2356,6.2114105
-24.8,8613.0,-683.8373,-9.232774
2245.95,9810.12,61930.016,653.59814
190.65,28374.18,5256.999,18.211554
34.1,8689.56,940.27625,10.220328
664.94995,26421.9,18335.387,70.95714
31094.549,32525.82,857403.75,2732.4114
4467.1,25180.41,123176.195,506.2381
14532.8,36202.44,400728.66,1146.7847
-1.55,13326.66,-42.73983,-1.3325518
2805.5,11698.89,77359.09,684.6691
32703.45,34296.27,901767.7,2725.4382
37192.25,30427.38,1025542.25,3493.917
44.949997,11974.68,1239.4551,9.732843
16009.949,22098.871,441459.72,2070.4233
16617.549,20445.0,458213.72,2322.961
74.399994,34043.1,2051.5117,5.2487445
16093.649,49043.64,443767.66,937.2548
35124.55,42085.38,968527.4,2385.3193
-10.849999,19102.59,-299.1788,-2.6240015
10879.449,26263.56,299990.88,1183.4108
48778.5,76362.51,1345022.5,1825.4056
105.399994,20727.75,2906.3083,13.539096
43.399998,11785.0205,1196.7152,9.529515
13108.35,22136.28,361450.75,1692.1381
97.649994,19610.67,2692.6094,13.237338
11375.449,22925.371,313667.6,1417.7346
108.5,12107.79,2991.7883,24.62205
9163.6,17661.0,252677.88,1482.5419
9577.449,15934.92,264089.4,1717.4977
44.949997,11698.89,1239.4551,9.985859
835.44995,28462.05,23036.768,82.92729
12497.649,41269.32,344611.25,864.8646
103.85,16695.3,2863.5686,16.785301
71.299995,20298.84,1966.0321,9.043088
29.449999,4280.4,812.05676,18.672064
12282.199,26620.26,338670.4,1318.2067
65.1,15215.43,1795.0729,11.23336
29315.148,28036.621,808338.4,2988.616
36812.5,67412.82,1015071.0,1560.3555
65833.15,104083.32,1815288.9,1807.4749
1286.5,4029.84,35474.062,911.7902
5820.25,16761.42,160488.06,991.84125
117.799995,37838.04,3248.227,7.9015503
6302.3,12235.68,173780.16,1471.7192
75.95,12334.86,2094.2517,16.605263
12669.699,11157.75,349355.38,3245.674
29067.148,31146.0,801500.0,2667.389
2996.15,13953.93,82616.09,612.92596
6.2,20408.46,170.95932,-0.13137889
62.0,11725.86,1709.5933,14.118057
51467.75,34331.07,1419176.1,4285.441
24330.35,35100.15,670887.1,1980.9303
52.699997,18491.85,1453.1542,7.148529
20.15,11432.67,555.6178,4.039371
57.35,45164.31,1581.3738,2.6306725
4020.7,17443.5,110867.125,658.048
1317.5,41934.0,36328.855,88.832466
27.9,12929.07,769.31696,5.17001
6547.1997,15235.44,180533.05,1227.7104
77.5,21054.87,2136.9917,9.52442
65.1,11225.61,1795.0729,15.581354
24169.148,40448.91,666442.2,1707.455
15103.199,24951.6,416456.9,1729.6912
72.85,7896.99,2008.7721,25.376486
10915.1,28072.291,300973.88,1110.7286
17.05,6034.32,470.13812,7.078766
64473.797,70121.13,1777806.0,2627.956
13757.8,12883.83,379358.75,3052.184
14314.25,21990.99,394702.34,1860.1133
82.149994,12238.29,2265.211,18.192686
17.05,9868.41,470.13812,3.939991
60.449997,10641.84,1666.8534,15.2415905
17.05,19905.6,470.13812,1.4490523
950.14996,12171.3,26199.516,222.20514
52.699997,19222.65,1453.1542,6.838741
34580.5,32571.93,953525.6,3034.5457
40163.598,29933.22,1107474.5,3835.4377
51.149998,17757.57,1410.4144,7.235901
43.399998,21219.3,1196.7152,4.8480034
-20.15,12118.23,-555.6178,-5.754281
3.1,15652.17,85.47966,-0.43371361
184.45,9589.14,5086.04,53.998142
44004.5,76187.64,1213383.9,1650.4353
69331.5,80600.28,1911752.8,2458.4785
237.15,20288.4,6539.1943,32.421375
55.8,24142.5,1538.6339,5.6084704
25748.6,17901.12,709994.06,4111.6562
638.6,22005.78,17608.81,81.97383
27261.398,45909.03,751708.1,1696.8488
62.0,23918.91,1709.5933,6.411383
1204.35,12183.48,33208.848,281.63785
11311.899,13110.03,311915.28,2466.0664
83.7,15251.97,2307.951,14.690924
58.899998,12726.36,1624.1135,12.233053
43.399998,9583.92,1196.7152,11.947785
7.75,17650.56,213.69916,0.25542915
18.599998,9779.67,512.8779,4.437981
14232.1,21188.85,392437.12,1919.4834
7.75,16456.92,213.69916,0.3464868
28216.2,62691.332,778035.9,1285.8859
34.1,28542.09,940.27625,2.415998
12.4,8703.48,341.91864,3.0735936
12412.399,26374.92,342260.56,1344.5925
1543.7999,19658.52,42568.87,223.53767
6330.1997,19462.77,174549.47,928.9547
0.0,12624.57,0.0,-1.0
16006.85,26955.21,441374.25,1696.9001
9397.649,8459.01,259131.6,3175.499
34.1,20551.14,940.27625,3.7442484
-27.9,12964.74,-769.31696,-7.1530347
55.8,16243.7705,1538.6339,8.8219185
82.149994,14401.11,2265.211,15.310247
6226.3496,21857.88,171685.89,813.46875
60.449997,9948.45,1666.8534,16.373602
3295.2998,13085.67,90864.875,719.02563
246.45,6284.0103,6795.6333,111.134926
323.94998,25901.64,8932.624,34.760178
111.6,38418.332,3077.2678,7.30567
14791.649,24931.59,407866.2,1695.3506
111.6,20972.22,3077.2678,14.214888
12071.399,31471.38,332857.78,1095.7074
8721.85,25045.56,240497.03,994.69617
37.199997,9014.94,1025.7559,10.79856
34.1,15767.01,940.27625,5.1837797
60.449997,14191.44,1666.8534,11.179201
-4.6499996,7448.07,-128.21948,-2.7850819
43.399998,15074.49,1196.7152,7.231824
237.15,34746.93,6539.1943,18.514421
105.399994,11865.93,2906.3083,24.397314
827.69995,24475.71,22823.068,95.69112
23.25,16135.89,641.0975,3.1198277
18947.2,27364.11,522451.7,1978.7606
27273.799,29148.48,752050.06,2674.3384
-4.6499996,7905.69,-128.21948,-2.6817527
13.95,11163.84,384.65848,2.5728073
25509.898,52855.11,703412.1,1378.9735
116.25,16488.24,3205.4873,19.158937
89435.0,62098.86,2466088.2,4116.872
15081.5,15649.561,415858.56,2754.4426
46265.95,67022.19,1275741.2,1972.7488
21.699999,9916.26,598.3576,5.2569227
35.649998,18638.88,983.01605,4.468757
33208.75,33963.06,915700.9,2794.7268
9.299999,23235.96,256.43896,0.14438272
9405.399,12257.43,259345.28,2192.9504
23.25,10341.69,641.0975,5.428067
86.799995,21552.51,2393.4304,10.5151825
1.55,12820.32,42.73983,-0.65431404
5530.4,24021.57,152495.72,657.27014
-35.649998,19609.8,-983.01605,-6.1979885
88.35,16651.8,2436.1704,14.170306
13663.25,33507.18,376751.62,1164.9103
46.5,10457.4,1282.195,11.713883
7213.6997,3510.45,198911.17,5874.4927
4592.65,15096.24,126638.12,868.84827
29.449999,17298.21,812.05676,3.867804
19063.45,36172.86,525657.2,1505.8418
25950.1,37963.32,715550.25,1953.4467
117.799995,17166.84,3248.227,18.62022
15.5,9886.68,427.39832,3.4826021
85.25,19619.37,2350.6907,11.42391
21.699999,9509.97,598.3576,5.524235
55.8,17631.42,1538.6339,8.0489025
127.1,18264.78,3504.6663,18.896658
1771.6499,5045.13,48851.625,1003.04816
20.15,13506.75,555.6178,3.2655315
66.65,15697.41,1837.8129,11.140069
91.45,32761.59,2521.65,6.981191
1126.85,14696.91,31071.857,218.22449
26.349998,12830.76,726.5771,4.8718805
6671.1997,9894.51,183952.23,1926.7854
17969.15,31023.33,495482.88,1655.106
55.8,23704.02,1538.6339,5.730715
35.649998,12984.75,983.01605,6.8500953
26.349998,8057.07,726.5771,8.35088
99.2,18990.36,2735.349,13.935764
48.05,12396.63,1324.9348,10.082526
63.55,22440.78,1752.3331,7.097047
17761.45,10072.86,489755.72,5040.672
33566.8,33401.04,925573.8,2872.419
141.05,39142.17,3889.3247,9.303319
105.399994,17594.88,2906.3083,16.127865
13120.75,24643.621,361792.7,1521.3102
3.1,11577.96,85.47966,-0.2344411
23.25,10506.12,641.0975,5.3274627
22922.95,25256.97,632079.4,2594.0054
21.699999,15552.99,598.3576,2.9892826
2295.55,12584.55,63297.69,520.55255
60.449997,24427.86,1666.8534,6.075545
0.0,13247.49,0.0,-1.0
-31.0,6644.19,-854.79663,-14.340393
32.55,12928.2,897.53644,6.19883
7342.3496,11324.79,202458.58,1852.7616
9760.35,27742.56,269132.72,1004.93024
220.09999,22880.13,6069.0557,26.504927
66.65,7447.2,1837.8129,24.589167
38.75,13604.19,1068.4958,7.1441927
16205.249,45492.3,446844.9,1017.51355
85.25,14304.54,2350.6907,16.039995
52.699997,14073.12,1453.1542,9.707034
-20.15,14172.3,-555.6178,-5.0652165
33924.848,27542.46,935446.6,3520.7954
9.299999,15405.09,256.43896,0.7261069
13.95,12923.85,384.65848,2.0862515
16544.7,27947.01,456204.94,1691.6709
32590.299,12526.26,898647.7,7438.0234
21.699999,17735.82,598.3576,2.498303
0.0,19796.85,0.0,-1.0
319.3,16885.83,8804.405,53.066154
26894.049,34069.2,741578.8,2256.0608
46.5,4269.96,1282.195,30.137098
9.299999,6911.2803,256.43896,2.8474536
23.25,6024.75,641.0975,10.0339985
3.1,9911.91,85.47966,-0.10576159
63.55,31241.7,1752.3331,4.8160734
69.75,40322.76,1923.2925,3.9458728
1506.6,51981.63,41543.117,81.86995
89.899994,9159.36,2478.9102,27.06361
77.5,18401.37,2136.9917,11.042054
7.75,12420.12,213.69916,0.7841234
31601.398,62265.9,871379.6,1450.1257
97.649994,17095.5,2692.6094,15.332003
57.35,16617.0,1581.3738,8.868014
37.199997,15049.26,1025.7559,6.0676775
62.0,10415.64,1709.5933,16.019812
623.1,10534.83,17181.412,168.11386
38.75,13302.3,1068.4958,7.3290215
52.699997,26105.22,1453.1542,4.772078
27.9,6688.56,769.31696,10.926707
86130.4,26385.36,2374967.0,9332.455
46916.95,21095.76,1293692.0,6357.9233
39408.75,34665.15,1086660.2,3249.4883
840.1,30680.55,23164.988,77.29189
2701.65,13909.561,74495.52,554.3473
14864.5,24175.56,409875.0,1757.0157
31353.398,38492.28,864541.25,2327.9487
18378.35,19272.24,506766.2,2725.6118
8070.8496,16564.8,222546.3,1392.0992
4.6499996,7815.21,128.21948,0.7012229
10374.149,23088.06,286057.7,1283.7365
3.1,24487.02,85.47966,-0.6380282
372.0,53871.27,10257.56,18.74398
81429.25,68937.06,2245337.0,3376.3542
-17.05,10406.94,-470.13812,-5.68436
10510.55,20451.09,289818.78,1468.4606
50088.25,54483.75,1381137.6,2627.5596
4.6499996,8044.89,128.21948,0.65265334
13900.399,30429.121,383290.8,1305.1313
12567.399,24359.13,346534.53,1474.1378
35.649998,22715.7,983.01605,3.4872718
19891.148,47308.86,548480.25,1201.1714
10602.0,21279.33,292340.44,1423.5537
7134.65,16161.99,196731.44,1261.196
71.299995,10535.7,1966.0321,18.349737
43.399998,16389.93,1196.7152,6.5711455
4023.7998,5613.24,110952.6,2048.6125
41.85,14401.98,1153.9755,7.3084927
13.95,3219.87,384.65848,11.387533
11170.85,21690.84,308025.97,1471.5121
57997.9,57320.82,1599239.0,2892.0027
675.8,20056.98,18634.566,95.33888
38348.547,62734.832,1057426.1,1746.7897
10662.449,32051.67,294007.28,950.1638
182.9,20531.13,5043.3,24.471224
28378.95,56671.8,782523.56,1430.7866
9940.149,6164.82,274090.53,4609.2188
2297.0999,13939.14,63340.426,470.18652
2001.0499,8974.05,55177.12,636.55615
9140.35,18793.74,252036.78,1389.5884
25280.5,34669.5,697086.7,2083.909
8507.95,23166.36,234598.94,1049.0648
-12.4,22800.09,-341.91864,-2.5550132
93.0,21696.06,2564.39,11.256065
10918.199,33047.82,301059.34,943.62
85462.34,129243.72,2356546.0,1889.6641
9327.899,33084.36,257208.3,805.13934
40.3,20826.93,1111.2356,4.5325937
89.899994,13222.26,2478.9102,18.4403
29.449999,14796.09,812.05676,4.6909833
23167.85,54644.7,638832.25,1211.2346
57416.65,95559.06,1583211.5,1716.9675
68.2,18866.82,1880.5525,9.335575
4535.3,9660.48,125056.74,1341.3206
0.0,8081.43,0.0,-1.0
35.649998,13208.34,983.01605,6.7172093
-26.349998,16483.89,-726.5771,-5.5705647
3.1,13360.59,85.47966,-0.3365854
18207.85,18998.19,502064.8,2739.2832
31.0,21868.32,854.79663,3.053174
9275.2,11704.11,255755.16,2264.864
15859.6,30597.03,437313.94,1481.0469
40.3,17662.74,1111.2356,5.5237293
74.399994,19299.21,2051.5117,10.022556
20415.049,17392.17,562926.3,3355.1833
4848.4,9523.0205,133690.19,1454.7026
6045.0,5925.57,166685.34,2915.8574
17584.75,24024.18,484883.4,2091.843
65.1,10092.0,1795.0729,17.443897
122.45,8739.15,3376.4465,39.062546
105528.65,115870.95,2909856.0,2603.023
20.15,11624.94,555.6178,3.9560227
1012.14996,7568.13,27909.11,381.38892
52779.047,82952.76,1455333.9,1818.1968
30992.25,39376.2,854582.94,2249.4446
35.649998,26728.14,983.01605,2.8136406
13292.8,27062.22,366536.78,1403.4362
25503.7,27884.371,703241.2,2614.1184
8898.55,22643.49,245369.38,1122.634
1816.6,20029.14,50091.082,258.32596
20.15,18278.7,555.6178,2.1519458
71.299995,16314.24,1966.0321,11.496017
43.399998,17473.95,1196.7152,6.10146
14484.75,11171.67,399403.72,3706.1648
18080.75,26452.35,498560.16,1953.3448
57.35,13759.05,1581.3738,10.917742
21290.799,40034.79,587074.3,1519.5596
69.75,15404.22,1923.2925,11.946533
15120.25,88256.28,416927.06,488.84912
41.85,8433.78,1153.9755,13.188032
3795.95,10710.57,104669.84,1012.34393
-1.55,8557.32,-42.73983,-1.5178964
8335.899,15812.25,229854.8,1506.3281
145.7,14819.58,4017.5442,27.110764
24710.1,23220.3,681358.4,3041.6755
61707.047,59521.05,1701515.4,2963.2385
9228.7,17965.5,254472.97,1467.7579
21464.398,30442.17,591861.1,2015.0072
50224.65,62085.81,1384898.8,2311.9888
20.15,19304.43,555.6178,1.9844689
40.3,14288.88,1111.2356,7.0640984
44.949997,7701.24,1239.4551,15.688526
26.349998,13181.37,726.5771,4.715695
58.899998,14916.15,1624.1135,10.290353
15.5,20073.51,427.39832,1.207788
63.55,15421.62,1752.3331,10.782421
54.25,10726.23,1495.8942,13.461109
44.949997,11556.21,1239.4551,10.121497
58.899998,14514.21,1624.1135,10.603015
44.949997,11517.93,1239.4551,10.15846
120.899994,11856.36,3333.7068,28.155727
24.8,17199.9,683.8373,3.1226335
40.3,11335.23,1111.2356,9.1653805
8552.899,17406.09,235838.38,1403.9509
105.399994,17127.69,2906.3083,16.59506
7306.6997,10641.84,201475.56,1962.1503
7880.1997,31978.59,217289.3,703.57446
14683.149,27997.47,404874.4,1498.5101
68.2,15585.18,1880.5525,11.511849
54.25,19649.82,1495.8942,6.8938737
47519.9,41761.74,1310317.8,3252.4634
640.14996,10406.94,17651.549,174.87643
18874.35,34260.6,520442.94,1574.1648
66.65,19319.22,1837.8129,8.864148
18252.799,39771.18,503304.22,1311.2301
43.399998,14792.61,1196.7152,7.3886843
55.8,11916.39,1538.6339,12.388701
26.349998,24124.23,726.5771,2.1230297
111.6,13237.92,3077.2678,23.104239
17.05,19454.07,470.13812,1.5058951
20270.898,35406.39,558951.5,1635.9686
26.349998,13184.85,726.5771,4.714186
89.899994,13658.13,2478.9102,17.819904
29.449999,11818.08,812.05676,6.12504
11973.75,32051.67,330165.2,1067.1407
37.199997,16470.84,1025.7559,5.4576745
94.549995,24366.09,2607.1296,10.094933
10.849999,3917.61,299.1788,6.9187655
1204.35,22051.89,33208.848,155.15498
13517.55,23602.23,372734.06,1636.5476
72.85,8259.78,2008.7721,24.217966
13951.55,15349.41,384701.22,2597.841
23.25,32311.8,641.0975,1.0573623
265.05,3914.1301,7308.5107,192.61612
16536.95,47615.1,455991.25,992.0238
283.65,10180.74,7821.389,78.662224
20639.799,30396.06,569123.56,1940.4989
131.75,8783.5205,3632.8857,41.887527
34.1,12778.561,940.27625,6.629945
4231.5,7135.74,116679.74,1694.5254
12720.85,32227.41,350765.78,1127.599
1040.0499,13830.39,28678.426,214.01501
31.0,19967.37,854.79663,3.4390478
630.85,8987.1,17395.111,199.70377
120.899994,17524.41,3333.7068,18.725676
5197.15,32479.71,143306.66,456.51157
46.5,16616.13,1282.195,7.0015116
72.85,15711.33,2008.7721,12.257621
37.199997,15664.35,1025.7559,5.7901525
12992.1,19629.81,358245.25,1891.3967
19147.148,33137.43,527965.1,1651.0923
97.649994,16724.01,2692.6094,15.694784
24074.6,32408.371,663835.06,2122.9822
62420.047,37349.97,1721175.8,4777.4043
8707.899,21909.21,240112.36,1135.4116
13720.6,22417.291,378332.97,1749.0035
68.2,8963.61,1880.5525,20.754564
79.049995,10075.47,2179.7312,21.432905
13570.25,32842.5,374187.22,1180.4099
1703.45,9188.07,46971.074,529.09546
10767.85,21435.93,296913.6,1435.2686
49516.297,57908.94,1365366.6,2443.8462
7526.8,17727.99,207544.62,1212.9474
60.449997,9622.2,1666.8534,16.96267
-23.25,10667.07,-641.0975,-7.231991
38832.15,64957.68,1070761.0,1708.267
35.649998,15285.03,983.01605,5.6687155
20142.25,57804.54,555404.1,995.3113
80.6,21983.16,2222.4712,9.483201
20748.299,110027.164,572115.4,538.17725
7934.4497,66172.2,218785.19,341.839
4648.4497,16689.21,128176.75,795.38184
49.6,16965.0,1367.6746,7.359432
74.399994,21207.99,2051.5117,9.030495
41.85,8057.07,1153.9755,13.851398
19218.45,25484.041,529931.2,2155.2498
-4.6499996,8161.47,-128.21948,-2.6290464
32.55,7329.75,897.53644,11.697283
11048.399,16819.71,304649.5,1877.1481
-13.95,9408.18,-384.65848,-5.2395287
35.649998,16930.2,983.01605,5.0206923
-24.8,11188.2,-683.8373,-7.3378277
60.449997,12164.34,1666.8534,13.208778
3775.7998,16775.34,104114.23,642.55646
280.55,8871.39,7735.909,89.42064
16290.499,23521.32,449195.6,1979.2574
280.55,37439.582,7735.909,20.425365
29980.1,29593.05,826673.8,2895.6252
19743.898,53300.55,544419.94,1058.1323
55317.95,82360.29,1525341.9,1919.4243
-13.95,17761.05,-384.65848,-3.2457144
26799.5,31898.55,738971.7,2401.1755
40118.65,28897.05,1106235.0,3968.5542
10154.05,25504.05,279988.62,1137.3586
36775.3,91757.164,1014045.25,1144.9489
15814.649,23639.64,436074.5,1911.7919
-44.949997,10012.83,-1239.4551,-13.835767
-17.05,14642.97,-470.13812,-4.329233
116.25,23028.9,3205.4873,13.433404
-3.1,11726.73,-85.47966,-1.7558467
8359.149,5875.11,230495.9,4067.1326
72.85,18242.16,2008.7721,10.418323
122.45,21677.791,3376.4465,15.150751
18305.5,28630.83,504757.4,1827.086
55.8,16291.62,1538.6339,8.793071
-15.5,17515.71,-427.39832,-3.5301888
51.149998,27571.17,1410.4144,4.3044386
39724.95,51618.84,1095379.1,2199.4124
69162.55,83217.24,1907094.0,2375.3293
365.8,3348.6301,10086.6,311.33847
17.05,18323.07,470.13812,1.6605725
7.75,9742.26,213.69916,1.2745264
25026.299,51125.55,690077.3,1398.6119
49522.5,43974.15,1365537.6,3218.9868
14725.0,42079.29,406028.4,999.54333
22521.5,59479.29,621009.75,1081.6312
-58.899998,19200.9,-1624.1135,-9.77087
16434.65,68568.18,453170.44,684.30963
86.799995,19506.27,2393.4304,11.723145
110.049995,14783.04,3034.5278,20.285078
20.15,11238.66,555.6178,4.1263647
40.3,12713.311,1111.2356,8.063488
66.65,16036.71,1837.8129,10.883213
32117.549,42522.99,885612.0,2158.5715
2814.7998,19969.98,77615.53,402.01282
-3.1,12929.07,-85.47966,-1.6855567
127.1,20984.4,3504.6663,16.31801
19517.6,43681.832,538179.94,1276.5402
41.85,18750.24,1153.9755,5.381718
23969.2,34025.7,660928.75,2013.1669
48899.4,56826.66,1348356.1,2459.3696
114.7,13076.97,3162.7476,24.078716
23859.148,29308.56,657894.2,2326.606
83.7,24240.81,2307.951,8.872504
106.95,35067.96,2949.0483,7.7200556
6547.1997,24758.46,180533.05,755.10297
26723.549,47876.97,736877.44,1594.9397
41.85,10531.35,1153.9755,10.362148
88.35,18121.23,2436.1704,12.940164
45942.0,33372.332,1266808.6,3935.1562
111.6,17108.55,3077.2678,17.650906
10016.1,20725.14,276184.78,1380.8158
32784.05,42366.39,903990.2,2211.535
13.95,9377.73,384.65848,3.2532945
-15.5,13395.39,-427.39832,-4.3084555
6892.8496,24409.59,190064.02,806.3973
13894.199,24327.81,383119.84,1631.9749
-12.4,8039.67,-341.91864,-5.4099374
181.34999,12283.53,5000.56,41.21272
48.05,14094.87,1324.9348,8.747232
44.949997,11135.13,1239.4551,10.542062
64625.7,105711.09,1781994.5,1746.9688
39077.047,45519.27,1077513.9,2453.5703
5059.1997,8459.01,139502.8,1709.0597
114682.945,60261.42,3162277.2,5440.3726
6545.65,21185.37,180490.31,882.41693
18.599998,20018.7,512.8779,1.6565993
13697.35,40127.88,377691.88,974.97644
5496.3,6976.5303,151555.44,2251.5784
54804.9,105676.29,1511195.0,1481.8282
27813.2,28283.7,766923.5,2810.666
8224.3,17654.91,226777.55,1330.9331
1878.6,10625.31,51800.676,504.5239
-13.95,19268.76,-384.65848,-3.0699956
63.55,13786.0205,1752.3331,12.18031
44.949997,10334.73,1239.4551,11.435966
12500.75,6009.96,344696.75,5946.213
3.1,9904.95,85.47966,-0.105133295
52.699997,12053.85,1453.1542,11.500685
26131.45,35736.12,720550.8,2089.7644
8373.1,35779.62,230880.56,668.11304
13218.399,51560.55,364485.28,732.01074
82.149994,15163.23,2265.211,14.490478
12655.75,19542.81,348970.72,1850.6115
13.95,16948.47,384.65848,1.3533833
-18.599998,9440.37,-512.8779,-6.6334295
36046.8,46381.44,993957.56,2221.1404
13621.399,25377.9,375597.62,1533.67
41977.098,64749.75,1157480.1,1852.6311
6057.4,11656.26,167027.27,1484.8536
51.149998,16935.42,1410.4144,7.635722
7.75,16704.87,213.69916,0.32650113
48.05,15455.55,1324.9348,7.889103
29212.85,32258.73,805517.6,2588.26
5432.75,16965.87,149803.11,914.57214
10403.6,13464.12,286869.75,2208.2998
11003.449,22454.7,303410.03,1400.1047
23.25,13371.03,641.0975,3.9717245
14700.199,29235.48,405344.53,1436.6791
65.1,12077.34,1795.0729,14.411989
6141.0996,29298.121,169335.2,598.31525
7556.25,33834.3,208356.69,637.55475
41262.547,63191.582,1137777.0,1866.0065
85.25,18379.62,2350.6907,12.261933
34332.5,84433.5,946687.3,1161.625
106.95,26978.7,2949.0483,10.334666
40.3,6250.08,1111.2356,17.436073
13286.6,34531.17,366365.84,1099.149
43.399998,9206.34,1196.7152,12.478814
27125.0,34998.36,747947.06,2215.0066
138221.25,90672.27,3811324.5,4357.623
33314.15,52996.05,918607.2,1796.3563
2714.0498,63550.02,74837.44,121.10996
11897.8,17181.63,328070.94,1978.9365
21210.2,34954.86,584851.8,1733.9467
38373.348,26173.95,1058110.0,4190.8857
13.95,7665.57,384.65848,4.2032986
142.59999,27009.15,3932.0642,14.09585
46.5,10888.92,1282.195,11.210041
34.1,15152.79,940.27625,5.4344397
40.3,12216.54,1111.2356,8.432044
23.25,14500.29,641.0975,3.5845346
23.25,17502.66,641.0975,2.798113
10558.6,19551.51,291143.72,1543.0985
660.3,13087.41,18207.168,143.2569
-7.75,8164.95,-213.69916,-3.7139206
27.9,6571.11,769.31696,11.139882
-10.849999,11992.08,-299.1788,-3.586927
79.049995,11333.49,2179.7312,18.942846
15648.8,18264.78,431501.34,2448.715
331.69998,14918.76,9146.323,62.571392
46.5,8755.68,1282.195,14.184904
30863.6,48788.73,851035.5,1807.7396
13020.0,25180.41,359014.6,1477.4177
10.849999,18291.75,299.1788,0.6959907
27.9,15209.34,769.31696,4.2449675
49.6,13551.99,1367.6746,9.464719
-10.849999,30829.32,-299.1788,-2.0062704
58.899998,28853.55,1624.1135,4.836668
4479.5,17640.99,123518.12,725.0317
68.2,11490.09,1880.5525,15.971098
65.1,17279.94,1795.0729,9.771787
37.199997,14693.43,1025.7559,6.2388353
478.94998,10205.97,13206.607,133.17911
14855.199,30824.1,409618.53,1376.9615
34.1,15546.03,940.27625,5.2716794
52568.25,68350.68,1449521.4,2198.0225
942.39996,9662.22,25985.816,277.87357
-1.55,15355.5,-42.73983,-1.2886136
11504.1,24948.121,317215.03,1317.4504
-3.1,15526.89,-85.47966,-1.5708555
35.649998,21028.77,983.01605,3.847241
765.69995,8728.71,21113.477,249.81735
31559.549,57257.31,870225.7,1574.9733
25390.549,32046.45,700121.2,2264.3806
97.649994,9722.25,2692.6094,27.718016
506.84998,17836.74,13975.925,80.248055
-55.8,8357.22,-1538.6339,-20.09068
7.75,20131.8,213.69916,0.10069764
-18.599998,11705.85,-512.8779,-5.5431695
71.299995,21309.78,1966.0321,8.566642
3.1,8459.88,85.47966,0.047723055
48.05,10480.89,1324.9348,12.108235
62.0,19679.4,1709.5933,8.008009
38522.15,38656.71,1062213.0,2848.2766
10912.0,29797.5,300888.4,1046.0647
71.299995,18981.66,1966.0321,9.74
48.05,21167.1,1324.9348,5.490543
6956.4,24815.01,191816.36,800.5287
7.75,26101.74,213.69916,-0.1510517
15.5,7642.08,427.39832,4.7992134
10476.449,26941.291,288878.5,1110.8462
39938.848,86126.52,1101277.2,1324.8904
72.85,26265.3,2008.7721,6.93042
39487.797,74733.0,1088839.9,1509.7739
51.149998,6394.5,1410.4144,21.871153
40.3,17408.7,1111.2356,5.6189284
16197.499,39461.46,446631.22,1172.61
93.0,21596.88,2564.39,11.312348
1108.25,11009.85,30558.98,286.80966
21.699999,15244.14,598.3576,3.0701065
249.54999,24431.34,6881.113,28.205137
79.049995,14013.96,2179.7312,15.128349
52.699997,11685.84,1453.1542,11.894356
13.95,20038.71,384.65848,0.9904597
58.899998,18843.33,1624.1135,7.9373055
209.25,8505.99,5769.8774,69.33793
100.75,9452.55,2778.089,29.475094
52.699997,10730.58,1453.1542,13.042239
89.899994,26414.07,2478.9102,8.731356
116.25,22559.1,3205.4873,13.733983
7779.4497,18678.03,214511.2,1189.8767
8233.6,26671.59,227033.98,881.6527
26779.35,45454.89,738416.06,1683.4897
42809.45,17892.42,1180431.4,6839.999
21.699999,11519.67,598.3576,4.386029
141.05,8880.96,3889.3247,44.411114
10254.8,34472.88,282766.72,849.5476
94.549995,18653.67,2607.1296,13.492597
72.85,8201.49,2008.7721,24.397196
17.05,11286.51,470.13812,3.3193035
23268.6,36680.94,641610.4,1812.7557
3.1,10176.39,85.47966,-0.12900245
20146.898,30255.99,555532.3,1902.9075
20601.049,23337.75,568055.06,2522.942
32114.45,47326.26,885526.56,1939.2035
13888.0,27987.9,382948.9,1417.7909
99.2,14929.2,2735.349,17.99871
65.1,10372.14,1795.0729,16.94575
18.599998,6446.7,512.8779,7.2494392
31.0,7140.09,854.79663,11.413865
13012.25,27726.9,358800.88,1340.8379
17787.799,45413.13,490482.28,1118.9271
10487.3,18615.39,289177.7,1609.7958
261.94998,12246.12,7223.0312,60.16019
7131.55,7223.61,196645.97,2821.7905
209002.0,109674.81,5763039.0,5447.6953
22448.648,30470.01,619000.94,2105.525
6.2,14105.311,170.95932,0.25677633
26.349998,9991.95,726.5771,6.5401382
18.599998,17704.5,512.8779,2.0038497
131.75,18623.22,3632.8857,19.227621
29118.299,34669.5,802910.44,2400.416
21.699999,9000.15,598.3576,5.8938036
11780.0,30155.94,324822.72,1115.9183
100.75,12849.03,2778.089,21.419386
6.2,16436.91,170.95932,0.07850087
6846.3496,36241.59,188781.83,539.1331
16481.15,75857.914,454452.66,620.206
1712.75,76537.38,47227.516,62.983704
134.84999,24208.621,3718.3652,14.92685
49.6,9437.76,1367.6746,14.026634
18175.299,34508.55,501167.25,1504.9268
13672.55,34049.19,377008.06,1147.1317
63.55,17429.58,1752.3331,9.425037
22154.148,19117.38,610880.4,3312.4136
13061.85,24670.59,360168.56,1512.8197
80.6,19253.1,2222.4712,10.969703
130.2,46879.95,3590.1458,6.940956
122.45,14445.48,3376.4465,23.236828
83.7,18944.25,2307.951,11.632725
27838.0,39527.582,767607.4,2012.663
10532.25,28190.61,290417.16,1067.2323
407.65,13324.92,11240.575,86.47255
354.94998,10145.07,9787.421,99.037094
10268.75,22796.61,283151.38,1286.9419
43.399998,8632.14,1196.7152,13.37541
23871.549,21803.94,658236.1,3129.3623
53882.65,68255.85,1485764.8,2256.1375
-6.2,11642.34,-170.95932,-2.5226512
199.95,11162.97,5513.4385,50.21423
16510.6,21223.65,455264.7,2223.2917
23236.049,33193.11,640712.8,2000.5358
74.399994,22071.9,2051.5117,8.637895
11728.85,31361.76,323412.3,1068.3109
640.14996,12986.49,17651.549,139.9415
16019.249,34114.44,441716.12,1341.6193
20390.25,25544.94,562242.5,2281.2683
34.1,25121.25,940.27625,2.8811648
6227.9,23255.1,171728.64,764.72424
51.149998,15369.42,1410.4144,8.515621
-18.599998,10235.55,-512.8779,-6.19578
16406.75,17288.64,452401.12,2712.3806
36448.25,30162.9,1005027.1,3454.036
19449.398,24266.91,536299.4,2290.6099
35.649998,15939.2705,983.01605,5.3949924
31909.85,23618.76,879884.94,3861.9285
-10.849999,8495.55,-299.1788,-4.6516337
88.35,23200.291,2436.1704,9.888351
55.8,15716.55,1538.6339,9.151401
14841.25,22964.52,409233.9,1846.8304
6179.8496,9260.28,170403.7,1907.1073
16792.7,22862.73,463043.3,2099.107
1009.05,18924.24,27823.63,151.45555
41.85,6253.56,1153.9755,18.1345
6210.8496,23664.0,171258.5,749.43286
60.449997,21172.32,1666.8534,7.1635084
8501.75,8592.12,234427.98,2828.1565
7593.4497,9615.24,209382.42,2257.0208
19776.45,27164.01,545317.5,2080.6296
80.6,39930.39,2222.4712,4.7713904
12090.0,18383.97,333370.7,1879.3383
-15.5,10287.75,-427.39832,-5.307847
38.75,12261.78,1068.4958,8.035812
5454.4497,3868.8901,150401.47,4030.007
43640.25,35182.8,1203340.0,3545.5479
49.6,8735.67,1367.6746,15.234333
46.5,19240.92,1282.195,5.909969
11381.649,37592.7,313838.56,864.6666
32.55,15925.35,897.53644,4.8440104
43.399998,15994.08,1196.7152,6.758529
99.2,44763.242,2735.349,5.336349
43.399998,18589.291,1196.7152,5.675378
11187.899,29607.84,308496.1,1079.4155
432.44998,14715.18,11924.413,83.02709
52.699997,15975.811,1453.1542,8.431846
95639.65,78862.89,2637175.8,3466.4824
36753.598,41500.74,1013446.8,2531.171
79.049995,15620.85,2179.7312,13.469255
9217.85,17299.95,254173.77,1522.4695
42635.848,49287.242,1175644.5,2472.3716
74.399994,10960.26,2051.5117,18.408905
27.9,10981.14,769.31696,6.2645006
23897.898,50801.04,658962.7,1344.0428
41.85,11721.51,1153.9755,9.208475
19035.549,36167.64,524887.9,1503.8535
11214.25,39028.2,309222.7,820.5627
7.75,16886.7,213.69916,0.3122177
108.5,18633.66,2991.7883,15.648708
16450.15,56663.97,453597.84,829.0645
22360.299,28488.15,616564.8,2243.204
11576.949,15077.1,319223.78,2194.459
17386.35,24366.09,479412.7,2039.1945
54.25,20874.78,1495.8942,6.43065
17.05,11098.59,470.13812,3.392437
-1.55,8976.66,-42.73983,-1.4937031
11843.55,4817.19,326575.06,7028.7056
196.84999,8496.42,5427.9585,65.244286
20.15,17760.18,555.6178,2.243969
74.399994,10107.66,2051.5117,20.046082
254.2,12335.73,7009.3325,57.919582
9406.95,12947.34,259388.05,2076.3865
28609.898,27121.38,788891.75,3015.1538
7.75,10680.12,213.69916,1.0747919
182.9,12713.311,5043.3,40.13429
17067.049,37863.27,470608.25,1287.8112
223.2,55742.64,6154.5356,10.448686
21.699999,16479.541,598.3576,2.764988
52.699997,26114.791,1453.1542,4.769963
38.75,11944.23,1068.4958,8.276039
17.05,8113.62,470.13812,5.0083976
0.0,14310.63,0.0,-1.0
12100.85,22159.77,333669.84,1560.3475
38802.7,50417.37,1069948.9,2199.5474
40.3,15216.3,1111.2356,6.5725994
42254.547,47914.38,1165130.5,2520.4863
7813.55,31949.01,215451.48,698.2621
14889.3,25157.791,410558.8,1691.1964
32.55,11551.86,897.53644,7.056531
51.149998,17007.63,1410.4144,7.5990562
114.7,15638.25,3162.7476,19.971247
646.35,22749.63,17822.51,80.23485
28064.299,55989.72,773847.4,1432.1608
5533.5,31705.41,152581.2,498.0172
54804.9,43520.01,1511195.0,3599.6375
30548.95,27528.541,842359.3,3171.9414
9017.899,13229.22,248660.33,1948.0372
29400.398,44150.76,810689.06,1902.9869
8755.95,26236.59,241437.31,953.21204
66.65,12759.42,1837.8129,13.935448
2586.95,18573.63,71332.78,397.23572
24998.398,34925.28,689308.0,2045.5449
7308.25,20953.08,201518.31,996.27405
8125.0996,45134.73,224042.19,513.715
47943.047,36899.31,1321985.6,3713.979
64944.996,69539.1,1790798.9,2669.3342
4.6499996,6351.87,128.21948,1.0931497
22724.549,48219.75,626608.6,1346.4706
40.3,18551.01,1111.2356,5.211357
20303.45,39898.2,559849.06,1454.0085
148934.84,137138.1,4106742.0,3104.1829
-9.299999,12085.17,-256.43896,-3.200286
16651.65,20180.52,459154.03,2358.25
32.55,13401.48,897.53644,5.9445996
8487.8,18477.06,234043.31,1312.443
54.25,18728.49,1495.8942,7.2822056
-6.2,22667.85,-170.95932,-1.7820425
164.29999,27970.5,4530.422,15.795244
65.1,15600.84,1795.0729,10.931141
179.79999,7803.0303,4957.8203,64.8833
16958.549,41753.91,467616.47,1160.2896
8514.149,26571.541,234769.88,915.1646
74.399994,11670.18,2051.5117,17.228222
16405.2,25658.91,452358.38,1827.0679
60364.75,69326.82,1664502.8,2488.609
31358.049,43245.09,864669.5,2072.2957
55.8,23457.81,1538.6339,5.8013587
4.6499996,7264.5,128.21948,0.83019006
8349.85,21516.84,230239.47,1108.5559
36383.15,37279.5,1003232.06,2789.482
10509.0,18465.75,289776.06,1626.2094
80.6,18606.69,2222.4712,11.385539
81757.84,90540.9,2254397.8,2580.8655
52.699997,12171.3,1453.1542,11.380056
44867.848,68022.69,1237189.9,1884.9512
682.0,18314.37,18805.525,105.47346
44064.95,80254.02,1215050.6,1568.9125
17485.549,20822.58,482148.0,2400.0085
9980.449,6220.5,275201.75,4586.4756
82.149994,13231.83,2265.211,16.751564
17835.85,30674.46,491807.25,1661.5161
10848.449,29038.86,299136.06,1067.162
10843.8,16317.72,299007.88,1899.0763
13895.75,31273.89,383162.6,1269.4252
41.85,11129.04,1153.9755,9.751938
34.1,6528.48,940.27625,13.934521
20635.148,28071.42,568995.3,2100.804
2320.3499,21102.72,63981.523,313.3866
75787.25,77691.87,2089764.1,2788.1355
91.45,19648.08,2521.65,12.307993
13.95,15144.96,384.65848,1.6336317
75.95,15148.44,2094.2517,13.335367
17.05,15848.79,470.13812,2.0759356
52.699997,12609.78,1453.1542,10.949564
-4.6499996,14724.75,-128.21948,-1.9029298
20.15,4637.1,555.6178,11.424461
0.0,13426.71,0.0,-1.0
20.15,13984.38,555.6178,3.1198444
69.75,26740.32,1923.2925,6.4580727
18951.85,42380.31,522579.9,1277.6052
42404.9,76762.71,1169276.2,1578.482
6364.3,13855.62,175489.75,1312.3295
42279.348,33249.66,1165814.4,3634.7173
9.299999,9757.05,256.43896,1.7252941
65.1,23414.31,1795.0729,6.949661
9.299999,10256.43,256.43896,1.5926011
69071.1,73007.79,1904572.5,2704.0557
528.55,33884.76,14574.282,43.599564
-24.8,20739.06,-683.8373,-4.419098
4.6499996,19976.07,128.21948,-0.3344329
58788.4,116859.27,1621036.2,1437.3926
4507.4,4658.85,124287.43,2765.2815
17226.7,29230.26,475010.47,1684.0717
646.35,21527.28,17822.51,84.84749
24.8,13026.51,683.8373,4.4434295
23811.1,36815.79,656569.3,1848.2446
58.899998,17607.06,1624.1135,8.564834
155.0,34646.88,4273.9834,11.791356
72.85,17503.53,2008.7721,10.900164
85.25,25331.791,2350.6907,8.622269
-9.299999,14026.14,-256.43896,-2.8958054
34.1,13625.07,940.27625,6.1559052
86383.05,69993.24,2381933.5,3527.7542
37.199997,13609.41,1025.7559,6.8154244
55.8,22136.28,1538.6339,6.2073984
596.75,31040.73,16454.836,53.96794
142.59999,11477.91,3932.0642,34.522675
54.25,23125.47,1495.8942,5.7074614
7692.65,17011.98,212117.78,1291.9153
75.95,17181.63,2094.2517,11.63899
7354.75,18233.46,202800.5,1152.3146
10578.75,39861.66,291699.34,757.8011
31761.049,40997.01,875781.9,2214.0913
8191.7495,12465.36,225880.0,1877.9741
43.399998,5186.94,1196.7152,22.923653
41839.15,33745.56,1153676.2,3543.9917
106.95,23531.76,2949.0483,11.994972
83216.4,76694.85,2294616.0,3101.3564
31.0,18689.34,854.79663,3.7426023
66.65,13347.54,1837.8129,13.277362
58.899998,21404.61,1624.1135,6.8678656
27.9,13291.86,769.31696,5.001605
96.1,11686.71,2649.8696,22.511488
34823.848,61663.86,960235.75,1613.7119
12.4,12720.2705,341.91864,1.7872396
20.15,11359.59,555.6178,4.071791
-15.5,13887.811,-427.39832,-4.191148
41.85,11158.62,1153.9755,9.723436
48.05,9171.54,1324.9348,13.979597
18193.9,53826.03,501680.16,965.4568
94100.5,96643.08,2594735.2,2783.006
12990.55,33514.14,358202.53,1107.2773
18812.35,35138.43,518733.34,1529.7692
7554.6997,12044.28,208313.94,1792.4338
0.0,15467.73,0.0,-1.0
241.79999,23034.99,6667.4136,29.013542
54.25,11350.89,1495.8942,12.66529
96.1,28120.14,2649.8696,8.771358
51.149998,18408.33,1410.4144,6.94475
170.5,16931.94,4701.3813,27.791658
48.05,18894.66,1324.9348,6.2711535
63517.45,78500.1,1751435.5,2312.5122
17804.85,22038.84,490952.44,2308.9287
410.75,8716.53,11326.056,133.73578
27.9,15674.79,769.31696,4.0892224
-1.55,14331.51,-42.73983,-1.3092351
51.149998,19766.4,1410.4144,6.3988976
220.09999,7359.33,6069.0557,84.51272
48.05,16343.82,1324.9348,7.4059887
120.899994,15202.38,3333.7068,21.7386
27.9,11821.561,769.31696,5.7480516
107872.25,75062.73,2974478.5,4107.9834
9.299999,16177.65,256.43896,0.6436769
8414.95,24975.96,232034.55,962.33716
900.55,15479.91,24831.842,165.33682
-7.75,16030.62,-213.69916,-2.3822937
15634.85,56757.06,431116.7,786.63104
12246.55,27610.32,337687.4,1267.2103
-3.1,8024.88,-85.47966,-2.1045163
11384.75,8784.39,313924.06,3704.6204
13.95,21885.72,384.65848,0.8224782
65.1,32724.18,1795.0729,4.6880207
13271.1,24577.5,365938.44,1542.8965
12063.649,26923.02,332644.1,1280.1616
14749.8,21599.49,406712.25,1951.5027
16833.0,26717.7,464154.56,1800.4053
2934.15,17327.791,80906.5,483.1591
113.149994,12536.7,3120.0076,24.805977
10279.6,23878.89,283450.56,1229.8668
13.95,15800.94,384.65848,1.524296
979.6,20680.77,27011.572,134.43504
1384.1499,17980.291,38166.668,219.10779
16375.749,29337.27,451546.3,1594.9912
41.85,15392.04,1153.9755,6.7740664
11364.6,30615.3,313368.44,1060.3646
138906.34,122869.234,3830215.2,3231.421
14210.399,22827.06,391838.75,1778.9396
12066.75,29937.57,332729.6,1151.4518
16609.799,10414.7705,458000.0,4558.988
11539.75,4472.67,318198.06,7375.979
29589.5,46270.95,815903.4,1827.4294
51277.098,45420.09,1413919.0,3226.9324
102.299995,17807.16,2820.8289,15.425928
778.1,12664.59,21455.395,174.66824
8356.05,28120.14,230410.42,848.63525
34.1,16335.99,940.27625,4.9683995
88.35,13648.561,2436.1704,17.508392
15030.35,46176.992,414448.16,929.663
77.5,14513.34,2136.9917,14.268043
-20.15,11068.14,-555.6178,-6.2053437
62.0,16897.14,1709.5933,9.491256
17445.25,12030.36,481036.8,4145.1743
54.25,14253.21,1495.8942,9.882686
74.399994,30013.26,2051.5117,6.087755
109008.4,115005.3,3005806.8,2709.136
249.54999,8729.58,6881.113,80.73596
11031.35,23714.46,304179.38,1329.039
65.1,16433.43,1795.0729,10.326656
26250.799,52042.53,723841.75,1441.2253
1838.2999,25639.77,50689.438,203.99875
9174.45,8331.99,252977.08,3147.3303
29.449999,14114.01,812.05676,4.966008
35491.9,43062.39,978656.6,2355.5686
796.69995,17494.83,21968.271,129.20691
18245.049,26945.64,503090.53,1935.0007
51.149998,13082.19,1410.4144,10.179288
14252.25,37304.73,392992.75,1091.3668
-23.25,10654.89,-641.0975,-7.2391148
13455.55,34543.35,371024.47,1112.7455
5721.05,15332.01,157752.72,1065.9048
7495.8,10321.68,206689.83,2075.4265
7.75,10259.04,213.69916,1.1599514
18958.049,27282.33,522750.84,1985.832
13100.6,32201.31,361237.06,1162.2328
100.75,13094.37,2778.089,20.99933
37914.55,37562.25,1045459.06,2885.0464
43.399998,12082.561,1196.7152,9.27022
223.2,22817.49,6154.5356,26.968895
46.5,27882.63,1282.195,3.768351
34.1,10626.18,940.27625,8.175425
10659.35,34517.25,293921.8,881.965
22116.95,26246.16,609854.6,2408.3975
39810.2,40729.05,1097729.9,2793.725
3933.9,11892.9,108473.69,944.7677
38232.297,40969.17,1054220.6,2667.2234
31.0,26413.2,854.79663,2.3557506
100.75,20757.33,2778.089,12.877862
4.6499996,9182.85,128.21948,0.44785285
46.5,21054.0,1282.195,5.3149123
-26.349998,14282.79,-726.5771,-6.274928
10491.949,19441.89,289305.9,1542.0027
165.84999,12585.42,4573.1616,36.678772
10939.899,31991.64,301657.72,976.7455
4.6499996,5855.1,128.21948,1.270741
136.4,34393.71,3761.105,10.339249
13.95,24386.1,384.65848,0.63561416
1.55,12138.24,42.73983,-0.634889
0.0,6739.89,0.0,-1.0
41600.45,38712.39,1147094.4,3071.5364
38.75,7293.21,1068.4958,14.191547
-3.1,11569.26,-85.47966,-1.7661346
69.75,19588.05,1923.2925,9.181271
24838.75,29059.74,684905.8,2442.9202
39825.7,64406.97,1098157.2,1766.9889
13224.6,24990.75,364656.25,1512.0464
117.799995,14772.6,3248.227,21.80013
72592.695,86543.25,2001677.1,2397.3286
77.5,23286.42,2136.9917,8.515859
7756.1997,16974.57,213870.11,1305.4692
63.55,16291.62,1752.3331,10.15322
9492.2,36180.69,261738.73,749.1343
-29.449999,11021.16,-812.05676,-8.64024
7.75,10346.91,213.69916,1.141608
-9.299999,10032.84,-256.43896,-3.6503792
9366.649,20561.58,258276.8,1301.4971
16395.9,23880.63,452101.97,1962.0823
10.849999,10685.34,299.1788,1.9032896
65.1,18631.05,1795.0729,8.990623
15631.75,34589.46,431031.22,1291.1497
114.7,21970.11,3162.7476,13.927263
18.599998,12057.33,512.8779,3.4107327
89.899994,17915.041,2478.9102,13.347983
162.75,14089.65,4487.682,32.02705
88.35,19350.541,2436.1704,12.054566
12235.699,12636.75,337388.22,2767.4863
58.899998,23325.57,1624.1135,6.2199135
29.449999,11198.64,812.05676,6.5191545
43.399998,30773.64,1196.7152,3.0323648
25288.25,29317.26,697300.4,2465.2915
30459.049,35742.21,839880.44,2435.5984
119.35,7433.2803,3290.967,44.908268
38.75,25258.71,1068.4958,3.386413
13478.8,28228.89,371665.56,1364.2318
23504.2,27679.92,648106.8,2426.8936
10705.85,9924.09,295204.0,3083.4622
3512.2998,5183.46,96848.45,1936.4069
12260.5,17933.31,338072.06,1953.7745
9207.0,19173.93,253874.61,1371.9541
23.25,13875.63,641.0975,3.7909236
26.349998,15218.91,726.5771,3.9504652
25370.398,34170.12,699565.5,2121.9011
17711.85,11002.0205,488388.06,4601.9946
44385.797,36603.51,1223897.8,3466.1313
43041.95,35505.57,1186842.4,3465.1265
93.0,44055.93,2564.39,5.035699
80.6,12277.44,2222.4712,17.770514
23.25,7433.2803,641.0975,7.9431696
32024.549,56943.242,883047.6,1607.014
10969.35,23143.74,302469.78,1354.178
12018.699,21061.83,331404.62,1630.5873
15.5,33387.12,427.39832,0.32739973
818.39996,7884.81,22566.63,295.7723
99.2,25682.4,2735.349,10.043965
83.7,25132.56,2307.951,8.522209
59408.4,97862.82,1638132.2,1734.7179
41.85,13679.88,1153.9755,7.7470617
5367.65,7400.22,148008.03,2072.9033
27777.549,35733.51,765940.5,2221.6304
13244.75,21869.19,365211.88,1730.6499
17036.049,39057.78,469753.47,1246.1259
29772.398,69389.46,820946.6,1225.7874
17564.6,39793.8,484327.78,1261.0363
58461.348,72042.96,1612018.1,2319.2043
32.55,7769.97,897.53644,10.977898
134.84999,16736.19,3718.3652,22.037924
13.95,18415.291,384.65848,1.165931
0.0,11799.811,0.0,-1.0
14765.3,22309.41,407139.62,1891.3574
-24.8,12593.25,-683.8373,-6.630706
44.949997,11280.42,1239.4551,10.393401
14163.899,23631.81,390556.56,1712.7001
16516.799,21696.93,455435.62,2175.5898
37.199997,12448.83,1025.7559,7.5440416
102.299995,44398.71,2820.8289,5.5880103
23.25,8144.94,641.0975,7.161765
7312.9,21582.96,201646.53,967.7854
25869.5,27462.42,713327.8,2692.3838
38.75,12964.74,1068.4958,7.545882
62.0,20342.34,1709.5933,7.714446
34262.75,33193.11,944764.0,2950.3674
24.8,29014.5,683.8373,1.443912
9261.25,15215.43,255370.5,1739.3411
550.25,11126.43,15172.641,140.40125
10724.449,14602.95,295716.88,2098.8264
26.349998,8438.13,726.5771,7.9286003
110539.8,104461.77,3048033.8,3024.5913
32.55,14532.48,897.53644,5.4041314
29925.85,43761.87,825177.94,1954.2379
-34.1,17086.8,-940.27625,-6.7061424
83.7,34560.75,2307.951,5.924546
23113.6,50401.71,637336.4,1310.2072
41104.45,77855.43,1133417.6,1508.5549
3.1,6935.64,85.47966,0.2779802
-3.1,5569.74,-85.47966,-2.5913868
11998.55,22118.01,330849.03,1550.0712
44.949997,21871.8,1239.4551,4.876167
94.549995,22521.69,2607.1296,11.003546
24.8,9879.72,683.8373,6.1772165
12913.05,10794.96,356065.53,3419.2417
158194.55,104515.71,4362070.0,4326.718
9.299999,15558.21,256.43896,0.70911884
-48.05,14942.25,-1324.9348,-10.194463
268.15,24724.53,7393.9907,30.009785
29.449999,14617.74,812.05676,4.7604184
310.0,18087.3,8547.967,48.004612
26.349998,12803.79,726.5771,4.884249
9.299999,17284.291,256.43896,0.53843915
63.55,11784.15,1752.3331,14.419358
40.3,16920.63,1111.2356,5.8098483
68.2,22841.85,1880.5525,7.5369368
11860.6,12979.53,327045.2,2611.7427
13889.55,24839.371,382991.62,1597.809
10.849999,15844.44,299.1788,0.95795095
31.0,25169.97,854.79663,2.5215025
818.39996,24742.8,22566.63,93.572685
86685.3,88275.42,2390267.8,2806.7253
35.649998,9292.47,983.01605,9.96926
30507.1,50796.69,841205.4,1716.1748
1.55,12949.08,42.73983,-0.6577513
102.299995,30461.31,2820.8289,8.602317
74.399994,10440.0,2051.5117,19.376114
82.149994,17840.22,2265.211,12.166075
51.149998,16905.84,1410.4144,7.650832
2941.9,25355.28,81120.195,330.74814
241.79999,7873.5,6667.4136,86.80868
12.4,12533.22,341.91864,1.8288376
23208.148,45150.39,639943.44,1468.6975
15.5,10643.58,427.39832,3.1638298
66.65,17952.45,1837.8129,9.615133
122.45,22970.61,3376.4465,14.241764
63.55,23394.3,1752.3331,6.767021
10.849999,14349.78,299.1788,1.1618893
17.05,18947.73,470.13812,1.57286
67541.25,39425.79,1862388.1,4897.2134
7661.65,36021.48,211262.98,607.1486
27.9,7809.12,769.31696,9.215299
80.6,16975.44,2222.4712,12.575724
58.899998,25651.95,1624.1135,5.5651383
46.5,12681.99,1282.195,9.483698
6283.6997,22715.7,173267.27,789.9305
10529.149,18744.15,290331.66,1605.1145
9.299999,7769.1,256.43896,2.4226396
40371.297,44592.72,1113201.6,2587.5571
7864.6997,18075.99,216861.9,1243.0249
11758.3,8795.7,324224.38,3821.2856
48358.45,49702.23,1333440.0,2780.9255
74.399994,13194.42,2051.5117,15.122469
-4.6499996,9092.37,-128.21948,-2.4622607
24.8,16145.46,683.8373,3.3918777
42628.098,27287.55,1175430.8,4465.634
-13.95,14582.94,-384.65848,-3.7351308
83966.59,80464.56,2315302.0,2982.6707
54118.25,50227.71,1492261.2,3079.6995
722.3,23564.82,19916.762,86.64002
6572.0,19012.98,181216.89,987.3172
13196.699,38784.6,363886.9,971.87036
21574.45,47334.96,594895.7,1302.1868
8952.8,37881.54,246865.27,674.74097
74.399994,18324.81,2051.5117,10.608668
66.65,28897.92,1837.8129,5.5945106
22485.85,60873.03,620026.75,1055.169
51.149998,22943.64,1410.4144,5.374297
48.05,16864.08,1324.9348,7.1466627
24.8,8400.72,683.8373,7.440811
85.25,17377.38,2350.6907,13.0268135
71.299995,16919.76,1966.0321,11.048814
63.55,11228.22,1752.3331,15.1828
88.35,20397.15,2436.1704,11.384716
63844.496,67459.8,1760453.6,2704.9978
14923.399,19819.47,411499.1,2151.9043
51.149998,14826.54,1410.4144,8.864039
1588.75,19646.34,43808.33,230.21866
14782.35,27136.17,407609.78,1556.557
4445.4,20886.09,122577.836,607.55896
13.95,14100.09,384.65848,1.828794
32.55,14593.38,897.53644,5.377406
125.549995,9326.4,3461.9263,37.49033
3200.75,13229.22,88257.75,690.77765
8951.25,12934.29,246822.53,1977.7462
4698.05,12554.1,129544.42,1068.9932
18.599998,13697.28,512.8779,2.882644
0.0,15116.25,0.0,-1.0
500.65,7797.81,13804.966,182.57375
11423.5,32160.42,314992.56,1014.6089
18259.0,27873.93,503475.22,1871.9568
-10.849999,14047.89,-299.1788,-3.2083485
60.449997,10255.56,1666.8534,15.853338
116.25,28664.76,3205.4873,10.595611
56485.098,29449.5,1557524.9,5483.0947
12996.75,28461.18,358373.5,1304.6624
80.6,20132.67,2222.4712,10.446762
120.899994,28087.08,3333.7068,11.307467
32.55,8356.35,897.53644,10.137388
46.5,23148.09,1282.195,4.743634
16315.3,13682.49,449879.47,3408.4075
82.149994,20659.89,2265.211,10.3691635
18606.2,26205.27,513048.94,2029.1029
15.5,7514.19,427.39832,4.897915
55.8,24427.86,1538.6339,5.531272
387.5,18212.58,10684.958,59.834396
68.2,21020.07,1880.5525,8.276821
15092.35,20632.92,416157.75,2090.4387
10698.1,20301.45,294990.3,1505.7063
-18.599998,11399.61,-512.8779,-5.6652174
4189.65,17174.67,115525.766,696.49054
12.4,11478.78,341.91864,2.0886943
151.9,40308.84,4188.5034,9.774732
13.95,17367.81,384.65848,1.2965617
10.849999,16314.24,299.1788,0.90156794
8334.35,21806.55,229812.06,1091.7825
37.199997,26655.06,1025.7559,2.9903615
55947.25,67495.47,1542694.2,2369.0261
282.1,15028.38,7778.6494,52.671024
1376.3999,8649.54,37952.97,453.9887
7240.05,6404.07,199637.75,3231.4697
3103.0999,17711.46,85565.14,499.94534
3561.9,21525.541,98216.13,472.1258
20508.049,25751.13,565490.7,2276.0735
32793.348,55191.06,904246.56,1697.893
26.349998,7199.25,726.5771,9.465075
49.6,22285.05,1367.6746,5.363807
38.75,10589.64,1068.4958,9.462598
68.2,14265.39,1880.5525,12.669407
12536.399,18694.56,345679.75,1916.3728
6517.75,18616.26,179721.0,1000.0466
17975.35,25257.84,495653.8,2033.8392
9.299999,17775.84,256.43896,0.49589717
35.649998,10001.5205,983.01605,9.191602
62.0,18027.27,1709.5933,8.833559
62.0,17881.98,1709.5933,8.913456
12.4,17944.62,341.91864,0.9757701
10643.85,44707.56,293494.4,679.7172
34.1,18819.84,940.27625,4.180688
6001.5996,21248.01,165488.62,806.6027
5296.3496,9506.49,146042.0,1591.962
19478.85,30726.66,537111.44,1811.579
7768.5996,16769.25,214212.03,1323.5797
44.949997,28424.64,1239.4551,3.521512
7.75,16333.38,213.69916,0.3566712
57571.65,49978.89,1587485.5,3292.6013
29.449999,32001.21,812.05676,1.6312847
94.549995,20944.38,2607.1296,11.907525
89.899994,10027.62,2478.9102,24.63367
37293.0,51845.04,1028320.4,2055.6914
48821.9,68906.61,1346219.2,2024.8291
16484.25,8838.33,454538.12,5331.71
29.449999,20825.19,812.05676,3.043387
12231.05,22999.32,337260.0,1519.5396
6000.05,15878.37,165445.89,1079.4332
27.9,10704.48,769.31696,6.452253
-18.599998,12631.53,-512.8779,-5.210231
51.149998,18774.6,1410.4144,6.7897573
21.699999,13373.64,598.3576,3.6393704
99.2,20029.14,2735.349,13.161143
82.149994,19084.32,2265.211,11.307783
152696.69,102744.39,4210471.5,4248.33
9943.25,27153.57,274176.03,1046.009
14751.35,29667.871,406754.97,1420.6555
39861.348,76342.5,1099140.2,1491.9135
13939.149,47374.98,384359.28,840.27155
57.35,24639.27,1581.3738,5.6550994
94.549995,13719.03,2607.1296,18.705484
17.05,15932.311,470.13812,2.0598109
13.95,9207.21,384.65848,3.332067
30001.799,31282.59,827272.2,2741.165
480.5,23863.23,13249.348,56.57224
20494.1,9994.56,565106.06,5861.923
35.649998,10622.7,983.01605,8.595632
71.299995,19700.28,1966.0321,9.34823
26.349998,9981.51,726.5771,6.5480256
21904.6,27077.01,603999.3,2312.0425
175.15,17922.0,4829.601,26.942978
69.75,16797.09,1923.2925,10.872964
25894.299,43047.6,714011.6,1718.9039
-10.849999,16409.07,-299.1788,-2.8905785
72.85,15845.311,2008.7721,12.145521
46.5,10881.96,1282.195,11.217851
65.1,31453.11,1795.0729,4.917883
20717.299,42201.96,571260.56,1402.6199
14033.699,31855.92,386966.4,1258.5952
38229.2,28687.38,1054135.2,3809.2488
89538.84,113772.51,2468951.8,2249.2107
18489.95,29847.09,509843.44,1770.2617
582.8,16756.2,16070.177,98.4473
3.1,8953.17,85.47966,-0.01000303
14965.25,37078.53,412653.1,1153.0123
21.699999,11236.05,598.3576,4.5219827
77.5,25178.67,2136.9917,7.8007145
50336.25,49296.81,1387976.0,2918.5173
-12.4,16630.92,-341.91864,-3.131839
20298.799,61836.992,559720.8,937.5793
32.55,7213.17,897.53644,11.902498
51312.75,45037.29,1414902.1,3256.632
-44.949997,11560.561,-1239.4551,-12.1173115
31798.248,36306.84,876807.6,2503.1697
12356.6,57697.53,340721.94,611.33734
19162.648,27282.33,528392.5,2007.2745
-12.4,18926.85,-341.91864,-2.8732352
266.6,16034.97,7351.2515,46.53801
131.75,23839.74,3632.8857,14.801493
38622.9,55498.17,1064991.1,1988.8264
133.3,5258.28,3675.6257,71.48289
13.95,12072.12,384.65848,2.3039968
2636.5498,16628.31,72700.445,452.35333
9.299999,26673.33,256.43896,-0.0030930042
86.799995,22554.75,2393.4304,10.003495
96.1,27153.57,2649.8696,9.119183
30575.299,72725.04,843085.9,1201.0865
111.6,8593.86,3077.2678,36.129993
37.199997,16884.96,1025.7559,5.299293
192.2,8608.65,5299.7393,62.83624
136728.6,69099.75,3770166.0,5656.595
14707.949,29745.3,405558.25,1412.7831
9016.35,9036.69,248617.6,2851.7935
71264.35,123571.32,1965049.2,1647.9353
51.149998,17064.18,1410.4144,7.5705605
95962.05,87799.53,2646065.8,3124.0454
41.85,13217.04,1153.9755,8.0533695
13512.899,21398.52,372605.84,1804.5679
25716.049,33821.25,709096.5,2173.0203
113878.5,117907.62,3140095.5,2760.5242
38.75,26131.32,1068.4958,3.2399368
15259.75,35703.06,420773.66,1221.0557
30414.1,32283.96,838641.0,2692.625
6144.1997,9793.59,169420.69,1792.7933
14762.199,13819.95,407054.12,3053.1726
6430.9497,14903.97,177327.56,1232.7357
60.449997,15114.51,1666.8534,10.435396
31.0,13161.36,854.79663,5.734571
-15.5,11550.99,-427.39832,-4.836732
88.35,26729.01,2436.1704,8.45089
48.05,18034.23,1324.9348,6.618067
49.6,13619.85,1367.6746,9.41258
23273.25,45908.16,641738.56,1448.493
126002.59,95660.85,3474406.2,3765.1206
1399.6499,31250.4,38594.066,127.0598
38440.0,46633.742,1059947.9,2355.8508
4126.1,20089.17,113773.44,586.25507
52163.7,61561.2,1438366.2,2421.7595
44.949997,20000.43,1239.4551,5.4259796
27376.1,23615.28,754870.9,3313.572
72.85,12459.2705,2008.7721,15.718061
17956.75,26568.93,495140.97,1931.425
-23.25,3223.35,-641.0975,-21.6236
10199.0,23389.95,281228.1,1245.744
0.0,16731.84,0.0,-1.0
815.3,24265.17,22481.15,95.068954
19322.299,33122.64,532794.7,1666.9492
37.199997,19783.8,1025.7559,4.376283
12773.55,22065.81,352218.94,1654.1627
25305.299,23573.52,697770.44,3068.2766
85.25,8937.51,2350.6907,26.272617
-55.8,8527.74,-1538.6339,-19.708942
3442.5498,6524.13,94925.164,1507.713
2622.5999,5237.4,72315.79,1430.7437
6263.55,25792.89,172711.66,693.33575
86.799995,16307.28,2393.4304,14.219036
130999.8,171412.62,3612199.5,2184.1277
68.2,24440.91,1880.5525,6.9784026
3665.75,59781.18,101079.7,174.32642
65391.4,89640.45,1803108.0,2084.7659
57.35,20935.68,1581.3738,6.8324084
6864.9497,17046.78,189294.7,1150.4471
11381.649,18205.62,313838.56,1786.511
9179.1,12972.57,253105.28,2022.1267
44965.5,72406.62,1239882.5,1774.6206
23.25,11665.83,641.0975,4.698444
7508.1997,7894.38,207031.73,2718.3606
108.5,16853.64,2991.7883,17.407085
27.9,17637.51,769.31696,3.5228887
-4.6499996,9743.13,-128.21948,-2.364594
-1.55,6571.11,-42.73983,-1.6744379
23457.7,29325.96,646824.6,2286.0842
1579.45,11749.35,43551.887,383.36252
15100.1,27579.871,416371.44,1564.4406
8235.149,27144.871,227076.72,866.4266
0.0,9933.66,0.0,-1.0
15.5,11982.51,427.39832,2.698562
40.3,9005.37,1111.2356,11.795359
89.899994,9816.21,2478.9102,25.185738
16098.3,36204.18,443895.9,1270.3652
26611.95,25229.13,733800.1,3014.9446
43.399998,11801.55,1196.7152,9.514767
15642.6,51789.36,431330.38,862.60944
82.149994,15752.22,2265.211,13.911274
468.09998,50358.21,12907.429,25.577698
15.5,14442.0,427.39832,2.0686922
13.95,13191.811,384.65848,2.0235615
14363.85,31880.28,396070.0,1287.2428
128.65,28964.91,3547.406,11.699499
6768.8496,4224.72,186644.84,4580.059
59727.7,72027.3,1646936.6,2369.9788
85.25,21486.39,2350.6907,10.3443575
51.149998,12494.94,1410.4144,10.704704
471.19998,26949.99,12992.908,48.991436
40.3,25109.94,1111.2356,3.5888977
8698.6,8829.63,239855.92,2815.7988
46070.65,99505.38,1270356.0,1322.8134
689.75,10305.15,19019.225,190.3755
12203.149,24168.6,336490.7,1442.675
41615.95,39830.34,1147521.8,2986.4097
12737.899,23630.94,351235.94,1540.2242
3645.5999,29785.32,100524.08,348.95782
12586.0,35782.23,347047.44,1004.70197
51525.098,63858.87,1420757.4,2305.9944
40.3,21439.41,1111.2356,4.3745384
31624.648,63744.03,872020.75,1417.519
17.05,16601.34,470.13812,1.9365015
153.45,24566.19,4231.243,16.859861
10564.8,20550.27,291314.7,1468.9167
10037.8,18668.46,276783.16,1536.3722
8583.899,24102.48,236693.17,1017.29095
12091.55,20463.27,333413.44,1688.4912
20.15,13280.55,555.6178,3.3381844
35.649998,21131.43,983.01605,3.8236923
0.0,17210.34,0.0,-1.0
32.55,18311.76,897.53644,4.0824122
104006.55,99035.58,2867885.5,3001.7449
13268.0,33984.81,365852.97,1115.271
7469.4497,18170.82,205963.25,1174.3389
1.55,8093.61,42.73983,-0.45243156
27.9,17484.39,769.31696,3.562498
41.85,22347.69,1153.9755,4.3544126
7.75,8207.58,213.69916,1.6998246
60.449997,24405.24,1666.8534,6.0821023
23.25,14194.92,641.0975,3.6831598
86.799995,26723.791,2393.4304,8.286897
-21.699999,10118.97,-598.3576,-7.13158
63999.496,72519.72,1764727.5,2522.303
8728.05,28545.57,240667.98,873.2336
11297.949,12842.94,311530.62,2514.2673
60.449997,4413.5103,1666.8534,38.161663
18348.9,23950.23,505954.16,2189.5308
11468.449,25118.64,316232.0,1304.4419
1472.5,26891.7,40602.84,155.56189
19176.6,32877.3,528777.2,1666.725
7.75,6712.05,213.69916,2.3013802
45745.15,73560.24,1261380.6,1777.0784
249.54999,23174.19,6881.113,29.789457
39573.047,67491.99,1091190.6,1675.4719
36163.05,73248.78,997163.06,1410.6064
65.1,21197.55,1795.0729,7.781006
66.65,25636.291,1837.8129,6.4335103
14543.649,21957.06,401027.84,1892.8616
6324.0,7553.34,174378.52,2392.877
-32.55,12333.99,-897.53644,-8.545645
54.25,24035.49,1495.8942,5.4535065
99.2,22345.95,2735.349,11.692928
7.75,13808.64,213.69916,0.6047219
108.5,45153.87,2991.7883,5.870427
12.4,10751.46,341.91864,2.2976398
44.949997,18335.25,1239.4551,6.0095773
6144.1997,13547.64,169420.69,1295.7334
53896.598,73813.414,1486149.4,2086.7334
16310.649,22748.76,449751.25,2049.0408
4991.0,30072.42,137622.27,473.53497
34.1,14288.88,940.27625,5.823468
1560.85,5684.58,43039.01,784.0761
4155.55,5382.69,114585.484,2206.385
38.75,14582.94,1068.4958,6.5975857
16949.25,80812.56,467360.06,598.6814
8935.75,24227.76,246395.12,1053.5488
-12.4,20158.77,-341.91864,-2.7587605
-7.75,12870.78,-213.69916,-2.7216537
62.0,8570.37,1709.5933,19.684313
31.0,35859.66,854.79663,1.4717498
8828.8,22352.041,243446.08,1128.3628
7526.8,29706.15,207544.62,723.45764
31.0,23187.24,854.79663,2.8226244
9929.3,16453.44,273791.34,1724.4838
23.25,12061.68,641.0975,4.5114284
65.1,13177.89,1795.0729,13.124858
58827.15,39504.96,1622104.8,4256.7007
35.649998,12217.41,983.01605,7.343137
12.4,7247.97,341.91864,3.8916373
6381.3496,28435.95,175959.88,640.6435
10.849999,18889.44,299.1788,0.64232695
1.55,12454.05,42.73983,-0.64414746
53113.848,34265.82,1464565.8,4430.958
122.45,18032.49,3376.4465,18.415655
7080.4,14155.7705,195235.55,1429.1226
14799.399,19684.62,408079.9,2148.6416
11119.699,29062.35,306615.53,1092.9849
30147.5,37935.48,831289.75,2271.2427
49.6,23956.32,1367.6746,4.9198475
20.15,12225.24,555.6178,3.7126656
28456.45,37878.06,784660.56,2147.038
454.15,41292.81,12522.7705,30.446613
18460.5,24346.08,509031.4,2167.0205
31.0,11432.67,854.79663,6.7528796
10295.1,22770.51,283877.97,1291.7269
47219.2,74391.09,1302026.2,1813.8748
44.949997,26542.83,1239.4551,3.8420744
4848.4,19455.81,133690.19,711.52167
7.75,16386.45,213.69916,0.35227752
76926.5,92883.81,2121177.8,2367.0173
-12.4,16609.17,-341.91864,-3.1346307
682.0,11521.41,18805.525,168.24963
71.299995,12027.75,1966.0321,15.949392
1511.25,35419.44,41671.336,120.99544
14222.8,91207.32,392180.7,444.86606
60.449997,15141.48,1666.8534,10.415028
26278.7,58144.71,724611.06,1291.2384
91.45,20337.99,2521.65,11.856556
27.9,17429.58,769.31696,3.5768452
24849.6,66651.57,685205.0,1065.002
29251.6,67585.95,806586.1,1236.4913
136.4,22405.98,3761.105,16.406015
63.55,23368.2,1752.3331,6.7756968
4721.3,14068.7705,130185.52,958.52094
24581.45,42146.28,677811.0,1666.6205
23679.35,33059.13,652936.4,2046.9878
39295.598,39301.38,1083540.1,2857.8086
1901.85,14048.76,52441.773,386.068
57.35,23701.41,1581.3738,5.918441
8314.2,5756.79,229256.47,4128.42
20873.85,19115.64,575577.3,3121.214
15507.75,30321.24,427612.03,1461.3483
64005.7,64073.76,1764898.6,2855.1921
159.65,15157.14,4402.2026,29.116232
26137.648,52944.72,720721.75,1410.539
13061.85,24137.28,360168.56,1546.2673
122488.75,125482.71,3377515.2,2790.0093
16346.3,18925.98,450734.25,2468.5059
47474.95,43239.87,1309078.2,3138.2732
150.34999,8759.16,4145.7637,48.07835
26830.5,25805.07,739826.5,2971.8481
120.899994,19336.62,3333.7068,16.877005
33418.0,60245.76,921470.75,1584.9991
3.1,12677.64,85.47966,-0.30084693
13.95,13892.16,384.65848,1.8711336
111720.9,105073.38,3080601.5,3039.1196
27.9,24189.48,769.31696,2.297818
18.599998,21362.85,512.8779,1.4894462
14106.55,30992.88,388975.22,1300.3912
41540.0,62566.92,1145427.5,1897.3256
4963.0996,24699.3,136852.94,573.53613
28210.0,27332.791,777864.94,2949.9924
282.1,10697.5205,7778.6494,74.39958
6.2,13407.57,170.95932,0.3221799
4276.4497,15177.15,117919.19,804.642
127.1,23933.7,3504.6663,14.183948
58.899998,13608.54,1624.1135,11.375215
62.0,20277.09,1709.5933,7.742488
0.0,16537.83,0.0,-1.0
23.25,12254.82,641.0975,4.424566
5204.9,12448.83,143520.36,1194.454
21820.898,37154.22,601691.3,1678.2428
3.1,17814.12,85.47966,-0.502439
57.35,7058.31,1581.3738,22.231737
46651.9,67400.64,1286383.4,1978.0386
62.0,16230.72,1709.5933,9.922018
241.79999,21946.621,6667.4136,30.50196
18.599998,13316.22,512.8779,2.9937506
36420.348,36647.88,1004257.75,2840.4775
83.7,19563.69,2307.951,11.2327385
122.45,17595.75,3376.4465,18.897568
48.05,20464.14,1324.9348,5.713498
9924.649,11748.48,273663.12,2414.3633
47361.797,34176.21,1305958.2,3961.354
217.0,12762.03,5983.5767,47.617092
8252.2,11065.53,227546.88,2131.2913
-34.1,20284.05,-940.27625,-5.8067183
209.25,20578.98,5769.8774,28.073053
13.95,10794.96,384.65848,2.6948955
1647.6499,5153.88,45432.438,913.0704
4479.5,30193.35,123518.12,423.19666
23896.35,39063.87,658920.0,1748.0624
75.95,33743.82,2094.2517,5.435503
49.6,12996.93,1367.6746,9.911636
14602.55,29447.76,402651.94,1416.8341
15343.449,21268.89,423081.56,2061.6575
13799.649,33780.36,380512.72,1167.0267
-4.6499996,18090.78,-128.21948,-1.7349277
75.95,21283.68,2094.2517,9.203051
17826.549,25676.31,491550.78,1984.1058
33007.25,37387.38,910144.75,2523.2556
31.0,11343.93,854.79663,6.8135276
9692.149,36355.56,267252.16,761.25146
10665.55,25051.65,294092.78,1216.2952
20312.75,28456.83,560105.5,2039.9445
-15.5,9345.54,-427.39832,-5.742161
-4.6499996,11007.24,-128.21948,-2.207879
17087.2,24473.97,471163.88,1995.2523
17.05,15392.91,470.13812,2.1670332
59061.2,48567.75,1628558.5,3475.9885
22417.648,35104.5,618146.1,1824.8969
7922.05,16904.1,218443.28,1338.9684
49.6,24989.88,1367.6746,4.675008
0.0,13619.85,0.0,-1.0
-4.6499996,7220.13,-128.21948,-2.841437
258.85,8931.42,7137.5522,81.86606
17409.6,29673.96,480053.78,1676.4989
9203.899,17696.67,253789.11,1486.0629
96.1,25282.2,2649.8696,9.868198
31705.25,44484.84,874243.25,2036.8308
20901.75,25996.47,576346.6,2297.885
116.25,20967.87,3205.4873,14.85213
7980.9497,17777.58,220067.39,1282.6036
11580.05,19601.97,319309.28,1688.1168
12964.199,9441.24,357475.94,3925.1387
64368.4,68296.74,1774899.8,2693.77
9548.0,20402.37,263277.38,1337.076
18.599998,16998.06,512.8779,2.1286898
16335.449,30111.57,450435.06,1550.1245
58.899998,17164.23,1624.1135,8.811603
3089.15,8625.18,85180.484,1023.0469
54.25,15341.58,1495.8942,9.110641
17806.4,27652.08,490995.2,1840.1846
6500.6997,9535.2,179250.84,1948.3026
62.0,9891.9,1709.5933,16.920946
69.75,12216.54,1923.2925,15.324692
-27.9,7480.2603,-769.31696,-11.664401
12542.6,20420.64,345850.72,1755.1726
-1.55,15111.03,-42.73983,-1.2932827
6872.6997,13470.21,189508.4,1457.8209
21101.7,41964.45,581860.06,1436.755
14408.8,72120.39,397309.47,570.2402
116.25,22519.08,3205.4873,13.760168
18846.45,25195.2,519673.6,2137.7534
44734.547,39394.47,1233514.2,3245.8096
99.2,18930.33,2735.349,13.983128
75.95,17466.12,2094.2517,11.433126
165.84999,13652.91,4573.1616,33.73275
6933.15,18735.45,191175.27,1057.0726
141.05,17599.23,3889.3247,21.915451
633.94995,3471.3,17480.59,521.1699
48.05,13768.62,1324.9348,8.978195
-1.55,15940.14,-42.73983,-1.278028
63.55,8896.62,1752.3331,19.423939
24153.648,28173.21,666014.75,2450.294
544.05,5415.75,15001.681,286.22958
1959.2,86892.99,54023.145,63.46782
19689.648,33794.28,542924.06,1664.88
3527.7998,17303.43,97275.85,581.9358
9410.05,21998.82,259473.52,1222.0424
-24.8,7580.31,-683.8373,-10.354351
12.4,9650.91,341.91864,2.6736891
41374.15,36798.39,1140854.2,3213.765
15.5,14733.45,427.39832,2.007989
21.699999,16956.3,598.3576,2.6591277
34.1,13197.03,940.27625,6.388004
20.15,9815.34,555.6178,4.8697376
-4.6499996,13054.35,-128.21948,-2.0184662
66.65,14678.64,1837.8129,11.98265
46.5,10874.13,1282.195,11.226648
15875.1,13106.55,437741.34,3462.1958
18.599998,10726.23,512.8779,3.9580941
167.4,16738.8,4615.902,27.594343
69.75,25881.63,1923.2925,6.705513
58.899998,18172.56,1624.1135,8.267191
43097.75,39462.332,1188381.0,3121.6323
17882.35,37522.23,493089.44,1361.6519
61646.598,75261.96,1699848.5,2340.9766
29603.45,30392.58,816288.06,2783.9907
14907.899,18823.32,411071.7,2263.484
74.399994,11049.0,2051.5117,18.253021
2898.5,13440.63,79923.484,615.5988
4817.4,25654.56,132835.39,535.90454
54.25,14352.39,1495.8942,9.807483
71.299995,16079.34,1966.0321,11.67857
52.699997,18391.8,1453.1542,7.192856
-44.949997,11040.3,-1239.4551,-12.641202
26.349998,15798.33,726.5771,3.7689023
-54.25,12101.7,-1495.8942,-13.8174715
24045.148,34063.98,663023.0,2017.2786
13257.149,29023.2,365553.78,1305.0322
35.649998,7761.27,983.01605,12.133355
30697.75,64595.76,846462.4,1357.7874
21.699999,21532.5,598.3576,1.8814709
74.399994,25553.64,2051.5117,7.32471
13838.399,17187.72,381581.22,2301.0596
39459.9,65241.3,1088070.6,1728.3478
39920.25,65919.03,1100764.4,1730.5356
7026.15,42642.18,193739.66,470.11508
14669.199,34070.94,404489.75,1230.0375
10708.949,12453.18,295289.47,2457.7568
26.349998,10489.59,726.5771,6.1824245
31.0,15924.48,854.79663,4.566028
103.85,29800.11,2863.5686,8.964089
4.6499996,14794.35,128.21948,-0.10131806
31196.85,44568.36,860224.56,2000.3962
-7.75,5055.57,-213.69916,-5.383092
43.399998,19106.07,1196.7152,5.494823
10817.449,28236.72,298281.28,1094.367
32.55,16760.55,897.53644,4.5527954
6102.3496,15501.66,168266.7,1124.5579
568.85,9583.92,15685.518,168.70848
29.449999,14873.5205,812.05676,4.6613564
29.449999,18711.09,812.05676,3.500235
58.899998,19017.33,1624.1135,7.8555336
54.25,16929.33,1495.8942,8.162395
68.2,21536.85,1880.5525,8.054222
78081.25,71125.11,2153019.0,3137.866
12319.399,25840.74,339696.16,1362.1184
62.0,24309.541,1709.5933,6.29229
27.9,9918.87,769.31696,7.0424986
14053.85,34633.832,387522.06,1159.2291
25793.549,30033.27,711233.5,2454.599
74.399994,11684.97,2051.5117,17.20515
-34.1,11578.83,-940.27625,-9.420515
426.25,14622.96,11753.454,82.34472
19919.049,22693.95,549249.56,2508.6174
46.5,13765.14,1282.195,8.658758
37.199997,27650.34,1025.7559,2.8467274
83.7,23043.69,2307.951,9.385381
7619.8,19704.63,210109.02,1104.6667
6505.3496,3349.5,179379.06,5552.1533
74.399994,13888.68,2051.5117,14.316548
-26.349998,19074.75,-726.5771,-4.9497604
74.399994,19243.53,2051.5117,10.05445
49.6,11073.36,1367.6746,11.807113
25996.6,34077.9,716832.44,2180.186
317.75,11727.6,8761.666,76.46855
12367.449,25736.34,341021.1,1372.9861
57.35,12237.42,1581.3738,12.399623
413.84998,25382.25,11411.534,45.618874
35.649998,13635.51,983.01605,6.475446
86.799995,11319.57,2393.4304,20.924957
26726.648,31359.15,736962.9,2435.8523
72.85,12922.11,2008.7721,15.119261
9447.25,4242.12,260499.28,6366.5366
28166.6,47792.582,776668.2,1684.0892
41509.0,26924.76,1144572.8,4406.978
41.85,17281.68,1153.9755,5.9240227
20456.898,33615.93,564080.25,1738.9775
10789.55,22342.47,297511.97,1379.7693
79.049995,10239.03,2179.7312,21.074556
26.349998,13695.54,726.5771,4.501111
5395.55,21454.2,148777.34,718.07196
15.5,8912.28,427.39832,3.9726954
139.5,23685.75,3846.585,15.839767
46.5,16186.35,1282.195,7.2139683
18.599998,24864.6,512.8779,1.1388505
24958.1,35733.51,688196.75,1996.031
8414.95,29198.94,232034.55,823.01184
45810.25,67586.82,1263175.8,1936.9817
1315.95,17529.63,36286.117,213.64244
13.95,10761.9,384.65848,2.706246
37.199997,14841.33,1025.7559,6.166697
40044.25,29526.06,1104183.6,3876.7844
5685.4,4443.09,156769.7,3657.684
40.3,21102.72,1111.2356,4.4602885
51.149998,8788.74,1410.4144,15.640562
33848.9,33759.48,933352.44,2865.8027
72.85,18599.73,2008.7721,10.198811
13523.75,22544.31,372905.03,1714.1779
19692.75,26181.78,543009.56,2149.583
65.1,19627.2,1795.0729,8.483565
72433.05,67853.914,1997275.0,3051.1848
13449.35,12200.01,370853.5,3151.028
72.85,19775.1,2008.7721,9.533189
40044.25,50857.59,1104183.6,2250.3
2886.0999,7418.49,79581.56,1111.3586
40716.95,46899.09,1122732.6,2481.3318
26605.75,28475.97,733629.2,2670.443
63.55,17587.05,1752.3331,9.331694
20145.35,29103.24,555489.56,1978.1669
46.5,16160.25,1282.195,7.227235
10.849999,9566.5205,299.1788,2.242834
13.95,5182.59,384.65848,6.6962
13613.649,31253.88,375383.94,1244.4309
43494.547,37624.02,1199322.4,3304.359
15605.399,32970.39,430304.62,1352.3179
94.549995,15528.63,2607.1296,16.409142
15.5,13218.78,427.39832,2.3526583
35.649998,5394.87,983.01605,17.894156
35.649998,24072.9,983.01605,3.2342849
36680.75,97266.0,1011438.1,1077.2666
-20.15,13192.68,-555.6178,-5.367079
32.55,10557.45,897.53644,7.815377
43.399998,19593.27,1196.7152,5.333325
31911.398,44321.28,879927.6,2057.65
12902.199,34731.27,355766.34,1061.1652
740.89996,53768.61,20429.639,38.398506
7174.9497,7691.67,197842.67,2666.1484
15154.35,26808.18,417867.3,1615.2887
68.2,12132.15,1880.5525,15.072948
100.75,12724.62,2778.089,21.638582
50675.7,38317.41,1397336.0,3780.3997
7325.3,15114.51,201988.44,1384.7355
43.399998,16391.67,1196.7152,6.570342
9761.899,11476.17,269175.44,2431.1277
35646.9,49532.582,982930.6,2056.6892
362.69998,33692.49,10001.12,29.779633
58481.5,68525.55,1612573.9,2439.1414
24.8,9587.4,683.8373,6.3960495
29719.7,45139.95,819493.5,1881.4885
711.44995,17832.39,19617.582,113.07324
-17.05,12162.6,-470.13812,-5.0081773
35.649998,13709.46,983.01605,6.435123
31.0,9845.79,854.79663,8.002438
85.25,24217.32,2350.6907,9.065082
19128.549,26844.72,527452.25,2036.3805
24734.898,38020.74,682042.2,1859.1097
48.05,25389.21,1324.9348,4.411195
29.449999,16303.8,812.05676,4.164704
30330.398,31269.541,836333.0,2772.356
38.75,24305.19,1068.4958,3.5584974
71.299995,11858.1,1966.0321,16.191881
23.25,3286.86,641.0975,19.225101
82500.3,84209.914,2274870.2,2800.1816
6539.4497,25932.96,180319.34,720.0047
80.6,17413.92,2222.4712,12.23389
24888.35,34255.38,686273.5,2076.3818
54119.797,34202.31,1492303.9,4523.2827
7455.5,10812.36,205578.6,1970.5385
144.15,12487.11,3974.8042,32.006668
17217.4,55589.52,474754.06,884.57153
11614.149,16804.92,320249.53,1975.0591
54.25,17511.36,1495.8942,7.8578615
136.4,14965.74,3761.105,25.059444
60.449997,16516.08,1666.8534,9.464977
91.45,20786.91,2521.65,11.578902
10398.949,22021.44,286741.5,1349.1832
12785.949,5654.13,352560.84,6464.7095
48.05,12141.72,1324.9348,10.315199
53067.348,66778.59,1463283.6,2271.1611
-1.55,11202.12,-42.73983,-1.395622
41.85,13359.72,1153.9755,7.9566803
88.35,25831.17,2436.1704,8.779383
-1.55,10490.46,-42.73983,-1.4224606
-27.9,13881.72,-769.31696,-6.746586
11079.399,23746.65,305504.3,1333.0216
102.299995,15549.51,2820.8289,17.81083
16975.6,27438.93,468086.62,1767.9149
40639.45,57466.98,1120595.6,2020.9873
29.449999,7412.4,812.05676,10.359924
1238.45,8459.88,34149.125,417.56534
24.8,7534.2,683.8373,8.411601
27.9,22635.66,769.31696,2.5241957
285.19998,21181.02,7864.1284,37.49919
69.75,23937.18,1923.2925,7.331444
35.649998,17396.52,983.01605,4.859305
21388.45,24165.99,589766.94,2529.6013
10505.899,26468.01,289690.56,1133.9088
22862.5,47441.97,630412.5,1376.8756
9146.55,14811.75,252207.75,1764.631
7.75,8788.74,213.69916,1.5212975
12717.75,31903.77,350680.3,1138.7701
27523.35,22927.98,758931.2,3431.294
151.9,10556.58,4188.5034,40.141823
142.59999,20779.95,3932.0642,18.62113
30645.049,62923.62,845009.2,1391.5012
18246.6,18791.13,503133.28,2775.3743
21.699999,9179.37,598.3576,5.759208
54.25,15018.811,1495.8942,9.327929
14277.05,20012.61,393676.6,2038.782
18832.5,28046.19,519288.97,1918.9199
10687.25,18364.83,294691.16,1662.9033
65.1,15702.63,1795.0729,10.853799
513.05,7973.55,14146.884,182.97421
52.699997,20042.19,1453.1542,6.518209
20052.35,58912.05,552925.2,972.21796
69.75,15767.01,1923.2925,11.648642
13.95,18236.07,384.65848,1.1872172
13319.149,17901.99,367263.38,2126.2778
24.8,12921.24,683.8373,4.4877768
71.299995,25564.08,1966.0321,6.9745893
18813.9,25377.9,518776.1,2118.689
13.95,14374.14,384.65848,1.7748616
8449.05,20107.44,232974.81,1200.4344
9.299999,16016.7,256.43896,0.66019404
9701.449,25251.75,267508.6,1097.485
94.549995,26952.6,2607.1296,9.030206
51.149998,13459.7705,1410.4144,9.865681
27.9,15541.68,769.31696,4.1328106
18015.65,28682.16,496765.1,1794.9205
13604.35,21644.73,375127.5,1796.1097
69.75,11204.73,1923.2925,16.798843
3932.3499,9176.76,108430.95,1224.2136
18902.25,12366.18,521212.25,4369.4575
23.25,7719.5103,641.0975,7.6115675
4879.4,10915.89,134544.98,1277.0747
6105.4497,14142.72,168352.19,1233.3369
20027.549,20756.46,552241.3,2757.8206
229.4,32724.18,6325.495,19.043503
48826.547,87122.67,1346347.4,1601.4106
12234.149,6270.09,337345.47,5577.9053
15346.55,21771.75,423167.06,2014.4238
-13.95,12709.83,-384.65848,-4.138221
14497.149,25761.57,399745.62,1608.012
18.599998,11172.54,512.8779,3.7600331
94218.3,73250.52,2597983.2,3676.6763
-15.5,16995.45,-427.39832,-3.6076424
49.6,11408.311,1367.6746,11.431093
71216.3,78888.99,1963724.2,2580.1423
70489.35,49645.68,1943679.4,4058.6729
6680.5,17305.17,184208.67,1102.7789
847.85,10409.55,23378.688,231.88208
137.95,11705.85,3803.845,32.695175
23.25,33318.39,641.0975,0.99520683
10769.399,22349.43,296956.34,1376.7616
5831.0996,21558.6,160787.23,772.35504
117739.55,65056.86,3246560.2,5173.6177
16212.999,27398.91,447058.62,1690.9171
249.54999,51852.87,6881.113,12.760486
213.9,41621.67,5898.0967,13.694007
69.75,11072.49,1923.2925,17.011417
249.54999,12642.84,6881.113,55.43674
20.15,6309.24,555.6178,8.131601
3.1,7629.0303,85.47966,0.16182661
62.0,14933.55,1709.5933,10.870735
11304.149,25441.41,311701.6,1269.4154
20.15,15198.03,555.6178,2.7908509
12764.25,27405.0,351962.53,1330.7249
76094.15,60751.23,2098226.5,3580.337
20.15,7754.31,555.6178,6.429864
13103.699,23805.81,361322.53,1572.8378
12875.85,7830.0,355039.78,4700.789
86.799995,16650.93,2393.4304,13.904939
14853.649,32992.14,409575.78,1286.2759
21498.5,29595.66,592801.5,2075.9648
66386.5,100471.08,1830547.0,1888.2424
18.599998,8893.14,512.8779,4.9800773
10013.0,26044.32,276099.3,1098.2594
52.699997,10642.71,1453.1542,13.158177
11476.199,20518.08,316445.7,1598.2278
19719.1,44356.082,543736.1,1270.1093
20387.148,40672.5,562156.94,1432.1926
54.25,22298.97,1495.8942,5.95607
51.149998,16675.291,1410.4144,7.7704363
13.95,23757.09,384.65848,0.6789198
31.0,15079.71,854.79663,4.877839
29.449999,17541.81,812.05676,3.8002057
74799.9,52077.332,2062538.8,4105.7783
27690.75,65692.83,763547.1,1204.2184
20.15,14688.21,555.6178,2.9224298
15.5,16266.39,427.39832,1.7245169
336.34998,47989.2,9274.543,19.03996
41.85,12366.18,1153.9755,8.6762905
3575.8499,16870.17,98600.79,605.0505
199.95,14052.24,5513.4385,39.684113
74.399994,17748.0,2051.5117,10.9859495
40.3,18545.791,1111.2356,5.2131042
119.35,22161.51,3290.967,14.398274
65.1,20983.53,1795.0729,7.8705673
2904.7,24728.01,80094.445,334.86218
44.949997,12283.53,1239.4551,9.462982
116.25,12008.61,3205.4873,26.678923
-32.55,22117.14,-897.53644,-5.207954
25584.299,45416.61,705463.6,1609.6746
48.05,24008.52,1324.9348,4.722384
83.7,15671.311,2307.951,14.271058
24521.0,41390.25,676144.1,1692.9052
77.5,24257.34,2136.9917,8.134979
75.95,28494.24,2094.2517,6.621135
334.8,32905.14,9231.804,28.091808
24.8,12996.061,683.8373,4.456183
-17.05,12929.07,-470.13812,-4.7705617
11697.85,27035.25,322557.5,1236.1565
40544.9,43905.42,1117988.5,2639.3838
85.25,24285.18,2350.6907,9.036957
17938.15,77490.03,494628.1,660.8824
8300.25,13167.45,228871.8,1801.3473
20294.148,44252.55,559592.56,1310.2379
85.25,24867.21,2350.6907,8.802035
37065.15,77427.39,1022037.56,1367.7373
31.0,12788.13,854.79663,5.9311237
91.45,19406.22,2521.65,12.473849
13047.899,18114.27,359783.88,2058.533
57.35,17092.89,1581.3738,8.593275
133.3,7957.89,3675.6257,46.894012
103.85,15629.55,2863.5686,17.998049
198.4,22246.77,5470.698,24.499031
31.0,13603.32,854.79663,5.5157704
16997.299,39250.92,468684.97,1237.1665
11240.6,23859.75,309949.25,1346.0155
844.75,35966.67,23293.209,66.154785
145.7,24398.28,4017.5442,16.074553
12111.699,13385.82,333969.03,2586.0754
41730.65,16749.24,1150684.5,7122.756
209.25,51991.2,5769.8774,10.507597
46.5,14875.26,1282.195,7.9379387
39655.2,69583.47,1093455.9,1628.4575
23.25,17184.24,641.0975,2.8684912
18.599998,20277.09,512.8779,1.6227462
12379.85,26133.93,341363.03,1353.4397
20.15,7337.58,555.6178,6.851835
42744.348,36367.74,1178636.2,3359.5579
47383.5,82609.11,1306556.6,1639.0164
32559.299,28940.55,897792.9,3215.7495
55.8,13593.75,1538.6339,10.736644
16135.499,16202.88,444921.62,2846.3389
24663.6,34801.74,680076.2,2025.3036
26.349998,15695.67,726.5771,3.8000937
420.05,19811.64,11582.494,59.621895
5958.1997,12423.6,164291.9,1370.2499
56623.047,80649.87,1561328.8,2006.4215
37.199997,13712.94,1025.7559,6.756419
103763.195,73511.52,2861175.2,4034.8677
23656.1,32584.11,652295.3,2074.8037
1520.5499,13110.03,41927.773,330.62402
482.05,12132.15,13292.088,112.60654
65.1,17751.48,1795.0729,9.485651
1136.15,69231.12,31328.297,45.922737
113.149994,15751.35,3120.0076,19.539307
69.75,19933.44,1923.2925,9.004859
105.399994,14026.14,2906.3083,20.485794
159.65,33906.51,4402.2026,12.462782
6.2,8074.47,170.95932,1.1954656
16442.4,53362.32,453384.16,880.0073
13523.75,25919.041,372905.03,1490.8569
52045.9,52121.7,1435118.0,2854.071
11049.949,20376.27,304692.25,1549.5458
83.7,11867.67,2307.951,19.165499
43.399998,15748.74,1196.7152,6.879395
17549.1,26065.2,483900.38,1924.0535
10.849999,15258.061,299.1788,1.0331967
38.75,17409.57,1068.4958,5.3640366
44.949997,21016.59,1239.4551,5.115281
8938.85,25153.44,246480.6,1015.09247
10036.25,14589.03,276740.4,1965.9531
55.8,16171.561,1538.6339,8.865776
6852.55,18385.71,188952.8,1064.6652
15529.449,25475.34,428210.34,1741.9504
71.299995,18309.15,1966.0321,10.134489
9641.0,17954.19,265841.75,1534.3424
38.75,7366.29,1068.4958,14.040833
14005.8,13898.25,386197.12,2880.3552
18277.6,24687.99,503988.1,2115.8127
24982.898,31164.27,688880.56,2291.107
-6.2,10970.7,-170.95932,-2.6158695
12634.05,17828.041,348372.38,2025.2264
-3.1,15080.58,-85.47966,-1.58775
23.25,11084.67,641.0975,4.997209
41174.2,30871.08,1135340.9,3812.4875
30031.25,33374.07,828084.25,2571.8428
12710.0,26785.56,350466.62,1355.7312
12536.399,6903.45,345679.75,5191.25
25644.75,50488.71,707130.5,1451.2894
13206.0,9248.1,364143.38,4081.8909
8078.5996,36533.04,222760.0,631.26526
12071.399,8252.82,332857.78,4181.1943
7.75,26080.86,213.69916,-0.15037203
9.299999,13074.36,256.43896,1.0338149
31110.049,25926.0,857831.1,3429.9482
0.0,10252.08,0.0,-1.0
60.449997,16245.51,1666.8534,9.639273
12582.899,22730.49,346961.94,1581.7812
6062.05,7449.81,167155.48,2325.6084
43869.65,68102.73,1209665.4,1840.8262
7520.5996,22818.36,207373.66,941.3604
46.5,10361.7,1282.195,11.831307
43.399998,10637.49,1196.7152,10.665397
604.5,4867.65,16668.535,354.0798
65.1,17038.08,1795.0729,9.924695
6.2,8444.22,170.95932,1.0993321
75.95,17132.91,2094.2517,11.674932
35.649998,7763.0103,983.01605,12.130411
37.199997,9653.5205,1025.7559,10.018086
37.199997,24246.9,1025.7559,3.3866768
68.2,18449.22,1880.5525,9.569521
44.949997,10758.42,1239.4551,10.946211
7872.4497,25865.97,217075.6,869.22205
46.5,14185.35,1282.195,8.37264
169501.8,187459.77,4673857.0,2584.3254
19698.95,43709.67,543180.5,1287.5892
-31.0,10129.41,-854.79663,-9.750372
74.399994,21209.73,2051.5117,9.029672
41.85,16911.06,1153.9755,6.075769
62.0,15826.17,1709.5933,10.201207
3496.7998,17463.51,96421.055,571.5168
15138.85,44477.88,417439.94,972.19037
-18.599998,12093.87,-512.8779,-5.397406
9.299999,8740.89,256.43896,2.0421195
77.5,15901.86,2136.9917,12.934866
55.8,9520.41,1538.6339,15.758205
72.85,14676.03,2008.7721,13.192861
83.7,29252.88,2307.951,7.1809893
6403.05,18989.49,176558.23,963.1011
23.25,17637.51,641.0975,2.7690742
2390.0999,6859.08,65904.82,995.3208
37221.7,36013.65,1026354.3,2954.14
108.5,27183.15,2991.7883,10.412452
24.8,11096.85,683.8373,5.3900013
26.349998,22684.38,726.5771,2.3212583
744.0,22942.77,20515.12,91.720566
12866.55,17845.44,354783.34,2060.5024
96.1,27279.72,2649.8696,9.072388
85.25,10747.98,2350.6907,21.678614
8187.0996,23354.28,225751.78,1001.3343
6964.15,19185.24,192030.06,1036.8865
43886.7,29580.0,1210135.6,4241.128
72.85,24184.26,2008.7721,7.6128273
113.149994,25726.77,3120.0076,11.575298
28950.898,47073.96,798294.56,1757.4513
24.8,15325.05,683.8373,3.6269922
11111.949,20044.8,306401.84,1584.0302
8379.3,18960.78,231051.53,1262.5736
6996.6997,7261.89,192927.6,2753.8157
69.75,14015.7,1923.2925,13.229133
65.1,8011.83,1795.0729,22.232622
82.149994,31475.73,2265.211,6.462438
8652.1,22618.26,238573.73,1092.733
1610.45,17020.68,44406.684,269.53244
122.45,7177.5,3376.4465,47.779186
51427.45,95857.47,1418064.9,1532.9741
45238.297,31045.95,1247404.6,4165.2974
9.299999,17323.44,256.43896,0.53496253
-1.55,9702.24,-42.73983,-1.4567816
14517.3,28304.58,400301.25,1465.4866
5587.75,13798.2,154077.1,1156.8799
36173.9,39959.97,997462.2,2587.3274
55.8,17029.38,1538.6339,8.368808
49927.047,75224.55,1376692.6,1896.6901
83557.4,54292.35,2304018.8,4399.431
83.7,18410.94,2307.951,11.998657
22538.549,35897.94,621479.9,1794.1693
37.199997,16768.38,1025.7559,5.343088
37423.2,56622.21,1031910.5,1888.7446
6.2,6323.16,170.95932,1.8035381
34589.8,42964.95,953782.1,2300.8804
16310.649,21560.34,449751.25,2162.0405
4.6499996,9268.98,128.21948,0.4343989
117700.8,86241.36,3245491.8,3901.2295
17767.65,32430.99,489926.72,1565.4581
31.0,15649.561,854.79663,4.6638083
871.1,8178.87,24019.785,303.5255
20.15,9713.55,555.6178,4.9312477
150.34999,24370.44,4145.7637,16.639614
-6.2,12802.92,-170.95932,-2.3846233
21554.299,30243.81,594340.06,2036.7288
58.899998,9247.23,1624.1135,17.211788
7435.3496,8425.08,205022.97,2522.3433
48.05,13477.17,1324.9348,9.193977
7.75,9648.3,213.69916,1.2966769
13430.75,52747.23,370340.66,727.0306
85.25,15238.05,2350.6907,14.996096
24.8,15236.311,683.8373,3.6539407
11421.949,15112.7705,314949.8,2159.9521
5865.1997,20180.52,161727.52,829.99695
65.1,29466.9,1795.0729,5.3167763
22092.148,45375.72,609170.8,1391.0776
13.95,9408.18,384.65848,3.2395287
34.1,17055.48,940.27625,4.7166204
832.35,23041.08,22951.29,102.288536
113.149994,24266.041,3120.0076,12.332286
-1.55,12145.2,-42.73983,-1.3649018
10352.449,33410.61,285459.3,884.9469
10.849999,7282.77,299.1788,3.2597303
16614.45,30487.41,458128.25,1557.1685
97772.445,81261.48,2695985.8,3439.177
46.5,17338.23,1282.195,6.668266
38.75,17919.39,1068.4958,5.182975
26652.25,54377.61,734911.44,1400.4021
311.55,9137.61,8590.706,96.48642
7.75,18730.23,213.69916,0.1830622
51.149998,14320.2,1410.4144,9.212816
12728.6,35176.71,350979.5,1033.6046
11859.05,22650.45,327002.44,1496.0009
20694.049,42562.14,570619.44,1389.1798
3082.95,13095.24,85009.52,672.1347
7.75,20935.68,213.69916,0.058433652
46.5,17003.28,1282.195,6.8193245
4863.9,42928.41,134117.6,322.9581
38.75,26465.4,1068.4958,3.1864147
77450.4,71360.01,2135624.0,3102.2573
80.6,30822.36,2222.4712,6.476841
9535.6,22850.55,262935.44,1192.1646
14263.1,20859.12,393291.94,1954.0908
17573.9,36036.27,484584.22,1393.3677
16679.549,34197.96,459923.3,1393.5468
31.0,19019.94,854.79663,3.6601677
9695.25,8790.48,267337.66,3152.5186
35.649998,18482.28,983.01605,4.5150948
7345.4497,10806.2705,202544.06,1942.5315
88932.8,37520.49,2452240.5,6776.077
6778.15,23452.59,186901.28,825.3601
238.7,37946.79,6581.934,16.98566
105.399994,22121.49,2906.3083,12.623076
2019.6499,17679.27,55690.0,325.63354
12.4,7934.4,341.91864,3.4684463
41468.7,30748.41,1143461.5,3855.0867
15.5,14315.85,427.39832,2.0957336
35.649998,11925.09,983.01605,7.5476522
12.4,15244.14,341.91864,1.3257754
7559.3496,13371.9,208442.16,1615.3682
-15.5,12827.28,-427.39832,-4.4549847
63.55,16817.1,1752.3331,9.804718
2710.95,34714.74,74751.97,222.2835
9039.6,22784.43,249258.69,1133.3839
10.849999,15710.46,299.1788,0.9746485
37595.25,54640.35,1036654.6,1966.2904
5572.25,15776.58,153649.7,1008.8729
17355.35,29603.49,478557.88,1675.2526
39242.9,43046.73,1082087.0,2605.573
40.3,17262.541,1111.2356,5.674969
6599.9,8501.64,181986.2,2218.6455
21045.898,32966.91,580321.4,1824.3167
16102.949,25591.92,444024.1,1798.0845
69.75,24435.69,1923.2925,7.161474
13894.199,26231.371,383119.84,1513.473
54.25,27609.45,1495.8942,4.6181197
27.9,15289.38,769.31696,4.21751
38.75,11515.32,1068.4958,8.621542
29.449999,10472.19,812.05676,7.0407534
7621.3496,7590.75,210151.75,2869.7554
22890.398,50838.45,631181.8,1286.3898
12686.75,23231.61,349825.53,1560.4213
103.85,16931.07,2863.5686,16.537636
8566.85,22094.52,236223.05,1107.6273
51.149998,10597.47,1410.4144,12.800425
35.649998,13400.61,983.01605,6.606483
34.1,16084.561,940.27625,5.0616956
65402.246,58169.07,1803407.1,3213.7673
43.399998,13653.78,1196.7152,8.088366
36097.95,34067.46,995367.94,3028.6453
106.95,36357.3,2949.0483,7.410816
3.1,14978.79,85.47966,-0.40825593
83.7,24077.25,2307.951,8.939569
4039.2998,18678.03,111380.0,617.33527
57.35,7971.81,1581.3738,19.569582
34.1,11694.54,940.27625,7.3372
18.599998,20926.98,512.8779,1.5412962
48093.4,45273.93,1326131.5,3036.29
7576.4,8230.2,208912.3,2631.0945
65.1,21803.94,1795.0729,7.5367985
48.05,15399.0,1324.9348,7.9217463
62.0,9157.62,1709.5933,18.357891
9193.05,7630.77,253489.94,3443.6116
16405.2,17100.72,452358.38,2741.9387
10326.1,24460.05,284732.75,1206.0575
12505.399,21631.68,344824.94,1651.937
2139.0,63061.95,58980.97,95.98228
4.6499996,20076.12,128.21948,-0.33774978
34.1,18203.01,940.27625,4.356241
91.45,19370.55,2521.65,12.498662
15168.3,37579.65,418252.0,1153.0728
26.349998,15084.93,726.5771,3.9944339
5628.05,39418.832,155188.33,407.22836
17496.4,36643.53,482447.25,1364.2129
75175.0,93113.49,2072881.9,2307.3933
86.799995,9596.1,2393.4304,24.862705
57.35,9040.17,1581.3738,17.138687
24142.799,58251.72,665715.56,1184.0259
36130.5,47286.242,996265.5,2183.6816
32.55,16775.34,897.53644,4.5479
8424.25,15229.35,232290.98,1580.608
12761.149,27891.33,351877.03,1307.1862
751.75,17130.3,20728.818,124.47507
61401.7,35439.45,1693095.8,4952.845
1.55,10844.55,42.73983,-0.5913334
27.9,11147.311,769.31696,6.1562104
11970.649,22405.98,330079.72,1526.5758
114.7,15789.63,3162.7476,19.77019
12770.449,6304.02,352133.47,5791.1206
23.25,18217.8,641.0975,2.6490178
20108.148,25204.77,554463.8,2280.0686
34436.348,36150.24,949550.8,2722.6726
89.899994,8023.14,2478.9102,31.037918
20.15,15184.11,555.6178,2.7943263
69.75,16047.15,1923.2925,11.42783
7590.3496,33199.2,209296.95,652.70703
54.25,15472.95,1495.8942,9.024797
82.149994,21214.95,2265.211,10.071706
-13.95,7226.22,-384.65848,-6.5196557
40.3,15259.8,1111.2356,6.5510125
27.9,16503.9,769.31696,3.8335543
35068.75,99864.69,966988.7,1003.05457
34.1,26188.74,940.27625,2.7229633
17780.049,23730.99,490268.6,2141.23
20594.85,30057.63,567884.1,1958.0831
6592.15,8492.07,181772.5,2218.5374
277.44998,12815.1,7650.4297,60.903004
20170.148,42743.97,556173.4,1348.2214
337.9,10591.38,9317.283,90.21886
42246.797,36796.65,1164916.8,3281.725
29815.799,31255.621,822143.4,2726.5159
14635.1,33004.32,403549.47,1266.8674
42245.25,89415.12,1164874.1,1349.8773
-29.449999,8713.92,-812.05676,-10.663194
71.299995,17955.06,1966.0321,10.354072
13430.75,29434.71,370340.66,1303.6364
25908.25,23163.75,714396.3,3196.998
22905.898,53281.41,631609.2,1228.1945
-17.05,11907.69,-470.13812,-5.093981
7760.8496,11650.17,213998.33,1903.6974
7585.6997,15031.86,209168.73,1441.8856
12031.1,21569.041,331746.56,1593.8633
1.55,22280.7,42.73983,-0.80109215
125.549995,13094.37,3461.9263,26.414549
2196.3499,13007.37,60562.34,481.7931
18398.5,11178.63,507321.8,4704.9014
12477.5,23713.59,344055.66,1503.4552
63.55,43370.37,1752.3331,3.1895885
1320.6,15610.41,36414.336,240.88335
113139.15,76256.37,3119708.5,4241.1475
17429.75,57962.01,480609.4,858.79846
46.5,19133.041,1282.195,5.94893
49.6,15780.061,1367.6746,7.98715
13244.75,27312.78,365211.88,1385.5223
39658.297,16450.83,1093541.2,6891.793
16983.35,30837.15,468300.34,1573.701
881.94995,15480.78,24318.963,161.89212
52.699997,26186.13,1453.1542,4.754244
57.35,16281.18,1581.3738,9.071555
29.449999,29101.5,812.05676,1.8934693
17904.049,23476.95,493687.78,2179.5127
192.2,13348.41,5299.7393,40.16924
66.65,19834.26,1837.8129,8.608004
65.1,18180.39,1795.0729,9.238275
24645.0,22479.06,679563.3,3133.7263
956.35,16121.97,26370.477,168.60855
10329.199,19662.0,284818.22,1501.0624
4569.4,22951.47,125997.02,568.2429
4845.3,23476.08,133604.7,589.125
19745.45,43284.242,544462.7,1303.326
102.299995,26660.28,2820.8289,9.971346
97.649994,11766.75,2692.6094,22.728195
24004.85,38981.22,661911.75,1759.7292
6.2,10565.28,170.95932,0.67787504
86.799995,27430.23,2393.4304,8.047722
8625.75,10188.57,237847.17,2419.6536
32.55,8253.69,897.53644,10.275915
502.19998,22135.41,13847.705,63.869133
82.149994,19421.88,2265.211,11.093868
49.6,12890.79,1367.6746,10.00148
27686.1,30779.73,763418.9,2570.852
1385.7,58042.92,38209.41,67.260414
22857.85,20693.82,630284.3,3157.2297
13322.25,28072.291,367348.84,1355.9027
-20.15,10999.41,-555.6178,-6.237869
11753.649,34744.32,324096.12,966.2481
12.4,21491.61,341.91864,0.64968765
20277.1,56141.97,559122.5,1031.6835
18365.95,19485.39,506424.25,2693.9658
51.149998,26322.72,1410.4144,4.5560207
13.95,14671.68,384.65848,1.7185876
7286.55,31362.63,200919.95,663.29114
40.3,16397.76,1111.2356,6.0269923
144.15,24142.5,3974.8042,16.07188
31.0,13115.25,854.79663,5.758248
15110.949,20381.49,416670.6,2118.8484
38.75,14212.32,1068.4958,6.7957106
6.2,17108.55,170.95932,0.036161542
1728.25,16968.48,47654.914,290.21423
60107.45,66394.05,1657407.9,2587.4998
54.25,7909.17,1495.8942,18.611816
63.55,8677.38,1752.3331,19.939964
8461.45,9029.73,233316.75,2678.2856
-1.55,9284.64,-42.73983,-1.4773266
6322.4497,16048.0205,174335.77,1125.4525
14515.75,43787.1,400258.53,946.8558
48.05,19902.99,1324.9348,5.90278
35002.098,57617.492,965150.8,1735.9556
51.149998,10878.48,1410.4144,12.443934
23.25,11959.89,641.0975,4.558336
86.799995,19382.73,2393.4304,11.804237
9459.649,23981.55,260841.17,1126.8381
68.2,16482.15,1880.5525,10.830946
35.649998,17845.44,983.01605,4.7119083
18.599998,9670.05,512.8779,4.499626
51077.15,52755.06,1408405.6,2767.2896
69.75,13673.79,1923.2925,13.584928
128990.99,92333.1,3556808.5,3993.3943
108.5,23529.15,2991.7883,12.184768
-4.6499996,17594.01,-128.21948,-1.7556785
11643.6,11564.91,321061.6,2877.6838
102.299995,10081.56,2820.8289,28.013283
72.85,7690.8,2008.7721,26.083641
13303.649,29078.88,366835.97,1307.1035
8604.05,19260.93,237248.8,1276.2463
-1.55,13913.91,-42.73983,-1.3185161
43.399998,8485.98,1196.7152,13.623006
57.35,21045.3,1581.3738,6.7916117
99.2,34587.72,2735.349,7.20047
151.9,12926.46,4188.5034,32.599064
66.65,20121.36,1837.8129,8.470913
-13.95,8961.87,-384.65848,-5.450661
55.8,17041.56,1538.6339,8.362112
170.5,34116.18,4701.3813,13.289366
-27.9,8726.97,-769.31696,-10.140916
41.85,27848.7,1153.9755,3.2967448
27.9,17712.33,769.31696,3.5037832
21.699999,13565.91,598.3576,3.5736165
-13.95,7746.48,-384.65848,-6.1489515
5345.9497,12681.99,147409.67,1204.2758
27876.75,23838.0,768675.9,3342.6538
108.5,23319.48,2991.7883,12.303315
72.85,18941.64,2008.7721,9.996664
32300.45,51799.8,890655.3,1781.91
59941.598,75669.99,1652834.8,2263.9238
1348.5,9415.14,37183.652,408.51816
17.05,4350.87,470.13812,10.204622
18.599998,13930.44,512.8779,2.8176584
11488.6,22133.67,316787.62,1483.0983
63.55,16928.46,1752.3331,9.733641
7323.75,17983.77,201945.7,1163.3988
44.949997,8756.55,1239.4551,13.677282
-21.699999,15255.45,-598.3576,-5.067089
9425.55,20377.14,259900.9,1321.551
40.3,12627.18,1111.2356,8.12531
1078.7999,16716.18,29746.922,183.52402
63.55,21830.91,1752.3331,7.323246
60.449997,15885.33,1666.8534,9.880505
18826.299,29933.22,519117.97,1797.2932
-23.25,12910.8,-641.0975,-6.1489515
19198.299,27243.18,529375.5,2013.9021
72.85,16006.26,2008.7721,12.013337
139.5,11475.3,3846.585,33.75835
633.94995,24693.21,17480.59,72.40513
4938.3,16991.1,136169.1,830.00757
10747.699,39444.06,296357.97,778.08154
-4.6499996,15194.55,-128.21948,-1.8750122
16859.35,11506.62,464881.16,4188.3057
21.699999,9859.71,598.3576,5.292809
12550.35,28470.75,346064.4,1259.3927
7095.9,32961.69,195662.95,614.52686
77.5,14482.89,2136.9917,14.300142
19677.25,24556.621,542582.2,2290.104
56336.297,66073.02,1553421.9,2436.8845
9707.649,17128.56,267679.56,1619.4746
35.649998,16127.19,983.01605,5.320476
16722.95,28127.97,461120.03,1698.9004
54975.4,35731.77,1515896.4,4398.0903
643.25,27112.68,17737.031,66.835396
40179.098,55323.3,1107901.9,2075.5437
69.75,20948.73,1923.2925,8.519969
91.45,27623.371,2521.65,8.465772
18573.65,37037.64,512151.4,1432.8474
20833.549,21905.73,574466.06,2718.2837
19136.299,41921.82,527665.94,1304.1692
41.85,6120.45,1153.9755,18.550646
-4.6499996,10921.98,-128.21948,-2.217308
-7.75,8516.43,-213.69916,-3.6019151
18493.049,49397.73,509928.9,1069.4109
33926.4,41615.582,935489.4,2329.9382
221.65,10996.8,6111.796,56.630238
-4.6499996,14359.35,-128.21948,-1.9259064
7044.75,19552.38,194252.53,1029.1843
23.25,9610.89,641.0975,5.91685
37.199997,14528.13,1025.7559,6.321198
54.25,10516.56,1495.8942,13.749423
147.25,10181.61,4060.284,40.351173
47860.9,45034.68,1319720.5,3037.6646
52.699997,16646.58,1453.1542,8.051792
131.75,20570.28,3632.8857,17.312996
37.199997,17543.55,1025.7559,5.062816
37.199997,17420.88,1025.7559,5.1055074
15036.55,20700.78,414619.1,2075.8755
9475.149,11284.7705,261268.58,2399.7246
3.1,9041.91,85.47966,-0.019719303
21.699999,17782.8,598.3576,2.4890606
32.55,26436.69,897.53644,2.5204072
20126.75,27143.13,554976.75,2119.131
65.1,22058.85,1795.0729,7.4381466
229.4,7307.13,6325.495,88.76263
13.95,12496.68,384.65848,2.1917477
23163.2,26354.91,638704.0,2511.9624
58.899998,15484.26,1624.1135,9.876116
41172.65,89964.96,1135298.1,1307.5322
44.949997,17347.8,1239.4551,6.4085674
55.8,16478.67,1538.6339,8.68191
14742.05,49103.67,406498.53,857.4063
102.299995,18806.791,2820.8289,14.552847
85992.445,26906.49,2371163.0,9137.022
44.949997,18355.26,1239.4551,6.001936
21605.45,24747.15,595750.5,2495.2444
69.75,23610.06,1923.2925,7.4468756
626.19995,22330.291,17266.89,79.18029
23989.35,27803.46,661484.4,2465.997
57.35,27370.2,1581.3738,4.9910707
111.6,9502.14,3077.2678,32.580856
155.0,28128.84,4273.9834,14.75538
1041.6,13954.8,28721.166,212.41568
41392.75,30777.121,1141367.2,3844.4336
30305.6,29620.89,835649.2,2924.3225
6314.6997,8240.64,174122.06,2189.992
17073.25,74351.94,470779.25,655.55774
42804.797,33850.832,1180303.1,3614.5308
6337.9497,17668.83,174763.17,1024.6283
-23.25,16955.43,-641.0975,-4.9206953
17640.549,25926.0,486422.0,1944.4746
99089.945,84660.57,2732314.5,3345.5503
48.05,21944.01,1324.9348,5.260751
10135.449,20577.24,279475.75,1407.3315
-12.4,12449.7,-341.91864,-3.847815
610.69995,6638.1,16839.492,262.04684
339.44998,38536.65,9360.022,24.185514
35880.95,33771.66,989384.4,3036.8093
54.25,10902.84,1495.8942,13.226862
107808.695,56412.54,2972726.2,5463.207
18100.9,44166.42,499115.78,1170.8093
5995.4,7545.5103,165317.67,2270.8442
57.35,22699.17,1581.3738,6.2239122
71.299995,8162.34,1966.0321,23.976053
-17.05,14898.75,-470.13812,-4.2720766
392.15,13476.3,10813.178,82.201385
28520.0,30910.23,786412.94,2637.1306
10753.899,23620.5,296528.94,1300.7449
45635.098,74230.14,1258346.1,1756.7928
9425.55,22205.88,259900.9,1212.6338
46.5,22854.9,1282.195,4.8173156
16228.499,28855.291,447486.0,1607.0586
11997.0,30475.23,330806.3,1124.5756
17.05,11880.72,470.13812,3.1032748
147.25,25543.2,4060.284,15.482723
75.95,16083.69,2094.2517,12.501781
10839.149,23776.23,298879.62,1302.4705
765.69995,11567.5205,21113.477,188.26372
46335.7,41512.05,1277664.5,3190.468
88.35,23630.07,2436.1704,9.690315
66.65,22325.07,1837.8129,7.5360374
7.75,16494.33,213.69916,0.34343302
5645.0996,14584.68,155658.45,1105.6842
7833.6997,17325.18,216007.11,1291.8203
6125.5996,10402.59,168907.81,1682.6669
373.55,17186.85,10300.299,61.144318
97.649994,19817.73,2692.6094,13.088582
46.5,13528.5,1282.195,8.827709
31.0,14285.4,854.79663,5.204664
88.35,21034.86,2436.1704,11.009252
58.899998,19000.8,1624.1135,7.8632364
466.55,12845.55,12864.689,102.84713
-17.05,18127.32,-470.13812,-3.689303
71.299995,17346.06,1966.0321,10.752699
128022.24,125625.39,3530096.2,2912.7817
843.19995,9249.84,23250.467,259.64258
44.949997,38583.63,1239.4551,2.3310075
12641.8,24674.94,348586.06,1463.8792
16958.549,23035.86,467616.47,2103.9087
15625.55,22706.13,430860.25,1966.6196
44.949997,17701.02,1239.4551,6.260731
1563.95,17926.35,43124.49,248.44797
7398.15,6571.11,203997.22,3218.092
60.449997,15811.38,1666.8534,9.931393
48.05,12360.96,1324.9348,10.114507
31.0,16277.7,854.79663,4.4452477
52.699997,20533.74,1453.1542,6.3382335
-6.2,17197.291,-170.95932,-2.0308146
6341.05,24057.24,174848.64,752.6407
48.05,21598.621,1324.9348,5.360868
106.95,23898.03,2949.0483,11.795807
88.35,8465.1,2436.1704,28.841696
7001.3496,18099.48,193055.81,1105.0243
16104.499,37599.66,444066.84,1223.6509
3.1,6810.36,85.47966,0.30148923
9692.149,3812.34,267252.16,7268.047
32.55,19239.18,897.53644,3.8374162
6987.4,18838.11,192671.16,1059.5405
35.649998,8049.24,983.01605,11.663495
96.1,29303.34,2649.8696,8.376813
18.599998,13652.91,512.8779,2.8952618
24.8,13188.33,683.8373,4.376639
15205.5,36804.48,419277.75,1180.2695
1054.0,16118.49,29063.086,185.96712
15115.6,16090.65,416798.84,2684.9678
4.6499996,10499.16,128.21948,0.2663312
57.35,11956.41,1581.3738,12.714552
94.549995,37353.45,2607.1296,6.2373533
82.149994,21270.63,2265.211,10.042723
10713.6,44243.85,295417.72,691.35925
99.2,37429.14,2735.349,6.5779333
37.199997,16979.791,1025.7559,5.2641125
6198.4497,46115.22,170916.58,383.31543
11160.0,17074.62,307726.78,1867.7971
29084.2,43319.04,801970.2,1918.6731
1126.85,20694.69,31071.857,154.68837
14143.75,23785.8,390000.97,1699.1835
98742.75,73078.26,2722741.0,3862.3677
93.0,24313.89,2564.39,9.936478
10730.649,9168.93,295887.84,3345.2344
-3.1,9847.53,-85.47966,-1.9000847
356.5,10908.061,9830.161,92.44606
38368.7,46280.52,1057981.8,2369.4336
0.0,15365.07,0.0,-1.0
94.549995,19606.32,2607.1296,12.788417
58.899998,24433.95,1624.1135,5.892402
14002.699,28339.38,386111.62,1411.7666
12121.0,20626.83,334225.5,1679.1769
94.549995,9162.84,2607.1296,28.503967
64202.547,67984.414,1770326.5,2699.1748
40.3,16517.82,1111.2356,5.9759164
17931.95,53628.54,494457.1,955.0498
162.75,7673.4,4487.682,59.6432
40.3,25262.19,1111.2356,3.5612411
113.149994,34632.09,3120.0076,8.341677
51.149998,17131.17,1410.4144,7.5370455
18817.0,27886.98,518861.56,1928.2916
116.25,21562.95,3205.4873,14.414655
10417.55,16656.15,287254.4,1787.2983
46453.5,52981.26,1280912.8,2505.9468
1550.0,33529.8,42739.832,131.17513
-13.95,21192.33,-384.65848,-2.8821077
9865.75,20641.62,272039.03,1365.5808
23.25,15301.561,641.0975,3.3444638
2286.25,14466.36,63041.254,450.86996
62.0,29673.09,1709.5933,4.9741745
35462.45,69248.52,977844.6,1463.2229
22709.049,20426.73,626181.25,3177.6965
111.6,25404.871,3077.2678,11.560189
7794.9497,9777.06,214938.61,2278.576
16186.649,56449.082,446332.06,818.87775
63.55,13612.0205,1752.3331,12.348792
32853.8,24213.84,905913.5,3878.4568
3039.5498,28857.03,83812.805,300.16647
2985.2998,26858.64,82316.914,316.7993
-3.1,9439.5,-85.47966,-1.9389915
23009.75,46834.71,634472.8,1403.7306
-17.05,10634.01,-470.13812,-5.5843344
10.849999,11159.49,299.1788,1.779933
34.1,16093.26,940.27625,5.058419
78442.4,78061.62,2162977.5,2872.1768
20.15,8808.75,555.6178,5.540482
25406.049,49637.85,700548.56,1462.434
35.649998,25119.51,983.01605,3.0578623
54769.25,32139.541,1510212.0,4871.4355
18919.299,32263.08,521682.34,1675.6722
12161.3,27907.86,335336.72,1244.9553
5964.4,17416.53,164462.88,978.1611
25089.85,43307.73,691829.6,1655.4625
13303.649,25807.68,366835.97,1472.9095
568.85,16267.26,15685.518,98.98442
32540.7,39579.78,897280.0,2349.7285
-1.55,9483.0,-42.73983,-1.4673421
55920.9,27418.92,1541967.6,5830.3994
43.399998,12077.34,1196.7152,9.274658
2191.7,17560.08,60434.12,355.8647
31.0,13810.38,854.79663,5.418079
17060.85,35544.72,470437.3,1371.3806
451.05,34055.28,12437.291,36.869465
69.75,16931.94,1923.2925,10.778405
137.95,26127.84,3803.845,14.096184
-26.349998,9620.46,-726.5771,-8.831298
93.0,23428.23,2564.39,10.349911
105.399994,24177.3,2906.3083,11.464698
31.0,10619.22,854.79663,7.3467627
99.2,13564.17,2735.349,19.910645
72377.25,94128.78,1995736.5,2197.511
-21.699999,22563.45,-598.3576,-3.7498133
51.149998,12675.9,1410.4144,10.537608
17.05,12371.4,470.13812,2.9405286
12179.899,36839.28,335849.6,944.32587
77.5,14565.54,2136.9917,14.213325
48.05,22128.45,1324.9348,5.2085676
13531.5,7682.97,373118.72,5034.7686
55.8,12056.46,1538.6339,12.233154
52.699997,24858.51,1453.1542,5.061561
79.049995,17606.19,2179.7312,11.837647
186.0,10552.23,5128.78,49.398506
21464.398,43507.832,591861.1,1409.5883
7340.8,14881.35,202415.84,1409.4252
13.95,14099.22,384.65848,1.8289685
43.399998,20626.83,1196.7152,5.0159774
10.849999,20896.53,299.1788,0.48458326
4158.65,14917.0205,114670.97,796.1119
1453.8999,23628.33,40089.96,174.9343
-21.699999,10692.3,-598.3576,-6.8027997
6513.0996,19891.68,179592.77,935.1927
58.899998,11133.39,1624.1135,14.126444
14673.85,26587.2,404617.97,1577.049
23.25,10373.88,641.0975,5.408121
60.449997,16845.81,1666.8534,9.260142
50936.098,74119.65,1404516.2,1963.9038
120.899994,9101.94,3333.7068,36.978806
20244.549,37153.35,558224.94,1556.9701
28644.0,55686.09,789832.1,1469.7401
32.55,21959.67,897.53644,3.2381291
8414.95,9086.28,232034.55,2646.978
168.95,34899.18,4658.6416,12.84178
49.6,12977.79,1367.6746,9.927729
58.899998,19464.51,1624.1135,7.6520853
28461.1,32578.02,784788.8,2496.9055
122.45,15490.35,3376.4465,21.601982
49406.25,47385.42,1362332.1,2980.1658
142.59999,28414.2,3932.0642,13.349378
63.55,7049.61,1752.3331,24.775047
2380.7998,17075.49,65648.375,397.65634
17054.65,43538.28,470266.38,1119.0065
416.94998,5440.11,11497.015,218.14185
494.44998,17158.14,13634.006,81.39505
37.199997,9175.89,1025.7559,10.591608
40796.0,59577.6,1124912.4,1956.8687
20821.148,25998.21,574124.1,2288.8667
683.55,24458.31,18848.266,78.90847
9183.75,19057.35,253233.5,1376.8646
49.6,15867.93,1367.6746,7.9373837
117.799995,7722.12,3248.227,42.61719
60.449997,7886.55,1666.8534,20.915846
66.65,14239.29,1837.8129,12.383227
30693.1,33574.17,846334.1,2612.8728
46259.75,36652.23,1275570.2,3607.709
38.75,24939.42,1068.4958,3.4425707
44.949997,9439.5,1239.4551,12.615376
137.95,26394.06,3803.845,13.943918
71.299995,11571.0,1966.0321,16.618444
310.0,21613.41,8547.967,40.009777
20349.95,25824.21,561131.25,2252.1248
31.0,9356.85,854.79663,8.472858
7013.75,33595.92,193397.73,595.9153
11068.55,27908.73,305205.12,1132.965
8280.1,22021.44,228316.17,1074.0752
29034.6,47843.91,800602.5,1734.1545
85.25,15280.68,2350.6907,14.951468
14977.649,15844.44,412994.97,2701.8113
26202.75,28228.02,722516.9,2653.0889
14900.149,30856.291,410858.0,1379.6891
27594.648,38280.0,760897.2,2060.1138
-18.599998,18702.39,-512.8779,-3.8435755
14478.55,17755.83,399232.78,2330.4875
32.55,9936.2705,897.53644,8.366483
235.59999,14569.89,6496.454,45.234695
65.1,24795.871,1795.0729,6.5067263
71.299995,9717.9,1966.0321,19.978096
35.649998,22069.291,983.01605,3.6187038
20959.1,35835.3,577928.0,1671.2861
37376.7,33782.97,1030628.3,3162.3855
13075.8,26007.78,360553.22,1436.5203
18550.4,27175.32,511510.3,1950.7654
-20.15,9855.36,-555.6178,-6.845902
32.55,7029.6,897.53644,12.239431
113.149994,20916.541,3120.0076,14.46727
13886.449,19969.98,382906.12,1987.2113
10479.55,8462.49,288964.0,3539.735
119.35,31385.25,3290.967,9.8729105
26508.1,79187.4,730936.6,956.13135
-54.25,15483.39,-1495.8942,-11.018039
17342.95,28300.23,478215.97,1751.1931
82.149994,20874.78,2265.211,10.252128
12162.85,17150.31,335379.44,2026.7402
65.1,18805.92,1795.0729,8.897725
18381.45,15327.66,506851.66,3427.8845
54.25,12305.28,1495.8942,11.605417
35.649998,17965.5,983.01605,4.673737
57.35,14154.9,1581.3738,10.584455
68.2,13273.59,1880.5525,13.690783
6212.4,23530.89,171301.25,753.86633
75.95,14083.561,2094.2517,14.419287
3901.3499,13101.33,107576.16,850.42914
9292.25,25545.81,256225.3,1039.0404
173.59999,14378.49,4786.861,33.521164
31.0,10845.42,854.79663,7.172676
458.8,9763.14,12650.99,133.36398
14962.149,45082.53,412567.6,947.9312
80.6,12441.0,2222.4712,17.523743
77934.0,78981.21,2148958.8,2820.3188
22485.85,21268.89,620026.75,3021.8281
362.69998,29276.371,10001.12,34.422504
71.299995,21372.42,1966.0321,8.538603
28186.75,36708.78,777223.9,2194.4526
29.449999,14330.64,812.05676,4.8758225
97.649994,23475.21,2692.6094,10.893557
24435.75,62375.52,673793.44,1119.1095
13774.85,21008.76,379828.88,1873.7158
23338.35,35422.05,643533.6,1882.8461
16527.65,32509.291,455734.84,1452.6259
21793.0,33181.8,600922.06,1876.8723
61068.45,41472.9,1683906.6,4209.188
43584.45,102445.984,1201801.4,1215.4258
-29.449999,20451.09,-812.05676,-5.11735
12.4,15840.09,341.91864,1.2382729
550.25,12523.65,15172.641,124.62559
94.549995,20606.82,2607.1296,12.118963
21.699999,13604.19,598.3576,3.5607471
45776.15,48033.57,1262235.4,2723.8547
27.9,16543.92,769.31696,3.8218617
26554.6,98115.12,732218.8,772.84296
11857.5,50026.742,326959.72,676.7038
54.25,25949.49,1495.8942,4.9775043
10109.1,27986.16,278749.2,1031.8046
14380.899,17718.42,396540.16,2319.652
6528.5996,12944.73,180020.16,1441.0356
38.75,16529.13,1068.4958,5.703023
-23.25,20893.92,-641.0975,-4.1816473
116.25,32552.791,3205.4873,9.210657
16022.35,31970.76,441801.62,1431.9209
83.7,7260.15,2307.951,31.963161
1139.25,5121.69,31413.777,634.9966
15622.449,23706.63,430774.75,1883.2056
46.5,17937.66,1282.195,6.412012
54.25,10594.86,1495.8942,13.640418
27.9,21614.28,769.31696,2.6907313
13288.149,29273.76,366408.56,1296.8813
8143.6997,20569.41,224555.06,1131.0065
49.6,7756.92,1367.6746,17.282743
66.65,14777.82,1837.8129,11.895517
2709.4,9106.29,74709.23,849.7082
12855.699,9961.5,354484.16,3688.9456
20280.2,33542.85,559207.94,1727.7064
120.899994,48464.22,3333.7068,6.132702
17.05,11462.25,470.13812,3.2530794
54116.7,50651.4,1492218.5,3053.8428
4946.05,13355.37,136382.8,1057.8917
9868.85,25239.57,272124.5,1116.9788
16045.6,26483.67,442442.72,1731.3147
20673.898,32229.15,570063.8,1833.0978
40.3,10461.75,1111.2356,10.014117
-32.55,10627.92,-897.53644,-9.756927
4722.85,26293.14,130228.27,512.58307
-6.2,11597.1,-170.95932,-2.528591
602.94995,17866.32,16625.793,95.49284
69.75,9649.17,1923.2925,19.668228
72.85,24001.56,2008.7721,7.6783876
9836.3,14062.68,271226.97,1998.9202
25390.549,20979.18,700121.2,3459.4502
75077.35,55337.22,2070189.2,3878.1858
82.149994,18135.15,2265.211,11.951956
44.949997,8820.06,1239.4551,13.571596
58.899998,12478.41,1624.1135,12.495997
11564.55,21156.66,318881.88,1561.8978
-17.05,17882.85,-470.13812,-3.7260675
-21.699999,20703.39,-598.3576,-3.9968653
703.69995,26657.67,19403.883,74.47695
26002.799,31514.88,717003.4,2358.1384
48.05,16236.811,1324.9348,7.4613886
19791.95,24729.75,545744.9,2287.3257
18872.799,36359.91,520400.16,1483.0977
62.0,8705.22,1709.5933,19.3639
63.55,22619.13,1752.3331,7.033201
34.1,14549.88,940.27625,5.701067
17.05,10863.69,470.13812,3.4874125
-18.599998,12070.38,-512.8779,-5.405964
-26.349998,9337.71,-726.5771,-9.068433
12849.5,25253.49,354313.22,1453.8353
58.899998,18014.22,1624.1135,8.348647
6375.15,14989.23,175788.92,1215.0741
68.2,16622.22,1880.5525,10.73125
8478.5,4017.66,233786.88,6032.8545
96.1,13357.11,2649.8696,19.57121
110.049995,31464.42,3034.5278,9.000444
731.6,5510.58,20173.2,378.59924
117.799995,10635.75,3248.227,30.6684
53606.75,98843.31,1478157.1,1549.6765
164391.44,134051.34,4532943.5,3505.364
22225.45,40936.11,612846.44,1551.3619
20081.799,38078.16,553737.25,1506.9109
25175.1,32260.47,694180.3,2230.2563
22000.7,27803.46,606649.1,2261.4897
14428.949,36531.3,397865.06,1128.324
18.599998,13099.59,512.8779,3.0597959
34.1,13255.32,940.27625,6.3555155
114.7,20662.5,3162.7476,14.871923
22203.75,49852.742,612248.1,1272.4629
60975.45,82395.09,1681342.2,2114.9365
44.949997,6916.5,1239.4551,17.581993
3653.3499,29748.78,100737.78,350.13257
130.2,18704.13,3590.1458,18.903177
71.299995,18140.37,1966.0321,10.238086
18.599998,25339.621,512.8779,1.0987551
795.14996,5129.52,21925.533,442.22202
6874.25,22871.43,189551.16,858.3716
85.25,24680.16,2350.6907,8.876326
60.449997,16480.41,1666.8534,9.487628
63.55,24995.1,1752.3331,6.2695856
96.1,25479.69,2649.8696,9.78396
26542.2,28897.92,731876.9,2625.1487
16033.199,54908.31,442100.8,833.89355
114.7,18978.18,3162.7476,16.280561
117.799995,21711.72,3248.227,14.513151
178.25,15273.72,4915.0806,32.36827
88.35,23129.82,2436.1704,9.921525
14650.6,27775.621,403976.88,1507.1364
57.35,16508.25,1581.3738,8.933022
34636.3,95181.484,955064.3,1039.4663
4777.0996,9143.7,131724.16,1492.7961
13.95,14959.65,384.65848,1.6662552
6139.55,8459.01,169292.47,2074.229
-17.05,20284.05,-470.13812,-3.4033592
11425.05,26031.27,315035.3,1253.9077
22950.85,19407.96,632848.7,3380.1765
21.699999,16567.41,598.3576,2.7450194
46.5,7833.48,1282.195,15.972555
16805.1,45749.82,463385.25,1049.2694
88.35,18434.43,2436.1704,12.703321
32275.648,35019.24,889971.5,2634.2224
56947.0,96403.83,1570261.4,1687.9841
26929.7,19901.25,742561.8,3868.0125
18097.799,36698.34,499030.25,1409.0299
12869.649,18433.56,354868.8,1995.2112
68.2,10657.5,1880.5525,17.29692
38.75,23423.88,1068.4958,3.7300076
7.75,19969.98,213.69916,0.109616876
29.449999,14528.13,812.05676,4.795949
220.09999,16484.76,6069.0557,37.175644
32.55,7977.0303,897.53644,10.666987
15.5,20009.13,427.39832,1.2148917
63.55,13558.95,1752.3331,12.401039
51.149998,18800.7,1410.4144,6.7789435
159.65,24799.35,4402.2026,17.40677
58.899998,14281.92,1624.1135,10.791734
54.25,15411.18,1495.8942,9.06498
142.59999,42557.79,3932.0642,8.580527
92552.05,143653.53,2552038.0,1841.1234
69.75,25853.791,1923.2925,6.7138104
9.299999,7621.2,256.43896,2.4890606
125.549995,22988.01,3461.9263,14.615803
10.849999,11238.66,299.1788,1.76035
173.59999,27816.51,4786.861,16.844158
8177.8,23201.16,225495.34,1006.8033
-26.349998,19709.85,-726.5771,-4.8224893
15580.6,34210.14,429620.78,1301.2018
91.45,22798.35,2521.65,10.469098
36243.65,59533.23,999385.44,1739.69
51.149998,14875.26,1410.4144,8.831733
9492.2,24935.07,261738.73,1087.442
-26.349998,11524.0205,-726.5771,-7.5377083
3237.95,12566.28,89283.51,735.7368
39455.25,31455.72,1087942.4,3585.362
117.799995,21642.99,3248.227,14.562415
49215.598,61877.01,1357075.1,2273.1675
12964.199,24481.8,357475.94,1513.0887
27.9,22957.56,769.31696,2.4747813
275.9,11874.63,7607.69,65.4325
57275.598,53373.63,1579322.2,3067.258
20470.85,29407.74,564464.94,1989.3214
26593.35,21656.91,733287.3,3509.9573
95706.3,45029.46,2639013.5,6076.0493
29109.0,40147.89,802654.06,2072.0679
161.2,44206.44,4444.9424,9.426258
60544.547,40126.14,1669460.5,4313.1636
29663.898,29855.791,817954.9,2839.8523
46.5,15071.88,1282.195,7.8213387
-10.849999,6573.72,-299.1788,-5.71919
-44.949997,12280.92,-1239.4551,-11.465206
40.3,11064.66,1111.2356,9.41396
86.799995,18752.85,2393.4304,12.234313
77.5,21570.78,2136.9917,9.272706
72.85,18922.5,2008.7721,10.007788
38.75,21683.01,1068.4958,4.109768
6330.1997,16482.15,174549.47,1097.127
38089.7,32522.34,1050288.6,3347.6887
29026.85,46752.93,800388.8,1774.1704
19697.398,34798.26,543137.75,1617.4539
5922.55,28894.44,163308.89,585.0618
175416.6,228107.05,4836952.0,2197.776
66.65,15060.57,1837.8129,11.653415
503.74997,26410.59,13890.444,53.53633
20675.45,30720.57,570106.6,1923.3085
80.6,23311.65,2222.4712,8.885781
75.95,14546.4,2094.2517,13.928674
-6.2,15928.83,-170.95932,-2.1129017
20859.898,34453.74,575192.6,1730.1106
17197.25,24247.77,474198.44,2026.8518
917.6,24276.48,25301.98,107.07287
56328.547,72770.28,1553208.1,2212.2144
32632.148,32036.01,899801.6,2911.435
34.1,15612.15,940.27625,5.2451177
18472.9,25721.55,509373.34,2052.4631
21.699999,20843.46,598.3576,1.976726
911.39996,8571.24,25131.02,303.0285
16581.9,27331.92,457230.75,1733.6552
13.95,15265.89,384.65848,1.6127694
32.55,9012.33,897.53644,9.326732
15537.199,18765.9,428424.06,2366.2947
12.4,15844.44,341.91864,1.2376583
336.34998,16223.76,9274.543,58.277363
8904.75,30798.0,245540.33,825.7005
40.3,16186.35,1111.2356,6.1187725
62.0,30131.58,1709.5933,4.88327
116.25,13927.83,3205.4873,22.864838
120.899994,8689.56,3333.7068,38.781166
26.349998,13842.57,726.5771,4.4426804
18538.0,56170.68,511168.4,942.63104
-15.5,18729.36,-427.39832,-3.3662345
40.3,7140.09,1111.2356,15.138023
11456.05,18763.291,315890.1,1744.7211
27.9,14062.68,769.31696,4.6726384
9236.45,19027.77,254686.67,1386.9257
21526.398,29094.541,593570.75,2114.4797
43.399998,21847.44,1196.7152,4.679867
63.55,18930.33,1752.3331,8.598566
60.449997,23381.25,1666.8534,6.3922653
63.55,16455.18,1752.3331,10.042361
14745.149,22022.31,406584.0,1913.4115
113.149994,10134.63,3120.0076,30.922405
40.3,14599.47,1111.2356,6.8925424
65788.195,50713.17,1814049.2,3708.1653
8430.45,13016.07,232461.95,1850.91
88.35,18914.67,2436.1704,12.355396
97.649994,19839.48,2692.6094,13.073137
1931.2999,13490.22,53253.83,408.33575
409.19998,50753.19,11283.315,22.05267
10096.699,7883.07,278407.25,3661.124
20979.25,33747.3,578483.6,1776.4603
85504.195,49100.19,2357700.0,4978.1274
11470.0,23755.35,316274.75,1379.5463
113.149994,22084.95,3120.0076,13.648971
37.199997,6230.94,1025.7559,16.070189
66.65,14626.44,1837.8129,12.028984
11421.949,18621.48,314949.8,1752.7798
82094.195,78283.47,2263672.2,2997.4124
38.75,11374.38,1068.4958,8.740763
18183.049,20752.98,501380.94,2504.1584
-7.75,20258.82,-213.69916,-2.0937965
106.95,8355.48,2949.0483,35.598083
9427.1,23404.74,259943.64,1150.6573
80.6,20632.05,2222.4712,10.169703
424.69998,12252.21,11710.714,98.109856
-6.2,16206.36,-170.95932,-2.0938435
94.549995,8074.47,2607.1296,32.48085
113.149994,9396.87,3120.0076,33.428673
3423.95,17416.53,94412.29,561.10156
33345.15,35526.45,919461.94,2682.6746
47061.098,29448.63,1297666.8,4568.2607
74.399994,12844.68,2051.5117,15.561459
68.2,23081.1,1880.5525,7.4484463
58.899998,18845.94,1624.1135,7.9360676
11967.55,17470.47,329994.25,1957.6176
22932.25,50321.67,632335.8,1301.9885
21755.799,26271.39,599896.25,2366.7778
97.649994,13779.93,2692.6094,19.261623
16025.449,48626.04,441887.1,941.30237
7295.8496,26865.6,201176.38,775.4765
62.0,11550.12,1709.5933,14.3480835
11797.05,14664.72,325292.84,2299.11
30502.45,82864.89,841077.1,1051.4783
20213.549,56470.832,557370.1,1022.4518
22454.85,36695.73,619171.94,1748.6195
55.8,16489.11,1538.6339,8.67578
7584.15,10179.0,209126.0,2129.349
-7.75,18007.26,-213.69916,-2.2305608
13257.149,29135.43,365553.78,1300.0013
-6.2,11852.88,-170.95932,-2.4956045
44.949997,21250.62,1239.4551,5.0479345
34.1,8072.73,940.27625,11.077663
85.25,15225.87,2350.6907,15.00889
62540.95,51056.82,1724509.5,3501.351
142.59999,33010.41,3932.0642,11.3514385
37.199997,19802.07,1025.7559,4.371323
58.899998,22291.14,1624.1135,6.5549564
69.75,15559.95,1923.2925,11.816959
12556.55,43754.04,346235.38,819.54266
7999.55,11971.2,220580.27,1909.6311
27935.648,41669.52,770299.94,1915.855
993.55,33311.43,27396.232,84.279655
9.299999,12634.14,256.43896,1.1046808
5882.25,29122.38,162197.66,576.51807
111.6,8121.45,3077.2678,38.28978
-12.4,7954.41,-341.91864,-5.457206
41.85,17865.45,1153.9755,5.697774
77624.0,87935.25,2140410.8,2522.9573
60.449997,6344.91,1666.8534,26.240797
46093.9,69063.21,1270997.1,1907.2958
27.9,17831.52,769.31696,3.473679
8348.3,36473.01,230196.73,653.4484
83.7,42001.86,2307.951,4.6977835
-38.75,15209.34,-1068.4958,-8.2846775
15114.05,68818.74,416756.1,626.94714
49.6,22980.18,1367.6746,5.171308
59966.4,79744.2,1653518.6,2149.096
8041.4,7771.71,221734.25,2957.4487
69.75,6948.69,1923.2925,27.700554
8997.75,23723.16,248104.72,1083.452
65.1,19187.85,1795.0729,8.700713
66.65,18820.71,1837.8129,9.125422
17840.5,24293.88,491935.47,2098.709
91.45,26925.63,2521.65,8.711063
7810.4497,29998.47,215366.0,743.4335
30840.35,38799.39,850394.44,2271.7065
12809.199,26518.47,353201.94,1380.0917
460.34998,15964.5,12693.7295,81.44832
21.699999,11015.94,598.3576,4.6323175
24.8,15095.37,683.8373,3.697393
-1.55,18746.76,-42.73983,-1.2364038
2252.15,26548.05,62100.973,241.5569
23.25,21585.57,641.0975,2.0797
13323.8,35316.78,367391.6,1077.6882
40.3,19396.65,1111.2356,4.9405584
18311.7,25262.19,504928.34,2071.5576
19492.799,57288.63,537496.1,971.86993
38.75,13416.2705,1068.4958,7.2582674
6913.0,19834.26,190619.66,995.5511
97.649994,23694.45,2692.6094,10.783508
21645.75,46853.85,596861.75,1319.9194
23.25,30603.99,641.0975,1.1721704
1.55,17706.24,42.73983,-0.74970376
37.199997,23572.65,1025.7559,3.5121498
25072.799,27608.58,691359.5,2595.6162
21695.35,28647.36,598229.44,2164.3647
59943.15,38146.02,1652877.5,4492.03
14754.449,64743.66,406840.44,650.5905
0.0,27363.24,0.0,-1.0
6765.75,5515.8,186559.36,3506.1667
65.1,12680.25,1795.0729,13.679193
31796.7,34299.75,876764.9,2649.5747
178.25,22794.871,4915.0806,21.358435
82.149994,15064.05,2265.211,14.592464
58.899998,20860.86,1624.1135,7.0729465
8616.45,32958.21,237590.73,746.5044
69880.195,53833.86,1926882.5,3710.484
100.75,21279.33,2778.089,12.537426
43.399998,14569.89,1196.7152,7.516917
26191.898,34114.44,722217.6,2194.2183
68.2,19081.71,1880.5525,9.219179
142.59999,24457.44,3932.0642,15.670839
10944.55,16078.47,301785.94,1945.2657
37.199997,16460.4,1025.7559,5.46177
62.0,16525.65,1709.5933,9.727095
128.65,27695.58,3547.406,12.281537
74.399994,20384.97,2051.5117,9.435465
1585.6499,78045.96,43722.844,57.0906
15831.699,45967.32,436544.62,983.75305
210.79999,14856.12,5812.6167,39.570854
45481.65,51344.79,1254114.9,2531.7295
16372.649,25843.35,451460.84,1810.4199
116.25,31597.53,3205.4873,9.519348
114.7,32907.75,3162.7476,8.965847
43996.75,26340.99,1213170.1,4774.7046
52827.098,63595.26,1456658.9,2374.095
4.6499996,8405.07,128.21948,0.58183277
28265.799,64029.39,779403.56,1261.2079
37939.348,36110.22,1046142.8,3003.061
24.8,14830.0205,683.8373,3.7814422
11256.1,106548.9,310376.66,301.05634
63.55,16342.95,1752.3331,10.11819
11657.55,26166.99,321446.28,1272.8037
34493.7,35698.71,951132.2,2761.7158
31787.398,41592.96,876508.44,2184.1646
89.899994,8228.46,2478.9102,30.238497
46.5,23213.34,1282.195,4.7274895
23.25,18093.39,641.0975,2.6741085
43.399998,17838.48,1196.7152,5.9563403
49.6,15459.9,1367.6746,8.173265
34.1,38300.88,940.27625,1.5456259
172.04999,21582.96,4744.121,21.792536
6846.3496,9990.21,188781.83,1958.4467
3014.75,16365.57,83128.98,525.7071
44.949997,22798.35,1239.4551,4.6373534
23050.049,41289.332,635584.0,1595.1841
15569.75,16224.63,429321.62,2742.8213
80.6,13856.49,2222.4712,15.631475
34.1,14724.75,940.27625,5.621485
-12.4,10291.23,-341.91864,-4.445112
28199.148,49641.332,777565.75,1623.2078
10412.899,5207.82,287126.2,5715.9546
85.25,16509.99,2350.6907,13.763745
881.94995,9949.32,24318.963,252.45422
826.14996,17528.76,22780.33,133.75867
46.5,20606.82,1282.195,5.4519496
5762.9,95799.18,158906.69,170.99992
73245.25,69010.14,2019670.8,3033.6985
-24.8,12655.89,-683.8373,-6.602837
24.8,11202.99,683.8373,5.3294606
17.05,12728.97,470.13812,2.8298352
23.25,15848.79,641.0975,3.194458
9.299999,15183.24,256.43896,0.75132775
40.3,12734.19,1111.2356,8.048627
18195.45,34264.95,501722.88,1517.3143
71.299995,13240.53,1966.0321,14.396893
88.35,17826.3,2436.1704,13.170797
59017.797,65925.99,1627361.8,2558.619
60.449997,19715.94,1666.8534,7.766532
38.75,10163.34,1068.4958,9.90145
106.95,16807.53,2949.0483,17.193903
117.799995,13699.0205,3248.227,23.586954
8385.5,19425.36,231222.48,1233.2662
48.05,17192.94,1324.9348,6.9908366
139.5,13055.22,3846.585,29.551956
27348.2,38822.01,754101.56,2013.1865
6877.3496,7818.69,189636.62,2513.989
322.4,14845.68,8889.885,61.093185
24.8,18575.37,683.8373,2.8173606
328.59998,52142.582,9060.844,17.01872
17.05,18495.33,470.13812,1.6357927
100.75,15698.28,2778.089,17.35025
52.699997,21096.63,1453.1542,6.142438
64672.2,35683.05,1783276.8,5181.0864
32.55,9786.63,897.53644,8.5097
342.55,25946.01,9445.503,36.748734
22688.898,19716.81,625625.6,3289.226
16228.499,20059.59,447486.0,2312.158
18843.35,40225.32,519588.12,1338.3916
38.75,20715.57,1068.4958,4.348399
41.85,22917.541,1153.9755,4.2212734
15634.85,31452.24,431116.7,1420.3176
37630.9,31644.51,1037637.6,3399.1277
7416.75,25103.85,204510.1,843.7386
-12.4,16289.88,-341.91864,-3.1764705
38567.098,42727.44,1063452.5,2579.8281
63.55,23297.73,1752.3331,6.799216
86111.8,38312.19,2374454.0,6425.502
7398.15,22072.77,203997.22,957.3305
5118.0996,15514.71,141126.92,942.22235
62.0,31313.041,1709.5933,4.66129
506.84998,26109.57,13975.925,54.504562
15194.649,34665.15,418978.56,1252.2758
17059.299,58916.4,470394.56,826.8925
66.65,23140.26,1837.8129,7.2353287
7.75,7379.34,213.69916,2.0028467
52794.547,39984.332,1455761.4,3774.2717
17525.85,28670.85,483259.28,1746.7831
32419.799,33308.82,893946.3,2781.9158
54.25,17364.33,1495.8942,7.932864
-1.55,13923.48,-42.73983,-1.3182973
10521.399,19402.74,290117.97,1549.4559
23104.299,34083.99,637079.9,1937.1677
10569.449,30763.2,291442.9,981.3582
10873.25,19813.38,299819.94,1568.097
101199.5,78482.7,2790483.8,3685.8325
32.55,8378.1,897.53644,10.108475
15.5,10242.51,427.39832,3.3268743
203.04999,20113.53,5598.9175,27.864473
32.55,18523.17,897.53644,4.0244055
21.699999,11015.94,598.3576,4.6323175
-18.599998,18216.06,-512.8779,-3.919493
4.6499996,9370.7705,128.21948,0.41881764
47350.95,17193.81,1305659.1,7873.184
305.34998,14400.24,8419.746,59.628548
22854.75,33309.69,630198.8,1960.8007
49.6,14013.96,1367.6746,9.11975
13802.75,25905.99,380598.22,1522.4017
29.449999,21198.42,812.05676,2.972197
37.199997,15586.92,1025.7559,5.823883
48.05,23743.17,1324.9348,4.7863364
44.949997,15091.0205,1239.4551,7.5164785
19091.35,29687.88,526426.5,1837.681
77.5,25644.121,2136.9917,7.640978
40.3,16758.81,1111.2356,5.8756037
13364.1,24161.64,368502.8,1580.4747
6347.25,20612.91,175019.61,879.4309
51.149998,13208.34,1410.4144,10.072518
54.25,9111.51,1495.8942,16.023874
22400.6,29212.86,617676.06,2191.4746
15825.5,43849.742,436373.7,1030.9042
91.45,25632.81,2521.65,9.200851
63.55,18435.3,1752.3331,8.85631
77.5,22282.44,2136.9917,8.944615
23990.898,23757.09,661527.06,2886.369
93.0,16438.65,2564.39,15.1758
125.549995,20852.16,3461.9263,16.215303
29.449999,8413.7705,812.05676,9.007915
85.25,19641.12,2350.6907,11.410153
74.399994,13425.84,2051.5117,14.844568
11392.5,32826.84,314137.78,991.29083
116.25,20391.06,3205.4873,15.300545
24.8,8562.54,683.8373,7.28129
147.25,24239.07,4060.284,16.36954
36663.7,59080.832,1010967.94,1773.3474
571.95,17465.25,15770.998,92.63371
5885.3496,6613.74,162283.12,2543.334
911.39996,12912.54,25131.02,200.81169
52014.9,39146.52,1434263.2,3798.125
51.149998,10354.74,1410.4144,13.123926
230.95,21585.57,6368.235,29.591688
-6.2,7874.37,-170.95932,-3.2512558
34.1,8824.41,940.27625,10.048864
83.7,14312.37,2307.951,15.721024
-27.9,8638.23,-769.31696,-10.234819
74.399994,27992.25,2051.5117,6.5994835
54.25,18872.91,1495.8942,7.2188272
32.55,17270.37,897.53644,4.388878
14038.35,12445.35,387094.66,3224.2097
15808.449,30047.19,435903.53,1503.2999
117564.4,97452.18,3241730.8,3448.318
71.299995,24137.28,1966.0321,7.445982
36851.25,37427.4,1016139.5,2814.215
72.85,30671.85,2008.7721,5.7910757
19102.2,25122.121,526725.7,2173.0828
1136.15,18504.9,31328.297,174.54883
474.3,19860.36,13078.389,67.28339
10856.199,49434.27,299349.75,626.9118
2416.45,57037.2,66631.4,120.13472
9343.399,21868.32,257635.69,1220.6266
74.399994,14571.63,2051.5117,13.598686
82.149994,15051.0,2265.211,14.605985
4.6499996,18553.62,128.21948,-0.28340584
-60.449997,13838.22,-1666.8534,-13.490076
48.05,9764.88,1324.9348,13.069396
1.55,7883.07,42.73983,-0.4378072
4984.8,11359.59,137451.3,1253.6832
38.75,9529.11,1068.4958,10.627018
59964.848,43338.18,1653475.9,3955.1714
66460.9,60704.25,1832598.5,3129.373
-23.25,11677.14,-641.0975,-6.692925
71.299995,15687.84,1966.0321,11.994972
24.8,18489.24,683.8373,2.835143
116189.55,117931.984,3203820.5,2815.9844
1970.0499,23790.15,54322.324,235.77129
186.0,38033.79,5128.78,12.982741
9.299999,14009.61,256.43896,0.8980422
5178.55,15995.82,142793.78,924.65826
2867.5,23616.15,79068.69,346.17087
37.199997,12150.42,1025.7559,7.7538805
10231.55,6312.72,282125.62,4633.1904
68.2,16897.14,1880.5525,10.5403805
51.149998,24179.041,1410.4144,5.0486097
9027.2,25558.86,248916.78,1008.8587
0.0,18107.31,0.0,-1.0
1393.45,20987.88,38423.11,188.83304
4612.8,20445.0,127193.734,644.0991
-29.449999,9775.32,-812.05676,-9.613969
1001.3,8101.44,27609.932,352.38733
-13.95,13360.59,-384.65848,-3.9853659
31449.5,47851.742,867191.2,1878.1653
110.049995,35249.79,3034.5278,7.926526
15107.85,45780.27,416585.12,942.56824
187.54999,24500.94,5171.5195,20.886852
58.899998,13896.51,1624.1135,11.118769
85.25,13796.46,2350.6907,16.667524
65.1,30900.66,1795.0729,5.0236845
32.55,13634.64,897.53644,5.825843
60.449997,18151.68,1666.8534,8.522006
69.75,11336.97,1923.2925,16.59123
18.599998,11738.04,512.8779,3.5307107
10.849999,29115.42,299.1788,0.065505385
46377.547,34532.91,1278818.4,3838.9324
9816.149,42971.91,270671.34,652.13885
8024.3496,7321.05,221264.1,3132.9023
94.549995,17549.64,2607.1296,14.404311
55.8,21871.8,1538.6339,6.2945523
6.2,18255.21,170.95932,-0.028922737
10036.25,39228.3,276740.4,730.51117
102.299995,22977.57,2820.8289,11.729769
11253.0,34446.78,310291.2,933.04694
18176.85,62701.77,501210.0,827.8726
110.049995,17940.27,3034.5278,16.53921
74.399994,17641.86,2051.5117,11.058063
46974.297,85266.96,1295273.2,1574.1738
71.299995,20857.38,1966.0321,8.774143
62.0,14096.61,1709.5933,11.575521
7196.65,23026.291,198441.03,892.6251
7903.4497,8064.0303,217930.39,2801.2927
77.5,11444.85,2136.9917,18.361572
58.899998,18209.1,1624.1135,8.248595
11804.8,31589.7,325506.56,1067.4695
46.5,10056.33,1282.195,12.2209425
1872.3999,13561.561,51629.715,393.76434
22323.1,29731.38,615539.06,2145.7844
6.2,24095.52,170.95932,-0.26429385
40.3,13910.43,1111.2356,7.283492
6475.9,13434.54,178567.02,1377.2446
3834.7,25833.78,105738.34,423.4167
10929.05,15895.7705,301358.56,1964.8475
26.349998,13616.37,726.5771,4.5330963
10.849999,21226.26,299.1788,0.4615215
22332.398,32626.74,615795.44,1956.0894
-29.449999,8985.36,-812.05676,-10.371277
63.55,21883.98,1752.3331,7.3030605
2007.2499,11649.3,55348.08,491.66373
17761.45,25944.27,489755.72,1956.4287
49778.25,45151.26,1372589.8,3151.236
17.05,11753.7,470.13812,3.1476178
24.8,17440.02,683.8373,3.0658717
12.4,22511.25,341.91864,0.5749655
18.599998,5079.06,512.8779,9.470768
14794.75,28067.94,407951.7,1506.1139
89.899994,19906.47,2478.9102,11.912621
68.2,12503.64,1880.5525,14.595412
16092.1,34935.72,443724.94,1316.0189
19367.25,24263.43,534034.2,2281.258
10625.25,31647.99,292981.56,958.9355
22891.95,31794.15,631224.56,2057.6597
24.8,16398.63,683.8373,3.3240733
52.699997,9463.86,1453.1542,14.921766
44.949997,16645.71,1239.4551,6.72105
51.149998,16121.1,1410.4144,8.071936
37.199997,12374.88,1025.7559,7.5950994
88.35,10908.93,2436.1704,22.156525
40.3,12182.61,1111.2356,8.458313
122.45,32775.51,3376.4465,9.68214
79.049995,7535.07,2179.7312,28.996014
114.7,11732.82,3162.7476,26.951813
32751.498,33483.69,903092.6,2795.7063
32.55,21804.81,897.53644,3.268228
128.65,22905.36,3547.406,15.059116
44.949997,12912.54,1239.4551,8.953298
17067.049,37732.77,470608.25,1292.2686
6634.0,10322.55,182926.48,1836.5428
15746.449,29986.291,434193.94,1500.4431
43417.047,80028.69,1197185.4,1550.1849
-40.3,7644.69,-1111.2356,-16.072807
113.149994,21718.68,3120.0076,13.896015
8466.1,7709.07,233444.95,3139.0054
9403.85,24271.26,259302.55,1106.8025
6083.75,18887.7,167753.84,919.9611
1647.6499,21906.6,45432.438,214.04974
82162.4,69822.72,2265553.0,3363.5376
3600.65,25993.86,99284.625,395.0583
9802.199,17449.59,270286.7,1605.1544
27.9,10015.44,769.31696,6.9649515
55.8,7696.02,1538.6339,19.730844
85.25,17235.57,2350.6907,13.142223
94.549995,16677.03,2607.1296,15.210329
11958.25,20184.87,329737.8,1692.9114
21.699999,8850.51,598.3576,6.010361
99.2,42961.47,2735.349,5.6020913
23321.299,30496.98,643063.5,2185.4768
17.05,18489.24,470.13812,1.6366608
18.599998,13445.85,512.8779,2.9552474
31186.0,35241.96,859925.44,2529.1636
103.85,10420.86,2863.5686,27.4939
3.1,10092.0,85.47966,-0.12171912
82.149994,7245.36,2265.211,31.418774
509.94998,8637.36,14061.404,167.80898
89.899994,13811.25,2478.9102,17.611256
15118.699,22732.23,416884.3,1900.6096
781.19995,32012.52,21540.875,68.77364
15.5,9228.09,427.39832,3.8025165
74.399994,20060.46,2051.5117,9.604275
8242.899,14174.91,227290.4,1661.68
29946.0,30966.78,825733.56,2763.9788
128.65,33883.02,3547.406,9.856171
62720.75,35173.23,1729467.2,5097.565
8959.0,11163.84,247036.23,2293.5364
14645.949,33428.88,403848.66,1251.6931
20193.398,35058.39,556814.5,1645.8971
49724.0,63419.52,1371093.9,2240.7756
27.9,14953.561,769.31696,4.3346825
39997.75,42737.88,1102901.4,2674.9104
26.349998,14161.86,726.5771,4.319971
3.1,7548.99,85.47966,0.17414522
23.25,14346.3,641.0975,3.6337442
10180.399,19170.45,280715.2,1517.3835
2297.0999,19316.61,63340.426,339.0149
178.25,16003.65,4915.0806,30.846336
393.69998,21328.05,10855.917,51.77925
38.75,16128.93,1068.4958,5.869343
142.59999,25036.86,3932.0642,15.285032
57.35,15548.64,1581.3738,9.546055
13097.5,29180.67,361151.6,1282.3412
20204.25,32904.27,557113.7,1754.656
21408.6,104815.86,590322.56,582.9965
45388.65,27411.09,1251550.5,4733.4546
-75.95,17968.98,-2094.2517,-13.085186
430.9,8361.57,11881.673,146.34575
10812.8,19734.21,298153.06,1565.6334
88.35,18801.57,2436.1704,12.435734
1402.75,8948.82,38679.547,447.19135
-57.35,8001.39,-1581.3738,-21.49354
71196.15,53631.15,1963168.6,3794.6694
5321.15,23158.53,146725.84,655.967
45109.65,70912.83,1243857.2,1817.8362
10.849999,12286.14,299.1788,1.5250111
238.7,20076.99,6581.934,32.99404
14785.449,39310.082,407695.25,1074.4237
32298.898,61821.332,890612.56,1492.8202
37386.0,44835.45,1030884.75,2383.1658
17.05,13770.36,470.13812,2.5402021
1.55,12544.53,42.73983,-0.64671415
83706.195,100698.15,2308121.8,2375.7588
161.2,29594.791,4444.9424,14.573949
89.899994,28569.93,2478.9102,7.997037
15264.399,39431.88,420901.84,1105.8308
13953.1,19804.68,384743.97,2013.4286
13373.399,27565.95,368759.25,1386.1322
20766.898,23959.8,572628.25,2477.2063
-38.75,14126.19,-1068.4958,-8.843243
40738.65,50794.082,1123331.0,2292.203
49.6,21447.24,1367.6746,5.612402
947.05,5862.06,26114.037,460.92517
57.35,21705.63,1581.3738,6.5545745
29.449999,7741.2603,812.05676,9.877337
83.7,24426.121,2307.951,8.7976055
277.44998,27465.03,7650.4297,27.883755
34664.2,60516.332,955833.56,1636.7875
147.25,32370.09,4060.284,12.006498
22213.049,32504.94,612504.5,1952.9246
17439.049,24144.24,480865.8,2064.1816
8115.8,20356.26,223785.75,1138.9408
79.049995,18286.53,2179.7312,11.36003
14425.85,29841.871,397779.6,1381.1791
6244.9497,16848.42,172198.78,1058.7875
8436.649,31868.1,232632.89,755.9424
255.74998,40577.67,7052.072,17.020943
26717.35,43842.78,736706.5,1741.3857
-1.55,17831.52,-42.73983,-1.2485378
198.4,21897.9,5470.698,24.905272
32.55,12589.7705,897.53644,6.392344
51.149998,15681.75,1410.4144,8.3261
17.05,9626.55,470.13812,4.0641046
198.4,11081.19,5470.698,50.19225
29518.2,29961.06,813937.3,2815.9663
-10.849999,17587.92,-299.1788,-2.7638605
20.15,12396.63,555.6178,3.6475105
17115.1,31373.94,471933.22,1558.7657
26.349998,9892.7705,726.5771,6.615732
31810.648,37298.64,877149.56,2437.5325
7.75,5960.37,213.69916,2.7177267
58.899998,22037.97,1624.1135,6.641747
88.35,13614.63,2436.1704,17.55452
18443.45,23885.85,508561.25,2206.7527
18587.6,27057.0,512536.06,1963.2316
129806.3,63808.41,3579290.0,5815.5684
-6.2,14900.49,-170.95932,-2.1897073
37306.95,67476.33,1028705.0,1579.8376
6503.8,13096.98,179336.33,1418.8582
116.25,15994.95,3205.4873,19.780647
62.0,13898.25,1709.5933,11.755002
260.4,6481.5,7180.2915,113.87206
103.85,44477.88,2863.5686,5.6759243
10823.649,26693.34,298452.22,1158.3639
7333.05,30127.23,202202.14,694.9442
69412.1,105684.99,1913975.2,1876.8932
68988.945,60604.2,1902307.0,3253.811
-58.899998,11817.21,-1624.1135,-15.251129
117702.34,90954.15,3245534.5,3699.084
62.0,12133.0205,1709.5933,13.6107235
14825.75,23012.371,408806.5,1841.0623
370.44998,20590.291,10214.819,50.44179
73400.25,65639.76,2023944.8,3196.272
27566.75,46936.5,760127.94,1678.2828
29856.1,22894.92,823254.6,3727.5757
102.299995,21692.58,2820.8289,12.483834
41.85,25157.791,1153.9755,3.7563295
11544.399,29446.89,318326.25,1119.9363
77.5,21903.99,2136.9917,9.116435
29037.7,20213.58,800688.0,4106.409
46.5,10723.62,1282.195,11.398253
35.649998,28809.18,983.01605,2.538161
5807.8496,11269.98,160146.14,1472.4697
14314.25,22831.41,394702.34,1791.606
37347.25,22888.83,1029816.25,4664.3477
12.4,8004.87,341.91864,3.429109
106.95,25539.72,2949.0483,10.973293
520.8,14455.92,14360.583,102.00877
6.2,8483.37,170.95932,1.0896437
71.299995,26791.65,1966.0321,6.6092
51.149998,11916.39,1410.4144,11.272977
18051.299,41432.01,497748.06,1244.7229
88.35,20877.39,2436.1704,11.099832
37.199997,6502.38,1025.7559,15.357597
24.8,7830.87,683.8373,8.055045
65.1,8717.4,1795.0729,20.352217
1891.0,9941.49,52142.594,542.86237
37421.65,28161.9,1031867.75,3798.3555
18.599998,9256.8,512.8779,4.7451453
9765.0,7892.64,269260.94,3536.52
10775.6,28143.63,297127.3,1093.7384
9814.6,9585.66,270628.6,2926.5178
12400.0,33565.47,341918.66,1055.2773
23172.5,53844.3,638960.5,1229.5015
381.3,27743.43,10513.998,38.296658
21679.85,19929.96,597802.0,3109.2751
20185.648,24149.46,556600.8,2388.9248
51.149998,4954.65,1410.4144,28.517643
27066.1,37380.42,746322.94,2069.2866
35774.0,31539.24,986435.3,3242.1367
5803.1997,18736.32,160017.92,884.5889
35874.75,27271.02,989213.44,3760.2874
21.699999,15044.91,598.3576,3.124004
14283.25,28040.1,393847.56,1455.453
56066.598,84307.35,1545985.1,1900.4623
9639.449,15867.93,265799.0,1735.9244
-1.55,16719.66,-42.73983,-1.2650656
11032.899,24816.75,304222.1,1270.141
37.199997,11701.5,1025.7559,8.089717
381.3,4952.91,10513.998,219.11787
7.75,12715.92,213.69916,0.74262094
9197.7,15150.18,253618.17,1734.843
128132.3,94175.76,3533131.0,3889.1692
20974.6,16992.84,578355.4,3528.2034
82.149994,19964.76,2265.211,10.765014
14937.35,24737.58,411883.75,1725.4951
136.4,20716.44,3761.105,17.825573
1966.95,49853.61,54236.844,111.8095
15899.899,17393.91,438425.2,2612.6423
69.75,15451.2,1923.2925,11.907168
3583.5999,18986.88,98814.484,538.6533
51.149998,16161.99,1410.4144,8.048984
32.55,24887.22,897.53644,2.7395864
66.65,28914.45,1837.8129,5.5907407
34.1,17387.82,940.27625,4.607357
68.2,19453.2,1880.5525,9.024029
19534.648,47017.41,538650.06,1186.9438
37.199997,13784.28,1025.7559,6.7162766
60.449997,23416.05,1666.8534,6.3812795
22206.85,46705.95,612333.56,1358.4515
13268.0,6247.47,365852.97,6071.259
23.25,31261.71,641.0975,1.1264699
55.8,8299.8,1538.6339,18.222752
21653.5,24174.69,597075.44,2560.0388
16030.1,20656.41,442015.34,2217.8623
3166.65,29047.56,87317.48,310.70184
93.0,14351.5205,2564.39,17.528233
85.25,24909.84,2350.6907,8.785261
694.39996,6681.6,19147.443,296.1517
20267.799,32268.3,558866.0,1794.8888
167.4,8249.34,4615.902,57.021004
41022.297,31092.93,1131152.2,3771.3093
664.94995,22122.36,18335.387,84.94221
37.199997,13357.98,1025.7559,6.96253
8788.5,26578.5,242334.84,944.43854
42110.4,38753.28,1161155.8,3105.9187
72.85,14666.46,2008.7721,13.202123
179.79999,9660.48,4957.8203,52.215717
-17.05,9771.84,-470.13812,-5.9888105
19416.85,37270.8,535401.9,1488.5636
4749.1997,16126.32,130954.836,841.0428
9898.3,5656.74,272936.56,5002.1484
12.4,15283.29,341.91864,1.3198175
141.05,28132.32,3889.3247,13.335621
53028.598,73257.48,1462215.1,2068.699
20470.85,33133.95,564464.94,1765.492
32.55,37493.52,897.53644,1.48224
3.1,19414.92,85.47966,-0.54346395
10425.3,13372.7705,287468.1,2228.0312
15300.05,33795.15,421884.88,1293.4565
50435.45,26508.9,1390711.4,5438.928
58.899998,16416.03,1624.1135,9.25879
21168.35,35944.05,583697.9,1682.8716
17136.799,29776.621,472531.56,1644.5205
18251.25,32061.24,503261.53,1626.6511
88303.5,111717.57,2434888.2,2258.9844
27.9,18276.96,769.31696,3.3646479
66.65,22211.1,1837.8129,7.5798388
62.0,11983.38,1709.5933,13.793174
5883.8,28162.77,162240.39,596.35364
-51.149998,7225.35,-1410.4144,-21.241177
44080.45,70904.13,1215478.1,1776.5568
181.34999,24756.72,5000.56,19.944664
29.449999,9366.42,812.05676,7.99002
7570.1997,20050.02,208741.33,1078.547
19880.299,29723.55,548181.06,1911.3668
7.75,17316.48,213.69916,0.27964962
18.599998,9468.21,512.8779,4.616865
77.5,26788.17,2136.9917,7.271946
37.199997,19840.35,1025.7559,4.36096
69.75,27806.94,1923.2925,6.1719956
23.25,24029.4,641.0975,1.7664893
17.05,9895.38,470.13812,3.926527
1119.1,19002.541,30858.158,167.38608
23071.75,31079.88,636182.4,2121.512
49.6,9663.96,1367.6746,13.674912
38.75,14723.88,1068.4958,6.524861
7109.8496,32399.67,196047.6,626.4351
48.05,8820.93,1324.9348,14.575
339.44998,18937.291,9360.022,50.25154
528.55,8445.09,14574.282,177.94963
855.6,6732.06,23592.387,362.389
1.55,8563.41,42.73983,-0.48247194
24812.398,62962.77,684179.2,1125.7665
62926.9,51532.71,1735151.6,3490.4219
152778.84,129837.06,4212737.0,3363.4458
60.449997,13679.88,1666.8534,11.634644
6795.1997,22998.45,187371.42,843.7976
18.599998,13662.48,512.8779,2.892533
72.85,16724.88,2008.7721,11.45419
1.55,15763.53,42.73983,-0.71885705
125.549995,23790.15,3461.9263,14.08928
8742.0,36193.74,241052.66,689.5997
66.65,14343.69,1837.8129,12.285817
17648.299,34338.9,486635.7,1468.4861
10769.399,12034.71,296956.34,2557.6145
83.7,17875.02,2307.951,12.388377
841.64996,5355.72,23207.729,448.32712
5488.55,15715.68,151341.73,997.5582
62.0,11233.44,1709.5933,14.780759
8785.399,18895.53,242249.36,1328.3871
12899.1,21168.84,355680.88,1741.2534
77.5,30621.39,2136.9917,6.236454
-3.1,11852.01,-85.47966,-1.7478571
31.0,11473.561,854.79663,6.7252483
781.19995,12176.5205,21540.875,182.43745
69.75,21268.02,1923.2925,8.3770485
48.05,16551.75,1324.9348,7.3003893
-4.6499996,13250.1,-128.21948,-2.0034199
7660.0996,30878.91,211220.23,708.2861
57.35,21428.1,1581.3738,6.652419
20825.799,32095.17,574252.4,1854.2865
19826.049,40547.22,546685.2,1397.0546
24.8,10904.58,683.8373,5.50267
11000.35,12595.86,303324.56,2496.0522
15159.0,32819.01,417995.56,1319.6692
1742.2,56169.81,48039.57,87.683754
27.9,17251.23,769.31696,3.6241627
-7.75,13327.53,-213.69916,-2.6626506
34210.05,46789.47,943310.9,2089.5212
86.799995,17733.21,2393.4304,12.995272
15128.0,37723.2,417140.75,1145.6265
91.45,16231.59,2521.65,15.109112
82122.09,94174.89,2264441.5,2492.2961
237.15,10561.8,6539.1943,63.199883
52.699997,14325.42,1453.1542,9.518461
3673.5,28382.88,101293.4,369.06033
13702.0,24971.61,377820.12,1567.868
14004.25,31967.28,386154.38,1251.5734
241.79999,14878.74,6667.4136,45.466408
43.399998,17052.0,1196.7152,6.277184
7810.4497,20441.52,215366.0,1091.4758
-9.299999,7602.93,-256.43896,-4.497445
34270.5,44889.39,944977.7,2181.8594
10.849999,28545.57,299.1788,0.0867759
3.1,9620.46,85.47966,-0.07867086
26878.549,33984.81,741151.4,2260.3613
24.8,16905.84,683.8373,3.1943426
12914.6,35487.3,356108.28,1039.5358
52.699997,7604.67,1453.1542,18.814322
-43.399998,15904.47,-1196.7152,-8.802244
11266.949,19745.52,310675.8,1630.4988
15799.149,38318.28,435647.1,1177.8992
13494.3,20188.35,372092.97,1910.1665
489.8,30879.78,13505.786,44.3517
5962.8496,11397.87,164420.12,1494.8193
29521.299,28307.19,814022.8,2980.8633
117.799995,31444.41,3248.227,9.711513
13275.75,21715.2,366066.66,1747.0114
-3.1,11504.88,-85.47966,-1.7704217
51.149998,9697.89,1410.4144,14.080556
10336.949,13475.43,285031.9,2192.3035
26275.6,39124.77,724525.6,1919.2148
82.149994,16605.69,2265.211,13.144892
635.5,12099.09,17523.332,149.17993
3.1,9146.31,85.47966,-0.030908525
31.0,16049.76,854.79663,4.5225816
72.85,16012.35,2008.7721,12.0083885
10.849999,16327.29,299.1788,0.90004814
97.649994,15734.82,2692.6094,16.744324
51.149998,11625.811,1410.4144,11.579732
39859.797,44142.93,1099097.4,2580.8018
65.1,21698.67,1795.0729,7.5782137
13675.649,42021.87,377093.53,929.5111
15.5,13117.86,427.39832,2.3784513
8143.6997,26719.44,224555.06,870.45184
9194.6,22293.75,253532.67,1178.2303
5880.6997,14302.8,162154.92,1174.5929
21647.299,30080.25,596904.44,2056.6487
12423.25,50386.05,342559.75,703.9753
6244.9497,5507.97,172198.78,3240.8013
24331.898,29727.9,670929.8,2339.2417
37.199997,14441.13,1025.7559,6.365305
63.55,15986.25,1752.3331,10.366269
35.649998,11425.71,983.01605,7.9212418
26.349998,11113.38,726.5771,5.779278
26.349998,19692.45,726.5771,2.825867
41.85,10487.85,1153.9755,10.409274
29.449999,14954.43,812.05676,4.6307263
113.149994,20346.69,3120.0076,14.900464
35.649998,14456.79,983.01605,6.0507708
54.25,11377.86,1495.8942,12.632897
18.599998,17652.3,512.8779,2.0127325
27338.898,65795.49,753845.1,1187.0476
50069.65,22585.2,1380624.8,6337.6914
62.0,15727.86,1709.5933,10.271222
37.199997,7030.47,1025.7559,14.128905
62.0,15922.74,1709.5933,10.133273
14480.1,24593.16,399275.5,1682.4733
404.55,17024.16,11155.096,66.94468
88.35,18868.56,2436.1704,12.388033
55.8,10134.63,1538.6339,14.742558
125.549995,8789.61,3461.9263,39.840973
31.0,20926.98,854.79663,3.2354946
48.05,17526.15,1324.9348,6.838913
5632.6997,20328.42,155316.55,791.2495
18124.15,24440.041,499756.88,2119.3362
96.1,20437.17,2649.8696,12.444716
51.149998,7445.46,1410.4144,18.642786
7441.55,15352.89,205193.92,1384.8693
93.0,25145.61,2564.39,9.574742
12858.8,15637.38,354569.66,2350.1777
18798.4,27331.92,518348.7,1965.5261
20653.75,35200.2,569508.25,1676.6555
23625.1,49697.88,651440.5,1358.2045
62.0,30205.53,1709.5933,4.8688664
14137.55,18282.18,389830.0,2210.0327
1235.35,15175.41,34063.645,231.75476
89966.65,165618.42,2480748.0,1552.1803
6.2,12762.03,170.95932,0.38905966
-18.599998,7182.72,-512.8779,-8.404111
18962.7,29571.3,522879.1,1832.4907
4.6499996,7423.71,128.21948,0.79093945
24.8,7722.99,683.8373,8.181533
1368.6499,39265.71,37739.27,98.661606
55.8,18025.53,1538.6339,7.851057
7453.9497,5347.02,205535.84,3984.8748
117273.0,89323.77,3233695.8,3752.8765
-13.95,13181.37,-384.65848,-4.025956
9580.55,22270.26,264174.9,1229.0256
3208.5,16225.5,88471.45,564.3963
57.35,17791.5,1581.3738,8.216581
103.85,19988.25,2863.5686,13.855275
106.95,5955.15,2949.0483,50.3496
6265.0996,3803.6401,172754.39,4708.53
89.899994,14427.21,2478.9102,16.81666
66.65,20001.3,1837.8129,8.527762
96.1,23814.51,2649.8696,10.538006
37917.65,62308.53,1045544.5,1738.9744
29.449999,12624.57,812.05676,5.669874
633.94995,28993.621,17480.59,61.517487
46.5,17471.34,1282.195,6.6098437
80.6,26326.2,2222.4712,7.753784
2433.5,14048.76,67101.54,494.27042
302.25,13810.38,8334.268,61.57627
21.699999,11917.26,598.3576,4.206337
19640.049,29852.31,541556.4,1880.1074
18060.6,28328.07,498004.5,1821.9055
102.299995,18491.85,2820.8289,14.817734
54.25,16019.311,1495.8942,8.682888
75.95,15116.25,2094.2517,13.365895
18770.5,25814.64,517579.38,2078.0205
6765.75,28681.291,186559.36,673.4756
15.5,16054.11,427.39832,1.7605426
27.9,16214.19,769.31696,3.9199185
17.05,11850.2705,470.13812,3.1138182
5976.8,31345.23,164804.78,544.1879
32088.1,38250.42,884800.0,2397.5942
11187.899,16804.05,308496.1,1902.6345
21.699999,12864.69,598.3576,3.8229122
-10.849999,14691.69,-299.1788,-3.111577
57.35,10240.7705,1581.3738,15.012154
19517.6,48451.17,538179.94,1150.7842
50705.15,50463.48,1398148.1,2871.922
17.05,12824.67,470.13812,2.8012562
-18.599998,10091.13,-512.8779,-6.270139
49.6,20248.38,1367.6746,6.0039067
20994.75,29111.07,578911.0,2061.061
15675.149,21165.36,432227.9,2116.5566
775.0,23738.82,21369.916,92.34511
17.05,13997.43,470.13812,2.4827719
8687.75,17644.47,239556.77,1406.8218
162.75,13971.33,4487.682,32.306747
4964.65,16844.07,136895.67,841.7341
54.25,9625.68,1495.8942,15.114517
32.55,23355.15,897.53644,2.984899
9912.25,27144.871,273321.22,1043.0792
10789.55,7670.79,297511.97,4020.7236
83.7,12374.01,2307.951,18.340336
13.95,12026.01,384.65848,2.3166652
68.2,11338.71,1880.5525,16.197674
1164.0499,15394.65,32097.611,215.19756
97.649994,9169.8,2692.6094,29.448181
31544.049,34124.88,869798.3,2641.9888
21548.1,41284.11,594169.1,1491.365
62.0,14130.54,1709.5933,11.545325
35453.15,18566.67,977588.1,5458.7124
15090.8,22907.1,416115.0,1882.6107
55.8,10680.99,1538.6339,13.937284
10040.899,21660.39,276868.62,1324.4255
8941.95,18432.69,246566.1,1386.0513
62.0,17856.75,1709.5933,8.927463
6395.3,5120.82,176344.55,3569.84
16127.749,24377.4,444707.94,1890.6265
38.75,10680.99,1068.4958,9.373115
35067.2,62291.13,966945.94,1608.622
117.799995,10391.28,3248.227,31.413445
34840.9,33669.87,960705.9,2957.6724
10651.6,10151.16,293708.12,2999.186
179869.75,98812.86,4959744.0,5203.676
79.049995,19047.78,2179.7312,10.866058
137.95,24575.76,3803.845,15.049582
10716.699,24500.94,295503.2,1249.6256
13627.6,54850.02,375768.6,709.38135
3.1,16101.09,85.47966,-0.44950247
9317.05,26252.25,256909.12,1013.7543
99.2,22606.08,2735.349,11.546869
809.1,81110.97,22310.191,27.52145
13627.6,22344.21,375768.6,1742.8268
790.5,8195.4,21797.314,274.79138
25350.25,31470.51,699009.94,2302.1777
65.1,11384.82,1795.0729,15.349474
38900.348,12355.74,1072641.5,9000.89
108.5,8840.07,2991.7883,34.093204
8737.35,34112.7,240924.42,731.3398
27.9,6893.0103,769.31696,10.572955
165.84999,33462.81,4573.1616,13.171049
114847.25,98910.3,3166807.8,3318.9236
127.1,31402.65,3504.6663,10.572528
58.899998,11226.48,1624.1135,14.001014
96.1,15090.15,2649.8696,17.208694
1.55,14688.21,42.73983,-0.6982747
35.649998,16322.94,983.01605,5.2446785
1196.6,28475.97,32995.15,119.148796
32.55,7561.17,897.53644,11.308665
6.2,8739.15,170.95932,1.0284834
44.949997,9702.24,1239.4551,12.246668
8349.85,30257.73,230239.47,788.026
19464.898,40622.04,536726.75,1369.0593
105.399994,38997.75,2906.3083,6.727696
63.55,22508.64,1752.3331,7.0726347
7757.75,17896.77,213912.86,1238.3961
11107.3,20846.07,306273.62,1522.4679
13212.199,24661.89,364314.3,1530.7848
48.05,11870.28,1324.9348,10.573945
79240.65,68541.21,2184988.5,3304.5618
68.2,16421.25,1880.5525,10.874823
26328.299,32206.53,725978.75,2336.372
26.349998,12668.07,726.5771,4.94729
9791.35,5958.63,269987.5,4697.3477
148.79999,9591.75,4103.0234,43.356167
41.85,18786.78,1153.9755,5.369306
13.95,9375.12,384.65848,3.2544785
82.149994,14369.79,2265.211,15.3457985
1185.75,29098.02,32695.97,115.51415
83.7,9454.29,2307.951,24.31311
22495.148,40065.24,620283.1,1604.3514
585.89996,4000.26,16155.655,417.77838
86.799995,18277.83,2393.4304,12.578258
65.1,15362.46,1795.0729,11.116277
2063.05,5933.4,56886.72,993.15735
55.8,27968.76,1538.6339,4.7044
14442.899,19719.42,398249.75,2093.157
1317.5,19108.68,36328.855,196.13734
63.55,23356.02,1752.3331,6.779752
44.949997,10315.59,1239.4551,11.459041
133.3,26461.92,3675.6257,13.403161
39335.9,30099.39,1084651.4,3735.6323
635.5,7404.57,17523.332,244.39445
29.449999,10886.311,812.05676,6.7348795
91166.34,54785.64,2513828.5,4756.9165
-3.1,12417.51,-85.47966,-1.7137994
1805.75,12461.88,49791.906,413.30777
69.75,15260.67,1923.2925,12.0683155
3406.9,25060.35,93942.15,387.706
49.6,17603.58,1367.6746,7.0561886
82.149994,33548.07,2265.211,6.0014663
10682.6,19141.74,294562.9,1594.6753
469.65,42917.1,12950.169,30.28909
19548.6,22819.23,539034.75,2448.4224
77.5,24876.78,2136.9917,7.9075155
-7.75,11133.39,-213.69916,-2.9903216
29329.1,28199.31,808723.06,2972.7825
505.3,13742.5205,13933.185,104.13126
-21.699999,3620.07,-598.3576,-18.139246
79.049995,17664.48,2179.7312,11.795285
10577.199,11291.73,291656.6,2677.2996
91.45,17687.1,2521.65,13.783459
3746.3499,22242.42,103302.17,480.5876
945.5,10480.89,26071.297,256.93625
89.899994,27134.43,2478.9102,8.473009
22741.6,53016.06,627078.8,1225.4858
7.75,16429.08,213.69916,0.3487686
33061.5,22225.02,911640.6,4252.333
40.3,19834.26,1111.2356,4.80949
137.95,25685.88,3803.845,14.355933
27.9,11325.66,769.31696,6.0435185
6.2,15796.59,170.95932,0.12221825
89.899994,6635.49,2478.9102,37.73786
44.949997,18500.55,1239.4551,5.946947
57.35,11224.74,1581.3738,13.608516
137.95,10309.5,3803.845,37.258953
48975.348,39090.84,1350450.4,3581.2139
40670.45,65660.64,1121450.4,1770.0175
0.0,7978.77,0.0,-1.0
20897.1,23772.75,576218.4,2512.365
45931.15,53190.06,1266509.4,2468.0269
542.5,29210.25,14958.941,52.102314
40.3,10794.09,1111.2356,9.675003
127.1,23891.94,3504.6663,14.210487
75.95,12360.96,2094.2517,16.56809
15.5,10987.23,427.39832,3.0335965
11242.149,26734.23,309992.0,1201.3494
29085.75,51517.05,802012.94,1613.2777
128.65,16220.28,3547.406,21.677774
1.55,10442.61,42.73983,-0.5756037
9287.6,16986.75,256097.06,1562.2994
7714.3496,10847.16,212716.14,2032.4443
703.69995,7901.34,19403.883,253.64537
1577.8999,17192.94,43509.145,261.40875
20.15,12640.23,555.6178,3.5579443
150.34999,24972.48,4145.7637,16.214354
1624.3999,9332.49,44791.34,496.67337
10591.149,38324.37,292041.25,789.16364
9393.0,15241.53,259003.38,1761.0763
6758.0,24637.53,186345.67,783.278
41815.9,45854.22,1153035.1,2606.421
139.5,29777.49,3846.585,12.394766
16653.2,38339.16,459196.75,1240.95
93.0,17036.34,2564.39,14.608301
124.0,10919.37,3419.1865,31.46931
80.6,10910.67,2222.4712,20.121881
51.149998,7610.7603,1410.4144,18.21616
134.84999,32102.13,3718.3652,11.010638
26.349998,13549.38,726.5771,4.560453
-23.25,13514.58,-641.0975,-5.9189157
37.199997,10569.63,1025.7559,9.0631075
51.149998,17543.55,1410.4144,7.3363724
26046.2,54092.25,718200.1,1375.7601
71.299995,16701.39,1966.0321,11.206351
32.55,22215.45,897.53644,3.189333
-35.649998,5246.1,-983.01605,-20.42996
20.15,7143.57,555.6178,7.0650816
60.449997,21662.13,1666.8534,6.9789195
44.949997,21945.75,1239.4551,4.856366
68.2,10236.42,1880.5525,18.049572
85.25,18559.71,2350.6907,12.133248
37.199997,8147.55,1025.7559,12.054639
86.799995,23523.06,2393.4304,9.550544
10411.35,28668.24,287083.44,1037.3768
6.2,11100.33,170.95932,0.5969994
23797.148,20261.43,656184.6,3357.179
33214.95,23942.4,915871.8,3965.5679
27.9,11803.29,769.31696,5.7584968
4233.05,15847.92,116722.48,762.7128
12.4,10192.92,341.91864,2.4783401
8940.399,4550.97,246523.33,5615.9673
6175.1997,33691.62,170275.48,523.0565
42843.547,47929.17,1181371.6,2554.8447
49.6,10159.86,1367.6746,12.958632
11604.85,29267.67,319993.12,1132.7058
-1.55,11321.311,-42.73983,-1.391457
34.1,12573.24,940.27625,6.7545414
9828.55,21231.48,271013.28,1322.6042
5214.1997,11935.53,143776.78,1248.0934
62.0,10266.87,1709.5933,16.266432
5978.3496,5054.7,164847.52,3380.6987
4070.2998,16677.9,112234.8,696.80493
21.699999,5627.16,598.3576,10.026036
-21.699999,15756.57,-598.3576,-4.9377394
31.0,13344.93,854.79663,5.641931
3642.5,14198.4,100438.61,732.51526
103.85,15825.3,2863.5686,17.763054
702.14996,77873.7,19361.143,24.780304
1514.35,9293.34,41756.816,464.9115
683.55,17795.85,18848.266,108.82484
18937.9,21397.65,522195.28,2529.5488
21.699999,15617.37,598.3576,2.9728377
52.699997,15863.58,1453.1542,8.498573
1674.0,77685.78,46159.02,60.611664
46.5,17710.59,1282.195,6.507043
11665.3,25342.23,321659.97,1315.1338
122.45,14680.38,3376.4465,22.849016
99.2,18752.85,2735.349,14.124929
79.049995,23445.63,2179.7312,8.640264
10870.149,24040.71,299734.44,1291.8175
5855.9,13689.45,161471.08,1222.085
31.0,12559.32,854.79663,6.057397
23690.2,22474.71,653235.56,3012.8635
42412.65,69523.44,1169490.0,1743.2678
5992.3,42308.1,165232.19,403.9664
36428.098,46513.68,1004471.5,2238.2615
97.649994,16561.32,2692.6094,15.858784
10.849999,12266.13,299.1788,1.52913
55.8,19181.76,1538.6339,7.3175373
37660.348,37647.51,1038449.6,2859.204
10.849999,16381.23,299.1788,0.89379144
51.149998,13569.39,1410.4144,9.777904
251.09999,40239.24,6923.8525,16.842098
15027.25,19061.7,414362.7,2253.0674
-32.55,8692.17,-897.53644,-11.707098
11293.3,15626.94,311402.4,2065.3118
15360.5,40426.29,423551.75,1085.4019
996.64996,32108.22,27481.71,87.75144
96.1,36832.32,2649.8696,6.460077
21.699999,16053.24,598.3576,2.8649685
55.8,28211.49,1538.6339,4.6553197
29.449999,13802.55,812.05676,5.1006336
54.25,26421.03,1495.8942,4.8708234
34689.0,34208.4,956517.44,2898.3992
26.349998,9483.0,726.5771,6.944816
20.15,16029.75,555.6178,2.594159
29910.35,34585.98,824750.5,2471.694
55.8,16396.02,1538.6339,8.730715
8986.899,23593.53,247805.53,1088.0955
-18.599998,16869.3,-512.8779,-4.1525707
21949.549,48802.65,605238.75,1284.9711
74.399994,20430.21,2051.5117,9.412357
13.95,9160.23,384.65848,3.3542843
18116.4,26655.06,499543.16,1942.3063
11111.949,17421.75,306401.84,1822.675
36714.848,41555.55,1012378.3,2525.1648
11609.5,21164.49,320121.34,1567.3923
37328.65,24509.64,1029303.3,4353.66
43.399998,26620.26,1196.7152,3.6615076
54829.7,38314.8,1511878.8,4090.6482
387.5,11501.4,10684.958,95.33187
7.75,10745.37,213.69916,1.0621932
36845.05,56104.56,1015968.56,1876.7163
72.85,14297.58,2008.7721,13.568539
17.05,17155.53,470.13812,1.8416412
14058.5,44708.43,387650.28,898.08044
40978.9,31915.08,1129955.6,3670.2449
86.799995,21087.93,2393.4304,10.768869
41.85,22531.26,1153.9755,4.310788
7945.3,20706.87,219084.38,1096.0966
7412.0996,20253.6,204381.86,1045.3766
49.6,10689.69,1367.6746,12.266779
49.6,11133.39,1367.6746,11.738058
63734.45,50823.66,1757419.1,3584.5623
871.1,18056.85,24019.785,136.93517
747.1,24857.64,20600.598,84.93455
35.649998,6169.17,983.01605,15.522728
52.699997,13104.811,1453.1542,10.498173
14343.699,9477.78,395514.38,4326.1655
9327.899,32892.96,257208.3,809.83014
3997.45,20712.09,110226.02,550.8335
66570.945,52559.31,1835632.9,3620.463
9741.75,34545.09,268619.84,805.30554
31.0,7015.68,854.79663,11.634001
110.049995,16750.11,3034.5278,17.785439
57.35,6591.99,1581.3738,23.875158
27.9,8519.91,769.31696,8.363069
598.3,18002.91,16497.574,94.02224
251.09999,35585.61,6923.8525,19.17536
1390.35,28406.371,38337.63,138.94499
9084.55,14995.32,250498.16,1731.1946
68528.6,71779.35,1889613.5,2728.7402
12255.85,20852.16,337943.84,1679.5111
4949.15,14326.29,136468.28,986.7473
48527.4,37901.55,1338098.6,3659.8254
54031.45,27213.6,1489867.8,5675.8784
35.649998,13853.01,983.01605,6.3580775
4189.65,24152.94,115525.766,494.97153
29302.75,60016.082,807996.5,1395.0138
182.9,12091.26,5043.3,42.2505
89.899994,13210.95,2478.9102,18.456944
353.4,17497.44,9744.682,56.74854
29.449999,19745.52,812.05676,3.2644763
7585.6997,23198.55,209168.73,933.94006
43.399998,12462.75,1196.7152,8.956915
15.5,17555.73,427.39832,1.524421
23.25,10617.48,641.0975,5.2610974
64571.45,73161.78,1780498.6,2522.5112
10434.6,11022.9,287724.53,2705.63
49.6,15775.71,1367.6746,7.989629
40033.4,47905.68,1103884.4,2388.376
12.4,14786.5205,341.91864,1.3977544
18494.6,28965.78,509971.66,1824.6129
176.7,12104.311,4872.341,40.73933
25172.0,66174.81,694094.9,1086.612
34.1,6537.18,940.27625,13.914644
31034.1,34652.97,855736.94,2559.6353
48.05,18355.26,1324.9348,6.4848285
930.0,12655.0205,25643.898,209.12082
62.0,24257.34,1709.5933,6.3079824
21.699999,11975.55,598.3576,4.180996
4236.15,15686.1,116807.96,771.15656
36972.15,57370.41,1019473.2,1841.6199
55127.297,35709.15,1520084.8,4413.039
1036.95,7559.43,28592.947,391.20917
102.299995,20538.09,2820.8289,13.241789
74917.695,88347.63,2065786.9,2423.5908
94.549995,12995.19,2607.1296,19.803091
3406.9,27072.66,93942.15,358.8135
737.8,20150.07,20344.16,103.69142
269.69998,6977.4,7436.7305,109.51884
24.8,16911.93,683.8373,3.1928325
124.0,22002.3,3419.1865,15.113972
15.5,13294.47,427.39832,2.3335707
6603.0,24212.1,182071.69,778.7544
42011.2,40180.95,1158420.4,2988.4678
9544.899,16480.41,263191.88,1654.9695
71.299995,13479.78,1966.0321,14.123616
184.45,31685.4,5086.04,15.644411
4093.5498,16433.43,112875.89,711.23096
27.9,15083.19,769.31696,4.2888346
8308.0,39573.69,229085.5,599.25934
41.85,9263.76,1153.9755,11.916866
54.25,17906.34,1495.8942,7.6624737
120.899994,41472.9,3333.7068,7.335101
20669.25,32880.78,569935.7,1796.3457
15.5,16717.92,427.39832,1.6509311
13915.899,15272.85,383718.2,2604.1948
65.1,10126.8,1795.0729,17.380518
68.2,16706.61,1880.5525,10.671993
49.6,11450.07,1367.6746,11.385756
24035.85,38533.17,662766.56,1782.5024
9873.5,30300.36,272252.72,930.6919
57.35,9836.22,1581.3738,15.670713
29995.6,37650.12,827101.25,2276.929
223.2,7056.57,6154.5356,89.4377
94.549995,15686.1,2607.1296,16.234375
27.9,5227.83,769.31696,14.259198
35.649998,16837.11,983.01605,5.05398
530.1,8320.68,14617.021,181.15788
83.7,32712.871,2307.951,6.315698
21428.75,31030.291,590878.2,1973.5131
-3.1,13142.22,-85.47966,-1.6744379
-3.1,10632.2705,-85.47966,-1.8336518
589.0,17362.59,16241.136,95.995094
285.19998,9375.99,7864.1284,85.972374
51.149998,17639.25,1410.4144,7.2911444
17773.85,31976.85,490097.66,1588.2596
31.0,25058.61,854.79663,2.537152
7297.4,17574.0,201219.12,1186.2618
1770.1,13065.66,48808.887,386.3606
47185.098,48862.68,1301085.9,2760.0647
14670.75,30947.64,404532.5,1354.4196
105.399994,20326.68,2906.3083,13.82597
9862.649,46259.64,271953.53,608.5935
8938.85,14408.07,246480.6,1772.8823
9.299999,6981.75,256.43896,2.8086197
17053.1,19642.86,470223.62,2481.262
12274.449,27836.52,338456.72,1259.7706
49.6,12671.55,1367.6746,10.191826
48.05,9011.46,1324.9348,14.245695
13922.1,45646.29,383889.16,871.0638
10.849999,15733.95,299.1788,0.9717003
16228.499,22601.73,447486.0,2051.9844
23.25,16556.97,641.0975,3.015051
28354.148,9603.06,781839.7,8441.207
-20.15,8861.82,-555.6178,-7.501313
58.899998,15128.43,1624.1135,10.131928
1019.89996,20558.1,28122.809,140.84813
89.899994,30717.09,2478.9102,7.3681335
14456.85,40701.21,398634.4,1014.58276
13.95,18178.65,384.65848,1.1941259
62.0,17679.27,1709.5933,9.027123
65.1,16656.15,1795.0729,10.1752
139.5,15907.08,3846.585,24.074528
7311.3496,8812.23,201603.78,2371.2512
68.2,20149.2,1880.5525,8.677775
141.05,12896.88,3889.3247,30.270687
16543.15,31990.77,456162.25,1477.5721
32277.2,56471.7,890014.25,1633.233
57.35,10299.06,1581.3738,14.921532
88243.05,119892.09,2433221.2,2103.4517
10899.6,21750.0,300546.5,1431.8485
2424.2,12031.23,66845.09,575.1126
182.9,5828.13,5043.3,88.729126
47141.7,75503.82,1299889.2,1784.1936
55.8,24895.05,1538.6339,5.4087033
34.1,14823.93,940.27625,5.577184
80.6,15391.17,2222.4712,13.973123
-35.649998,9500.4,-983.01605,-11.729181
74.399994,14081.82,2051.5117,14.106473
86637.25,79263.96,2388943.0,3124.2007
26.349998,19435.8,726.5771,2.8763871
-20.15,9029.73,-555.6178,-7.3804197
5759.8,16443.87,158821.2,1000.50323
10499.699,24618.39,289519.6,1218.4562
12165.949,19355.76,335464.9,1796.1519
66.65,16202.88,1837.8129,10.761344
63.55,28469.88,1752.3331,5.3823247
60.449997,6974.79,1666.8534,23.780733
23.25,8046.63,641.0975,7.2614813
51.149998,11668.44,1410.4144,11.533772
88.35,16850.16,2436.1704,13.991721
16910.5,26883.871,466291.56,1797.5132
54.25,19554.12,1495.8942,6.9325075
9772.75,19806.42,269474.66,1409.7817
89.899994,15053.61,2478.9102,16.075287
44847.7,56055.84,1236634.2,2286.5378
58.899998,21799.59,1624.1135,6.7253103
68.2,14425.47,1880.5525,12.517717
91.45,26500.2,2521.65,8.866964
18844.9,27902.64,519630.88,1930.0677
6091.5,13250.1,167967.55,1313.4803
3616.15,8231.94,99712.02,1255.0103
26.349998,15309.39,726.5771,3.921208
54.25,12299.19,1495.8942,11.611659
25920.648,30151.59,714738.2,2457.0156
22214.6,43274.67,612547.25,1466.7554
9.299999,15197.16,256.43896,0.74972355
19855.5,34770.42,547497.25,1631.7506
58.899998,18067.291,1624.1135,8.321187
31914.498,52191.3,880013.06,1747.3922
45866.047,51715.41,1264714.2,2534.831
8004.1997,23336.88,220708.48,979.6728
105.399994,18788.52,2906.3083,15.039728
32.55,14936.16,897.53644,5.2310467
32.55,15254.58,897.53644,5.1009817
-31.0,15700.89,-854.79663,-6.645292
16738.45,8002.2603,461547.44,5979.694
19049.5,53046.51,525272.56,1025.7761
2822.5498,25569.3,77829.23,314.62524
-6.2,19529.76,-170.95932,-1.9077029
40.3,11593.62,1111.2356,8.938823
16053.35,57677.52,442656.44,794.8076
10.849999,9373.38,299.1788,2.3096533
14740.5,25709.371,406455.8,1638.3427
46.5,17380.86,1282.195,6.6494584
22068.898,20617.26,608529.7,3059.5447
46.5,5948.19,1282.195,21.352037
-17.05,10359.09,-470.13812,-5.7059984
54.25,7676.0103,1495.8942,19.20753
92646.59,80688.15,2554645.0,3281.9834
21388.45,8828.76,589766.94,6925.735
82.149994,28475.1,2265.211,7.24881
-1.55,7713.42,-42.73983,-1.5745578
162.75,13110.9,4487.682,34.49257
10563.25,4841.55,291271.97,6237.241
279.0,19190.46,7693.17,40.56883
13545.449,43808.85,373503.38,883.05756
18406.25,26790.78,507535.5,1963.3956
767.25,44842.41,21156.217,47.921185
12581.35,38342.64,346919.22,937.1974
17.05,4771.95,470.13812,9.2159195
23017.5,36686.16,634686.5,1792.9275
12041.949,20415.42,332045.72,1685.5044
8568.399,11936.4,236265.78,2051.463
21552.75,39827.73,594297.4,1546.2701
125.549995,43004.1,3461.9263,7.3474884
22874.898,34688.64,630754.4,1884.4753
-24.8,13817.34,-683.8373,-6.131877
49.6,23030.64,1367.6746,5.1577864
147.25,5068.62,4060.284,82.06433
434.0,21034.86,11967.153,57.992817
13968.6,22127.58,385171.34,1803.9615
34467.348,25508.4,950405.56,3862.4353
12.4,10021.53,341.91864,2.5378273
85.25,7309.74,2350.6907,32.34582
10019.199,37378.68,276270.25,765.4045
26.349998,16147.2,726.5771,3.6658669
24331.898,34278.87,670929.8,2028.544
94.549995,16355.13,2607.1296,15.529377
40.3,13045.65,1111.2356,7.832594
-6.2,10242.51,-170.95932,-2.7307498
7094.3496,29641.77,195620.2,683.3172
11598.649,21254.1,319822.16,1559.3201
29.449999,16543.05,812.05676,4.0900106
337.9,23509.14,9317.283,40.09608
-13.95,12167.82,-384.65848,-4.2780113
48.05,16831.89,1324.9348,7.162242
21.699999,8287.62,598.3576,6.4865003
54704.15,21427.23,1508416.9,7298.67
37.199997,16875.39,1025.7559,5.3028655
57.35,38950.77,1581.3738,3.2098475
12643.35,18243.9,348628.8,1980.4972
-24.8,14792.61,-683.8373,-5.7935343
12099.3,23481.3,333627.12,1472.286
74.399994,21419.4,2051.5117,8.931494
4.6499996,10619.22,128.21948,0.25201428
113.149994,23416.92,3120.0076,12.815727
27906.2,30055.02,769487.94,2653.8054
18731.75,60846.93,516510.88,879.2148
5170.8,9436.0205,142580.08,1565.8154
4724.4,20084.82,130271.01,671.5548
13585.75,23871.93,374614.62,1626.2156
2475.3499,45937.742,68255.51,153.06924
11173.949,35529.93,308111.44,898.2105
-44.949997,22420.77,-1239.4551,-6.73229
1850.7,11651.04,51031.36,453.17194
141.05,23322.96,3889.3247,16.291729
54.25,8001.39,1495.8942,18.385782
37971.9,52149.54,1047040.4,2080.9048
7720.55,29514.75,212887.1,746.9251
20934.299,39135.21,577244.1,1528.4657
5731.9,36124.14,158051.89,452.68042
25681.95,41293.68,708156.25,1777.2523
9.299999,11403.09,256.43896,1.331897
21.699999,15204.12,598.3576,3.0808196
56032.5,71004.18,1545044.9,2255.3428
-15.5,11739.78,-427.39832,-4.7750325
-38.75,10430.43,-1068.4958,-11.622299
4502.75,25752.0,124159.21,498.93768
2442.7998,13317.09,67357.97,523.47833
32.55,14210.58,897.53644,5.5491986
41.85,18149.94,1153.9755,5.59279
54.25,17284.291,1495.8942,7.97423
134.84999,20926.98,3718.3652,17.4244
-20.15,11312.61,-555.6178,-6.0928535
86.799995,26074.77,2393.4304,8.518055
9489.1,19775.1,261653.23,1371.0038
75.95,14651.67,2094.2517,13.821413
11956.699,25184.76,329695.03,1356.4457
58923.25,32398.8,1624754.8,5199.041
20539.049,40515.9,566345.5,1448.4521
24801.549,24886.35,683880.0,2848.4863
44.949997,12675.9,1239.4551,9.139111
20.15,9170.67,555.6178,5.2823625
151.9,42423.81,4188.5034,9.237576
731.6,21116.64,20173.2,98.05989
71.299995,17379.12,1966.0321,10.730343
18400.049,46745.1,507364.5,1124.4646
33807.05,31870.71,932198.5,3031.9448
17618.85,20653.8,485823.66,2438.0828
9710.75,7855.23,267765.06,3533.6213
7949.9497,23521.32,219212.6,965.38837
14707.949,26568.06,405558.25,1581.8556
9.299999,17052.87,256.43896,0.559317
5040.5996,13272.72,138989.92,1084.8536
41.85,14125.32,1153.9755,7.471224
35662.4,91933.77,983358.0,1108.1351
44.949997,23543.94,1239.4551,4.45883
108.5,17129.43,2991.7883,17.110725
54.25,16071.51,1495.8942,8.65144
21295.45,39805.11,587202.56,1528.6674
62.0,23341.23,1709.5933,6.59481
25492.85,20803.44,702942.0,3502.7427
29944.45,37180.32,825690.8,2301.7788
1894.1,5879.46,52228.074,920.1163
6.2,9162.84,170.95932,0.9346863
26.349998,8318.94,726.5771,8.056524
70928.0,60457.17,1955774.8,3353.431
69695.75,79269.18,1921796.5,2512.917
80.6,18522.3,2222.4712,11.441969
9.299999,7328.0103,256.43896,2.6286564
16609.799,26394.93,458000.0,1798.2556
4803.4497,24671.46,132450.73,555.68225
33625.7,32623.26,927197.9,2946.087
-3.1,19574.13,-85.47966,-1.4528227
10882.55,17885.46,300076.34,1738.7207
24.8,17696.67,683.8373,3.0069056
21532.6,36256.38,593741.75,1697.0914
1284.95,22816.621,35431.32,160.02151
40.3,12726.36,1111.2356,8.054194
56368.848,55617.36,1554319.4,2896.8625
23.25,13177.89,641.0975,4.0445924
46.5,20458.92,1282.195,5.4985914
9.299999,9951.06,256.43896,1.6721606
9065.95,16691.82,249985.28,1551.9541
11352.199,30218.58,313026.5,1073.1252
38201.297,18407.46,1053365.9,5932.8047
29629.799,39205.68,817014.6,2159.8704
10902.699,20864.34,300631.97,1493.0956
37725.45,33465.42,1040244.75,3222.199
4904.1997,30148.98,135228.83,464.09808
-55.8,15793.11,-1538.6339,-11.102189
50849.297,73380.15,1402122.9,1980.3234
9056.649,22156.291,249728.83,1167.7443
51.149998,8853.99,1410.4144,15.517927
13.95,8624.31,384.65848,3.6248631
23.25,10435.65,641.0975,5.37019
804.44995,36183.3,22181.97,62.568188
15.5,9241.14,427.39832,3.7957344
8435.1,26210.49,232590.16,919.1615
75.95,11508.36,2094.2517,17.869627
158.09999,24987.27,4359.4624,17.090977
2035.1499,10547.01,56117.4,550.7166
5418.8,15695.67,149418.45,986.1253
333.25,31407.0,9189.063,29.3384
23.25,15479.91,641.0975,3.2944098
16992.65,24495.72,468556.78,1982.4437
3.1,16772.73,85.47966,-0.47154635
17206.549,30919.8,474454.84,1590.1316
22547.85,26176.56,621736.3,2461.87
3.1,10753.2,85.47966,-0.17572343
57.35,18177.78,1581.3738,8.020728
49.6,12391.41,1367.6746,10.444845
67879.15,53357.97,1871705.4,3636.3584
51.149998,9058.44,1410.4144,15.145117
17.05,14315.85,470.13812,2.4053066
24.8,15228.48,683.8373,3.6563334
41.85,11504.88,1153.9755,9.400695
9924.649,20632.05,273663.12,1374.3771
24618.648,33970.02,678836.7,2071.1318
14996.25,28689.99,413507.88,1493.5184
48.05,25323.09,1324.9348,4.425324
54.25,20285.791,1495.8942,6.646396
830.8,9343.8,22908.549,253.22714
13773.3,24707.13,379786.16,1592.9133
1.55,9280.29,42.73983,-0.5224497
43.399998,14747.37,1196.7152,7.414418
57.35,20297.1,1581.3738,7.078829
16738.45,35496.0,461547.44,1347.2946
24338.1,31592.31,671100.8,2201.6943
-34.1,7990.95,-940.27625,-13.201266
15802.25,24916.8,435732.6,1812.325
12.4,18799.83,341.91864,0.88589156
20.15,7988.34,555.6178,6.2121954
133.3,11192.55,3675.6257,33.05259
46.5,7609.02,1282.195,16.47323
12998.3,21164.49,358416.22,1755.0131
14754.449,24251.25,406840.44,1738.5537
-13.95,15015.33,-384.65848,-3.6563683
7505.0996,5072.1,206946.25,4229.7524
29147.75,43774.92,803722.56,1902.8322
27.9,12544.53,769.31696,5.3591456
16998.85,25387.47,468727.72,1913.4724
28303.0,47861.31,780429.3,1689.8181
17834.299,13084.8,491764.47,3896.0679
16101.399,39903.42,443981.38,1152.7255
-37.199997,15485.13,-1025.7559,-7.868739
21.699999,14926.59,598.3576,3.1566944
4524.4497,15636.51,124757.56,826.3227
1030.75,22457.31,28421.988,130.23346
52.699997,17365.2,1453.1542,7.677204
2772.95,9604.8,76461.555,824.47266
114.7,24502.68,3162.7476,12.384397
48377.047,72918.18,1333952.9,1895.9354
165.84999,9789.24,4573.1616,47.44126
10305.949,45808.11,284177.12,642.272
28228.6,37812.81,778377.8,2133.5159
13.95,13533.72,384.65848,1.9471755
-6.2,20207.49,-170.95932,-1.87726
306.9,8587.7705,8462.486,101.17989
55979.797,50150.28,1543591.8,3190.5889
65.1,22380.75,1795.0729,7.316782
61648.15,29965.41,1699891.2,5881.3223
38.75,10525.26,1068.4958,9.526594
22966.35,34185.78,633276.06,1919.8588
268.15,15585.18,7393.9907,48.19432
132297.14,118012.02,3647972.8,3204.3333
556.45,19427.1,15343.6,80.89684
44.949997,20130.06,1239.4551,5.3845983
42727.297,80851.71,1178166.1,1510.0026
128.65,9141.96,3547.406,39.23643
66.65,10441.74,1837.8129,17.250565
64467.598,53491.95,1777635.0,3444.895
10.849999,6995.67,299.1788,3.4345484
13387.35,22415.55,369143.9,1706.6316
55152.098,39160.44,1520768.6,4025.8315
94929.75,60480.66,2617601.0,4486.8135
68.2,20498.07,1880.5525,8.5130625
49.6,20852.16,1367.6746,5.801107
13652.399,28072.291,376452.44,1389.5293
11235.949,16683.12,309821.03,1924.6686
68235.65,29545.2,1881535.6,6602.4883
20453.799,16578.72,563994.8,3526.5403
181.34999,26550.66,5000.56,18.529503
604.5,8289.36,16668.535,207.50876
103.85,12257.43,2863.5686,23.22457
82.149994,14883.09,2265.211,14.78205
40.3,13935.66,1111.2356,7.2684956
423.15,11983.38,11667.974,99.96341
26388.75,43497.39,727645.6,1733.621
7.75,13230.96,213.69916,0.674786
85.25,21013.11,2350.6907,10.599868
1760.7999,19331.4,48552.445,259.4328
7960.8,10932.42,219511.77,2081.0415
35.649998,7644.69,983.01605,12.333636
20402.648,36120.66,562584.4,1614.0273
29.449999,10350.39,812.05676,7.135375
23.25,13618.11,641.0975,3.8815203
68.2,12570.63,1880.5525,14.512304
158.09999,42389.01,4359.4624,9.664182
100.75,18862.47,2778.089,14.271984
4.6499996,14814.36,128.21948,-0.10253197
14363.85,42041.88,396070.0,975.8721
133.3,36725.31,3675.6257,9.378
15120.25,15835.74,416927.06,2729.0437
60.449997,18937.291,1666.8534,8.1269865
6537.9,26077.38,180276.61,715.84174
55.8,12050.37,1538.6339,12.239841
-32.55,11123.82,-897.53644,-9.366542
14142.199,17568.78,389958.22,2300.571
58.899998,17738.43,1624.1135,8.493998
51.149998,21158.4,1410.4144,5.9121284
33058.4,64020.69,911555.1,1475.4218
1201.25,24045.93,33123.37,141.83704
30865.148,34907.88,851078.25,2527.098
37.199997,11313.48,1025.7559,8.401468
5581.55,21138.39,153906.12,753.97375
66693.4,67828.68,1839009.5,2810.3733
82.149994,43383.42,2265.211,4.4141808
13.95,20371.92,384.65848,0.95790327
12744.1,14337.6,351406.88,2540.4507
43.399998,16309.0205,1196.7152,6.6087065
40.3,16082.82,1111.2356,6.164598
60.449997,17141.61,1666.8534,9.083092
1925.1,68929.23,53082.87,78.8544
37040.348,24409.59,1021353.7,4337.7393
7.75,8097.09,213.69916,1.7366657
17149.2,66679.414,472873.47,734.36176
62832.348,43417.35,1732544.5,4136.795
-10.849999,8730.45,-299.1788,-4.5533834
26102.0,50375.61,719738.75,1480.5027
11218.899,22448.61,309350.88,1427.9261
49.6,20169.21,1367.6746,6.0313993
12170.6,25060.35,335593.16,1387.5894
108.5,17254.71,2991.7883,16.979229
4763.15,23862.36,131339.5,569.7289
-17.05,12363.57,-470.13812,-4.943024
57480.2,48967.082,1584963.9,3355.3174
86.799995,8060.55,2393.4304,29.789598
103.85,11992.95,2863.5686,23.758791
10412.899,20880.0,287126.2,1424.9037
63887.9,45263.492,1761650.4,4034.7063
20861.45,15994.95,575235.4,3728.1562
23.25,11086.41,641.0975,4.9962673
19238.6,26852.55,530486.8,2047.5046
31.0,13256.19,854.79663,5.686394
18.599998,6470.19,512.8779,7.219489
26960.7,23798.85,743416.6,3238.0989
11366.149,19159.14,313411.2,1695.2362
12173.699,27120.51,335678.62,1282.4344
27.9,11136.0,769.31696,6.163479
3537.0999,13155.2705,97532.29,767.7702
96.1,20582.46,2649.8696,12.349811
69.75,13866.93,1923.2925,13.381788
9833.199,20764.291,271141.47,1353.0251
48.05,22187.61,1324.9348,5.1920133
25092.95,28013.13,691915.1,2560.1738
27.9,18838.98,769.31696,3.234438
29.449999,10483.5,812.05676,7.0320787
11107.3,25301.34,306273.62,1254.203
11118.149,21531.63,306572.8,1475.402
12.4,17482.65,341.91864,1.0279787
31889.7,26171.34,879329.3,3482.9626
40.3,19055.61,1111.2356,5.046878
44.949997,18410.07,1239.4551,5.9810896
13663.25,28847.46,376751.62,1353.2393
1594.95,10262.5205,43979.285,443.3672
48.05,32270.041,1324.9348,3.2573843
31.0,11671.92,854.79663,6.5939612
22847.0,32272.65,629985.1,2023.1539
69.75,6878.22,1923.2925,27.9946
34468.9,33889.98,950448.3,2907.0715
1897.2,5495.79,52313.555,986.0337
32.55,11280.42,897.53644,7.250394
120.899994,27088.32,3333.7068,11.76125
48301.098,41840.04,1331858.6,3299.7598
54.25,12665.46,1495.8942,11.246945
9140.35,28678.68,252036.78,910.2817
86.799995,26520.21,2393.4304,8.358187
77.5,26531.52,2136.9917,7.351964
57.35,12030.36,1581.3738,12.630249
12479.05,8291.1,344098.38,4302.466
15058.25,25236.96,415217.47,1705.0292
86.799995,11301.3,2393.4304,20.960403
51801.0,21400.26,1428365.2,6919.9883
0.0,10273.83,0.0,-1.0
14918.75,26743.8,411370.88,1593.9912
9744.85,16309.89,268705.3,1707.3353
34585.15,34690.38,953653.8,2849.556
12.4,10292.97,341.91864,2.44453
8824.149,20200.53,243317.84,1247.9904
25443.25,98918.13,701574.4,734.4374
14841.25,39269.19,409233.9,1079.6064
203.04999,4144.68,5598.9175,139.07509
71.299995,28549.05,1966.0321,6.140799
54.25,17139.87,1495.8942,8.049848
93.0,23305.56,2564.39,10.409652
23056.25,49170.66,635755.0,1339.7001
27.9,9064.53,769.31696,7.8005114
4.6499996,12399.24,128.21948,0.07227659
19060.35,22227.63,525571.7,2450.8093
38.75,12802.92,1068.4958,7.6538963
24579.898,24607.95,677768.2,2854.97
-38.75,8996.67,-1068.4958,-13.315128
33751.25,45386.16,930659.9,2125.2554
43421.7,50693.16,1197313.6,2448.0996
91.45,12953.43,2521.65,19.18589
46162.098,49081.92,1272877.6,2688.1372
105.399994,12436.65,2906.3083,23.231827
37596.8,37820.64,1036697.4,2841.3071
12071.399,25465.77,332857.78,1354.3447
28840.85,31418.31,795260.06,2623.667
63653.848,46257.03,1755196.6,3933.5574
-23.25,10036.32,-641.0975,-7.6236506
91.45,20100.48,2521.65,12.008471
38.75,12387.93,1068.4958,7.943798
-21.699999,16854.51,-598.3576,-4.6812267
71.299995,8629.53,1966.0321,22.623886
-12.4,22046.67,-341.91864,-2.608154
69.75,14875.26,1923.2925,12.406908
9712.3,8735.67,267807.78,3177.8853
478.94998,14081.82,13206.607,96.247925
17290.25,15505.14,476762.8,3187.413
220.09999,15062.311,6069.0557,40.780865
74.399994,18124.71,2051.5117,10.73683
74.399994,8666.07,2051.5117,23.54707
461.9,48047.492,12736.47,26.486929
0.0,14854.38,0.0,-1.0
20298.799,29863.621,559720.8,1942.4656
1350.0499,17681.88,37226.39,217.30836
100.75,30809.31,2778.089,8.35001
60761.547,65977.32,1675444.1,2632.1958
13954.649,23556.121,384786.7,1692.8079
-20.15,15339.84,-555.6178,-4.7558064
12537.949,18037.71,345722.47,1986.4402
16414.5,47322.78,452614.8,990.7595
-9.299999,10216.41,-256.43896,-3.6027567
336.34998,11019.42,9274.543,86.27335
82.149994,12546.2705,2265.211,17.721554
8086.3496,22720.05,222973.69,1016.6354
41.85,5211.3,1153.9755,21.961403
7449.3,30946.77,205407.62,687.2546
55.8,11729.34,1538.6339,12.602214
-17.05,17193.81,-470.13812,-3.8353143
19402.898,35122.77,535017.2,1578.5264
16335.449,27726.9,450435.06,1683.5299
105.399994,18698.041,2906.3083,15.117344
68.2,13244.01,1880.5525,13.723595
50987.25,122350.71,1405926.8,1190.5276
27010.299,41658.21,744784.3,1852.8636
3312.3499,19967.37,91335.016,473.31226
12.4,17808.9,341.91864,0.9908271
589.0,14843.94,16241.136,112.45276
22831.5,40576.8,629557.75,1607.8134
7.75,8172.7803,213.69916,1.7113206
29.449999,13651.17,812.05676,5.1682844
13745.399,40590.72,379016.8,967.2324
21.699999,14078.34,598.3576,3.407144
28777.299,33986.55,793507.7,2419.984
72.85,18276.09,2008.7721,10.397123
67032.85,50982.0,1848369.6,3758.4111
-9.299999,20151.81,-256.43896,-2.3195257
48702.547,74617.29,1342928.1,1865.213
11747.449,11202.99,323925.16,2997.1863
4375.65,39207.42,120654.55,318.0974
6.2,6662.46,170.95932,1.6607621
7438.4497,17423.49,205108.45,1219.6644
33125.05,33757.74,913393.0,2804.6418
5449.8,32645.01,150273.25,476.32343
88.35,11519.67,2436.1704,20.928833
5573.8,12133.89,153692.44,1312.41
12162.85,24160.77,335379.44,1438.3737
40.3,10929.811,1111.2356,9.542446
7422.9497,13377.99,204681.05,1585.4801
63086.547,89134.984,1739553.9,2022.66
35.649998,19130.43,983.01605,4.32824
-6.2,8700.0,-170.95932,-3.0376117
4228.4,13181.37,116594.26,916.201
13.95,8809.62,384.65848,3.5275784
31.0,15393.78,854.79663,4.757917
23721.2,47907.42,654090.4,1414.7379
97.649994,14488.11,2692.6094,18.271233
69.75,17065.05,1923.2925,10.686531
12985.899,29639.16,358074.3,1251.7233
82.149994,19929.09,2265.211,10.786071
11228.199,16663.98,309607.3,1925.5503
-52.699997,10607.91,-1453.1542,-15.204624
4.6499996,10255.56,128.21948,0.29641044
41.85,15459.9,1153.9755,6.739943
257.3,11122.95,7094.812,65.1407
25460.299,33117.42,702044.44,2197.143
14413.449,17607.06,397437.7,2339.6155
37193.8,45304.38,1025585.06,2346.3584
7579.5,14047.0205,208997.78,1541.7847
12068.3,27110.94,332772.3,1271.7717
35615.9,32884.26,982075.8,3095.7402
5872.9497,23784.06,161941.22,705.02374
51.149998,13912.17,1410.4144,9.512348
1317.5,13043.04,36328.855,287.81567
5846.5996,11543.16,161214.64,1447.197
25765.648,48588.63,710464.2,1515.1963
10436.149,20260.56,287767.28,1471.7798
6516.1997,84718.86,179678.25,218.91927
29.449999,17347.8,812.05676,3.853889
96.1,28891.83,2649.8696,8.510368
11657.55,36655.71,321446.28,908.31555
16713.65,31085.97,460863.62,1536.2903
13421.449,54415.02,370084.2,704.2281
18637.2,26387.97,513903.72,2018.406
41.85,14576.85,1153.9755,7.2088213
68.2,10460.01,1880.5525,17.642376
80.6,9234.18,2222.4712,23.956615
136.4,8942.73,3761.105,42.610714
54.25,13391.91,1495.8942,10.582604
34374.348,62545.17,947841.2,1570.4105
232.5,13491.09,6410.9746,48.274803
40.3,15773.97,1111.2356,6.304879
-3.1,10660.98,-85.47966,-1.8314067
193.75,13979.16,5342.479,38.62868
4564.75,16951.95,125868.805,768.9213
-1.55,9454.29,-42.73983,-1.4687613
8698.6,18659.76,239855.92,1331.8838
10129.25,27382.38,279304.8,1056.682
