FITC-A_raw,FSC-A,Normalised_FITC_A,FITC_fluorescence
6795.1997,21796.11,187371.42,890.39923
66.65,21054.0,1837.8129,8.051374
103.85,19137.39,2863.5686,14.51575
74.399994,10995.93,2051.5117,18.345945
43.399998,13175.28,1196.7152,8.418437
120.899994,12430.561,3333.7068,26.808949
153.45,42806.61,4231.243,9.249556
18.599998,10334.73,512.8779,4.1459165
72.85,17624.46,2008.7721,10.81851
66.65,12773.34,1837.8129,13.919171
122.45,21816.121,3376.4465,15.048344
49.6,16287.2705,1367.6746,7.7072763
108.5,23194.2,2991.7883,12.375171
60.449997,12575.85,1666.8534,12.743835
130.2,27899.16,3590.1458,12.343471
89.899994,21416.791,2478.9102,11.002018
181.34999,36488.67,5000.56,13.210471
85.25,11543.16,2350.6907,20.11634
144.15,27202.291,3974.8042,14.151588
175.15,31247.791,4829.601,15.026543
170.5,13613.76,4701.3813,34.809254
40.3,16208.97,1111.2356,6.108838
145.7,23520.45,4017.5442,16.71181
108.5,18695.43,2991.7883,15.593702
72.85,21339.36,2008.7721,8.761064
83.7,23014.11,2307.951,9.398729
49.6,23140.26,1367.6746,5.1286163
91.45,22769.64,2521.65,10.483559
68.2,14073.99,1880.5525,12.855305
54.25,17131.17,1495.8942,8.054442
58.899998,18286.53,1624.1135,8.2094345
71.299995,16349.91,1966.0321,11.468756
41.85,12966.48,1153.9755,8.228313
108.5,18374.4,2991.7883,15.883619
136.4,21187.11,3761.105,17.407364
91.45,23993.73,2521.65,9.897701
77.5,20712.96,2136.9917,9.698146
122.45,23030.64,3376.4465,14.202035
88.35,24818.49,2436.1704,9.178415
-3.1,13976.55,-85.47966,-1.6341773
71.299995,20064.81,1966.0321,9.160227
72.85,19562.82,2008.7721,9.647487
35.649998,14716.05,983.01605,5.9265547
27.9,23769.27,769.31696,2.3561192
110.049995,18929.46,3034.5278,15.622669
96.1,21877.89,2649.8696,11.559343
249015.25,262143.0,6866367.5,2715.043
83.7,23092.41,2307.951,9.36347
20.15,12146.94,555.6178,3.743044
959.44995,27675.57,26455.955,98.12307
147.25,35911.86,4060.284,10.723745
62.0,10897.62,1709.5933,15.267057
134.84999,22269.39,3718.3652,16.313768
96.1,19746.39,2649.8696,12.915046
40.3,14286.2705,1111.2356,7.065572
35.649998,19727.25,983.01605,4.167042
91.45,26202.66,2521.65,8.979006
131.75,16256.82,3632.8857,22.172026
280.55,23364.72,7735.909,33.331963
66.65,14689.08,1837.8129,11.973422
13.95,12399.24,384.65848,2.21683
40.3,13995.69,1111.2356,7.2330294
751.75,26071.291,20728.818,81.44416
182.9,42333.332,5043.3,11.353221
66.65,16352.5205,1837.8129,10.653717
120.899994,39943.44,3333.7068,7.654258
34.1,13223.13,940.27625,6.3734217
151.9,41565.12,4188.5034,9.449072
396.8,60181.38,10941.396,17.852047
117.799995,24523.56,3248.227,12.734433
17.05,15520.8,470.13812,2.140937
69.75,15456.42,1923.2925,11.90281
246.45,54911.79,6795.6333,11.832528
86.799995,20438.91,2393.4304,11.142579
13.95,19012.11,384.65848,1.097939
74.399994,19973.46,2051.5117,9.650465
113.149994,18655.41,3120.0076,16.341982
119.35,24618.39,3290.967,12.861548
82.149994,20277.96,2265.211,10.583299
113.149994,17356.5,3120.0076,17.639805
117.799995,23918.041,3248.227,13.082139
-40.3,12742.89,-1111.2356,-10.04245
110.049995,13916.5205,3034.5278,21.610405
392.15,21384.6,10813.178,51.43244
60.449997,13107.42,1666.8534,12.186455
75.95,10077.21,2094.2517,20.549463
110.049995,24392.19,3034.5278,11.899956
65.1,15216.3,1795.0729,11.23266
110.049995,21954.45,3034.5278,13.332319
102.299995,12154.7705,2820.8289,23.064556
9.299999,18876.39,256.43896,0.408682
18.599998,11272.59,512.8779,3.7177854
103.85,21509.01,2863.5686,12.804956
106.95,16506.51,2949.0483,17.525696
147.25,20208.36,4060.284,19.834028
122.45,18865.95,3376.4465,17.55791
97.649994,23463.9,2692.6094,10.89929
75.95,21360.24,2094.2517,9.16648
86.799995,22506.03,2393.4304,10.027316
80.6,23482.17,2222.4712,8.813994
96.1,29326.83,2649.8696,8.369303
2579.2,168513.78,71119.08,42.762142
97.649994,17847.18,2692.6094,14.644138
12.4,13578.09,341.91864,1.611151
297.59998,63893.67,8206.047,12.31754
131.75,22686.121,3632.8857,15.605019
133.3,18709.35,3675.6257,19.37138
52.699997,11406.57,1453.1542,12.210051
181.34999,25256.97,5000.56,19.529825
106.95,32090.82,2949.0483,8.529036
141.05,18744.15,3889.3247,20.515743
224.75,51395.25,6197.276,11.50333
35.649998,19019.94,983.01605,4.3591924
17153.85,25604.97,473001.72,1914.5184
80.6,22155.42,2222.4712,9.401693
97.649994,21729.99,2692.6094,11.848775
63.55,11380.47,1752.3331,14.966304
103.85,22118.01,2863.5686,12.42485
18.599998,17011.98,512.8779,2.1261299
19771.799,27236.22,545189.25,2074.6223
176.7,32165.64,4872.341,14.707003
127.1,26922.15,3504.6663,12.498478
43.399998,10732.32,1196.7152,10.562323
105.399994,19119.99,2906.3083,14.761658
15.5,15450.33,427.39832,1.8684211
130.2,24440.041,3590.1458,14.2320385
69.75,13584.18,1923.2925,13.681141
77.5,20201.4,2136.9917,9.969055
119.35,23763.18,3290.967,13.360412
60.449997,24647.97,1666.8534,6.0123587
3534.0,5768.1,97446.82,1750.7928
103.85,20595.51,2863.5686,13.417266
173.59999,37226.43,4786.861,12.333595
106.95,26688.99,2949.0483,10.457705
108.5,23055.0,2991.7883,12.455926
133.3,18463.14,3675.6257,19.643036
136.4,23055.871,3761.105,15.915382
83.7,21595.14,2307.951,10.082006
646.35,76560.0,17822.51,23.138752
41.85,11633.64,1153.9755,9.285582
68.2,13833.87,1880.5525,13.095797
35.649998,11656.26,983.01605,7.744788
254.2,19186.11,7009.3325,36.882412
127.1,24661.02,3504.6663,13.736133
103.85,20045.67,2863.5686,13.812723
244.9,35469.9,6752.893,18.741394
48.05,11524.0205,1324.9348,10.921705
168.95,41707.8,4658.6416,10.582169
40.3,14061.811,1111.2356,7.194318
125.549995,14246.25,3461.9263,24.197945
75.95,22701.78,2094.2517,8.565702
584.35,88780.02,16112.916,17.819443
55.8,15345.93,1538.6339,9.396567
139.5,24585.33,3846.585,15.223597
189.09999,30396.06,5214.2593,16.787838
43.399998,15077.1,1196.7152,7.230399
27.9,12802.92,769.31696,5.230805
127.1,33648.12,3504.6663,9.800248
44.949997,14391.54,1239.4551,7.9304104
93.0,20797.35,2564.39,11.785684
117.799995,18448.35,3248.227,17.257309
108.5,20979.18,2991.7883,13.787346
83.7,13853.88,2307.951,16.274403
83.7,18424.86,2307.951,11.988838
117.799995,25150.83,3248.227,12.391892
83.7,23965.89,2307.951,8.985754
63.55,22876.65,1752.3331,6.942773
55.8,13792.11,1538.6339,10.567844
86.799995,19622.85,2393.4304,11.647555
91.45,27574.65,2521.65,8.482496
120.899994,18341.34,3333.7068,17.847086
93.0,17894.16,2564.39,13.860062
120.899994,25116.9,3333.7068,12.762877
29.449999,16187.22,812.05676,4.2019
2481.5498,9278.55,68426.47,763.7014
145.7,21851.791,4017.5442,18.064327
40.3,13226.61,1111.2356,7.711751
105.399994,24930.72,2906.3083,11.088008
55.8,11256.061,1538.6339,13.174141
196.84999,56601.332,5427.9585,8.943923
35.649998,21529.89,983.01605,3.7344189
60.449997,15973.2,1666.8534,9.82065
93.0,11484.87,2564.39,22.152924
125.549995,21150.57,3461.9263,15.972414
100.75,21822.21,2778.089,12.20065
60.449997,16934.55,1666.8534,9.206377
153.45,19692.45,4231.243,21.280048
156.54999,25558.86,4316.7227,16.513
97.649994,16449.96,2692.6094,15.972912
153.45,23965.02,4231.243,17.30788
184.45,26816.01,5086.04,18.666792
99.2,16720.53,2735.349,15.963312
103.85,10925.46,2863.5686,26.17789
182.9,23423.01,5043.3,21.326466
63.55,11547.51,1752.3331,14.735344
136.4,18191.7,3761.105,20.438286
155.0,25421.4,4273.9834,16.433365
111.6,18650.19,3077.2678,16.10921
105.399994,16263.78,2906.3083,17.529688
116.25,19225.26,3205.4873,16.288994
48.05,27691.23,1324.9348,3.9613533
172.04999,16611.78,4744.121,28.613348
164.29999,26466.27,4530.422,16.749813
111.6,24364.35,3077.2678,12.096595
26.349998,12669.811,726.5771,4.946473
80.6,18410.07,2222.4712,11.517817
102.299995,20516.34,2820.8289,13.256888
71.299995,18074.25,1966.0321,10.279198
7.75,16658.76,213.69916,0.33017266
207.7,28128.84,5727.137,20.112207
58.899998,10889.79,1624.1135,14.464816
204.59999,71299.98,5641.6577,7.204747
703.69995,17608.8,19403.883,113.26329
40.3,11886.811,1111.2356,8.693681
117.799995,22440.78,3248.227,14.009158
103.85,13156.14,2863.5686,21.569763
-6.2,10477.41,-170.95932,-2.691947
79.049995,25110.81,2179.7312,8.000986
137.95,24438.3,3803.845,15.139856
33870.598,45073.832,933950.75,2147.5593
103.85,17338.23,2863.5686,16.125793
24.8,23744.041,683.8373,1.9863865
124.0,25147.35,3419.1865,13.09868
60.449997,12551.49,1666.8534,12.770509
55.8,14432.43,1538.6339,10.054618
119.35,16530.87,3290.967,19.643139
83.7,11168.19,2307.951,20.428493
96.1,16985.88,2649.8696,15.176491
6.2,23509.14,170.95932,-0.24594343
190.65,59213.94,5256.999,8.205806
65.1,24172.08,1795.0729,6.7004466
52.699997,20996.58,1453.1542,6.1764727
52.699997,18634.53,1453.1542,7.086138
4.6499996,26690.73,128.21948,-0.50187147
75.95,16896.27,2094.2517,11.852449
69.75,15626.94,1923.2925,11.762015
198.4,36403.41,5470.698,14.582911
497.55,15246.75,13719.485,92.305756
48.05,24899.4,1324.9348,4.5176415
162.75,18780.69,4487.682,23.777554
75.95,19660.26,2094.2517,10.045554
33580.75,62821.832,925958.44,1527.371
25390.549,46392.75,700121.2,1563.8438
4.6499996,12949.95,128.21948,0.026676893
88.35,25199.55,2436.1704,9.0245
32.55,22788.78,897.53644,3.0839357
71.299995,17302.56,1966.0321,10.782247
23.25,15954.93,641.0975,3.166554
23964.549,31300.86,660800.5,2188.0818
114.7,27013.5,3162.7476,11.14036
6003.15,41279.76,165531.36,414.8062
10.849999,22044.06,299.1788,0.40730143
57.35,14396.76,1581.3738,10.389841
49.6,14532.48,1367.6746,8.758676
44.949997,16774.47,1239.4551,6.6617827
173.59999,19801.2,4786.861,24.067278
69.75,14525.5205,1923.2925,12.729714
179.79999,24356.52,4957.8203,20.10685
82.149994,15772.23,2265.211,13.892357
165.84999,24841.11,4573.1616,18.08945
168.95,23442.15,4658.6416,19.60676
454.15,18310.89,12522.7705,69.915115
51.149998,27655.56,1410.4144,4.288252
72.85,17607.06,2008.7721,10.83019
23.25,26064.33,641.0975,1.5505004
158.09999,26570.67,4359.4624,16.012897
103.85,22882.74,2863.5686,11.976197
85.25,20782.56,2350.6907,10.728549
96.1,13618.98,2649.8696,19.175661
97.649994,21452.46,2692.6094,12.014998
69.75,16253.34,1923.2925,11.27017
110.049995,16507.38,3034.5278,18.061665
62.0,12680.25,1709.5933,12.980183
57.35,21371.55,1581.3738,6.6726675
102.299995,12893.4,2820.8289,21.685959
83.7,25459.68,2307.951,8.399862
11454.5,25945.14,315847.34,1261.319
82.149994,13390.17,2265.211,16.54165
57.35,18343.95,1581.3738,7.9390125
164.29999,20083.95,4530.422,22.390387
83.7,15119.73,2307.951,14.828158
29.449999,16736.19,812.05676,4.031271
119.35,27276.24,3290.967,11.510853
69.75,16941.51,1923.2925,10.771752
117.799995,19844.7,3248.227,15.972654
94.549995,23749.26,2607.1296,10.383097
34.1,17934.18,940.27625,4.43653
165.84999,24926.371,4573.1616,18.024155
46.5,14843.07,1282.195,7.957322
131.75,25860.75,3632.8857,13.56661
818.39996,35998.86,22566.63,64.00187
9.299999,9435.15,256.43896,1.8182731
-18.599998,18035.97,-512.8779,-3.9486442
94.549995,8452.05,2607.1296,30.985155
127.1,25472.73,3504.6663,13.266553
49.6,8607.78,1367.6746,15.475533
113.149994,21531.63,3120.0076,14.025419
99.2,21120.12,2735.349,12.429637
137.95,29972.371,3803.845,12.159809
148.79999,25786.8,4103.0234,15.4988785
230.95,64861.98,6368.235,9.180679
48.05,12109.53,1324.9348,10.345277
7.75,11232.57,213.69916,0.9727478
32.55,10700.13,897.53644,7.69783
106.95,24667.11,2949.0483,11.396855
54.25,21254.1,1495.8942,6.2980366
46.5,18195.18,1282.195,6.307109
52.699997,23173.32,1453.1542,5.5023646
35296.598,45908.16,973271.4,2197.3252
49.6,16678.77,1367.6746,7.5028915
114.7,19802.94,3162.7476,15.560856
43.399998,21113.16,1196.7152,4.877403
65.1,43432.14,1795.0729,3.2856698
72.85,26564.58,2008.7721,6.8410745
93.0,25481.43,2564.39,9.435377
83.7,13299.69,2307.951,16.994215
21.699999,19165.23,598.3576,2.2373872
102.299995,27468.51,2820.8289,9.648526
130.2,29757.48,3590.1458,11.510187
93.0,19788.15,2564.39,12.437756
103.85,24640.14,2863.5686,11.0507
99.2,15499.05,2735.349,17.300188
46.5,10473.93,1282.195,11.693819
66.65,19976.94,1837.8129,8.539381
32.55,13998.3,897.53644,5.648515
209.25,44722.35,5769.8774,12.377958
128.65,20055.24,3547.406,17.341333
106.95,37565.73,2949.0483,7.140253
137.95,23856.27,3803.845,15.533628
114.7,23983.291,3162.7476,12.6742525
74.399994,16206.36,2051.5117,12.126121
85.25,13632.9,2350.6907,16.879488
77.5,26876.91,2136.9917,7.2446337
159.65,27958.32,4402.2026,15.327017
97.649994,23329.05,2692.6094,10.968071
38.75,10041.54,1068.4958,10.03368
74.399994,20016.09,2051.5117,9.627782
86.799995,23742.3,2393.4304,9.453118
105.399994,20589.42,2906.3083,13.636777
54.25,16182.0,1495.8942,8.585539
100.75,16831.02,2778.089,16.115265
62.0,13828.65,1709.5933,11.819199
85.25,19152.18,2350.6907,11.7269745
79.049995,16184.61,2179.7312,12.965246
102.299995,22350.3,2820.8289,12.087034
99.2,24908.1,2735.349,10.387281
75.95,19287.9,2094.2517,10.258792
35.649998,22146.72,983.01605,3.6025558
18.599998,16101.96,512.8779,2.3028066
65.1,20482.41,1795.0729,8.087593
116.25,30029.791,3205.4873,10.0685215
82.149994,18718.05,2265.211,11.548618
108.5,16363.83,2991.7883,17.958055
40.3,11286.51,1111.2356,9.209262
38.75,19676.791,1068.4958,4.6307526
94.549995,22998.45,2607.1296,10.754711
122.45,26016.48,3376.4465,12.45734
193.75,40334.07,5342.479,12.734683
120.899994,17578.35,3333.7068,18.665146
168.95,26311.41,4658.6416,17.359594
111.6,11460.51,3077.2678,26.842564
66.65,18119.49,1837.8129,9.517274
41.85,14815.23,1153.9755,7.0767384
128.65,24004.17,3547.406,14.3239975
142.59999,18294.36,3932.0642,21.286982
106.95,24226.89,2949.0483,11.622114
68.2,13520.67,1880.5525,13.42232
83.7,14287.14,2307.951,15.750553
93.0,9933.66,2564.39,25.768414
102.299995,18655.41,2820.8289,14.679052
31.0,19422.75,854.79663,3.56352
58.899998,25062.09,1624.1135,5.719655
150.34999,20981.791,4145.7637,19.488487
62.0,17841.09,1709.5933,8.936176
24.8,8780.04,683.8373,7.076146
80.6,20808.66,2222.4712,10.074903
83.7,22180.65,2307.951,9.789472
182.9,29518.23,5043.3,16.716272
99.2,22275.48,2735.349,11.733083
26446.1,38154.72,729227.0,1980.8116
97.649994,21796.98,2692.6094,11.809285
46.5,12777.69,1282.195,9.40518
57.35,11292.6,1581.3738,13.52073
106.95,20029.14,2949.0483,14.267483
120.899994,17356.5,3333.7068,18.916504
69.75,11162.97,1923.2925,16.865429
49.6,19648.95,1367.6746,6.2175756
94.549995,18748.5,2607.1296,13.419293
9.299999,18068.16,256.43896,0.47169554
48.05,22596.51,1324.9348,5.079964
193.75,13829.5205,5342.479,39.057476
49.6,20424.99,1367.6746,5.9433455
117.799995,22866.21,3248.227,13.729908
198.4,47705.582,5470.698,10.891085
105.399994,20391.93,2906.3083,13.778531
74.399994,22860.99,2051.5117,8.305224
10.849999,15193.68,299.1788,1.041812
10.849999,10886.311,299.1788,1.8496923
328.59998,63640.5,9060.844,13.763284
72.85,15406.83,2008.7721,12.519645
1271.0,17145.09,35046.664,210.96043
54.25,20900.01,1495.8942,6.421681
57.35,15213.69,1581.3738,9.77824
184.45,26882.13,5086.04,18.618416
71.299995,13797.33,1966.0321,13.775542
49.6,14176.65,1367.6746,9.003616
62.0,17628.81,1709.5933,9.055824
141.05,25465.77,3889.3247,14.836722
103.85,17422.62,2863.5686,16.042843
34.1,11188.2,940.27625,7.714513
125.549995,18677.16,3461.9263,18.220066
218.54999,61238.43,6026.316,9.2041235
15083.05,27413.7,415901.3,1572.1515
97.649994,24712.35,2692.6094,10.298146
172.04999,26101.74,4744.121,17.846651
4.6499996,15833.13,128.21948,-0.1602788
0.0,21187.11,0.0,-1.0
71.299995,14851.7705,1966.0321,12.726514
55.8,21626.46,1538.6339,6.3773046
41.85,18282.18,1153.9755,5.5451026
54.25,20596.38,1495.8942,6.53109
94.549995,26618.52,2607.1296,9.156092
48.05,8541.66,1324.9348,15.084225
220.09999,52581.06,6069.0557,10.968499
49.6,18716.31,1367.6746,6.5772285
136.4,17483.52,3761.105,21.306656
125.549995,25445.76,3461.9263,13.107507
218.54999,52012.082,6026.316,11.014218
18.599998,11200.38,512.8779,3.7482014
854.05,136270.7,23549.646,16.91966
37.199997,17645.34,1025.7559,5.027842
775.0,83613.09,21369.916,25.501862
133.3,22666.98,3675.6257,15.81456
93.0,18813.75,2564.39,13.133722
97.649994,21864.84,2692.6094,11.76953
131.75,13395.39,3632.8857,27.121874
141.05,38595.81,3889.3247,9.449174
44.949997,10271.22,1239.4551,11.512862
31.0,22382.49,854.79663,2.9600646
23.25,15729.6,641.0975,3.226241
117.799995,33212.25,3248.227,9.141355
11615.699,24482.67,320292.28,1355.5492
36132.05,49737.03,996308.25,2076.1208
68.2,22234.59,1880.5525,7.770093
55.8,14368.05,1538.6339,10.104151
148.79999,26486.28,4103.0234,15.063158
89.899994,21370.68,2478.9102,11.027914
170.5,21961.41,4701.3813,21.197964
24.8,11182.98,683.8373,5.340786
35.649998,24732.36,983.01605,3.1213827
91.45,19869.06,2521.65,12.159984
43299.25,92082.54,1193937.2,1343.473
46.5,15837.48,1282.195,7.394906
-6.2,11398.74,-170.95932,-2.555191
113.149994,17718.42,3120.0076,17.259066
127.1,23427.36,3504.6663,14.512122
24.8,21268.02,683.8373,2.3340614
111.6,22603.47,3077.2678,13.1168585
86.799995,13121.34,2393.4304,17.91431
58.899998,19353.15,1624.1135,7.70187
69.75,15068.4,1923.2925,12.235065
159.65,23020.2,4402.2026,18.829367
114.7,24182.52,3162.7476,12.561598
18.599998,16282.05,512.8779,2.2662754
57.35,21925.74,1581.3738,6.4787354
125.549995,25470.121,3461.9263,13.094013
54.25,20822.58,1495.8942,6.449279
48.05,20771.25,1324.9348,5.614237
323.94998,26936.07,8932.624,33.386875
88.35,26202.66,2436.1704,8.640736
93.0,11122.95,2564.39,22.906277
475.84998,83881.92,13121.128,15.219994
145.7,18531.87,4017.5442,21.479637
35.649998,23154.18,983.01605,3.4022942
32.55,18082.08,897.53644,4.1469693
110.049995,19003.41,3034.5278,15.557983
66.65,18531.87,1837.8129,9.283239
85.25,18945.12,2350.6907,11.866074
85.25,17410.44,2350.6907,13.00018
114.7,30035.88,3162.7476,9.918728
49.6,19861.23,1367.6746,6.1404324
88.35,24185.13,2436.1704,9.444968
23.25,16062.811,641.0975,3.1385708
31.0,14107.05,854.79663,5.2831073
88.35,21937.05,2436.1704,10.515354
103.85,28126.23,2863.5686,9.557083
413.84998,67646.85,11411.534,16.492197
176.7,22768.77,4872.341,21.189423
82.149994,23542.2,2265.211,8.977219
71.299995,16805.791,1966.0321,11.130523
215.45,31753.26,5940.8364,18.400242
3603.75,77638.8,99370.11,131.71648
31.0,10023.2705,854.79663,7.843033
168.95,28818.75,4658.6416,15.762239
164.29999,32561.49,4530.422,13.427206
54.25,19283.55,1495.8942,7.043809
186.0,31792.41,5128.78,15.727785
122.45,25066.44,3376.4465,12.967384
44.949997,15227.61,1239.4551,7.4400873
83.7,17188.59,2307.951,12.923043
75.95,14252.34,2094.2517,14.236689
235.59999,26529.78,6496.454,24.391632
4.6499996,20927.85,128.21948,-0.36470228
120.899994,30927.63,3333.7068,10.177087
49.6,14577.72,1367.6746,8.728392
65.1,16474.32,1795.0729,10.298544
165.84999,28943.16,4573.1616,15.383944
148.79999,24333.9,4103.0234,16.483974
153.45,43148.52,4231.243,9.168338
66.65,22845.33,1837.8129,7.3416452
79.049995,31990.77,2179.7312,6.065227
125.549995,23793.63,3461.9263,14.087072
97.649994,13118.73,2692.6094,20.282833
113.149994,19792.5,3120.0076,15.345676
34.1,13218.78,940.27625,6.3758483
35.649998,20376.27,983.01605,4.002462
37.199997,20362.35,1025.7559,4.223529
130.2,23173.32,3590.1458,15.064665
46.5,24700.17,1282.195,4.382723
34.1,12729.84,940.27625,6.659147
66.65,22807.05,1837.8129,7.355646
3.1,16888.44,85.47966,-0.47516698
58.899998,22527.78,1624.1135,6.475597
69.75,26526.3,1923.2925,6.518246
47109.15,61026.15,1298991.6,2206.1826
79.049995,24652.32,2179.7312,8.168389
1085.0,92585.4,29917.883,32.507053
91.45,28166.25,2521.65,8.283326
1106.7,22777.47,30516.238,137.92274
72.85,26991.75,2008.7721,6.716982
136.4,29130.21,3761.105,12.3881235
128.65,16250.73,3547.406,21.635283
136.4,17794.98,3761.105,20.91623
96.1,17574.0,2649.8696,14.635139
83.7,13594.62,2307.951,16.603838
86.799995,25156.92,2393.4304,8.865321
356.5,42498.63,9830.161,22.984663
4.6499996,10153.7705,128.21948,0.30940664
96.1,23476.08,2649.8696,10.704337
52.699997,24470.49,1453.1542,5.157677
99.2,21756.09,2735.349,12.037065
15658.1,27876.541,431757.78,1605.0134
489.8,52675.89,13505.786,25.586174
60.449997,24563.58,1666.8534,6.0364504
108.5,18759.81,2991.7883,15.5367565
66.65,13230.09,1837.8129,13.404108
127.1,19427.97,3504.6663,17.705404
48.05,20676.42,1324.9348,5.6445727
89.899994,20263.17,2478.9102,11.685316
93.0,21492.48,2564.39,11.372156
120.899994,20635.53,3333.7068,15.75173
151.9,27205.77,4188.5034,14.9641485
100.75,18263.041,2778.089,14.773241
43.399998,22907.1,1196.7152,4.417122
-1.55,14081.82,-42.73983,-1.3147182
108.5,19316.61,2991.7883,15.060085
43.399998,19541.94,1196.7152,5.349961
7767.05,28109.7,214169.3,789.0397
60.449997,24465.27,1666.8534,6.064726
72.85,24220.8,2008.7721,7.5998335
119.35,19075.62,3290.967,16.889277
62.0,17130.3,1709.5933,9.348459
102.299995,20633.791,2820.8289,13.1757345
27.9,13690.32,769.31696,4.826927
184.45,19836.0,5086.04,25.587257
80.6,19655.91,2222.4712,10.724406
0.0,17555.73,0.0,-1.0
41.85,9422.97,1153.9755,11.698624
37.199997,13183.11,1025.7559,7.0681505
122.45,19272.24,3376.4465,17.16668
23.25,12428.82,641.0975,4.3486233
120.899994,16540.44,3333.7068,19.89913
145.7,23307.3,4017.5442,16.873785
102.299995,19859.49,2820.8289,13.728433
116.25,27454.59,3205.4873,11.106733
150.34999,26247.9,4145.7637,15.377886
37.199997,14462.01,1025.7559,6.3546705
37.199997,21489.0,1025.7559,3.9496636
13.95,11983.38,384.65848,2.328464
82.149994,22143.24,2265.211,9.607556
51.149998,10473.93,1410.4144,12.963201
62.0,8817.45,1709.5933,19.104704
65.1,16274.22,1795.0729,10.437465
43.399998,14642.97,1196.7152,7.474411
12.4,18267.39,341.91864,0.9408598
131.75,18624.09,3632.8857,19.226679
137.95,15788.76,3803.845,23.981739
71.299995,20536.35,1966.0321,8.926936
62.0,15960.15,1709.5933,10.107177
11542.85,20225.76,318283.53,1630.7634
100.75,20091.78,2778.089,13.337574
93.0,14933.55,2564.39,16.806103
65.1,16333.38,1795.0729,10.396038
106.95,23869.32,2949.0483,11.811197
65.1,36004.95,1795.0729,4.1697288
75.95,18464.88,2094.2517,10.760621
52.699997,13632.9,1453.1542,10.052774
167.4,25590.18,4615.902,17.703854
51.149998,21233.22,1410.4144,5.8877716
10.849999,16019.311,299.1788,0.93657744
63.55,25433.58,1752.3331,6.144257
83.7,25560.6,2307.951,8.36275
85.25,19135.65,2350.6907,11.7379675
94.549995,17107.68,2607.1296,14.802267
0.0,9268.98,0.0,-1.0
96.1,26644.621,2649.8696,9.312473
117.799995,28476.84,3248.227,10.827759
46.5,17378.25,1282.195,6.6506076
72.85,19575.0,2008.7721,9.640861
32.55,18049.89,897.53644,4.1561484
159.65,37579.65,4402.2026,11.1468935
120.899994,25820.73,3333.7068,12.387724
57.35,18007.26,1581.3738,8.10615
55.8,20045.67,1538.6339,6.9590755
55.8,7910.04,1538.6339,19.169935
170.5,27728.64,4701.3813,16.581049
9.299999,11731.95,256.43896,1.2665312
51.149998,13906.08,1410.4144,9.5169525
117.799995,18822.45,3248.227,16.894442
68.2,20375.4,1880.5525,8.570336
165.84999,28735.23,4573.1616,15.502501
116.25,23330.791,3205.4873,13.246641
178.25,26471.49,4915.0806,18.253075
201.5,57814.98,5556.178,8.965146
85.25,16937.16,2350.6907,13.391391
35.649998,12133.0205,983.01605,7.401166
173.59999,19932.57,4786.861,23.902065
13.95,7721.25,384.65848,4.1657763
91.45,22095.39,2521.65,10.833984
58.899998,25992.121,1624.1135,5.479217
12739.449,22027.53,351278.66,1652.6129
62.0,21706.5,1709.5933,7.1667805
37.199997,24895.92,1025.7559,3.2723193
21.699999,17895.03,598.3576,2.467179
71.299995,14240.16,1966.0321,13.316064
-9.299999,15606.93,-256.43896,-2.7037835
217.0,25366.59,5983.5767,23.459448
27648.898,63860.61,762393.06,1236.9233
-10.849999,12307.89,-299.1788,-3.5205488
26.349998,18944.25,726.5771,2.9769685
117.799995,20937.42,3248.227,15.086853
79.049995,17518.32,2179.7312,11.90204
52.699997,13957.41,1453.1542,9.795797
120.899994,26082.6,3333.7068,12.253312
137.95,54850.02,3803.845,6.1910763
224.75,14907.45,6197.276,42.106754
110.049995,18665.85,3034.5278,15.857426
1264.7999,24760.2,34875.7,145.05508
12.4,19610.67,341.91864,0.8079158
66.65,16964.13,1837.8129,10.233563
72.85,13724.25,2008.7721,14.17714
102.299995,21606.45,2820.8289,12.537585
103.85,26247.03,2863.5686,10.312936
66.65,16908.45,1837.8129,10.270557
68.2,13193.55,1880.5525,13.779906
68.2,15302.43,1880.5525,11.743037
79.049995,23367.33,2179.7312,8.672566
6.2,11426.58,170.95932,0.5514021
63.55,14915.28,1752.3331,11.182408
150.34999,33730.77,4145.7637,11.744599
30538.1,67389.33,842060.2,1294.6864
79.049995,19209.6,2179.7312,10.766099
46.5,10539.18,1282.195,11.615229
106.95,19906.47,2949.0483,14.361567
186.0,28500.33,5128.78,17.660017
24006.398,72434.46,661954.5,946.6125
74.399994,24888.96,2051.5117,7.5470276
1.55,10929.811,42.73983,-0.5945213
196.84999,42342.03,5427.9585,12.2926855
74.399994,21415.05,2051.5117,8.933511
195.29999,22612.17,5385.2188,23.694998
83.7,26149.59,2307.951,8.151864
85.25,19821.21,2350.6907,11.297397
15.5,9335.97,427.39832,3.7470222
116.25,22082.34,3205.4873,14.052092
71.299995,16705.74,1966.0321,11.203173
409.19998,59877.75,11283.315,18.539757
12.4,14293.23,341.91864,1.480506
34.1,15432.93,940.27625,5.3176413
145.7,23759.7,4017.5442,16.533459
65.1,20232.72,1795.0729,8.199743
69.75,25831.17,1923.2925,6.720566
38.75,9974.55,1068.4958,10.107783
21.699999,8930.55,598.3576,5.947531
100.75,21310.65,2778.089,12.51753
162.75,44697.992,4487.682,9.4107485
127.1,21441.15,3504.6663,15.949093
17.05,9832.74,470.13812,3.957912
93.0,17613.15,2564.39,14.097147
125.549995,23027.16,3461.9263,14.589253
241.79999,24363.48,6667.4136,27.376965
68.2,21062.7,1880.5525,8.258046
165.84999,29296.38,4573.1616,15.186407
-24.8,16175.91,-683.8373,-5.3836102
23.25,12971.7,641.0975,4.124778
66.65,19213.95,1837.8129,8.918192
79.049995,20527.65,2179.7312,10.010615
39049.15,45795.93,1076744.5,2436.9998
62.0,9283.7705,1709.5933,18.094852
122.45,17962.02,3376.4465,18.491829
113.149994,17578.35,3120.0076,17.40456
97.649994,26993.49,2692.6094,9.343373
9453.45,20992.23,260670.23,1286.5992
51.149998,16798.83,1410.4144,7.7059383
167.4,44477.88,4615.902,9.761191
133.3,41029.2,3675.6257,8.289368
66.65,20051.76,1837.8129,8.503786
32.55,17594.01,897.53644,4.28975
85.25,17135.52,2350.6907,13.224797
68.2,16726.62,1880.5525,10.65803
1.55,16723.14,42.73983,-0.73498964
80.6,14274.96,2222.4712,15.143925
34.1,11955.54,940.27625,7.1551905
116.25,20069.16,3205.4873,15.561998
469.65,13039.561,12950.169,101.98177
243.34999,35289.81,6710.1533,18.716555
51.149998,16480.41,1410.4144,7.8741474
113.149994,15897.51,3120.0076,19.35047
23600.299,44694.51,650756.6,1508.7751
589.0,56094.12,16241.136,29.022505
103.85,19578.48,2863.5686,14.166189
38.75,19256.58,1068.4958,4.7536254
85.25,21349.8,2350.6907,10.416935
86.799995,18560.58,2393.4304,12.371408
58.899998,12490.59,1624.1135,12.482838
57.35,13191.811,1581.3738,11.430197
37.199997,13649.43,1025.7559,6.79251
62.0,14476.8,1709.5933,11.245263
49.6,19364.46,1367.6746,6.3236103
131.75,21011.37,3632.8857,16.928555
86.799995,23485.65,2393.4304,9.56735
128.65,21700.41,3547.406,15.950825
44.949997,9371.64,1239.4551,12.713966
116.25,23971.98,3205.4873,12.86558
66.65,36323.37,1837.8129,4.24642
48.05,13286.64,1324.9348,9.340159
21.699999,11408.311,598.3576,4.438603
74.399994,12185.22,2051.5117,16.45776
41560.15,49173.27,1145983.1,2415.557
69.75,18462.27,1923.2925,9.802098
23.25,17271.24,641.0975,2.8490045
27.9,22598.25,769.31696,2.5300298
55.8,18738.93,1538.6339,7.5140934
-3.1,13116.12,-85.47966,-1.6757799
162.75,11884.2,4487.682,38.15615
65.1,12655.0205,1795.0729,13.708457
12.4,16616.13,341.91864,1.1337364
37.199997,12603.69,1025.7559,7.439062
68.2,27833.041,1880.5525,6.006041
41.85,20201.4,1153.9755,4.92329
289.85,50700.12,7992.3486,15.346067
131.75,28449.0,3632.8857,12.24136
58.899998,14765.64,1624.1135,10.405438
46.5,14038.32,1282.195,8.470803
145.7,22014.48,4017.5442,17.923439
91.45,20851.291,2521.65,11.540063
103.85,19434.06,2863.5686,14.278893
156.54999,44866.77,4316.7227,8.976478
142.59999,23866.71,3932.0642,16.083464
110.049995,18676.291,3034.5278,15.8480015
-31.0,14933.55,-854.79663,-6.9353676
60.449997,14553.36,1666.8534,10.876323
99.2,24052.02,2735.349,10.792587
29.449999,18145.59,812.05676,3.640483
58.899998,13029.12,1624.1135,11.925554
77.5,10167.69,2136.9917,20.793571
65.1,25379.64,1795.0729,6.3340607
108.5,31120.77,2991.7883,8.968468
2850.45,17855.88,78598.55,455.4373
72.85,16024.53,2008.7721,11.9985
34.1,18376.14,940.27625,4.3057775
77.5,23344.71,2136.9917,8.492098
96.1,15764.4,2649.8696,16.429901
72.85,20598.99,2008.7721,9.1118965
100.75,20930.46,2778.089,12.763067
97.649994,26199.18,2692.6094,9.656965
46.5,12307.0205,1282.195,9.803115
117.799995,14544.66,3248.227,22.157446
144.15,25407.48,3974.8042,15.221912
15462.8,33084.36,426372.56,1335.332
40.3,26167.86,1111.2356,3.4033766
103.85,15055.35,2863.5686,18.72262
83.7,24841.11,2307.951,8.63393
133.3,21277.59,3675.6257,16.912523
181.34999,45076.44,5000.56,10.503154
66.65,12145.2,1837.8129,14.690779
63.55,11921.61,1752.3331,14.241568
43.399998,10915.0205,1196.7152,10.368788
68.2,19041.69,1880.5525,9.240658
91.45,15565.17,2521.65,15.7988205
308.44998,54247.98,8505.227,15.257366
79.049995,13112.64,2179.7312,16.236961
46.5,17070.27,1282.195,6.7886386
86.799995,15227.61,2393.4304,15.298098
55.8,11670.18,1538.6339,12.671168
66.65,19238.31,1837.8129,8.905633
21.699999,3676.62,598.3576,15.8756275
68.2,23947.621,1880.5525,7.142747
80.6,16132.41,2222.4712,13.285149
229.4,32657.19,6325.495,19.08462
26.349998,28949.25,726.5771,1.6025093
96.1,14120.1,2649.8696,18.459631
127.1,23051.52,3504.6663,14.765037
142.59999,26802.96,3932.0642,14.211978
66.65,20297.97,1837.8129,8.388507
127.1,22865.34,3504.6663,14.893402
106.95,21612.541,2949.0483,13.148942
128.65,24036.36,3547.406,14.303475
110.049995,23266.41,3034.5278,12.524139
18.599998,16678.77,512.8779,2.188584
51.149998,18882.48,1410.4144,6.7452526
-18.599998,16520.43,-512.8779,-4.219145
29.449999,12194.79,812.05676,5.90494
32.55,19989.99,897.53644,3.6557255
86.799995,23758.83,2393.4304,9.445847
99.2,27065.7,2735.349,9.47952
106.95,21127.08,2949.0483,13.474058
75.95,12620.22,2094.2517,16.207186
139.5,23928.48,3846.585,15.668943
94.549995,21009.63,2607.1296,11.867437
79.049995,20284.92,2179.7312,10.142368
130.2,18625.83,3590.1458,18.986849
40.3,18588.42,1111.2356,5.198856
131.75,22082.34,3632.8857,16.059038
48.05,19360.11,1324.9348,6.096343
96.1,23800.59,2649.8696,10.544753
141.05,26198.31,3889.3247,14.393905
65.1,20211.84,1795.0729,8.209247
57.35,11446.59,1581.3738,13.325384
24.8,10108.53,683.8373,6.014757
29.449999,12657.63,812.05676,5.6524534
114.7,22724.4,3162.7476,13.431783
82.149994,18102.09,2265.211,11.975612
203.04999,35765.7,5598.9175,15.232492
141.05,22466.88,3889.3247,16.950613
85.25,16124.58,2350.6907,14.11663
125.549995,21632.55,3461.9263,15.594263
52.699997,11491.83,1453.1542,12.112042
66.65,17483.52,1837.8129,9.899845
102.299995,11547.51,2820.8289,24.330065
111.6,20248.38,3077.2678,14.75879
179.79999,37741.47,4957.8203,12.621341
575.05,78332.19,15856.478,19.990091
86.799995,13284.03,2393.4304,17.682665
181.34999,50399.97,5000.56,9.288126
57.35,18330.9,1581.3738,7.9453764
29.449999,12153.03,812.05676,5.9286666
148.79999,25377.9,4103.0234,15.764715
127.1,27860.88,3504.6663,12.043667
85.25,19936.05,2350.6907,11.226559
83.7,18843.33,2307.951,11.700382
80.6,19864.71,2222.4712,10.60117
75.95,15410.311,2094.2517,13.0917635
97.649994,30629.22,2692.6094,8.115601
113.149994,17506.14,3120.0076,17.480474
110.049995,19421.88,3034.5278,15.201221
105.399994,29467.77,2906.3083,9.22686
41.85,19968.24,1153.9755,4.9924536
63.55,28014.0,1752.3331,5.4861865
113.149994,14777.82,3120.0076,20.89239
398.34998,69369.45,10984.136,15.418955
75.95,18166.47,2094.2517,10.953806
51.149998,14412.42,1410.4144,9.147469
75.95,18414.42,2094.2517,10.792848
29.449999,19145.22,812.05676,3.398189
91.45,11404.83,2521.65,21.926823
89.899994,14569.89,2478.9102,16.642187
97.649994,13331.01,2692.6094,19.94393
37.199997,17944.62,1025.7559,4.92731
32.55,16325.55,897.53644,4.7007523
32.55,16155.03,897.53644,4.7609243
51.149998,10526.13,1410.4144,12.893955
144.15,24015.48,3974.8042,16.162176
110.049995,15943.62,3034.5278,18.735678
15.5,21500.31,427.39832,1.061275
1639.8999,18693.69,45218.74,249.82526
51.149998,20077.86,1410.4144,6.2841215
133.3,32011.65,3675.6257,10.906143
85.25,20792.13,2350.6907,10.723151
82.149994,20112.66,2265.211,10.678498
21355.898,40900.44,588869.4,1491.928
155.0,20874.78,4273.9834,20.23043
72.85,18949.47,2008.7721,9.99212
62.0,24153.81,1709.5933,6.3393064
184.45,23614.41,5086.04,21.33318
62.0,17060.7,1709.5933,9.390677
97.649994,27921.78,2692.6094,8.999496
111.6,20514.6,3077.2678,14.554287
57.35,11205.6,1581.3738,13.63347
94.549995,23997.21,2607.1296,10.265481
63.55,19621.11,1752.3331,8.26064
468.09998,85344.39,12907.429,14.6824045
91.45,26828.19,2521.65,8.746334
134.84999,24936.81,3718.3652,14.461762
29.449999,10752.33,812.05676,6.8312607
48.05,17159.88,1324.9348,7.0062304
79.049995,17012.85,2179.7312,12.285374
162.75,39103.02,4487.682,10.900348
34.1,14773.47,940.27625,5.599649
46.5,24109.44,1282.195,4.5146103
88.35,23014.11,2436.1704,9.976437
55.8,22416.42,1538.6339,6.1173267
153.45,34811.31,4231.243,11.603626
23.25,16911.06,641.0975,2.9309824
110.049995,15296.34,3034.5278,19.570814
354.94998,49501.26,9787.421,19.502172
54.25,21564.69,1495.8942,6.192925
31.0,14595.99,854.79663,5.072634
48.05,15144.96,1324.9348,8.071399
46.5,13784.28,1282.195,8.645347
136.4,31028.55,3761.105,11.569033
44.949997,10980.2705,1239.4551,10.7048435
80.6,12566.28,2222.4712,17.33907
74.399994,28887.48,2051.5117,6.3639736
55.8,14009.61,1538.6339,10.388254
54.25,14728.23,1495.8942,9.5316925
120.899994,16879.74,3333.7068,19.479036
103.85,26697.69,2863.5686,10.121972
189.09999,25596.27,5214.2593,20.1234
384.4,65487.51,10599.479,15.783165
80.6,19602.84,2222.4712,10.756147
60.449997,13364.94,1666.8534,11.932374
125.549995,16939.77,3461.9263,20.19133
54.25,13256.19,1495.8942,10.701189
100.75,22069.291,2778.089,12.052859
72.85,26958.69,2008.7721,6.726446
99.2,20498.94,2735.349,12.8365965
49.6,12707.22,1367.6746,10.160409
66.65,11171.67,1837.8129,16.058117
100.75,15837.48,2778.089,17.188963
80.6,17460.9,2222.4712,12.198281
119.35,25266.541,3290.967,12.505965
77.5,16311.63,2136.9917,12.584804
102.299995,18632.791,2820.8289,14.698086
83.7,21137.52,2307.951,10.321929
62.0,19457.55,1709.5933,8.110716
153.45,21083.58,4231.243,19.809973
136.4,14604.69,3761.105,25.703672
74.399994,9984.99,2051.5117,20.304642
119.35,22386.84,3290.967,14.243287
93.0,23485.65,2564.39,10.322161
68.2,10753.2,1880.5525,17.134083
17.05,16003.65,470.13812,2.046171
150.34999,37771.92,4145.7637,10.381077
15.5,12549.75,427.39832,2.5313895
29.449999,10609.65,812.05676,6.936577
38.75,15060.57,1068.4958,6.3566365
89.899994,18634.53,2478.9102,12.794002
77.5,21068.791,2136.9917,9.517466
86.799995,27013.5,2393.4304,8.187299
72.85,15593.88,2008.7721,12.357474
20.15,23904.121,555.6178,1.4101899
65.1,16362.09,1795.0729,10.376041
34.1,22797.48,940.27625,3.2767758
75.95,20155.291,2094.2517,9.774266
82.149994,14233.2,2265.211,15.502661
187.54999,42964.95,5171.5195,11.481068
38.75,26682.03,1068.4958,3.1524258
685.1,91096.83,18891.006,20.503033
114.7,21500.31,3162.7476,14.253436
144.15,23521.32,3974.8042,16.522736
6.2,16723.14,170.95932,0.06004131
13382.699,26816.88,369015.7,1425.8701
2290.9,19684.62,63169.47,331.7577
57.35,19113.03,1581.3738,7.57932
75.95,14815.23,2094.2517,13.657784
100.75,19137.39,2778.089,14.052594
23.25,15178.0205,641.0975,3.3798256
80.6,13483.26,2222.4712,16.091852
184.45,26721.18,5086.04,18.736586
20.15,23929.35,555.6178,1.4076488
13.95,12795.09,384.65848,2.1173089
63.55,22634.791,1752.3331,7.027643
116.25,22626.09,3205.4873,13.69036
43.399998,14602.08,1196.7152,7.4981413
57.35,22450.35,1581.3738,6.303975
12.4,13286.64,341.91864,1.668428
88.35,22519.08,2436.1704,10.217729
65.1,13618.11,1795.0729,12.668256
10.849999,19119.12,299.1788,0.62259746
93.0,23382.99,2564.39,10.37187
40.3,22811.4,1111.2356,4.051287
75.95,25509.27,2094.2517,7.5129232
58.899998,21851.791,1624.1135,6.706856
69.75,21890.94,1923.2925,8.110219
74.399994,9114.12,2051.5117,22.340338
79.049995,19180.89,2179.7312,10.7837105
306.9,28646.49,8462.486,29.631935
58.899998,11895.51,1624.1135,13.157326
117.799995,25506.66,3248.227,12.205068
141.05,18169.08,3889.3247,21.196737
43.399998,31568.82,1196.7152,2.9307942
29.449999,13884.33,812.05676,5.0647
-38.75,16317.72,-1068.4958,-7.789867
29.449999,21608.19,812.05676,2.8968697
89.899994,13206.6,2478.9102,18.463352
127.1,23001.93,3504.6663,14.799026
44.949997,16097.61,1239.4551,6.9839396
68.2,16110.66,1880.5525,11.103752
192.2,41150.13,5299.7393,12.3546095
68.2,23054.13,1880.5525,7.458329
389.05,16907.58,10727.697,64.79198
6.2,17932.44,170.95932,-0.011443973
199.95,59921.25,5513.4385,8.540905
62.0,17761.92,1709.5933,8.980465
113.149994,30262.95,3120.0076,9.690358
114.7,27948.75,3162.7476,10.734106
27.9,15625.2,769.31696,4.1053743
93.0,24249.51,2564.39,9.965513
54.25,24214.71,1495.8942,5.405742
108.5,22044.93,2991.7883,13.07246
110.049995,15644.34,3034.5278,19.113228
96.1,24293.88,2649.8696,10.310335
120.899994,16603.08,3333.7068,19.820282
37.199997,18275.22,1025.7559,4.820084
82.149994,23356.02,2265.211,9.056751
133.3,45553.2,3675.6257,7.3668175
80.6,16526.52,2222.4712,12.944489
120.899994,24974.22,3333.7068,12.841505
86.799995,21404.61,2393.4304,10.594749
48.05,12983.01,1324.9348,9.581982
91.45,29994.121,2521.65,7.7175922
63968.496,100255.32,1763872.8,1823.3481
88.35,19894.291,2436.1704,11.697759
68.2,21965.76,1880.5525,7.877427
134.84999,21603.84,3718.3652,16.847155
43.399998,16403.85,1196.7152,6.5647206
68.2,14076.6,1880.5525,12.852736
100.75,18288.27,2778.089,14.751483
108.5,24812.4,2991.7883,11.502877
117.799995,24756.72,3248.227,12.605082
82.149994,20076.12,2265.211,10.699755
124.0,18534.48,3419.1865,18.128912
224.75,27059.61,6197.276,22.748009
63.55,11403.96,1752.3331,14.933415
127.1,14100.96,3504.6663,24.771866
254.2,31912.47,7009.3325,21.775301
147.25,18330.03,4060.284,21.968948
172.04999,20353.65,4744.121,23.169147
91.45,21508.14,2521.65,11.157095
142.59999,29439.93,3932.0642,12.849424
-18.599998,12143.46,-512.8779,-5.379449
82.149994,12028.62,2265.211,18.527233
69.75,25893.81,1923.2925,6.701889
68.2,20628.57,1880.5525,8.452882
372.0,60866.07,10257.56,16.47498
60.449997,20592.9,1666.8534,7.3932037
88.35,21969.24,2436.1704,10.498482
43.399998,22334.64,1196.7152,4.555968
68.2,19936.05,1880.5525,8.781246
29.449999,14632.53,812.05676,4.7545958
93.0,21254.1,2564.39,11.51092
0.0,13328.4,0.0,-1.0
108.5,13746.87,2991.7883,21.567057
65.1,19220.041,1795.0729,8.684465
243.34999,23304.69,6710.1533,28.85637
38.75,15694.8,1068.4958,6.059354
51.149998,18679.77,1410.4144,6.829303
116.25,20015.22,3205.4873,15.606632
62.0,23365.59,1709.5933,6.5868926
77.5,21606.45,2136.9917,9.255748
187.54999,46222.23,5171.5195,10.601527
122.45,22011.871,3376.4465,14.905627
116.25,25619.76,3205.4873,11.973791
86.799995,17813.25,2393.4304,12.932387
83.7,22235.46,2307.951,9.762876
99.2,21430.71,2735.349,12.235003
88.35,27040.47,2436.1704,8.3420315
66.65,23592.66,1837.8129,7.0774126
105.399994,25530.15,2906.3083,10.80419
110.049995,19686.36,3034.5278,14.983562
3709.15,13126.561,102276.414,806.92755
105.399994,11671.92,2906.3083,24.819468
48.05,10758.42,1324.9348,11.770088
124.0,20045.67,3419.1865,16.686834
110.049995,14493.33,3034.5278,20.710548
97.649994,18078.6,2692.6094,14.443881
127.1,37784.1,3504.6663,8.618014
60.449997,14291.49,1666.8534,11.093939
54.25,16232.46,1495.8942,8.555741
57.35,10231.2,1581.3738,15.027132
54.25,18889.44,1495.8942,7.2116356
74.399994,22960.17,2051.5117,8.265029
153.45,28354.17,4231.243,14.473868
102.299995,16425.6,2820.8289,16.807518
48.05,19367.07,1324.9348,6.093792
15.5,11403.96,427.39832,2.8861988
232.5,48234.54,6410.9746,12.782049
133.3,28258.47,3675.6257,12.48747
38.75,9944.97,1068.4958,10.140822
48.05,14758.68,1324.9348,8.3088255
48.05,19729.86,1324.9348,5.9633527
142.59999,22544.31,3932.0642,17.08554
10.849999,21676.05,299.1788,0.43119407
40.3,16830.15,1111.2356,5.846459
170.5,45413.13,4701.3813,9.73475
9199.25,21565.56,253660.9,1218.6653
130.2,26112.18,3590.1458,13.256629
317.75,28229.76,8761.666,31.183064
32621.299,48984.48,899502.5,1903.1088
65.1,22328.55,1795.0729,7.3362246
41.85,17705.37,1153.9755,5.7583313
243.34999,47583.78,6710.1533,13.622492
105.399994,21293.25,2906.3083,13.152971
46.5,14626.44,1282.195,8.089988
162.75,30985.05,4487.682,14.018196
156.54999,20970.48,4316.7227,20.344875
12.4,22261.56,341.91864,0.5926305
83.7,25317.0,2307.951,8.452838
52.699997,14138.37,1453.1542,9.65762
15.5,14836.11,427.39832,1.9871747
83.7,19783.8,2307.951,11.096639
28936.95,47486.34,797909.9,1741.3405
75.95,22538.22,2094.2517,8.63512
142.59999,39090.84,3932.0642,9.430221
170.5,28118.4,4701.3813,16.33735
-3.1,13784.28,-85.47966,-1.643023
302.25,40869.99,8334.268,20.145151
1089.65,103654.414,30046.104,29.05718
404.55,26095.65,11155.096,43.32544
29628.25,45552.332,816971.9,1858.7063
173.59999,26697.69,4786.861,17.591953
86.799995,18668.46,2393.4304,12.294138
75.95,18783.3,2094.2517,10.561252
58.899998,21917.91,1624.1135,6.683606
69.75,19414.05,1923.2925,9.272522
1.55,26010.39,42.73983,-0.82961404
131.75,20016.96,3632.8857,17.819214
51.149998,21843.09,1410.4144,5.6954618
124.0,26720.31,3419.1865,12.268724
229.4,36399.06,6325.495,17.019894
13638.449,33975.24,376067.75,1146.761
105.399994,22055.371,2906.3083,12.663916
128.65,65816.37,3547.406,4.588881
302.25,20970.48,8334.268,40.21041
24.8,15044.04,683.8373,3.7134204
32.55,16522.17,897.53644,4.632911
65.1,15530.37,1795.0729,10.985279
105.399994,23295.99,2906.3083,11.93625
63.55,14398.5,1752.3331,11.61965
55.8,27733.86,1538.6339,4.752715
48.05,13645.95,1324.9348,9.067893
93.0,20482.41,2564.39,11.982277
94.549995,19937.791,2607.1296,12.559181
116.25,14791.74,3205.4873,21.471014
102.299995,15270.24,2820.8289,18.15485
102.299995,22839.24,2820.8289,11.806869
62.0,16363.83,1709.5933,9.833174
26.349998,23612.67,726.5771,2.190689
120.899994,22245.9,3333.7068,14.53908
110.049995,11537.94,3034.5278,26.271606
55.8,15131.91,1538.6339,9.543612
-18.599998,12833.37,-512.8779,-5.144014
119.35,29716.59,3290.967,10.483452
52.699997,25133.43,1453.1542,4.995257
41.85,14748.24,1153.9755,7.1134253
31.0,13382.34,854.79663,5.623364
20.15,20110.92,555.6178,1.8647854
103.85,21014.85,2863.5686,13.129578
34.1,16060.2,940.27625,5.0708904
103.85,26533.26,2863.5686,10.190896
1.55,13416.2705,42.73983,-0.6696694
51.149998,22074.51,1410.4144,5.62527
20.15,14171.43,555.6178,3.0654664
75.95,14314.98,2094.2517,14.170013
93.0,14919.63,2564.39,16.822716
13.95,11799.811,384.65848,2.380245
51.149998,20719.92,1410.4144,6.0584044
99.2,17774.97,2735.349,14.957019
21.699999,14856.12,598.3576,3.1764116
111.6,26220.93,3077.2678,11.169286
226.29999,53440.62,6240.015,11.107711
69.75,12251.34,1923.2925,15.278322
27.9,14752.59,769.31696,4.4073553
10.849999,28924.89,299.1788,0.07252383
110.049995,14778.69,3034.5278,20.291344
86025.0,86872.984,2372060.8,2830.3198
75.95,19684.62,2094.2517,10.031885
237.15,27629.46,6539.1943,23.541422
130.2,22930.59,3590.1458,15.234718
139.5,16359.48,3846.585,23.381123
187.54999,33353.19,5171.5195,15.077875
62.0,22913.19,1709.5933,6.7366886
72.85,9938.88,2008.7721,19.957579
58.899998,16097.61,1624.1135,9.461714
86.799995,14869.17,2393.4304,15.690985
139.5,35783.97,3846.585,10.146402
119.35,20324.07,3290.967,15.790388
58.899998,26227.02,1624.1135,5.421187
38.75,21280.2,1068.4958,4.2064896
26.349998,16041.93,726.5771,3.696485
97.649994,18385.71,2692.6094,14.185908
156.54999,21757.83,4316.7227,19.572472
55.8,23293.38,1538.6339,5.84937
94.549995,20203.14,2607.1296,12.381093
88.35,18007.26,2436.1704,13.028393
105.399994,37887.63,2906.3083,6.95412
43.399998,13910.43,1196.7152,7.920684
35.649998,13407.57,983.01605,6.602535
125.549995,19877.76,3461.9263,17.05919
65.1,28491.63,1795.0729,5.5330005
100.75,21451.59,2778.089,12.428718
703.69995,20675.55,19403.883,96.314926
69.75,24798.48,1923.2925,7.042076
60.449997,14662.11,1666.8534,10.788235
24.8,9986.73,683.8373,6.1003103
106.95,27311.91,2949.0483,10.1963825
120.899994,27274.5,3333.7068,11.67414
134.84999,18450.96,3718.3652,19.896854
51.149998,13478.04,1410.4144,9.850953
36121.2,49621.32,996009.0,2080.339
162.75,24406.11,4487.682,18.066519
54.25,10376.49,1495.8942,13.948523
133.3,39109.98,3675.6257,8.745218
127.1,22534.74,3504.6663,15.12657
94.549995,23544.81,2607.1296,10.481941
116.25,23905.86,3205.4873,12.903931
83.7,18686.73,2307.951,11.806815
54.25,17093.76,1495.8942,8.074259
102.299995,25721.55,2820.8289,10.371754
57.35,16896.27,1581.3738,8.704912
119.35,21007.89,3290.967,15.243849
31.0,16930.2,854.79663,4.2353845
43.399998,25614.541,1196.7152,3.8445354
66.65,19621.11,1837.8129,8.7123785
91.45,24650.58,2521.65,9.607317
69.75,11706.72,1923.2925,16.035622
108.5,22544.31,2991.7883,12.76074
94.549995,12226.11,2607.1296,21.111704
85.25,12108.66,2350.6907,19.130163
128.65,25708.5,3547.406,13.308102
103.85,22941.9,2863.5686,11.942736
54.25,23343.84,1495.8942,5.6447163
43.399998,7893.5103,1196.7152,14.720578
6651.05,21268.89,183396.61,893.117
77.5,14350.65,2136.9917,14.441132
114.7,20040.45,3162.7476,15.364584
124.0,25143.871,3419.1865,13.10063
173.59999,26790.78,4786.861,17.527351
416.94998,55246.742,11497.015,20.57875
168.95,27920.041,4658.6416,16.301794
348.75,78832.44,9616.462,11.64906
124.0,38967.3,3419.1865,8.098512
21.699999,16073.25,598.3576,2.860157
69.75,19574.13,1923.2925,9.188511
119.35,21086.19,3290.967,15.183533
21374.5,35453.37,589382.3,1722.8024
130.2,31357.41,3590.1458,10.871887
83.7,20649.45,2307.951,10.589534
52.699997,14368.92,1453.1542,9.486618
75.95,11232.57,2094.2517,18.332928
21.699999,20207.49,598.3576,2.0704095
71.299995,23942.4,1966.0321,7.5147276
38.75,10552.23,1068.4958,9.499689
415.4,21656.91,11454.274,53.84272
11358.399,23039.34,313197.47,1408.6006
99.2,22799.22,2735.349,11.44058
100.75,23416.05,2778.089,11.302133
145.7,23145.48,4017.5442,16.99875
297.59998,16989.36,8206.047,49.08468
46.5,18487.5,1282.195,6.1915708
167.4,21112.291,4615.902,21.670918
147.25,28695.21,4060.284,13.672187
120.899994,31694.1,3333.7068,9.906788
150.34999,23218.56,4145.7637,17.514719
113.149994,19705.5,3120.0076,15.417841
71.299995,15225.0,1966.0321,12.390018
75.95,19612.41,2094.2517,10.072503
151.9,22846.2,4188.5034,18.010468
41.85,20036.1,1153.9755,4.972158
97.649994,25363.11,2692.6094,10.008261
187.54999,24077.25,5171.5195,21.271997
62.0,24580.11,1709.5933,6.2120194
192.2,26702.041,5299.7393,19.580595
66.65,17774.97,1837.8129,9.721123
65.1,23101.98,1795.0729,7.0571365
74.399994,22357.26,2051.5117,8.51488
18.599998,10335.6,512.8779,4.145484
4.6499996,18929.46,128.21948,-0.2976337
60.449997,30404.76,1666.8534,4.68465
11378.55,12765.51,313753.1,2547.577
93.0,19251.36,2564.39,12.812444
110.049995,16576.98,3034.5278,17.981632
124.0,16518.69,3419.1865,20.46323
75.95,11339.58,2094.2517,18.150486
145.7,14704.74,4017.5442,27.330301
23395.7,33569.82,645115.0,1991.6729
100.75,23118.51,2778.089,11.460464
58.899998,19512.36,1624.1135,7.630868
7.75,12313.11,213.69916,0.79962873
75.95,19637.64,2094.2517,10.058276
103.85,21303.69,2863.5686,12.938005
9509.25,22568.67,262208.88,1203.7289
85.25,32667.63,2350.6907,6.461493
99.2,20551.14,2735.349,12.801451
80.6,23811.03,2222.4712,8.678451
52.699997,27483.3,1453.1542,4.482652
86.799995,22929.72,2393.4304,9.823555
108.5,33213.99,2991.7883,8.340233
-12.4,8337.21,-341.91864,-5.252555
24.8,11705.85,683.8373,5.05756
68.2,12989.1,1880.5525,14.012544
21608.549,35525.582,595835.94,1738.1353
44.949997,19913.43,1239.4551,5.454054
57.35,16418.64,1581.3738,8.987234
131.75,23963.28,3632.8857,14.72003
46.5,12268.74,1282.195,9.8368225
52.699997,9882.33,1453.1542,14.247555
46.5,8608.65,1282.195,14.444252
21.699999,11402.22,598.3576,4.4415083
12.4,13183.11,341.91864,1.6893837
-1.55,12751.59,-42.73983,-1.3475492
150.34999,26562.84,4145.7637,15.183702
113.149994,44005.47,3120.0076,6.351854
79.049995,16208.97,2179.7312,12.944259
96.1,19659.39,2649.8696,12.976626
128.65,20987.88,3547.406,16.526297
1.55,9182.85,42.73983,-0.5173824
52.699997,12079.08,1453.1542,11.474573
102.299995,19127.82,2820.8289,14.291819
38.75,13485.87,1068.4958,7.2156467
125.549995,22011.871,3461.9263,15.308302
153.45,27161.4,4231.243,15.153391
65.1,9148.92,1795.0729,19.345114
116.25,17573.13,3205.4873,17.91441
32.55,11048.13,897.53644,7.4238615
93.0,19992.6,2564.39,12.300338
305.34998,16641.36,8419.746,51.463596
376.65,60577.23,10385.779,16.777782
74.399994,23255.1,2051.5117,8.147527
60.449997,14138.37,1666.8534,11.224917
99.2,20273.61,2735.349,12.990382
100.75,18772.86,2778.089,14.344885
116.25,20913.93,3205.4873,14.893015
85.25,16149.811,2350.6907,14.093012
17.05,26286.18,470.13812,0.85458124
99.2,23047.17,2735.349,11.30674
60.449997,23466.51,1666.8534,6.3654075
158.09999,21633.42,4359.4624,19.895638
89.899994,23608.32,2478.9102,9.887886
110.049995,24579.24,3034.5278,11.801785
514.6,20498.94,14189.624,70.77734
280.55,23138.52,7735.909,33.66759
63.55,20228.37,1752.3331,7.9826336
106.95,15904.47,2949.0483,18.226957
60.449997,17775.84,1666.8534,8.723333
103.85,16592.64,2863.5686,16.89534
93.0,16222.0205,2564.39,15.391813
7.75,14382.84,213.69916,0.5406573
60.449997,13307.5205,1666.8534,11.988175
136.4,26764.68,3761.105,13.5714
133.3,29736.6,3675.6257,11.817043
162.75,26221.8,4487.682,16.746284
48.05,15415.53,1324.9348,7.912179
77.5,19701.15,2136.9917,10.2475815
131.75,22338.99,3632.8857,15.863047
175.15,21477.69,4829.601,22.316942
93.0,18986.01,2564.39,13.005487
69.75,26015.61,1923.2925,6.66583
32.55,12376.62,897.53644,6.519655
103.85,12990.84,2863.5686,21.856947
96.1,18948.6,2649.8696,13.500911
52.699997,19864.71,1453.1542,6.585379
55.8,10766.25,1538.6339,13.818994
10460.949,14210.58,288451.1,2103.7876
15.5,17915.041,427.39832,1.4737904
29.449999,17335.62,812.05676,3.8572998
77.5,14502.9,2136.9917,14.279033
60.449997,24084.21,1666.8534,6.1765027
120.899994,11595.36,3333.7068,28.811995
66.65,15653.91,1837.8129,11.173804
48.05,19061.7,1324.9348,6.2074356
113.149994,22948.86,3120.0076,13.09751
71.299995,20373.66,1966.0321,9.006206
79.049995,20381.49,2179.7312,10.089574
100.75,21566.43,2778.089,12.357212
69.75,16048.89,1923.2925,11.426483
82.149994,25363.11,2265.211,8.260918
97.649994,21822.21,2692.6094,11.794476
103.85,18193.44,2863.5686,15.32077
60.449997,23393.43,1666.8534,6.3884172
86.799995,24110.31,2393.4304,9.293567
62.0,10741.89,1709.5933,15.50289
58.899998,19642.86,1624.1135,7.5735273
91.45,23399.52,2521.65,10.174438
1410.5,12213.061,38893.246,329.21558
120.899994,22127.58,3333.7068,14.6221695
162.75,20802.57,4487.682,21.36933
88.35,17382.6,2436.1704,13.5325165
164.29999,27476.34,4530.422,16.097305
111.6,19410.57,3077.2678,15.43898
18.599998,12987.36,512.8779,3.0948782
6.2,13873.0205,170.95932,0.27781987
91.45,16631.791,2521.65,14.721488
120.899994,46247.46,3333.7068,6.4745903
57.35,22519.95,1581.3738,6.281402
77.5,24366.09,2136.9917,8.094208
198.4,30128.97,5470.698,17.828094
54914.95,80227.05,1514229.5,1956.126
17.05,17073.75,470.13812,1.855252
170.5,31680.18,4701.3813,14.388125
248.0,57836.73,6838.373,11.260182
29.449999,13033.47,812.05676,5.4606204
34.1,10915.0205,940.27625,7.932618
77.5,22901.01,2136.9917,8.676004
69.75,19616.76,1923.2925,9.16637
54.25,29387.73,1495.8942,4.278162
93.0,15699.15,2564.39,15.937752
165.84999,34047.45,4573.1616,12.927714
283.65,22243.291,7821.389,35.46135
26.349998,15520.8,726.5771,3.8541756
75.95,15060.57,2094.2517,13.419006
37.199997,19054.74,1025.7559,4.5819874
102.299995,16104.57,2820.8289,17.162495
108.5,11420.49,2991.7883,26.164017
66.65,13628.55,1837.8129,12.982973
25302.2,30446.52,697685.0,2375.1267
102.299995,24047.67,2820.8289,11.163305
79.049995,25538.85,2179.7312,7.850127
379.75,74213.61,10471.259,13.630636
111.6,22494.72,3077.2678,13.185105
49.6,19737.69,1367.6746,6.1851254
62.0,12918.63,1709.5933,12.722216
113.149994,18612.78,3120.0076,16.381702
24.8,17717.55,683.8373,3.0021834
41.85,22570.41,1153.9755,4.301576
77.5,17389.56,2136.9917,11.74272
7883.3,36178.95,217374.78,622.01874
100.75,22894.05,2778.089,11.582629
34.1,12455.79,940.27625,6.827662
40.3,13663.35,1111.2356,7.4332857
57.35,14931.811,1581.3738,9.9817095
424.69998,20358.0,11710.714,58.648037
27.9,15907.95,769.31696,4.014631
89.899994,17820.21,2478.9102,13.4243355
27.9,14202.75,769.31696,4.6166935
71.299995,19326.18,1966.0321,9.548542
35.649998,21506.4,983.01605,3.7395902
68.2,33940.44,1880.5525,4.745342
79.049995,24380.01,2179.7312,8.270795
66.65,18012.48,1837.8129,9.579756
71.299995,13992.21,1966.0321,13.569753
99.2,18326.55,2735.349,14.476755
164.29999,17958.541,4530.422,25.158657
29.449999,11849.4,812.05676,6.1062074
54.25,19242.66,1495.8942,7.0609016
93.0,14544.66,2564.39,17.282196
43.399998,13433.67,1196.7152,8.237278
144.15,26837.76,3974.8042,14.3573885
114.7,24364.35,3162.7476,12.460388
492.9,15086.67,13591.267,92.41453
46.5,24232.11,1282.195,4.486694
134.84999,25648.47,3718.3652,14.032751
34.1,12550.62,940.27625,6.768518
35.649998,17111.16,983.01605,4.95702
116.25,27760.83,3205.4873,10.97318
113.149994,33879.54,3120.0076,8.549179
46.5,28000.95,1282.195,3.7482018
55.8,12455.79,1538.6339,11.808902
110.049995,15876.63,3034.5278,18.818953
31.0,18785.041,854.79663,3.718441
74.399994,18223.02,2051.5117,10.673512
52.699997,18055.11,1453.1542,7.3456364
20.15,10393.89,555.6178,4.543013
41.85,17035.47,1153.9755,6.0240936
27.9,16763.16,769.31696,3.7587981
52.699997,26161.77,1453.1542,4.7596016
80.6,20972.22,2222.4712,9.98853
43.399998,15012.72,1196.7152,7.2656937
127.1,24795.871,3504.6663,13.655991
71.299995,20404.98,1966.0321,8.990848
26939.0,36320.76,742818.3,2119.682
91.45,24647.97,2521.65,9.608439
122.45,27536.371,3376.4465,11.714551
62.0,22225.02,1709.5933,6.976246
74.399994,25687.621,2051.5117,7.28129
289.85,48943.59,7992.3486,15.932711
72.85,13175.28,2008.7721,14.80952
83.7,16115.88,2307.951,13.849794
29.449999,14108.79,812.05676,4.9682155
260.4,48027.48,7180.2915,14.502443
320.84998,27311.91,8847.145,32.58914
102.299995,26399.28,2820.8289,10.079816
62.0,18257.82,1709.5933,8.709386
65.1,19657.65,1795.0729,8.468875
93.0,15469.47,2564.39,16.189234
38.75,22541.7,1068.4958,3.9151196
105.399994,19749.0,2906.3083,14.259645
125.549995,24070.291,3461.9263,13.913664
0.0,13914.78,0.0,-1.0
37.199997,18410.94,1025.7559,4.7771807
60.449997,13297.08,1666.8534,11.998373
91.45,15378.99,2521.65,16.00219
24.8,16154.16,683.8373,3.389512
159.65,37975.5,4402.2026,11.020275
150.34999,28476.84,4145.7637,14.095957
72.85,24085.08,2008.7721,7.6482935
20.15,23252.49,555.6178,1.4777334
51.149998,9859.71,1410.4144,13.833051
93.0,23133.3,2564.39,10.494613
124.0,22273.74,3419.1865,14.917598
23.25,17087.67,641.0975,2.8903537
120.899994,22371.18,3333.7068,14.452061
52.699997,17419.14,1453.1542,7.6503334
120.899994,20828.67,3333.7068,15.5963955
94.549995,16489.11,2607.1296,15.395071
124.0,23388.21,3419.1865,14.159108
114.7,21672.57,3162.7476,14.132196
133.3,19848.18,3675.6257,18.202532
82.149994,11332.62,2265.211,19.726511
114.7,16097.61,3162.7476,19.372812
65.1,28657.8,1795.0729,5.4951186
42381.65,65313.51,1168635.1,1854.3411
17.05,10439.13,470.13812,3.6699157
299.15,16471.71,8248.787,50.92772
71.299995,11344.8,1966.0321,16.969734
255.74998,35297.64,7052.072,19.716621
91.45,15502.53,2521.65,15.866699
173.59999,27447.63,4786.861,17.083971
65.1,12072.12,1795.0729,14.418652
38.75,14595.12,1068.4958,6.5912457
150.34999,27401.52,4145.7637,14.688369
108.5,11829.39,2991.7883,25.225056
58.899998,11817.21,1624.1135,13.251129
77.5,19006.02,2136.9917,10.658953
97.649994,20868.69,2692.6094,12.379074
134.84999,16825.8,3718.3652,21.915228
99.2,16875.39,2735.349,15.807644
299.15,35435.97,8248.787,23.137577
51.149998,12016.44,1410.4144,11.17079
89.899994,11881.59,2478.9102,20.633865
111.6,16969.35,3077.2678,17.803902
85.25,14444.61,2350.6907,15.874756
43.399998,14100.09,1196.7152,7.8006916
1878.6,19524.541,51800.676,274.10754
99.2,20500.68,2735.349,12.835422
124.0,26830.8,3419.1865,12.214084
175.15,18029.01,4829.601,26.777124
46.5,14380.23,1282.195,8.245622
-10.849999,9911.04,-299.1788,-4.130109
148.79999,25845.09,4103.0234,15.461668
150.34999,17313.0,4145.7637,23.830193
127.1,21775.23,3504.6663,15.689056
164.29999,28491.63,4530.422,15.488047
57.35,20775.6,1581.3738,6.892759
82.149994,21276.72,2265.211,10.039562
71.299995,27729.51,1966.0321,6.3518443
79.049995,25107.33,2179.7312,8.0022335
13.95,12411.42,384.65848,2.2136734
88.35,27317.13,2436.1704,8.247417
117.799995,15145.83,3248.227,21.23828
79.049995,10068.51,2179.7312,21.448412
89.899994,11851.14,2478.9102,20.68945
37.199997,17353.89,1025.7559,5.129076
97.649994,19589.791,2692.6094,13.252513
88.35,22575.63,2436.1704,10.189629
116.25,20347.56,3205.4873,15.335392
40.3,22640.88,1111.2356,4.089331
93.0,9362.94,2564.39,27.400087
85.25,19804.68,2350.6907,11.307662
334.8,54610.77,9231.804,16.52896
120.899994,17254.71,3333.7068,19.033997
52.699997,18248.25,1453.1542,7.257305
10.849999,9736.17,299.1788,2.1863286
178.25,42412.5,4915.0806,11.016684
116.25,20151.81,3205.4873,15.494072
2097.15,21767.4,57826.99,274.46848
35.649998,15166.71,983.01605,5.7207403
147.25,20949.6,4060.284,19.096876
-4.6499996,17400.0,-128.21948,-1.7641044
86.799995,23076.75,2393.4304,9.754595
120.899994,22251.99,3333.7068,14.534826
15.5,17614.02,427.39832,1.516067
110.049995,21704.76,3034.5278,13.497196
162.75,23800.59,4487.682,18.551598
71.299995,15587.79,1966.0321,12.078381
246.45,58247.37,6795.6333,11.097663
51.149998,12645.45,1410.4144,10.565391
57.35,12036.45,1581.3738,12.623353
74.399994,19893.42,2051.5117,9.693316
155.0,32698.95,4273.9834,12.553358
91.45,16348.17,2521.65,14.994237
122.45,31339.14,3376.4465,10.171737
72.85,18770.25,2008.7721,10.0970745
72.85,15570.39,2008.7721,12.377626
72.85,18675.42,2008.7721,10.153423
40.3,17881.98,1111.2356,5.443746
144.15,22040.58,3974.8042,17.699957
193.75,49776.18,5342.479,10.129333
158.09999,16402.11,4359.4624,26.560122
155.0,24086.82,4273.9834,17.399298
159.65,24588.81,4402.2026,17.564377
55.8,14574.24,1538.6339,9.947054
62.0,20255.34,1709.5933,7.751876
3.1,14663.85,85.47966,-0.3955468
24.8,12249.6,683.8373,4.7886696
34.1,25361.371,940.27625,2.8444183
85.25,18524.91,2350.6907,12.157921
1061.75,134027.84,29276.785,21.65042
80.6,19217.43,2222.4712,10.99192
63.55,19240.05,1752.3331,8.444052
49.6,12697.65,1367.6746,10.168819
13.95,16750.98,384.65848,1.3811293
83.7,27782.58,2307.951,7.613941
125.549995,42289.832,3461.9263,7.488476
26.349998,13679.01,726.5771,4.507759
38.75,23436.93,1068.4958,3.7273746
103.85,38327.85,2863.5686,6.7471323
83.7,20311.02,2307.951,10.782643
46.5,21009.63,1282.195,5.3282485
172.04999,40642.05,4744.121,11.103975
125.549995,36125.88,3461.9263,8.936816
99.2,25452.72,2735.349,10.143623
103.85,19177.41,2863.5686,14.483372
7.75,24447.871,213.69916,-0.09362143
167.4,42453.39,4615.902,10.274364
139.5,31658.43,3846.585,11.598935
148.79999,21336.75,4103.0234,18.93993
198.4,25609.32,5470.698,21.150963
184.45,19350.541,5086.04,26.25427
31.0,11437.0205,854.79663,6.74993
117.799995,18934.68,3248.227,16.788376
130.2,24641.01,3590.1458,14.107808
7201.3,30588.33,198569.25,672.138
51.149998,33805.59,1410.4144,3.3261952
91.45,24760.2,2521.65,9.560355
91.45,17914.17,2521.65,13.596071
105.399994,14605.561,2906.3083,19.633425
133.3,25686.75,3675.6257,13.837816
85.25,22632.18,2350.6907,9.770031
23.25,16294.23,641.0975,3.0797925
72.85,13985.25,2008.7721,13.893896
58.899998,16136.76,1624.1135,9.436333
85.25,27323.22,2350.6907,7.9209576
31.0,11723.25,854.79663,6.560711
97.649994,22598.25,2692.6094,11.355104
52.699997,11766.75,1453.1542,11.805692
58.899998,22048.41,1624.1135,6.6381288
108.5,29220.69,2991.7883,9.61667
74.399994,10522.65,2051.5117,19.21607
110.049995,44610.12,3034.5278,6.053515
206.15,28114.05,5684.3975,19.965677
35.649998,11647.561,983.01605,7.751319
75.95,15471.21,2094.2517,13.036295
80.6,12363.57,2222.4712,17.639751
147.25,26649.84,4060.284,14.798276
80.6,26911.71,2222.4712,7.5633307
29.449999,14805.66,812.05676,4.6873045
466.55,66941.28,12864.689,18.927515
127.1,17681.88,3504.6663,19.552568
52.699997,16021.05,1453.1542,8.405212
29.449999,15300.69,812.05676,4.5033007
100.75,26329.68,2778.089,9.940784
285.19998,41188.41,7864.1284,18.798098
127.1,23412.57,3504.6663,14.521921
57.35,12133.0205,1581.3738,12.514919
165.84999,14957.91,4573.1616,30.7025
99.2,22754.85,2735.349,11.464839
21.699999,14878.74,598.3576,3.170062
51.149998,12181.74,1410.4144,11.005639
111.6,17754.09,3077.2678,16.97276
181.34999,34518.12,5000.56,14.021709
23727.398,36216.36,654261.3,1872.244
48.05,23619.63,1324.9348,4.8166013
75.95,15117.12,2094.2517,13.365068
75.95,23648.34,2094.2517,8.18282
86.799995,18685.86,2393.4304,12.281759
14286.35,64273.86,393933.03,634.5298
83.7,23554.38,2307.951,9.160212
89.899994,24644.49,2478.9102,9.430108
117.799995,23142.871,3248.227,13.553821
93.0,11148.18,2564.39,22.852175
66.65,15866.19,1837.8129,11.010926
93.0,19876.89,2564.39,12.377762
116.25,20639.88,3205.4873,15.104038
46.5,13859.97,1282.195,8.592673
57.35,21408.96,1581.3738,6.6592603
58.899998,19213.08,1624.1135,7.7653093
62.0,11727.6,1709.5933,14.115815
124.0,19378.38,3419.1865,17.295876
71.299995,21189.72,1966.0321,8.620846
469.65,58388.31,12950.169,21.99839
181.34999,26290.53,5000.56,18.722738
43.399998,10162.47,1196.7152,11.210668
113.149994,21501.18,3120.0076,14.0467
85.25,19572.39,2350.6907,11.453731
133.3,24216.45,3675.6257,14.738693
80.6,19977.81,2222.4712,10.535493
65.1,13958.28,1795.0729,12.335155
11428.149,40976.13,315120.78,796.4326
120.899994,32385.75,3333.7068,9.673856
55.8,22961.041,1538.6339,5.9485087
105.399994,18133.41,2906.3083,15.619198
99.2,23294.25,2735.349,11.176204
51.149998,16764.03,1410.4144,7.7240114
125.549995,17065.92,3461.9263,20.034685
82.149994,11420.49,2265.211,19.56704
63.55,18421.38,1752.3331,8.863757
71.299995,22198.05,1966.0321,8.1838255
193.75,23019.33,5342.479,23.065674
41588.047,69423.39,1146752.4,1711.82
235.59999,41708.67,6496.454,15.150944
120.899994,22608.69,3333.7068,14.289733
83.7,14972.7,2307.951,14.983589
230.95,21723.03,6368.235,29.39811
37.199997,14816.97,1025.7559,6.1784797
124.0,16008.87,3419.1865,21.14675
34.1,17935.92,940.27625,4.436003
91.45,22160.64,2521.65,10.79914
57.35,12967.35,1581.3738,11.64536
51763.797,77165.52,1427339.4,1917.0142
35.649998,17609.67,983.01605,4.788383
32.55,20760.81,897.53644,3.4828649
89.899994,25649.34,2478.9102,9.021494
168.95,28946.64,4658.6416,15.688181
86.799995,20023.92,2393.4304,11.394231
55.8,17728.86,1538.6339,7.9991684
8593.2,20485.02,236949.64,1198.4097
131.75,27969.63,3632.8857,12.468303
14501.8,55591.26,399873.88,744.87213
199.95,22254.6,5513.4385,24.689203
2492.4,16893.66,68725.65,420.83533
72.85,20043.06,2008.7721,9.392367
71.299995,17096.37,1966.0321,10.924346
75.95,19825.56,2094.2517,9.953459
113.149994,23794.5,3120.0076,12.596494
-13.95,11766.75,-384.65848,-4.389742
34.1,14289.75,940.27625,5.8230524
58.899998,10495.68,1624.1135,15.045517
29.449999,15893.16,812.05676,4.298147
74.399994,24391.32,2051.5117,7.721408
134.84999,34555.53,3718.3652,10.157897
72.85,13604.19,2008.7721,14.311081
88.35,13620.72,2436.1704,17.546223
206.15,38086.86,5684.3975,14.475944
86.799995,39263.97,2393.4304,5.3208356
18590.7,27417.18,512621.53,1937.7506
215.45,44459.61,5940.8364,12.855743
68.2,19378.38,1880.5525,9.062731
38.75,18876.39,1068.4958,4.8695087
69.75,16670.94,1923.2925,10.962808
94.549995,13619.85,2607.1296,18.84898
85.25,19611.541,2350.6907,11.428869
66.65,23527.41,1837.8129,7.0998135
26.349998,19419.27,726.5771,2.8796868
77.5,18400.5,2136.9917,11.0426235
125.549995,25610.19,3461.9263,13.01693
144.15,26456.7,3974.8042,14.578583
168.95,32208.27,4658.6416,13.998222
137.95,20714.7,3803.845,18.041101
57.35,15459.03,1581.3738,9.607185
151.9,25070.791,4188.5034,16.323624
69.75,22790.52,1923.2925,7.7506227
22940.0,34354.56,632549.5,1908.2291
80.6,22773.99,2222.4712,9.11917
63.55,13519.8,1752.3331,12.439846
141.05,14709.96,3889.3247,26.416412
20.15,12146.94,555.6178,3.743044
91.45,18935.55,2521.65,12.808762
170.5,35097.54,4701.3813,12.889823
26.349998,14755.2,726.5771,4.106043
106.95,21776.97,2949.0483,13.042108
150.34999,23657.91,4145.7637,17.170883
57.35,16599.6,1581.3738,8.878359
147.25,23571.78,4060.284,16.861254
130.2,25713.72,3590.1458,13.477549
34.1,25214.34,940.27625,2.8668358
7.75,14582.94,213.69916,0.51951706
80.6,19806.42,2222.4712,10.635312
38.75,17926.35,1068.4958,5.1805744
203.04999,37685.79,5598.9175,14.405449
63.55,16617.87,1752.3331,9.934256
94.549995,27012.63,2607.1296,9.0079155
139.5,26282.7,3846.585,14.175858
100.75,24937.68,2778.089,10.55149
77.5,36171.12,2136.9917,5.126166
77.5,13155.2705,2136.9917,15.844221
74.399994,13632.9,2051.5117,14.603917
74.399994,13137.87,2051.5117,15.191866
62.0,15279.811,1709.5933,10.601728
136.4,24441.78,3761.105,14.956239
49.6,17749.74,1367.6746,6.9898505
114.7,24714.09,3162.7476,12.269903
7.75,21490.74,213.69916,0.031096578
74.399994,14000.04,2051.5117,14.194716
74.399994,24746.28,2051.5117,7.5963087
-18.599998,9167.19,-512.8779,-6.801304
176.7,46808.61,4872.341,9.793438
93.0,22439.041,2564.39,10.850254
19099.1,42816.18,526640.2,1274.4222
74.399994,21143.61,2051.5117,9.061037
43.399998,14095.74,1196.7152,7.8034077
31.0,13045.65,854.79663,5.7943034
486.69998,22075.38,13420.307,62.037952
124.0,22220.67,3419.1865,14.955614
85.25,16299.45,2350.6907,13.954448
66.65,11856.36,1837.8129,15.07303
49.6,18328.291,1367.6746,6.737643
40096.95,60287.52,1105636.8,1900.6603
40.3,19137.39,1111.2356,5.021037
66.65,21616.89,1837.8129,7.8156824
23945.95,29198.07,660287.6,2343.9138
156.54999,28505.55,4316.7227,14.702638
21.699999,11602.32,598.3576,4.3476605
100.75,21726.51,2778.089,12.258796
110.049995,14079.21,3034.5278,21.349136
24.8,11052.48,683.8373,5.415653
68.2,19245.27,1880.5525,9.13233
72.85,22667.85,2008.7721,8.188999
108.5,25249.14,2991.7883,11.286612
212.34999,22729.621,5855.357,25.712164
196.84999,25613.67,5427.9585,20.974176
117.799995,37526.582,3248.227,7.9754295
32.55,21067.92,897.53644,3.4175177
25328.549,26078.25,698411.56,2776.0317
75.95,18153.42,2094.2517,10.9623995
153.45,21891.81,4231.243,19.041683
14645.949,36048.45,403848.66,1160.6624
48.05,5334.84,1324.9348,24.752596
218.54999,38290.44,6026.316,15.319595
114.7,19539.33,3162.7476,15.784281
108.5,18319.59,2991.7883,15.934135
65.1,18465.75,1795.0729,9.080057
41.85,21875.28,1153.9755,4.4700446
75.95,27932.22,2094.2517,6.774479
40.3,21262.8,1111.2356,4.4191794
21.699999,17115.51,598.3576,2.6250906
106.95,22154.55,2949.0483,12.802789
71.299995,21862.23,1966.0321,8.324896
182.9,18163.86,5043.3,27.790854
-23.25,18906.84,-641.0975,-4.516033
119.35,20143.98,3290.967,15.940496
29.449999,11794.59,812.05676,6.1392307
139.5,26974.35,3846.585,13.786733
110.049995,16083.69,3034.5278,18.563803
60.449997,20438.91,1666.8534,7.456439
125.549995,15869.67,3461.9263,21.62027
94.549995,8778.3,2607.1296,29.79641
119.35,11339.58,3290.967,29.09362
102.299995,22589.55,2820.8289,11.948427
52.699997,15384.21,1453.1542,8.794547
103.85,11426.58,2863.5686,24.985985
99.2,13042.17,2735.349,20.747572
158.09999,23292.51,4359.4624,18.407272
77.5,20450.22,2136.9917,9.835594
77.5,16055.85,2136.9917,12.801219
134.84999,26381.88,3718.3652,13.614843
5446.6997,15947.97,150187.77,975.51074
69.75,22057.11,1923.2925,8.041586
100.75,24791.52,2778.089,10.619593
102.299995,22029.27,2820.8289,12.277751
110.049995,24497.46,3034.5278,11.8445215
155.0,48170.16,4273.9834,8.200313
182.9,28758.72,5043.3,17.184153
43.399998,14847.42,1196.7152,7.3577175
113.149994,39141.3,3120.0076,7.265484
31.0,19735.95,854.79663,3.4910994
12.4,22346.82,341.91864,0.58655417
17.05,19607.19,470.13812,1.4863257
-31.0,22533.0,-854.79663,-4.933614
79.049995,16438.65,2179.7312,12.749429
79.049995,16580.46,2179.7312,12.631832
91.45,19698.541,2521.65,12.273902
114.7,22386.84,3162.7476,13.649393
38.75,14040.93,1068.4958,6.890869
94.549995,18305.67,2607.1296,13.768109
72.85,23725.77,2008.7721,7.7792673
97.649994,24025.05,2692.6094,10.621359
102.299995,22914.93,2820.8289,11.764566
130.2,27984.42,3590.1458,12.302818
51.149998,16421.25,1410.4144,7.9061174
52.699997,22224.15,1453.1542,5.7800736
97.649994,24440.91,2692.6094,10.423623
63.55,13466.73,1752.3331,12.492808
68.2,21162.75,1880.5525,8.214276
69.75,22308.541,1923.2925,7.939681
271.25,31587.09,7479.4707,23.553259
57.35,19922.13,1581.3738,7.2308865
134.84999,22637.4,3718.3652,16.032303
97.649994,19831.65,2692.6094,13.078693
46868.9,65514.48,1292367.0,2044.4856
85.25,13526.76,2350.6907,17.019785
303.8,77814.54,8377.007,10.162873
24.8,14948.34,683.8373,3.7435956
41.85,13395.39,1153.9755,7.932831
29.449999,18604.95,812.05676,3.5259085
85.25,20257.08,2350.6907,11.032795
79.049995,15228.48,2179.7312,13.842062
51.149998,17921.13,1410.4144,7.160734
18964.25,29165.88,522921.84,1858.1292
134.84999,17508.75,3718.3652,21.021393
20.15,15788.76,555.6178,2.6490183
105.399994,12927.33,2906.3083,22.312063
96.1,21770.01,2649.8696,11.621581
57.35,19910.82,1581.3738,7.2355623
93.0,24477.45,2564.39,9.8634
35.649998,21659.52,983.01605,3.7060843
66.65,16546.53,1837.8129,10.5170765
89.899994,21191.46,2478.9102,11.129636
72.85,26092.17,2008.7721,6.9830403
130.2,23753.61,3590.1458,14.672214
65.1,24587.94,1795.0729,6.5702085
57.35,12690.69,1581.3738,11.921031
145.7,24964.65,4017.5442,15.687183
54.25,26986.53,1495.8942,4.747801
52.699997,20432.82,1453.1542,6.374478
62562.65,68066.19,1725107.8,2627.0442
-15.5,19418.4,-427.39832,-3.2822711
55.8,14185.35,1538.6339,10.247167
-7.75,12864.69,-213.69916,-2.7224689
58.899998,17822.82,1624.1135,8.449043
131.75,25409.22,3632.8857,13.825463
-7.75,17604.45,-213.69916,-2.2587175
34.1,17045.041,940.27625,4.720122
106.95,17191.2,2949.0483,16.787855
97.649994,13084.8,2692.6094,20.338022
79.049995,13541.55,2179.7312,15.691004
19912.85,32880.78,549078.6,1730.571
62.0,11609.28,1709.5933,14.269872
164.29999,27500.7,4530.422,16.08216
49.6,12956.04,1367.6746,9.946074
62.0,20635.53,1709.5933,7.5906305
108.5,16719.66,2991.7883,17.554586
105.399994,20953.08,2906.3083,13.382742
86.799995,28350.69,2393.4304,7.75397
192.2,50659.23,5299.7393,9.847854
17.05,19025.16,470.13812,1.5623889
111.6,5398.35,3077.2678,58.108795
100.75,36704.43,2778.089,6.8482995
40.3,12080.82,1111.2356,8.538006
124.0,16011.48,3419.1865,21.143139
100.75,14247.12,2778.089,19.21934
8560.649,20415.42,236052.08,1197.9398
96.1,15902.73,2649.8696,16.278288
62.0,13266.63,1709.5933,12.362265
131.75,23289.03,3632.8857,15.175146
96.1,17079.84,2649.8696,15.087502
49.6,10521.78,1367.6746,12.478496
85.25,25636.291,2350.6907,8.507978
74.399994,8530.35,2051.5117,23.937622
142.59999,24564.45,3932.0642,15.598219
34.1,17480.041,940.27625,4.577774
91.45,20873.91,2521.65,11.526475
207.7,45368.76,5727.137,12.089666
93.0,23863.23,2564.39,10.143015
455.69998,79497.99,12565.51,15.38973
251571.19,137669.67,6936845.5,5223.823
15.5,15795.72,427.39832,1.8057003
119.35,18595.38,3290.967,17.351278
63.55,20449.35,1752.3331,7.885565
24.8,15147.57,683.8373,3.6812053
57.35,13745.13,1581.3738,10.929811
88.35,19694.19,2436.1704,11.826774
68.2,9863.19,1880.5525,18.770422
105.399994,18993.84,2906.3083,14.866343
80.6,15236.311,2222.4712,14.125307
46.5,12708.96,1282.195,9.461452
72.85,20064.81,2008.7721,9.381103
86.799995,25195.2,2393.4304,8.850333
117.799995,24636.66,3248.227,12.671382
77.5,18436.17,2136.9917,11.019323
57.35,16624.83,1581.3738,8.863367
144.15,26389.71,3974.8042,14.618128
77.5,16368.18,2136.9917,12.537869
35.649998,19217.43,983.01605,4.304118
131.75,24621.871,3632.8857,14.299546
13.95,23878.02,384.65848,0.67041683
105.399994,29645.25,2906.3083,9.165633
32.55,17192.94,897.53644,4.4131474
32.55,22071.03,897.53644,3.2167454
51.149998,27250.14,1410.4144,4.3669295
46.5,19640.25,1282.195,5.769474
32.55,16023.66,897.53644,4.8081555
269.69998,57681.0,7436.7305,12.368945
1134.6,25551.03,31285.557,125.964806
51.149998,16729.23,1410.4144,7.742158
268.15,60498.93,7393.9907,11.67299
54.25,12420.12,1495.8942,11.488864
21.699999,14875.26,598.3576,3.1710377
86.799995,21961.41,2393.4304,10.300781
43.399998,24172.08,1196.7152,4.133631
-9.299999,15521.67,-256.43896,-2.7131424
51.149998,22602.6,1410.4144,5.470476
63.55,20564.19,1752.3331,7.835944
119.35,18952.08,3290.967,17.005888
137.95,14985.75,3803.845,25.320381
20.15,17313.87,555.6178,2.3275907
89.899994,21219.3,2478.9102,11.113722
94.549995,15429.45,2607.1296,16.521048
372.0,41821.77,10257.56,24.432528
127.1,17724.51,3504.6663,19.503138
51.149998,20973.09,1410.4144,5.9732018
58.899998,22862.73,1624.1135,6.366075
189.09999,43163.31,5214.2593,11.526385
114.7,27652.95,3162.7476,10.859625
99.2,7805.64,2735.349,35.337257
12.4,13739.04,341.91864,1.5805619
102.299995,22901.88,2820.8289,11.77184
131.75,24749.76,3632.8857,14.22049
100.75,22038.84,2778.089,12.070895
100.75,22768.77,2778.089,11.651863
103.85,22792.26,2863.5686,12.027711
66.65,16562.19,1837.8129,10.5061865
106.95,23469.99,2949.0483,12.029174
102.299995,23831.91,2820.8289,11.273424
38.75,10900.23,1068.4958,9.164477
55.8,18673.68,1538.6339,7.5438433
111.6,32574.541,3077.2678,8.795687
49.6,21107.94,1367.6746,5.718693
32.55,17587.92,897.53644,4.2915816
120.899994,25353.541,3333.7068,12.634419
21.699999,14863.08,598.3576,3.1744561
83.7,20298.84,2307.951,10.789713
148.79999,22487.76,4103.0234,17.919327
77.5,10220.76,2136.9917,20.680412
967.19995,16044.54,26669.654,171.3606
105.399994,19421.88,2906.3083,14.516662
82.149994,17663.61,2265.211,12.297716
41.85,23730.99,1153.9755,4.042299
74.399994,19470.6,2051.5117,9.925531
106.95,25147.35,2949.0483,11.160111
15.5,17055.48,427.39832,1.5984643
102.299995,16632.66,2820.8289,16.585833
63.55,17999.43,1752.3331,9.094988
77.5,21311.52,2136.9917,9.397676
86.799995,20850.42,2393.4304,10.90293
91.45,22823.58,2521.65,10.456419
32.55,14436.78,897.53644,5.4465837
58.899998,17724.51,1624.1135,8.501453
54.25,12581.07,1495.8942,11.329094
94.549995,21770.88,2607.1296,11.41751
79.049995,19709.85,2179.7312,10.467467
88.35,12652.41,2436.1704,18.965595
164.29999,20063.07,4530.422,22.41473
220.09999,27891.33,6069.0557,21.563152
65.1,11293.47,1795.0729,15.481722
99.2,42883.17,2735.349,5.6141458
48.05,15025.7705,1324.9348,8.143356
58.899998,13662.48,1624.1135,11.326356
93.0,17089.41,2564.39,14.559832
182.9,22590.42,5043.3,22.149326
77.5,32942.55,2136.9917,5.726567
9.299999,19141.74,256.43896,0.38915431
119.35,18773.73,3290.967,17.176943
277.44998,59416.65,7650.4297,12.351362
-4.6499996,19848.18,-128.21948,-1.6698556
29.449999,15467.73,812.05676,4.443869
72.85,25344.84,2008.7721,7.2184324
48.05,13314.48,1324.9348,9.318539
37.199997,19232.22,1025.7559,4.530475
58.899998,22660.02,1624.1135,6.4319706
103.85,15256.32,2863.5686,18.462816
172.04999,32183.91,4744.121,14.284979
13681.85,46903.44,377264.5,833.0443
80.6,27349.32,2222.4712,7.4263115
165.84999,31139.91,4573.1616,14.228148
34.1,16638.75,940.27625,4.859798
14494.05,22874.91,399660.16,1810.6709
41.85,13900.86,1153.9755,7.6080103
93.0,13608.54,2564.39,18.539814
125.549995,11518.8,3461.9263,30.16438
52.699997,19624.59,1453.1542,6.678192
7.75,16138.5,213.69916,0.37305367
102.299995,28008.78,2820.8289,9.443124
54.25,31830.69,1495.8942,3.8730702
145.7,21902.25,4017.5442,18.020407
331.69998,16257.69,9146.323,57.335854
51.149998,20984.4,1410.4144,5.969443
102751.05,154117.89,2833266.0,1905.2603
71.299995,24296.49,1966.0321,7.3906374
38.75,24065.07,1068.4958,3.6039815
48.05,22490.371,1324.9348,5.1086574
27.9,18740.67,769.31696,3.2566514
88.35,17297.34,2436.1704,13.604148
238.7,35580.39,6581.934,18.181858
94.549995,20636.4,2607.1296,12.100159
31.0,12593.25,854.79663,6.0383825
323.94998,25798.98,8932.624,34.902473
164.29999,45878.582,4530.422,9.239448
91.45,20657.28,2521.65,11.657839
77.5,13392.78,2136.9917,15.545502
150.34999,23602.23,4145.7637,17.21375
4251.65,26913.45,117235.36,450.68652
102.299995,17047.65,2820.8289,16.15774
89.899994,13645.95,2478.9102,17.836704
43.399998,13072.62,1196.7152,8.4924
167.4,26670.72,4615.902,16.946085
37.199997,22030.14,1025.7559,3.8280816
120.899994,18844.2,3333.7068,17.34415
43.399998,10926.33,1196.7152,10.357019
10.849999,21283.68,299.1788,0.45757866
13308.3,34300.62,366964.2,1108.3525
134.84999,37274.28,3718.3652,9.34405
93.0,16382.97,2564.39,15.230778
60.449997,19748.13,1666.8534,7.752242
1044.7,18444.0,28806.645,160.95168
93.0,21007.02,2564.39,11.658071
111.6,18046.41,3077.2678,16.681633
161.2,23864.97,4444.9424,18.313148
125.549995,25737.21,3461.9263,12.947752
62.0,15335.49,1709.5933,10.559606
62.0,13004.76,1709.5933,12.631333
106.95,21932.7,2949.0483,12.942405
96.1,11585.79,2649.8696,22.716288
1016.8,141455.9,28037.33,19.552443
49.6,8803.53,1367.6746,15.109194
69.75,14179.26,1923.2925,13.064998
88.35,17808.03,2436.1704,13.185337
69.75,17869.8,1923.2925,10.160239
49.6,11658.0,1367.6746,11.164845
26.349998,10933.29,726.5771,5.8909435
40.3,15121.47,1111.2356,6.6200886
111.6,22315.5,3077.2678,13.299029
23626.648,28089.69,651483.2,2403.9395
48.05,15675.66,1324.9348,7.764286
77.5,9857.1,2136.9917,21.480272
111.6,29322.48,3077.2678,9.882094
71.299995,15310.26,1966.0321,12.315453
102.299995,20443.26,2820.8289,13.307854
89.899994,25948.621,2478.9102,8.9059105
72.85,22580.85,2008.7721,8.224403
54.25,19480.17,1495.8942,6.96262
48.05,28272.39,1324.9348,3.8593688
117.799995,18755.46,3248.227,16.958353
89.899994,24844.59,2478.9102,9.346104
6928.5,21241.05,191047.05,931.63605
55.8,25542.33,1538.6339,5.2462974
6429.4,59931.69,177284.83,305.7347
192.2,28775.25,5299.7393,18.097797
54.25,21715.2,1495.8942,6.14307
113.149994,20777.34,3120.0076,14.570896
63.55,22046.67,1752.3331,7.24179
79.049995,12969.09,2179.7312,16.42775
6286.8,23795.371,173352.75,754.4159
44.949997,16315.98,1239.4551,6.8770843
60.449997,24020.7,1666.8534,6.195478
103.85,24206.01,2863.5686,11.266828
105.399994,33393.21,2906.3083,8.024672
52.699997,20426.73,1453.1542,6.3766766
144.15,18685.86,3974.8042,21.057207
2858.2,67255.35,78812.25,120.510765
179.79999,38750.67,4957.8203,12.266594
167.4,39159.57,4615.902,11.222682
71.299995,23183.76,1966.0321,7.793356
110.049995,18939.03,3034.5278,15.614271
155.0,27233.61,4273.9834,15.273294
49.6,15160.62,1367.6746,8.354351
66.65,18781.56,1837.8129,9.146528
65.1,12715.92,1795.0729,13.638014
-3.1,22355.52,-85.47966,-1.3964841
66.65,36657.45,1837.8129,4.198606
133.3,20919.15,3675.6257,17.219444
7.75,15872.28,213.69916,0.39608347
77.5,21860.49,2136.9917,9.136565
37.199997,14698.65,1025.7559,6.236264
106.95,28422.9,2949.0483,9.7587385
83.7,22624.35,2307.951,9.577873
49.6,12239.16,1367.6746,10.5872135
38.75,11664.09,1068.4958,8.498824
65.1,15107.55,1795.0729,11.320715
111.6,24555.75,3077.2678,11.994512
46.5,23590.92,1282.195,4.6358194
128.65,23477.82,3547.406,14.667547
68.2,18614.52,1880.5525,9.475663
119.35,14445.48,3290.967,22.623238
131.75,21631.68,3632.8857,16.414434
145.7,16835.37,4017.5442,23.744911
46.5,29809.68,1282.195,3.4601002
17891.65,29207.64,493345.9,1750.4708
199.95,28532.52,5513.4385,19.036888
361.15,60585.93,9958.381,16.043737
74.399994,22262.43,2051.5117,8.555409
257.3,26555.01,7094.812,26.70399
48.05,17975.94,1324.9348,6.6427703
108.5,26207.88,2991.7883,10.837142
111.6,17102.46,3077.2678,17.657547
110.049995,19431.45,3034.5278,15.193243
114.7,22115.4,3162.7476,13.829196
102.299995,23256.84,2820.8289,11.576909
151.9,52383.57,4188.5034,7.291091
75.95,17730.6,2094.2517,11.247666
136.4,22579.98,3761.105,16.271887
55.8,12261.78,1538.6339,12.011568
271.25,52769.85,7479.4707,13.697142
162.75,35126.25,4487.682,12.24763
29941.35,62568.66,825605.3,1367.2439
-6.2,11632.7705,-170.95932,-2.5239036
60.449997,21139.26,1666.8534,7.1762753
116.25,23900.64,3205.4873,12.906966
44.949997,21796.11,1239.4551,4.896573
40.3,13490.22,1111.2356,7.5415173
75.95,15025.7705,2094.2517,13.452401
72.85,21630.81,2008.7721,8.629544
178.25,26653.32,4915.0806,18.12173
117.799995,22847.07,3248.227,13.7422495
215.45,19181.76,5940.8364,31.114933
83.7,23741.43,2307.951,9.080163
151.9,26695.08,4188.5034,15.26955
82.149994,19394.91,2265.211,11.110686
48.05,22207.621,1324.9348,5.1864333
31.0,17659.26,854.79663,4.019243
38.75,16429.08,1068.4958,5.743843
77.5,20177.041,2136.9917,9.982298
34.1,24273.871,940.27625,3.0166526
62.0,25143.871,1709.5933,6.050315
85.25,19842.96,2350.6907,11.283917
108.5,20129.19,2991.7883,14.411768
114.7,24898.53,3162.7476,12.171605
100.75,24112.05,2778.089,10.947028
52.699997,9711.81,1453.1542,14.515272
145.7,18698.91,4017.5442,21.278824
69.75,14314.11,1923.2925,12.932494
68.2,13215.3,1880.5525,13.755581
125.549995,16034.97,3461.9263,21.387085
159.65,20869.56,4402.2026,20.872812
68.2,14756.94,1880.5525,12.214082
89.899994,17550.51,2478.9102,13.645996
35443.848,25929.48,977331.7,3907.373
88.35,29758.35,2436.1704,7.4888077
158.09999,28605.6,4359.4624,14.802644
733.14996,31945.53,20215.94,64.619316
88.35,22113.66,2436.1704,10.423388
2957.4,25834.65,81547.59,326.30786
110.049995,24901.14,3034.5278,11.636295
184.45,35371.59,5086.04,13.909843
201.5,34190.13,5556.178,15.850908
209.25,44232.54,5769.8774,12.5261
131.75,23562.21,3632.8857,14.987611
139.5,23483.041,3846.585,15.98513
127.1,13439.76,3504.6663,26.039774
38.75,19121.73,1068.4958,4.7942004
40.3,11940.75,1111.2356,8.649891
55.8,23432.58,1538.6339,5.808682
100.75,19280.07,2778.089,13.941198
158.09999,21274.11,4359.4624,20.248556
5772.1997,43531.32,159163.12,378.1303
66.65,17920.26,1837.8129,9.634201
41.85,17903.73,1153.9755,5.6834536
83.7,21695.19,2307.951,10.030901
1408.95,130970.67,38850.508,29.75888
151.9,19547.16,4188.5034,21.218927
89.899994,18516.21,2478.9102,12.882144
106.95,31045.95,2949.0483,8.849741
91.45,17881.98,2521.65,13.622347
86.799995,19273.98,2393.4304,11.876484
38.75,21823.95,1068.4958,4.076769
85.25,20101.35,2350.6907,11.126017
186.0,28466.4,5128.78,17.682259
454.15,74199.69,12522.7705,16.50033
102.299995,18756.33,2820.8289,14.594689
145.7,22655.67,4017.5442,17.387878
102.299995,14064.42,2820.8289,19.7971
21.699999,14613.39,598.3576,3.2457824
66.65,24722.791,1837.8129,6.708177
310.0,24225.15,8547.967,35.588467
29.449999,22142.371,812.05676,2.802858
125.549995,21693.45,3461.9263,15.547678
96.1,17409.57,2649.8696,14.78281
74.399994,16445.61,2051.5117,11.9351635
75.95,28537.74,2094.2517,6.609518
6.2,18826.8,170.95932,-0.05840504
38.75,3836.7,1068.4958,27.87772
58.899998,14361.96,1624.1135,10.726018
85.25,16869.3,2350.6907,13.449283
21.699999,17312.13,598.3576,2.5839188
35887.15,32917.32,989555.3,3116.1914
94.549995,10828.0205,2607.1296,23.966717
80.6,14810.01,2222.4712,14.560684
52.699997,25250.01,1453.1542,4.967577
162.75,35102.76,4487.682,12.2564945
133.3,23622.24,3675.6257,15.134596
48.05,14965.74,1324.9348,8.180032
24.8,18797.22,683.8373,2.772307
63.55,12518.43,1752.3331,13.514922
110.049995,24975.09,3034.5278,11.59888
88.35,15163.23,2436.1704,15.659571
131.75,16985.01,3632.8857,21.178585
142.59999,27820.86,3932.0642,13.65541
55.8,15251.1,1538.6339,9.461213
74.399994,31923.78,2051.5117,5.6635795
127.1,32060.371,3504.6663,10.335117
24.8,10978.53,683.8373,5.4588685
103.85,23173.32,2863.5686,11.813483
124.0,22063.2,3419.1865,15.069492
82.149994,26593.291,2265.211,7.8325167
-7.75,14589.9,-213.69916,-2.5187922
55.8,16750.98,1538.6339,8.524517
124.0,38620.17,3419.1865,8.180291
35.649998,22470.36,983.01605,3.5362654
86.799995,21377.64,2393.4304,10.609377
207.7,43988.94,5727.137,12.500255
173.59999,32530.17,4786.861,14.258518
86.799995,20336.25,2393.4304,11.203877
86.799995,18502.291,2393.4304,12.413533
23.25,14328.9,641.0975,3.6393704
82.149994,20679.03,2265.211,10.358641
147.25,16731.84,4060.284,24.162893
93.0,16258.561,2564.39,15.354973
65.1,29254.621,1795.0729,5.3626127
158.09999,22174.56,4359.4624,19.385708
24.8,13331.01,683.8373,4.319093
159.65,28295.88,4402.2026,15.13224
17.05,19217.43,470.13812,1.5367522
125.549995,22937.55,3461.9263,14.650155
105.399994,20064.81,2906.3083,14.019466
103.85,23358.63,2863.5686,11.71183
113.149994,18899.88,3120.0076,16.117662
141.05,22311.15,3889.3247,17.075907
49.6,22817.49,1367.6746,5.2153096
93.0,17209.47,2564.39,14.451279
100.75,12722.88,2778.089,21.641678
82.149994,18255.21,2265.211,11.866774
184.45,18123.84,5086.04,28.098959
18.599998,9462.12,512.8779,4.6204805
80.6,17262.541,2222.4712,12.349938
66.65,19853.4,1837.8129,8.598741
83.7,14614.26,2307.951,15.375616
82.149994,21788.28,2265.211,9.780369
93.0,16852.77,2564.39,14.778316
83.7,19590.66,2307.951,11.215898
147.25,25306.56,4060.284,15.636852
85.25,18435.3,2350.6907,12.221877
15.5,20614.65,427.39832,1.149833
190.65,12816.84,5256.999,41.530926
40.3,12780.3,1111.2356,8.015981
15.5,11678.01,427.39832,2.7950008
156.54999,20570.28,4316.7227,20.760147
89.899994,19771.62,2478.9102,12.00069
111.6,22163.25,3077.2678,13.397257
65.1,13732.95,1795.0729,12.553958
621.55,15838.35,17138.672,111.20575
65.1,15971.46,1795.0729,10.654278
51.149998,11665.83,1410.4144,11.536576
32.55,14690.82,897.53644,5.3351064
286.75,60843.45,7906.869,12.475306
213.9,52963.86,5898.0967,10.547292
23.25,21485.52,641.0975,2.094041
65.1,12216.54,1795.0729,14.236378
58.899998,14361.09,1624.1135,10.726728
144.15,25387.47,3974.8042,15.234697
99.2,17734.08,2735.349,14.993812
26.349998,15622.59,726.5771,3.822548
261.94998,44935.5,7223.0312,15.667782
151.9,33381.9,4188.5034,12.010551
113.149994,25735.47,3120.0076,11.571046
96.1,23512.621,2649.8696,10.686147
94.549995,16564.8,2607.1296,15.320154
74.399994,21053.13,2051.5117,9.104276
128.65,21779.58,3547.406,15.889208
35.649998,22450.35,983.01605,3.5403085
58.899998,21443.76,1624.1135,6.8535013
113.149994,20403.24,3120.0076,14.856393
134.84999,19595.01,3718.3652,18.676798
226.29999,31235.61,6240.015,19.714933
77.5,23007.15,2136.9917,8.631366
124.0,21110.55,3419.1865,15.794657
71.299995,18138.63,1966.0321,10.239163
97.649994,21749.13,2692.6094,11.837466
71.299995,14198.4,1966.0321,13.35817
520.8,87495.9,14360.583,16.01893
55.8,16953.69,1538.6339,8.410635
63.55,19670.7,1752.3331,8.237293
296.05,54728.22,8163.3076,14.46688
55.8,15446.85,1538.6339,9.328643
99.2,23209.86,2735.349,11.220476
116.25,20839.11,3205.4873,14.950076
156.54999,47792.582,4316.7227,8.365728
94.549995,17406.96,2607.1296,14.530576
17.05,12594.12,470.13812,2.8708425
52.699997,11435.28,1453.1542,12.176885
434.0,60671.19,11967.153,19.452963
21052.1,35946.66,580492.4,1673.5028
89.899994,12799.44,2478.9102,19.082497
102.299995,13791.24,2820.8289,20.209053
31.0,19265.28,854.79663,3.6008215
6.2,22753.11,170.95932,-0.22088796
86.799995,15233.7,2393.4304,15.291584
49.6,22479.06,1367.6746,5.3088837
128.65,25946.01,3547.406,13.177127
99.2,18779.82,2735.349,14.103209
130.2,22506.03,3590.1458,15.540974
103.85,27008.28,2863.5686,9.994071
43.399998,20776.47,1196.7152,4.9726477
58.899998,13136.13,1624.1135,11.82026
85.25,21476.82,2350.6907,10.349413
97.649994,24911.58,2692.6094,10.207789
86.799995,29658.3,2393.4304,7.3680143
66.65,16736.19,1837.8129,10.386561
12.4,15010.98,341.91864,1.3619006
91.45,23343.84,2521.65,10.201093
54.25,12600.21,1495.8942,11.310366
34.1,23392.56,940.27625,3.1679797
75.95,23258.58,2094.2517,8.336703
125.549995,25287.42,3461.9263,13.195843
38192.0,26027.791,1053109.5,4194.504
130.2,26040.84,3590.1458,13.295685
737.8,17835.0,20344.16,117.28088
40.3,17810.64,1111.2356,5.469556
124.0,24115.53,3419.1865,13.701914
141.05,18961.65,3889.3247,20.268946
6570.4497,18518.82,181174.14,1013.4503
999.74994,16856.25,27567.19,168.58186
-6.2,13011.72,-170.95932,-2.362404
-17.05,11520.54,-470.13812,-5.23156
131.75,20182.26,3632.8857,17.66508
131.75,13082.19,3632.8857,27.795137
125.549995,25658.91,3461.9263,12.9903145
34.1,14111.4,940.27625,5.909287
63.55,22047.541,1752.3331,7.2414646
9.299999,17386.08,256.43896,0.5294322
43.399998,7107.9,1196.7152,16.458117
148.79999,22031.88,4103.0234,18.310802
88.35,29298.121,2436.1704,7.622154
175.15,23698.8,4829.601,20.131618
55.8,24355.65,1538.6339,5.550636
119.35,22372.92,3290.967,14.25277
63.55,39061.26,1752.3331,3.6517706
54.25,23731.86,1495.8942,5.536074
125.549995,19859.49,3461.9263,17.075804
110.049995,24707.13,3034.5278,11.73552
68.2,18076.86,1880.5525,9.78724
-1.55,18314.37,-42.73983,-1.2419851
69.75,16453.44,1923.2925,11.120946
75.95,14516.82,2094.2517,13.959093
68.2,22726.14,1880.5525,7.5804024
106.95,24998.58,2949.0483,11.232477
99.2,25796.371,2735.349,9.9951725
93.0,28963.17,2564.39,8.180912
17.05,21649.95,470.13812,1.2517309
52.699997,17055.48,1453.1542,7.834778
75.95,20873.041,2094.2517,9.403777
77.5,22743.541,2136.9917,8.742998
142.59999,31452.24,3932.0642,11.96334
320.84998,56611.77,8847.145,15.204823
-13.95,10915.89,-384.65848,-4.653962
52.699997,25464.9,1453.1542,4.917218
990.44995,109027.53,27310.752,24.97439
7.75,10103.31,213.69916,1.1932445
153.45,31118.16,4231.243,13.099443
260.4,29642.64,7180.2915,24.117306
156.54999,30453.48,4316.7227,13.698232
196.84999,18276.09,5427.9585,29.796484
153.45,18187.35,4231.243,23.12384
54.25,12809.01,1495.8942,11.1096945
55.8,17331.27,1538.6339,8.205615
86.799995,22249.38,2393.4304,10.154516
136.4,23622.24,3761.105,15.509815
80.6,24174.69,2222.4712,8.532858
3899.7998,22508.64,107533.414,494.38406
6.2,21655.17,170.95932,-0.18138617
147.25,23633.55,4060.284,16.814568
94.549995,18684.99,2607.1296,13.468304
41.85,17025.9,1153.9755,6.0280423
58.899998,8171.91,1624.1135,19.608229
60.449997,15227.61,1666.8534,10.350462
60.449997,14435.04,1666.8534,10.97367
1.55,12896.01,42.73983,-0.65634286
124.0,26163.51,3419.1865,12.551104
99.2,18779.82,2735.349,14.103209
156.54999,16562.19,4316.7227,26.026155
75.95,23963.28,2094.2517,8.062134
51.149998,10500.03,1410.4144,12.928491
88.35,21624.72,2436.1704,10.681673
75.95,18724.14,2094.2517,10.59778
66.65,10765.38,1837.8129,16.701897
162.75,32388.36,4487.682,13.367494
125.549995,21132.3,3461.9263,15.987087
52.699997,22020.57,1453.1542,5.8427553
128.65,24030.27,3547.406,14.307354
83.7,13304.91,2307.951,16.987156
141.05,15054.48,3889.3247,25.788988
75.95,24809.791,2094.2517,7.7529335
66.65,13200.51,1837.8129,13.436386
69.75,13485.0,1923.2925,13.789118
128.65,28221.93,3547.406,12.033831
131.75,22345.95,3632.8857,15.857798
69.75,24027.66,1923.2925,7.30007
12.4,16505.64,341.91864,1.1480198
21.699999,9089.76,598.3576,5.825843
39295.598,66039.96,1083540.1,1700.3203
49.6,12574.98,1367.6746,10.277772
63.55,12364.44,1752.3331,13.695693
71.299995,17563.56,1966.0321,10.607159
159.65,34784.34,4402.2026,12.12303
148.79999,18458.791,4103.0234,22.048817
26036.898,33227.91,717943.7,2239.45
35.649998,21494.22,983.01605,3.7422757
26.349998,18879.0,726.5771,2.9907136
60.449997,13510.23,1666.8534,11.793298
13.95,12782.04,384.65848,2.1204915
29583.299,24728.88,815732.4,3419.5117
96.1,15210.21,2649.8696,17.064968
117.799995,14897.88,3248.227,21.608398
16014.6,23371.68,441587.94,1958.1836
51.149998,14073.99,1410.4144,9.391479
97.649994,24302.58,2692.6094,10.4886465
167.4,21941.4,4615.902,20.81424
196.84999,43987.2,5427.9585,11.795525
105.399994,14636.01,2906.3083,19.5905
117.799995,28540.35,3248.227,10.801439
97.649994,13849.53,2692.6094,19.159798
57660.0,68937.93,1589921.8,2390.4724
94.549995,23367.33,2607.1296,10.569149
131.75,22142.371,3632.8857,16.012789
136.4,14816.97,3761.105,25.321095
94.549995,19372.291,2607.1296,12.954989
2283.15,15372.03,62955.77,423.6706
60.449997,19862.97,1666.8534,7.701639
68.2,14900.49,1880.5525,12.08678
142.59999,23296.86,3932.0642,16.501331
102.299995,17301.69,2820.8289,15.905815
203.04999,32715.48,5598.9175,16.745926
111.6,25431.84,3077.2678,11.546869
44.949997,11160.36,1239.4551,10.515968
86.799995,16916.28,2393.4304,13.671139
11539.75,26985.66,318198.06,1221.6787
41.85,10881.96,1153.9755,9.996066
209.25,32439.69,5769.8774,17.443264
24.8,12245.25,683.8373,4.7907257
65.1,14589.03,1795.0729,11.758615
215.45,31304.34,5940.8364,18.678452
37.199997,17127.69,1025.7559,5.2100215
62.0,18478.8,1709.5933,8.593275
218.54999,25811.16,6026.316,23.209858
52.699997,14723.01,1453.1542,9.234414
125.549995,24147.72,3461.9263,13.865844
30784.549,50008.47,848855.75,1759.1035
71.299995,26777.73,1966.0321,6.6131554
40487.547,87867.39,1116407.1,1316.4762
12.4,20866.95,341.91864,0.69907176
23.25,10258.17,641.0975,5.480404
69.75,16717.05,1923.2925,10.929811
164.29999,36495.63,4530.422,11.871989
83.7,24416.55,2307.951,8.801445
65.1,16335.12,1795.0729,10.394824
100.75,17763.66,2778.089,15.216667
4.6499996,11009.85,128.21948,0.20759284
4.6499996,23448.24,128.21948,-0.43298882
86.799995,19567.17,2393.4304,11.683545
110.049995,25527.541,3034.5278,11.326222
106.95,23622.24,2949.0483,11.945198
137.95,27429.36,3803.845,13.379872
119.35,23368.2,3290.967,13.603137
44.949997,15850.53,1239.4551,7.1083946
94.549995,28482.93,2607.1296,8.491303
147.25,16782.3,4060.284,24.087234
72.85,25554.51,2008.7721,7.151002
120.899994,25799.85,3333.7068,12.39856
54.25,18456.18,1495.8942,7.4044046
48.05,16025.4,1324.9348,7.5730133
37.199997,22713.96,1025.7559,3.6827288
285.19998,58256.94,7864.1284,12.99751
130.2,24539.22,3590.1458,14.170476
110.049995,13615.5,3034.5278,22.11029
91.45,17483.52,2521.65,13.9556
96.1,13686.84,2649.8696,19.075632
85.25,21421.14,2350.6907,10.378913
147.25,27174.45,4060.284,14.493286
93.0,41386.77,2564.39,5.4249597
10712.05,22628.7,295374.97,1352.5116
74.399994,18076.86,2051.5117,10.767898
31589.0,52728.09,871037.75,1711.9427
201.5,25796.371,5556.178,21.333944
66.65,18759.81,1837.8129,9.158293
119.35,20072.64,3290.967,16.000704
513.05,14025.2705,14146.884,103.59175
86.799995,21120.99,2393.4304,10.750448
13536.149,22425.121,373246.94,1724.875
103.85,23332.53,2863.5686,11.726051
215.45,26042.58,5940.8364,22.654375
26.349998,36734.01,726.5771,1.0509789
196.84999,33002.582,5427.9585,16.054401
85.25,17475.69,2350.6907,12.9479065
381.3,90138.09,10513.998,11.095043
111.6,25153.44,3077.2678,11.6857395
68.2,21897.03,1880.5525,7.9052916
82.149994,20933.07,2265.211,10.220795
373.55,58025.52,10300.299,17.406816
63.55,14267.13,1752.3331,11.73585
37.199997,19500.18,1025.7559,4.454479
35.649998,15327.66,983.01605,5.6501684
99.2,18180.39,2735.349,14.601179
131.75,26627.22,3632.8857,13.147307
145.7,28872.69,4017.5442,13.428504
482.05,87562.02,13292.088,14.740746
65.1,15798.33,1795.0729,10.781994
32.55,25866.84,897.53644,2.5979621
51.149998,6439.74,1410.4144,21.710478
189.09999,24813.27,5214.2593,20.789963
79.049995,17727.12,2179.7312,11.7500725
426.25,69223.29,11753.454,16.60602
190.65,23637.9,5256.999,22.060934
151.9,27746.91,4188.5034,14.652803
57.35,22944.51,1581.3738,6.1466684
94.549995,14642.1,2607.1296,17.463207
3256.5498,16996.32,89796.38,546.8376
83.7,15121.47,2307.951,14.826339
69.75,20684.25,1923.2925,8.641696
91.45,12216.54,2521.65,20.403482
62.0,10914.15,1709.5933,15.24242
122.45,26209.621,3376.4465,12.358171
80.6,12798.57,2222.4712,17.00622
75.95,19308.78,2094.2517,10.246617
43.399998,7712.55,1196.7152,15.089432
-17.05,14238.42,-470.13812,-4.423825
65.1,22084.95,1795.0729,7.428175
62.0,21000.06,1709.5933,7.44151
99.2,32345.73,2735.349,7.7688713
117.799995,22573.89,3248.227,13.920653
63.55,29374.68,1752.3331,5.1857367
130.2,21205.38,3590.1458,16.555527
-1.55,22936.68,-42.73983,-1.1932192
182.9,36425.16,5043.3,13.356917
94.549995,22343.34,2607.1296,11.09936
114.7,20634.66,3162.7476,14.893337
71.299995,17971.59,1966.0321,10.343629
74.399994,21752.61,2051.5117,8.779363
134.84999,19654.17,3718.3652,18.617569
72.85,12607.17,2008.7721,15.521936
266.6,44439.6,7351.2515,16.152958
170.5,25394.43,4701.3813,18.197067
88.35,20705.13,2436.1704,11.200498
62.0,13142.22,1709.5933,12.488757
244.9,32097.78,6752.893,20.815378
139.5,28562.1,3846.585,12.964747
46.5,11805.9,1282.195,10.26167
119.35,27325.83,3290.967,11.488148
271.25,48032.7,7479.4707,15.1466255
27.9,21848.31,769.31696,2.6511977
-7.75,5593.23,-213.69916,-4.9617586
835.44995,14339.34,23036.768,165.58667
86.799995,24687.99,2393.4304,9.052706
570.39996,23143.74,15728.257,69.46848
120.899994,44596.2,3333.7068,6.7513514
2045.9999,20262.3,56416.574,287.71265
51.149998,15939.2705,1410.4144,8.175425
71.299995,15840.96,1966.0321,11.869361
145.7,18581.46,4017.5442,21.419641
170.5,43921.082,4701.3813,10.0994215
40.3,15800.07,1111.2356,6.2928114
164.29999,12964.74,4530.422,35.234535
97.649994,23354.28,2692.6094,10.955143
799.8,46913.88,22053.754,47.744884
34.1,14194.92,940.27625,5.868634
238.7,41855.7,6581.934,15.305977
31.0,20900.88,854.79663,3.2407837
234.04999,19751.61,6453.7144,32.880917
119.35,21823.08,3290.967,14.63707
106.95,22666.11,2949.0483,12.491268
80.6,17676.66,2222.4712,12.037184
258.85,10845.42,7137.5522,67.24185
34.1,21333.27,940.27625,3.570313
136.4,28073.16,3761.105,12.892232
150.34999,30361.26,4145.7637,13.159002
34.1,22451.22,940.27625,3.3427358
71.299995,25054.26,1966.0321,7.136862
55.8,25889.46,1538.6339,5.1625457
34.1,19840.35,940.27625,3.9142137
96.1,18077.73,2649.8696,14.199471
89.899994,17628.81,2478.9102,13.580944
10237.75,21225.39,282296.6,1378.1066
4.6499996,18521.43,128.21948,-0.28216046
91.45,19253.97,2521.65,12.580394
37.199997,20874.78,1025.7559,4.0953026
113.149994,20642.49,3120.0076,14.672614
63.55,15405.09,1752.3331,10.795065
23.25,21808.291,641.0975,2.048248
40.3,16279.44,1111.2356,6.078065
63.55,18597.12,1752.3331,8.770547
32802.65,54160.11,904503.0,1730.7228
23.25,13688.58,641.0975,3.85639
108.5,28398.541,2991.7883,9.924026
43.399998,20994.84,1196.7152,4.910526
80.6,14731.71,2222.4712,14.64339
176.7,34960.082,4872.341,13.451505
29.449999,18552.75,812.05676,3.5386424
162.75,26187.871,4487.682,16.769278
323.94998,73954.35,8932.624,11.524581
93.0,34295.4,2564.39,6.75347
91.45,21461.16,2521.65,11.183707
63.55,23781.45,1752.3331,6.6405787
63.55,13665.96,1752.3331,12.296104
62.0,23222.041,1709.5933,6.6337914
80.6,17186.85,2222.4712,12.408732
58.899998,13990.47,1624.1135,11.037379
55.8,17538.33,1538.6339,8.096931
86.799995,12074.73,2393.4304,19.553759
55.8,16200.2705,1538.6339,8.848291
136.4,21442.89,3761.105,17.187792
1979.35,20632.92,54578.766,273.2906
20064.75,35371.59,553267.1,1620.9153
41.85,10554.84,1153.9755,10.336861
58.899998,14702.13,1624.1135,10.454708
124.0,24058.11,3419.1865,13.737003
210.79999,37503.09,5812.6167,15.071356
41.85,17777.58,1153.9755,5.7308793
100.75,25771.14,2778.089,10.177905
63.55,21309.78,1752.3331,7.5267906
38.75,21600.36,1068.4958,4.129319
11704.05,25032.51,322728.47,1335.8441
79.049995,20015.22,2179.7312,10.292509
103.85,23751.871,2863.5686,11.50137
66.65,24714.09,1837.8129,6.7108903
147.25,29149.35,4060.284,13.443599
82.149994,23460.42,2265.211,9.011998
91.45,23604.84,2521.65,10.077241
113.149994,21156.66,3120.0076,14.291723
94.549995,27056.13,2607.1296,8.991825
111.6,21377.64,3077.2678,13.926342
96.1,12157.38,2649.8696,21.601246
88.35,23699.67,2436.1704,9.658921
103.85,20471.1,2863.5686,13.504885
85.25,23366.46,2350.6907,9.431587
63.55,14403.72,1752.3331,11.615077
106.95,19741.17,2949.0483,14.490194
179.79999,34034.4,4957.8203,14.104995
71.299995,22193.7,1966.0321,8.185627
48.05,13703.37,1324.9348,9.025707
153.45,20084.82,4231.243,20.844793
27.9,13851.2705,769.31696,4.7592187
60.449997,19297.47,1666.8534,7.9566355
99.2,21966.63,2735.349,11.912109
85.25,23382.121,2350.6907,9.424602
21.699999,15452.94,598.3576,3.015111
-4.6499996,9704.85,-128.21948,-2.3699765
105.399994,20159.64,2906.3083,13.948816
68.2,11877.24,1880.5525,15.417908
65.1,20306.67,1795.0729,8.166241
99.2,23617.89,2735.349,11.009351
65.1,16099.35,1795.0729,10.561698
102.299995,20354.52,2820.8289,13.370232
51.149998,19491.48,1410.4144,6.503257
57.35,17862.84,1581.3738,8.179772
213.9,23426.49,5898.0967,25.106735
122.45,24348.69,3376.4465,13.379115
40.3,12873.39,1111.2356,7.9507847
96.1,20611.17,2649.8696,12.331215
91.45,19208.73,2521.65,12.612378
79.049995,15985.38,2179.7312,13.139298
158.09999,37272.54,4359.4624,11.128074
48.05,14825.67,1324.9348,8.266764
57.35,10595.73,1581.3738,14.475743
31.0,13383.21,854.79663,5.622934
187.54999,17704.5,5171.5195,29.288822
57.35,13113.51,1581.3738,11.504417
23.25,13781.67,641.0975,3.823587
114.7,13056.09,3162.7476,24.118824
108.5,24206.01,2991.7883,11.81609
94.549995,15601.71,2607.1296,16.327595
133.3,12360.96,3675.6257,29.833794
141.05,27264.93,3889.3247,13.791686
55.8,11935.53,1538.6339,12.367232
32.55,13719.03,897.53644,5.7838545
117.799995,16710.09,3248.227,19.156517
77.5,27968.76,2136.9917,6.9227786
212.34999,35797.02,5855.357,15.961115
23.25,10695.78,641.0975,5.2152624
51.149998,14350.65,1410.4144,9.191146
395.25,69624.36,10898.657,15.231537
69.75,14277.57,1923.2925,12.968151
99.2,21174.93,2735.349,12.394875
93.0,22922.76,2564.39,10.600188
116.25,19526.28,3205.4873,16.022465
-3.1,18943.38,-85.47966,-1.4679002
34.1,10819.32,940.27625,8.011631
103.85,16892.791,2863.5686,16.577377
24.8,11808.51,683.8373,5.004897
23932.0,34466.79,659903.0,1984.3046
125.549995,28074.9,3461.9263,11.786376
106.95,20017.83,2949.0483,14.27611
93.0,23483.91,2564.39,10.323
96.1,24297.36,2649.8696,10.308716
75.95,16257.69,2094.2517,12.357277
27.9,13204.86,769.31696,5.0411463
41.85,26200.05,1153.9755,3.5671191
49.6,20493.72,1367.6746,5.9200597
71.299995,12700.26,1966.0321,15.05188
97.649994,24758.46,2692.6094,10.277104
130.2,17675.791,3590.1458,20.061104
38.75,16340.34,1068.4958,5.7804675
49.6,15344.19,1367.6746,8.24244
35.649998,14438.5205,983.01605,6.0596924
133.3,18507.51,3675.6257,19.593548
77.5,24938.55,2136.9917,7.8854513
26.349998,15872.28,726.5771,3.7466836
162.75,24996.84,4487.682,17.615934
136.4,29913.21,3761.105,12.03768
148.79999,23389.95,4103.0234,17.189577
86.799995,23328.18,2393.4304,9.638682
75.95,16043.67,2094.2517,12.53546
77.5,14897.01,2136.9917,13.874816
289.85,16067.16,7992.3486,50.58022
66.65,12347.04,1837.8129,14.434278
102.299995,24469.621,2820.8289,10.953563
85.25,8197.14,2350.6907,28.735897
125.549995,27345.84,3461.9263,12.12727
100.75,11431.8,2778.089,24.198776
10.849999,18150.81,299.1788,0.70915973
128.65,20478.06,3547.406,16.962631
133.3,13642.47,3675.6257,26.937412
102.299995,14686.47,2820.8289,18.916233
31.0,15537.33,854.79663,4.7047195
52.699997,13171.8,1453.1542,10.439695
-9.299999,15511.23,-256.43896,-2.7142954
13.95,19379.25,384.65848,1.0581937
62.0,18566.67,1709.5933,8.5478735
91.45,22557.36,2521.65,10.591627
44.949997,21291.51,1239.4551,5.0363197
106.95,28342.86,2949.0483,9.789123
91.45,30530.041,2521.65,7.5645647
203.04999,62390.31,5598.9175,8.305395
85.25,23570.91,2350.6907,9.341106
82.149994,15772.23,2265.211,13.892357
34.1,17352.15,940.27625,4.6188836
533.2,17734.95,14702.503,84.96253
110.049995,44560.53,3034.5278,6.061365
74.399994,15373.7705,2051.5117,12.836986
72.85,16701.39,2008.7721,11.471707
110.049995,16806.66,3034.5278,17.72223
94.549995,24789.78,2607.1296,9.905305
94.549995,14442.0,2607.1296,17.719023
100.75,22611.3,2778.089,11.739973
128.65,20953.95,3547.406,16.554678
172.04999,53511.09,4744.121,8.193055
68.2,18270.0,1880.5525,9.673203
221.65,48057.06,6111.796,12.187411
161.2,24194.7,4444.9424,18.049948
102.299995,19887.33,2820.8289,13.707814
179.79999,36827.1,4957.8203,12.95954
55.8,48550.35,1538.6339,2.286176
162.75,29157.18,4487.682,14.95969
105.399994,24019.83,2906.3083,11.546414
80.6,26597.64,2222.4712,7.6644487
54.25,12335.73,1495.8942,11.574302
300.69998,14555.1,8291.527,58.070038
125.549995,21582.96,3461.9263,15.632391
89.899994,18376.14,2478.9102,12.98796
23.25,9425.58,641.0975,6.0528374
275.9,59591.52,7607.69,12.237812
124.0,23214.21,3419.1865,14.272734
54.25,14446.35,1495.8942,9.737189
2960.5,34177.95,81633.08,246.66695
77.5,16625.7,2136.9917,12.328178
83.7,13996.561,2307.951,16.098307
43.399998,9831.0,1196.7152,11.622373
60.449997,22223.28,1666.8534,6.7774487
103.85,21221.041,2863.5686,12.99229
44.949997,25009.02,1239.4551,4.13904
74.399994,13310.13,2051.5117,14.982311
32.55,16982.4,897.53644,4.4802566
102.299995,14464.62,2820.8289,19.221697
69.75,17822.82,1923.2925,10.189657
63.55,20453.7,1752.3331,7.8836756
195.29999,44077.68,5385.2188,11.668714
69221.445,80723.82,1908718.0,2450.8164
74.399994,12130.41,2051.5117,16.53664
46.5,13702.5,1282.195,8.702912
65.1,21381.99,1795.0729,7.705261
99.2,15305.91,2735.349,17.531113
86.799995,24097.26,2393.4304,9.299141
103.85,23038.47,2863.5686,11.888483
97.649994,21657.78,2692.6094,11.891615
83.7,15952.32,2307.951,14.002049
120.899994,19964.76,3333.7068,16.31455
28231.7,49289.85,778463.25,1636.6779
127.1,25555.38,3504.6663,13.220412
86.799995,23246.4,2393.4304,9.676108
100.75,19859.49,2778.089,13.505274
234.04999,29989.77,6453.7144,21.314362
60.449997,21880.5,1666.8534,6.89929
41.85,17034.6,1153.9755,6.024453
102.299995,23369.94,2820.8289,11.516043
85.25,17812.38,2350.6907,12.684262
14435.149,28089.69,398036.03,1468.3434
63.55,21357.63,1752.3331,7.5076857
63.55,12579.33,1752.3331,13.444651
167.4,24587.07,4615.902,18.466938
18.599998,18829.41,512.8779,1.8243933
34.1,14475.93,940.27625,5.7352996
52.699997,15093.63,1453.1542,8.98311
248.0,49291.59,6838.373,13.385595
79.049995,25236.96,2179.7312,7.9559927
27.9,21847.44,769.31696,2.6513429
35.649998,28643.88,983.01605,2.5585792
105.399994,17567.91,2906.3083,16.15416
89.899994,25542.33,2478.9102,9.063478
43.399998,19036.47,1196.7152,5.5185685
190.65,25464.9,5256.999,20.406408
82.149994,12538.44,2265.211,17.733246
103.85,24426.121,2863.5686,11.156287
102.299995,18725.88,2820.8289,14.6200485
38.75,15270.24,1068.4958,6.2556252
145.7,32507.55,4017.5442,11.815167
88.35,52919.492,2436.1704,3.7735324
23.25,22651.32,641.0975,1.9347994
65.1,14821.32,1795.0729,11.558653
139.5,23000.19,3846.585,16.341705
58.899998,21507.27,1624.1135,6.8303103
31.0,18890.31,854.79663,3.6921468
762.6,57097.23,21027.996,37.188335
243.34999,28923.15,6710.1533,23.056627
137.95,27428.49,3803.845,13.380328
41.85,10145.94,1153.9755,10.7937565
116.25,21782.19,3205.4873,14.259503
26.349998,11336.1,726.5771,5.6460853
69.75,17092.89,1923.2925,10.667497
156.54999,48232.8,4316.7227,8.280247
80.6,22114.53,2222.4712,9.420926
58.899998,18848.55,1624.1135,7.9348297
65.1,18050.76,1795.0729,9.3118
96.1,24065.94,2649.8696,10.417461
103.85,22008.39,2863.5686,12.491716
103.85,37832.82,2863.5686,6.848501
77.5,24798.48,2136.9917,7.9356394
91.45,21250.62,2521.65,11.304418
122.45,18671.94,3376.4465,17.750736
100.75,17774.1,2778.089,15.207142
62.0,14294.1,1709.5933,11.401775
130.2,31972.5,3590.1458,10.643495
103.85,22946.25,2863.5686,11.940283
32.55,15662.61,897.53644,4.9420433
51.149998,18015.96,1410.4144,7.117779
127.1,22867.08,3504.6663,14.892193
94.549995,19959.541,2607.1296,12.544405
65.1,12405.33,1795.0729,14.004504
94.549995,22996.71,2607.1296,10.755599
43.399998,12721.14,1196.7152,8.754672
22971.0,36001.47,633404.3,1823.3523
60.449997,13718.16,1666.8534,11.599386
62.0,24734.97,1709.5933,6.166866
43.399998,15355.5,1196.7152,7.0811796
29.449999,22387.71,812.05676,2.7611837
80.6,18494.46,2222.4712,11.460697
71.299995,16609.17,1966.0321,11.274125
124.0,18929.46,3419.1865,17.729769
232.5,49630.02,6410.9746,12.39453
141.05,24649.71,3889.3247,15.361015
63.55,24399.15,1752.3331,6.4471455
91.45,18938.16,2521.65,12.806858
206.15,37735.38,5684.3975,14.620093
127.1,20892.18,3504.6663,16.394453
52.699997,19323.57,1453.1542,6.797802
139.5,15085.8,3846.585,25.439598
29.449999,21743.91,812.05676,2.8725464
113.149994,14850.9,3120.0076,20.784657
128.65,24226.02,3547.406,14.183668
66.65,21615.15,1837.8129,7.816392
69.75,21622.11,1923.2925,8.223487
66.65,22944.51,1837.8129,7.305588
323.94998,63592.65,8932.624,13.56532
139.5,31810.68,3846.585,11.538635
159.65,20364.96,4402.2026,21.414772
44.949997,16671.81,1239.4551,6.708962
-9.299999,15023.16,-256.43896,-2.7699893
179.79999,28459.44,4957.8203,17.063934
91.45,20036.97,2521.65,12.049703
71.299995,21764.791,1966.0321,8.366644
96.1,23564.82,2649.8696,10.66026
114.7,21796.98,3162.7476,14.045828
478.94998,77763.21,13206.607,16.610228
20.15,10022.4,555.6178,4.7484703
519.25,21867.45,14317.844,66.89337
83.7,26614.17,2307.951,7.9921083
105.399994,37706.67,2906.3083,6.992293
60.449997,23496.09,1666.8534,6.3561354
38.75,14934.42,1068.4958,6.4187775
27304.799,47372.37,752904.9,1647.0215
71.299995,23663.13,1966.0321,7.615218
69.75,13515.45,1923.2925,13.755797
41.85,14951.82,1153.9755,7.0029554
96.1,22261.56,2649.8696,11.342888
55.8,16905.84,1538.6339,8.437271
1.55,14900.49,42.73983,-0.7025732
85.25,21561.21,2350.6907,10.304991
88140.75,132480.12,2430400.5,1901.2825
49.6,17038.95,1367.6746,7.3231525
74.399994,20940.03,2051.5117,9.158851
72.85,19880.37,2008.7721,9.477414
80.6,25997.34,2222.4712,7.864518
221.65,51794.582,6111.796,11.235801
58.899998,12469.71,1624.1135,12.505414
100.75,15832.26,2778.089,17.194962
23.25,26141.76,641.0975,1.5429459
-6.2,8519.04,-170.95932,-3.0808942
72.85,23876.28,2008.7721,7.7239246
65.1,19222.65,1795.0729,8.683151
41.85,26193.96,1153.9755,3.5681806
77.5,14616.87,2136.9917,14.1599
65.1,22160.64,1795.0729,7.3993883
-17.05,18231.72,-470.13812,-3.6739032
151.9,22466.88,4188.5034,18.33143
27884.5,38499.24,768889.56,2069.9026
38.75,19181.76,1068.4958,4.7760677
44.949997,12940.38,1239.4551,8.931884
528.55,19914.3,14574.282,74.88746
131.75,19801.2,3632.8857,18.024277
40.3,17363.46,1111.2356,5.6361732
79.049995,14244.51,2179.7312,14.86731
74.399994,16775.34,2051.5117,11.680914
69.75,23962.41,1923.2925,7.322671
103.85,24434.82,2863.5686,11.151959
89.899994,18599.73,2478.9102,12.819808
34.1,13592.01,940.27625,6.173311
100.75,22446.0,2778.089,11.833795
156.54999,24818.49,4316.7227,17.035437
111.6,22989.75,3077.2678,12.879663
93.0,23204.64,2564.39,10.459273
344.09998,70282.95,9488.242,12.998569
29.449999,18924.24,812.05676,3.4495473
83.7,20774.73,2307.951,10.519644
44.949997,18543.18,1239.4551,5.930977
57.35,22383.36,1581.3738,6.325835
44.949997,14234.94,1239.4551,8.028654
83.7,23696.19,2307.951,9.099409
35.649998,11341.32,983.01605,7.987624
-6.2,13268.37,-170.95932,-2.3360512
72.85,24147.72,2008.7721,7.62586
158.09999,46083.9,4359.4624,8.8091545
111.6,12588.9,3077.2678,24.346931
114.7,19350.541,3162.7476,15.948034
137.95,22399.02,3803.845,16.609283
113.149994,21025.291,3120.0076,14.387268
240.25,36423.42,6624.674,17.859564
122.45,22587.81,3376.4465,14.500069
110.049995,18433.56,3034.5278,16.069853
193.75,31825.47,5342.479,16.406677
108.5,18798.96,2991.7883,15.5023155
21.699999,13651.17,598.3576,3.5450516
29.449999,19407.96,812.05676,3.3386474
122.45,26662.02,3376.4465,12.131512
62.0,19032.12,1709.5933,8.314371
41.85,20876.52,1153.9755,4.731738
57.35,18012.48,1581.3738,8.10351
96.1,15145.83,2649.8696,17.141754
43.399998,13368.42,1196.7152,8.282365
130.2,23381.25,3590.1458,14.921802
187.54999,40227.93,5171.5195,12.330252
100.75,14212.32,2778.089,19.268848
60.449997,24613.17,1666.8534,6.0222735
116.25,30141.15,3205.4873,10.027628
85.25,11383.95,2350.6907,20.411661
128.65,19414.92,3547.406,17.946247
89.899994,21053.13,2478.9102,11.209333
75.95,18551.88,2094.2517,10.705469
184.45,40836.06,5086.04,11.914686
-10.849999,17078.1,-299.1788,-2.8165157
63.55,23221.17,1752.3331,6.82493
139.5,23270.76,3846.585,16.140072
27.9,15520.8,769.31696,4.1397157
142.59999,20440.65,3932.0642,18.946825
96.1,10260.78,2649.8696,25.778856
62.0,17450.46,1709.5933,9.158598
68.2,10242.51,1880.5525,18.038246
130.2,25952.97,3590.1458,13.344087
161.2,25912.08,4444.9424,16.78737
350.3,44337.81,9659.202,21.589931
62.0,17933.31,1709.5933,8.88508
221.65,18116.88,6111.796,33.981087
96.1,16586.55,2649.8696,15.5659485
65.1,21499.44,1795.0729,7.6577063
35.649998,20288.4,983.01605,4.0241275
54.25,21230.61,1495.8942,6.3061113
127.1,26502.81,3504.6663,12.712058
91.45,44752.8,2521.65,4.8426847
99.2,24759.33,2735.349,10.455703
119.35,22399.89,3290.967,14.234406
226.29999,48390.27,6240.015,12.371357
58.899998,19258.32,1624.1135,7.7447195
113.149994,21580.35,3120.0076,13.991499
91.45,18720.66,2521.65,12.967269
38.75,20401.5,1068.4958,4.430735
21.699999,17368.68,598.3576,2.5722501
131.75,27801.72,3632.8857,12.549645
133.3,24518.34,3675.6257,14.544907
17.05,22441.65,470.13812,1.1722939
96.1,19060.83,2649.8696,13.415529
124.0,15332.01,3419.1865,22.124458
13092.85,27633.81,361023.34,1353.6976
117.799995,31381.77,3248.227,9.732894
4.6499996,39758.13,128.21948,-0.66559255
82.149994,17321.7,2265.211,12.560199
108.5,21706.5,2991.7883,13.291865
88.35,23121.121,2436.1704,9.925634
69.75,14963.13,1923.2925,12.3281765
60.449997,15319.83,1666.8534,10.282136
-32.55,21423.75,-897.53644,-5.3441463
77.5,19269.63,2136.9917,10.499456
38.75,14086.17,1068.4958,6.865526
89.899994,17962.02,2478.9102,13.310457
254.2,31122.51,7009.3325,22.35339
91.45,18563.19,2521.65,13.085753
102.299995,11727.6,2820.8289,23.941093
60.449997,18994.71,1666.8534,8.099397
72.85,15810.51,2008.7721,12.174456
103.85,19916.041,2863.5686,13.909136
10.849999,19682.01,299.1788,0.5761925
82.149994,25912.08,2265.211,8.064717
75.95,16730.1,2094.2517,11.980106
159.65,23019.33,4402.2026,18.830114
130.2,23168.1,3590.1458,15.068285
97.649994,15595.62,2692.6094,16.902702
89.899994,17416.53,2478.9102,13.758663
37.199997,12973.44,1025.7559,7.1985435
82.149994,17206.86,2265.211,12.650701
91.45,25978.2,2521.65,9.0652275
94.549995,21052.26,2607.1296,11.841383
110.049995,25491.871,3034.5278,11.343471
172.04999,22668.72,4744.121,20.700844
31.0,13463.25,854.79663,5.5835595
38.75,20272.74,1068.4958,4.4652276
175.15,37134.21,4829.601,12.486054
13.95,19477.56,384.65848,1.0478051
162.75,24641.01,4487.682,17.88476
-10.849999,8732.19,-299.1788,-4.5526752
75.95,16996.32,2094.2517,11.776793
60.449997,22546.05,1666.8534,6.6661057
120.899994,19300.08,3333.7068,16.910849
-54.25,14477.67,-1495.8942,-11.713962
148.79999,26635.05,4103.0234,14.973436
122.45,30432.6,3376.4465,10.504525
60910.348,71137.29,1679547.1,2447.1768
46.5,13477.17,1282.195,8.86514
85.25,19895.16,2350.6907,11.251688
156.54999,31170.36,4316.7227,13.360191
110.049995,15183.24,3034.5278,19.724047
113.149994,22740.06,3120.0076,13.226953
148.79999,17837.61,4103.0234,22.851475
103.85,39891.24,2863.5686,6.443513
165.84999,17701.02,4573.1616,25.789595
49.6,12751.59,1367.6746,10.121575
120.899994,27132.69,3333.7068,11.740381
97.649994,23765.791,2692.6094,10.748136
52.699997,17057.22,1453.1542,7.8338757
105.399994,16184.61,2906.3083,17.620329
69.75,23241.18,1923.2925,7.580943
142.59999,24595.77,3932.0642,15.57708
4.6499996,18934.68,128.21948,-0.2978273
85.25,20424.99,2350.6907,10.933875
94.549995,21288.03,2607.1296,11.699162
35963.098,57690.57,991649.5,1781.3839
249.54999,13380.6,6881.113,52.325012
32.55,14501.16,897.53644,5.417963
-9.299999,4569.24,-256.43896,-6.8195295
83.7,13949.58,2307.951,16.155891
89.899994,12180.87,2478.9102,20.102327
74.399994,19791.63,2051.5117,9.748313
100.75,17675.791,2778.089,15.297281
21.699999,15916.65,598.3576,2.8981361
91.45,17693.19,2521.65,13.77837
85.25,23021.94,2350.6907,9.587695
91.45,23240.31,2521.65,10.250991
136.4,14794.35,3761.105,25.361338
63.55,16945.86,1752.3331,9.722621
111.6,24835.89,3077.2678,11.847938
131.75,30035.88,3632.8857,11.541782
34.1,21029.64,940.27625,3.6362996
173.59999,28014.0,4786.861,16.71836
16245.55,27026.55,447956.2,1717.6711
170.5,14618.61,4701.3813,32.34781
1937.5,18275.22,53424.79,302.1294
32.55,12230.46,897.53644,6.609518
111.6,26965.65,3077.2678,10.833201
88.35,23788.41,2436.1704,9.61916
26.349998,12192.18,726.5771,5.179427
55.8,14408.07,1538.6339,10.073308
72.85,18336.99,2008.7721,10.359272
99.2,26087.82,2735.349,9.872336
100.75,25149.96,2778.089,10.453989
62.0,18277.83,1709.5933,8.698756
58.899998,10875.87,1624.1135,14.484609
5714.8496,69165.0,157581.75,235.24762
71.299995,18195.18,1966.0321,10.204233
71.299995,14363.7,1966.0321,13.192933
827.69995,19371.42,22823.068,121.16884
158.09999,24874.17,4359.4624,17.173235
103.85,17855.88,2863.5686,15.629309
43.399998,19463.64,1196.7152,5.3755054
34.1,14518.561,940.27625,5.7155223
71.299995,22450.35,1966.0321,8.080617
418.5,46993.92,11539.755,24.4626
66.65,12731.58,1837.8129,13.968105
65.1,18339.6,1795.0729,9.149394
62.0,22898.4,1709.5933,6.741686
127.1,19638.51,3504.6663,17.50487
162.75,61354.14,4487.682,6.5844846
134.84999,22325.07,3718.3652,16.270586
94.549995,16423.86,2607.1296,15.460207
7.75,20785.17,213.69916,0.066097975
54.25,11463.12,1495.8942,12.531499
131.75,16181.13,3632.8857,22.280418
113.149994,37364.76,3120.0076,7.658473
52145.098,74211.0,1437853.4,2008.066
134.84999,28174.95,3718.3652,12.684748
54.25,19080.84,1495.8942,7.129265
10.849999,14145.33,299.1788,1.1931362
857.14996,17470.47,23635.127,139.28177
41.85,21573.39,1153.9755,4.54659
136.4,27169.23,3761.105,13.354431
10.849999,23281.2,299.1788,0.33251882
20.15,11149.05,555.6178,4.1675677
131.75,38592.332,3632.8857,8.761096
15.5,20321.46,427.39832,1.1808498
44.949997,19556.73,1239.4551,5.571771
48.05,17222.52,1324.9348,6.977113
1.55,13719.9,42.73983,-0.6769798
-38.75,17604.45,-1068.4958,-7.2935877
66.65,23563.95,1837.8129,7.0872545
139.5,18282.18,3846.585,20.81701
77.5,15647.82,2136.9917,13.161096
91.45,25437.93,2521.65,9.279001
97.649994,21534.24,2692.6094,11.965572
72.85,28621.26,2008.7721,6.2776275
68.2,19823.82,1880.5525,8.836622
43.399998,10983.75,1196.7152,10.297648
91.45,23961.541,2521.65,9.912341
3630.0999,20090.041,100096.68,515.6384
103.85,15570.39,2863.5686,18.070232
100.75,20664.24,2778.089,12.94038
4248.55,42221.1,117149.875,286.71344
134.84999,19387.08,3718.3652,18.887836
28489.0,48244.11,785558.1,1687.4255
88.35,22916.67,2436.1704,10.023107
108.5,23966.76,2991.7883,11.944027
51.149998,28027.05,1410.4144,4.218158
333.25,65693.7,9189.063,13.504253
119.35,18710.22,3290.967,17.238642
58.899998,18614.52,1624.1135,8.047163
8011.9497,15638.25,220922.19,1463.8699
68.2,11323.05,1880.5525,16.221458
71.299995,19842.96,1966.0321,9.273821
114.7,20776.47,3162.7476,14.784856
5412.5996,22841.85,149247.48,676.5224
108.5,22092.78,2991.7883,13.041981
97.649994,24832.41,2692.6094,10.243522
63.55,19043.43,1752.3331,8.541559
105.399994,16046.28,2906.3083,17.780848
240.25,38194.74,6624.674,16.984934
144.15,13068.2705,3974.8042,30.538824
134.84999,23331.66,3718.3652,15.525488
58.899998,16700.52,1624.1135,9.084034
114.7,24989.01,3162.7476,12.123914
71.299995,18617.13,1966.0321,9.950293
110.049995,19923.87,3034.5278,14.793025
130.2,16704.0,3590.1458,21.286377
145.7,16106.311,4017.5442,24.865
21529.5,34213.62,593656.25,1798.2184
127.1,22369.44,3504.6663,15.245737
108.5,21525.541,2991.7883,13.412014
54.25,15401.61,1495.8942,9.071233
32.55,18538.83,897.53644,4.0201607
60.449997,12644.58,1666.8534,12.669129
77.5,26220.93,2136.9917,7.4508934
48.05,19349.67,1324.9348,6.100171
134.84999,21171.45,3718.3652,17.211653
161.2,19948.23,4444.9424,22.105194
213.9,28096.65,5898.0967,20.767332
34.1,13243.14,940.27625,6.3622813
100.75,22555.621,2778.089,11.771421
131.75,14623.83,3632.8857,24.759562
241.79999,29066.7,6667.4136,22.78535
93.0,14495.94,2564.39,17.343641
93.0,23031.51,2564.39,10.545415
88.35,20747.76,2436.1704,11.175431
119.35,21757.83,3290.967,14.683963
31.0,14782.17,854.79663,4.99615
133.3,27811.291,3675.6257,12.704337
26932.799,42939.72,742647.3,1792.3759
21.699999,20777.34,598.3576,1.9861991
41.85,21440.28,1153.9755,4.5810256
116.25,15962.76,3205.4873,19.822552
114.7,23275.98,3162.7476,13.0897875
145.7,16801.44,4017.5442,23.794884
60.449997,20438.041,1666.8534,7.4567995
189.09999,44461.35,5214.2593,11.16068
41.85,18771.99,1153.9755,5.374324
35.649998,10767.12,983.01605,8.466925
441.75,57621.84,12180.853,20.919893
103.85,14437.65,2863.5686,19.566431
69.75,21917.91,1923.2925,8.099009
4533.75,91295.19,125014.01,140.9903
96.1,13229.22,2649.8696,19.770079
40.3,20170.08,1111.2356,4.7127657
108.5,20550.27,2991.7883,14.095977
54.25,15852.2705,1495.8942,8.78492
82.149994,17031.99,2265.211,12.790853
111.6,11449.2,3077.2678,26.870068
114.7,20573.76,3162.7476,14.940382
77.5,16993.71,2136.9917,12.039546
114.7,20624.22,3162.7476,14.9013815
13.95,13972.2,384.65848,1.8546863
80.6,13008.24,2222.4712,16.715992
65.1,20038.71,1795.0729,8.288813
52.699997,16868.43,1453.1542,7.932745
69.75,12560.19,1923.2925,14.878043
133.3,24248.64,3675.6257,14.7178
43.399998,18276.96,1196.7152,5.789452
9.299999,11022.9,256.43896,1.4123261
139.5,23431.71,3846.585,16.022337
69.75,12996.061,1923.2925,14.345515
305.34998,50908.92,8419.746,16.149559
162.75,37803.24,4487.682,11.309515
1543.7999,13155.2705,42568.87,334.53687
119.35,20878.26,3290.967,15.344706
91.45,11318.7,2521.65,22.101284
82.149994,14477.67,2265.211,15.223997
26.349998,21935.31,726.5771,2.434676
48.05,13625.07,1324.9348,9.083323
148.79999,45371.37,4103.0234,8.3771305
432.44998,94291.47,11924.413,12.113315
13.95,10783.65,384.65848,2.6987705
83.7,12424.47,2307.951,18.261787
48.05,18276.09,1324.9348,6.517252
15.5,14313.24,427.39832,2.096298
75.95,26686.38,2094.2517,7.1374264
74.399994,9061.05,2051.5117,22.477041
148.79999,27715.59,4103.0234,14.350684
62.0,19494.09,1709.5933,8.093639
27.9,15178.0205,769.31696,4.2557907
91.45,24305.19,2521.65,9.758053
18.599998,11223.87,512.8779,3.738264
530.1,20881.74,14617.021,71.58386
15.5,10587.9,427.39832,3.1857262
100.75,25322.22,2778.089,10.37607
38.75,12254.82,1068.4958,8.040944
15.5,8304.15,427.39832,4.336856
12.4,16049.76,341.91864,1.2090325
105.399994,23516.1,2906.3083,11.815167
86.799995,20513.73,2393.4304,11.098291
46.5,26916.93,1282.195,3.9394255
485.15,66059.1,13377.567,19.998697
199.95,28868.34,5513.4385,18.803804
266.6,32530.17,7351.2515,22.432728
69.75,21779.58,1923.2925,8.156799
193.75,31548.81,5342.479,16.55932
80.6,19411.44,2222.4712,10.872065
110.049995,23687.49,3034.5278,12.283728
46.5,15848.79,1282.195,7.388916
167.4,35957.1,4615.902,12.311277
127.1,25075.14,3504.6663,13.492762
131.75,20379.75,3632.8857,17.484205
186.0,20244.9,5128.78,25.269167
68.2,18800.7,1880.5525,9.371924
93.0,14099.22,2564.39,17.85979
260.4,58949.46,7180.2915,11.630197
117.799995,15486.0,3248.227,20.749786
119.35,20811.27,3290.967,15.39732
88.35,20252.73,2436.1704,11.47303
102.299995,23376.9,2820.8289,11.512316
26.349998,12232.2,726.5771,5.1592097
18.599998,12247.86,512.8779,3.3421183
189.09999,31744.56,5214.2593,16.032217
105.399994,19087.8,2906.3083,14.788239
175.15,19699.41,4829.601,24.421778
93.0,16647.45,2564.39,14.972917
55.8,20313.63,1538.6339,6.8540854
110.049995,21186.24,3034.5278,13.852005
85.25,18208.23,2350.6907,12.386764
113.149994,13669.44,3120.0076,22.667522
114.7,18005.52,3162.7476,17.21406
82.149994,18711.09,2265.211,11.553287
40.3,20058.72,1111.2356,4.744481
31.0,12602.82,854.79663,6.033038
137.95,26062.59,3803.845,14.133978
93.0,15357.24,2564.39,16.314852
57.35,23442.15,1581.3738,5.9949555
51.149998,22166.73,1410.4144,5.5977063
108.5,25320.48,2991.7883,11.251995
10.849999,14055.72,299.1788,1.2071183
29.449999,16834.5,812.05676,4.0018888
58.899998,22481.67,1624.1135,6.4909296
266.6,62025.78,7351.2515,11.289577
52.699997,13606.8,1453.1542,10.073976
130.2,20916.541,3590.1458,16.797955
55.8,20483.28,1538.6339,6.789036
83.7,19695.06,2307.951,11.151143
66.65,17745.39,1837.8129,9.738995
105.399994,9700.5,2906.3083,30.066723
85.25,18915.541,2350.6907,11.886191
20.15,12518.43,555.6178,3.602292
35.649998,11059.44,983.01605,8.216698
27.9,13153.53,769.31696,5.0647216
127.1,20625.96,3504.6663,16.618963
122.45,21719.55,3376.4465,15.1196995
263.5,12412.29,7265.7715,59.69846
165.84999,31681.05,4573.1616,13.968038
52.699997,22837.5,1453.1542,5.5979805
145.7,26203.53,4017.5442,14.89823
37.199997,24185.13,1025.7559,3.3978806
82.149994,19485.39,2265.211,11.05445
75.95,16228.98,2094.2517,12.380906
40.3,14809.14,1111.2356,6.7807984
63.55,13179.63,1752.3331,12.786732
44.949997,20664.24,1239.4551,5.219554
91.45,22372.92,2521.65,10.687187
179.79999,20767.77,4957.8203,23.754194
24.8,13462.38,683.8373,4.267188
131.75,16892.791,3632.8857,21.299658
69.75,22653.06,1923.2925,7.8037214
37.199997,19561.95,1025.7559,4.437256
105.399994,20412.81,2906.3083,13.763413
68.2,18449.22,1880.5525,9.569521
79.049995,23774.49,2179.7312,8.506914
736.25,12250.47,20301.42,170.83893
72.85,18042.06,2008.7721,10.54496
80.6,16853.64,2222.4712,12.673834
77.5,16993.71,2136.9917,12.039546
86.799995,22891.44,2393.4304,9.841655
106.95,19822.95,2949.0483,14.4262905
35.649998,19728.99,983.01605,4.166586
86.799995,20731.23,2393.4304,10.971363
77.5,24340.86,2136.9917,8.103635
58.899998,25660.65,1624.1135,5.5629125
113.149994,25478.82,3120.0076,11.697676
55.8,21878.76,1538.6339,6.292232
145.7,24077.25,4017.5442,16.302214
195.29999,42696.99,5385.2188,12.078382
858.69995,19809.03,23677.865,122.94449
86.799995,13142.22,2393.4304,17.88426
51.149998,20583.33,1410.4144,6.1052437
37.199997,15656.5205,1025.7559,5.793548
40.3,21950.1,1111.2356,4.249495
88.35,9468.21,2436.1704,25.680113
80.6,12379.23,2222.4712,17.61617
117.799995,16513.47,3248.227,19.396513
142.59999,27338.01,3932.0642,13.914256
131.75,25782.45,3632.8857,13.610849
124.0,18396.15,3419.1865,18.27275
51.149998,23887.59,1410.4144,5.1224084
71.299995,15427.71,1966.0321,12.214082
114.7,35882.28,3162.7476,8.1397085
137.95,26654.19,3803.845,13.798074
71.299995,26431.47,1966.0321,6.7128906
190.65,33437.582,5256.999,15.302376
198.4,27852.18,5470.698,19.367205
120.899994,16610.91,3333.7068,19.810467
29674.75,38237.37,818254.06,2217.9526
102.299995,19575.87,2820.8289,13.941823
165.84999,35602.14,4573.1616,12.319511
26.349998,13421.49,726.5771,4.6134367
206.15,27660.78,5684.3975,20.309237
18.599998,15046.65,512.8779,2.534452
451.05,76597.414,12437.291,15.8368
186.0,50646.18,5128.78,9.500627
144.15,25065.57,3974.8042,15.443188
117.799995,21743.041,3248.227,14.490805
26.349998,17463.51,726.5771,3.3141775
48.05,20117.01,1324.9348,5.829344
93.0,23603.97,2564.39,10.265407
80.6,24579.24,2222.4712,8.375957
74.399994,18324.81,2051.5117,10.608668
24.8,13374.51,683.8373,4.301793
54.25,13402.35,1495.8942,10.573583
85.25,12324.42,2350.6907,18.77775
96.1,20089.17,2649.8696,12.677615
86.799995,19683.75,2393.4304,11.608425
77.5,28518.6,2136.9917,6.7700267
156.54999,51806.76,4316.7227,7.6400366
91.45,22794.0,2521.65,10.471287
48.05,13624.2,1324.9348,9.083966
21.699999,14212.32,598.3576,3.3655977
114.7,22198.92,3162.7476,13.773404
275.9,41988.81,7607.69,17.78742
108.5,28093.17,2991.7883,10.042769
105.399994,23175.93,2906.3083,12.003264
14873.8,29124.121,410131.44,1459.2195
12111.699,35015.76,333969.03,987.98676
102.299995,14970.96,2820.8289,18.53777
52.699997,18876.39,1453.1542,6.9825315
97.649994,16345.561,2692.6094,16.081318
102.299995,28221.06,2820.8289,9.364571
57.35,19129.56,1581.3738,7.571907
80.6,21067.92,2222.4712,9.938616
91.45,23075.88,2521.65,10.33116
147.25,24927.24,4060.284,15.890017
55.8,14053.98,1538.6339,10.352299
44.949997,16878.87,1239.4551,6.614394
24.8,24801.96,683.8373,1.8590031
17.05,19026.9,470.13812,1.5621543
13.95,10039.8,384.65848,2.9728134
75.95,14243.64,2094.2517,14.245995
91.45,23282.94,2521.65,10.230391
100.75,22177.17,2778.089,11.989365
39546.7,55275.45,1090464.0,2044.6293
48181.75,61151.43,1328567.6,2251.812
32222.95,52052.97,888518.4,1768.9817
589.0,51929.43,16241.136,31.430283
89.899994,24316.5,2478.9102,9.570794
66.65,12356.61,1837.8129,14.422324
102.299995,19073.88,2820.8289,14.335063
57.35,13440.63,1581.3738,11.200083
111.6,23918.91,3077.2678,12.34049
52.699997,19759.44,1453.1542,6.6257915
48.05,20039.58,1324.9348,5.8557305
48.05,20355.39,1324.9348,5.7493653
91.45,23112.42,2521.65,10.313247
113.149994,26588.94,3120.0076,11.167532
20.15,14612.5205,555.6178,2.9427466
106.95,13313.61,2949.0483,21.968569
74.399994,13230.09,2051.5117,15.079002
17.05,15666.09,470.13812,2.1118076
51.149998,16230.72,1410.4144,8.010665
49.6,12556.71,1367.6746,10.294182
82.149994,27051.78,2265.211,7.6828175
89.899994,20760.81,2478.9102,11.381246
-17.05,9782.28,-470.13812,-5.983486
79.049995,23264.67,2179.7312,8.715249
139.5,36798.39,3846.585,9.839129
89.899994,22351.17,2478.9102,10.500279
69.75,18139.5,1923.2925,9.9943075
131.75,25137.78,3632.8857,13.98555
77.5,24411.33,2136.9917,8.0773535
1608.8999,39766.832,44363.94,114.67966
79.049995,22332.9,2179.7312,9.120586
82.149994,27137.91,2265.211,7.65526
124.0,27229.26,3419.1865,12.020716
49066.797,68569.92,1352972.0,2044.9878
89.899994,21440.28,2478.9102,10.98887
21.699999,15338.97,598.3576,3.0449438
40.3,19983.03,1111.2356,4.7662396
161.2,26340.121,4444.9424,16.498316
31.0,22045.8,854.79663,3.0205436
75.95,14458.53,2094.2517,14.019402
60.449997,17956.8,1666.8534,8.625345
4.6499996,18597.12,128.21948,-0.28508198
131.75,22080.6,3632.8857,16.060383
96.1,17177.28,2649.8696,14.9962435
370.44998,20255.34,10214.819,51.292458
114.7,28853.55,3162.7476,10.366143
114.7,27091.8,3162.7476,11.105271
77.5,17607.06,2136.9917,11.585308
3.1,15988.86,85.47966,-0.44563836
49.6,15298.95,1367.6746,8.269771
57.35,10239.9,1581.3738,15.013515
28932.299,36875.82,797781.7,2242.315
131.75,22547.791,3632.8857,15.70689
58.899998,15676.53,1624.1135,9.742722
32.55,18320.46,897.53644,4.0799985
77.5,19628.94,2136.9917,10.288959
35.649998,21001.8,983.01605,3.8534656
52.699997,14194.05,1453.1542,9.615812
37.199997,13266.63,1025.7559,7.017358
125.549995,27491.13,3461.9263,12.057893
131.75,21335.01,3632.8857,16.656588
83.7,22462.53,2307.951,9.654077
24.8,13777.32,683.8373,4.146784
677.35,21562.95,18677.307,88.816055
58.899998,18793.74,1624.1135,7.960888
139.5,23489.13,3846.585,15.980726
74.399994,17677.53,2051.5117,11.033731
116.25,22394.67,3205.4873,13.842166
77.5,29037.121,2136.9917,6.631276
93.0,20365.83,2564.39,12.056592
15760.399,39621.54,434578.6,1136.3257
96.1,19662.0,2649.8696,12.974771
51.149998,16192.44,1410.4144,8.031966
63.55,16376.88,1752.3331,10.095156
105.399994,21504.66,2906.3083,13.013835
79.049995,24141.63,2179.7312,8.362336
0.0,13551.12,0.0,-1.0
108.5,19698.541,2991.7883,14.748698
55.8,16606.56,1538.6339,8.6073475
237.15,47020.02,6539.1943,13.420798
11039.1,30977.22,304393.06,1017.92017
10265.649,30250.77,283065.9,969.2843
93.0,23456.94,2564.39,10.3360195
130.2,19404.48,3590.1458,18.18483
60636.0,81228.42,1671982.2,2133.379
9.299999,20883.48,256.43896,0.27329493
13.95,11748.48,384.65848,2.3950133
110.049995,24031.14,3034.5278,12.093767
7.75,16329.9,213.69916,0.3569603
128.65,23516.97,3547.406,14.641464
80.6,13604.19,2222.4712,15.9399185
79.049995,23765.791,2179.7312,8.510395
71.299995,15916.65,1966.0321,11.808162
103.85,19574.13,2863.5686,14.1695595
80.6,15779.19,2222.4712,13.604923
83.7,21337.62,2307.951,10.2157545
100.75,13870.41,2778.089,19.768482
83.7,16182.87,2307.951,13.788322
31.0,14576.85,854.79663,5.080608
66.65,17586.18,1837.8129,9.836216
108.5,21279.33,2991.7883,13.578768
1.55,19740.3,42.73983,-0.7754946
71.299995,18967.74,1966.0321,9.747882
49.6,21567.3,1367.6746,5.575592
94.549995,28771.77,2607.1296,8.39602
69.75,15152.79,1923.2925,12.161356
144.15,29873.19,3974.8042,12.796917
189.09999,40287.09,5214.2593,12.420683
120.899994,23702.28,3333.7068,13.584287
-21.699999,17299.95,-598.3576,-4.5864425
145.7,25128.21,4017.5442,15.5785675
116.25,24974.22,3205.4873,12.309141
93.0,23577.871,2564.39,10.277877
127.1,22409.46,3504.6663,15.216724
21.699999,15102.33,598.3576,3.1083245
117.799995,16747.5,3248.227,19.11149
34.1,12806.4,940.27625,6.613358
125.549995,26409.72,3461.9263,12.59258
80.6,16527.39,2222.4712,12.943755
9.299999,21414.18,256.43896,0.24173939
4.6499996,13150.92,128.21948,0.01098752
44.949997,12157.38,1239.4551,9.57155
88.35,23634.42,2436.1704,9.688349
69.75,21291.51,1923.2925,8.366703
265.05,32592.81,7308.5107,22.251715
57.35,12895.14,1581.3738,11.716171
96.1,18956.43,2649.8696,13.494921
57.35,18299.58,1581.3738,7.9606867
89.899994,20293.62,2478.9102,11.666282
-29.449999,14822.19,-812.05676,-6.680962
65.1,14716.05,1795.0729,11.648491
72.85,18269.13,2008.7721,10.401464
108.5,22241.55,2991.7883,12.948056
102.299995,22838.371,2820.8289,11.807357
114.7,21470.73,3162.7476,14.27445
75.95,32720.7,2094.2517,5.63673
120.899994,24630.57,3333.7068,13.034624
153.45,33699.45,4231.243,12.019463
111.6,12362.7,3077.2678,24.810703
44.949997,23496.96,1239.4551,4.4697437
49.6,21772.621,1367.6746,5.5135827
141.05,38168.64,3889.3247,9.566116
-17.05,11865.93,-470.13812,-5.1083894
12.4,20003.91,341.91864,0.7723757
0.0,24146.85,0.0,-1.0
27.9,10612.26,769.31696,6.517013
65.1,13606.8,1795.0729,12.679618
44.949997,15781.8,1239.4551,7.1437073
46.5,9651.78,1282.195,12.775092
96.1,23908.47,2649.8696,10.4926605
102.299995,23542.2,2820.8289,11.424462
88.35,22974.09,2436.1704,9.995557
48.05,17920.26,1324.9348,6.666517
43.399998,12474.93,1196.7152,8.947194
362.69998,56837.1,10001.12,17.24587
1624.3999,72870.33,44791.34,62.73694
122.45,28318.5,3376.4465,11.363388
127.1,23353.41,3504.6663,14.561242
55.8,23249.01,1538.6339,5.862443
34.1,14201.88,940.27625,5.865268
69.75,20643.36,1923.2925,8.660794
60.449997,11128.17,1666.8534,14.531792
55.8,23008.89,1538.6339,5.9340587
77.5,26353.17,2136.9917,7.4084873
29.449999,20983.53,812.05676,3.012876
89.899994,18018.57,2478.9102,13.265544
148.79999,24934.2,4103.0234,16.063042
40.3,14114.01,1111.2356,7.164011
139.5,25544.07,3846.585,14.61468
96.1,22472.1,2649.8696,11.227248
131.75,26549.791,3632.8857,13.188567
2163.8,22733.97,59664.81,271.13904
127.1,16437.78,3504.6663,21.108099
58.899998,17427.84,1624.1135,8.663194
83.7,22809.66,2307.951,9.491937
114.7,19344.45,3162.7476,15.953371
43.399998,16806.66,1196.7152,6.3834147
21.699999,11768.49,598.3576,4.272152
72.85,12378.36,2008.7721,15.827337
116.25,18909.45,3205.4873,16.577742
94.549995,19179.15,2607.1296,13.095522
37.199997,13816.47,1025.7559,6.6983
55.8,9898.86,1538.6339,15.117512
97.649994,22096.26,2692.6094,11.635792
75.95,22255.47,2094.2517,8.757532
79.049995,22395.541,2179.7312,9.092279
58.899998,10647.06,1624.1135,14.817382
79.049995,20021.31,2179.7312,10.289074
100.75,21950.97,2778.089,12.123218
48.05,21813.51,1324.9348,5.298206
71.299995,12644.58,1966.0321,15.122562
111.6,21454.2,3077.2678,13.873078
117.799995,29506.05,3248.227,10.415191
124.0,22848.81,3419.1865,14.516975
110.049995,23864.97,3034.5278,12.1849375
34.1,11658.87,940.27625,7.362707
72.85,19036.47,2008.7721,9.941884
72.85,14117.49,2008.7721,13.754383
102.299995,24286.92,2820.8289,11.043486
66.65,19641.12,1837.8129,8.702484
158.09999,51908.55,4359.4624,7.7084713
75.95,18209.1,2094.2517,10.925821
119.35,17750.61,3290.967,18.224638
46.5,18875.52,1282.195,6.043735
86.799995,21382.86,2393.4304,10.606544
136.4,20566.8,3761.105,17.962543
170.5,25390.08,4701.3813,18.200357
75.95,10476.54,2094.2517,19.728071
155.0,22519.08,4273.9834,18.680225
65.1,13393.65,1795.0729,12.897319
34.1,23437.8,940.27625,3.1599345
6.2,14448.09,170.95932,0.22695947
106.95,27478.95,2949.0483,10.128321
85.25,11610.15,2350.6907,19.9945
69.75,19016.46,1923.2925,9.487295
201.5,27221.43,5556.178,20.16475
131.75,26113.92,3632.8857,13.425389
9.299999,15173.67,256.43896,0.75243235
72.85,28691.73,2008.7721,6.2597528
91.45,20378.88,2521.65,11.830759
105.399994,22780.08,2906.3083,12.229223
114.7,22056.24,3162.7476,13.868971
93.0,20724.27,2564.39,11.83077
100.75,14878.74,2778.089,18.361006
75.95,21615.15,2094.2517,9.046586
97.649994,20868.69,2692.6094,12.379074
77.5,17715.81,2136.9917,11.508053
27.9,14843.07,769.31696,4.3743935
106.95,24495.72,2949.0483,11.483591
96.1,16391.67,2649.8696,15.762901
108.5,29993.25,2991.7883,9.343207
86.799995,19097.37,2393.4304,11.9955635
189.09999,28817.01,5214.2593,17.762539
24.8,12569.76,683.8373,4.641228
66.65,12474.93,1837.8129,14.276049
41.85,15985.38,1153.9755,6.4855113
31.0,9366.42,854.79663,8.46318
125.549995,25044.69,3461.9263,13.333426
106.95,23061.09,2949.0483,12.260196
85.25,23784.06,2350.6907,9.24843
29.449999,14160.99,812.05676,4.9462156
161.2,21915.3,4444.9424,20.031322
96.1,22038.84,2649.8696,11.467624
86.799995,18345.69,2393.4304,12.528033
41.85,11467.47,1153.9755,9.434626
89.899994,17058.09,2478.9102,14.068786
83.7,17918.52,2307.951,12.355875
69.75,24942.9,1923.2925,6.9955115
44.949997,12160.86,1239.4551,9.568525
55.8,18572.76,1538.6339,7.590268
100.75,21794.371,2778.089,12.217512
5003.4,17496.57,137964.17,816.63837
80.6,9777.93,2222.4712,22.568779
86.799995,14282.79,2393.4304,16.376234
63.55,15006.63,1752.3331,11.10825
336.34998,61410.69,9274.543,14.660168
114.7,16767.51,3162.7476,18.558874
88.35,21616.02,2436.1704,10.686375
55.8,17385.21,1538.6339,8.1770525
105.399994,21160.14,2906.3083,13.242001
124.0,21920.52,3419.1865,15.174089
68.2,13058.7,1880.5525,13.93253
75.95,15218.91,2094.2517,13.268989
100.75,22727.88,2778.089,11.674625
99.2,17032.86,2735.349,15.652256
108.5,17107.68,2991.7883,17.13375
88.35,12634.14,2436.1704,18.994469
32.55,13749.48,897.53644,5.7688313
97.649994,20897.4,2692.6094,12.360693
2480.0,60457.17,68383.734,116.28781
89.899994,23094.15,2478.9102,10.130295
533.2,21060.96,14702.503,71.38707
181.34999,21923.13,5000.56,22.651787
277.44998,49924.082,7650.4297,14.889989
23098.1,31605.36,636908.94,2088.6064
68.2,23636.16,1880.5525,7.2500467
85.25,22085.82,2350.6907,10.036461
66.65,19728.99,1837.8129,8.65927
137.95,27620.76,3803.845,13.280226
122.45,15710.46,3376.4465,21.28532
134.84999,22431.21,3718.3652,16.188866
131.75,22532.13,3632.8857,15.718502
530.1,14301.061,14617.021,104.98357
308.44998,61492.47,8505.227,13.342071
103.85,23100.24,2863.5686,11.85402
80.6,18278.7,2222.4712,11.607783
99.2,22194.57,2735.349,11.779501
52.699997,14535.09,1453.1542,9.366732
223.2,20241.42,6154.5356,30.52842
117.799995,24681.9,3248.227,12.646323
58.899998,20727.75,1624.1135,7.124789
10.849999,15399.87,299.1788,1.0144739
20.15,20144.85,555.6178,1.8599603
13.95,20870.43,384.65848,0.91113687
24.8,11600.58,683.8373,5.1125293
204.59999,27352.8,5641.6577,20.387144
49.6,21958.8,1367.6746,5.458357
86.799995,23392.56,2393.4304,9.609403
77.5,18571.02,2136.9917,10.932048
24.8,12973.44,683.8373,4.4656963
41.85,18172.56,1153.9755,5.584584
69.75,12405.33,1923.2925,15.076256
137.95,21888.33,3803.845,17.020136
88.35,20483.28,2436.1704,11.33264
111.6,21002.67,3077.2678,14.192829
79.049995,24472.23,2179.7312,8.235858
181.34999,23108.07,5000.56,21.438967
9.299999,15566.91,256.43896,0.70816374
65.1,12323.55,1795.0729,14.104075
127.1,20900.01,3504.6663,16.387936
89.899994,27323.22,2478.9102,8.407555
71.299995,14341.95,1966.0321,13.2144575
261.94998,56453.43,7223.0312,12.267132
93.0,18564.06,2564.39,13.323824
117.799995,20056.11,3248.227,15.793745
102.299995,20426.73,2820.8289,13.319431
77.5,23392.56,2136.9917,8.472682
75.95,16978.92,2094.2517,11.789887
4.6499996,20702.52,128.21948,-0.3577876
110.049995,21266.28,3034.5278,13.796108
66.65,28958.82,1837.8129,5.580642
72.85,14492.46,2008.7721,13.372637
184.45,32313.541,5086.04,15.320862
83.7,9988.47,2307.951,22.959375
35.649998,16959.78,983.01605,5.010191
178.25,18370.05,4915.0806,26.74394
91.45,16201.14,2521.65,15.139391
1148.5499,25341.36,31670.213,128.58925
187.54999,26809.92,5171.5195,19.001865
212.34999,22497.33,5855.357,25.987972
72.85,14434.17,2008.7721,13.430678
99.2,22682.64,2735.349,11.50452
145.7,27043.08,4017.5442,14.40467
86.799995,24519.21,2393.4304,9.121903
108.5,17305.17,2991.7883,16.926804
58.899998,10763.64,1624.1135,14.646064
66.65,15832.26,1837.8129,11.036667
136.4,39677.22,3761.105,8.8292885
116.25,16496.94,3205.4873,19.148306
66.65,28586.46,1837.8129,5.66636
-6.2,18952.08,-170.95932,-1.9353707
24.8,14272.35,683.8373,3.9682698
125.549995,25981.68,3461.9263,12.816514
49.6,22791.39,1367.6746,5.222427
32.55,16599.6,897.53644,4.606636
224.75,21522.93,6197.276,28.857079
210.79999,44774.55,5812.6167,12.461342
124.0,24157.291,3419.1865,13.676497
75.95,23459.55,2094.2517,8.256719
379.75,18694.56,10471.259,57.080654
93.0,21465.51,2564.39,11.387702
21.699999,10934.16,598.3576,4.6744432
119.35,21616.02,3290.967,14.786858
116.25,21869.19,3205.4873,14.198798
38077.3,64444.38,1049946.8,1688.3907
141.05,16345.561,3889.3247,23.673018
125.549995,25049.91,3461.9263,13.3304405
91.45,26250.51,2521.65,8.960816
-6.2,8418.12,-170.95932,-3.1058407
54.25,23115.03,1495.8942,5.710491
117.799995,20254.47,3248.227,15.629276
244.9,13054.35,6752.893,52.639225
148.79999,23164.621,4103.0234,17.36651
142.59999,16896.27,3932.0642,23.131128
120.899994,20774.73,3333.7068,15.639484
34.1,11687.58,940.27625,7.342164
79.049995,27799.11,2179.7312,7.1305504
65.1,16085.43,1795.0729,10.571704
234.04999,17421.75,6453.7144,37.411903
88.35,22602.6,2436.1704,10.176277
74.399994,22660.02,2051.5117,8.387752
187.54999,49174.14,5171.5195,9.90509
142.59999,44738.01,3932.0642,8.113639
106.95,19063.44,2949.0483,15.040892
96.1,14248.86,2649.8696,18.283783
32.55,12083.43,897.53644,6.702111
37.199997,23940.66,1025.7559,3.4427896
97.649994,11461.38,2692.6094,23.360395
310.0,72870.33,8547.967,11.16354
52.699997,17827.17,1453.1542,7.452344
125.549995,22173.69,3461.9263,15.189287
100.75,11144.7,2778.089,24.847923
37.199997,10315.59,1025.7559,9.310929
46.5,17550.51,1282.195,6.5755157
32.55,12890.79,897.53644,6.219721
17.05,12916.0205,470.13812,2.7743711
49.6,11519.67,1367.6746,11.310923
158.09999,32440.56,4359.4624,12.934535
17603.35,29791.41,485396.25,1688.4807
57.35,16465.62,1581.3738,8.958739
108.5,23859.75,2991.7883,12.002081
62.0,18765.9,1709.5933,8.446507
97.649994,23181.15,2692.6094,11.04443
47467.2,77563.11,1308864.6,1748.7959
31.0,22228.5,854.79663,2.9874983
88.35,23115.03,2436.1704,9.928514
48466.95,44791.082,1336431.8,3092.8774
62.0,8190.18,1709.5933,20.644484
38.75,10739.28,1068.4958,9.3168125
52.699997,20654.67,1453.1542,6.295269
72.85,22118.88,2008.7721,8.417062
85.25,44181.21,2350.6907,4.517035
74.399994,21934.44,2051.5117,8.698294
63.55,14134.89,1752.3331,11.855001
38.75,12033.84,1068.4958,8.2069645
10.849999,19732.47,299.1788,0.5721618
38.75,15847.92,1068.4958,5.9911475
54.25,20502.42,1495.8942,6.5656047
58.899998,12859.47,1624.1135,12.096077
3.1,16307.28,85.47966,-0.45646298
80.6,19038.21,2222.4712,11.104807
68.2,17764.53,1880.5525,9.976898
31.0,21125.34,854.79663,3.1957245
38139.297,31250.4,1051656.2,3488.5232
127.1,18848.55,3504.6663,18.280424
136.4,24363.48,3761.105,15.007519
85.25,14502.03,2350.6907,15.807943
82.149994,13661.61,2265.211,16.193117
257.3,75087.96,7094.812,8.797572
9.299999,18726.75,256.43896,0.41993833
91.45,26878.65,2521.65,8.728037
463.44998,57226.86,12779.209,22.155382
136.4,28105.35,3761.105,12.876322
63.55,23831.041,1752.3331,6.6246786
82.149994,23350.8,2265.211,9.058999
71.299995,17052.0,1966.0321,10.955374
165.84999,22593.9,4573.1616,19.988104
63.55,18933.81,1752.3331,8.596802
213.9,28850.94,5898.0967,20.19824
99.2,21999.69,2735.349,11.892706
46.5,18368.31,1282.195,6.2382355
65.1,27425.01,1795.0729,5.787083
82.149994,11515.32,2265.211,19.397667
15.5,15168.45,427.39832,1.921726
119.35,23223.78,3290.967,13.693949
44.949997,19882.11,1239.4551,5.464221
32.55,11159.49,897.53644,7.3398
10.849999,11584.05,299.1788,1.6780474
100.75,13462.38,2778.089,20.397951
71.299995,15329.4,1966.0321,12.298827
52.699997,17908.08,1453.1542,7.414156
48.05,9824.91,1324.9348,12.983433
52.699997,14926.59,1453.1542,9.094829
77.5,17458.291,2136.9917,11.6925535
69.75,16810.14,1923.2925,10.863747
141.05,20929.59,3889.3247,18.269096
94.549995,16494.33,2607.1296,15.389883
530.1,14384.58,14617.021,104.3682
119.35,21628.2,3290.967,14.777968
6677.4,22763.55,184123.19,837.7188
17.05,19853.4,470.13812,1.4554915
23.25,14508.12,641.0975,3.5820603
145.7,24228.63,4017.5442,16.194109
49.6,17878.5,1367.6746,6.932308
12.4,20150.94,341.91864,0.75944364
82.149994,18609.3,2265.211,11.62195
130.2,18438.78,3590.1458,19.189604
32.55,12763.7705,897.53644,6.2915683
63.55,21575.13,1752.3331,7.42192
58.899998,12183.48,1624.1135,12.8227005
229.4,24711.48,6325.495,25.54261
77.5,21172.32,2136.9917,9.466037
38542.297,65099.492,1062768.6,1691.8131
173.59999,31785.45,4786.861,14.616018
54.25,20058.72,1495.8942,6.7329555
97.649994,27929.61,2692.6094,8.996694
40.3,24425.25,1111.2356,3.7175336
96.1,13422.36,2649.8696,19.471209
63.55,20016.96,1752.3331,8.077503
86.799995,14510.73,2393.4304,16.10328
24.8,22624.35,683.8373,2.1341844
89.899994,25220.43,2478.9102,9.191924
69.75,18473.58,1923.2925,9.795485
110.049995,29157.18,3034.5278,9.79179
71.299995,12164.34,1966.0321,15.759069
133.3,16824.93,3675.6257,21.65301
116.25,16770.12,3205.4873,18.820097
43.399998,17929.83,1196.7152,5.9208994
263.5,25341.36,7265.7715,28.730328
29.449999,19811.64,812.05676,3.2502437
44.949997,13231.83,1239.4551,8.7131195
51.149998,23142.871,1410.4144,5.3194222
75.95,22946.25,2094.2517,8.463789
102.299995,11284.7705,2820.8289,24.919815
91.45,13847.79,2521.65,17.882183
122.45,18023.791,3376.4465,18.425026
116.25,30655.32,3205.4873,9.842667
124.0,17250.36,3419.1865,19.552872
72.85,17003.28,2008.7721,11.250276
71.299995,12753.33,1966.0321,14.985084
122.45,22657.41,3376.4465,14.452455
97.649994,23412.57,2692.6094,10.925378
142.59999,21695.19,3932.0642,17.793385
83.7,13348.41,2307.951,16.92854
44.949997,18250.86,1239.4551,6.041989
114.7,11416.14,3162.7476,27.727188
212.34999,29509.53,5855.357,19.574959
142.59999,28741.32,3932.0642,13.186059
145.7,24489.63,4017.5442,16.010862
75.95,15934.05,2094.2517,12.62858
55.8,16119.36,1538.6339,8.897725
82.149994,20979.18,2265.211,10.196133
145.7,23479.56,4017.5442,16.742655
60.449997,12324.42,1666.8534,13.024222
80.6,19675.92,2222.4712,10.712483
111.6,23339.49,3077.2678,12.671678
94.549995,18679.77,2607.1296,13.472347
110.049995,12807.2705,3034.5278,23.568714
223.2,47037.42,6154.5356,12.567494
141.05,19949.97,3889.3247,19.215282
130.2,26711.61,3590.1458,12.936698
58.899998,19618.5,1624.1135,7.584173
80.6,17308.65,2222.4712,12.314376
27.9,19598.49,769.31696,3.0703392
105.399994,12836.85,2906.3083,22.47638
10.849999,22714.83,299.1788,0.36574364
-4.6499996,14574.24,-128.21948,-1.9122545
31.0,15034.47,854.79663,4.8955264
21.699999,20272.74,598.3576,2.060527
80.6,19747.26,2222.4712,10.67017
113.149994,24424.38,3120.0076,12.245853
150.34999,26195.7,4145.7637,15.410524
148.79999,24652.32,4103.0234,16.258142
131.75,20802.57,3632.8857,17.108507
68.2,18924.24,1880.5525,9.3042145
57.35,12322.68,1581.3738,12.306911
31.0,9713.55,854.79663,8.124997
17.05,7535.07,470.13812,5.469729
17.05,21959.67,470.13812,1.2199721
71.299995,24420.03,1966.0321,7.3481894
13.95,20523.3,384.65848,0.94346154
99.2,14741.28,2735.349,18.240904
111.6,26921.28,3077.2678,10.852705
88.35,13983.51,2436.1704,17.065058
68.2,19490.61,1880.5525,9.004789
3.1,9676.14,85.47966,-0.083972394
142.59999,25259.58,3932.0642,15.141441
134.84999,22634.791,3718.3652,16.034266
172.04999,26486.28,4744.121,17.573027
196.84999,49274.19,5427.9585,10.422598
9.299999,13322.311,256.43896,0.9959624
20.15,15793.98,555.6178,2.647812
44.949997,25752.871,1239.4551,3.990603
165.84999,20851.291,4573.1616,21.742147
20.15,12466.23,555.6178,3.621563
83.7,17563.56,2307.951,12.625795
120.899994,18012.48,3333.7068,18.191183
96.1,17760.18,2649.8696,14.471237
69.75,29355.541,1923.2925,5.793649
82.149994,16178.5205,2265.211,13.518366
57.35,14383.71,1581.3738,10.400174
255.74998,19206.99,7052.072,37.071964
134.84999,22507.77,3718.3652,16.130398
75.95,17255.58,2094.2517,11.5848255
46.5,12581.07,1282.195,9.567794
32.55,10246.86,897.53644,8.082578
58.899998,16980.66,1624.1135,8.917671
100.75,23324.7,2778.089,11.350314
57.35,15690.45,1581.3738,9.450739
88.35,17159.01,2436.1704,13.721881
66.65,19942.14,1837.8129,8.556027
136.4,27153.57,3761.105,13.36271
131.75,24730.621,3632.8857,14.232269
24.8,12835.11,683.8373,4.5246024
187.54999,41632.11,5171.5195,11.880646
99.2,19348.8,2735.349,13.659076
241.79999,22775.73,6667.4136,29.355192
80.6,18748.5,2222.4712,11.291857
83430.3,67070.04,2300514.0,3555.6753
62.0,11424.84,1709.5933,14.516385
48.05,19435.8,1324.9348,6.0687065
62.0,18564.93,1709.5933,8.548769
102.299995,16934.55,2820.8289,16.272331
57.35,14222.76,1581.3738,10.529183
48.05,18193.44,1324.9348,6.5514016
91.45,24714.96,2521.65,9.579685
74.399994,11524.0205,2051.5117,17.459414
82.149994,20294.49,2265.211,10.573865
103.85,21711.72,2863.5686,12.676067
93.0,19139.13,2564.39,12.893437
85.25,12900.36,2350.6907,17.894766
79.049995,21204.51,2179.7312,9.65915
49.6,15267.63,1367.6746,8.288787
93.0,20997.45,2564.39,11.663839
65.1,22906.23,1795.0729,7.125991
128.65,20253.6,3547.406,17.161703
37424.75,60493.71,1031953.25,1767.8771
130.2,22662.63,3590.1458,15.426674
229.4,24366.09,6325.495,25.918856
7.75,24918.541,213.69916,-0.11074138
23.25,11137.74,641.0975,4.9686327
128.65,56221.14,3547.406,5.542732
100.75,17181.63,2778.089,15.766008
58450.5,60343.2,1611719.1,2768.548
7.75,13105.68,213.69916,0.6907958
144.15,19380.12,3974.8042,20.267046
51.149998,20783.43,1410.4144,6.0368357
44.949997,22412.07,1239.4551,4.7345147
139.5,20152.68,3846.585,18.792032
80.6,21224.52,2222.4712,9.857908
37.199997,22258.95,1025.7559,3.778452
36417.25,53701.62,1004172.4,1937.9596
102.299995,21912.69,2820.8289,12.3483925
60.449997,11631.03,1666.8534,13.860284
88.35,18334.38,2436.1704,12.778099
31.0,19765.53,854.79663,3.4843783
57.35,10212.93,1581.3738,15.055805
65.1,13277.94,1795.0729,13.018425
2123.5,14699.5205,58553.57,412.0457
58.899998,14336.73,1624.1135,10.746653
117.799995,23707.5,3248.227,13.2072
102.299995,21615.15,2820.8289,12.532136
10.849999,18002.041,299.1788,0.7232845
15.5,17271.24,427.39832,1.5660028
86.799995,3381.69,2393.4304,72.38966
68.2,14006.13,1880.5525,12.922435
94.549995,23441.28,2607.1296,10.532653
13.95,11832.87,384.65848,2.370801
34.1,19427.97,940.27625,4.0185227
86.799995,19360.98,2393.4304,11.818622
106.95,21240.18,2949.0483,13.396986
91.45,40154.85,2521.65,5.5117035
252.65,45592.35,6966.5923,14.844419
43.399998,22352.91,1196.7152,4.551427
102.299995,23454.33,2820.8289,11.471008
51.149998,23526.541,1410.4144,5.2163653
6.2,14555.1,170.95932,0.21793878
-13.95,11044.65,-384.65848,-4.6113634
220.09999,28615.17,6069.0557,20.992403
218.54999,43291.2,6026.316,13.434446
54.25,21097.5,1495.8942,6.3522077
52.699997,12417.51,1453.1542,11.134589
85.25,20677.291,2350.6907,10.78826
130.2,28108.83,3590.1458,12.243939
63.55,20189.22,1752.3331,8.0000515
34.1,19422.75,940.27625,4.019872
43.399998,25263.93,1196.7152,3.9117675
79.049995,23145.48,2179.7312,8.765278
26.349998,17822.82,726.5771,3.2272034
105.399994,24844.59,2906.3083,11.129914
55.8,22402.5,1538.6339,6.12175
117.799995,29800.98,3248.227,10.302218
31.0,22276.35,854.79663,2.978933
23.25,8481.63,641.0975,6.837772
181.34999,43132.86,5000.56,11.021489
103.85,19861.23,2863.5686,13.950279
80.6,13096.98,2222.4712,16.595955
103.85,25958.19,2863.5686,10.438816
102.299995,17768.88,2820.8289,15.461315
66.65,15478.17,1837.8129,11.312027
58.899998,15347.67,1624.1135,9.97291
113.149994,23916.3,3120.0076,12.527249
156.54999,22566.06,4316.7227,18.835644
52.699997,14085.3,1453.1542,9.697775
63.55,22854.9,1752.3331,6.9503317
97.649994,24044.19,2692.6094,10.612108
106.95,38345.25,2949.0483,6.974771
127.1,19821.21,3504.6663,17.334301
41.85,16683.12,1153.9755,6.1724443
368.9,15664.35,10172.08,66.335686
52.699997,7242.75,1453.1542,19.804443
57.35,17081.58,1581.3738,8.5996275
32.55,12966.48,897.53644,6.1775775
71.299995,16091.5205,1966.0321,11.668973
106.95,21134.041,2949.0483,13.46929
111.6,19474.95,3077.2678,15.384638
294.5,52863.81,8120.568,14.9285345
69.75,14153.16,1923.2925,13.090934
142.59999,23369.07,3932.0642,16.447252
189.09999,12800.311,5214.2593,41.23962
68.2,16925.85,1880.5525,10.520806
196.84999,28569.93,5427.9585,18.700407
88.35,18638.01,2436.1704,12.553642
155.0,15768.75,4273.9834,27.104992
151.9,34378.92,4188.5034,11.633233
175.15,23845.83,4829.601,20.001326
134.84999,21210.6,3718.3652,17.178036
7.75,14733.45,213.69916,0.50399446
60.449997,17704.5,1666.8534,8.762512
72.85,23751.0,2008.7721,7.7699404
24751.95,37389.99,682512.4,1891.7927
40.3,23612.67,1111.2356,3.8798776
35.649998,15549.51,983.01605,5.5552883
3.1,12966.48,85.47966,-0.31642127
58.899998,12805.53,1624.1135,12.151239
119.35,24903.75,3290.967,12.702716
75.95,24525.3,2094.2517,7.8544664
74.399994,14508.12,2051.5117,13.662591
181.34999,51417.87,5000.56,9.084455
40.3,13093.5,1111.2356,7.800317
29.449999,11093.37,812.05676,6.590507
63.55,10009.35,1752.3331,17.153429
260.4,50142.45,7180.2915,13.848563
44.949997,19971.72,1239.4551,5.435217
49.6,23730.121,1367.6746,4.9762764
150.34999,23510.88,4145.7637,17.284517
102.299995,22545.18,2820.8289,11.973911
86.799995,15405.96,2393.4304,15.109421
96.1,25759.83,2649.8696,9.666683
41.85,14677.7705,1153.9755,7.152379
130.2,23664.0,3590.1458,14.731562
69.75,18696.3,1923.2925,9.666883
46.5,17349.541,1282.195,6.6632667
65.1,14201.88,1795.0729,12.106421
57.35,20252.73,1581.3738,7.096528
54.25,21299.34,1495.8942,6.2825356
145.7,23205.51,4017.5442,16.952188
150.34999,20735.58,4145.7637,19.731762
12.4,17746.26,341.91864,0.99785435
51.149998,11347.41,1410.4144,11.888367
74.399994,19109.55,2051.5117,10.131954
6319.3496,16861.47,174250.28,1070.5833
97.649994,32363.13,2692.6094,7.6272163
80.6,24968.13,2222.4712,8.229921
66.65,13863.45,1837.8129,12.746048
99.2,29699.19,2735.349,8.550279
30451.299,43945.44,839666.7,1980.2577
62.0,17128.56,1709.5933,9.34951
48.05,13801.68,1324.9348,8.954294
100.75,28607.34,2778.089,9.069701
41.85,12748.98,1153.9755,8.38575
105.399994,45598.44,2906.3083,5.6090584
55.8,24343.47,1538.6339,5.553913
100.75,24122.49,2778.089,10.941858
58.899998,19810.77,1624.1135,7.500861
139.5,36087.6,3846.585,10.052619
-26.349998,16348.17,-726.5771,-5.6085086
164.29999,18597.99,4530.422,24.259253
116.25,15117.99,3205.4873,20.986084
133.3,18528.39,3675.6257,19.570341
29.449999,17844.57,812.05676,3.7187629
1980.8999,17641.86,54621.504,320.04593
186.0,47189.67,5128.78,10.269768
100.75,19444.5,2778.089,13.814851
99.2,21204.51,2735.349,12.376189
29.449999,18035.97,812.05676,3.6686869
51.149998,28839.63,1410.4144,4.071132
102.299995,23302.08,2820.8289,11.552491
127.1,21796.11,3504.6663,15.673069
29.449999,19617.63,812.05676,3.2922769
99.2,23317.74,2735.349,11.163938
57.35,14262.78,1581.3738,10.496833
44.949997,14010.48,1239.4551,8.173301
37.199997,13252.71,1025.7559,7.025779
99.2,24389.58,2735.349,10.629374
94.549995,26651.58,2607.1296,9.143493
82.149994,14371.53,2265.211,15.343819
0.0,13073.49,0.0,-1.0
35.649998,21555.99,983.01605,3.7286863
94.549995,27543.33,2607.1296,8.815085
77.5,17527.89,2136.9917,11.642154
29.449999,13793.85,812.05676,5.104481
116.25,22289.4,3205.4873,13.912263
100.75,19458.42,2778.089,13.804253
69.75,21241.92,1923.2925,8.38857
63.55,21978.81,1752.3331,7.2672367
88.35,18163.86,2436.1704,12.907447
116.25,22368.57,3205.4873,13.859484
10.849999,12975.18,299.1788,1.3909216
79.049995,19838.61,2179.7312,10.393039
110.049995,26351.43,3034.5278,10.940839
105.399994,22580.85,2906.3083,12.345944
114.7,23266.41,3162.7476,13.095582
282.1,14993.58,7778.6494,52.795593
1040.0499,12347.04,28678.426,239.8465
27.9,11440.5,769.31696,5.9728155
46.5,11900.73,1282.195,10.171933
130.2,22468.621,3590.1458,15.568512
97.649994,18971.22,2692.6094,13.717226
97.649994,22427.73,2692.6094,11.449041
54.25,14300.19,1495.8942,9.846932
96.1,15945.36,2649.8696,16.232094
69.75,14703.87,1923.2925,12.563181
119.35,15001.41,3290.967,21.747795
153.45,25270.02,4231.243,16.362421
125.549995,38433.99,3461.9263,8.340073
85.25,22727.88,2350.6907,9.724682
63.55,24446.13,1752.3331,6.4328337
29.449999,20021.31,812.05676,3.2057333
131.75,26481.93,3632.8857,13.224926
82.149994,19276.59,2265.211,11.185022
127.1,25053.39,3504.6663,13.505343
137.95,23115.9,3803.845,16.063175
55.8,27511.14,1538.6339,4.799287
89.899994,17257.32,2478.9102,13.894821
114.7,21440.28,3162.7476,14.296144
65.1,16028.88,1795.0729,10.612529
258.85,22255.47,7137.5522,32.255264
105.399994,30164.64,2906.3083,8.990596
173.59999,22131.93,4786.861,21.427425
167.4,22653.93,4615.902,20.128122
43.399998,14340.21,1196.7152,7.653328
74.399994,20469.36,2051.5117,9.392443
179.79999,23495.22,4957.8203,20.880594
55.8,24903.75,1538.6339,5.4064646
23.25,16250.73,641.0975,3.0907135
102.299995,22041.45,2820.8289,12.270413
68.2,18153.42,1880.5525,9.741746
176.7,16965.0,4872.341,28.78048
127.1,18196.92,3504.6663,18.970856
110.049995,14866.561,3034.5278,20.165499
234.04999,13893.9,6453.7144,47.165207
331.69998,25271.76,9146.323,36.5283
26.349998,11282.16,726.5771,5.6778603
72.85,15427.71,2008.7721,12.501347
80.6,16318.59,2222.4712,13.1221695
46.5,13774.71,1282.195,8.652048
24.8,10905.45,683.8373,5.502151
117.799995,19807.291,3248.227,16.004707
89.899994,12805.53,2478.9102,19.072947
44.949997,13667.7,1239.4551,8.403364
99.2,21551.64,2735.349,12.160739
86.799995,24718.44,2393.4304,9.040321
229.4,42336.81,6325.495,14.4925995
40.3,17059.83,1111.2356,5.754284
165.84999,41767.832,4573.1616,10.35331
57.35,17952.45,1581.3738,8.133951
137.95,19796.85,3803.845,18.923912
14473.899,26021.7,399104.53,1589.3726
258.85,22575.63,7137.5522,31.78365
128.65,24968.13,3547.406,13.732374
119.35,24903.75,3290.967,12.702716
88.35,21430.71,2436.1704,10.787425
74.399994,22102.35,2051.5117,8.624617
37.199997,10646.19,1025.7559,8.99074
62.0,14409.811,1709.5933,11.302189
63.55,22288.53,1752.3331,7.152356
83.7,22926.24,2307.951,9.438585
122.45,14743.0205,3376.4465,22.747686
108.5,16620.48,2991.7883,17.665308
62.0,25747.65,1709.5933,5.8849864
34.1,18445.74,940.27625,4.285758
31.0,10962.0,854.79663,7.085761
136.4,17634.03,3761.105,21.116264
97.649994,20922.63,2692.6094,12.344582
40.3,11019.42,1111.2356,9.456716
93.0,20033.49,2564.39,12.2731905
100.75,26027.791,2778.089,10.067683
117.799995,18978.18,3248.227,16.747602
179.79999,26095.65,4957.8203,18.700195
82.149994,13277.07,2265.211,16.691078
106.95,11577.96,2949.0483,25.411783
192.2,38223.45,5299.7393,13.37714
87106.9,148569.03,2401893.0,1675.383
86.799995,39375.332,2393.4304,5.3029585
108.5,22524.3,2991.7883,12.7729645
20.15,10042.41,555.6178,4.737016
86.799995,16024.53,2393.4304,14.487573
125.549995,28378.53,3461.9263,11.649571
172.04999,32848.59,4744.121,13.975693
38.75,18958.17,1068.4958,4.8441896
71.299995,12594.12,1966.0321,15.1871605
83.7,29597.4,2307.951,7.085761
139.5,15947.1,3846.585,24.0116
114.7,25906.86,3162.7476,11.658949
35.649998,17230.35,983.01605,4.9158125
82.149994,21027.9,2265.211,10.170191
43.399998,13368.42,1196.7152,8.282365
40.3,22412.07,1111.2356,4.1412897
550.25,14966.61,15172.641,104.12006
137.95,22925.371,3803.845,16.204985
58.899998,17806.291,1624.1135,8.457814
93.0,18113.4,2564.39,13.6802
58.899998,17473.95,1624.1135,8.637695
77.5,13326.66,2136.9917,15.627592
96.1,24061.59,2649.8696,10.419526
86.799995,27085.71,2393.4304,8.162805
52.699997,16587.42,1453.1542,8.084075
80.6,20509.38,2222.4712,10.236511
44.949997,17527.89,1239.4551,6.3324485
145.7,26110.44,4017.5442,14.954909
139.5,20999.19,3846.585,17.994186
9354.25,14094.87,257934.89,1896.5662
34.1,15460.7705,940.27625,5.306265
173.59999,22153.68,4786.861,21.405405
186.0,25065.57,5128.78,20.217018
18.599998,13194.42,512.8779,3.0306172
66.65,11567.5205,1837.8129,15.474373
20.15,19664.61,555.6178,1.929805
9.299999,13804.29,256.43896,0.92627287
26.349998,15481.65,726.5771,3.8664508
80.6,21262.8,2222.4712,9.838359
72.85,13031.73,2008.7721,14.983668
68.2,16253.34,1880.5525,10.9974985
165.84999,21992.73,4573.1616,20.561813
139.5,28252.38,3846.585,13.117836
235.59999,47970.93,6496.454,13.042554
-10.849999,20940.9,-299.1788,-2.4814374
51.149998,20765.16,1410.4144,6.0430264
7.75,15591.2705,213.69916,0.4212458
60.449997,18744.15,1666.8534,8.221032
102.299995,19646.34,2820.8289,13.8882265
94.549995,20802.57,2607.1296,11.995516
12.4,19050.39,341.91864,0.86108744
99.2,22773.99,2735.349,11.454363
72.85,23774.49,2008.7721,7.7612753
128.65,17633.16,3547.406,19.860687
119.35,21415.92,3290.967,14.934362
22341.7,29409.48,616051.94,2171.0903
66.65,22345.08,1837.8129,7.5283937
55.8,15941.88,1538.6339,9.0079155
137.95,21579.48,3803.845,17.278044
17488.65,68609.07,482233.53,727.82587
51.149998,17684.49,1410.4144,7.2699347
40.3,19240.92,1111.2356,4.98864
82.149994,20193.57,2265.211,10.631706
237556.1,157557.0,6550392.0,4309.9946
29.449999,18129.93,812.05676,3.6444912
32.55,16335.99,897.53644,4.6971087
41.85,19950.84,1153.9755,4.9976797
46.5,23457.81,1282.195,4.667799
89.899994,31190.371,2478.9102,7.2411556
96.1,21541.2,2649.8696,11.755648
71.299995,18664.11,1966.0321,9.92273
173.59999,21922.26,4786.861,21.641926
48.05,25552.77,1324.9348,4.3765593
65.1,18136.02,1795.0729,9.263323
199.95,30445.65,5513.4385,17.77782
68.2,20479.8,1880.5525,8.521549
235.59999,44343.03,6496.454,14.191437
93.0,18417.9,2564.39,13.437493
82.149994,22251.99,2265.211,9.555715
74.399994,17139.87,2051.5117,11.411217
148.79999,23772.75,4103.0234,16.896679
62.0,21529.89,1709.5933,7.2337723
347.19998,50764.5,9573.722,18.555485
119.35,22207.621,3290.967,14.3663025
63.55,13659.87,1752.3331,12.3020315
93.0,16926.72,2564.39,14.709382
71.299995,22514.73,1966.0321,8.054651
43.399998,11410.92,1196.7152,9.874719
51.149998,13874.76,1410.4144,9.540692
20.15,24278.22,555.6178,1.3730516
122.45,26711.61,3376.4465,12.107132
57.35,16828.41,1581.3738,8.744045
122.45,17544.42,3376.4465,18.955782
252.65,18567.541,6966.5923,37.905758
20.15,16780.56,555.6178,2.433346
43.399998,13498.92,1196.7152,8.192628
85.25,22070.16,2350.6907,10.044292
66.65,20159.64,1837.8129,8.452929
29.449999,15069.2705,812.05676,4.5878153
9.299999,13176.15,256.43896,1.0181031
30059.148,50011.082,828853.5,1717.5391
68.2,21857.01,1880.5525,7.9215965
83.7,24416.55,2307.951,8.801445
97.649994,12686.34,2692.6094,21.008219
7.75,22310.28,213.69916,-0.006779492
31.0,9870.15,854.79663,7.980219
147.25,22797.48,4060.284,17.467897
235.59999,43135.47,6496.454,14.616717
96.1,24313.02,2649.8696,10.301433
133.3,15723.51,3675.6257,23.239836
44.949997,17116.38,1239.4551,6.508734
38.75,20821.71,1068.4958,4.3211355
18.599998,21120.12,512.8779,1.5180569
37.199997,15088.41,1025.7559,6.0493393
41.85,10557.45,1153.9755,10.334057
93.0,18515.34,2564.39,13.361514
116.25,18731.97,3205.4873,16.744284
134.84999,27471.99,3718.3652,13.034915
55.8,20363.22,1538.6339,6.834959
52.699997,17962.89,1453.1542,7.388481
93.0,23084.58,2564.39,10.518872
32.55,24598.38,897.53644,2.7834976
68.2,13761.66,1880.5525,13.169761
105.399994,23993.73,2906.3083,11.560062
86.799995,16048.89,2393.4304,14.4640665
116.25,17122.47,3205.4873,18.412235
75.95,18360.48,2094.2517,10.827493
134.84999,22296.36,3718.3652,16.292826
43.399998,13456.29,1196.7152,8.22175
69.75,15979.29,1923.2925,11.480608
38.75,16574.37,1068.4958,5.6847277
52.699997,25794.63,1453.1542,4.841579
79.049995,23246.4,2179.7312,8.722884
111.6,32246.55,3077.2678,8.895321
125.549995,20622.48,3461.9263,16.407034
77.5,22510.38,2136.9917,8.843915
117.799995,17309.52,3248.227,18.458494
69.75,37206.42,1923.2925,4.36013
48.05,19999.56,1324.9348,5.869449
1126.85,10135.5,31071.857,316.88492
128.65,25300.47,3547.406,13.538854
147.25,30757.11,4060.284,12.688592
20.15,22866.21,555.6178,1.5195897
204.59999,35092.32,5641.6577,15.670267
100.75,29355.541,2778.089,8.813048
124.0,19521.93,3419.1865,17.16134
108.5,32511.03,2991.7883,8.54219
530.1,28206.27,14617.021,52.735477
120.899994,24662.76,3333.7068,13.016307
136.4,23139.39,3761.105,15.854326
150.34999,25340.49,4145.7637,15.964357
106.95,20145.72,2949.0483,14.179133
389.05,68796.12,10727.697,15.169271
108.5,22834.89,2991.7883,12.585631
106.95,23572.65,2949.0483,11.97243
144.15,20445.0,3974.8042,19.159348
89.899994,29167.621,2478.9102,7.8126726
103.85,22831.41,2863.5686,12.005371
52.699997,6114.36,1453.1542,23.643852
89.899994,19742.041,2478.9102,12.020168
51.149998,23318.61,1410.4144,5.2717967
69.75,11885.07,1923.2925,15.779982
100.75,17080.71,2778.089,15.865068
58.899998,12717.66,1624.1135,12.242105
127.1,35486.43,3504.6663,9.240762
51.149998,16176.78,1410.4144,8.04071
1351.6,137021.52,37269.133,27.20385
133.3,21475.08,3675.6257,16.747793
150.34999,21576.871,4145.7637,18.923422
100.75,16256.82,2778.089,16.719784
6.2,14584.68,170.95932,0.21546865
72.85,27244.05,2008.7721,6.645517
65.1,17062.44,1795.0729,9.909098
38.75,14081.82,1068.4958,6.867956
44.949997,15834.87,1239.4551,7.116413
62.0,21654.3,1709.5933,7.186467
49.6,15657.39,1367.6746,8.057562
74.399994,21280.2,2051.5117,8.996459
74.399994,17081.58,2051.5117,11.453569
1985.5499,65820.72,54749.723,85.25161
116.25,14622.09,3205.4873,21.731731
72.85,19298.34,2008.7721,9.793407
57.35,13167.45,1581.3738,11.453194
227.84999,36314.67,6282.755,16.93973
91.45,26203.53,2521.65,8.978675
86.799995,39405.78,2393.4304,5.2980886
119.35,28407.24,3290.967,11.012748
44.949997,21914.43,1239.4551,4.864736
119.35,19750.74,3290.967,16.277782
124.0,24658.41,3419.1865,13.378236
97.649994,13953.93,2692.6094,19.008968
82.149994,21983.16,2265.211,9.6848
54.25,16638.75,1495.8942,8.322407
4251.65,33404.52,117235.36,362.9161
62.0,17366.07,1709.5933,9.207964
100.75,17072.88,2778.089,15.872803
230.95,43462.59,6368.235,14.193273
54.25,13051.74,1495.8942,10.884484
83.7,26179.17,2307.951,8.141523
114.7,19474.95,3162.7476,15.839767
133.3,18763.291,3675.6257,19.312817
124.0,18068.16,3419.1865,18.622608
212.34999,46142.19,5855.357,12.158399
213.9,37864.14,5898.0967,15.152199
31.0,13278.811,854.79663,5.6750035
13.95,13883.46,384.65848,1.8729327
65.1,13499.79,1795.0729,12.788053
3.1,22233.72,85.47966,-0.6013438
24265.25,30767.55,669092.06,2253.9702
147.25,14119.23,4060.284,28.819012
72.85,22189.35,2008.7721,8.387155
65.1,9831.87,1795.0729,17.931885
131.75,26049.541,3632.8857,13.46104
106.95,36532.17,2949.0483,7.370556
68.2,12141.72,1880.5525,15.06028
103.85,24991.621,2863.5686,10.88122
91.45,19904.73,2521.65,12.1364
116.25,20108.31,3205.4873,15.529753
122.45,23929.35,3376.4465,13.631097
114.7,17687.97,3162.7476,17.541054
159.65,40992.66,4402.2026,10.135553
114.7,26199.18,3162.7476,11.517705
40.3,14270.61,1111.2356,7.074423
58.899998,26934.33,1624.1135,5.252563
62.0,24600.121,1709.5933,6.2061524
127.1,25739.82,3504.6663,13.118515
215.45,19998.69,5940.8364,29.803066
122.45,14356.74,3376.4465,23.386637
35.649998,14596.86,983.01605,5.983112
79.049995,17761.92,2179.7312,11.725092
63.55,20469.36,1752.3331,7.8768787
62.0,22971.48,1709.5933,6.7170568
155.0,21221.91,4273.9834,19.883162
43.399998,18269.13,1196.7152,5.7923613
141.05,19781.19,3889.3247,19.387768
203.04999,44610.992,5598.9175,12.013977
79.049995,15102.33,2179.7312,13.966039
34.1,12369.66,940.27625,6.882166
213.9,17228.61,5898.0967,34.498463
141.05,16319.46,3889.3247,23.712477
136.4,24964.65,3761.105,14.622044
133.3,24111.18,3675.6257,14.807409
34.1,15772.23,940.27625,5.1817327
139.5,28870.95,3846.585,12.815358
1193.5,15840.96,32909.67,214.42194
49.6,23327.31,1367.6746,5.0794735
260.4,37727.55,7180.2915,18.734737
88.35,22860.99,2436.1704,10.049955
86.799995,23395.17,2393.4304,9.608219
125.549995,24048.541,3461.9263,13.927152
63.55,18800.7,1752.3331,8.664748
27.9,12040.8,769.31696,5.6251826
100.75,26011.26,2778.089,10.0747175
-6.2,14350.65,-170.95932,-2.2352905
79.049995,18491.85,2179.7312,11.222794
266.6,22500.81,7351.2515,32.877472
58.899998,25793.76,1624.1135,5.529044
-4.6499996,4616.22,-128.21948,-3.8801517
41.85,10790.61,1153.9755,10.089154
82.149994,15156.2705,2265.211,14.49759
130.2,21027.03,3590.1458,16.704433
102.299995,21247.14,2820.8289,12.766518
49.6,9631.7705,1367.6746,13.723956
77.5,25381.38,2136.9917,7.730427
136.4,28166.25,3761.105,12.846318
72.85,21326.31,2008.7721,8.767036
129606.34,151105.95,3573776.2,2451.4133
72.85,22744.41,2008.7721,8.158068
80.6,39642.42,2222.4712,4.813315
162.75,23618.76,4487.682,18.702116
79.049995,18451.83,2179.7312,11.249303
-26.349998,16014.09,-726.5771,-5.70465
119.35,22595.64,3290.967,14.1024275
55.8,30996.36,1538.6339,4.147217
195.29999,30009.78,5385.2188,17.607517
34.1,13542.42,940.27625,6.199579
14531.25,28367.22,400685.94,1463.6545
105.399994,15113.64,2906.3083,18.939787
52.699997,23310.78,1453.1542,5.464021
4.6499996,16744.02,128.21948,-0.2059604
175.15,23712.72,4829.601,20.119215
57.35,25006.41,1581.3738,5.557391
46.5,13788.63,1282.195,8.642304
71.299995,15168.45,1966.0321,12.439939
544.05,86853.84,15001.681,16.910131
103.85,12075.6,2863.5686,23.589334
148.79999,26675.07,4103.0234,14.949472
99.2,15243.2705,2735.349,17.607262
66.65,20186.61,1837.8129,8.4403
68.2,26773.38,1880.5525,6.2833323
38.75,16731.84,1068.4958,5.621815
153.45,48535.56,4231.243,8.039738
-27.9,20702.52,-769.31696,-4.8532743
18.599998,10157.25,512.8779,4.235832
54.25,18888.57,1495.8942,7.2120132
55.8,23949.36,1538.6339,5.6617646
48.05,10774.95,1324.9348,11.750498
168.95,22403.371,4658.6416,20.562237
-24.8,10978.53,-683.8373,-7.4588685
119.35,28944.03,3290.967,10.789963
66.65,15051.0,1837.8129,11.66146
88.35,14212.32,2436.1704,16.77422
74.399994,15779.19,2051.5117,12.481467
80.6,16852.77,2222.4712,12.6745405
75.95,12536.7,2094.2517,16.32182
63308.2,84213.39,1745665.6,2148.4521
21345.049,41202.332,588570.2,1480.2363
60.449997,12583.68,1666.8534,12.735283
6.2,12543.66,170.95932,0.4132415
82.149994,17742.78,2265.211,12.238381
86.799995,21578.61,2393.4304,10.501255
24.8,24807.18,683.8373,1.8584018
6.2,10655.76,170.95932,0.6636281
65.1,19085.19,1795.0729,8.752894
142.59999,23048.041,3932.0642,16.69027
110.049995,15834.0,3034.5278,18.87231
52.699997,12420.99,1453.1542,11.131188
11251.449,21931.83,310248.4,1465.8394
14831.949,24308.67,408977.44,1743.5605
37.199997,21803.07,1025.7559,3.8783646
148.79999,17893.291,4103.0234,22.777252
91.45,16147.2,2521.65,15.193304
111.6,24366.09,3077.2678,12.095658
32.55,19359.24,897.53644,3.8074155
77.5,11987.73,2136.9917,17.484758
105.399994,17922.0,2906.3083,15.815241
176.7,24609.69,4872.341,19.529549
97.649994,16950.21,2692.6094,15.4719925
91.45,21604.71,2521.65,11.102754
6.2,19300.08,170.95932,-0.08149499
4136.9497,16905.84,114072.6,698.66876
99.2,13296.21,2735.349,20.33206
34.1,26200.05,940.27625,2.721356
179.79999,16051.5,4957.8203,31.0275
85.25,19220.91,2350.6907,11.681464
137.95,24720.18,3803.845,14.955818
421.59998,13143.09,11625.233,90.717476
1026.1,33360.15,28293.768,86.94491
18511.65,33225.3,510441.8,1592.0345
96.1,18471.84,2649.8696,13.875179
48.05,14318.46,1324.9348,8.595025
91.45,15633.03,2521.65,15.725901
77.5,28598.64,2136.9917,6.7482805
91.45,20465.01,2521.65,11.776759
-18.599998,20404.11,-512.8779,-3.606419
13.95,14608.17,384.65848,1.7304068
119.35,22680.9,3290.967,14.045656
62.0,25254.36,1709.5933,6.01947
24.8,19127.82,683.8373,2.7071073
21388.45,33441.06,589766.94,1827.7245
119.35,28390.71,3290.967,11.019742
131.75,31090.32,3632.8857,11.116423
350.3,52361.82,9659.202,18.128212
94.549995,24168.6,2607.1296,10.185593
46.5,17997.69,1282.195,6.387291
82.149994,21821.34,2265.211,9.764035
17.05,11986.86,470.13812,3.0669413
77.5,26217.45,2136.9917,7.452016
60.449997,10153.7705,1666.8534,16.022287
60.449997,25525.8,1666.8534,5.771204
156.54999,21857.88,4316.7227,19.478304
86.799995,14145.33,2393.4304,16.54509
144.15,29658.3,3974.8042,12.896881
97.649994,22639.14,2692.6094,11.332788
137.95,25335.27,3803.845,14.568442
54.25,16208.1,1495.8942,8.570104
145.7,27179.67,4017.5442,14.327255
51.149998,13825.17,1410.4144,9.578501
44.949997,15158.88,1239.4551,7.4783535
83.7,12066.03,2307.951,18.833988
34.1,13742.5205,940.27625,6.0947475
102.299995,20119.62,2820.8289,13.538007
58.899998,17861.1,1624.1135,8.428792
156.54999,24530.52,4316.7227,17.24716
18.599998,19178.28,512.8779,1.7730153
113.149994,29915.82,3120.0076,9.8144045
103.85,16906.71,2863.5686,16.562904
91.45,20602.47,2521.65,11.691512
97.649994,22281.57,2692.6094,11.530703
136.4,12758.55,3761.105,29.567648
114.7,18808.53,3162.7476,16.43643
86.799995,14669.94,2393.4304,15.917662
127.1,28151.46,3504.6663,11.90903
119.35,21205.38,3290.967,15.092567
27.9,17990.73,769.31696,3.4340887
65.1,16061.94,1795.0729,10.588626
266.6,45271.32,7351.2515,15.837824
3.1,18457.05,85.47966,-0.51977104
218.54999,32226.541,6026.316,18.39037
55.8,14182.74,1538.6339,10.249236
91.45,13959.15,2521.65,17.731548
37.199997,16530.87,1025.7559,5.4342246
43.399998,19056.48,1196.7152,5.5117245
145.7,31395.69,4017.5442,12.269011
15041.199,43570.47,414747.3,986.0501
102.299995,20866.08,2820.8289,13.017926
412.3,78199.95,11368.795,14.074947
139.5,29099.76,3846.585,12.706729
105.399994,26156.55,2906.3083,10.5215025
68.2,19454.07,1880.5525,9.023581
72.85,15483.39,2008.7721,12.452794
108.5,20710.35,2991.7883,13.979293
27.9,13252.71,769.31696,5.0193343
69.75,22237.2,1923.2925,7.968362
108.5,17266.89,2991.7883,16.966547
60.449997,19637.64,1666.8534,7.801485
122.45,21288.03,3376.4465,15.446455
1768.5499,19848.18,48766.145,253.76843
124.0,25111.68,3419.1865,13.118707
58.899998,15779.19,1624.1135,9.672829
80.6,13783.41,2222.4712,15.719656
10.849999,18149.94,299.1788,0.70924187
57.35,18410.94,1581.3738,7.9064875
38.75,24978.57,1068.4958,3.435608
37.199997,21036.6,1025.7559,4.056108
167.4,31178.19,4615.902,14.351597
167.4,27986.16,4615.902,16.10256
103.85,23905.86,2863.5686,11.420844
34.1,20553.75,940.27625,3.7436461
86.799995,31357.41,2393.4304,6.914592
97.649994,33308.82,2692.6094,7.3822765
17.05,21752.61,470.13812,1.2411039
63.55,24631.44,1752.3331,6.3769145
-18.599998,23404.74,-512.8779,-3.2722602
77.5,16404.72,2136.9917,12.507714
184.45,33460.2,5086.04,14.761557
88.35,17449.59,2436.1704,13.476725
108.5,20214.45,2991.7883,14.346764
38.75,14690.82,1068.4958,6.541794
68.2,25410.09,1880.5525,6.674094
167.4,49673.52,4615.902,8.635616
192.2,33013.89,5299.7393,15.645838
198.4,24261.69,5470.698,22.381351
71.299995,19247.88,1966.0321,9.591454
65.1,20545.92,1795.0729,8.059503
37.199997,14075.73,1025.7559,6.5565042
120.899994,26724.66,3333.7068,11.9349
6.2,22559.97,170.95932,-0.2142179
29.449999,21769.14,812.05676,2.8680582
66.65,14398.5,1837.8129,12.235243
86.799995,30045.45,2393.4304,7.260189
62.0,10634.88,1709.5933,15.668943
29.449999,24255.6,812.05676,2.4715407
43.399998,20316.24,1196.7152,5.1079483
137.95,27559.86,3803.845,13.311781
341.0,53113.5,9402.763,17.356861
69.75,14425.47,1923.2925,12.82494
110.049995,15926.22,3034.5278,18.75724
49.6,11906.82,1367.6746,10.910633
141.05,29151.09,3889.3247,12.834621
57.35,10356.48,1581.3738,14.833256
6.2,11228.22,170.95932,0.5788095
89.899994,18912.93,2478.9102,12.590951
106.95,22289.4,2949.0483,12.719281
31.0,11803.29,854.79663,6.509441
69.75,18203.88,1923.2925,9.955425
212.34999,34964.43,5855.357,16.365
44.949997,12431.43,1239.4551,9.338502
55.8,22937.55,1538.6339,5.9556246
108.5,24639.27,2991.7883,11.59073
57.35,20224.02,1581.3738,7.1080227
66.65,24944.64,1837.8129,6.639623
29.449999,16449.96,812.05676,4.1188145
89.899994,23153.31,2478.9102,10.101856
147.25,24037.23,4060.284,16.515392
49.6,17500.92,1367.6746,7.103446
13.95,13248.36,384.65848,2.0106554
128.65,33574.17,3547.406,9.956037
3578.95,21181.02,98686.27,482.12308
201.5,12102.57,5556.178,46.60433
31.0,11172.54,854.79663,6.933389
82.149994,22727.01,2265.211,9.335089
71.299995,20402.37,1966.0321,8.9921255
407.65,3377.34,11240.575,344.11325
130.2,20217.06,3590.1458,17.413738
88.35,13894.7705,2436.1704,17.180431
258.85,58809.39,7137.5522,11.584921
51.149998,18002.041,1410.4144,7.124056
145.7,17341.71,4017.5442,23.022411
124.0,24845.46,3419.1865,13.269988
165.84999,22617.39,4573.1616,19.966307
54.25,21308.91,1495.8942,6.2792645
32.55,8768.73,897.53644,9.613613
74.399994,19627.2,2051.5117,9.83836
63.55,3988.08,1752.3331,44.56178
124.0,19161.75,3419.1865,17.502716
41.85,17560.95,1153.9755,5.8139114
139.5,28873.56,3846.585,12.814108
128.65,22192.83,3547.406,15.574715
551.8,22292.88,15215.38,69.77249
105.399994,22917.541,2906.3083,12.149873
108.5,18826.8,2991.7883,15.477913
485.15,81466.8,13377.567,16.027245
130.2,27145.74,3590.1458,12.713815
15.5,15463.38,427.39832,1.8660004
89.899994,26335.77,2478.9102,8.760288
12559.649,24566.19,346320.84,1460.8025
79.049995,20857.38,2179.7312,9.836551
79.049995,26434.95,2179.7312,7.5501223
46.5,11923.35,1282.195,10.15074
137.95,29100.63,3803.845,12.554026
430.9,51519.66,11881.673,22.914013
344.09998,61637.76,9488.242,14.96198
111.6,13761.66,3077.2678,22.186882
466.55,94312.35,12864.689,13.144207
86.799995,17113.77,2393.4304,13.501837
156.54999,41269.32,4316.7227,9.8461275
24.8,16762.291,683.8373,3.2302623
48046.9,67498.95,1324849.2,2034.2479
106.95,24243.42,2949.0483,11.613507
93.0,17864.58,2564.39,13.884666
4.6499996,12902.97,128.21948,0.030415177
79.049995,17706.24,2179.7312,11.765107
261.94998,38470.53,7223.0312,18.4688
65.1,21685.621,1795.0729,7.583376
41.85,27277.11,1153.9755,3.3867826
58.899998,22004.91,1624.1135,6.653228
85.25,26372.31,2350.6907,8.242622
74.399994,23602.23,2051.5117,8.012989
71.299995,16885.83,1966.0321,11.073025
164.29999,35611.71,4530.422,12.191484
192.2,27122.25,5299.7393,19.261738
153.45,27335.4,4231.243,15.05057
68.2,16336.86,1880.5525,10.936163
241.79999,42103.65,6667.4136,15.420467
170.5,31259.1,4701.3813,14.595414
32.55,23418.66,897.53644,2.9740922
75.95,15302.43,2094.2517,13.19111
65.1,26649.84,1795.0729,5.9845004
31.0,20655.541,854.79663,3.291154
89.899994,24582.72,2478.9102,9.456316
142.59999,29660.91,3932.0642,12.746243
105.399994,32730.27,2906.3083,8.207463
54.25,10373.01,1495.8942,13.953538
51.149998,22008.39,1410.4144,5.6451735
50703.598,87349.74,1398105.4,1658.6869
91.45,13268.37,2521.65,18.706753
58.899998,14864.82,1624.1135,10.32934
60.449997,10770.6,1666.8534,15.047426
35.649998,17332.14,983.01605,4.881069
91.45,14723.01,2521.65,16.759718
63.55,19279.2,1752.3331,8.424874
72.85,19411.44,2008.7721,9.73052
119.35,15359.85,3290.967,21.21695
111.6,21380.25,3077.2678,13.9245205
145.7,24304.32,4017.5442,16.140562
71.299995,16498.68,1966.0321,11.356324
103.85,24946.38,2863.5686,10.902767
62.0,24812.4,1709.5933,6.144501
17.05,10043.28,470.13812,3.8539777
137.95,19511.49,3803.845,19.215303
40.3,23271.63,1111.2356,3.9513907
52.699997,13290.12,1453.1542,10.337849
128.65,21709.11,3547.406,15.944033
17.05,12468.84,470.13812,2.9097347
15382.199,29951.49,424150.06,1467.4155
86.799995,27010.89,2393.4304,8.188186
308.44998,67357.14,8505.227,12.093331
119.35,20906.1,3290.967,15.322941
63.55,19968.24,1752.3331,8.099651
77.5,14051.37,2136.9917,14.770012
6985.8496,22870.56,192628.4,872.35614
210.79999,32122.14,5812.6167,17.763554
48.05,21575.13,1324.9348,5.367793
46.5,17693.19,1282.195,6.5144258
97.649994,15653.04,2692.6094,16.83703
77.5,20271.87,2136.9917,9.930925
99.2,16312.5,2735.349,16.387619
66.65,19666.35,1837.8129,8.690036
38.75,15840.09,1068.4958,5.994603
91.45,13127.43,2521.65,18.918333
31.0,13002.15,854.79663,5.8170342
133.3,23838.0,3675.6257,14.98856
46.5,20216.19,1282.195,5.576618
164.29999,28956.21,4530.422,15.223509
24.8,10381.71,683.8373,5.830174
20032.2,26018.22,552369.56,2200.4053
114.7,26060.85,3162.7476,11.584148
-23.25,3553.95,-641.0975,-19.705126
55.8,18865.95,1538.6339,7.45677
114.7,22274.61,3162.7476,13.723204
120.899994,20760.81,3333.7068,15.650642
49989.047,53740.77,1378402.2,2658.6223
80.6,22026.66,2222.4712,9.462498
175.15,25377.03,4829.601,18.734148
175.15,23559.6,4829.601,20.256474
127.1,18898.14,3504.6663,18.22983
106.95,16611.78,2949.0483,17.408298
122.45,38658.45,3376.4465,8.0565605
99.2,19505.4,2735.349,13.541386
31.0,14549.01,854.79663,5.0922437
114.7,16269.0,3162.7476,19.158192
113.149994,17252.97,3120.0076,17.751657
77.5,19504.53,2136.9917,10.360966
38.75,21746.52,1068.4958,4.094845
205116.14,139119.95,5655890.0,4214.6
606.05,20116.14,16711.273,85.14157
63.55,18046.41,1752.3331,9.068707
125.549995,16620.48,3461.9263,20.598427
85.25,18715.44,2350.6907,12.023968
49.6,20699.91,1367.6746,5.85113
91.45,12691.561,2521.65,19.60239
48.05,16876.26,1324.9348,7.1407833
88.35,21404.61,2436.1704,10.8018
32.55,11218.65,897.53644,7.295821
62.0,20356.26,1709.5933,7.7084866
105.399994,26179.17,2906.3083,10.511547
130.2,18339.6,3590.1458,19.298788
111.6,18308.28,3077.2678,16.428726
34.1,21682.14,940.27625,3.4967756
96.1,9375.12,2649.8696,28.30863
54.25,23783.19,1495.8942,5.521968
8587.0,20645.97,236778.67,1188.2007
75.95,9744.87,2094.2517,21.284388
213.9,20768.64,5898.0967,28.447721
291.4,63048.03,8035.0884,12.214995
48.05,22464.27,1324.9348,5.115755
63.55,26513.25,1752.3331,5.8533287
62.0,11187.33,1709.5933,14.845802
444.84998,61159.26,12266.331,19.796984
125.549995,26538.48,3461.9263,12.526631
96.1,21568.17,2649.8696,11.739697
68.2,17397.39,1880.5525,10.208545
111.6,23814.51,3077.2678,12.398973
63.55,16886.7,1752.3331,9.760186
82.149994,19340.97,2265.211,11.144462
176.7,29236.35,4872.341,16.280743
122.45,25459.68,3376.4465,12.751651
116.25,23832.78,3205.4873,12.946566
72.85,28472.49,2008.7721,6.315653
181.34999,10167.69,5000.56,49.99695
21909.25,28435.95,604127.5,2201.971
91.45,20785.17,2521.65,11.579955
142.59999,29010.15,3932.0642,13.0546
71.299995,14469.84,1966.0321,13.088825
176.7,33652.47,4872.341,14.013039
7.75,10584.42,213.69916,1.0935514
137.95,24609.69,3803.845,15.027454
62.0,16290.75,1709.5933,9.881771
-1.55,19589.791,-42.73983,-1.2262304
80.6,16195.92,2222.4712,13.229132
165.84999,23289.9,4573.1616,19.360891
94.549995,18045.541,2607.1296,13.980992
114.7,33912.6,3162.7476,8.670552
83.7,30532.65,2307.951,6.8380847
260.4,33233.13,7180.2915,21.403646
55.8,20813.01,1538.6339,6.665638
86.799995,21551.64,2393.4304,10.515648
86.799995,23815.38,2393.4304,9.421042
875.75,23816.25,24148.006,104.13705
297.59998,39184.8,8206.047,20.71522
60.449997,18999.93,1666.8534,8.096897
94.549995,12755.94,2607.1296,20.193274
17778.5,28662.15,490225.88,1772.517
94.549995,14623.83,2607.1296,17.486273
137.95,13652.04,3803.845,27.891703
155.0,25219.56,4273.9834,16.57289
20190.299,34518.99,556729.0,1671.3749
110.049995,22519.95,3034.5278,12.972419
58.899998,14832.63,1624.1135,10.353927
63.55,19434.93,1752.3331,8.349354
54.25,17579.22,1495.8942,7.8236675
68.2,11584.92,1880.5525,15.832178
96.1,11734.561,2649.8696,22.415615
77.5,19994.34,2136.9917,10.08265
102.299995,25585.83,2820.8289,10.432076
0.0,14415.9,0.0,-1.0
58.899998,19945.62,1624.1135,7.443388
1604.25,19008.63,44235.727,240.30714
38.75,17778.45,1068.4958,5.2319913
48.05,20880.87,1324.9348,5.5795145
137.95,31228.65,3803.845,11.630411
125.549995,41997.51,3461.9263,7.547559
184.45,52207.832,5086.04,9.101643
38.75,12882.09,1068.4958,7.600712
153.45,24061.59,4231.243,17.234404
409.19998,58537.082,11283.315,18.987272
110.049995,20295.36,3034.5278,14.503946
83.7,19573.26,2307.951,11.226757
261.94998,16450.83,7223.0312,44.528103
62.0,17704.5,1709.5933,9.012834
117.799995,23030.64,3248.227,13.624743
66.65,17600.1,1837.8129,9.827646
31.0,14616.0,854.79663,5.0643206
99.2,22651.32,2735.349,11.521811
137.95,19467.99,3803.845,19.260471
117.799995,26289.66,3248.227,11.811775
29.449999,21846.57,812.05676,2.854349
62.0,14350.65,1709.5933,11.352905
94.549995,14013.09,2607.1296,18.291971
41.85,11645.82,1153.9755,9.274823
80.6,13009.98,2222.4712,16.713623
2342.05,22984.53,64579.887,290.3463
279.0,45031.2,7693.17,16.714941
46.5,17218.17,1282.195,6.7217364
161.2,23063.7,4444.9424,18.98412
141.05,22134.541,3889.3247,17.220133
103.85,18867.69,2863.5686,14.737536
58.899998,10794.96,1624.1135,14.600669
148.79999,30226.41,4103.0234,13.075547
69.75,20105.7,1923.2925,8.91914
68.2,14661.24,1880.5525,12.300337
48.05,16361.22,1324.9348,7.397049
49.6,16146.33,1367.6746,7.7832823
99.2,18999.06,2735.349,13.928924
35.649998,24415.68,983.01605,3.1748385
20.15,14756.07,555.6178,2.904391
23.25,22847.94,641.0975,1.909544
88.35,27549.42,2436.1704,8.169446
62.0,18578.85,1709.5933,8.541615
44.949997,16487.37,1239.4551,6.795201
43.399998,18313.5,1196.7152,5.7759056
63.55,15035.34,1752.3331,11.085129
93.0,22831.41,2564.39,10.646602
24.8,17378.25,683.8373,3.0803237
156.54999,35705.67,4316.7227,11.536168
114.7,26516.73,3162.7476,11.3678
80.6,24647.97,2222.4712,8.349812
131.75,20719.05,3632.8857,17.181501
32.55,9758.79,897.53644,8.536829
86.799995,30347.34,2393.4304,7.1780176
181.34999,26828.19,5000.56,18.327477
54.25,19817.73,1495.8942,6.8269906
48.05,14228.85,1324.9348,8.655452
9.299999,9864.93,256.43896,1.6954911
44.949997,17928.96,1239.4551,6.1684217
113.149994,22301.58,3120.0076,13.506676
119.35,20247.51,3290.967,15.853876
83.7,13242.2705,2307.951,17.07224
43.399998,10642.71,1196.7152,10.659676
68.2,10968.09,1880.5525,16.778795
79.049995,28271.52,2179.7312,6.994691
31.0,11187.33,854.79663,6.922901
94.549995,20795.61,2607.1296,11.999866
175.15,29680.92,4829.601,15.872591
102.299995,18802.44,2820.8289,14.556447
111.6,23580.48,3077.2678,12.531955
34.1,16304.67,940.27625,4.979864
40.3,14089.65,1111.2356,7.1781263
68.2,16872.78,1880.5525,10.557042
83.7,19501.05,2307.951,11.272031
54.25,21784.8,1495.8942,6.120249
100.75,19228.74,2778.089,13.981083
86.799995,18302.19,2393.4304,12.560186
83.7,12727.23,2307.951,17.80358
49.6,18016.83,1367.6746,6.871405
134.84999,24828.06,3718.3652,14.529488
141.05,38894.22,3889.3247,9.369003
65.1,13566.78,1795.0729,12.719971
29.449999,15151.92,812.05676,4.5573354
40.3,18207.36,1111.2356,5.3285913
91.45,17185.98,2521.65,14.214523
54.25,9568.26,1495.8942,15.211224
144.15,24835.02,3974.8042,15.595835
103.85,14281.05,2863.5686,19.791956
88.35,38504.46,2436.1704,5.560614
37.199997,8713.05,1025.7559,11.207358
42057.7,47453.28,1159702.6,2533.1265
49.6,13940.01,1367.6746,9.173434
234.04999,23405.61,6453.7144,27.591547
62.0,17013.72,1709.5933,9.419368
62.0,14773.47,1709.5933,10.999362
77.5,18415.291,2136.9917,11.03295
117.799995,19992.6,3248.227,15.847094
190.65,33753.39,5256.999,15.149847
172.04999,25766.791,4744.121,18.091644
159.65,18561.45,4402.2026,23.59269
52.699997,13588.53,1453.1542,10.088865
131.75,19802.07,3632.8857,18.023438
122.45,29419.92,3376.4465,10.900529
102424.0,128303.25,2824248.0,2281.512
91.45,22052.76,2521.65,10.856861
68.2,20351.91,1880.5525,8.581382
91.45,19847.31,2521.65,12.174404
530.1,19849.92,14617.021,75.35685
-3.1,13027.38,-85.47966,-1.6803832
41.85,21482.91,1153.9755,4.5699506
23.25,11965.98,641.0975,4.5555067
54.25,20940.03,1495.8942,6.4074965
34.1,19477.56,940.27625,4.0057454
97636.05,59870.79,2692224.8,4661.7725
44.949997,20475.45,1239.4551,5.2769003
120.899994,16631.791,3333.7068,19.78434
15496.899,24334.77,427312.8,1819.8181
80.6,18548.4,2222.4712,11.424461
63.55,25056.871,1752.3331,6.2516646
82.149994,16488.24,2265.211,13.245649
24.8,11704.11,683.8373,5.0584598
206.15,41945.31,5684.3975,13.052349
342.55,60698.16,9445.503,15.136057
17.05,8839.2,470.13812,4.5151887
6.2,16522.17,170.95932,0.07293534
2286.25,49333.35,63041.254,131.50494
182.9,27286.68,5043.3,18.165138
88.35,22563.45,2436.1704,10.195669
94.549995,17982.9,2607.1296,14.033176
12196.949,19546.291,336319.72,1783.1685
133.3,37889.37,3675.6257,9.059161
52.699997,26255.73,1453.1542,4.73899
162.75,17252.97,4487.682,25.97156
131.75,35186.28,3632.8857,9.705976
62.0,13821.69,1709.5933,11.825654
80.6,20331.03,2222.4712,10.335082
434.0,79567.59,11967.153,14.595615
133.3,25278.72,3675.6257,14.077318
68.2,21047.041,1880.5525,8.264934
12400.0,20468.49,341918.66,1731.1476
27.9,19188.72,769.31696,3.15726
37.199997,17631.42,1025.7559,5.032601
63.55,15792.24,1752.3331,10.505905
133.3,21576.871,3675.6257,16.664066
15.5,9371.64,427.39832,3.7289538
80.6,18634.53,2222.4712,11.367036
114.7,21002.67,3162.7476,14.614854
106.95,26505.42,2949.0483,10.537059
37.199997,22016.22,1025.7559,3.8311343
548.7,66102.6,15129.901,22.7337
89.899994,14527.26,2478.9102,16.693956
83.7,16956.3,2307.951,13.11378
62.0,16633.53,1709.5933,9.657523
26.349998,15722.64,726.5771,3.7918596
57.35,15785.28,1581.3738,9.387956
55.8,15347.67,1538.6339,9.395389
102.299995,41076.18,2820.8289,6.1208944
116.25,27357.15,3205.4873,11.149855
66.65,18906.84,1837.8129,9.079296
58.899998,17117.25,1624.1135,8.8385315
62.0,20986.14,1709.5933,7.447109
75.95,19675.05,2094.2517,10.0372505
97.649994,14549.01,2692.6094,18.190567
29.449999,8197.14,812.05676,9.2724
110.049995,15296.34,3034.5278,19.570814
74.399994,13776.45,2051.5117,14.441325
88.35,32599.77,2436.1704,6.748917
17.05,14631.66,470.13812,2.3318062
58.899998,17009.37,1624.1135,8.900931
151.9,24762.81,4188.5034,16.53908
17144.549,26010.39,472745.25,1883.6389
48.05,13575.48,1324.9348,9.120155
11690.1,51915.51,322343.8,642.8283
48.05,18977.31,1324.9348,6.2394857
32722.049,41790.45,902280.56,2237.7854
46.5,9381.21,1282.195,13.172389
77.5,24846.33,2136.9917,7.9184303
110.049995,20334.51,3034.5278,14.474096
156.54999,31893.33,4316.7227,13.034668
100.75,14327.16,2778.089,19.106382
122.45,26149.59,3376.4465,12.388838
75.95,18480.541,2094.2517,10.750655
71.299995,9004.5,1966.0321,21.64013
40.3,20266.65,1111.2356,4.6855445
29.449999,12770.73,812.05676,5.5935383
48.05,21768.27,1324.9348,5.311295
-7.75,16939.77,-213.69916,-2.308107
110.049995,25729.38,3034.5278,11.229527
102.299995,13558.08,2820.8289,20.573788
75.95,16759.68,2094.2517,11.957196
77.5,13795.59,2136.9917,15.062401
190.65,25658.91,5256.999,20.24455
17.05,16341.21,470.13812,1.9832466
162.75,18823.32,4487.682,23.721437
201.5,40194.87,5556.178,13.333538
265.05,43572.21,7308.5107,16.392706
93.0,16623.96,2564.39,14.995485
280.55,44303.01,7735.909,17.106146
122.45,22147.59,3376.4465,14.808159
68.2,19534.11,1880.5525,8.98251
66.65,19167.84,1837.8129,8.942051
24.8,27491.13,683.8373,1.5793366
18.599998,14270.61,512.8779,2.7266562
69.75,15546.03,1923.2925,11.828436
82.149994,24667.98,2265.211,8.521885
79.049995,18748.5,2179.7312,11.055474
77.5,12792.48,2136.9917,16.321917
125.549995,24279.96,3461.9263,13.784877
144.15,24339.121,3974.8042,15.933968
24.8,21588.18,683.8373,2.2846162
51.149998,17201.64,1410.4144,7.5020714
72.85,19293.12,2008.7721,9.796329
144.15,28420.291,3974.8042,13.502239
263.5,52949.94,7265.7715,13.228664
232.5,30313.41,6410.9746,20.929926
218.54999,41394.6,6026.316,14.095798
12.4,10649.67,341.91864,2.3291588
105.399994,32824.23,2906.3083,8.181107
77.5,21788.28,2136.9917,9.17016
83.7,18060.33,2307.951,12.251003
52.699997,18670.2,1453.1542,7.070689
116.25,23135.041,3205.4873,13.367185
170.5,40580.28,4701.3813,11.013189
13.95,15821.82,384.65848,1.5209646
79.049995,16668.33,2179.7312,12.55997
181.34999,43518.27,5000.56,10.915024
79.049995,25339.621,2179.7312,7.919709
91.45,13853.88,2521.65,17.873882
85.25,26966.52,2350.6907,8.03896
65.1,21411.57,1795.0729,7.6932354
131.75,17826.3,3632.8857,20.131893
238.7,36017.13,6581.934,17.949263
40.3,17283.42,1111.2356,5.666906
151.9,45121.68,4188.5034,8.62546
111.6,13659.87,3077.2678,22.359665
51.149998,17919.39,1410.4144,7.1615267
49.6,21024.42,1367.6746,5.745383
99.2,28062.72,2735.349,9.1072
79.049995,11742.39,2179.7312,18.248386
114.7,19031.25,3162.7476,16.232372
122.45,41753.04,3376.4465,7.3853207
31.0,17818.47,854.79663,3.9743948
66.65,20696.43,1837.8129,8.207754
133.3,17098.98,3675.6257,21.289942
26.349998,17998.56,726.5771,3.1859283
5415.6997,24000.69,149332.97,644.17847
268.15,53244.0,7393.9907,13.399788
122.45,30053.28,3376.4465,10.649731
147.25,28119.27,4060.284,13.972704
141.05,27508.53,3889.3247,13.6607
79.049995,16570.02,2179.7312,12.640422
93.0,20897.4,2564.39,11.724469
85.25,26624.61,2350.6907,8.155037
15.5,19918.65,427.39832,1.2249525
26.349998,23015.85,726.5771,2.2734263
6060.5,16307.28,167112.75,1061.615
75.95,16575.24,2094.2517,12.101377
120.899994,22971.48,3333.7068,14.04826
72.85,18979.92,2008.7721,9.974485
21.699999,14918.76,598.3576,3.158876
57.35,10927.2,1581.3738,14.006295
103.85,12821.19,2863.5686,22.15939
89.899994,19576.74,2478.9102,12.130107
110.049995,16404.72,3034.5278,18.180952
139.5,40515.03,3846.585,8.844803
130.2,15081.45,3590.1458,23.684074
151.9,26204.4,4188.5034,15.574198
122.45,23432.58,3376.4465,13.941275
10.849999,16596.99,299.1788,0.86917233
24.8,13614.63,683.8373,4.208286
17479.35,27570.3,481977.06,1811.7284
36831.098,62707.86,1015583.8,1678.3517
184.45,21488.13,5086.04,23.543077
38.75,12635.01,1068.4958,7.768901
97.649994,16991.1,2692.6094,15.432352
72.85,11308.26,2008.7721,17.419708
190.65,27094.41,5256.999,19.118984
93.0,24705.39,2564.39,9.76317
148.79999,22299.84,4103.0234,18.078758
82.149994,19756.83,2265.211,10.888834
-1.55,17931.57,-42.73983,-1.247151
65.1,20519.82,1795.0729,8.071026
189.09999,21641.25,5214.2593,23.983782
52.699997,18750.24,1453.1542,7.036237
69.75,20473.71,1923.2925,8.740845
27.9,13915.65,769.31696,4.732574
106.95,26783.82,2949.0483,10.417138
117.799995,30554.4,3248.227,10.023525
80.6,20077.86,2222.4712,10.47801
10.849999,21436.8,299.1788,0.44716728
105.399994,20623.35,2906.3083,13.612697
105.399994,33776.01,2906.3083,7.92239
124.0,23986.77,3419.1865,13.780833
19159.549,29687.01,528307.06,1844.3037
100.75,22993.23,2778.089,11.528355
137.95,33864.75,3803.845,10.647234
58.899998,15520.8,1624.1135,9.85051
150.34999,19570.65,4145.7637,20.965807
85.25,19709.85,2350.6907,11.366877
97.649994,18397.89,2692.6094,14.175856
75.95,13044.78,2094.2517,15.647154
89.899994,17703.63,2478.9102,13.519321
25018.549,44625.78,689863.6,1601.9696
89.899994,10493.07,2478.9102,23.496614
63.55,13407.57,1752.3331,12.552346
65.1,12113.01,1795.0729,14.366604
88.35,17468.73,2436.1704,13.460862
103.85,17596.62,2863.5686,15.874317
125.549995,7560.3,3461.9263,46.481747
66.65,19623.72,1837.8129,8.711086
137.95,20799.09,3803.845,17.963844
308.44998,60304.05,8505.227,13.624711
21.699999,12221.76,598.3576,4.0766234
106.95,23963.28,2949.0483,11.760965
60.449997,10545.2705,1666.8534,15.390324
756.39996,96038.43,20857.037,21.519327
99.2,17018.94,2735.349,15.665876
46.5,18966.87,1282.195,6.0098104
221.65,30108.09,6111.796,20.049099
108.5,18442.26,2991.7883,15.821495
97.649994,17253.84,2692.6094,15.182123
48.05,23568.3,1324.9348,4.829269
232.5,23063.7,6410.9746,27.823254
24.8,16033.23,683.8373,3.4226198
-20.15,15993.21,-555.6178,-4.6023703
103.85,20599.86,2863.5686,13.414223
134.84999,41986.2,3718.3652,8.183186
150.34999,18098.61,4145.7637,22.752384
114.7,18715.44,3162.7476,16.523157
175.15,34740.84,4829.601,13.415138
139.5,28140.15,3846.585,13.174143
-6.2,11938.14,-170.95932,-2.4849234
2985.2998,20262.3,82316.914,420.25803
362.69998,65591.914,10001.12,14.810522
40.3,23677.05,1111.2356,3.8666086
643.25,30604.86,17737.031,59.09501
38.75,12526.26,1068.4958,7.84503
96.1,24586.2,2649.8696,10.175861
181.34999,31109.46,5000.56,15.667637
41.85,16316.85,1153.9755,6.3334465
58.899998,18998.19,1624.1135,7.864455
68.2,20701.65,1880.5525,8.419512
4825.15,20668.59,133049.1,666.4964
31.0,12489.72,854.79663,6.0967255
93.0,20423.25,2564.39,12.019883
68.2,10671.42,1880.5525,17.273054
161.2,27324.09,4444.9424,15.868183
97.649994,13826.04,2692.6094,19.19405
65.1,22741.8,1795.0729,7.184744
72.85,15547.7705,2008.7721,12.397089
65.1,18258.69,1795.0729,9.194369
117.799995,20115.27,3248.227,15.744354
32.55,13449.33,897.53644,5.919892
91.45,28280.22,2521.65,8.245914
193.75,39579.78,5342.479,12.996431
344.09998,48337.2,9488.242,19.354113
86.799995,22894.05,2393.4304,9.840419
86.799995,15267.63,2393.4304,15.255377
48.05,21021.81,1324.9348,5.5354013
37.199997,10735.8,1025.7559,8.90735
173.59999,26544.57,4786.861,17.699198
35.649998,18594.51,983.01605,4.481807
100.75,20020.44,2778.089,13.388662
111.6,28448.13,3077.2678,10.216554
13.95,21471.6,384.65848,0.8576282
46.5,21455.07,1282.195,5.1968646
51.149998,21549.9,1410.4144,5.786555
-27.9,12407.07,-769.31696,-7.4296
2645.8499,15619.11,72956.89,483.34845
212.34999,43279.02,5855.357,13.028908
145.7,29272.02,4017.5442,13.23167
127.1,23290.77,3504.6663,14.603093
54.25,19428.84,1495.8942,6.983657
44.949997,14962.26,1239.4551,7.5897684
108.5,16162.86,2991.7883,18.19378
79.049995,25351.8,2179.7312,7.9154243
136.4,20198.791,3761.105,18.30803
150.34999,26300.97,4145.7637,15.344839
69.75,10468.71,1923.2925,18.050222
127.1,18482.28,3504.6663,18.662514
122.45,16103.7,3376.4465,20.741129
125.549995,40304.49,3461.9263,7.9066067
48.05,17480.91,1324.9348,6.8592
52.699997,22451.22,1453.1542,5.7115
218.54999,58332.63,6026.316,9.712436
116.25,20546.791,3205.4873,15.176998
69.75,25873.8,1923.2925,6.7078447
106.95,25415.31,2949.0483,11.031903
136.4,26319.24,3761.105,13.818014
88.35,10266.0,2436.1704,23.60675
37.199997,18745.02,1025.7559,4.6742177
24.8,13546.7705,683.8373,4.2343755
106.95,21848.31,2949.0483,12.996257
31.0,19724.64,854.79663,3.4936743
86.799995,10924.59,2393.4304,21.717657
136.4,24972.48,3761.105,14.617146
113.149994,21445.5,3120.0076,14.085765
192.2,29836.65,5299.7393,17.418417
113.149994,21779.58,3120.0076,13.854363
71.299995,13345.8,1966.0321,14.275445
21.699999,19561.08,598.3576,2.1718736
110.049995,16627.44,3034.5278,17.92403
55.8,26120.01,1538.6339,5.1081524
37.199997,11190.811,1025.7559,8.504523
114.7,19605.45,3162.7476,15.727676
261.94998,39493.65,7223.0312,17.964445
221.65,25990.38,6111.796,23.383951
-43.399998,14923.11,-1196.7152,-9.315327
71.299995,22437.3,1966.0321,8.085898
71.299995,13934.79,1966.0321,13.629789
125.549995,22501.68,3461.9263,14.953309
66.65,15521.67,1837.8129,11.277522
229.4,41476.38,6325.495,14.813994
15338.8,27170.1,422953.38,1613.1696
85.25,12301.8,2350.6907,18.814116
210.79999,35846.61,5812.6167,15.814016
93.0,15232.83,2564.39,16.456266
159.65,25368.33,4402.2026,16.993929
131.75,41062.26,3632.8857,8.173959
223.2,35590.832,6154.5356,16.93102
72.85,19904.73,2008.7721,9.46459
-6.2,17533.11,-170.95932,-2.0110712
1204.35,22392.93,33208.848,152.77678
116.25,23135.041,3205.4873,13.367185
15.5,21191.46,427.39832,1.0913167
102.299995,10280.79,2820.8289,27.451038
12.4,21098.37,341.91864,0.6804352
49.6,11375.25,1367.6746,11.467222
97.649994,19539.33,2692.6094,13.289321
198.4,41021.37,5470.698,12.828671
111.6,27922.65,3077.2678,10.427639
99.2,15770.49,2735.349,16.985207
96.1,23873.67,2649.8696,10.509414
325.5,48846.15,8975.364,18.053274
62.0,11455.29,1709.5933,14.475141
111.6,25210.86,3077.2678,11.656847
122.45,18523.17,3376.4465,17.901333
224.75,46843.41,6197.276,12.718297
190.65,46332.72,5256.999,10.765164
424.69998,59195.67,11710.714,19.513573
-18.599998,21847.44,-512.8779,-3.4342284
86.799995,25404.871,2393.4304,8.769035
269.69998,18836.37,7436.7305,39.938576
159.65,27653.82,4402.2026,15.506796
18.599998,13248.36,512.8779,3.014207
35.649998,23688.36,983.01605,3.3030214
106.95,21602.1,2949.0483,13.155781
51.149998,17931.57,1410.4144,7.155983
88.35,26653.32,2436.1704,8.477728
286.75,52537.56,7906.869,14.605674
79.049995,21893.55,2179.7312,9.323682
305.34998,18042.93,8419.746,47.38824
80.6,25145.61,2222.4712,8.164776
103.85,15164.1,2863.5686,18.58118
358.05,69627.84,9872.901,13.703128
49.6,18859.86,1367.6746,6.5195565
54.25,15613.89,1495.8942,8.934308
111.6,20508.51,3077.2678,14.5589075
65.1,23620.5,1795.0729,6.880266
43.399998,20081.34,1196.7152,5.1793957
-23.25,4310.85,-641.0975,-16.420876
117.799995,18104.7,3248.227,17.603855
52.699997,12992.58,1453.1542,10.597494
35.649998,21570.78,983.01605,3.7254443
131.75,16890.18,3632.8857,21.303106
52.699997,13846.92,1453.1542,9.881941
79.049995,22488.63,2179.7312,9.050504
21802.299,44095.082,601178.44,1412.7125
111.6,33197.46,3077.2678,8.611879
280.55,20733.84,7735.909,37.688286
38.75,11635.38,1068.4958,8.522263
37.199997,22828.8,1025.7559,3.6591725
167.4,22168.47,4615.902,20.5908
127.1,20845.2,3504.6663,16.433657
100.75,19750.74,2778.089,13.585142
17.05,13026.51,470.13812,2.7423575
142.59999,48913.14,3932.0642,7.3357162
113.149994,19052.13,3120.0076,15.980871
260.4,36789.69,7180.2915,19.237825
170.5,29392.08,4701.3813,15.586054
97.649994,19217.43,2692.6094,13.528672
82.149994,21616.89,2265.211,9.86584
58.899998,19761.18,1624.1135,7.522193
91.45,21537.72,2521.65,11.140398
207.7,32076.03,5727.137,17.514196
58.899998,22379.88,1624.1135,6.5249996
60.449997,17424.36,1666.8534,8.91947
96.1,20074.38,2649.8696,12.687693
23.25,11732.82,641.0975,4.665908
74.399994,15163.23,2051.5117,13.029112
424.69998,28688.25,11710.714,41.327946
63.55,18698.041,1752.3331,8.717811
72.85,22218.06,2008.7721,8.375025
63.55,12403.59,1752.3331,13.649309
37.199997,15191.07,1025.7559,6.0017
97.649994,21461.16,2692.6094,12.009722
105.399994,19979.55,2906.3083,14.08356
75.95,19195.68,2094.2517,10.312881
82.149994,18525.78,2265.211,11.678856
158.09999,26775.121,4359.4624,15.88299
49.6,22288.53,1367.6746,5.3628144
40.3,25225.65,1111.2356,3.5678482
69.75,28629.96,1923.2925,5.9658237
82.149994,24560.1,2265.211,8.56371
136.4,15270.24,3761.105,24.539799
23.25,24101.61,641.0975,1.7582009
55.8,15267.63,1538.6339,9.449886
40.3,21667.35,1111.2356,4.317999
122.45,40307.1,3376.4465,7.6861277
4809.65,19075.62,132621.7,719.9146
49.6,19611.541,1367.6746,6.231343
26901.799,39533.67,741792.5,1944.643
49.6,13792.98,1367.6746,9.281879
83.7,21760.44,2307.951,9.997825
7.75,22330.291,213.69916,-0.007669568
124.0,21214.95,3419.1865,15.712009
150.34999,25230.871,4145.7637,16.038061
213.9,22563.45,5898.0967,26.105303
82.149994,24603.6,2265.211,8.546801
244.9,26565.45,6752.893,25.358494
291.4,64826.31,8035.0884,11.852489
170.5,27467.64,4701.3813,16.748106
122.45,18546.66,3376.4465,17.877396
75.95,26773.38,2094.2517,7.110984
110.049995,23390.82,3034.5278,12.452207
75.95,19753.35,2094.2517,9.993501
97.649994,17197.291,2692.6094,15.2353325
83.7,16269.87,2307.951,13.709244
382.84998,54099.21,10556.738,19.23423
66.65,21341.1,1837.8129,7.9296074
1.55,12833.37,42.73983,-0.65466547
2935.7,18537.96,80949.24,451.79193
145.7,23289.03,4017.5442,16.88781
150.34999,21221.91,4145.7637,19.256664
133.3,50214.66,3675.6257,6.59012
51.149998,19957.8,1410.4144,6.3279405
62.0,13101.33,1709.5933,12.530856
106.95,17964.63,2949.0483,16.022036
20322.049,35794.41,560361.94,1622.3093
199.95,37704.06,5513.4385,14.162902
60.449997,13318.83,1666.8534,11.977146
406.09998,16293.36,11197.835,70.264175
31.0,16340.34,854.79663,4.4243736
198.4,28122.75,5470.698,19.171251
148.79999,19111.291,4103.0234,21.26188
96.1,22389.45,2649.8696,11.272386
49.6,21886.59,1367.6746,5.479665
193.75,46276.17,5342.479,10.971079
71.299995,18142.11,1966.0321,10.237008
51.149998,21954.45,1410.4144,5.6615005
119.35,22070.16,3290.967,14.462009
93.0,14044.41,2564.39,17.933392
86.799995,22698.3,2393.4304,9.933906
347.19998,68218.44,9573.722,13.552141
46.5,11559.69,1282.195,10.5015335
62.0,18523.17,1709.5933,8.570296
141.05,27336.27,3889.3247,13.753084
44.949997,13503.2705,1239.4551,8.517869
68.2,23806.68,1880.5525,7.190954
69844.55,66763.8,1925899.5,2990.1658
122.45,21671.7,3376.4465,15.155291
77.5,21028.77,2136.9917,9.537482
108.5,24347.82,2991.7883,11.741444
114.7,36517.38,3162.7476,7.980754
4.6499996,25416.18,128.21948,-0.4768917
86.799995,24065.94,2393.4304,9.312546
142.59999,48274.56,3932.0642,7.445982
93255.75,117628.35,2571442.0,2265.7969
120.899994,33300.12,3333.7068,9.380767
34.1,14646.45,940.27625,5.6568837
108.5,21312.39,2991.7883,13.556151
114.7,22916.67,3162.7476,13.310701
108.5,19683.75,2991.7883,14.760532
29.449999,12247.86,812.05676,5.875021
93.0,3538.29,2564.39,74.15165
99.2,34391.97,2735.349,7.2471447
113.149994,22794.0,3120.0076,13.193287
204.59999,44907.66,5641.6577,12.026693
407.65,42853.59,11240.575,26.198767
58.899998,14872.65,1624.1135,10.323375
44.949997,20900.88,1239.4551,5.1491356
9.299999,7180.11,256.43896,2.7034013
350.3,24418.291,9659.202,40.01794
69.75,15459.9,1923.2925,11.899905
11099.55,26706.39,306059.94,1187.3358
261.94998,11783.28,7223.0312,62.562527
114.7,21580.35,3162.7476,14.196862
108.5,12134.76,2991.7883,24.565105
34.1,17130.3,940.27625,4.6916523
82.149994,16730.97,2265.211,13.038974
68.2,18520.56,1880.5525,9.528808
37.199997,12508.86,1025.7559,7.5030384
38.75,12393.15,1068.4958,7.94003
111.6,30695.34,3077.2678,9.395389
103.85,37950.27,2863.5686,6.8242116
58.899998,14910.93,1624.1135,10.294306
116.25,23020.2,3205.4873,13.438858
136.4,21405.48,3761.105,17.21958
120.899994,16803.18,3333.7068,19.572346
94.549995,13942.62,2607.1296,18.389477
113.149994,27073.53,3120.0076,10.949745
11877.649,31494.871,327515.3,1077.3002
77.5,15291.99,2136.9917,13.490611
94.549995,24265.17,2607.1296,10.141077
32.55,21542.94,897.53644,3.3201122
-7.75,14647.32,-213.69916,-2.5128384
17.05,8156.25,470.13812,4.976994
133.3,25314.39,3675.6257,14.056072
156.54999,49718.76,4316.7227,8.002885
58.899998,15188.46,1624.1135,10.087931
142.59999,20167.47,3932.0642,19.217016
102.299995,22667.85,2820.8289,11.903702
150.34999,23929.35,4145.7637,16.964764
282.1,61113.15,7778.6494,12.198283
75.95,14948.34,2094.2517,13.527264
62.0,27984.42,1709.5933,5.3346753
102.299995,24535.74,2820.8289,10.9213505
378.19998,67804.32,10428.519,14.948254
173.59999,43082.4,4786.861,10.52123
93.0,13884.33,2564.39,18.151686
88.35,24701.91,2436.1704,9.226453
68.2,17131.17,1880.5525,10.382727
99.2,16844.94,2735.349,15.838028
26.349998,19704.63,726.5771,2.8235016
58.899998,19159.14,1624.1135,7.7899876
51.149998,21323.7,1410.4144,5.858546
21.699999,12557.58,598.3576,3.9408622
122.45,15712.2,3376.4465,21.28285
141.05,19035.6,3889.3247,20.18632
114.7,23229.0,3162.7476,13.118283
41.85,8398.11,1153.9755,13.248294
119.35,41392.86,3290.967,7.244151
68.2,19415.791,1880.5525,9.043342
55.8,27319.74,1538.6339,4.839916
35.649998,11810.25,983.01605,7.630767
49.6,18772.86,1367.6746,6.5544047
20.15,22586.07,555.6178,1.5508409
13.95,16476.06,384.65848,1.4208608
37649.5,74397.18,1038150.5,1445.944
108.5,20424.12,2991.7883,14.1892185
139.5,22598.25,3846.585,16.65015
34.1,18766.77,940.27625,4.1953382
43.399998,14139.24,1196.7152,7.7763233
27.9,17982.9,769.31696,3.4360194
89.899994,27481.56,2478.9102,8.353353
18.599998,22107.57,512.8779,1.4055858
124.0,23357.76,3419.1865,14.178872
16740.0,25885.98,461590.2,1848.0125
69.75,11469.21,1923.2925,16.388403
203.04999,28088.82,5598.9175,19.668951
69.75,24493.98,1923.2925,7.1420517
13.95,19186.11,384.65848,1.0789127
108.5,16218.54,2991.7883,18.127886
438.65,83426.04,12095.372,14.033686
172.04999,44801.52,4744.121,9.980216
957.89996,144356.48,26413.215,17.97286
110.049995,21832.65,3034.5278,13.412275
258.85,65464.02,7137.5522,10.305623
105.399994,19481.041,2906.3083,14.469541
37.199997,16021.92,1025.7559,5.6386127
117.799995,23081.1,3248.227,13.592771
113.149994,18116.88,3120.0076,16.857477
51.149998,11836.35,1410.4144,11.355969
75.95,16813.62,2094.2517,11.915629
58.899998,15879.24,1624.1135,9.605583
83.7,20253.6,2307.951,10.816048
65.1,16235.94,1795.0729,10.464432
66.65,24415.68,1837.8129,6.805134
89.899994,12821.19,2478.9102,19.048428
176.7,30858.9,4872.341,15.372128
46.5,21559.47,1282.195,5.1668563
102.299995,21592.53,2820.8289,12.546312
100.75,23170.71,2778.089,11.432392
170.5,24794.13,4701.3813,18.661856
23.25,14216.67,641.0975,3.6759953
99.2,22054.5,2735.349,11.860665
26.349998,21786.541,726.5771,2.4581296
151.9,47358.45,4188.5034,8.170843
58.899998,11606.67,1624.1135,13.50964
-18.599998,17037.21,-512.8779,-4.1215
74.399994,22548.66,2051.5117,8.434114
82.149994,18909.45,2265.211,11.421603
144.15,25445.76,3974.8042,15.197508
40.3,18559.71,1111.2356,5.2084446
113.149994,26186.13,3120.0076,11.3547
159.65,22482.541,4402.2026,19.303576
106.95,20608.56,2949.0483,13.83823
100.75,17057.22,2778.089,15.888294
49.6,13403.22,1367.6746,9.580873
48.05,24354.78,1324.9348,4.6410275
68.2,23472.6,1880.5525,7.307535
63.55,21485.52,1752.3331,7.4570456
128.65,21382.86,3547.406,16.202557
113.149994,23287.291,3120.0076,12.8926325
21.699999,11545.7705,598.3576,4.3738527
93.0,29292.03,2564.39,8.077839
69.75,16842.33,1923.2925,10.841073
24.8,22948.86,683.8373,2.0898652
91.45,16052.37,2521.65,15.288965
134.84999,32938.2,3718.3652,10.705772
122.45,28252.38,3376.4465,11.392323
23.25,14482.0205,641.0975,3.5903182
17.05,16459.53,470.13812,1.9618013
46.5,9909.3,1282.195,12.4171095
1147.0,11951.19,31627.477,273.41083
89.899994,15729.6,2478.9102,15.341465
116.25,26621.13,3205.4873,11.485773
100.75,21876.15,2778.089,12.1681
60.449997,16473.45,1666.8534,9.492059
71.299995,12935.16,1966.0321,14.76038
41.85,17038.95,1153.9755,6.02266
274.35,58768.5,7564.9507,12.347791
21.699999,14688.21,598.3576,3.2241545
68.2,14782.17,1880.5525,12.191529
23.25,15193.68,641.0975,3.3753114
68.2,21830.041,1880.5525,7.932618
31.0,26965.65,854.79663,2.2870007
23.25,11589.2705,641.0975,4.7360888
63.55,22536.48,1752.3331,7.062662
150.34999,29999.34,4145.7637,13.329819
111.6,26302.71,3077.2678,11.131449
203.04999,24521.82,5598.9175,22.675505
72.85,18739.8,2008.7721,10.115106
80.6,24538.35,2222.4712,8.39158
37.199997,16990.23,1025.7559,5.2602634
179.79999,24043.32,4957.8203,20.381798
114.7,23233.35,3162.7476,13.115641
85.25,17721.9,2350.6907,12.754128
252.65,43468.68,6966.5923,15.6185
35.649998,15524.28,983.01605,5.565942
162.75,44298.66,4487.682,9.504597
75.95,18372.66,2094.2517,10.819653
58.899998,14993.58,1624.1135,10.232047
85.25,25340.49,2350.6907,8.618965
162.75,21743.041,4487.682,20.40177
97.649994,17244.27,2692.6094,15.191103
63.55,26212.23,1752.3331,5.932032
111.6,11103.811,3077.2678,27.736982
22781.898,26546.31,628190.0,2452.775
122.45,23224.65,3376.4465,14.075044
83.7,19137.39,2307.951,11.505231
75.95,10105.05,2094.2517,20.490093
80.6,12928.2,2222.4712,16.825674
-4.6499996,16312.5,-128.21948,-1.8150446
102.299995,18135.15,2820.8289,15.128853
620.0,24873.3,17095.934,70.27008
88.35,25087.32,2436.1704,9.069345
65.1,24086.82,1795.0729,6.7277045
65.1,23021.94,1795.0729,7.08515
40.3,12874.26,1111.2356,7.950179
17.05,16369.05,470.13812,1.9781728
71.299995,17413.92,1966.0321,10.706902
74.399994,18430.08,2051.5117,10.542361
68.2,9857.1,1880.5525,18.782637
128.65,24990.75,3547.406,13.71904
136.4,30106.35,3761.105,11.95404
6.2,18772.86,170.95932,-0.055699408
94.549995,20934.81,2607.1296,11.913425
58.899998,14448.96,1624.1135,10.655414
71.299995,15220.65,1966.0321,12.393846
43.399998,25046.43,1196.7152,3.9544206
145.7,35774.4,4017.5442,10.644912
75.95,24302.58,2094.2517,7.9356136
71.299995,22197.18,1966.0321,8.184186
131.75,24416.55,3632.8857,14.428203
567.3,11752.83,15642.778,137.01279
3.1,17077.23,85.47966,-0.48096907
44.949997,11548.38,1239.4551,10.129038
89.899994,21617.76,2478.9102,10.890442
37.199997,15751.35,1025.7559,5.7526484
-31.0,13600.71,-854.79663,-7.51702
299.15,9653.5205,8248.787,87.60378
63.55,16814.49,1752.3331,9.806396
27.9,15993.21,769.31696,3.9878974
142.59999,22546.05,3932.0642,17.084146
48.05,14345.43,1324.9348,8.576985
158.09999,19292.25,4359.4624,22.431383
54.25,9445.59,1495.8942,15.421759
44.949997,12679.38,1239.4551,9.136329
127.1,21712.59,3504.6663,15.7372055
106.95,16612.65,2949.0483,17.407331
69.75,20900.88,1923.2925,8.541763
66.65,18468.36,1837.8129,9.318602
77.5,15524.28,2136.9917,13.2737875
68.2,18977.31,1880.5525,9.275398
150.34999,28810.92,4145.7637,13.920909
34.1,14498.55,940.27625,5.724791
113.149994,21487.26,3120.0076,14.056446
49.6,23023.68,1367.6746,5.1596484
79.049995,22877.52,2179.7312,8.879658
52.699997,14202.75,1453.1542,9.60931
41.85,11002.0205,1153.9755,9.876071
54.25,21574.26,1495.8942,6.1897345
85.25,19145.22,2350.6907,11.7316
128.65,17332.14,3547.406,20.22299
156.54999,24052.02,4316.7227,17.610176
159.65,27451.98,4402.2026,15.628162
111.6,22589.55,3077.2678,13.125558
79.049995,20781.69,2179.7312,9.8760195
43.399998,13168.32,1196.7152,8.423415
520.8,85055.55,14360.583,16.507225
102.299995,18785.91,2820.8289,14.570134
37.199997,23488.26,1025.7559,3.5283613
144.15,31485.3,3974.8042,12.090487
713.0,180450.19,19660.322,10.29747
113.149994,50350.38,3120.0076,5.425409
168.95,27689.49,4658.6416,16.445852
93.0,11581.44,2564.39,21.959866
-12.4,22493.85,-341.91864,-2.5761838
15.5,11509.23,427.39832,2.8506532
80.6,14782.17,2222.4712,14.58999
15.5,18835.5,427.39832,1.3529003
34.1,18803.31,940.27625,4.1852417
82.149994,25134.3,2265.211,8.345224
348.75,55813.98,9616.462,16.865705
458.8,9635.25,12650.99,135.14742
65.1,15253.71,1795.0729,11.20266
24.8,32855.55,683.8373,1.1582012
99.2,22782.69,2735.349,11.449608
55.8,22199.791,1538.6339,6.1867795
9458.1,15790.5,260798.44,1711.6041
187.54999,24557.49,5171.5195,20.836452
139.5,32417.94,3846.585,11.303759
189.09999,52347.03,5214.2593,9.328766
114.7,13069.14,3162.7476,24.09374
46.5,10976.79,1282.195,11.112299
1652.2999,21259.32,45560.66,221.22276
128.65,22914.93,3547.406,15.05241
40.3,16958.041,1111.2356,5.794826
124.0,35340.27,3419.1865,9.032308
113.149994,28913.58,3120.0076,10.189267
52.699997,10404.33,1453.1542,13.482564
120.899994,20033.49,3333.7068,16.255148
920.69995,27068.31,25387.459,96.25366
100.75,19113.9,2778.089,14.071093
102.299995,16648.32,2820.8289,16.56929
77.5,11671.92,2136.9917,17.984903
19316.1,31507.05,532623.75,1751.9143
80.6,19652.43,2222.4712,10.726482
37.199997,30948.51,1025.7559,2.436783
260.4,51714.54,7180.2915,13.397175
93.0,15253.71,2564.39,16.43237
71.299995,15802.68,1966.0321,11.900537
55386.15,79418.82,1527222.4,1993.0072
66.65,23133.3,1837.8129,7.2378063
49.6,5622.81,1367.6746,24.221867
6.2,10019.79,170.95932,0.76922095
55.8,21631.68,1538.6339,6.3755255
55.8,18263.041,1538.6339,7.7359486
8174.6997,19428.84,225409.86,1202.023
38.75,19109.55,1068.4958,4.7978935
125.549995,42687.42,3461.9263,7.4094143
103.85,26847.33,2863.5686,10.059981
63.55,21605.58,1752.3331,7.4100513
100.75,24364.35,2778.089,10.823315
100.75,23961.541,2778.089,11.022071
113.149994,24666.24,3120.0076,12.115975
102.299995,23231.61,2820.8289,11.590568
161.2,28671.72,4444.9424,15.075342
86.799995,26123.49,2393.4304,8.500303
641.69995,89164.56,17694.29,19.577314
55.8,15771.36,1538.6339,9.116121
125.549995,27432.84,3461.9263,12.085639
88.35,18626.7,2436.1704,12.561872
97.649994,24849.81,2692.6094,10.235649
79.049995,32103.0,2179.7312,6.0405273
458.8,22753.11,12650.99,56.654293
85.25,21003.541,2350.6907,10.605152
68.2,22918.41,1880.5525,7.508418
26.349998,15982.7705,726.5771,3.713869
68.2,19213.95,1880.5525,9.148847
159.65,50594.85,4402.2026,8.022182
111.6,22546.05,3077.2678,13.152811
99.2,31251.27,2735.349,8.075969
144.15,25241.31,3974.8042,15.328705
27.9,13307.5205,769.31696,4.9945426
148.79999,20881.74,4103.0234,19.374416
100.75,22753.11,2778.089,11.660571
106.95,21061.83,2949.0483,13.518898
91.45,19742.91,2521.65,12.24407
144.15,21244.53,3974.8042,18.40066
215.45,40676.85,5940.8364,14.144262
65.1,25179.541,1795.0729,6.392344
66.65,17560.08,1837.8129,9.852322
66.65,16543.05,1837.8129,10.519498
37.199997,10983.75,1025.7559,8.683698
111.6,11337.84,3077.2678,27.143808
89.899994,20610.3,2478.9102,11.4716625
392.15,34188.39,10813.178,31.796127
86.799995,21727.38,2393.4304,10.422504
305.34998,57044.16,8419.746,14.305082
361.15,22773.121,9958.381,44.3434
71.299995,14671.68,1966.0321,12.895002
125.549995,30461.31,3461.9263,10.784661
38.75,27610.32,1068.4958,3.012816
54.25,20190.96,1495.8942,6.682309
34.1,20679.9,940.27625,3.7147088
182.9,17104.2,5043.3,29.57454
26157.799,33718.59,721277.4,2217.0984
68.2,12797.7,1880.5525,14.237068
60.449997,12118.23,1666.8534,13.262842
86.799995,13345.8,2393.4304,17.596195
111.6,21529.89,3077.2678,13.82079
66.65,13524.15,1837.8129,13.090914
57.35,17936.791,1581.3738,8.141925
12.4,10938.51,341.91864,2.2412498
59351.047,78056.4,1636550.9,2173.0466
184.45,23477.82,5086.04,21.46311
97.649994,20479.8,2692.6094,12.633127
58.899998,16261.17,1624.1135,9.356487
72.85,17875.02,2008.7721,10.652846
49.6,4641.45,1367.6746,29.554626
10.849999,12094.74,299.1788,1.5649693
489.8,83443.44,13505.786,15.78323
106.95,17159.01,2949.0483,16.821224
161.2,20141.37,4444.9424,21.883635
49.6,13584.18,1367.6746,9.439921
91.45,16035.84,2521.65,15.3057575
151.9,24538.35,4188.5034,16.699516
217.0,37064.61,5983.5767,15.739763
134.84999,26349.69,3718.3652,13.632699
181.34999,27390.21,5000.56,17.930895
159.65,24560.97,4402.2026,17.58542
147.25,22245.9,4060.284,17.925802
13.95,9942.36,384.65848,3.0117483
75.95,20704.26,2094.2517,9.488588
136.4,19224.39,3761.105,19.286669
48.05,18039.45,1324.9348,6.6158624
1218.2999,16174.17,33593.508,214.36803
119.35,23389.95,3290.967,13.589559
51.149998,14420.25,1410.4144,9.141959
127.1,13096.98,3504.6663,26.747467
100.75,17808.03,2778.089,15.176262
11373.899,14908.32,313624.88,2180.3716
103.85,26319.24,2863.5686,10.281898
58.899998,21010.5,1624.1135,7.0154495
80.6,15646.08,2222.4712,13.729176
9.299999,16172.43,256.43896,0.6442075
18.599998,20008.26,512.8779,1.6579854
41.85,25834.65,1153.9755,3.6317153
128.65,18470.1,3547.406,18.915422
38.75,8726.1,1068.4958,11.696983
348.75,52462.742,9616.462,18.00694
175.15,26498.46,4829.601,17.898985
114.7,17983.77,3162.7476,17.23609
31.0,20970.48,854.79663,3.2267084
190.65,27020.46,5256.999,19.174047
82.149994,11410.92,2265.211,19.584288
93.0,22087.56,2564.39,11.038828
124.0,12934.29,3419.1865,26.411201
308.44998,38118.18,8505.227,22.136711
54.25,22904.49,1495.8942,5.7721744
105.399994,19595.01,2906.3083,14.379566
51.149998,18828.541,1410.4144,6.767441
102.299995,20437.17,2820.8289,13.312117
110.049995,16643.1,3034.5278,17.906223
-10.849999,10708.83,-299.1788,-3.8969212
54.25,18492.72,1495.8942,7.3877974
52.699997,24873.3,1453.1542,5.0579567
80.6,16322.94,2222.4712,13.118405
102.299995,16995.45,2820.8289,16.21044
18.599998,15378.99,512.8779,2.4580724
97.649994,18637.14,2692.6094,13.98104
93.0,19003.41,2564.39,12.992663
103.85,25671.96,2863.5686,10.566353
57.35,18423.99,1581.3738,7.900179
94.549995,17858.49,2607.1296,14.137904
55.8,19688.97,1538.6339,7.1032667
102.299995,24187.74,2820.8289,11.092868
54.25,27220.56,1495.8942,4.698384
69.75,12826.41,1923.2925,14.548485
82.149994,12172.17,2265.211,18.296944
125.549995,20191.83,3461.9263,16.778292
71.299995,16077.6,1966.0321,11.679942
122.45,24291.27,3376.4465,13.413105
46.5,9866.67,1282.195,12.47508
145.7,31551.42,4017.5442,12.203517
66.65,8672.16,1837.8129,20.974646
52.699997,19989.12,1453.1542,6.53817
350.3,73080.87,9659.202,12.705202
82.149994,22642.621,2265.211,9.373608
77.5,20764.291,2136.9917,9.6717005
-23.25,8791.35,-641.0975,-8.561647
20.15,19422.75,555.6178,1.9662881
85.25,14716.05,2350.6907,15.563499
86.799995,20267.52,2393.4304,11.245262
525.45,20142.24,14488.804,73.58863
38.75,15804.42,1068.4958,6.01039
139.5,23844.96,3846.585,15.727329
62.0,15445.11,1709.5933,10.477562
-17.05,14376.75,-470.13812,-4.3908815
62.0,25807.68,1709.5933,5.868972
94.549995,15368.55,2607.1296,16.590477
119.35,13781.67,3290.967,23.76108
148.79999,27833.91,4103.0234,14.28543
86.799995,18719.791,2393.4304,12.257685
10747.699,23808.42,296357.97,1289.7256
34.1,22281.57,940.27625,3.375801
37.199997,15566.91,1025.7559,5.832655
96.1,27985.291,2649.8696,8.818442
68.2,15736.561,1880.5525,11.39149
51508.047,54198.39,1420287.2,2716.3005
86.799995,20853.03,2393.4304,10.901441
204.59999,26986.53,5641.6577,20.67742
461.9,35310.69,12736.47,36.40165
96.1,43293.81,2649.8696,5.3466797
114.7,14552.49,3162.7476,21.53591
18.599998,17026.77,512.8779,2.1234145
91.45,22189.35,2521.65,10.783874
2816.3499,19074.75,77658.27,421.1597
55.8,23222.91,1538.6339,5.8701553
80.6,12588.03,2222.4712,17.30738
34.1,17311.26,940.27625,4.632156
96.1,22922.76,2649.8696,10.986861
23.25,16275.96,641.0975,3.0843725
77.5,16291.62,2136.9917,12.601489
102.299995,23831.91,2820.8289,11.273424
88.35,20724.27,2436.1704,11.189232
114.7,16298.58,3162.7476,19.121605
85.25,15242.4,2350.6907,14.991529
167.4,20965.26,4615.902,21.82991
178.25,22455.57,4915.0806,21.696266
133.3,23153.31,3675.6257,15.461372
4140.05,24380.88,114158.086,484.51782
48.05,23659.65,1324.9348,4.8067627
133.3,16302.93,3675.6257,22.37833
68.2,11375.25,1880.5525,16.142431
57.35,24467.01,1581.3738,5.7019553
51.149998,15575.61,1410.4144,8.389653
221.65,27030.03,6111.796,22.44608
27.9,13236.18,769.31696,5.026852
75.95,10266.0,2094.2517,20.153172
55.8,23238.57,1538.6339,5.8655252
49.6,12829.0205,1367.6746,10.05445
69.75,32703.3,1923.2925,5.0981994
106.95,17541.81,2949.0483,16.432327
62.0,15459.03,1709.5933,10.467227
24.8,20214.45,683.8373,2.5078318
63.55,16937.16,1752.3331,9.728128
110.049995,23050.65,3034.5278,12.650728
69.75,20657.28,1923.2925,8.6542845
65.1,16833.63,1795.0729,10.057378
74.399994,13638.12,2051.5117,14.597945
93.0,26727.27,2564.39,8.948953
86.799995,13802.55,2393.4304,16.980814
165.84999,27593.791,4573.1616,16.18514
80.6,12224.37,2222.4712,17.852005
97.649994,40849.98,2692.6094,5.834856
44.949997,15304.17,1239.4551,7.3978653
62.0,16422.12,1709.5933,9.794723
96.1,21888.33,2649.8696,11.553354
182.9,15897.51,5043.3,31.895279
407.65,22636.53,11240.575,50.490437
151.9,21542.07,4188.5034,19.161337
29.449999,9876.24,812.05676,7.5259466
4.6499996,11531.85,128.21948,0.15293002
40.3,21684.75,1111.2356,4.313731
97.649994,14902.23,2692.6094,17.7357
79.049995,17695.8,2179.7312,11.772638
117.799995,13303.17,3248.227,24.318567
77.5,17460.03,2136.9917,11.691289
37.199997,12447.96,1025.7559,7.5446386
6620.05,22070.16,182541.81,856.63947
207.7,23758.83,5727.137,23.995419
38.75,20535.48,1068.4958,4.3953032
161.2,18512.73,4444.9424,23.896801
63.55,22620.0,1752.3331,7.032892
110.049995,20657.28,3034.5278,14.232314
108.5,21114.03,2991.7883,13.6929035
48.05,12386.19,1324.9348,10.0918665
51.149998,14485.5,1410.4144,9.096274
29.449999,11461.38,812.05676,6.3467855
74.399994,14057.46,2051.5117,14.13265
93.0,16296.84,2564.39,15.316557
79.049995,20794.74,2179.7312,9.869193
85.25,20877.39,2350.6907,10.675276
158.09999,22386.84,4359.4624,19.192404
89.899994,25883.371,2478.9102,8.9308815
103.85,26302.71,2863.5686,10.288987
100.75,20490.24,2778.089,13.05876
74.399994,16383.84,2051.5117,11.983931
223.2,16572.63,6154.5356,37.508068
58.899998,19668.09,1624.1135,7.5625296
119.35,19882.98,3290.967,16.16287
51.149998,13269.24,1410.4144,10.021699
91.45,27726.9,2521.65,8.430427
170.5,30935.46,4701.3813,14.758569
127.1,25633.68,3504.6663,13.176975
127.1,24869.82,3504.6663,13.6124115
79.049995,21509.01,2179.7312,9.50825
1215.2,15827.04,33508.027,218.53159
229.4,19615.02,6325.495,32.43903
168.95,31318.26,4658.6416,14.424446
93.0,25461.42,2564.39,9.443578
62.0,23364.72,1709.5933,6.587175
58.899998,32978.22,1624.1135,4.1066613
71.299995,17299.95,1966.0321,10.784025
34.1,19903.86,940.27625,3.8985333
74.399994,29668.74,2051.5117,6.170059
68.2,20814.75,1880.5525,8.368329
133.3,16315.11,3675.6257,22.360876
29.449999,22152.81,812.05676,2.8010662
15675.149,31862.88,432227.9,1405.6162
3.1,12402.72,85.47966,-0.2853495
102.299995,23972.85,2820.8289,11.201268
52168.348,66578.49,1438494.5,2239.3823
99.2,14837.85,2735.349,18.115677
91.45,14207.97,2521.65,17.40351
77.5,23970.24,2136.9917,8.244391
94.549995,24287.791,2607.1296,10.1307
489.8,38885.52,13505.786,35.014706
26.349998,12951.69,726.5771,4.8170543
1343.85,72225.664,37055.434,52.199585
91.45,17255.58,2521.65,14.153156
82.149994,22713.96,2265.211,9.341026
150.34999,18194.31,4145.7637,22.627449
57.35,19823.82,1581.3738,7.2717056
51.149998,13462.38,1410.4144,9.863575
65.1,11950.32,1795.0729,14.575802
68.2,20688.6,1880.5525,8.425453
97.649994,11162.1,2692.6094,24.01355
27.9,11878.98,769.31696,5.7154326
108.5,20728.62,2991.7883,13.966091
55.8,12054.72,1538.6339,12.235065
52.699997,21309.78,1453.1542,6.0709968
85.25,15149.311,2350.6907,15.089794
41.85,23291.64,1153.9755,4.1374116
120.899994,21071.4,3333.7068,15.405212
38.75,25066.44,1068.4958,3.4200592
51.149998,13569.39,1410.4144,9.777904
75.95,16533.48,2094.2517,12.134467
15.5,18454.44,427.39832,1.4014847
89.899994,20893.05,2478.9102,11.30288
32.55,15660.0,897.53644,4.943034
75.95,15803.55,2094.2517,12.741118
10.849999,15829.65,299.1788,0.9597802
108.5,24379.14,2991.7883,11.725076
52.699997,18845.07,1453.1542,6.995798
57.35,11984.25,1581.3738,12.682693
167.4,32336.16,4615.902,13.80185
63.55,17072.88,1752.3331,9.642845
162.75,20083.95,4487.682,22.169724
86.799995,20488.5,2393.4304,11.11319
82.149994,11919.0,2265.211,18.706827
85.25,16281.18,2350.6907,13.97123
134.84999,18113.4,3718.3652,20.28629
54.25,14364.57,1495.8942,9.798318
62.0,13143.09,1709.5933,12.4878645
97.649994,20923.5,2692.6094,12.344027
234.04999,37042.86,6453.7144,17.06563
111.6,20010.87,3077.2678,14.945833
80.6,13527.63,2222.4712,16.035791
145.7,11957.28,4017.5442,33.83984
34208.5,39022.11,943268.1,2505.5266
144.15,31407.871,3974.8042,12.122758
124.0,19859.49,3419.1865,16.852646
34.1,18973.83,940.27625,4.138642
13.95,14022.66,384.65848,1.844414
65.1,24688.86,1795.0729,6.5392637
86.799995,40693.38,2393.4304,5.098808
120.899994,10298.19,3333.7068,32.56714
178.25,30748.41,4915.0806,15.5750885
110.049995,19141.74,3034.5278,15.438326
134.84999,46899.09,3718.3652,7.2212057
68.2,12653.28,1880.5525,14.410978
23.25,13871.28,641.0975,3.7924256
102.299995,23647.47,2820.8289,11.369152
77.5,14401.98,2136.9917,14.386099
131.75,26511.51,3632.8857,13.209054
18.599998,15047.5205,512.8779,2.5342474
195.29999,26793.39,5385.2188,19.84124
176.7,31053.78,4872.341,15.269382
77.5,13479.78,2136.9917,15.438717
127.1,26073.03,3504.6663,12.938083
18550.4,33126.99,511510.3,1600.1069
80.6,21629.94,2222.4712,9.654393
51.149998,18257.82,1410.4144,7.0102425
96.1,23471.73,2649.8696,10.706506
120.899994,18930.33,3333.7068,17.260685
38.75,12560.19,1068.4958,7.8211355
99.2,19891.68,2735.349,13.259004
156.54999,29331.18,4316.7227,14.260632
62.0,16041.061,1709.5933,10.051153
193.75,30563.1,5342.479,17.125637
159.65,23115.03,4402.2026,18.748014
94.549995,12518.43,2607.1296,20.59537
114.7,25182.15,3162.7476,12.023255
103.85,27011.76,2863.5686,9.992655
91.45,42838.8,2521.65,5.1037307
131.75,29539.98,3632.8857,11.752326
261.94998,50960.25,7223.0312,13.697241
99.2,21074.88,2735.349,12.458465
72.85,15209.34,2008.7721,12.695194
65.1,21811.77,1795.0729,7.5337334
44.949997,23040.21,1239.4551,4.578176
105.399994,21930.09,2906.3083,12.741975
117.799995,29954.1,3248.227,10.244445
18.599998,21367.2,512.8779,1.4889393
48.05,13559.82,1324.9348,9.131843
97.649994,22022.31,2692.6094,11.678222
-7.75,22258.08,-213.69916,-1.9955498
49.6,17799.33,1367.6746,6.96759
196.84999,42761.37,5427.9585,12.16233
155.0,21321.09,4273.9834,19.786018
111.6,24500.94,3077.2678,12.0235815
144.15,19143.48,3974.8042,20.529934
58.899998,28720.44,1624.1135,4.8637195
51.149998,27934.83,1410.4144,4.2353845
52.699997,17759.31,1453.1542,7.484641
547.14996,14219.28,15087.16,109.021545
52.699997,16880.61,1453.1542,7.926299
128.65,16293.36,3547.406,21.576057
58.899998,17149.44,1624.1135,8.820065
234.04999,28191.48,6453.7144,22.737759
24669.799,35127.99,680247.1,2006.9889
77.5,23476.95,2136.9917,8.438632
60.449997,9576.96,1666.8534,17.047523
38.75,13866.061,1068.4958,6.9903836
82.149994,15096.24,2265.211,14.5592165
51.149998,17348.67,1410.4144,7.4300165
24.8,14701.26,683.8373,3.8233204
94.549995,16844.94,2607.1296,15.048744
120.899994,24044.19,3333.7068,13.376896
100.75,17995.95,2778.089,15.007343
65.1,24778.47,1795.0729,6.511998
100.75,24574.02,2778.089,10.722435
58.899998,21784.8,1624.1135,6.7305555
-4.6499996,11512.71,-128.21948,-2.1548467
172.04999,15906.21,4744.121,29.92694
51.149998,12132.15,1410.4144,11.054712
71.299995,22131.06,1966.0321,8.211625
75.95,30003.69,2094.2517,6.237725
7.75,13577.22,213.69916,0.632074
57.35,20237.94,1581.3738,7.1024456
108.5,23075.01,2991.7883,12.444259
96.1,22670.46,2649.8696,11.120262
124.0,24508.77,3419.1865,13.466023
60.449997,15455.55,1666.8534,10.183064
133.3,20869.56,3675.6257,17.262735
103.85,18470.1,2863.5686,15.076305
286.75,61422.0,7906.869,12.348378
94.549995,21011.37,2607.1296,11.866374
55.8,11174.28,1538.6339,13.277876
125.549995,24407.85,3461.9263,13.70741
120.899994,26332.291,3333.7068,12.12764
100.75,19016.46,2778.089,14.148315
46.5,22574.76,1282.195,4.8895054
117.799995,21585.57,3248.227,14.603812
20.15,11412.66,555.6178,4.048207
165.84999,22305.93,4573.1616,20.259062
57.35,16968.48,1581.3738,8.663611
93.0,23361.24,2564.39,10.382458
94.549995,23310.78,2607.1296,10.597216
105.399994,18693.69,2906.3083,15.121096
156.54999,23563.08,4316.7227,17.996342
60.449997,15164.1,1666.8534,10.398
102.299995,22120.621,2820.8289,12.222918
147.25,38000.73,4060.284,10.079301
97.649994,23734.47,2692.6094,10.7636385
196.84999,49532.582,5427.9585,10.36301
85.25,11222.13,2350.6907,20.720413
31.0,13146.57,854.79663,5.7421465
82.149994,18778.95,2265.211,11.507924
13.95,21442.02,384.65848,0.86019087
48.05,6760.77,1324.9348,19.321054
133.3,12695.91,3675.6257,29.020319
91.45,25323.96,2521.65,9.325261
34.1,12814.23,940.27625,6.6087065
14058.5,28218.45,387650.28,1423.475
164.29999,29452.11,4530.422,14.950347
110.049995,22442.52,3034.5278,13.020625
7.75,16686.6,213.69916,0.32795346
103.85,23396.91,2863.5686,11.691032
57.35,19469.73,1581.3738,7.42214
148.79999,21948.36,4103.0234,18.384285
91.45,22592.16,2521.65,10.573771
88.35,23077.621,2436.1704,9.946228
52.699997,15575.61,1453.1542,8.674188
99.2,19316.61,2735.349,13.683505
94.549995,17574.87,2607.1296,14.382198
15924.699,31234.74,439109.0,1456.7476
40.3,10045.0205,1111.2356,10.471051
161.2,28676.94,4444.9424,15.072418
82.149994,20634.66,2265.211,10.383065
72.85,17286.03,2008.7721,11.049896
13.95,13062.18,384.65848,2.0535676
111.6,18805.92,3077.2678,15.967529
119.35,15232.83,3290.967,21.402208
128.65,21591.66,3547.406,16.036201
175.15,36331.2,4829.601,12.784131
72.85,21716.07,2008.7721,8.591738
110.049995,24598.38,3034.5278,11.791824
137.95,23928.48,3803.845,15.483732
173.59999,26784.69,4786.861,17.531563
-55.8,19488.0,-1538.6339,-9.186832
26.349998,10285.14,726.5771,6.3251987
68.2,22715.7,1880.5525,7.584347
82.149994,16398.63,2265.211,13.323493
38.75,21612.541,1068.4958,4.126428
125.549995,18660.63,3461.9263,18.23709
74.399994,15317.22,2051.5117,12.888071
26.349998,21648.21,726.5771,2.480227
49.6,11611.0205,1367.6746,11.214066
24.8,19805.55,683.8373,2.580253
108.5,27498.96,2991.7883,10.281385
111.6,20940.03,3077.2678,14.238278
102.299995,20663.37,2820.8289,13.155443
77.5,21543.81,2136.9917,9.285565
133.3,24999.45,3675.6257,14.245748
105.399994,25218.69,2906.3083,10.949977
209.25,38291.31,5769.8774,14.624792
94.549995,19957.8,2607.1296,12.545588
10.849999,9984.12,299.1788,2.107198
46.5,35075.79,1282.195,2.7904825
122.45,24417.42,3376.4465,13.33864
48.05,23726.64,1324.9348,4.7903676
103.85,23305.56,2863.5686,11.740777
19204.5,29917.56,529546.5,1834.3792
52.699997,18250.86,1453.1542,7.2561245
88.35,17132.041,2436.1704,13.745057
3442.5498,13932.18,94925.164,705.49677
58.899998,18417.03,1624.1135,8.144178
-7.75,12126.93,-213.69916,-2.8272576
198.4,12625.44,5470.698,43.930798
106.95,15179.76,2949.0483,19.14489
48.05,21591.66,1324.9348,5.3629184
66.65,34317.15,1837.8129,4.5531316
145.7,25251.75,4017.5442,15.497459
15.5,10304.28,427.39832,3.3009367
69.75,25496.22,1923.2925,6.821993
71.299995,29428.621,1966.0321,5.927373
97.649994,17543.55,2692.6094,14.914894
75.95,18197.791,2094.2517,10.933231
94.549995,17961.15,2607.1296,14.051381
60.449997,11143.83,1666.8534,14.509965
68.2,16983.27,1880.5525,10.481854
215.45,54574.23,5940.8364,10.287763
103.85,20363.22,2863.5686,13.581728
62.0,11976.42,1709.5933,13.80177
6041.9,20698.17,166599.86,833.6234
114.7,24964.65,3162.7476,12.136719
99.2,20969.61,2735.349,12.526029
128.65,35712.63,3547.406,9.2999935
93.0,22972.35,2564.39,10.575147
7.75,15272.85,213.69916,0.45087707
103.85,24949.86,2863.5686,10.901108
100.75,16161.12,2778.089,16.824715
80234.195,126367.5,2212384.5,1814.4032
-26.349998,14875.26,-726.5771,-6.0648317
15.5,10085.04,427.39832,3.394435
80.6,34902.66,2222.4712,5.6027594
68.2,16690.08,1880.5525,10.683553
189.09999,26729.01,5214.2593,19.228218
838.55,17433.93,23122.248,136.52531
96.1,19182.63,2649.8696,13.323997
37.199997,13110.03,1025.7559,7.113125
49.6,14942.25,1367.6746,8.491058
97.649994,19080.84,2692.6094,13.632676
170.5,12746.37,4701.3813,37.246075
91.45,19360.11,2521.65,12.50594
2635.0,19645.47,72657.71,382.5016
227.84999,77666.64,6282.755,7.388098
88.35,37991.16,2436.1704,5.6492553
54.25,14229.72,1495.8942,9.90065
7.75,16068.9,213.69916,0.3790009
764.14996,17065.92,21070.736,127.02591
55.8,24627.96,1538.6339,5.478205
114.7,21448.98,3162.7476,14.289938
48.05,21483.78,1324.9348,5.39487
144.15,29084.1,3974.8042,13.171245
193.75,18991.23,5342.479,28.170078
106.95,18735.45,2949.0483,15.321711
134.84999,24942.9,3718.3652,14.457988
68.2,21045.3,1880.5525,8.265699
120.899994,20211.84,3333.7068,16.102888
113.149994,16783.17,3120.0076,18.27656
27.9,13328.4,769.31696,4.9851513
37.199997,12644.58,1025.7559,7.411772
158.09999,59621.97,4359.4624,6.5818377
116.25,13967.85,3205.4873,22.796463
150.34999,11521.41,4145.7637,36.31185
136.4,31303.47,3761.105,11.458646
303.8,46031.7,8377.007,17.87034
155.0,19493.22,4273.9834,21.735113
20.15,9391.65,555.6178,5.1345415
106.95,23935.44,2949.0483,11.775807
303.8,72030.78,8377.007,11.059203
83.7,17791.5,2307.951,12.451225
333.25,65949.48,9189.063,13.448002
72.85,25088.19,2008.7721,7.3025064
193.75,31674.96,5342.479,16.48939
62.0,20599.86,1709.5933,7.605506
15.5,14268.87,427.39832,2.105926
89.899994,24219.93,2478.9102,9.612942
167.4,19812.51,4615.902,23.158222
10.849999,12828.15,299.1788,1.418325
97.649994,13926.09,2692.6094,19.048967
144.15,49943.22,3974.8042,7.252529
57.35,16309.0205,1581.3738,9.054362
158.09999,28121.01,4359.4624,15.074959
63.55,12121.71,1752.3331,13.989966
93.0,19815.99,2564.39,12.418877
102.299995,23696.19,2820.8289,11.343721
52.699997,16727.49,1453.1542,8.008009
669.6,102041.43,18463.607,17.762379
80.6,18417.9,2222.4712,11.512494
110.049995,23695.32,3034.5278,12.279338
44.949997,11373.51,1239.4551,10.300149
117.799995,22989.75,3248.227,13.650756
65.1,11434.41,1795.0729,15.278568
72.85,20925.24,2008.7721,8.95424
8700.149,30409.11,239898.66,817.03516
72.85,21916.17,2008.7721,8.504164
75.95,26040.84,2094.2517,7.3391495
49.6,14936.16,1367.6746,8.494928
65.1,21444.63,1795.0729,7.6798334
44.949997,18454.44,1239.4551,5.9643054
34.1,13394.5205,940.27625,6.2790747
38.75,16841.46,1068.4958,5.5787134
85.25,18969.48,2350.6907,11.84955
32.55,13964.37,897.53644,5.6646695
75.95,19485.39,2094.2517,10.144681
31.0,16727.49,854.79663,4.298829
52.699997,11382.21,1453.1542,12.238324
128.65,22960.17,3547.406,15.020781
162.75,24074.64,4487.682,18.329035
-10.849999,21221.91,-299.1788,-2.461821
145.7,21319.35,4017.5442,18.540451
116.25,15348.54,3205.4873,20.655832
32.55,21321.09,897.53644,3.3650632
66.65,23749.26,1837.8129,7.024151
100.75,19697.67,2778.089,13.624438
34806.8,36819.27,959765.7,2701.9495
100.75,22067.55,2778.089,12.05389
125.549995,25853.791,3461.9263,12.884859
4.6499996,22203.27,128.21948,-0.4011956
71.299995,19605.45,1966.0321,9.398285
55.8,10655.76,1538.6339,13.972653
302.25,52060.8,8334.268,15.599863
702.14996,37550.07,19361.143,52.464817
-6.2,16487.37,-170.95932,-2.0752
27.9,19220.91,769.31696,3.1502972
122.45,23076.75,3376.4465,14.171661
35.649998,20422.38,983.01605,3.991167
7.75,21057.48,213.69916,0.05231142
75.95,21419.4,2094.2517,9.1384
44.949997,16398.63,1239.4551,6.8373833
35.649998,11952.93,983.01605,7.5277433
31.0,16331.64,854.79663,4.4272633
88.35,13840.83,2436.1704,17.251284
41.85,22970.61,1153.9755,4.209211
86.799995,19975.2,2393.4304,11.424461
69.75,24435.69,1923.2925,7.161474
2165.3499,12478.41,59707.543,495.15552
99.2,24183.39,2735.349,10.728526
141.05,21723.9,3889.3247,17.564545
147.25,28105.35,4060.284,13.980121
168.95,24048.541,4658.6416,19.087156
79.049995,26154.81,2179.7312,7.6417007
91.45,12795.96,2521.65,19.434301
83.7,17022.42,2307.951,13.058959
93.0,15748.74,2564.39,15.8844185
195.29999,35411.61,5385.2188,14.769051
14560.699,23438.67,401497.97,1775.2262
62.0,23323.83,1709.5933,6.6004763
72.85,20717.31,2008.7721,9.054146
147.25,30559.621,4060.284,12.777053
38.75,22431.21,1068.4958,3.9393296
93.0,15771.36,2564.39,15.860203
158.09999,20927.85,4359.4624,20.600122
-4.6499996,12242.64,-128.21948,-2.0859923
29.449999,13934.79,812.05676,5.0427394
57.35,22418.16,1581.3738,6.3144627
66.65,12391.41,1837.8129,14.379013
147.25,24005.91,4060.284,16.538244
71.299995,22028.4,1966.0321,8.254555
62.0,20586.81,1709.5933,7.610961
79.049995,14964.0,2179.7312,14.104387
71.299995,14946.6,1966.0321,12.639425
124.0,19887.33,3419.1865,16.827654
108.5,32747.67,2991.7883,8.473236
35.649998,16490.85,983.01605,5.1810956
151.9,26655.93,4188.5034,15.293446
34.1,14209.71,940.27625,5.861485
-26.349998,15011.85,-726.5771,-6.018748
58.899998,17330.4,1624.1135,8.717525
137.95,17197.291,3803.845,21.935629
106.95,16306.41,2949.0483,17.753029
66.65,15214.561,1837.8129,11.525347
68.2,25991.25,1880.5525,6.5025024
159.65,14669.94,4402.2026,30.116415
85.25,19867.32,2350.6907,11.268856
162.75,23608.32,4487.682,18.710829
44.949997,15235.44,1239.4551,7.435749
65.1,21842.22,1795.0729,7.5218353
108.5,21586.44,2991.7883,13.371355
128.65,23663.13,3547.406,14.544851
97.649994,25462.291,2692.6094,9.965382
85.25,21272.37,2350.6907,10.458492
38.75,21745.65,1068.4958,4.0950484
75.95,19487.13,2094.2517,10.143685
40.3,12572.37,1111.2356,8.165093
65.1,12539.311,1795.0729,13.844184
89.899994,20380.62,2478.9102,11.612213
111.6,20475.45,3077.2678,14.584028
29.449999,17613.15,812.05676,3.7807631
9.299999,22626.09,256.43896,0.17522871
71.299995,12057.33,1966.0321,15.907808
79.049995,27545.94,2179.7312,7.2052765
105.399994,24681.9,2906.3083,11.209868
35.649998,14310.63,983.01605,6.1227837
38.75,14250.6,1068.4958,6.7747703
32.55,9179.37,897.53644,9.138812
44.949997,18351.78,1239.4551,6.003264
100.75,20271.87,2778.089,13.210202
48.05,14759.55,1324.9348,8.308277
142.59999,23410.83,3932.0642,16.41613
48.05,20007.39,1324.9348,5.8667617
1126.85,154595.52,31071.857,19.840982
119.35,25631.94,3290.967,12.31343
150.34999,11522.28,4145.7637,36.309032
41.85,17104.2,1153.9755,5.9958696
113.149994,24603.6,3120.0076,12.149368
120.899994,21462.03,3333.7068,15.106623
106.95,23764.92,2949.0483,11.867477
66.65,18946.86,1837.8129,9.058006
226.29999,54890.04,6240.015,10.787996
139.5,18810.27,3846.585,20.204508
147.25,25093.41,4060.284,15.77817
44.949997,17426.1,1239.4551,6.3752794
97.649994,26085.21,2692.6094,9.7035265
55.8,13896.51,1538.6339,10.48094
162.75,26166.121,4487.682,16.784048
29.449999,17618.37,812.05676,3.779347
72.85,16012.35,2008.7721,12.0083885
178.25,17313.87,4915.0806,28.43638
93.0,16306.41,2564.39,15.30698
110.049995,20761.68,3034.5278,14.155718
77.5,12741.15,2136.9917,16.391703
108.5,16610.91,2991.7883,17.676064
80.6,10661.85,2222.4712,20.614813
164.29999,21871.8,4530.422,20.478403
116.25,21968.371,3205.4873,14.13018
91.45,23153.31,2521.65,10.293266
66.65,20531.13,1837.8129,8.281887
57.35,16471.71,1581.3738,8.955055
46.5,19667.22,1282.195,5.760191
-1.55,12983.88,-42.73983,-1.3413314
72.85,20049.15,2008.7721,9.389212
3.1,19452.33,85.47966,-0.5443419
75.95,14988.36,2094.2517,13.488474
88.35,14629.05,2436.1704,16.267897
74.399994,10646.19,2051.5117,18.98148
26.349998,25132.56,726.5771,1.9977322
127.1,20117.88,3504.6663,17.063932
94.549995,16582.2,2607.1296,15.303032
134.84999,25104.72,3718.3652,14.35835
108.5,20063.94,2991.7883,14.461887
79.049995,20587.68,2179.7312,9.97851
20.15,4838.07,555.6178,10.908359
51.149998,15506.88,1410.4144,8.431271
120.899994,13632.9,3333.7068,24.356367
110.049995,18492.72,3034.5278,16.015244
268.15,30081.121,7393.9907,24.487823
133.3,29160.66,3675.6257,12.070188
-13.95,9501.2705,-384.65848,-5.197991
58.899998,21586.44,1624.1135,6.8015924
116.25,13423.23,3205.4873,23.761953
9416.25,26475.84,259644.48,1015.8976
60.449997,13839.09,1666.8534,11.48929
130.2,20708.61,3590.1458,16.976662
48.05,13711.2,1324.9348,9.019981
65.1,15481.65,1795.0729,11.022996
68.2,24840.24,1880.5525,6.850143
75.95,14502.03,2094.2517,13.97435
88.35,14589.9,2436.1704,16.314232
130.2,20819.97,3590.1458,16.880507
-15.5,14993.58,-427.39832,-3.955802
137.95,24913.32,3803.845,14.832121
365.8,12668.94,10086.6,81.5567
34.1,19372.291,940.27625,4.032947
85.25,14306.28,2350.6907,16.037922
-3.1,20986.14,-85.47966,-1.4223554
122.45,28113.18,3376.4465,11.453682
41.85,25984.291,1153.9755,3.605042
74.399994,22118.01,2051.5117,8.617803
55.8,11376.12,1538.6339,13.024551
94.549995,15068.4,2607.1296,16.940863
108.5,19653.3,2991.7883,14.78495
58.899998,12240.03,1624.1135,12.758839
105.399994,19533.24,2906.3083,14.428201
807.55,22363.35,22267.453,102.24798
128.65,24667.11,3547.406,13.912159
136.4,23855.4,3761.105,15.348452
54.25,13385.82,1495.8942,10.587873
86.799995,22477.32,2393.4304,10.0414
9.299999,12541.92,256.43896,1.1201563
97.649994,21003.541,2692.6094,12.293175
142.59999,17607.93,3932.0642,22.15582
139.5,26609.82,3846.585,13.989297
63.55,24015.48,1752.3331,6.5661206
97.649994,13876.5,2692.6094,19.120617
57.35,16920.63,1581.3738,8.690939
49.6,19812.51,1367.6746,6.157991
69.75,23237.7,1923.2925,7.5822287
80.6,24733.23,2222.4712,8.317581
75.95,23857.14,2094.2517,8.102451
190.65,35718.72,5256.999,14.261244
139.5,20269.26,3846.585,18.678198
-17.05,18402.24,-470.13812,-3.6491263
83.7,21809.16,2307.951,9.973256
74.399994,15662.61,2051.5117,12.581813
198.4,38374.832,5470.698,13.782373
116.25,21049.65,3205.4873,14.790543
85.25,14770.86,2350.6907,15.502037
-1.55,14721.2705,-42.73983,-1.3010478
117.799995,20153.55,3248.227,15.712549
58.899998,14483.76,1624.1135,10.627409
32.55,14796.09,897.53644,5.2900343
43.399998,14492.46,1196.7152,7.562421
266.6,47358.45,7351.2515,15.095768
128.65,24741.93,3547.406,13.867064
3.1,20478.93,85.47966,-0.5671839
94.549995,17105.94,2607.1296,14.803875
40.3,21442.89,1111.2356,4.3736663
7.75,11080.32,213.69916,0.9998543
26.349998,19356.63,726.5771,2.892242
60.449997,13318.83,1666.8534,11.977146
32.55,11452.68,897.53644,7.1263
27.9,16536.09,769.31696,3.8241453
449.5,104249.49,12394.552,11.328344
144.15,16296.84,3974.8042,24.290663
83.7,19412.31,2307.951,11.328131
43.399998,14643.84,1196.7152,7.4739075
94.549995,15806.16,2607.1296,16.103466
75.95,16764.03,2094.2517,11.953835
-3.1,6943.47,-85.47966,-2.2765388
94.549995,21749.13,2607.1296,11.429927
63.55,23053.26,1752.3331,6.8819237
32.55,16904.97,897.53644,4.5053577
54.25,13585.05,1495.8942,10.417933
93.0,20727.75,2564.39,11.828615
75.95,34912.23,2094.2517,5.2201257
111.6,21082.71,3077.2678,14.135149
85.25,23658.78,2350.6907,9.3027
105.399994,25736.34,2906.3083,10.7096195
412.3,13765.14,11368.795,84.64099
122.45,18573.63,3376.4465,17.849983
139.5,20535.48,3846.585,18.42309
139.5,23978.07,3846.585,15.63447
66.65,17480.041,1837.8129,9.902014
161.2,18228.24,4444.9424,24.285368
63.55,25750.26,1752.3331,6.056396
38.75,15552.99,1068.4958,6.1237197
21.699999,17170.32,598.3576,2.6135187
141.05,22064.07,3889.3247,17.278326
88.35,21341.97,2436.1704,10.836438
34.1,25751.13,940.27625,2.7862306
41.85,11538.811,1153.9755,9.370111
145.7,18852.03,4017.5442,21.097872
71.299995,17791.5,1966.0321,10.458451
127.1,20866.08,3504.6663,16.41621
51.149998,19716.81,1410.4144,6.4175067
23.25,23001.93,641.0975,1.8900654
103.85,14222.76,2863.5686,19.877169
105.399994,21234.09,2906.3083,13.192402
100.75,22751.371,2778.089,11.661538
105.399994,19625.46,2906.3083,14.355702
48.05,13336.23,1324.9348,9.301709
77.5,19052.13,2136.9917,10.630735
1077.25,144898.5,29704.184,20.256983
91.45,23646.6,2521.65,10.057678
100.75,16073.25,2778.089,16.92216
93.0,28080.99,2564.39,8.469336
83.7,22107.57,2307.951,9.825138
40.3,10580.94,1111.2356,9.890047
125.549995,19966.5,3461.9263,16.978926
79.049995,25491.0,2179.7312,7.8667393
7249.3496,20371.05,199894.19,1016.5004
21.699999,15921.87,598.3576,2.8968585
172.04999,19172.19,4744.121,24.658539
159.65,14174.91,4402.2026,31.203094
96.1,26774.25,2649.8696,9.262545
96.1,25956.45,2649.8696,9.585883
122.45,19538.46,3376.4465,16.91915
68.2,27495.48,1880.5525,6.092054
51.149998,19610.67,1410.4144,6.4576535
48.05,18986.88,1324.9348,6.235837
134.84999,20902.62,3718.3652,17.445873
131.75,19231.35,3632.8857,18.58799
37.199997,23034.99,1025.7559,3.6174674
52.699997,18830.28,1453.1542,7.002078
142.59999,26389.71,3932.0642,14.4501915
130.2,22305.06,3590.1458,15.690008
100.75,24484.41,2778.089,10.765338
38.75,12951.69,1068.4958,7.554493
26.349998,15007.5,726.5771,4.020202
134.84999,32473.621,3718.3652,10.873239
480.5,65614.53,13249.348,19.938345
277.44998,15173.67,7650.4297,51.2809
108.5,14689.95,2991.7883,20.118273
6.2,9761.4,170.95932,0.81605315
-1.55,26420.16,-42.73983,-1.1677433
60.449997,16554.36,1666.8534,9.440779
114.7,22567.8,3162.7476,13.531926
43.399998,12953.43,1196.7152,8.579744
280.55,50865.42,7735.909,14.770177
94.549995,12809.01,2607.1296,20.105465
167.4,21696.06,4615.902,21.060917
128.65,22416.42,3547.406,15.409393
125.549995,19461.03,3461.9263,17.445902
77.5,13025.64,2136.9917,16.011854
189.09999,20580.72,5214.2593,25.2712
111.6,25490.13,3077.2678,11.518178
35.649998,12206.97,983.01605,7.350272
120.899994,25058.61,3333.7068,12.794893
66.65,13859.97,1837.8129,12.749499
131.75,19623.72,3632.8857,18.196331
108.5,17696.67,2991.7883,16.530212
80.6,11736.3,2222.4712,18.63599
1147.0,22987.14,31627.477,141.66829
102.299995,31293.03,2820.8289,8.347103
55.8,21341.97,1538.6339,6.475645
15.5,22979.31,427.39832,0.92860675
10.849999,10599.21,299.1788,1.926882
43.399998,15615.63,1196.7152,6.9465604
75.95,15333.75,2094.2517,13.162124
128.65,21509.88,3547.406,16.100971
204.59999,34956.6,5641.6577,15.734987
106.95,24969.0,2949.0483,11.246968
97.649994,21190.59,2692.6094,12.175837
964.1,26506.291,26584.176,102.997314
9213.2,30107.22,254045.56,873.96124
100.75,19349.67,2778.089,13.887456
108.5,19170.45,2991.7883,15.182531
-3.1,16978.05,-85.47966,-1.5220629
88.35,21723.03,2436.1704,10.628807
150.34999,16543.05,4145.7637,24.985844
105.399994,22433.82,2906.3083,12.433412
7.75,15559.95,213.69916,0.4241066
83.7,12585.42,2307.951,18.015455
31.0,13920.87,854.79663,5.367139
77.5,23101.98,2136.9917,8.591831
150.34999,29686.14,4145.7637,13.481005
100.75,20102.22,2778.089,13.330127
43.399998,20485.02,1196.7152,5.057624
341.0,50015.43,9402.763,18.493927
136.4,30996.36,3761.105,11.582086
57.35,25077.75,1581.3738,5.538737
113.149994,28486.41,3120.0076,10.357057
71.299995,19925.61,1966.0321,9.231207
-10.849999,13446.72,-299.1788,-3.3070784
79.049995,15850.53,2179.7312,13.259589
7.75,11513.58,213.69916,0.9245993
117.799995,23525.67,3248.227,13.317008
66.65,13983.51,1837.8129,12.628027
108.5,13562.43,2991.7883,21.873953
111.6,18637.14,3077.2678,16.121187
74.399994,17213.82,2051.5117,11.357898
7798.05,20920.89,215024.1,1064.7488
93.0,19819.47,2564.39,12.41652
102.299995,24248.64,2820.8289,11.062497
79.049995,9695.28,2179.7312,22.312586
44.949997,19671.57,1239.4551,5.533406
86.799995,14497.68,2393.4304,16.118677
110.049995,17367.81,3034.5278,17.11732
63.55,16181.13,1752.3331,10.229379
80.6,19494.09,2222.4712,10.821731
133.3,45440.97,3675.6257,7.3874817
97.649994,20489.37,2692.6094,12.626761
89.899994,13239.66,2478.9102,18.414751
111.6,25002.06,3077.2678,11.7625475
63.55,21101.85,1752.3331,7.6108103
1213.6499,23061.96,33465.285,149.4687
158.09999,23823.21,4359.4624,17.974943
41.85,10799.311,1153.9755,10.080221
210.79999,33805.59,5812.6167,16.829166
114.7,22332.9,3162.7476,13.684774
55.8,19523.67,1538.6339,7.171875
24.8,14809.14,683.8373,3.7881837
97.649994,25164.75,2692.6094,10.095034
148.79999,23463.9,4103.0234,17.13225
29.449999,22790.52,812.05676,2.6947072
272.8,33027.81,7522.21,22.616394
68.2,14103.57,1880.5525,12.826245
134.84999,28184.52,3718.3652,12.680101
96.1,19886.46,2649.8696,12.817037
96.1,22533.0,2649.8696,11.194201
0.0,21123.6,0.0,-1.0
48.05,19405.35,1324.9348,6.0797987
91.45,25859.88,2521.65,9.11128
83.7,18571.02,2307.951,11.886611
111.6,31058.13,3077.2678,9.273959
-7.75,13333.62,-213.69916,-2.6618915
40.3,18203.88,1111.2356,5.3298006
4107.5,89175.87,113260.555,130.69801
91.45,20739.06,2521.65,11.607924
100.75,18920.76,2778.089,14.224936
54.25,17861.97,1495.8942,7.6839914
65.1,18356.13,1795.0729,9.140254
71.299995,15608.67,1966.0321,12.060884
48.05,11113.38,1324.9348,11.362213
31.0,11196.9,854.79663,6.916129
57.35,10605.3,1581.3738,14.46178
89.899994,19161.75,2478.9102,12.41447
260.4,13632.03,7180.2915,53.617195
46.5,15407.7,1282.195,7.629072
125.549995,18807.66,3461.9263,18.086704
94.549995,18374.4,2607.1296,13.712867
99.2,10389.54,2735.349,26.300106
66.65,23751.0,1837.8129,7.0235624
1880.1499,20463.27,51843.414,261.70386
217.0,11090.76,5983.5767,54.94322
106.95,27570.3,2949.0483,10.091449
66.65,22218.93,1837.8129,7.5768147
20.15,20992.23,555.6178,1.744514
26.349998,25081.23,726.5771,2.0038671
106.95,21775.23,2949.0483,13.043229
38.75,17572.26,1068.4958,5.305116
74.399994,21699.541,2051.5117,8.803279
5724.15,19968.24,157838.2,818.63446
94.549995,18461.4,2607.1296,13.643534
77.5,23660.52,2136.9917,8.365402
67646.65,91483.984,1865294.5,2113.2202
147.25,22232.85,4060.284,17.936913
96.1,22696.56,2649.8696,11.106325
122.45,17212.95,3376.4465,19.34007
33625.7,56176.77,927197.9,1710.4473
43.399998,7678.62,1196.7152,15.160526
62.0,22050.15,1709.5933,7.039501
105.399994,25132.56,2906.3083,10.990929
54.25,23002.8,1495.8942,5.7432303
66.65,19454.07,1837.8129,8.795773
88.35,18939.9,2436.1704,12.337605
93.0,20903.49,2564.39,11.720762
199.95,53517.18,5513.4385,9.682606
255.74998,52070.37,7052.072,13.043453
136.4,15064.92,3761.105,24.887882
74.399994,22561.71,2051.5117,8.428657
93.0,11157.75,2564.39,22.831717
127.1,27631.2,3504.6663,12.152091
51.149998,17909.82,1410.4144,7.165888
127.1,21316.74,3504.6663,16.048014
114.7,23995.47,3162.7476,12.667312
54.25,15243.2705,1495.8942,9.175848
116.25,23081.1,3205.4873,13.400761
106.95,23424.75,2949.0483,12.054337
91.45,23537.85,2521.65,10.1087675
38.75,13782.54,1068.4958,7.038805
60.449997,14166.21,1666.8534,11.200892
145.7,16970.22,4017.5442,23.548279
1333.0,17845.44,36756.254,212.5757
137.95,18056.85,3803.845,20.843826
106.95,21795.24,2949.0483,13.030336
68.2,18969.48,1880.5525,9.27964
66.65,23794.5,1837.8129,7.008895
376.65,48595.59,10385.779,21.16104
86.799995,26511.51,2393.4304,8.361258
100.75,25903.38,2778.089,10.12084
58.899998,13872.15,1624.1135,11.14005
106.95,22103.22,2949.0483,12.834843
94.549995,23677.92,2607.1296,10.417394
24.8,23732.73,683.8373,1.9878097
128.65,41110.98,3547.406,7.947484
68.2,15778.32,1880.5525,11.358694
63.55,21075.75,1752.3331,7.6214743
52.699997,18087.3,1453.1542,7.330783
156.54999,23580.48,4316.7227,17.982325
51.149998,11062.92,1410.4144,12.219799
27.9,14742.15,769.31696,4.411185
29.449999,22798.35,812.05676,2.6934383
52.699997,19342.71,1453.1542,6.790086
131.75,27662.52,3632.8857,12.617829
190.65,31758.48,5256.999,16.164299
60.449997,12858.6,1666.8534,12.44162
52016.45,78711.51,1434306.0,1888.5199
279.0,57240.78,7693.17,12.936306
79.049995,17009.37,2179.7312,12.288092
82.149994,21006.15,2265.211,10.181757
96.1,23984.16,2649.8696,10.456392
57.35,19622.85,1581.3738,7.3564215
106.95,25517.97,2949.0483,10.9835
38.75,22212.84,1068.4958,3.9878874
125.549995,21265.41,3461.9263,15.880758
18.599998,15409.44,512.8779,2.451239
148.79999,30810.18,4103.0234,12.808855
79.049995,19291.38,2179.7312,10.71622
20873.85,30271.65,575577.3,1970.5847
20923.45,37058.52,576945.0,1613.3372
74.399994,23672.7,2051.5117,7.9861593
55.8,16489.11,1538.6339,8.67578
86.799995,19858.62,2393.4304,11.497399
178.25,28153.2,4915.0806,17.103008
27.9,16902.36,769.31696,3.7196069
615.35,83515.65,16967.713,20.06703
49.6,18199.53,1367.6746,6.7923865
41.85,12454.92,1153.9755,8.6073475
111.6,21833.52,3077.2678,13.614684
17.05,16589.16,470.13812,1.9386573
709.89996,29131.08,19574.842,68.67702
66.65,17888.07,1837.8129,9.653337
89.899994,21578.61,2478.9102,10.912015
-15.5,14348.91,-427.39832,-4.088601
74.399994,19539.33,2051.5117,9.8871
124.0,19414.92,3419.1865,17.261442
102.299995,27057.0,2820.8289,9.81048
179.79999,35538.63,4957.8203,13.465651
548.7,21495.09,15129.901,71.98686
128.65,21505.53,3547.406,16.104431
26.349998,11768.49,726.5771,5.401899
2156.05,20722.53,59451.11,296.485
65.1,19764.66,1795.0729,8.417607
51.149998,12527.13,1410.4144,10.674627
151.9,17836.74,4188.5034,23.34957
131.75,26319.24,3632.8857,13.312855
57.35,14669.07,1581.3738,10.178405
13.95,20594.64,384.65848,0.93672955
117.799995,35039.25,3248.227,8.612569
85.25,21752.61,2350.6907,10.20552
133.3,27268.41,3675.6257,12.977173
93.0,17313.0,2564.39,14.358883
91.45,15244.14,2521.65,16.152592
83.7,22116.27,2307.951,9.82088
206.15,32207.4,5684.3975,17.301077
114.7,24299.97,3162.7476,12.496049
51.149998,21848.31,1410.4144,5.693862
75.95,21062.7,2094.2517,9.310097
46.5,18382.23,1282.195,6.232754
165.84999,44808.48,4573.1616,9.582889
57.35,17367.81,1581.3738,8.441421
75.95,29104.11,2094.2517,6.4614367
17.05,13777.32,470.13812,2.5384135
58.899998,12244.38,1624.1135,12.753951
190.65,37398.69,5256.999,13.575699
110.049995,24477.45,3034.5278,11.855022
52138.9,65167.35,1437682.4,2286.6035
762.6,22592.16,21027.996,95.51349
38.75,3133.74,1068.4958,34.355564
131.75,21088.8,3632.8857,16.862726
57.35,16299.45,1581.3738,9.060266
117.799995,32926.02,3248.227,9.229515
55.8,23858.01,1538.6339,5.6872716
105.399994,23226.39,2906.3083,11.975015
37.199997,14232.33,1025.7559,6.4733596
89.899994,22342.47,2478.9102,10.504757
94.549995,21140.13,2607.1296,11.788006
190.65,26291.4,5256.999,19.733473
49.6,13285.7705,1367.6746,9.674411
77.5,16544.791,2136.9917,12.393357
51.149998,12205.23,1410.4144,10.982533
72.85,13679.01,2008.7721,14.227334
141.05,14138.37,3889.3247,27.524809
20.15,15250.23,555.6178,2.7778752
68.2,21388.08,1880.5525,8.117202
105.399994,20238.81,2906.3083,13.890339
55.8,12362.7,1538.6339,11.905352
122.45,32347.47,3376.4465,9.823492
156.54999,24101.61,4316.7227,17.571884
130.2,25034.25,3590.1458,13.870493
1376.3999,36930.63,37952.97,105.56312
88.35,16364.7,2436.1704,14.436452
110.049995,21768.27,3034.5278,13.4549
217.0,25012.5,5983.5767,23.805708
57.35,19786.41,1581.3738,7.287344
122.45,17478.3,3376.4465,19.031273
106.95,13159.62,2949.0483,22.23734
48.05,18810.27,1324.9348,6.3037753
3.1,25725.9,85.47966,-0.65545964
153.45,24788.91,4231.243,16.699394
110.049995,23095.89,3034.5278,12.623989
96.1,19789.89,2649.8696,12.88446
29.449999,15152.79,812.05676,4.557016
43.399998,17066.791,1196.7152,6.2708774
41.85,20793.87,1153.9755,4.7545204
103.85,25981.68,2863.5686,10.428473
75.95,25784.19,2094.2517,7.4221554
93.0,21373.291,2564.39,11.441151
79.049995,15370.29,2179.7312,13.705126
210.79999,41660.82,5812.6167,13.467442
17.05,13030.86,470.13812,2.7411082
134.84999,26864.73,3718.3652,13.352166
24.8,16294.23,683.8373,3.3517785
28735.45,51954.66,792353.75,1580.4027
93.0,24445.26,2564.39,9.877706
94.549995,20702.52,2607.1296,12.05832
55.8,14511.6,1538.6339,9.9943075
124.0,27555.51,3419.1865,11.866553
69.75,23442.15,1923.2925,7.5073786
63.55,22480.8,1752.3331,7.082631
58.899998,13471.95,1624.1135,11.500685
204.59999,38875.95,5641.6577,14.047821
93.0,14678.64,2564.39,17.115326
178.25,19518.45,4915.0806,25.111584
130.2,22480.8,3590.1458,15.559538
145.7,26246.16,4017.5442,14.872405
79.049995,19576.74,2179.7312,10.545439
31.0,18686.73,854.79663,3.7432647
137.95,29824.47,3803.845,12.225068
71.299995,10947.21,1966.0321,17.622374
86.799995,22607.82,2393.4304,9.977666
91.45,23508.27,2521.65,10.122746
63.55,24147.72,1752.3331,6.5246863
517.7,22354.65,14275.1045,65.21544
217.0,14598.6,5983.5767,41.500843
62.0,16555.23,1709.5933,9.707929
27.9,9588.2705,769.31696,7.3198004
77.5,21962.28,2136.9917,9.089584
80.6,21883.98,2222.4712,9.530711
110.049995,20605.95,3034.5278,14.270258
93.0,18152.55,2564.39,13.648539
21.699999,19841.22,598.3576,2.1270895
40.3,11824.17,1111.2356,8.745034
32.55,15867.93,897.53644,4.8651576
31.0,14845.68,854.79663,4.9704986
55.8,15441.63,1538.6339,9.332134
49.6,23101.98,1367.6746,5.138771
120.899994,21664.74,3333.7068,14.955917
110.049995,23548.291,3034.5278,12.36225
130.2,17248.62,3590.1458,20.582693
134.84999,19103.46,3718.3652,19.1831
75.95,14553.36,2094.2517,13.921534
195.29999,27850.44,5385.2188,19.05022
40.3,10711.44,1111.2356,9.757371
74.399994,19007.76,2051.5117,10.191568
145.7,25794.63,4017.5442,15.1502495
72.85,25465.77,2008.7721,7.179405
26.349998,11658.0,726.5771,5.462574
68.2,18966.0,1880.5525,9.281527
-17.05,13177.0205,-470.13812,-4.6996117
164.29999,48157.98,4530.422,8.754798
65.1,22877.52,1795.0729,7.1361885
29.449999,18928.59,812.05676,3.4485245
97.649994,23075.01,2692.6094,11.099832
105.399994,23519.58,2906.3083,11.813271
15.5,13705.98,427.39832,2.233483
86.799995,21672.57,2393.4304,10.451391
65.1,11290.86,1795.0729,15.485531
75.95,11470.95,2094.2517,17.931166
23894.799,28857.9,658877.25,2366.4873
113.149994,24498.33,3120.0076,12.205872
74.399994,24856.77,2051.5117,7.558097
96.1,17304.3,2649.8696,14.878824
1176.45,21000.06,32439.531,159.17764
60.449997,14487.24,1666.8534,10.930527
34.1,14970.96,940.27625,5.512589
91.45,24510.51,2521.65,9.667933
63.55,19009.5,1752.3331,8.55859
102.299995,16232.46,2820.8289,17.019398
85.25,22890.57,2350.6907,9.648459
96.1,24163.38,2649.8696,10.37142
44.949997,19554.12,1239.4551,5.5726485
809.1,22326.81,22310.191,102.61545
60.449997,13013.46,1666.8534,12.281665
38.75,15305.04,1068.4958,6.239128
68.2,14522.91,1880.5525,12.427021
10132.35,26807.31,279390.28,1079.7019
43.399998,24064.2,1196.7152,4.1566453
85.25,19053.87,2350.6907,11.792641
624.64996,24542.7,17224.15,71.77184
44.949997,12553.23,1239.4551,9.23819
323.94998,44906.79,8932.624,19.625996
176.7,13398.0,4872.341,36.709045
65.1,21776.1,1795.0729,7.5477123
86.799995,25959.06,2393.4304,8.560481
89.899994,19887.33,2478.9102,11.925048
72.85,13502.4,2008.7721,14.426506
86.799995,18944.25,2393.4304,12.100602
88.35,36694.86,2436.1704,5.8841496
401.44998,8226.72,11069.616,138.52554
79.049995,18415.291,2179.7312,11.273607
52.699997,23153.31,1453.1542,5.5079837
141.05,26033.88,3889.3247,14.491133
-6.2,13025.64,-170.95932,-2.360948
285.19998,15820.95,7864.1284,50.542553
31.0,5921.22,854.79663,13.969231
-18.599998,11578.83,-512.8779,-5.593008
127.1,4501.38,3504.6663,79.73259
96.1,12597.6,2649.8696,20.811453
18.599998,11519.67,512.8779,3.6165957
137.95,27215.34,3803.845,13.492955
9.299999,14147.94,256.43896,0.8794843
27.9,11460.51,769.31696,5.960641
13.95,15486.87,384.65848,1.5754881
63.55,12983.01,1752.3331,12.995524
65.1,21872.67,1795.0729,7.5099726
114.7,16368.18,3162.7476,19.036047
93.0,15868.8,2564.39,15.756676
48.05,21987.51,1324.9348,5.2483644
131.75,15578.22,3632.8857,23.181421
243.34999,26983.05,6710.1533,24.786314
66.65,24117.27,1837.8129,6.901709
46.5,17298.21,1282.195,6.6860065
54.25,19391.43,1495.8942,6.999059
6.2,9941.49,170.95932,0.7831553
83.7,22631.31,2307.951,9.574619
131.75,18775.47,3632.8857,19.063597
99.2,23106.33,2735.349,11.27523
209.25,31335.66,5769.8774,18.093063
52.699997,16135.89,1453.1542,8.338275
134.84999,24181.65,3718.3652,14.9446125
111.6,25564.08,3077.2678,11.481966
40.3,16380.36,1111.2356,6.034457
85.25,21041.82,2350.6907,10.58404
117626.4,160961.31,3243440.2,2088.4514
147.25,27495.48,4060.284,14.312389
74.399994,12890.79,2051.5117,15.502218
186.0,45238.26,5128.78,10.755903
23.25,6164.82,641.0975,9.783297
51.149998,18604.95,1410.4144,6.860789
181.34999,31894.2,5000.56,15.25754
96.1,28186.26,2649.8696,8.748435
97.649994,25658.91,2692.6094,9.881356
32.55,17863.71,897.53644,4.2098866
79.049995,11557.08,2179.7312,18.55702
110.049995,24969.871,3034.5278,11.601514
55.8,11690.19,1538.6339,12.647766
97.649994,15857.49,2692.6094,16.607058
55.8,13249.23,1538.6339,11.041831
114.7,22579.11,3162.7476,13.524648
120.899994,27282.33,3333.7068,11.670502
110.049995,15144.96,3034.5278,19.776428
54.25,21023.55,1495.8942,6.3780684
88.35,23620.5,2436.1704,9.694647
790.5,25450.11,21797.314,87.80987
58.899998,14486.37,1624.1135,10.625314
153.45,26997.84,4231.243,15.251253
175.15,49128.03,4829.601,9.193651
75.95,20779.08,2094.2517,9.450822
156.54999,25577.13,4316.7227,16.500488
49.6,22359.0,1367.6746,5.34276
130.2,12233.94,3590.1458,29.429415
114.7,23118.51,3162.7476,13.18576
128.65,19652.43,3547.406,17.71727
72.85,20049.15,2008.7721,9.389212
48.05,10308.63,1324.9348,12.327278
159.65,23192.46,4402.2026,18.682083
82.149994,10791.48,2265.211,20.765844
65.1,24400.02,1795.0729,6.628511
37.199997,19424.49,1025.7559,4.475733
94.549995,15346.8,2607.1296,16.615408
110.049995,20248.38,3034.5278,14.539917
85.25,17068.53,2350.6907,13.280626
65.1,16300.32,1795.0729,10.419151
341.0,58933.8,9402.763,15.54394
151.9,28301.1,4188.5034,14.346292
113.149994,25937.31,3120.0076,11.47322
120.899994,21711.72,3333.7068,14.921392
784.3,15071.88,21626.355,147.78659
254.2,24885.48,7009.3325,28.206432
75.95,26263.56,2094.2517,7.2684317
35.649998,20073.51,983.01605,4.077912
35.649998,18711.09,983.01605,4.447653
52.699997,13907.82,1453.1542,9.834291
75.95,16826.67,2094.2517,11.905611
82.149994,21375.03,2265.211,9.988789
268.15,41996.64,7393.9907,17.256277
18.599998,11627.55,512.8779,3.5737634
63.55,28261.95,1752.3331,5.4292817
41.85,25602.36,1153.9755,3.6737394
137.95,19322.7,3803.845,19.412815
4.6499996,24406.98,128.21948,-0.45526177
-41.85,18363.96,-1153.9755,-7.515955
150.34999,20585.07,4145.7637,19.883347
-12.4,13043.91,-341.91864,-3.718084
74.399994,12420.99,2051.5117,16.126383
145.7,27318.871,4017.5442,14.249156
69.75,20031.75,1923.2925,8.955758
60.449997,15910.561,1666.8534,9.863251
44.949997,13185.72,1239.4551,8.747087
124.0,19779.45,3419.1865,16.92489
38816.65,69033.63,1070333.6,1606.7048
44.949997,22394.67,1239.4551,4.7389708
48.05,15884.46,1324.9348,7.6490803
116.25,23479.56,3205.4873,13.156372
18.599998,13371.9,512.8779,2.9771206
127.1,16381.23,3504.6663,21.184418
54.25,25768.53,1495.8942,5.019482
57.35,16208.97,1581.3738,9.116424
58.899998,18186.48,1624.1135,8.260098
34.1,20576.37,940.27625,3.7384315
91.45,15497.311,2521.65,15.872379
122.45,24813.27,3376.4465,13.109895
48.05,14617.74,1324.9348,8.398578
-7.75,8305.0205,-213.69916,-3.6681483
246.45,65636.28,6795.6333,9.7357855
106.95,24358.26,2949.0483,11.55404
8780.75,24774.99,242121.16,1012.36786
71.299995,19928.22,1966.0321,9.229867
539.39996,7166.19,14873.461,214.21454
150.34999,32838.15,4145.7637,12.091029
60.449997,21533.371,1666.8534,7.0266304
26.349998,14174.04,726.5771,4.3153996
105.399994,19968.24,2906.3083,14.092103
189.09999,26943.03,5214.2593,19.067537
19878.75,30578.76,548138.4,1857.7382
49.6,8982.75,1367.6746,14.78779
55.8,17903.73,1538.6339,7.91127
114.7,27483.3,3162.7476,10.932832
165.84999,29883.63,4573.1616,14.868324
-18.599998,9978.9,-512.8779,-6.3294106
72.85,31203.42,2008.7721,5.675386
268.15,49123.68,7393.9907,14.607592
100.75,21180.15,2778.089,12.600817
103.85,22278.96,2863.5686,12.327864
128.65,25616.28,3547.406,13.359612
-21.699999,15798.33,-598.3576,-4.927331
5336.65,19413.18,147153.23,784.99725
91.45,20693.82,2521.65,11.635488
156.54999,32251.77,4316.7227,12.878691
66.65,15339.84,1837.8129,11.423053
106.95,21609.06,2949.0483,13.15122
2569.9,26665.5,70862.64,274.55954
102.299995,18832.89,2820.8289,14.531294
117.799995,21671.7,3248.227,14.5418
37.199997,11640.6,1025.7559,8.137271
20.15,14184.48,555.6178,3.0617256
69.75,22314.63,1923.2925,7.9372425
93.0,25219.56,2564.39,9.543734
150.34999,16755.33,4145.7637,24.65662
74.399994,26281.83,2051.5117,7.094057
96.1,21509.88,2649.8696,11.77422
3.1,20744.28,85.47966,-0.5727203
133.3,27642.51,3675.6257,12.788013
72.85,25443.15,2008.7721,7.186677
58.899998,19637.64,1624.1135,7.5758057
127.1,23150.7,3504.6663,14.697498
145.7,17906.34,4017.5442,22.264929
3.1,14928.33,85.47966,-0.40625572
93.0,12258.3,2564.39,20.692104
69.75,11695.41,1923.2925,16.052095
144.15,33053.04,3974.8042,11.469591
-4.6499996,13061.311,-128.21948,-2.0179234
51.149998,14478.54,1410.4144,9.101128
85.25,18254.34,2350.6907,12.35295
-18.599998,11792.85,-512.8779,-5.509653
57.35,15313.74,1581.3738,9.707822
26.349998,13733.82,726.5771,4.485778
51.149998,13327.53,1410.4144,9.973494
570.39996,72823.35,15728.257,21.395348
44.949997,22425.99,1239.4551,4.7309556
12686.75,24663.63,349825.53,1469.7618
44.949997,19381.86,1239.4551,5.6310644
83.7,23896.291,2307.951,9.014838
165.84999,47545.5,4573.1616,8.973671
60.449997,14160.99,1666.8534,11.20539
144.15,26403.63,3974.8042,14.609894
66.65,14056.59,1837.8129,12.557175
173.59999,24837.63,4786.861,18.984282
21.699999,16630.92,598.3576,2.730718
54.25,23175.06,1495.8942,5.6931086
91.45,20367.57,2521.65,11.837884
122.45,27150.96,3376.4465,11.895036
175.15,26195.7,4829.601,18.117414
110.049995,19032.99,3034.5278,15.532249
122.45,10835.85,3376.4465,31.310581
41.85,13806.9,1153.9755,7.6665897
69.75,21112.291,1923.2925,8.446216
147.25,16343.82,4060.284,24.760288
34.1,21116.64,940.27625,3.6171985
65.1,24118.14,1795.0729,6.717669
125.549995,16598.73,3461.9263,20.626728
79.049995,17280.81,2179.7312,12.079366
55.8,18555.36,1538.6339,7.598324
145.7,21547.291,4017.5442,18.33374
31.0,14817.84,854.79663,4.9817157
68.2,21334.14,1880.5525,8.140253
113.149994,14723.88,3120.0076,20.972591
89.899994,29780.1,2478.9102,7.631426
108.5,21978.81,2991.7883,13.114794
105.399994,14410.68,2906.3083,19.912458
196.84999,13605.061,5427.9585,40.369846
94.549995,12327.03,2607.1296,20.930677
54.25,14496.811,1495.8942,9.699816
178.25,24878.52,4915.0806,19.485851
41.85,23260.32,1153.9755,4.144329
116.25,12032.1,3205.4873,26.624887
93.0,14342.82,2564.39,17.539473
168.95,25772.88,4658.6416,17.743221
68.2,24041.58,1880.5525,7.110924
31.0,18628.44,854.79663,3.7581072
124.0,31847.22,3419.1865,10.132665
83.7,21776.1,2307.951,9.989916
35.649998,18852.03,983.01605,4.406925
144.15,24758.46,3974.8042,15.647152
147.25,22237.2,4060.284,17.933208
68.2,30125.49,1880.5525,5.4729047
74.399994,19263.541,2051.5117,10.042967
35.649998,9855.36,983.01605,9.342749
167.4,44120.31,4615.902,9.848406
227.84999,21858.75,6282.755,28.80387
54.25,13809.51,1495.8942,10.232346
91.45,21328.05,2521.65,11.259747
159.65,16222.89,4402.2026,27.13777
15258.199,31075.53,420730.88,1402.8921
27.9,17360.85,769.31696,3.594965
65.1,21067.92,1795.0729,7.8350353
122.45,26817.75,3376.4465,12.055257
29.449999,19943.01,812.05676,3.2222466
176.7,30556.14,4872.341,15.534348
94.549995,29424.27,2607.1296,8.187657
83.7,22567.8,2307.951,9.604379
213.9,28774.38,5898.0967,20.25464
54.25,23821.47,1495.8942,5.5114875
75.95,16704.87,2094.2517,11.999711
457.25,67719.93,12608.25,18.305727
63.55,21664.74,1752.3331,7.387086
41.85,16061.07,1153.9755,6.450235
79.049995,16837.11,2179.7312,12.424042
57.35,18882.48,1581.3738,7.6840706
48.05,23173.32,1324.9348,4.928627
108.5,13477.17,2991.7883,22.01866
94.549995,24058.11,2607.1296,10.236964
49.6,18590.16,1367.6746,6.6286473
-6.2,14851.7705,-170.95932,-2.19361
23.25,23037.6,641.0975,1.8855906
63.55,18825.06,1752.3331,8.652241
-9.299999,14144.46,-256.43896,-2.8799467
142.59999,22158.03,3932.0642,17.400827
40.3,8828.76,1111.2356,12.051317
252.65,49021.89,6966.5923,13.735953
122.45,25772.88,3376.4465,12.584536
34352.65,38720.22,947242.9,2535.7136
116.25,24374.791,3205.4873,12.636442
65.1,21127.08,1795.0729,7.810296
106.95,13531.98,2949.0483,21.597918
57.35,10777.561,1581.3738,14.21465
159.65,10499.16,4402.2026,42.47738
240.25,10424.34,6624.674,64.89672
114.7,29973.24,3162.7476,9.941546
113.149994,24210.36,3120.0076,12.362948
83.7,19934.31,2307.951,11.005305
110.049995,23074.14,3034.5278,12.636831
231504.89,153447.98,6383535.5,4312.68
102.299995,10326.9,2820.8289,27.324003
69.75,19850.791,1923.2925,9.046514
80.6,24633.18,2222.4712,8.355426
-21.699999,14653.41,-598.3576,-5.2341866
72.85,28100.13,2008.7721,6.412594
168.95,28889.22,4658.6416,15.72135
55.8,18158.64,1538.6339,7.786175
141.05,27862.621,3889.3247,13.474385
69.75,18653.67,1923.2925,9.691261
66.65,9463.86,1837.8129,19.136354
65.1,14940.51,1795.0729,11.458466
168.95,45508.832,4658.6416,9.614792
167.4,28375.05,4615.902,15.868164
103.85,15606.93,2863.5686,18.025585
77.5,14620.35,2136.9917,14.156291
96.1,29027.55,2649.8696,8.465902
74.399994,14432.43,2051.5117,13.73949
111.6,18885.09,3077.2678,15.896399
71.299995,24534.0,1966.0321,7.309409
100.75,17714.07,2778.089,15.262066
203.04999,46335.332,5598.9175,11.529671
55.8,25450.98,1538.6339,5.2687173
128.65,21142.74,3547.406,16.397928
48.05,20023.05,1324.9348,5.8613906
27.9,14406.33,769.31696,4.5373225
75.95,13337.1,2094.2517,15.282286
220.09999,39932.13,6069.0557,14.759648
58.899998,19952.58,1624.1135,7.440442
94.549995,22499.07,2607.1296,11.015614
48.05,14210.58,1324.9348,8.667865
57.35,19064.31,1581.3738,7.601245
106.95,24004.17,2949.0483,11.739227
96.1,26019.09,2649.8696,9.560398
23.25,14623.83,641.0975,3.545805
161.2,21400.26,4444.9424,20.537483
82.149994,20333.64,2265.211,10.551579
3.1,12869.91,85.47966,-0.311292
27.9,20530.26,769.31696,2.8856058
32.55,28662.15,897.53644,2.2470665
-13.95,17457.42,-384.65848,-3.2847733
57.35,21493.35,1581.3738,6.629188
74.399994,24831.541,2051.5117,7.5667915
85.25,34691.25,2350.6907,6.026247
96.1,24740.19,2649.8696,10.106298
35.649998,21657.78,983.01605,3.7064624
54.25,21002.67,1495.8942,6.385403
172.04999,20891.31,4744.121,22.547129
88.35,19441.89,2436.1704,11.993228
22870.25,31145.13,630626.25,2098.5671
69.75,13739.91,1923.2925,13.514741
86.799995,17385.21,2393.4304,13.275414
105.399994,28846.59,2906.3083,9.447083
113.149994,19428.84,3120.0076,15.651627
158.09999,26941.291,4359.4624,15.778858
103.85,14911.8,2863.5686,18.912483
381.3,59535.84,10513.998,17.312063
9.299999,16718.791,256.43896,0.5904757
75.95,24166.86,2094.2517,7.985796
162.75,23717.07,4487.682,18.62045
139.5,28888.35,3846.585,12.807036
142.59999,23752.74,3932.0642,16.165434
1.55,18433.56,42.73983,-0.75957954
55.8,15483.39,1538.6339,9.304268
57.35,22787.041,1581.3738,6.196055
2266.0999,16071.51,62485.63,402.15433
86.799995,18313.5,2393.4304,12.551811
83.7,18326.55,2307.951,12.058513
26.349998,15128.43,726.5771,3.9800735
139.5,26146.11,3846.585,14.255137
131.75,22693.95,3632.8857,15.599291
29.449999,16548.27,812.05676,4.088405
68.2,17340.84,1880.5525,10.245097
114.7,34692.99,3162.7476,8.453022
16319.949,20761.68,450007.66,2246.5288
58.899998,13664.22,1624.1135,11.324787
133.3,24481.8,3675.6257,14.568107
156.54999,25246.53,4316.7227,16.729656
125.549995,25029.03,3461.9263,13.342395
24136.6,33259.23,665544.6,2073.9749
80.6,14141.85,2222.4712,15.295879
26.349998,18594.51,726.5771,3.0517707
71.299995,13860.84,1966.0321,13.707841
97.649994,26016.48,2692.6094,9.731803
20.15,17767.14,555.6178,2.242698
133.3,15090.15,3675.6257,24.257223
86.799995,15114.51,2393.4304,15.420055
24.8,15876.63,683.8373,3.4662428
54.25,23275.11,1495.8942,5.664338
55.8,14722.14,1538.6339,9.837079
55.8,19465.38,1538.6339,7.1963453
4739.9,20317.11,130698.41,666.0467
71.299995,16275.09,1966.0321,11.526077
71.299995,16368.18,1966.0321,11.454839
127.1,30464.791,3504.6663,10.928789
114.7,24259.95,3162.7476,12.518314
63.55,12735.93,1752.3331,13.26704
35.649998,15760.92,983.01605,5.4673586
34.1,18131.67,940.27625,4.377316
116.25,19496.7,3205.4873,16.048292
85.25,22536.48,2350.6907,9.815766
124.0,19302.69,3419.1865,17.367619
68.2,23364.72,1880.5525,7.345892
176.7,24134.67,4872.341,19.933613
49.6,15027.51,1367.6746,8.43721
44.949997,9944.97,1239.4551,11.923353
117.799995,28290.66,3248.227,10.905597
125.549995,28187.13,3461.9263,11.735466
142.59999,32858.16,3932.0642,11.40867
131.75,23831.041,3632.8857,14.8072605
159.65,45856.832,4402.2026,8.954371
111.6,16978.05,3077.2678,17.794264
46.5,20896.53,1282.195,5.3624997
32816.598,63530.88,904887.7,1475.9225
68.2,20916.541,1880.5525,8.322738
43.399998,17929.83,1196.7152,5.9208994
18.599998,10681.86,512.8779,3.9786887
128.65,8654.76,3547.406,41.501453
96.1,33487.17,2649.8696,7.20529
20.15,12230.46,555.6178,3.7106543
48.05,21822.21,1324.9348,5.2956944
86.799995,18403.98,2393.4304,12.485185
52.699997,15485.13,1453.1542,8.730714
20.15,14522.91,555.6178,2.9670746
46445.75,57269.492,1280699.1,2317.8447
63.55,28549.92,1752.3331,5.364432
68.2,19939.53,1880.5525,8.77954
54.25,16708.35,1495.8942,8.283574
127.1,30400.41,3504.6663,10.954051
103.85,9556.95,2863.5686,30.069633
105.399994,14286.2705,2906.3083,20.09457
182.9,22003.17,5043.3,22.767166
12.4,20568.541,341.91864,0.72372174
141.05,29883.63,3889.3247,12.495493
77.5,22464.27,2136.9917,8.864121
55.8,10171.17,1538.6339,14.686003
66.65,21326.31,1837.8129,7.9357996
77.5,23646.6,2136.9917,8.370915
40.3,16426.47,1111.2356,6.014711
71.299995,24194.7,1966.0321,7.4259377
127.1,32841.63,3504.6663,10.06547
62.0,24956.82,1709.5933,6.103157
113.149994,19613.28,3120.0076,15.495039
65.1,20301.45,1795.0729,8.168597
54.25,21974.46,1495.8942,6.058794
82.149994,21013.98,2265.211,10.17759
62.0,21439.41,1709.5933,7.2685213
93.0,19993.47,2564.39,12.299759
24.8,21870.93,683.8373,2.2421522
62.0,25097.76,1709.5933,6.0632687
57.35,22116.27,1581.3738,6.4143066
31.0,21689.97,854.79663,3.086502
75.95,24852.42,2094.2517,7.7379208
35960.0,50259.03,991564.1,2044.7595
124.0,21853.53,3419.1865,15.223669
91.45,16253.34,2521.65,15.087555
165.84999,31208.64,4573.1616,14.194611
41.85,19285.291,1153.9755,5.2046638
52.699997,11898.12,1453.1542,11.664301
85.25,13979.16,2350.6907,16.436619
125.549995,30928.5,3461.9263,10.606648
62.0,18443.13,1709.5933,8.611829
43.399998,16913.67,1196.7152,6.3367014
310.0,16459.53,8547.967,52.85094
69.75,28869.21,1923.2925,5.908095
26714.25,41315.43,736621.0,1847.7565
32.55,15648.69,897.53644,4.947329
195.29999,30201.18,5385.2188,17.489592
415.4,54381.96,11454.274,20.8404
170.5,23585.7,4701.3813,19.669245
103.85,20066.55,2863.5686,13.797309
100.75,17754.09,2778.089,15.225409
155.0,22920.15,4273.9834,18.335848
77.5,13353.63,2136.9917,15.594011
71.299995,18468.36,1966.0321,10.038503
105.399994,23057.61,2906.3083,12.069992
176.7,34166.64,4872.341,13.787107
89.899994,17563.56,2478.9102,13.635114
58.899998,14791.74,1624.1135,10.385313
91.45,10326.9,2521.65,24.31994
12048.149,27156.18,332216.7,1267.5298
31.0,13270.98,854.79663,5.6789417
37.199997,12319.2,1025.7559,7.6339474
106.95,20307.541,2949.0483,14.058178
74.399994,13477.17,2051.5117,14.784221
102.299995,9657.0,2820.8289,29.288822
80.6,23669.22,2222.4712,8.736437
213.9,12028.62,5898.0967,49.844498
190.65,25571.91,5256.999,20.316828
106.95,22188.48,2949.0483,12.781682
82.149994,17651.43,2265.211,12.306892
156.54999,23979.81,4316.7227,17.666216
196.84999,29285.07,5427.9585,18.219326
175.15,30427.38,4829.601,15.458664
82.149994,25082.1,2265.211,8.364674
40.3,14368.92,1111.2356,7.0191793
463.44998,26983.05,12779.209,48.108967
75.95,14703.87,2094.2517,13.768797
110.049995,13504.14,3034.5278,22.300867
155.0,23677.92,4273.9834,17.71704
109380.4,110155.05,3016064.5,2838.1223
111.6,19999.56,3077.2678,14.954849
96.1,20866.95,2649.8696,12.167807
106.95,15129.3,2949.0483,19.212076
213.9,25386.6,5898.0967,23.091022
106.95,15464.25,2949.0483,18.77429
184226.8,83821.02,5079885.5,6283.183
41.85,17666.22,1153.9755,5.7733073
21.699999,16879.74,598.3576,2.6757245
41.85,13856.49,1153.9755,7.6355743
54.25,16386.45,1495.8942,8.465942
71.299995,15688.71,1966.0321,11.99425
192.2,44266.47,5299.7393,11.414451
114.7,22921.89,3162.7476,13.307441
29.449999,14900.49,812.05676,4.651109
124.0,27920.91,3419.1865,11.698169
244.9,39655.47,6752.893,16.65772
139.5,29885.371,3846.585,12.346413
134.84999,26434.95,3718.3652,13.585505
108.5,26709.871,2991.7883,10.614672
72.85,21367.2,2008.7721,8.748346
71.299995,24018.09,1966.0321,7.487895
215.45,34440.69,5940.8364,16.886429
32.55,17571.39,897.53644,4.2965593
62.0,27075.27,1709.5933,5.5473847
77.5,20088.3,2136.9917,10.030812
75.95,20009.13,2094.2517,9.852968
47746.2,55626.93,1316557.8,2453.1592
17081.0,22546.92,470992.94,2165.0828
38.75,23451.72,1068.4958,3.724393
51.149998,11116.86,1410.4144,12.155654
144.15,27204.03,3974.8042,14.1506195
74.399994,14705.61,2051.5117,13.465678
66.65,14419.38,1837.8129,12.216077
63.55,20491.11,1752.3331,7.8674564
229.4,28679.55,6325.495,21.870205
51.149998,18583.2,1410.4144,6.8699894
-3.1,14063.55,-85.47966,-1.6302541
102.299995,26720.31,2820.8289,9.946697
48.05,13976.55,1324.9348,8.829748
116.25,20168.34,3205.4873,15.480553
82.149994,25094.28,2265.211,8.360128
235.59999,27755.61,6496.454,23.270206
127.1,22845.33,3504.6663,14.907324
110.049995,15620.85,3034.5278,19.143475
88.35,25526.67,2436.1704,8.896039
29.449999,17685.36,812.05676,3.7612433
187.54999,25069.05,5171.5195,20.390856
69.75,21529.89,1923.2925,8.262994
82.149994,22499.94,2265.211,9.439391
51.149998,24466.14,1410.4144,4.9776316
119.35,13319.7,3290.967,24.619871
130.2,26473.23,3590.1458,13.062191
77.5,15217.17,2136.9917,13.561859
23.25,20922.63,641.0975,2.1772811
106.95,24619.26,2949.0483,11.420949
348.75,54329.76,9616.462,17.353775
323.94998,42503.85,8932.624,20.792078
108.5,22726.14,2991.7883,12.650641
23.25,17339.1,641.0975,2.8339407
7.75,16476.93,213.69916,0.34485173
85.25,23233.35,2350.6907,9.491354
44.949997,18323.07,1239.4551,6.0142365
10.849999,11391.78,299.1788,1.7232475
18254.35,46534.56,503347.0,1120.6045
114.7,23182.89,3162.7476,13.146364
57.35,16129.8,1581.3738,9.166078
108.5,22211.97,2991.7883,12.966631
80.6,19089.541,2222.4712,11.072259
170.5,27973.98,4701.3813,16.426859
248.0,20937.42,6838.373,32.86706
96.1,20476.32,2649.8696,12.419009
41.85,14201.88,1153.9755,7.425557
120.899994,31360.02,3333.7068,10.022979
165.84999,20905.23,4573.1616,21.683468
165.84999,26838.63,4573.1616,16.668678
15.5,19125.21,427.39832,1.3172584
65.1,16429.95,1795.0729,10.329057
79.049995,11049.87,2179.7312,19.454725
38.75,20036.97,1068.4958,4.5295353
297.59998,75055.77,8206.047,10.336989
68.2,11528.37,1880.5525,15.914743
27.9,11793.72,769.31696,5.763981
34.1,23204.64,940.27625,3.2017336
41.85,17153.791,1153.9755,5.9756446
72.85,18484.89,2008.7721,10.268385
26.349998,11548.38,726.5771,5.523918
106.95,18728.49,2949.0483,15.327776
99.2,26077.38,2735.349,9.876688
141.05,30966.78,3889.3247,12.023451
44.949997,3972.42,1239.4551,31.353668
127.1,17976.81,3504.6663,19.21538
102.299995,22000.56,2820.8289,12.295077
93.0,20998.32,2564.39,11.663314
91.45,11909.43,2521.65,20.955418
39339.0,55222.38,1084737.0,2035.8413
127.1,15958.41,3504.6663,21.772196
79.049995,23635.291,2179.7312,8.562906
74.399994,20349.3,2051.5117,9.453756
80.6,27276.24,2222.4712,7.448887
204.59999,34481.582,5641.6577,15.96553
68.2,21748.26,1880.5525,7.9662085
105.399994,22918.41,2906.3083,12.149375
91.45,22713.96,2521.65,10.511709
57.35,12892.53,1581.3738,11.718745
88.35,17781.06,2436.1704,13.206854
62.0,15247.62,1709.5933,10.626223
139.5,28074.9,3846.585,13.207086
69.75,19976.07,1923.2925,8.983508
120.899994,19664.61,3333.7068,16.578829
367.34998,25622.371,10129.34,39.993
55.8,15637.38,1538.6339,9.202796
69.75,14897.01,1923.2925,12.387334
124.0,27840.871,3419.1865,11.734674
114.7,33380.16,3162.7476,8.824806
134.84999,14679.51,3718.3652,25.265661
62.0,15934.05,1709.5933,10.125371
57.35,18690.21,1581.3738,7.773405
71.299995,20311.89,1966.0321,9.036635
74.399994,21112.291,2051.5117,9.075962
35.649998,11878.11,983.01605,7.581459
83.7,17479.17,2307.951,12.691584
88.35,15583.44,2436.1704,15.210342
136.4,22202.4,3761.105,16.565617
131.75,26986.53,3632.8857,12.958945
26.349998,20162.25,726.5771,2.7367203
206.15,36138.93,5684.3975,15.310116
57.35,23684.01,1581.3738,5.923524
88.35,24814.14,2436.1704,9.1802
13925.199,34208.4,383974.62,1162.9054
32.55,17162.49,897.53644,4.422751
106.95,21272.37,2949.0483,13.375199
13.95,15557.34,384.65848,1.5638218
4.6499996,11627.55,128.21948,0.14344084
100.75,23669.22,2778.089,11.170547
71.299995,17513.97,1966.0321,10.640023
139.5,21402.0,3846.585,17.636692
116.25,28011.39,3205.4873,10.86608
94.549995,13132.65,2607.1296,19.585344
43.399998,16202.01,1196.7152,6.65896
15.5,22205.01,427.39832,0.99585843
91.45,16819.71,2521.65,14.545838
10.849999,11513.58,299.1788,1.6944387
105.399994,19815.99,2906.3083,14.208058
65.1,15318.96,1795.0729,11.150682
51.149998,24393.93,1410.4144,4.9953265
66.65,12867.3,1837.8129,13.810227
133.3,28322.85,3675.6257,12.456813
153.45,24523.56,4231.243,16.890905
108.5,20736.45,2991.7883,13.960439
75.95,12191.311,2094.2517,16.812561
80844.9,106450.59,2229224.0,2170.4683
75.95,21177.541,2094.2517,9.254187
167.4,23907.6,4615.902,19.020203
85.25,14795.22,2350.6907,15.474869
72.85,23356.89,2008.7721,7.917918
34.1,11766.75,940.27625,7.2860355
142.59999,19303.56,3932.0642,20.121807
97.649994,23971.11,2692.6094,10.647511
145.7,22539.09,4017.5442,17.482986
9.299999,17928.09,256.43896,0.48319376
55.8,15302.43,1538.6339,9.426122
99438.695,98546.64,2741931.0,2884.1113
136.4,24808.05,3761.105,14.720657
55.8,16592.64,1538.6339,8.615407
91.45,14539.44,2521.65,16.983946
58.899998,11196.03,1624.1135,14.041814
43.399998,14357.61,1196.7152,7.6428413
133.3,26092.17,3675.6257,13.607267
99.2,22358.13,2735.349,11.686012
139.5,11157.75,3846.585,34.747574
116.25,10282.53,3205.4873,31.325256
7.75,16042.8,213.69916,0.38124442
35.649998,19043.43,983.01605,4.352582
69.75,15956.67,1923.2925,11.498301
88.35,19991.73,2436.1704,11.635871
97.649994,26300.97,2692.6094,9.61572
131.75,22993.23,3632.8857,15.383234
108.5,23545.68,2991.7883,12.175512
83.7,22416.42,2307.951,9.675991
97.649994,20189.22,2692.6094,12.829347
40854.9,61889.19,1126536.5,1886.4626
158.09999,26518.47,4359.4624,16.046387
40.3,13580.7,1111.2356,7.4846096
99.2,22646.1,2735.349,11.524697
58.899998,19059.09,1624.1135,7.83613
119.35,23172.45,3290.967,13.726499
176.7,46203.96,4872.341,9.934687
238.7,14997.93,6581.934,44.50615
31474.299,53023.02,867875.0,1696.2296
-24.8,9720.51,-683.8373,-8.29477
-9.299999,10169.43,-256.43896,-3.614781
20669.25,41280.63,569935.7,1430.6189
23.25,16391.67,641.0975,3.0555406
58.899998,24088.56,1624.1135,5.991227
147.25,20721.66,4060.284,19.317944
26.349998,15789.63,726.5771,3.7715297
89.899994,20747.76,2478.9102,11.389034
110.049995,22713.09,3034.5278,12.853605
139.5,24494.85,3846.585,15.283525
167.4,21107.94,4615.902,21.67559
46.5,18820.71,1282.195,6.0642476
41.85,17788.89,1153.9755,5.726599
49.6,14845.68,1367.6746,8.552797
35.649998,13323.18,983.01605,6.65069
62.0,16455.18,1709.5933,9.773034
79.049995,21957.06,2179.7312,9.293821
218.54999,49210.68,6026.316,11.698149
85.25,21545.55,2350.6907,10.313208
-9.299999,18024.66,-256.43896,-2.4752474
94.549995,19496.7,2607.1296,12.865943
7196.65,19507.14,198441.03,1053.8379
89.899994,14675.16,2478.9102,16.51563
74.399994,21780.45,2051.5117,8.766862
52.699997,21094.89,1453.1542,6.1430273
65.1,13941.75,1795.0729,12.350966
80.6,15520.8,2222.4712,13.848067
83.7,23291.64,2307.951,9.274823
134.84999,19859.49,3718.3652,18.414751
65.1,19309.65,1795.0729,8.6395235
111.6,21820.47,3077.2678,13.623424
302.25,31871.58,8334.268,26.115131
108.5,23706.63,2991.7883,12.08606
106.95,24827.19,2949.0483,11.316922
279.0,16010.61,7693.17,48.82477
114.7,24677.55,3162.7476,12.289553
34.1,15816.6,940.27625,5.1643915
756.39996,25024.68,20857.037,85.42352
0.0,17883.72,0.0,-1.0
88.35,25477.08,2436.1704,8.9153
40.3,19438.41,1111.2356,4.9277964
136.4,28114.92,3761.105,12.871598
731.6,15548.64,20173.2,133.53345
108.5,23056.74,2991.7883,12.454911
155.0,27746.041,4273.9834,14.97275
57.35,19784.67,1581.3738,7.2880735
77.5,21829.17,2136.9917,9.151109
85.25,18974.7,2350.6907,11.846016
57.35,18981.66,1581.3738,7.6386967
111.6,28509.03,3077.2678,10.192595
96.1,18627.57,2649.8696,13.75082
89.899994,25692.84,2478.9102,9.004527
72.85,20978.31,2008.7721,8.929058
68.2,21796.98,1880.5525,7.946167
6.2,12598.47,170.95932,0.40709317
75.95,20754.72,2094.2517,9.463088
105.399994,12748.11,2906.3083,22.639797
153.45,29819.25,4231.243,13.713607
69.75,11886.811,1923.2925,15.777525
139.5,26898.66,3846.585,13.8283415
91.45,20080.47,2521.65,12.021433
297.59998,54967.47,8206.047,14.480184
102.299995,25884.24,2820.8289,10.30028
79.049995,18329.16,2179.7312,11.331283
46.5,18877.26,1282.195,6.043086
37.199997,22435.56,1025.7559,3.7408361
52.699997,14409.811,1453.1542,9.45686
79.049995,18584.07,2179.7312,11.16214
94.549995,24254.73,2607.1296,10.145872
124.0,42041.01,3419.1865,7.433299
7.75,15189.33,213.69916,0.4588548
235.59999,12046.0205,6496.454,54.921738
119.35,26938.68,3290.967,11.667623
75.95,12821.19,2094.2517,15.937464
110.049995,20962.65,3034.5278,14.010419
93.0,24339.99,2564.39,9.924751
62.0,17279.94,1709.5933,9.258844
40.3,18520.56,1111.2356,5.2215686
592.1,124329.09,16326.615,12.616681
133.3,25336.14,3675.6257,14.043147
156.54999,25843.35,4316.7227,16.320213
75.95,9001.89,2094.2517,23.123653
144.15,12237.42,3974.8042,32.68013
100.75,25547.55,2778.089,10.275733
54.25,13268.37,1495.8942,10.690449
170.5,22200.66,4701.3813,20.958744
113.149994,22328.55,3120.0076,13.489152
103.85,21648.21,2863.5686,12.716189
27.9,14114.88,769.31696,4.6516595
120.899994,21515.1,3333.7068,15.066895
40.3,12568.0205,1111.2356,8.168264
367.34998,74480.7,10129.34,13.102147
6387.55,22165.86,176130.84,822.9459
12.4,18445.74,341.91864,0.92209387
110.049995,15261.54,3034.5278,19.61772
100.75,21449.85,2778.089,12.429809
35.649998,12688.08,983.01605,7.0336437
10.849999,13476.3,299.1788,1.3020144
17.05,9496.05,470.13812,4.1336985
57.35,17551.38,1581.3738,8.342672
3670.4,46378.832,101207.92,225.27812
144.15,24080.73,3974.8042,16.115671
55.8,17147.7,1538.6339,8.304164
27.9,14948.34,769.31696,4.3365455
58.899998,10861.08,1624.1135,14.505695
144.15,15374.64,3974.8042,25.807644
114.7,21015.72,3162.7476,14.605156
85.25,19807.291,2350.6907,11.306039
37.199997,13795.59,1025.7559,6.709951
33755.9,36628.74,930788.0,2633.9763
57.35,26865.6,1581.3738,5.103597
173.59999,37383.9,4786.861,12.277433
37.199997,18003.78,1025.7559,4.907833
124.0,30155.94,3419.1865,10.757034
43.399998,20021.31,1196.7152,5.197923
210.79999,45121.68,5812.6167,12.35778
181.34999,22378.14,5000.56,22.17088
72.85,21247.14,2008.7721,8.803431
176.7,27301.47,4872.341,17.505444
58.899998,21979.68,1624.1135,6.6620135
82.149994,13909.561,2265.211,15.886635
105.399994,20766.9,2906.3083,13.511686
75.95,9475.17,2094.2517,21.918688
79.049995,21151.44,2179.7312,9.685895
55.8,22401.63,1538.6339,6.1220255
58.899998,19802.94,1624.1135,7.504223
475.84998,25141.26,13121.128,53.116787
179.79999,30827.58,4957.8203,15.676281
119.35,22256.34,3290.967,14.332666
148.79999,25554.51,4103.0234,15.648853
96.1,11972.94,2649.8696,21.949411
102.299995,14195.79,2820.8289,19.604641
80.6,19277.46,2222.4712,10.9545765
99.2,24120.75,2735.349,10.758985
128.65,24503.55,3547.406,14.011696
7029.25,17762.791,193825.14,1130.4797
108.5,30994.621,2991.7883,9.00904
117.799995,24800.22,3248.227,12.581219
106.95,18638.88,2949.0483,15.406273
113.149994,23783.19,3120.0076,12.60296
128.65,17848.05,3547.406,19.609526
75.95,12494.07,2094.2517,16.380922
89.899994,20937.42,2478.9102,11.27681
-9.299999,19475.82,-256.43896,-2.3653255
85.25,17816.73,2350.6907,12.680922
86.799995,10980.2705,2393.4304,21.602457
66.65,18112.53,1837.8129,9.521317
248.0,24786.3,6838.373,27.608095
103.85,17833.26,2863.5686,15.650402
63.55,21582.96,1752.3331,7.4188643
108.5,18127.32,2991.7883,16.113749
292.94998,10220.76,8077.8276,80.95195
57.35,25553.64,1581.3738,5.4169645
63.55,22254.6,1752.3331,7.1647854
136.4,17540.07,3761.105,21.234737
26.349998,31044.21,726.5771,1.4268837
32.55,19248.75,897.53644,3.8350105
128.65,18737.19,3547.406,18.631538
186.0,13229.22,5128.78,39.200153
83.7,27214.47,2307.951,7.7937584
24.8,20750.37,683.8373,2.417235
1.55,17097.24,42.73983,-0.7407882
29.449999,16175.04,812.05676,4.2058167
79.049995,17337.36,2179.7312,12.036706
72.85,13966.11,2008.7721,13.914307
69.75,20603.34,1923.2925,8.67956
144.15,25126.47,3974.8042,15.403334
54.25,25054.26,1495.8942,5.1910906
52.699997,18597.99,1453.1542,7.102025
63.55,20080.47,1752.3331,8.048794
82.149994,19416.66,2265.211,11.09712
79.049995,30297.75,2179.7312,6.460027
248.0,29631.33,6838.373,22.930376
89.899994,22156.291,2478.9102,10.601432
113.149994,19651.56,3120.0076,15.462906
124.0,16404.72,3419.1865,20.61234
173.59999,34458.96,4786.861,13.404445
130.2,22104.96,3590.1458,15.841091
106.95,10834.98,2949.0483,27.2229
106.95,23154.18,2949.0483,12.206885
111.6,23627.46,3077.2678,12.505048
63.55,18950.34,1752.3331,8.58843
251.09999,49517.79,6923.8525,13.4988785
114.7,24863.73,3162.7476,12.19004
32.55,19849.92,897.53644,3.6885786
105.399994,14790.0,2906.3083,19.376116
189.09999,22437.3,5214.2593,23.097383
83.7,24168.6,2307.951,8.902
137.95,24602.73,3803.845,15.031988
48.05,18417.03,1324.9348,6.4597244
80.6,17043.3,2222.4712,12.521668
165.84999,20096.13,4573.1616,22.596739
74.399994,22470.36,2051.5117,8.466989
65.1,10972.44,1795.0729,15.96394
72.85,23565.69,2008.7721,7.8389044
899.0,22799.22,24789.104,111.742775
311.55,64219.92,8590.706,12.870974
15.5,21503.791,427.39832,1.0609415
25695.898,37995.51,708540.9,1932.6617
44.949997,23123.73,1239.4551,4.5580287
4.6499996,19314.0,128.21948,-0.31161773
131.75,16091.5205,3632.8857,22.410059
117.799995,20484.15,3248.227,15.44282
105.399994,24922.89,2906.3083,11.091805
73428.15,70140.27,2024714.0,2992.2578
113.149994,19387.95,3120.0076,15.686745
124.0,21810.9,3419.1865,15.255377
99.2,23079.36,2735.349,11.289576
34.1,21102.72,940.27625,3.6202435
193.75,79236.99,5342.479,5.991377
89.899994,20428.47,2478.9102,11.58267
60.449997,24544.44,1666.8534,6.0419374
97.649994,15860.97,2692.6094,16.603195
27.9,8838.33,769.31696,8.0257435
65.1,11071.62,1795.0729,15.811977
161.2,19188.72,4444.9424,23.019724
85.25,25230.0,2350.6907,8.66109
79.049995,15432.93,2179.7312,13.64544
77.5,18804.18,2136.9917,10.784097
97.649994,21397.65,2692.6094,12.048337
82.149994,19958.67,2265.211,10.768603
79.049995,17749.74,2179.7312,11.733823
102.299995,36876.69,2820.8289,6.9318166
165.84999,27040.47,4573.1616,16.536793
184.45,47796.06,5086.04,10.034066
99.2,22217.19,2735.349,11.766491
69.75,18707.61,1923.2925,9.660435
122.45,19361.85,3376.4465,17.082602
80.6,14716.05,2222.4712,14.660037
230.95,13633.7705,6368.235,47.43407
122.45,37523.97,3376.4465,8.330373
100.75,22879.26,2778.089,11.590764
35.649998,23898.03,983.01605,3.2652688
155.0,28420.291,4273.9834,14.593809
80.6,12518.43,2222.4712,17.409168
72.85,26761.2,2008.7721,6.783465
124.0,22504.291,3419.1865,14.754526
99.2,24353.041,2735.349,10.646822
58.899998,19240.92,1624.1135,7.7526274
65.1,22384.23,1795.0729,7.315489
12.4,18418.77,341.91864,0.9249083
23.25,13307.5205,641.0975,3.9954524
122.45,16150.68,3376.4465,20.677887
66.65,10955.04,1837.8129,16.395432
18.599998,3279.9,512.8779,15.2144165
127.1,15197.16,3504.6663,22.912891
489.8,12302.67,13505.786,112.83305
193.75,29628.72,5342.479,17.697252
124.0,24040.71,3419.1865,13.747668
139.5,30274.26,3846.585,12.174972
79.049995,17494.83,2179.7312,11.919363
199.95,45363.54,5513.4385,11.602696
130.2,24087.69,3590.1458,14.454851
40.3,16023.66,1111.2356,6.19105
20.15,13628.55,555.6178,3.2274103
105.399994,26030.4,2906.3083,10.577338
150.34999,20642.49,4145.7637,19.825254
165.84999,28688.25,4573.1616,15.529524
65.1,15617.37,1795.0729,10.918512
161.2,24227.76,4444.9424,18.023952
220.09999,26388.84,6069.0557,22.847822
111.6,23317.74,3077.2678,12.684431
161.2,23607.45,4444.9424,18.523827
186.0,34503.332,5128.78,14.4134865
134.84999,14944.86,3718.3652,24.799307
105.399994,18274.35,2906.3083,15.491024
83.7,16680.51,2307.951,13.347134
49.6,23654.43,1367.6746,4.9954
72.85,23004.541,2008.7721,8.05451
96.1,15680.88,2649.8696,16.522738
79.049995,22920.15,2179.7312,8.861281
69.75,19058.22,1923.2925,9.464316
96.1,20973.96,2649.8696,12.100622
176.7,16126.32,4872.341,30.32927
108.5,19977.81,2991.7883,14.528548
85.25,24065.94,2350.6907,9.128393
161.2,35081.01,4444.9424,12.138383
68.2,26577.63,1880.5525,6.3369756
103.85,27888.72,2863.5686,9.646991
111.6,28437.69,3077.2678,10.220672
63.55,18449.22,1752.3331,8.848873
96.1,23018.46,2649.8696,10.937025
105.399994,22356.39,2906.3083,12.479938
77.5,16447.35,2136.9917,12.472705
65.1,13148.311,1795.0729,13.156635
74.399994,14286.2705,2051.5117,13.890285
99.2,19590.66,2735.349,13.4781
60.449997,17825.43,1666.8534,8.696283
178.25,18836.37,4915.0806,26.057104
134.84999,19256.58,3718.3652,19.022614
158.09999,25151.7,4359.4624,16.972708
23.25,15213.69,641.0975,3.369557
176.7,37713.63,4872.341,12.396373
105.399994,20142.24,2906.3083,13.961729
72.85,15860.1,2008.7721,12.133262
271.25,35381.16,7479.4707,20.92031
88.35,21534.24,2436.1704,10.730756
41.85,11326.53,1153.9755,9.564466
35036.2,47135.73,966091.1,2124.278
65.1,24114.66,1795.0729,6.718783
55.8,24621.0,1538.6339,5.480037
85.25,26838.63,2350.6907,8.082032
106.95,23907.6,2949.0483,11.790685
88.35,15992.34,2436.1704,14.79587
102.299995,22995.84,2820.8289,11.719655
-3.1,20793.0,-85.47966,-1.4262786
262143.0,214916.1,7228353.5,3486.533
116.25,32167.38,3205.4873,9.332995
72.85,20027.4,2008.7721,9.400494
83.7,22486.89,2307.951,9.642534
158.09999,18299.58,4359.4624,23.70243
77.5,19660.26,2136.9917,10.270974
71.299995,12347.91,1966.0321,15.509922
44.949997,9535.2,1239.4551,12.478726
75.95,20197.05,2094.2517,9.751988
55.8,15159.75,1538.6339,9.52425
77.5,27609.45,2136.9917,7.0258856
94.549995,17741.041,2607.1296,14.23812
134.84999,25430.97,3718.3652,14.16132
26.349998,29278.98,726.5771,1.5732007
75.95,20570.28,2094.2517,9.556904
113.149994,26400.15,3120.0076,11.254543
46.5,11243.01,1282.195,10.825496
175.15,30074.16,4829.601,15.65197
195.29999,33044.34,5385.2188,15.898733
71.299995,16552.62,1966.0321,11.316059
85.25,11774.58,2350.6907,19.701315
10.849999,16518.69,299.1788,0.87803257
60.449997,23732.73,1666.8534,6.282787
77.5,20728.62,2136.9917,9.690065
52.699997,24776.73,1453.1542,5.0815682
63.55,13746.0,1752.3331,12.218683
139.5,11291.73,3846.585,34.323418
79.049995,12494.94,2179.7312,17.089087
89.899994,22373.791,2478.9102,10.488652
110.049995,19567.17,3034.5278,15.080923
75.95,12536.7,2094.2517,16.32182
18.599998,17031.99,512.8779,2.122457
85.25,19855.14,2350.6907,11.276382
100.75,24950.73,2778.089,10.545448
63.55,18740.67,1752.3331,8.695706
144.15,29953.23,3974.8042,12.760048
62.0,14781.3,1709.5933,10.993007
88.35,24115.53,2436.1704,9.475114
57.35,15658.26,1581.3738,9.472224
40.3,18291.75,1111.2356,5.299394
246.45,35524.71,6795.6333,18.835688
60.449997,15950.58,1666.8534,9.835995
13.95,12749.85,384.65848,2.1283703
71.299995,21703.89,1966.0321,8.392925
100.75,25145.61,2778.089,10.455971
119.35,20567.67,3290.967,15.591526
69.75,22482.541,1923.2925,7.870494
114.7,22186.74,3162.7476,13.781513
58.899998,16650.06,1624.1135,9.1145935
99.2,16683.99,2735.349,16.000462
119.35,28756.98,3290.967,10.866651
37.199997,11201.25,1025.7559,8.495666
105.399994,19902.12,2906.3083,14.142244
144.15,25854.66,3974.8042,14.941339
86.799995,23712.72,2393.4304,9.466159
23020.6,43010.19,634772.0,1529.3623
120.899994,24451.35,3333.7068,13.137494
147.25,21216.69,4060.284,18.843884
102.299995,15033.6,2820.8289,18.456362
153.45,23181.15,4231.243,17.926962
65.1,14091.39,1795.0729,12.209188
40.3,19915.17,1111.2356,4.7858877
54.25,19926.48,1495.8942,6.7842746
2007.2499,46647.66,55348.08,122.03271
35.649998,18579.72,983.01605,4.486171
29.449999,18403.11,812.05676,3.5755477
91.45,19889.07,2521.65,12.146744
62.0,20652.06,1709.5933,7.5837545
65.1,17126.82,1795.0729,9.86809
79.049995,11814.6,2179.7312,18.130743
66.65,12694.17,1837.8129,14.0122175
43.399998,25940.791,1196.7152,3.783607
170.5,28676.07,4701.3813,16.000189
71.299995,20184.87,1966.0321,9.099795
382.84998,12530.61,10556.738,86.35855
1348.5,10823.67,37183.652,355.2258
29.449999,15823.561,812.05676,4.3214507
88.35,22681.77,2436.1704,10.137266
66.65,20641.62,1837.8129,8.232204
117.799995,28041.84,3248.227,11.011237
89.899994,21424.621,2478.9102,10.997632
44.949997,16091.5205,1239.4551,6.9869614
24.8,12592.38,683.8373,4.631095
79.049995,21576.871,2179.7312,9.475201
69.75,22379.88,1923.2925,7.9111853
77.5,17542.68,2136.9917,11.631495
83.7,13407.57,2307.951,16.849432
66.65,22946.25,1837.8129,7.3049583
142.59999,23135.041,3932.0642,16.623745
193.75,21120.99,5342.479,25.22868
182.9,28308.93,5043.3,17.473076
54.25,22257.21,1495.8942,5.969121
190.65,43781.01,5256.999,11.450878
93.0,20155.291,2564.39,12.192979
41.85,12517.561,1153.9755,8.559271
-21.699999,11006.37,-598.3576,-6.6372147
105.399994,14979.66,2906.3083,19.11813
89.899994,18091.65,2478.9102,13.20792
26.349998,13018.68,726.5771,4.787122
83.7,18296.97,2307.951,12.079624
35.649998,12657.63,983.01605,7.052971
93.0,22180.65,2564.39,10.988301
68.2,15817.47,1880.5525,11.328105
99.2,18602.34,2735.349,14.247305
162.75,27424.14,4487.682,15.968245
347.19998,65464.02,9573.722,14.164427
145.7,27691.23,4017.5442,14.044102
94.549995,28217.58,2607.1296,8.580557
91.45,22254.6,2521.65,10.749325
20.15,15663.48,555.6178,2.6782036
48.05,20059.59,1324.9348,5.8488927
34.1,9562.17,940.27625,9.196401
131.75,28793.52,3632.8857,12.082926
91.45,17721.9,2521.65,13.754428
46.5,19694.19,1282.195,5.750933
24.8,15236.311,683.8373,3.6539407
102.299995,13131.78,2820.8289,21.274143
22518.398,24117.27,620924.25,2668.6748
38.75,17268.63,1068.4958,5.415977
58.899998,15905.34,1624.1135,9.58818
55.8,28047.93,1538.6339,4.688298
89.899994,20358.0,2478.9102,11.626225
60.449997,17217.3,1666.8534,9.038763
94.549995,18243.03,2607.1296,13.818817
46.5,13230.96,1282.195,9.048717
139.5,18379.62,3846.585,20.701347
79.049995,22773.99,2179.7312,8.92457
182.9,47261.01,5043.3,10.065209
190.65,25616.28,5256.999,20.279907
94.549995,19969.98,2607.1296,12.537326
44.949997,13244.01,1239.4551,8.704187
1650.75,17221.65,45517.92,273.06622
155.0,18554.49,4273.9834,22.885355
83.7,20513.73,2307.951,10.66621
48.05,21829.17,1324.9348,5.2936873
21.699999,23127.21,598.3576,1.6827824
52.699997,11778.93,1453.1542,11.792451
49.6,23753.61,1367.6746,4.970367
117.799995,18350.91,3248.227,17.35425
65.1,25742.43,1795.0729,6.2307014
63.55,10223.37,1752.3331,16.773397
44.949997,24084.21,1239.4551,4.336374
151.9,25644.121,4188.5034,15.936316
108.5,18074.25,2991.7883,16.163998
86.799995,16201.14,2393.4304,14.318743
122.45,26950.86,3376.4465,11.990777
418.5,20455.44,11539.755,57.49728
125.549995,27539.85,3461.9263,12.034794
179.79999,20921.76,4957.8203,23.571997
88.35,13344.93,2436.1704,17.929504
65.1,21297.6,1795.0729,7.7397566
124.0,18653.67,3419.1865,18.006685
110.049995,15759.18,3034.5278,18.966658
88.35,22715.7,2436.1704,10.120631
120.899994,16939.77,3333.7068,19.406466
91.45,27864.36,2521.65,8.383905
302.25,17229.48,8334.268,49.158337
159.65,17714.94,4402.2026,24.767853
71.299995,11056.83,1966.0321,17.437746
96.1,14196.66,2649.8696,18.354689
114.7,18723.27,3162.7476,16.51583
15810.0,30545.7,435946.28,1478.8945
68.2,19040.82,1880.5525,9.241125
170.5,43795.8,4701.3813,10.131172
164.29999,27624.24,4530.422,16.005766
44.949997,17173.8,1239.4551,6.4836287
57.35,16214.19,1581.3738,9.113166
-26.349998,11183.85,-726.5771,-7.736561
60.449997,17629.68,1666.8534,8.803945
10997.25,16656.15,303239.1,1886.8107
548.7,14964.87,15129.901,103.83614
72.85,14116.62,2008.7721,13.755292
60.449997,23878.02,1666.8534,6.2384734
46.5,20812.14,1282.195,5.388298
63.55,18496.2,1752.3331,8.823857
71.299995,20038.71,1966.0321,9.17346
20.15,14092.26,555.6178,3.088306
37.199997,26769.03,1025.7559,2.9733722
7.75,19948.23,213.69916,0.11082673
51.149998,17780.19,1410.4144,7.225423
65.1,22338.121,1795.0729,7.332653
57.35,9345.54,1581.3738,16.545996
91.45,14648.19,2521.65,16.850431
145.7,22407.72,4017.5442,17.591347
37.199997,15813.99,1025.7559,5.7259
24499.299,20719.05,675545.75,3379.9036
25483.549,42956.25,702685.56,1695.2214
120.899994,18688.47,3333.7068,17.49701
137.95,36988.05,3803.845,9.663733
71.299995,12357.48,1966.0321,15.497137
83.7,22277.22,2307.951,9.742701
-1.55,15220.65,-42.73983,-1.2911706
99.2,20895.66,2735.349,12.573897
153.45,26926.5,4231.243,15.29431
251.09999,47681.22,6923.8525,14.057343
119.35,25992.99,3290.967,12.128502
94.549995,21321.09,2607.1296,11.67947
65.1,22560.84,1795.0729,7.250394
2267.65,16321.2,62528.37,396.25824
120.899994,20737.32,3333.7068,15.669504
96.1,22919.28,2649.8696,10.988682
133.3,30411.72,3675.6257,11.532513
398.34998,48045.75,10984.136,22.706028
49.6,17025.03,1367.6746,7.329957
145.7,21608.19,4017.5442,18.279251
51.149998,20710.35,1410.4144,6.0616665
110.049995,24698.43,3034.5278,11.740006
184.45,26570.67,5086.04,18.848385
0.0,19101.72,0.0,-1.0
54.25,17380.86,1495.8942,7.924369
85.25,19849.92,2350.6907,11.279611
80.6,19426.23,2222.4712,10.863026
-15.5,10839.33,-427.39832,-5.088634
89.899994,34645.14,2478.9102,6.419358
62.0,15529.5,1709.5933,10.415192
63.55,16655.28,1752.3331,9.909696
86.799995,32912.1,2393.4304,6.5407248
2146.75,76208.52,59194.668,79.54284
249.54999,26465.4,6881.113,25.960508
51.149998,18043.8,1410.4144,7.105253
296.05,19928.22,8163.3076,41.476185
15.5,10797.57,427.39832,3.104447
71.299995,24499.2,1966.0321,7.321213
38.75,26236.59,1068.4958,3.2229247
60.449997,22240.68,1666.8534,6.7713633
70873.75,64446.992,1954278.9,3143.3564
15.5,15931.44,427.39832,1.7817984
34.1,14948.34,940.27625,5.5224447
142.59999,47805.63,3932.0642,7.5288296
492.9,17742.78,13591.267,78.43029
189.09999,33625.5,5214.2593,15.079472
79.049995,21174.06,2179.7312,9.674479
91.45,23891.07,2521.65,9.944529
69.75,22210.23,1923.2925,7.979251
66.65,17346.06,1837.8129,9.98622
86.799995,16642.23,2393.4304,13.912729
74.399994,14455.92,2051.5117,13.715539
51.149998,14246.25,1410.4144,9.26583
38.75,19733.34,1068.4958,4.614617
63.55,15622.59,1752.3331,10.630852
150.34999,23166.36,4145.7637,17.556438
105.399994,25773.75,2906.3083,10.692623
80.6,22471.23,2222.4712,9.255507
113.149994,18202.14,3120.0076,16.773832
77.5,12767.25,2136.9917,16.356148
106.95,15189.33,2949.0483,19.132196
61251.348,80432.37,1688949.9,2176.378
15.5,17112.9,427.39832,1.5897453
119.35,33777.75,3290.967,9.102776
75.95,24024.18,2094.2517,8.039163
40.3,10956.78,1111.2356,9.516497
66.65,10528.74,1837.8129,17.099758
172.04999,28980.57,4744.121,15.974489
49.6,14029.62,1367.6746,9.108454
108.5,13490.22,2991.7883,21.996393
300.69998,13742.5205,8291.527,61.56278
111.6,24727.14,3077.2678,11.904443
124.0,40403.67,3419.1865,7.775055
51.149998,16784.91,1410.4144,7.7131577
6.2,18292.62,170.95932,-0.030908525
136.4,24418.291,3761.105,14.971586
91.45,18704.13,2521.65,12.979613
77.5,14811.75,2136.9917,13.960439
249.54999,34412.85,6881.113,19.734133
96.1,20252.73,2649.8696,12.567156
155.0,22497.33,4273.9834,18.699251
31.0,19182.63,854.79663,3.620644
65.1,15632.16,1795.0729,10.907236
63.55,21760.44,1752.3331,7.3501997
18827.85,40314.93,519160.72,1334.3152
57.35,13353.63,1581.3738,11.279568
63.55,21708.24,1752.3331,7.3702793
124.0,31756.74,3419.1865,10.164384
60.449997,11443.11,1666.8534,14.104321
86.799995,21733.47,2393.4304,10.419303
463.44998,78743.7,12779.209,15.828136
49.6,18976.44,1367.6746,6.4733605
122.45,18114.27,3376.4465,18.328001
249.54999,40452.39,6881.113,16.638529
91.45,17393.91,2521.65,14.032646
79.049995,18067.291,2179.7312,11.510014
51.149998,19606.32,1410.4144,6.459307
127.1,24096.39,3504.6663,14.081431
68.2,15280.68,1880.5525,11.761175
-13.95,12273.09,-384.65848,-4.2498946
105.399994,22246.77,2906.3083,12.54636
51.149998,19184.37,1410.4144,6.623372
209.25,32956.47,5769.8774,17.154062
4.6499996,12985.62,128.21948,0.02385676
83.7,23998.08,2307.951,8.972361
69.75,19240.92,1923.2925,9.364954
32.55,14320.2,897.53644,5.499065
-26.349998,20957.43,-726.5771,-4.594939
91.45,20182.26,2521.65,11.955759
69.75,24683.64,1923.2925,7.0794916
99.2,23817.121,2735.349,10.908893
106.95,23431.71,2949.0483,12.050458
83.7,13042.17,2307.951,17.349516
46.5,16280.311,1282.195,7.166561
113.149994,20647.71,3120.0076,14.668651
38.75,15790.5,1068.4958,6.0165696
44.949997,22094.52,1239.4551,4.8169336
85.25,29559.99,2350.6907,7.245919
-6.2,9275.07,-170.95932,-2.9112763
80.6,24972.48,2222.4712,8.228313
77.5,15646.95,2136.9917,13.161883
142.59999,22657.41,3932.0642,16.995264
12.4,26256.6,341.91864,0.3503059
100.75,24506.16,2778.089,10.754895
85.25,14246.25,2350.6907,16.109715
86.799995,15444.24,2393.4304,15.06949
82.149994,18394.41,2265.211,11.769404
62.0,16831.02,1709.5933,9.532471
99.2,20094.39,2735.349,13.11516
49514.75,66168.72,1365323.9,2138.5913
7.75,15928.83,213.69916,0.3911271
74.399994,25391.82,2051.5117,7.377762
69.75,22519.95,1923.2925,7.8557587
32.55,11422.23,897.53644,7.1479626
66.65,17018.07,1837.8129,10.197959
96.1,21429.84,2649.8696,11.821932
22068.898,34125.75,608529.7,1848.0448
102.299995,21048.78,2820.8289,12.896253
102.299995,25482.3,2820.8289,10.478522
106.95,19089.541,2949.0483,15.018959
54.25,11959.89,1495.8942,11.969451
37.199997,21877.02,1025.7559,3.8618746
103.85,25890.33,2863.5686,10.468798
55.8,23418.66,1538.6339,5.8127294
69.75,18236.94,1923.2925,9.935565
103.85,23397.78,2863.5686,11.690561
1.55,24218.19,42.73983,-0.8170051
106.95,24042.45,2949.0483,11.718945
49.6,18479.67,1367.6746,6.6742587
339.44998,14716.05,9360.022,64.95284
130.2,25644.99,3590.1458,13.51635
85.25,12992.58,2350.6907,17.760653
192.2,25180.41,5299.7393,20.824263
125.549995,23238.57,3461.9263,14.447432
186.0,28610.82,5128.78,17.587955
37.199997,15730.47,1025.7559,5.7616115
86.799995,22683.51,2393.4304,9.941036
43.399998,19012.98,1196.7152,5.526623
113.149994,27512.88,3120.0076,10.758921
38.75,22341.6,1068.4958,3.9591408
83.7,21700.41,2307.951,10.028248
249.54999,44283.87,6881.113,15.112427
111.6,20616.39,3077.2678,14.47749
124.0,18247.38,3419.1865,18.429882
35.649998,11729.34,983.01605,7.690303
7664.75,22071.03,211348.47,991.94324
60.449997,17721.03,1666.8534,8.753407
105.399994,22867.08,2906.3083,12.17889
91.45,17125.08,2521.65,14.268629
77.5,25343.1,2136.9917,7.743614
119.35,23238.57,3290.967,13.684595
74.399994,26039.1,2051.5117,7.169508
75.95,12368.79,2094.2517,16.556969
43.399998,12445.35,1196.7152,8.970836
94.549995,13645.08,2607.1296,18.812279
88.35,22619.13,2436.1704,10.168108
286.75,57848.04,7906.869,13.173066
40.3,17659.26,1111.2356,5.525015
117.799995,19358.37,3248.227,16.399048
144.15,25392.69,3974.8042,15.2313595
34.1,10306.0205,940.27625,8.460463
75.95,20331.9,2094.2517,9.680676
86.799995,21199.291,2393.4304,10.7070465
556.45,61638.63,15343.6,24.81203
265.05,56445.6,7308.5107,12.426002
124.0,27973.98,3419.1865,11.674079
58.899998,16305.54,1624.1135,9.328306
38.75,12858.6,1068.4958,7.6164236
88.35,21411.57,2436.1704,10.797963
17.05,9610.0205,470.13812,4.072815
68.2,12202.62,1880.5525,14.980128
94.549995,16270.74,2607.1296,15.61511
72.85,17009.37,2008.7721,11.24589
221.65,14378.49,6111.796,43.07613
15.5,11303.04,427.39832,2.920897
38.75,17969.85,1068.4958,5.165613
46.5,17099.85,1282.195,6.775166
60.449997,23723.16,1666.8534,6.2857246
62.0,24293.01,1709.5933,6.297252
179.79999,30451.74,4957.8203,15.882103
832.35,29787.06,22951.29,78.896416
31.0,15812.25,854.79663,4.605534
105.399994,22443.39,2906.3083,12.427684
91.45,21812.64,2521.65,10.987384
52.699997,19610.67,1453.1542,6.6836424
83.7,20681.64,2307.951,10.571495
49.6,15199.7705,1367.6746,8.330257
75.95,20056.11,2094.2517,9.827547
96.1,12196.53,2649.8696,21.528698
60.449997,14814.36,1666.8534,10.667086
55.8,22593.9,1538.6339,6.061419
-44.949997,16208.1,-1239.4551,-8.929514
141.05,29680.92,3889.3247,12.587662
29.449999,14925.72,812.05676,4.6415567
66.65,18527.52,1837.8129,9.285654
18156.7,51170.79,500654.38,1013.5274
159.65,25750.26,4402.2026,16.727043
96.1,33086.1,2649.8696,7.3047543
74.399994,18717.18,2051.5117,10.3653145
155.0,19677.66,4273.9834,21.522015
195.29999,49649.16,5385.2188,10.247068
418.5,59622.84,11539.755,19.06928
184.45,26258.34,5086.04,19.08447
32402.748,38638.44,893476.1,2396.7905
128.65,19024.291,3547.406,18.335272
44.949997,16002.78,1239.4551,7.031251
40.3,13302.3,1111.2356,7.662182
31.0,16724.01,854.79663,4.299932
120.899994,18827.67,3333.7068,17.360254
103.85,16805.791,2863.5686,16.668371
57.35,18813.75,1581.3738,7.7157955
86.799995,21627.33,2393.4304,10.475346
116.25,20332.77,3205.4873,15.347277
550.25,67591.17,15172.641,22.276575
66.65,19793.37,1837.8129,8.627852
164.29999,25149.09,4530.422,17.679457
4422.15,18336.12,121936.74,688.56476
43.399998,8349.39,1196.7152,13.862229
72.85,19434.06,2008.7721,9.718031
274.35,64277.34,7564.9507,11.203829
79.049995,14723.88,2179.7312,14.350714
18108.65,33135.69,499329.47,1561.5685
100.75,15770.49,2778.089,17.266226
117.799995,17536.59,3248.227,18.20654
20.15,21990.99,555.6178,1.6198668
148.79999,27748.65,4103.0234,14.332396
62.0,22347.69,1709.5933,6.9324627
55.8,13251.84,1538.6339,11.039459
80.6,16505.64,2222.4712,12.962128
34.1,13695.54,940.27625,6.1190853
396.8,63911.94,10941.396,16.751646
144.15,21482.91,3974.8042,18.185385
31.0,17268.63,854.79663,4.1327815
85.25,17449.59,2350.6907,12.968769
40.3,10659.24,1111.2356,9.810052
49.6,11355.24,1367.6746,11.489191
21.699999,23252.49,598.3576,1.668328
85.25,21320.22,2350.6907,10.4327755
58.899998,16005.39,1624.1135,9.521993
82.149994,22820.1,2265.211,9.292929
85.25,23547.42,2350.6907,9.351422
55.8,20791.26,1538.6339,6.673657
41.85,16406.46,1153.9755,6.2933917
75.95,22102.35,2094.2517,8.82513
-1.55,13078.71,-42.73983,-1.3388565
99.2,24125.97,2735.349,10.756441
6.2,12124.32,170.95932,0.46212077
86.799995,21448.98,2393.4304,10.570765
62.0,24366.09,1709.5933,6.2753663
82.149994,22184.13,2265.211,9.588005
71.299995,21160.14,1966.0321,8.634295
68.2,21324.57,1880.5525,8.144354
144.15,16169.82,3974.8042,24.48933
46.5,15692.19,1282.195,7.4726324
108.5,28070.55,2991.7883,10.051667
15.5,21678.66,427.39832,1.044317
7.75,16614.39,213.69916,0.33372498
10550.85,15586.92,290930.03,1934.424
103.85,24279.09,2863.5686,11.229905
49.6,19082.58,1367.6746,6.4317923
44.949997,13317.96,1239.4551,8.650304
94.549995,18666.72,2607.1296,13.482465
68.2,22260.69,1880.5525,7.7598104
93.0,24429.6,2564.39,9.884678
54.25,13331.01,1495.8942,10.635517
62.0,13295.34,1709.5933,12.33341
151.9,22634.791,4188.5034,18.188025
113.149994,12723.75,3120.0076,24.426605
150.34999,24615.78,4145.7637,16.463802
72.85,17662.74,2008.7721,10.792896
926.89996,111168.6,25558.418,22.83964
43.399998,18975.57,1196.7152,5.5394897
99.2,14793.48,2735.349,18.17301
74.399994,21897.9,2051.5117,8.714477
66.65,16640.49,1837.8129,10.4520445
52.699997,17126.82,1453.1542,7.7979774
110.049995,14812.62,3034.5278,20.242573
1720.5,17896.77,47441.215,273.87106
65.1,13336.23,1795.0729,12.957154
116.25,22544.31,3205.4873,13.7436495
24.8,23108.07,683.8373,2.0685768
110.049995,15957.54,3034.5278,18.718462
158.09999,25718.94,4359.4624,16.576313
80.6,18141.24,2222.4712,11.703315
28673.45,54609.03,790644.1,1500.2896
35.649998,18751.98,983.01605,4.4357734
24175.35,49610.01,666613.1,1392.325
97.649994,22071.9,2692.6094,11.649737
88.35,17301.69,2436.1704,13.600476
141.05,23148.96,3889.3247,16.421701
244.9,36583.5,6752.893,18.140465
150.34999,24683.64,4145.7637,16.41579
260.4,11892.9,7180.2915,61.604015
223.2,28094.041,6154.5356,21.715849
212.34999,18371.791,5855.357,32.048347
91.45,27072.66,2521.65,8.658323
83.7,20090.91,2307.951,10.91173
62.0,10250.34,1709.5933,16.294277
72.85,21171.45,2008.7721,8.838478
110.049995,26601.121,3034.5278,10.828755
63.55,14654.28,1752.3331,11.399383
31.0,14082.69,854.79663,5.2939754
58.899998,12487.98,1624.1135,12.485655
63.55,13141.35,1752.3331,12.826893
51.149998,22816.621,1410.4144,5.4097824
108.5,29659.17,2991.7883,9.459712
1.55,12819.45,42.73983,-0.65429056
40.3,13094.37,1111.2356,7.7997313
21.699999,11915.5205,598.3576,4.207097
7.75,19843.83,213.69916,0.11667085
116.25,20976.57,3205.4873,14.845555
124.0,21981.42,3419.1865,15.129278
93.0,25088.19,2564.39,9.598944
192.2,60885.21,5299.7393,8.025901
18.599998,13162.23,512.8779,3.040475
89.899994,19369.68,2478.9102,12.270468
-1.55,13389.3,-42.73983,-1.330996
58.899998,20572.89,1624.1135,7.1859474
55.8,14205.36,1538.6339,10.231323
91.45,26114.791,2521.65,9.012583
153.45,33132.21,4231.243,12.242361
96.1,19627.2,2649.8696,12.99955
102.299995,12015.57,2820.8289,23.343344
66.65,16503.03,1837.8129,10.547434
77.5,28066.2,2136.9917,6.895272
68.2,21785.67,1880.5525,7.9508114
41.85,14020.05,1153.9755,7.53483
6.2,7614.24,170.95932,1.3281667
100.75,25547.55,2778.089,10.275733
94.549995,22849.68,2607.1296,10.8312435
79.049995,13004.76,2179.7312,16.379948
108.5,20906.1,2991.7883,13.839037
40.3,18111.66,1111.2356,5.362031
100.75,18919.89,2778.089,14.225636
106.95,22150.2,2949.0483,12.8055
122.45,19534.98,3376.4465,16.922344
97.649994,14663.85,2692.6094,18.040276
136.4,21877.89,3761.105,16.826162
62.0,16313.37,1709.5933,9.866683
41.85,21259.32,1153.9755,4.628531
91.45,23030.64,2521.65,10.353418
133.3,22266.78,3675.6257,16.116768
142.59999,20883.48,3932.0642,18.523857
3690.5498,19192.2,101763.53,548.81335
65.1,18688.47,1795.0729,8.9599285
97.649994,21018.33,2692.6094,12.28382
124.0,18899.01,3419.1865,17.759947
134.84999,33589.832,3718.3652,10.478683
86.799995,18337.86,2393.4304,12.533809
175.15,16460.4,4829.601,29.42417
74.399994,10714.92,2051.5117,18.853312
58.899998,20846.94,1624.1135,7.0783367
77.5,16696.17,2136.9917,12.271923
86.799995,19382.73,2393.4304,11.804237
85.25,10423.47,2350.6907,22.384659
134.84999,38761.11,3718.3652,8.947266
12.4,23039.34,341.91864,0.5388653
43.399998,21659.52,1196.7152,4.729146
13.95,14602.95,384.65848,1.7313828
58.899998,11525.76,1624.1135,13.611497
21.699999,15680.88,598.3576,2.9567468
189.09999,33715.98,5214.2593,15.03632
14207.3,22158.03,391753.28,1832.2825
48.05,15751.35,1324.9348,7.722172
44.949997,17498.31,1239.4551,6.3448434
210.79999,12956.91,5812.6167,45.517685
147.25,47628.15,4060.284,7.8397627
91.45,20183.13,2521.65,11.9552
57.35,28303.71,1581.3738,4.7934737
66.65,12736.8,1837.8129,13.961971
72.85,21491.61,2008.7721,8.691915
18.599998,14075.73,512.8779,2.7782521
148.79999,34816.53,4103.0234,11.219864
184.45,39815.55,5086.04,12.245701
106.95,14225.37,2949.0483,20.496424
100.75,14477.67,2778.089,18.897356
68.2,20502.42,1880.5525,8.5110445
94.549995,23634.42,2607.1296,10.438408
139.5,16075.86,3846.585,23.81127
54.25,22171.95,1495.8942,5.9959207
99.2,13013.46,2735.349,20.795551
117.799995,25026.42,3248.227,12.458465
186.0,34867.86,5128.78,14.252347
86.799995,19681.14,2393.4304,11.610097
94.549995,20922.63,2607.1296,11.920943
54.25,11042.04,1495.8942,13.047512
100.75,18713.7,2778.089,14.393394
100.75,11865.93,2778.089,23.276846
131.75,23021.07,3632.8857,15.363422
96.1,26293.14,2649.8696,9.450328
31437.1,52274.82,866849.25,1718.4869
83.7,21023.55,2307.951,10.383306
46.5,28088.82,1282.195,3.733348
51.149998,17098.98,1410.4144,7.553117
91.45,20277.09,2521.65,11.895169
75.95,15017.94,2094.2517,13.459937
125.549995,22278.96,3461.9263,15.112791
94.549995,20437.17,2607.1296,12.227865
27.9,21221.041,769.31696,2.7591226
85.25,35036.64,2350.6907,5.956982
82.149994,22096.26,2265.211,9.630111
139.5,21771.75,3846.585,17.320187
294.5,52242.63,8120.568,15.117929
21.699999,13261.41,598.3576,3.6786332
142.59999,31169.49,3932.0642,12.080935
24.8,19719.42,683.8373,2.595891
1551.5499,19422.75,42782.57,227.40416
23.25,12742.89,641.0975,4.2167983
141.05,17856.75,3889.3247,21.584978
54.25,27827.82,1495.8942,4.5740333
62.0,20192.7,1709.5933,7.779025
79.049995,20537.22,2179.7312,10.005484
137.95,39446.67,3803.845,8.999086
88.35,21509.88,2436.1704,10.7440405
54.25,23366.46,1495.8942,5.6382837
29.449999,16169.82,812.05676,4.2074976
55.8,13109.16,1538.6339,11.170497
150.34999,27809.55,4145.7637,14.458182
15830.149,23543.07,436501.88,1921.5201
42394.047,58196.91,1168977.0,2081.8306
122.45,30255.121,3376.4465,10.572012
66.65,21249.75,1837.8129,7.9679947
147.25,26287.92,4060.284,15.0157795
144.15,18267.39,3974.8042,21.562494
263.5,25550.16,7265.7715,28.487366
55.8,11403.96,1538.6339,12.9903145
155.0,24900.27,4273.9834,16.798223
134.84999,24599.25,3718.3652,14.673935
86.799995,19386.21,2393.4304,11.801939
89.899994,30881.52,2478.9102,7.323577
31.0,12824.67,854.79663,5.911375
136.4,25722.42,3761.105,14.161826
57.35,22452.96,1581.3738,6.3031263
125.549995,20549.4,3461.9263,16.468939
102.299995,23809.291,2820.8289,11.285085
97.649994,19280.07,2692.6094,13.481468
10.849999,14781.3,299.1788,1.0987761
79.049995,21622.98,2179.7312,9.452864
153.45,23546.55,4231.243,17.63325
40.3,11811.12,1111.2356,8.755801
41.85,22035.36,1153.9755,4.430306
99.2,13624.2,2735.349,19.818508
117.799995,25732.86,3248.227,12.088992
120.899994,24509.64,3333.7068,13.103871
41.85,19943.88,1153.9755,4.9997725
60.449997,15591.2705,1666.8534,10.085717
51.149998,17927.22,1410.4144,7.157961
48.05,17267.76,1324.9348,6.956213
58.899998,24032.01,1624.1135,6.0076785
65.1,23671.83,1795.0729,6.8631787
86.799995,18750.24,2393.4304,12.236155
51.149998,18995.58,1410.4144,6.699137
218.54999,24472.23,6026.316,24.534433
119.35,25363.11,3290.967,12.454541
94.549995,26287.05,2607.1296,9.284156
124.0,23357.76,3419.1865,14.178872
93.0,16247.25,2564.39,15.36636
13.95,15661.74,384.65848,1.5467315
65.1,22438.17,1795.0729,7.2955
43.399998,24111.18,1196.7152,4.146598
49.6,15637.38,1367.6746,8.069152
75.95,19616.76,2094.2517,10.070047
737.8,19048.65,20344.16,109.74482
249.54999,53504.13,6881.113,12.335805
165.84999,26024.31,4573.1616,17.221544
79.049995,20147.46,2179.7312,10.218389
60.449997,15213.69,1666.8534,10.3608465
310.0,59822.07,8547.967,13.816625
65.1,17632.291,1795.0729,9.556531
71.299995,14690.82,1966.0321,12.8769
27.9,8991.45,769.31696,7.872039
65.1,16327.29,1795.0729,10.400289
37.199997,15916.65,1025.7559,5.682519
82.149994,17859.36,2265.211,12.151966
91.45,26267.041,2521.65,8.954547
85.25,22566.93,2350.6907,9.801172
192.2,30633.57,5299.7393,16.93927
68.2,10276.44,1880.5525,17.975386
111.6,28615.17,3077.2678,10.151078
106.95,19655.041,2949.0483,14.558073
17.05,12917.76,470.13812,2.7738633
131.75,20522.43,3632.8857,17.355696
4.6499996,16425.6,128.21948,-0.19056743
23.25,14563.8,641.0975,3.5645423
147.25,24477.45,4060.284,16.200382
58.899998,11216.91,1624.1135,14.013814
23.25,13494.57,641.0975,3.9262094
21.699999,14747.37,598.3576,3.207209
151.9,29555.64,4188.5034,13.694891
43.399998,23145.48,1196.7152,4.3613296
127.1,25693.71,3504.6663,13.143852
69.75,14904.84,1923.2925,12.380302
17.05,17046.78,470.13812,1.8597693
88.35,22550.4,2436.1704,10.2021475
114.7,18963.39,3162.7476,16.294039
102.299995,24594.03,2820.8289,10.893096
111.6,18431.82,3077.2678,16.311909
891.25,159042.1,24575.404,15.022728
51.149998,19350.541,1410.4144,6.5579066
93.0,37250.79,2564.39,6.1383276
29.449999,12220.89,812.05676,5.8901935
7.75,10952.43,213.69916,1.0232065
209.25,37285.59,5769.8774,15.046246
58.899998,14783.04,1624.1135,10.392014
158.09999,23556.121,4359.4624,18.19009
137.95,22444.26,3803.845,16.57379
127.1,40783.86,3504.6663,7.9105854
162.75,21466.38,4487.682,20.677597
69.75,19942.14,1923.2925,9.000493
62.0,13281.42,1709.5933,12.347384
114.7,9883.2,3162.7476,32.182938
93.0,20401.5,2564.39,12.033763
65.1,15517.32,1795.0729,10.995358
159.65,27036.99,4402.2026,15.883387
10257.899,25177.8,282852.2,1163.9027
-4.6499996,17072.88,-128.21948,-1.7787447
337.9,21100.98,9317.283,44.786194
275.9,55486.86,7607.69,13.217084
58.899998,20243.16,1624.1135,7.3192844
40.3,10878.48,1111.2356,9.592191
6.2,14558.58,170.95932,0.21764767
-17.05,9896.25,-470.13812,-5.926094
43.399998,14154.9,1196.7152,7.766614
69.75,26598.51,1923.2925,6.4978356
93.0,10209.45,2564.39,25.045313
1934.3999,24541.83,53339.31,224.36597
43.399998,12225.24,1196.7152,9.150356
241.79999,16839.72,6667.4136,40.055412
189.09999,50596.59,5214.2593,9.6861
18.599998,12088.65,512.8779,3.3993049
82.149994,17971.59,2265.211,12.069833
141.05,23536.11,3889.3247,16.13513
75.95,24183.39,2094.2517,7.9796534
172.04999,31222.56,4744.121,14.755607
-3.1,19535.85,-85.47966,-1.45371
51.149998,15352.89,1410.4144,8.5258665
111.6,30255.99,3077.2678,9.546341
5256.05,23207.25,144930.77,646.56714
99.2,12492.33,2735.349,21.704775
133.3,22810.53,3675.6257,15.708744
77.5,17366.07,2136.9917,11.759955
127.1,30288.18,3504.6663,10.998345
57.35,14216.67,1581.3738,10.5341215
106.95,30408.24,2949.0483,9.056306
65.1,20978.31,1795.0729,7.872775
66.65,11499.66,1837.8129,15.5715885
110.049995,28542.96,3034.5278,10.02402
51.149998,16196.79,1410.4144,8.029541
23.25,16778.82,641.0975,2.9619641
106.95,28621.26,2949.0483,9.6841755
409.19998,61033.98,11283.315,18.169594
71.299995,24492.24,1966.0321,7.323576
41.85,28352.43,1153.9755,3.2204056
77.5,23794.5,2136.9917,8.312668
43.399998,21381.121,1196.7152,4.803744
116.25,18230.85,3205.4873,17.232029
142.59999,17437.41,3932.0642,22.382261
88.35,21515.97,2436.1704,10.740717
122.45,25535.371,3376.4465,12.710888
136.4,24815.88,3761.105,14.715697
65.1,21161.01,1795.0729,7.7961693
137.95,31094.67,3803.845,11.684833
34.1,18176.041,940.27625,4.3641887
51.149998,17582.7,1410.4144,7.317811
40.3,20481.541,1111.2356,4.6258917
75.95,16427.34,2094.2517,12.219333
4716.65,22084.95,130057.305,609.64136
29016.0,39825.99,800089.7,2082.1472
117.799995,27640.77,3248.227,11.185521
14145.3,31144.26,390043.7,1297.623
69.75,16600.47,1923.2925,11.01359
79.049995,12376.62,2179.7312,17.262018
305.34998,24524.43,8419.746,34.59983
62.0,16282.92,1709.5933,9.887004
164.29999,21977.07,4530.422,20.375523
96.1,14680.38,2649.8696,17.716951
342.55,49779.66,9445.503,18.675285
137.95,22901.01,3803.845,16.223288
96.1,18684.12,2649.8696,13.706177
111.6,19969.11,3077.2678,14.979179
37.199997,10253.82,1025.7559,9.373043
54.25,29254.621,1495.8942,4.3021774
75.95,13711.2,2094.2517,14.838036
60.449997,15051.0,1666.8534,10.483649
164.29999,20234.46,4530.422,22.2164
69.75,31607.1,1923.2925,5.3096976
213.9,47998.77,5898.0967,11.741767
34.1,11298.69,940.27625,7.6292934
27084.7,62100.6,746835.8,1246.0309
57.35,11579.7,1581.3738,13.160712
44.949997,25218.69,1239.4551,4.096314
49.6,15228.48,1367.6746,8.312667
48.05,17633.16,1324.9348,6.7913413
23.25,12091.26,641.0975,4.497945
21027.299,40970.04,579808.5,1466.4594
1244.6499,22877.52,34320.082,154.55617
80.6,17165.1,2222.4712,12.425723
55.8,25155.18,1538.6339,5.342431
110.049995,19425.36,3034.5278,15.1983185
100.75,19277.46,2778.089,13.943221
111.6,23659.65,3077.2678,12.486674
102.299995,22595.64,2820.8289,11.944938
103.85,17163.36,2863.5686,16.300282
80.6,18063.81,2222.4712,11.757767
122.45,24513.99,3376.4465,13.282154
82.149994,19012.98,2265.211,11.353964
59718.4,115144.5,1646680.2,1481.9071
40837.848,44685.81,1126066.2,2612.0166
8090.9995,20881.74,223101.9,1106.859
15.5,15785.28,427.39832,1.8075557
89.899994,19779.45,2478.9102,11.9955435
358.05,9626.55,9872.901,105.346214
77.5,22063.2,2136.9917,9.043434
24.8,14053.11,683.8373,4.0457788
69.75,19246.14,1923.2925,9.362143
8294.05,22649.58,228700.84,1046.0212
54.25,18762.42,1495.8942,7.267227
29.449999,19826.43,812.05676,3.2470732
596.75,10046.76,16454.836,168.8304
116.25,15057.96,3205.4873,21.073734
26.349998,21174.93,726.5771,2.5580137
122.45,23726.64,3376.4465,13.756097
96.1,10545.2705,2649.8696,25.056416
80.6,20468.49,2222.4712,10.258958
72.85,23592.66,2008.7721,7.8287983
119.35,22494.72,3290.967,14.170182
80.6,11632.7705,2222.4712,18.810747
134.84999,20645.1,3718.3652,17.67596
102.299995,17880.24,2820.8289,15.358793
83.7,22574.76,2307.951,9.601109
1436.85,13158.75,39619.824,311.20926
137.95,47977.89,3803.845,7.221092
113.149994,19818.6,3120.0076,15.324148
111.6,21135.78,3077.2678,14.097148
424.69998,69881.88,11710.714,16.376675
110.049995,17366.94,3034.5278,17.118227
111.6,18552.75,3077.2678,16.199066
58.899998,12601.08,1624.1135,12.364616
17.05,19324.44,470.13812,1.5227048
66.65,24665.371,1837.8129,6.7261214
99.2,25148.22,2735.349,10.278553
148.79999,26140.02,4103.0234,15.275936
68.2,28176.69,1880.5525,5.920594
68.2,14257.561,1880.5525,12.676913
10.849999,10492.2,299.1788,1.956733
54.25,18089.91,1495.8942,7.5745697
26.349998,21745.65,726.5771,2.4646323
31.0,21038.34,854.79663,3.2130752
32.55,23165.49,897.53644,3.0175238
13.95,18015.96,384.65848,1.2139397
100.75,22539.09,2778.089,11.780789
82.149994,18665.85,2265.211,11.583712
37184.5,56861.46,1025328.56,1868.7904
86.799995,13786.0205,2393.4304,17.002375
31.0,14107.05,854.79663,5.2831073
80.6,23234.22,2222.4712,8.918726
94.549995,24438.3,2607.1296,10.062149
113.149994,21560.34,3120.0076,14.005411
58.899998,14570.76,1624.1135,10.557983
111.6,14729.1,3077.2678,20.663918
85.25,19342.71,2350.6907,11.601609
93.0,9728.34,2564.39,26.333372
147.25,46721.61,4060.284,8.01128
29.449999,12871.65,812.05676,5.5418415
55.8,17026.77,1538.6339,8.370245
144.15,22390.32,3974.8042,17.40786
260.4,45559.29,7180.2915,15.342293
63.55,18061.2,1752.3331,9.060463
125.549995,24199.92,3461.9263,13.833777
88.35,17604.45,2436.1704,13.349379
176.7,31091.19,4872.341,15.249807
72.85,15619.11,2008.7721,12.335898
55.8,25076.88,1538.6339,5.3622346
63.55,17570.52,1752.3331,9.341414
88.35,18979.92,2436.1704,12.309483
113.149994,18937.291,3120.0076,16.083847
46.5,13285.7705,1282.195,9.00726
51.149998,11536.2,1410.4144,11.677448
35.649998,12494.07,983.01605,7.158392
2101.8,26134.8,57955.215,228.94354
127.1,17440.89,3504.6663,19.836554
13.95,17597.49,384.65848,1.2665873
113.149994,24143.371,3120.0076,12.400026
31.0,20685.99,854.79663,3.2848377
60.449997,15606.061,1666.8534,10.075211
96.1,15573.0,2649.8696,16.644123
894.35,14905.71,24660.883,170.55518
48.05,12413.16,1324.9348,10.067768
120.899994,15195.42,3333.7068,21.749014
145.7,23673.57,4017.5442,16.597248
21.699999,17804.55,598.3576,2.4847984
88.35,15740.04,2436.1704,15.049065
909.85,37776.27,25088.281,67.86518
38.75,15233.7,1068.4958,6.2730293
74.399994,17357.37,2051.5117,11.255696
337.9,84822.39,9317.283,10.390077
18.599998,12880.35,512.8779,3.1288986
159.65,33424.53,4402.2026,12.656915
206.15,49403.82,5684.3975,10.9308605
41.85,17831.52,1153.9755,5.7105193
119.35,27339.75,3290.967,11.48179
77.5,24042.45,2136.9917,8.216627
91.45,23167.23,2521.65,10.286481
105.399994,9660.48,2906.3083,30.195421
108.5,23858.01,2991.7883,12.003028
18.599998,20431.08,512.8779,1.6029785
102.299995,12671.55,2820.8289,22.08314
131.75,16309.0205,3632.8857,22.09786
34.1,17938.53,940.27625,4.435212
7.75,9248.1,213.69916,1.3960629
283.65,58744.14,7821.389,12.805979
24.8,22121.49,683.8373,2.2054298
88.35,13454.55,2436.1704,17.775278
23.25,12728.97,641.0975,4.2225027
51.149998,23965.02,1410.4144,5.1026273
88.35,31074.66,2436.1704,7.1292257
96.1,26575.02,2649.8696,9.339482
37.199997,16034.97,1025.7559,5.6332097
114.7,14851.7705,3162.7476,21.081785
249.54999,47420.22,6881.113,14.0467615
55.8,14179.26,1538.6339,10.251997
12.4,16897.14,341.91864,1.0982511
44.949997,13114.38,1239.4551,8.800109
68.2,16220.28,1880.5525,11.021953
120.899994,20256.21,3333.7068,16.065424
122.45,22029.27,3376.4465,14.893065
85.25,19652.43,2350.6907,11.403011
83.7,17646.21,2307.951,12.561976
110.049995,26017.35,3034.5278,11.094167
23205.049,38958.6,639858.0,1702.0529
55.8,11791.98,1538.6339,12.529957
111.6,20190.96,3077.2678,14.803606
86.799995,20530.26,2393.4304,11.088551
124.0,31580.13,3419.1865,10.22682
52.699997,41179.71,1453.1542,2.659117
21.699999,14736.061,598.3576,3.2104383
17.05,15214.561,470.13812,2.204158
-34.1,7387.17,-940.27625,-14.198521
89.899994,21772.621,2478.9102,10.805869
41733.75,64101.6,1150770.0,1860.5193
62.0,17099.85,1709.5933,9.366887
49.6,13754.7,1367.6746,9.310495
37.199997,18868.56,1025.7559,4.637066
62.0,18339.6,1709.5933,8.666089
86.799995,23705.76,2393.4304,9.469232
38.75,26628.09,1068.4958,3.1608372
4.6499996,11300.43,128.21948,0.17654073
97.649994,23961.541,2692.6094,10.652162
31.0,19261.8,854.79663,3.6016521
15.5,12818.58,427.39832,2.4573293
40.3,15862.71,1111.2356,6.2640133
88.35,19054.74,2436.1704,12.257221
12212.449,23849.31,336747.12,1463.1176
141.05,16816.23,3889.3247,22.982443
68.2,10413.03,1880.5525,17.726482
206.15,28083.6,5684.3975,19.98841
60.449997,17294.73,1666.8534,8.993819
131.75,25052.52,3632.8857,14.0365505
79.049995,24693.21,2179.7312,8.153207
41.85,16120.23,1153.9755,6.422893
75.95,25818.121,2094.2517,7.411087
75.95,15124.08,2094.2517,13.3584585
130.2,26359.26,3590.1458,13.1229925
131.75,26233.11,3632.8857,13.359849
192.2,13445.85,5299.7393,39.87089
134.84999,34291.92,3718.3652,10.24367
142.59999,22882.74,3932.0642,16.818062
60.449997,21160.14,1666.8534,7.168207
117.799995,19739.43,3248.227,16.063168
83.7,16237.68,2307.951,13.738405
119.35,16690.08,3290.967,19.446218
43.399998,21972.72,1196.7152,4.6474824
17.05,13339.71,470.13812,2.6544914
7.75,17209.47,213.69916,0.2876066
105.399994,20250.12,2906.3083,13.882023
91.45,31855.92,2521.65,7.2080984
83.7,18947.73,2307.951,11.630404
116.25,22479.06,3205.4873,13.786445
60.449997,19253.1,1666.8534,7.977277
124.0,20263.17,3419.1865,16.496988
1125.2999,142017.94,31029.115,21.655521
197191.0,151524.42,5437361.5,3719.9468
49.6,22572.15,1367.6746,5.282865
62.0,23921.52,1709.5933,6.4105754
1635.25,16309.89,45090.523,285.66992
15.5,16421.25,427.39832,1.6988235
62.0,17860.23,1709.5933,8.925528
55.8,15440.76,1538.6339,9.332717
49.6,18715.44,1367.6746,6.577582
74.399994,15244.14,2051.5117,12.954651
77.5,25571.041,2136.9917,7.6656733
108.5,11700.63,2991.7883,25.513647
110.049995,25430.97,3034.5278,11.37303
65.1,24922.89,1795.0729,6.4684687
274.35,86919.09,7564.9507,8.024825
141.05,38055.54,3889.3247,9.597519
89.899994,18895.53,2478.9102,12.603467
296.05,65195.19,8163.3076,11.9837
60.449997,19898.64,1666.8534,7.686041
9.299999,18758.94,256.43896,0.4175018
156.54999,25371.81,4316.7227,16.642113
75.95,20609.43,2094.2517,9.53685
554.89996,78447.9,15300.859,19.224714
280.55,41527.71,7735.909,18.316181
139.5,24276.48,3846.585,15.4299965
124.0,25255.23,3419.1865,13.038456
102.299995,20070.9,2820.8289,13.573295
83.7,16689.21,2307.951,13.339654
38.75,21535.11,1068.4958,4.144861
51.149998,17578.35,1410.4144,7.31987
97.649994,27633.81,2692.6094,9.103701
203.04999,47548.98,5598.9175,11.209862
26.349998,15164.97,726.5771,3.9680738
105.399994,25739.82,2906.3083,10.708036
41.85,20207.49,1153.9755,4.9215045
103.85,28653.45,2863.5686,9.362834
96.1,17334.75,2649.8696,14.850932
155.0,24747.15,4273.9834,16.908348
65.1,20776.47,1795.0729,7.958972
83.7,13464.99,2307.951,16.773314
227.84999,24823.71,6282.755,25.244076
40.3,14460.2705,1111.2356,6.9685187
102.299995,27974.85,2820.8289,9.45579
71.299995,15713.07,1966.0321,11.974107
43.399998,12828.15,1196.7152,8.6733
119.35,24474.84,3290.967,12.942849
52.699997,13387.561,1453.1542,10.255327
465.0,12627.18,12821.949,104.292046
145.7,29542.59,4017.5442,13.101327
79.049995,17986.38,2179.7312,11.566289
83.7,16090.65,2307.951,13.873078
131.75,19728.99,3632.8857,18.093904
41.85,18806.791,1153.9755,5.362529
199.95,32168.25,5513.4385,16.772274
74.399994,21176.67,2051.5117,9.04533
62.0,23588.31,1709.5933,6.515257
145.7,22610.43,4017.5442,17.42467
142.59999,28530.78,3932.0642,13.290744
102.299995,22072.77,2820.8289,12.251584
13.95,15543.42,384.65848,1.5661178
62.0,14109.66,1709.5933,11.56389
102.299995,15725.25,2820.8289,17.600605
1.55,12709.83,42.73983,-0.6513089
69.75,14393.28,1923.2925,12.855858
77.5,20322.33,2136.9917,9.903784
142.59999,19470.6,3932.0642,19.940601
94.549995,16046.28,2607.1296,15.847527
-3.1,20516.34,-85.47966,-1.4320269
110.049995,18431.82,3034.5278,16.071465
93.0,23377.77,2564.39,10.37441
141.05,27518.1,3889.3247,13.655601
122.45,19959.541,3376.4465,16.541115
184.45,28241.94,5086.04,17.673819
93.0,9608.28,2564.39,26.674913
46.5,22204.14,1282.195,4.9878097
89.899994,18798.09,2478.9102,12.67398
51.149998,15215.43,1410.4144,8.611925
131.75,16203.75,3632.8857,22.24792
63.55,24993.36,1752.3331,6.270092
41.85,18608.43,1153.9755,5.4303517
103.85,26801.22,2863.5686,10.079008
88.35,13240.53,2436.1704,18.07876
68.2,15834.87,1880.5525,11.314558
83.7,17045.041,2307.951,13.040299
97.649994,22124.1,2692.6094,11.619891
153.45,19966.5,4231.243,20.974243
173.59999,32419.68,4786.861,14.310521
68.2,24186.0,1880.5525,7.0624914
151.9,35353.32,4188.5034,11.285039
-13.95,14299.32,-384.65848,-3.7893806
18.599998,12342.69,512.8779,3.3087573
0.0,17431.32,0.0,-1.0
49.6,18088.17,1367.6746,6.84036
80.6,12581.94,2222.4712,17.316242
17552.2,28857.03,483985.84,1738.1174
17.05,8526.0,470.13812,4.7177877
63.55,36480.84,1752.3331,3.9808068
65.1,21377.64,1795.0729,7.707033
99.2,29365.98,2735.349,8.658644
54.25,24225.15,1495.8942,5.4029818
68.2,11644.95,1880.5525,15.745407
27475.299,38168.64,757606.25,2057.1865
29.449999,10744.5,812.05676,6.8369675
69.75,15418.14,1923.2925,11.934845
120.899994,16561.32,3333.7068,19.872782
48998.598,49177.62,1351091.5,2847.8208
150.34999,18269.13,4145.7637,22.530684
57.35,23514.36,1581.3738,5.973475
11607.949,19686.36,320078.6,1684.9282
52.699997,10682.73,1453.1542,13.105137
51.149998,15052.74,1410.4144,8.715811
113.149994,18390.93,3120.0076,16.591377
71.299995,21419.4,1966.0321,8.517682
38.75,20922.63,1068.4958,4.295469
60.449997,15403.35,1666.8534,10.220963
80.6,11104.68,2222.4712,19.752861
133.3,34959.21,3675.6257,9.902286
114.7,25778.1,3162.7476,11.722179
7708.15,25294.38,212545.19,870.3148
102.299995,21569.91,2820.8289,12.560518
49.6,15874.0205,1367.6746,7.9339542
203.04999,28492.5,5598.9175,19.376114
469.65,23550.03,12950.169,56.02061
93.0,27370.2,2564.39,8.71525
54.25,18295.23,1495.8942,7.478341
232.5,33902.16,6410.9746,18.60851
136.4,42308.97,3761.105,8.217876
34.1,19176.541,940.27625,4.084322
83.7,20130.06,2307.951,10.888563
192.2,44818.92,5299.7393,11.261426
35.649998,15557.34,983.01605,5.5519886
234.04999,18359.61,6453.7144,35.44972
72.85,23055.0,2008.7721,8.034694
74.399994,13532.85,2051.5117,14.719279
68.2,11944.23,1880.5525,15.325825
596.75,98647.56,16454.836,16.296375
34811.45,54785.64,959893.9,1815.7885
86.799995,23055.871,2393.4304,9.764334
111.6,14247.12,3077.2678,21.396807
142.59999,39783.36,3932.0642,9.248658
74.399994,22321.59,2051.5117,8.530085
196.84999,37935.48,5427.9585,13.836752
142.59999,25139.52,3932.0642,15.218531
221.65,25751.13,6111.796,23.610498
89.899994,33322.74,2478.9102,6.713793
15.5,16062.811,427.39832,1.7590475
48.05,19032.99,1324.9348,6.218307
122.45,21983.16,3376.4465,14.9264
108.5,24889.83,2991.7883,11.463983
141.05,25919.041,3889.3247,14.55977
79.049995,17741.041,2179.7312,11.7400675
134.84999,15402.48,3718.3652,24.03279
224.75,25910.34,6197.276,23.801367
34664.2,37739.73,955833.56,2625.2217
75.95,20300.58,2094.2517,9.697156
186.0,25677.18,5128.78,19.711647
62.0,16654.41,1709.5933,9.64416
69.75,27989.64,1923.2925,6.1251807
105.399994,19568.041,2906.3083,14.400762
52.699997,18497.07,1453.1542,7.146229
86.799995,16553.49,2393.4304,13.992675
168.95,32851.2,4658.6416,13.704693
52.699997,14531.61,1453.1542,9.369213
9.299999,12046.0205,256.43896,1.2074368
86.799995,11769.36,2393.4304,20.08705
125.549995,29317.26,3461.9263,11.244535
134.84999,24695.82,3718.3652,14.612644
79.049995,14795.22,2179.7312,14.276695
10778.699,20039.58,297212.78,1536.8953
58.899998,15663.48,1624.1135,9.751671
124.0,20838.24,3419.1865,16.014126
117.799995,24334.77,3248.227,12.840986
119.35,21166.23,3290.967,15.122334
79.049995,20173.56,2179.7312,10.203876
137.95,30267.3,3803.845,12.031578
94.549995,21314.13,2607.1296,11.68361
99.2,19792.5,2735.349,13.330456
-3.1,11669.311,-85.47966,-1.7595658
241.79999,15204.99,6667.4136,44.469387
68.2,9899.73,1880.5525,18.697449
158.09999,39170.01,4359.4624,10.540566
63.55,18368.31,1752.3331,8.892256
68.2,19422.75,1880.5525,9.039744
62.0,21071.4,1709.5933,7.4129305
24.8,13366.68,683.8373,4.304899
120.899994,22486.02,3333.7068,14.373144
86.799995,25619.76,2393.4304,8.687097
91.45,18362.22,2521.65,13.239918
35.649998,10246.86,983.01605,8.947585
266.6,51371.76,7351.2515,13.838319
63.55,24493.11,1752.3331,6.4185777
139.5,22600.86,3846.585,16.648111
100.75,18923.37,2778.089,14.2228365
110.049995,17788.02,3034.5278,16.689331
108.5,25864.23,2991.7883,10.994418
37.199997,12825.54,1025.7559,7.293087
158.09999,25086.45,4359.4624,17.019453
111.6,22917.541,3077.2678,12.923396
58.899998,16878.87,1624.1135,8.977481
66.65,22296.36,1837.8129,7.5470304
48.05,17961.15,1324.9348,6.649063
54.25,19872.541,1495.8942,6.805403
105.399994,21924.871,2906.3083,12.745246
79.049995,16142.85,2179.7312,13.001373
119.35,24997.71,3290.967,12.65121
-17.05,15986.25,-470.13812,-4.0494866
44514.45,60284.04,1227445.2,2110.289
89.899994,18506.64,2478.9102,12.889322
91.45,9044.5205,2521.65,27.909935
35.649998,21541.2,983.01605,3.731933
108.5,15652.17,2991.7883,18.820024
46.5,20611.17,1282.195,5.4505877
10.849999,16208.97,299.1788,0.9139179
122.45,26182.65,3376.4465,12.371932
102.299995,21203.64,2820.8289,12.794762
40.3,11267.37,1111.2356,9.226604
57.35,7856.1,1581.3738,19.872545
40.3,13313.61,1111.2356,7.6548233
-13.95,16473.45,-384.65848,-3.4212446
24.8,11064.66,683.8373,5.4085913
58.899998,22581.72,1624.1135,6.45774
102.299995,27050.041,2820.8289,9.813261
62.0,12165.21,1709.5933,13.572064
63.55,20780.82,1752.3331,7.7438326
170.5,31761.96,4701.3813,14.348504
12.4,17502.66,341.91864,1.02566
144.15,32593.68,3974.8042,11.645331
18.599998,17279.94,512.8779,2.0776532
159.65,22830.541,4402.2026,18.994093
111.6,23395.17,3077.2678,12.639139
128.65,24517.47,3547.406,14.003173
212.34999,52185.21,5855.357,10.634663
134.84999,22647.84,3718.3652,16.024452
91.45,24357.39,2521.65,9.734997
122.45,23883.24,3376.4465,13.659344
55.8,18685.86,1538.6339,7.538275
88.35,15565.17,2436.1704,15.22937
41.85,17634.03,1153.9755,5.7856727
27.9,21296.73,769.31696,2.7457626
74.399994,18149.07,2051.5117,10.721076
45959.047,76449.51,1267278.6,1717.879
86.799995,15746.13,2393.4304,14.761402
105.399994,22721.791,2906.3083,12.263161
26.349998,11813.73,726.5771,5.377383
204.59999,36096.3,5641.6577,15.2066
34.1,16548.27,940.27625,4.8918376
62.0,25370.07,1709.5933,5.987455
105.399994,23587.44,2906.3083,11.776408
-9.299999,9929.31,-256.43896,-3.678014
65.1,22057.11,1795.0729,7.438813
85.25,25116.03,2350.6907,8.704929
102.299995,18869.43,2820.8289,14.50122
74.399994,14582.07,2051.5117,13.588233
16865.549,30680.55,465052.1,1570.7604
-1.55,13520.67,-42.73983,-1.32778
110.049995,18872.041,3034.5278,15.673246
40.3,21903.99,1111.2356,4.2605457
110.049995,20397.15,3034.5278,14.426575
26.349998,22745.28,726.5771,2.3123658
37.199997,12791.61,1025.7559,7.3150845
69.75,24606.21,1923.2925,7.1049147
184.45,37544.85,5086.04,13.046796
57.35,24012.871,1581.3738,5.828705
342.55,41146.65,9445.503,22.803371
51.149998,36144.15,1410.4144,3.0462866
244.9,33856.05,6752.893,19.682425
282.1,20366.7,7778.6494,38.603306
102.299995,15752.22,2820.8289,17.568758
17.05,13648.561,470.13812,2.5717947
48.05,26063.46,1324.9348,4.2712097
141.05,26202.66,3889.3247,14.391349
66.65,24537.48,1837.8129,6.7663903
58.899998,12542.79,1624.1135,12.426726
136.4,24471.36,3761.105,14.936951
83.7,10747.98,2307.951,21.266275
74.399994,15219.78,2051.5117,12.976985
58.899998,21260.19,1624.1135,6.9213123
96.1,16369.92,2649.8696,15.785173
12953.35,17944.62,357176.78,2062.939
127.1,21569.91,3504.6663,15.847918
708.35,17502.66,19532.104,114.71585
28428.549,46217.01,783891.25,1757.7408
62.0,13974.811,1709.5933,11.685125
279.0,19556.73,7693.17,39.790306
-7.75,12235.68,-213.69916,-2.8110175
65.1,19420.14,1795.0729,8.58468
66.65,20114.4,1837.8129,8.47419
77.5,15967.98,2136.9917,12.877164
426.25,68408.97,11753.454,16.815596
75.95,16321.2,2094.2517,12.3053
51.149998,19691.58,1410.4144,6.427011
151.9,24647.1,4188.5034,16.621422
68.2,21817.86,1880.5525,7.937606
62.0,29646.99,1709.5933,4.979434
77.5,14977.05,2136.9917,13.795321
195.29999,21946.621,5385.2188,24.443893
137.95,37437.84,3803.845,9.535615
106.95,17110.291,2949.0483,16.871967
99.2,25258.71,2735.349,10.229217
63.55,20398.89,1752.3331,7.907544
72.85,13947.84,2008.7721,13.933844
29.449999,15056.22,812.05676,4.5926585
51.149998,14776.95,1410.4144,8.897142
13.95,15111.03,384.65848,1.6395452
13698.899,51711.06,377734.62,756.44525
85.25,27432.84,2350.6907,7.88531
193.75,42845.76,5342.479,11.929533
110.049995,21388.08,3034.5278,13.711847
72.85,14229.72,2008.7721,13.638016
-1.55,16242.9,-42.73983,-1.2728457
34.1,14401.11,940.27625,5.7702913
86.799995,18623.22,2393.4304,12.326432
88.35,13417.14,2436.1704,17.827627
94.549995,20302.32,2607.1296,12.315724
91.45,19144.35,2521.65,12.658155
72.85,15934.92,2008.7721,12.071597
148.79999,27057.871,4103.0234,14.723826
94.549995,14375.88,2607.1296,17.805119
9.299999,12394.89,256.43896,1.1453059
111.6,22332.03,3077.2678,13.288446
58.899998,20167.47,1624.1135,7.350507
21791.45,48360.69,600879.25,1287.3759
63.55,20656.41,1752.3331,7.7964964
23.25,15184.98,641.0975,3.377818
931.55,104609.67,25686.639,24.461462
66.65,16952.82,1837.8129,10.241058
3772.7,21978.81,104028.75,489.79153
93.0,20264.91,2564.39,12.1216135
96.1,19182.63,2649.8696,13.323997
20711.1,35658.69,571089.6,1659.6831
2338.95,34956.6,64494.406,190.31134
88.35,22249.38,2436.1704,10.353705
6.2,14662.11,170.95932,0.20904982
141.05,25237.83,3889.3247,14.979754
23.25,12426.21,641.0975,4.349747
32.55,35863.14,897.53644,1.5950854
48.05,20026.53,1324.9348,5.8601985
26.349998,10843.68,726.5771,5.947889
210.79999,21473.34,5812.6167,27.06855
124.0,17974.2,3419.1865,18.725187
137.95,36855.81,3803.845,9.701995
65.1,17763.66,1795.0729,9.478461
3.1,11642.34,85.47966,-0.23867446
105.399994,16702.26,2906.3083,17.043232
103.85,18411.81,2863.5686,15.127201
630.85,24141.63,17395.111,73.71512
111.6,18350.91,3077.2678,16.388237
83.7,16712.7,2307.951,13.319501
204.59999,26804.7,5641.6577,20.824469
66.65,19130.43,1837.8129,8.9614935
120.899994,20555.49,3333.7068,15.816957
165.84999,26628.09,4573.1616,16.80838
38.75,29395.56,1068.4958,2.7691116
186.0,31756.74,5128.78,15.746576
127.1,24415.68,3504.6663,13.884208
79.049995,13185.72,2179.7312,16.141428
83.7,16813.62,2307.951,13.23355
120.899994,24138.15,3333.7068,13.320932
48.05,22089.3,1324.9348,5.2195706
15940.199,31542.72,439536.4,1443.9192
49.6,16456.92,1367.6746,7.6175165
806.0,18374.4,22224.713,124.42117
147.25,29377.291,4060.284,13.33153
145.7,23137.65,4017.5442,17.00484
72.85,22980.18,2008.7721,8.064109
99.2,17026.77,2735.349,15.658211
68.2,14391.54,1880.5525,12.549588
119.35,32452.74,3290.967,9.515261
111.6,30144.63,3077.2678,9.5853
83.7,22164.121,2307.951,9.797518
114.7,27137.91,3162.7476,11.084703
86.799995,19909.08,2393.4304,11.465724
23.25,9349.0205,641.0975,6.1105933
57.35,16433.43,1581.3738,8.978246
175.15,34616.43,4829.601,13.466946
69.75,13231.83,1923.2925,14.072084
364.25,18118.62,10043.86,56.480885
8763.7,21910.95,241651.02,1142.603
49.6,16068.9,1367.6746,7.8256044
48.05,19773.36,1324.9348,5.9480343
68.2,24327.81,1880.5525,7.0154943
184.45,46776.42,5086.04,10.274587
192.2,44781.51,5299.7393,11.271669
57.35,15776.58,1581.3738,9.393684
127.1,26847.33,3504.6663,12.536098
68.2,24939.42,1880.5525,6.8189244
227.84999,21798.72,6282.755,28.885944
170.5,45742.86,4701.3813,9.65737
71.299995,4271.7,1966.0321,46.7241
165.84999,30928.5,4573.1616,14.332238
55.8,12901.23,1538.6339,11.366649
356.5,14594.25,9830.161,68.84362
79.049995,20690.34,2179.7312,9.924038
83.7,25515.36,2307.951,8.37935
133.3,30656.19,3675.6257,11.432572
52.699997,12299.19,1453.1542,11.251325
11466.899,27102.24,316189.25,1208.7338
99.2,21320.22,2735.349,12.303593
80.6,13291.86,2222.4712,16.337969
63.55,17176.41,1752.3331,9.578696
20.15,19378.38,555.6178,1.9730797
144.15,27797.371,3974.8042,13.827226
7.75,15016.2,213.69916,0.47567475
91.45,18338.73,2521.65,13.258157
24.8,20233.59,683.8373,2.5045133
58.899998,17675.791,1624.1135,8.527641
41.85,12225.24,1153.9755,8.787845
127.1,14365.44,3504.6663,24.297382
128.65,19983.03,3547.406,17.407612
79.049995,20614.65,2179.7312,9.964147
145.7,31581.871,4017.5442,12.190786
57.35,14483.76,1581.3738,10.3214245
86.799995,17163.36,2393.4304,13.459937
128.65,23637.9,3547.406,14.561442
41.85,16996.32,1153.9755,6.0402737
159.65,20402.37,4402.2026,21.373674
119.35,21328.92,3290.967,14.999357
38.75,10237.29,1068.4958,9.822702
105.399994,13760.79,2906.3083,20.900105
97.649994,15366.811,2692.6094,17.169271
88.35,16503.03,2436.1704,14.307063
66.65,20784.3,1837.8129,8.168826
34.1,20753.85,940.27625,3.6979098
106.95,13681.62,2949.0483,21.350758
-4.6499996,16322.07,-128.21948,-1.8145667
80.6,23521.32,2222.4712,8.797659
153.45,29397.3,4231.243,13.924795
23.25,16913.67,641.0975,2.930376
63.55,21384.6,1752.3331,7.496958
58.899998,9748.35,1624.1135,16.275602
32053.998,41512.92,883859.7,2206.74
29.449999,21381.99,812.05676,2.9380946
117.799995,20878.26,3248.227,15.132437
27.9,20565.06,769.31696,2.8790305
79.049995,17411.31,2179.7312,11.981335
74.399994,16458.66,2051.5117,11.924906
80.6,19511.49,2222.4712,10.811188
66.65,20641.62,1837.8129,8.232204
96.1,26400.15,2649.8696,9.4079685
65.1,25242.18,1795.0729,6.3739996
62.0,18120.36,1709.5933,8.783041
165.84999,21475.95,4573.1616,21.080662
20.15,11767.62,555.6178,3.8959322
86.799995,20075.25,2393.4304,11.36254
150.34999,24620.13,4145.7637,16.460716
77.5,29457.33,2136.9917,6.5224156
203.04999,24700.17,5598.9175,22.504553
17.05,15920.13,470.13812,2.062152
35.649998,14203.62,983.01605,6.1764464
106.95,23724.9,2949.0483,11.889182
106.95,15698.28,2949.0483,18.479494
32.55,10817.58,897.53644,7.6033945
60.449997,17220.78,1666.8534,9.036736
15.5,19684.62,427.39832,1.2514052
86.799995,25874.67,2393.4304,8.591661
24.8,11530.98,683.8373,5.1494236
105.399994,21896.16,2906.3083,12.76327
158.09999,27798.24,4359.4624,15.26161
111.6,18630.18,3077.2678,16.127584
120.899994,26191.35,3333.7068,12.198281
75.95,23368.2,2094.2517,8.292906
74.399994,18542.31,2051.5117,10.4725
74.399994,22848.81,2051.5117,8.3101845
100.75,13322.311,2778.089,20.622927
85.25,19383.6,2350.6907,11.575027
35.649998,11898.12,983.01605,7.567027
52.699997,15837.48,1453.1542,8.514226
31.0,22160.64,854.79663,2.9997087
120.899994,20296.23,3333.7068,16.031775
44.949997,19763.791,1239.4551,5.50292
86.799995,41130.99,2393.4304,5.03392
54.25,17133.78,1495.8942,8.053063
170.5,32034.27,4701.3813,14.218034
120.899994,22329.42,3333.7068,14.480958
66.65,24296.49,1837.8129,6.8434224
43.399998,13058.7,1196.7152,8.502519
17.05,21246.27,470.13812,1.2945137
48.05,16600.47,1324.9348,7.2760286
54.25,19684.62,1495.8942,6.8799186
54.25,15180.63,1495.8942,9.217836
254.2,46814.7,7009.3325,14.525382
57.35,13245.75,1581.3738,11.379579
40.3,15207.6,1111.2356,6.5769315
189.09999,46760.76,5214.2593,10.562691
116.25,26432.34,3205.4873,11.574952
88.35,21513.36,2436.1704,10.742142
147.25,24384.36,4060.284,16.266048
-4.6499996,16311.63,-128.21948,-1.815088
35.649998,23199.42,983.01605,3.3937101
14788.55,23182.02,407780.72,1822.9935
168.95,24539.22,4658.6416,18.6855
96.1,29383.38,2649.8696,8.351271
60.449997,25648.47,1666.8534,5.738819
37.199997,21770.01,1025.7559,3.8857727
72.85,16486.5,2008.7721,11.634268
97.649994,26361.0,2692.6094,9.591546
21.699999,11934.66,598.3576,4.198746
35.649998,29112.81,983.01605,2.5012598
102.299995,20241.42,2820.8289,13.450525
93.0,26616.78,2564.39,8.990252
6.2,13454.55,170.95932,0.3175633
86.799995,22114.53,2393.4304,10.222535
82.149994,11506.62,2265.211,19.41309
108.5,36811.44,2991.7883,7.4274445
52.699997,14736.93,1453.1542,9.224747
86.799995,14453.311,2393.4304,16.171227
134.84999,42370.74,3718.3652,8.099843
89.899994,18451.83,2478.9102,12.930581
2086.3,23394.3,57527.816,253.98563
77.5,20891.31,2136.9917,9.606816
106.95,31179.06,2949.0483,8.80769
102.299995,22653.06,2820.8289,11.912126
396.8,33544.59,10941.396,32.82191
26.349998,14113.14,726.5771,4.3383365
103.85,27868.71,2863.5686,9.654635
96.1,25701.541,2649.8696,9.690875
179.79999,14462.01,4957.8203,34.547577
74.399994,14271.48,2051.5117,13.905716
71.299995,17748.0,1966.0321,10.486535
66.65,15287.64,1837.8129,11.465472
-21.699999,13680.75,-598.3576,-5.5352244
49.6,12722.01,1367.6746,10.147434
100.75,15922.74,2778.089,17.091568
93.0,23892.81,2564.39,10.129219
85.25,19581.09,2350.6907,11.448198
89.899994,23408.22,2478.9102,9.980959
40.3,16067.16,1111.2356,6.171581
89.899994,14072.25,2478.9102,17.266071
145.7,21424.621,4017.5442,18.444439
48.05,19702.02,1324.9348,5.973192
29.449999,12434.04,812.05676,5.772079
62.0,17947.23,1709.5933,8.877414
63.55,28284.57,1752.3331,5.4241395
23.25,19030.38,641.0975,2.4932082
373.55,83197.23,10300.299,11.837749
7.75,14667.33,213.69916,0.5107744
13.95,12827.28,384.65848,2.109486
333.25,34687.77,9189.063,26.468992
170.5,25420.53,4701.3813,18.177357
93.0,25644.99,2564.39,9.368822
130.2,21736.95,3590.1458,16.126215
40.3,12587.16,1111.2356,8.154324
139.5,17625.33,3846.585,21.630074
93.0,15364.2,2564.39,16.307009
99.2,22309.41,2735.349,11.713717
103.85,16615.26,2863.5686,16.870977
117.799995,23727.51,3248.227,13.195219
66.65,18299.58,1837.8129,9.413772
49.6,13834.74,1367.6746,9.250844
128.65,22613.91,3547.406,15.266087
51.149998,12046.89,1410.4144,11.140028
40.3,18789.39,1111.2356,5.132553
148.79999,22354.65,4103.0234,18.03198
128.65,18665.85,3547.406,18.706568
49.6,21166.23,1367.6746,5.70019
54.25,17902.86,1495.8942,7.664158
28772.648,41702.582,793379.44,1971.7219
120.899994,21081.84,3333.7068,15.397091
-27.9,23230.74,-769.31696,-4.43392
62.0,14322.811,1709.5933,11.376916
283.65,61287.15,7821.389,12.233123
65.1,19079.97,1795.0729,8.755561
108.5,21953.58,2991.7883,13.131017
255.74998,27665.13,7052.072,25.432114
96.1,23056.74,2649.8696,10.917207
72.85,24354.78,2008.7721,7.5525255
46.5,20484.15,1282.195,5.4905868
88.35,17937.66,2436.1704,13.082824
409.19998,78660.18,11283.315,13.874065
128.65,26028.66,3547.406,13.132109
162.75,25766.791,4487.682,17.059664
127.1,28141.02,3504.6663,11.913819
114.7,20672.07,3162.7476,14.864574
108.5,24555.75,2991.7883,11.6335535
72.85,24934.2,2008.7721,7.3537817
11843.55,13676.4,326575.06,2475.048
181.34999,34177.95,5000.56,14.171221
116.25,25992.121,3205.4873,11.78793
54.25,9824.04,1495.8942,14.789145
79.049995,18615.39,2179.7312,11.141677
94.549995,24117.27,2607.1296,10.2094
110.049995,39456.24,3034.5278,6.9748645
167.4,21820.47,4615.902,20.935137
57.35,22241.55,1581.3738,6.372544
230.95,45716.76,6368.235,13.444133
44.949997,24393.93,1239.4551,4.2686205
52.699997,15246.75,1453.1542,8.882852
100.75,18966.0,2778.089,14.188619
116.25,31099.89,3205.4873,9.687671
51.149998,16677.03,1410.4144,7.7695227
89.899994,35600.4,2478.9102,6.2202764
49.6,15196.29,1367.6746,8.332394
37.199997,14160.12,1025.7559,6.51147
29.449999,17172.06,812.05676,3.903564
66.65,21505.53,1837.8129,7.861333
-10.849999,9566.5205,-299.1788,-4.242834
93.0,20312.76,2564.39,12.090704
66.65,30978.09,1837.8129,5.1516914
80.6,12055.59,2222.4712,18.115934
60.449997,13471.95,1666.8534,11.829651
120.899994,45995.16,3333.7068,6.5155907
86.799995,15811.38,2393.4304,14.696359
83.7,13574.61,2307.951,16.629787
137.95,25750.26,3803.845,14.317542
72.85,21362.85,2008.7721,8.750331
44.949997,10370.4,1239.4551,11.39319
156.54999,23957.19,4316.7227,17.683842
274.35,40542.87,7564.9507,18.34815
122.45,26816.88,3376.4465,12.05568
62.0,14646.45,1709.5933,11.103425
52.699997,17986.38,1453.1542,7.3775253
131.75,17619.24,3632.8857,20.380234
117.799995,21745.65,3248.227,14.488946
75.95,23335.14,2094.2517,8.30607
66.65,15143.22,1837.8129,11.584354
46.5,21656.91,1282.195,5.1391106
100.75,18604.95,2778.089,14.483373
1224.5,30770.16,33764.47,112.78317
170.5,29581.74,4701.3813,15.479713
167.4,21723.03,4615.902,21.033527
204.59999,29902.77,5641.6577,18.563349
37.199997,23995.47,1025.7559,3.4326415
66.65,14449.83,1837.8129,12.188228
125.549995,11739.78,3461.9263,29.577763
99.2,16723.14,2735.349,15.960661
24.8,28020.96,683.8373,1.5305657
55.8,24672.33,1538.6339,5.4665556
75.95,20224.89,2094.2517,9.737188
-7.75,23475.21,-213.69916,-1.943933
93.0,23048.041,2564.39,10.537133
10.849999,22190.22,299.1788,0.39803183
99.2,20813.01,2735.349,12.6278
66.65,22296.36,1837.8129,7.5470304
9120.2,18460.53,251481.17,1411.5675
74.399994,24114.66,2051.5117,7.8214655
71.299995,21158.4,1966.0321,8.635087
-27.9,9589.14,-769.31696,-9.319046
91.45,22680.9,2521.65,10.528488
54.25,24962.91,1495.8942,5.2137465
124.0,28136.67,3419.1865,11.600796
168.95,24446.13,4658.6416,18.76046
88.35,17152.05,2436.1704,13.727855
68.2,16283.79,1880.5525,10.975064
111.6,19160.01,3077.2678,15.653957
97.649994,16635.27,2692.6094,15.783842
58.899998,24045.93,1624.1135,6.0036216
105.399994,14872.65,2906.3083,19.26288
24.8,20827.8,683.8373,2.4045305
24.8,22322.46,683.8373,2.1765711
80.6,20677.291,2222.4712,10.145265
32.55,22380.75,897.53644,3.158391
128.65,21338.49,3547.406,16.238327
108.5,30437.82,2991.7883,9.192136
69.75,21969.24,1923.2925,8.077749
102.299995,12497.55,2820.8289,22.40452
65.1,12782.04,1795.0729,13.562295
122.45,15655.65,3376.4465,21.363338
106.95,21554.25,2949.0483,13.187205
35.649998,16749.24,983.01605,5.0857396
74.399994,22556.49,2051.5117,8.43084
618.44995,17541.81,17053.191,99.80431
27.9,12562.8,769.31696,5.349898
13.95,10176.39,384.65848,2.919489
4.6499996,11476.17,128.21948,0.15852368
43.399998,13739.04,1196.7152,8.031966
18.599998,14660.37,512.8779,2.6275797
193.75,26268.78,5342.479,20.088749
63.55,19153.05,1752.3331,8.48695
158.09999,42230.67,4359.4624,9.704166
56048.0,68745.664,1545472.4,2330.1157
102.299995,25270.02,2820.8289,10.574947
68.2,18079.47,1880.5525,9.785682
144.15,23774.49,3974.8042,16.33614
1643.0,16470.84,45304.223,284.214
60.449997,16770.12,1666.8534,9.306451
2777.5999,23130.69,76589.77,342.34448
41.85,15779.19,1153.9755,6.583326
103.85,22293.75,2863.5686,12.319022
93.0,15821.82,2564.39,15.806431
27.9,11095.11,769.31696,6.189879
65.1,15292.86,1795.0729,11.17142
85.25,27739.95,2350.6907,7.7869406
68.2,22014.48,1880.5525,7.8577805
91.45,16845.81,2521.65,14.521752
91.45,19305.3,2521.65,12.544285
60.449997,15332.88,1666.8534,10.272533
204.59999,24087.69,5641.6577,23.286194
-46.5,3541.77,-1282.195,-38.538902
16450.15,30197.7,453597.84,1556.5608
82.149994,20424.99,2265.211,10.499916
102.299995,13547.64,2820.8289,20.590414
21.699999,12735.061,598.3576,3.8720045
142.59999,27299.73,3932.0642,13.935168
105.399994,19834.26,2906.3083,14.19405
58.899998,19858.62,1624.1135,7.480378
150.34999,30702.3,4145.7637,13.001724
38.75,19000.8,1068.4958,4.8310776
37.199997,20472.84,1025.7559,4.195338
144.15,39347.49,3974.8042,9.474821
446.4,67011.75,12309.071,18.046808
181.34999,35680.44,5000.56,13.532365
63.55,20694.69,1752.3331,7.780225
63.55,14838.72,1752.3331,11.245263
91.45,37360.41,2521.65,5.998759
97.649994,19594.14,2692.6094,13.249348
30322.648,55285.89,836119.3,1567.2014
75.95,18104.7,2094.2517,10.994591
102.299995,20538.09,2820.8289,13.241789
94.549995,25365.72,2607.1296,9.657695
69.75,18970.35,1923.2925,9.512787
15191.55,29813.16,418893.1,1455.9447
60.449997,18600.6,1666.8534,8.292195
12.4,17831.52,341.91864,0.98830175
18.599998,20253.6,512.8779,1.6257882
51.149998,20458.92,1410.4144,6.148451
0.0,15522.54,0.0,-1.0
114.7,20994.84,3162.7476,14.620677
88.35,13667.7,2436.1704,17.482473
60.449997,24177.3,1666.8534,6.148871
51.149998,21965.76,1410.4144,5.658071
136.4,22378.14,3761.105,16.42767
51.149998,27043.95,1410.4144,4.4078484
-6.2,14008.74,-170.95932,-2.26544
62.0,23003.67,1709.5933,6.706258
83.7,22304.19,2307.951,9.729711
93.0,27697.32,2564.39,8.600508
100.75,19233.96,2778.089,13.977016
80.6,17804.55,2222.4712,11.943538
128.65,21668.22,3547.406,15.976007
31.0,22720.05,854.79663,2.9012284
91.45,14651.67,2521.65,16.846191
162.75,29219.82,4487.682,14.925476
156.54999,41343.27,4316.7227,9.826727
94.549995,15053.61,2607.1296,16.95849
89.899994,22036.23,2478.9102,10.66464
82.149994,22512.121,2265.211,9.433743
120.899994,27381.51,3333.7068,11.624607
165.84999,44696.25,4573.1616,9.609461
69.75,14368.92,1923.2925,12.879349
32.55,11634.51,897.53644,6.9992976
111.6,22930.59,3077.2678,12.915472
85.25,22185.0,2350.6907,9.987122
96.1,17671.44,2649.8696,14.548928
55.8,19023.42,1538.6339,7.3867674
114.7,21636.03,3162.7476,14.157753
199.95,45468.81,5513.4385,11.573519
93.0,14380.23,2564.39,17.491243
992.0,22104.09,27353.492,127.31813
41.85,11125.561,1153.9755,9.7553005
18097.799,35939.7,499030.25,1438.7938
74.399994,16269.87,2051.5117,12.0748825
34.1,17668.83,940.27625,4.518176
94.549995,24919.41,2607.1296,9.848577
40.3,21154.05,1111.2356,4.4470387
79.049995,19062.57,2179.7312,10.856851
69.75,15662.61,1923.2925,11.732951
34.1,21555.121,940.27625,3.523274
1281.85,17726.25,35345.84,205.76132
38.75,13856.49,1068.4958,6.995902
226.29999,32176.08,6240.015,19.109459
79.049995,19388.82,2179.7312,10.657339
17.05,28657.8,470.13812,0.7011026
38.75,16913.67,1068.4958,5.550627
83.7,13909.561,2307.951,16.205252
164.29999,17471.34,4530.422,25.888113
55.8,22907.97,1538.6339,5.964606
71.299995,13691.19,1966.0321,13.890088
9.299999,13688.58,256.43896,0.9425558
63.55,15355.5,1752.3331,10.833157
99.2,22880.13,2735.349,11.396587
113.149994,26491.5,3120.0076,11.212287
452.59998,20594.64,12480.03,61.836113
55.8,20073.51,1538.6339,6.948037
94.549995,25913.82,2607.1296,9.432276
77.5,21389.82,2136.9917,9.359614
215.45,40474.14,5940.8364,14.220112
137.95,23201.16,3803.845,16.000473
57.35,11771.97,1581.3738,12.929428
519.25,44570.1,14317.844,32.310555
114.7,21520.32,3162.7476,14.239253
43.399998,27245.791,1196.7152,3.5544848
23.25,22419.9,641.0975,1.9650927
69.75,14515.95,1923.2925,12.738767
71.299995,24115.53,1966.0321,7.4536
31.0,13807.7705,854.79663,5.419292
10.849999,17901.99,299.1788,0.7329155
65.1,23807.55,1795.0729,6.8183527
66.65,30925.89,1837.8129,5.1620746
58.899998,12576.72,1624.1135,12.390503
82.149994,22292.88,2265.211,9.536354
12147.35,62123.22,334952.06,558.0834
51.149998,11183.85,1410.4144,12.076856
58.899998,14439.39,1624.1135,10.663138
102.299995,22705.26,2820.8289,11.882441
147.25,25096.89,4060.284,15.775843
164.29999,20741.67,4530.422,21.648674
27.9,13050.0,769.31696,5.112835
105.399994,17689.71,2906.3083,16.036047
182.9,37590.09,5043.3,12.911991
336.34998,49028.85,9274.543,18.615017
69.75,14401.98,1923.2925,12.847487
113.149994,15517.32,3120.0076,19.849075
141.05,22631.31,3889.3247,16.820192
113.149994,18023.791,3120.0076,16.949707
29.449999,21520.32,812.05676,2.912781
116.25,20829.541,3205.4873,14.957403
37.199997,11038.561,1025.7559,8.635614
124.0,23394.3,3419.1865,14.155162
85.25,24607.08,2350.6907,8.905657
97.649994,16242.03,2692.6094,16.1902
44.949997,15334.62,1239.4551,7.3811893
97.649994,24603.6,2692.6094,10.348084
133.3,14700.39,3675.6257,24.926884
10.849999,17917.65,299.1788,0.73140085
102.299995,26660.28,2820.8289,9.971346
234.04999,49264.62,6453.7144,12.5838375
74.399994,13895.64,2051.5117,14.308877
2362.2,14696.04,65135.504,458.58444
170.5,22818.36,4701.3813,20.364313
342.55,51564.9,9445.503,17.994104
29.449999,12640.23,812.05676,5.6616106
27.9,13638.12,769.31696,4.84923
75.95,32470.14,2094.2517,5.687943
-13.95,19210.47,-384.65848,-3.0762765
26.349998,19376.64,726.5771,2.8882222
113.149994,12734.19,3120.0076,24.40576
77.5,12588.03,2136.9917,16.603252
137.95,30501.33,3803.845,11.931589
93.0,25854.66,2564.39,9.284736
108.5,25726.77,2991.7883,11.058506
248.0,54028.742,6838.373,12.1242895
111.6,31428.75,3077.2678,9.152805
178.25,24953.34,4915.0806,19.424425
97.649994,23703.15,2692.6094,10.779182
75.95,16991.1,2094.2517,11.780718
172.04999,17774.97,4744.121,26.675455
86.799995,19355.76,2393.4304,11.82208
44.949997,25970.371,1239.4551,3.9488072
86.799995,16079.34,2393.4304,14.434781
80.6,18217.8,2222.4712,11.649928
1019.89996,22818.36,28122.809,126.79744
147.25,41081.4,4060.284,9.24847
139.5,21311.52,3846.585,17.715818
88.35,28810.92,2436.1704,7.7679577
44.949997,21596.01,1239.4551,4.9512086
52.699997,18323.07,1453.1542,7.223588
94.549995,24007.65,2607.1296,10.260583
151.9,23031.51,4188.5034,17.85751
44.949997,11552.73,1239.4551,10.124846
-1.55,17386.08,-42.73983,-1.2549053
79.049995,22674.81,2179.7312,8.967979
106.95,30546.57,2949.0483,9.010766
122.45,20522.43,3376.4465,16.06
85.25,15560.82,2350.6907,14.664296
74.399994,26430.6,2051.5117,7.048498
187.54999,20413.68,5171.5195,25.269073
124.0,16229.85,3419.1865,20.845207
79.049995,19467.99,2179.7312,10.609933
91.45,23836.26,2521.65,9.969695
71.299995,21489.0,1966.0321,8.4868555
102.299995,20911.32,2820.8289,12.987598
57.35,18002.041,1581.3738,8.108789
13.95,12374.88,384.65848,2.2231624
66.65,8828.76,1837.8129,20.584871
330.15,35961.45,9103.584,25.249624
9.299999,13426.71,256.43896,0.98044276
91.45,19715.07,2521.65,12.262773
72.85,24550.53,2008.7721,7.484333
117.799995,23550.9,3248.227,13.301669
151.9,27261.45,4188.5034,14.931542
34.1,20112.66,940.27625,3.8476787
142.59999,20238.81,3932.0642,19.145752
55.8,31480.08,1538.6339,4.0681257
94.549995,20973.96,2607.1296,11.889321
141.05,14080.95,3889.3247,27.641127
97.649994,19915.17,2692.6094,13.019652
91.45,22975.83,2521.65,10.380504
151.9,27163.14,4188.5034,14.989201
142.59999,18189.96,3932.0642,21.414896
46.5,15235.44,1282.195,7.726637
74.399994,17041.56,2051.5117,11.482815
31.0,14795.22,854.79663,4.990861
58.899998,15673.05,1624.1135,9.745107
124.0,41096.19,3419.1865,7.627185
-13.95,13681.62,-384.65848,-3.915316
235.59999,26334.03,6496.454,24.580378
79.049995,22360.74,2179.7312,9.107986
58.899998,12787.26,1624.1135,12.170031
72.85,20787.78,2008.7721,9.020062
-21.699999,16240.29,-598.3576,-4.8204536
272.8,20509.38,7522.21,37.031265
165.84999,19426.23,4573.1616,23.410456
106.95,25624.98,2949.0483,10.933455
105.399994,21072.27,2906.3083,13.30139
65.1,15788.76,1795.0729,10.789135
133.3,21464.64,3675.6257,16.756426
145.7,26503.68,4017.5442,14.7181835
32.55,14020.05,897.53644,5.638201
150.34999,28338.51,4145.7637,14.169644
48.05,19809.03,1324.9348,5.9355226
34.1,16735.32,940.27625,4.8259845
9.299999,10707.09,256.43896,1.4834788
32.55,17135.52,897.53644,4.4312863
0.0,13306.65,0.0,-1.0
18.599998,26064.33,512.8779,1.0404
63.55,18877.26,1752.3331,8.625551
65.1,24432.21,1795.0729,6.61846
37.199997,10442.61,1025.7559,9.185511
74.399994,20896.53,2051.5117,9.179998
40.3,15334.62,1111.2356,6.51417
40.3,23532.63,1111.2356,3.8964753
198.4,49672.65,5470.698,10.42019
88.35,22990.621,2436.1704,9.987651
49.6,14123.58,1367.6746,9.041205
89.899994,20840.85,2478.9102,11.333696
7.75,12747.24,213.69916,0.7383392
148.79999,29304.21,4103.0234,13.518504
128.65,22873.17,3547.406,15.081718
420.05,63276.84,11582.494,17.980392
430.9,24963.78,11881.673,48.35318
139.5,30107.22,3846.585,12.248068
57.35,24244.291,1581.3738,5.763522
68.2,20076.12,1880.5525,8.713004
141.05,24878.52,3889.3247,15.210543
52.699997,18413.55,1453.1542,7.183179
23459.25,65412.69,646867.4,1024.4183
63.55,12855.12,1752.3331,13.134759
7.75,10780.17,213.69916,1.055536
58.899998,24341.73,1624.1135,5.918514
60.449997,19737.69,1666.8534,7.756871
150.34999,30354.3,4145.7637,13.162249
4.6499996,15703.5,128.21948,-0.15334702
46.5,9192.42,1282.195,13.463456
158.09999,40785.6,4359.4624,10.083424
93.0,12097.35,2564.39,20.98071
297.59998,20585.94,8206.047,40.33436
55.8,22860.121,1538.6339,5.979184
66.65,21030.51,1837.8129,8.061484
41.85,17760.18,1153.9755,5.737474
120.899994,24332.16,3333.7068,13.206745
96.1,18708.48,2649.8696,13.687026
27.9,17934.18,769.31696,3.4480705
1288.0499,21230.61,35516.797,172.46794
31.0,13927.83,854.79663,5.363957
52.699997,20564.19,1453.1542,6.327368
80.6,14736.061,2222.4712,14.638771
72.85,24189.48,2008.7721,7.6109686
71.299995,18443.13,1966.0321,10.053602
-1.55,9481.26,-42.73983,-1.467428
63.55,10559.19,1752.3331,16.20814
254.2,48788.73,7009.3325,13.897213
110.049995,20074.38,3034.5278,14.674614
167.4,26276.61,4615.902,17.21525
44.949997,15038.82,1239.4551,7.5460396
114.7,26925.63,3162.7476,11.179978
384.4,78642.78,10599.479,12.9756975
65.1,26524.56,1795.0729,6.017489
29.449999,12686.34,812.05676,5.637399
165.84999,24860.25,4573.1616,18.074755
66.65,19248.75,1837.8129,8.900261
51.149998,21506.4,1410.4144,5.800282
116.25,22825.32,3205.4873,13.562136
96.1,18687.6,2649.8696,13.703437
119.35,21846.57,3290.967,14.620255
49.6,16226.37,1367.6746,7.739956
58.899998,15713.07,1624.1135,9.71774
20.15,10398.24,555.6178,4.540694
96.1,25457.94,2649.8696,9.793173
127.1,21608.19,3504.6663,15.818069
1.55,20320.59,42.73983,-0.78190565
117.799995,24995.97,3248.227,12.47486
137.95,23966.76,3803.845,15.457405
68.2,20070.03,1880.5525,8.715951
94.549995,18097.74,2607.1296,13.937784
34.1,18681.51,940.27625,4.219049
116.25,22378.14,3205.4873,13.853128
93.0,13582.44,2564.39,18.57736
94.549995,26384.49,2607.1296,9.246176
145.7,25449.24,4017.5442,15.369436
122.45,25462.291,3376.4465,12.750239
3820.75,18109.92,105353.69,602.2274
83.7,19216.56,2307.951,11.4537115
88.35,22426.86,2436.1704,10.263856
328.59998,10991.58,9060.844,84.4784
80.6,12934.29,2222.4712,16.817282
120.899994,22103.22,3333.7068,14.639387
55.8,23245.53,1538.6339,5.8634706
55.8,17603.58,1538.6339,8.063212
120.899994,23692.71,3333.7068,13.590175
68.2,20884.35,1880.5525,8.337109
54.25,16356.87,1495.8942,8.483061
65.1,9482.13,1795.0729,18.63017
221.65,32650.23,6111.796,18.410221
21.699999,12665.46,598.3576,3.898778
86.799995,57952.44,2393.4304,3.2824955
