FITC-A_raw,FSC-A,Normalised_FITC_A,FITC_fluorescence
7.75,9195.9,213.69916,1.4096637
246.45,20852.16,6795.6333,32.793
125.549995,22409.46,3461.9263,15.018959
124.0,11642.34,3419.1865,29.453024
173.59999,17432.19,4786.861,27.473886
105.399994,41165.79,2906.3083,6.3207083
22696.648,42416.85,625839.3,1528.9326
113.149994,59033.85,3120.0076,4.4802756
155.0,19579.35,4273.9834,21.635103
229.4,28542.96,6325.495,21.979649
137.95,14145.33,3803.845,26.884163
279.0,11340.45,7693.17,69.34333
37.199997,15775.71,1025.7559,5.742221
88.35,13463.25,2436.1704,17.763145
24.8,13093.5,683.8373,4.415579
139.5,16362.09,3846.585,23.377235
113.149994,14753.46,3120.0076,20.928535
108.5,20787.78,2991.7883,13.923499
15.5,16731.84,427.39832,1.6487257
97.649994,14305.41,2692.6094,18.517353
147.25,20869.56,4060.284,19.173952
49.6,8318.07,1367.6746,16.049358
139.5,20478.06,3846.585,18.477552
136.4,11480.5205,3761.105,32.970486
232.5,21534.24,6410.9746,29.870409
418.5,17604.45,11539.755,66.97075
55.8,9788.37,1538.6339,15.299444
102.299995,19515.84,2820.8289,13.987782
71.299995,25006.41,1966.0321,7.1524315
34.1,8532.09,940.27625,10.427413
-6.2,13697.28,-170.95932,-2.2942147
-32.55,27110.07,-897.53644,-4.432965
2004.1499,25512.75,55262.6,223.60631
184.45,18285.66,5086.04,27.841446
23.25,8331.99,641.0975,6.9785357
37.199997,18263.041,1025.7559,4.8239655
72.85,15761.79,2008.7721,12.215178
133.3,14356.74,3675.6257,25.54748
18085.4,30724.92,498688.38,1682.0087
199.95,17718.42,5513.4385,31.266022
97.649994,20257.95,2692.6094,12.782428
79.049995,17828.041,2179.7312,11.6778965
79.049995,19414.92,2179.7312,10.641668
142.59999,22078.86,3932.0642,17.466808
142.59999,27236.22,3932.0642,13.969994
7.75,16909.32,213.69916,0.31046224
3.1,7469.82,85.47966,0.1865896
105.399994,11886.811,2906.3083,24.352701
55.8,11624.07,1538.6339,12.725399
148.79999,18934.68,4103.0234,21.469526
841.64996,34695.6,23207.729,68.35953
234.04999,16351.65,6453.7144,39.925694
75.95,23521.32,2094.2517,8.2324095
137.95,25404.0,3803.845,14.526321
93.0,11724.12,2564.39,21.68045
54.25,8245.86,1495.8942,17.811039
62.0,10347.78,1709.5933,16.131424
102.299995,17270.37,2820.8289,15.936474
137.95,14526.39,3803.845,26.152699
-23.25,8186.7,-641.0975,-9.1201315
66.65,9258.54,1837.8129,19.582905
446.4,25657.17,12309.071,48.746716
63.55,12667.2,1752.3331,13.34445
35.649998,13594.62,983.01605,6.4979305
182.9,26626.35,5043.3,18.640432
12985.899,44956.38,358074.3,824.9043
96.1,12106.05,2649.8696,21.697077
218.54999,24473.97,6026.316,24.532618
223.2,23530.02,6154.5356,26.121948
44.949997,19874.28,1239.4551,5.466768
34.1,18934.68,940.27625,4.1492667
96.1,20723.4,2649.8696,12.259018
102.299995,17948.97,2820.8289,15.296152
127.1,19517.58,3504.6663,17.619524
113.149994,13034.34,3120.0076,23.820726
-21.699999,13475.43,-598.3576,-5.6043262
55.8,54411.54,1538.6339,1.9321904
12.4,14354.13,341.91864,1.4699819
38.75,12855.12,1068.4958,7.6187563
32.55,21228.87,897.53644,3.3840256
75.95,16350.78,2094.2517,12.281229
12.4,13807.7705,341.91864,1.5677166
113.149994,17818.47,3120.0076,17.15654
286.75,26294.01,7906.869,30.1814
62.0,16082.82,1709.5933,10.022459
38.75,8380.71,1068.4958,12.220257
12.4,15859.23,341.91864,1.2355714
35.649998,17971.59,983.01605,4.6718144
105.399994,17574.0,2906.3083,16.148216
60.449997,7425.45,1666.8534,22.276758
46.5,19138.26,1282.195,5.9470353
441.75,18508.38,12180.853,67.24284
328.59998,24543.57,9060.844,37.280605
85.25,12689.82,2350.6907,18.208254
21.699999,21857.01,598.3576,1.83869
130.2,7328.0103,3590.1458,49.80119
38.75,12507.12,1068.4958,7.8585653
15.5,14776.95,427.39832,1.9991341
14089.5,19406.22,388505.06,2074.8865
57.35,26216.58,1581.3738,5.2546983
-49.6,15048.39,-1367.6746,-10.424116
161.2,17578.35,4444.9424,25.220194
44.949997,8037.93,1239.4551,14.989484
72.85,12220.89,2008.7721,16.044165
18.599998,9771.84,512.8779,4.4423385
54.25,14660.37,1495.8942,9.580441
1221.3999,8782.65,33678.984,396.63196
69.75,18576.24,1923.2925,9.735825
-3.1,11336.1,-85.47966,-1.7818925
142.59999,18203.88,3932.0642,21.397755
114.7,19967.37,3162.7476,15.424479
52.699997,9461.25,1453.1542,14.926159
-35.649998,13465.86,-983.01605,-8.569625
271.25,26134.8,7479.4707,28.675602
6.2,17476.56,170.95932,0.014342666
38.75,6808.62,1068.4958,15.272774
3.1,10556.58,85.47966,-0.160371
102.299995,13575.48,2820.8289,20.546137
133.3,15430.32,3675.6257,23.700413
49.6,8947.08,1367.6746,14.850732
122.45,18445.74,3376.4465,17.980675
144.15,21861.36,3974.8042,17.85326
74.399994,16110.66,2051.5117,12.204091
210.79999,22118.01,5812.6167,26.250439
-24.8,13694.67,-683.8373,-6.1778455
151.9,20170.95,4188.5034,20.531803
151.9,16849.291,4188.5034,24.77657
106.95,19191.33,2949.0483,14.933996
232.5,26439.3,6410.9746,24.143282
-51.149998,12193.05,-1410.4144,-12.994504
20.15,10251.21,555.6178,4.620163
-1.55,14848.29,-42.73983,-1.2984724
75.95,13034.34,2094.2517,15.660488
438.65,18856.38,12095.372,65.51334
21.699999,13793.85,598.3576,3.4980388
1849.1499,11480.5205,50988.617,459.53168
-4.6499996,12668.07,-128.21948,-2.049522
10784.899,27477.21,297383.75,1121.2574
-9.299999,11283.03,-256.43896,-3.35671
131.75,13553.73,3632.8857,26.793343
38.75,11174.28,1068.4958,8.915193
86.799995,19387.95,2393.4304,11.800791
195.29999,23597.88,5385.2188,22.663458
82.149994,34891.35,2265.211,5.731917
23.25,11664.09,641.0975,4.699294
62.0,5322.66,1709.5933,32.30519
224.75,15542.55,6197.276,40.34533
15.5,10352.13,427.39832,3.281057
35.649998,14978.79,983.01605,5.805057
17.05,12761.16,470.13812,2.8201742
193.75,21499.44,5342.479,24.766983
65.1,28045.32,1795.0729,5.6369658
63.55,22315.5,1752.3331,7.142503
20.15,18738.06,555.6178,2.0746763
263.5,14874.39,7265.7715,49.651283
66.65,19434.93,1837.8129,8.80542
88.35,37489.17,2436.1704,5.73829
151.9,18182.13,4188.5034,22.88702
192.2,17563.56,5299.7393,30.288864
91.45,20325.81,2521.65,11.86426
9.299999,21145.35,256.43896,0.25752616
15340.35,68520.33,422996.1,639.12506
127.1,27845.22,3504.6663,12.051003
283.65,33344.49,7821.389,23.322472
351.84998,19144.35,9701.941,51.549175
34.1,14503.7705,940.27625,5.7223706
429.34998,49542.15,11838.933,23.779104
79.049995,17317.35,2179.7312,12.05177
94.549995,49310.73,2607.1296,4.4823794
153.45,15883.59,4231.243,26.622768
60.449997,15024.03,1666.8534,10.504264
-20.15,5863.8,-555.6178,-10.825279
223.2,29461.68,6154.5356,20.661358
18.599998,22160.64,512.8779,1.3998251
74.399994,12765.51,2051.5117,15.664171
34713.8,50590.5,957201.3,1960.9241
86.799995,19796.85,2393.4304,11.536393
13.95,12908.19,384.65848,2.0899951
1.55,11979.9,42.73983,-0.6300633
100.75,20997.45,2778.089,12.719159
69.75,19754.22,1923.2925,9.095627
17.05,7002.63,470.13812,5.96165
57.35,10184.22,1581.3738,15.101067
3795.95,10042.41,104669.84,1079.7655
161.2,17221.65,4444.9424,25.763275
74.399994,9631.7705,2051.5117,21.085934
74.399994,12519.3,2051.5117,15.991896
130.2,23333.4,3590.1458,14.954453
204.59999,18927.72,5641.6577,29.906961
9.299999,19007.76,256.43896,0.39894605
204.59999,14683.86,5641.6577,38.839546
57.35,20659.02,1581.3738,6.9372983
167.4,26796.0,4615.902,16.86218
29.449999,10058.94,812.05676,7.37109
75.95,13286.64,2094.2517,15.344124
86.799995,14375.88,2393.4304,16.263716
96.1,18983.4,2649.8696,13.474327
44.949997,11259.54,1239.4551,10.41453
412.3,35372.46,11368.795,32.32706
125.549995,18336.99,3461.9263,18.576616
210.79999,11468.34,5812.6167,51.555603
41.85,11099.46,1153.9755,9.780592
120.899994,11071.62,3333.7068,30.222244
657.19995,14142.72,18121.688,131.86592
65.1,12751.59,1795.0729,13.597068
-3.1,25893.81,-85.47966,-1.3423061
172.04999,16965.87,4744.121,27.995295
4981.6997,35244.57,137365.81,403.1423
15.5,18316.98,427.39832,1.4195065
27.9,27806.07,769.31696,1.8688877
-34.1,19073.01,-940.27625,-6.111921
9.299999,7148.79,256.43896,2.7196264
100.75,20216.19,2778.089,13.24934
68.2,15992.34,1880.5525,11.193302
97.649994,24389.58,2692.6094,10.447665
97.649994,13886.94,2692.6094,19.10549
-21.699999,16904.1,-598.3576,-4.670428
26.349998,8699.13,726.5771,7.660715
261.94998,19401.87,7223.0312,37.603245
1929.75,9877.11,53211.09,557.6247
83.7,20158.77,2307.951,10.871633
21168.35,26103.48,583697.9,2317.6628
106.95,15736.561,2949.0483,18.43211
-9.299999,18627.57,-256.43896,-2.4274986
226.29999,25106.46,6240.015,24.771994
27.9,18195.18,769.31696,3.3842654
48.05,20163.12,1324.9348,5.813726
35.649998,17698.41,983.01605,4.75936
4566.3,14213.19,125911.54,917.5903
31.0,25537.98,854.79663,2.4707565
-12.4,16303.8,-341.91864,-3.1746123
68.2,13159.62,1880.5525,13.818014
159.65,15983.64,4402.2026,27.55895
96.1,10551.36,2649.8696,25.041376
60.449997,26188.74,1666.8534,5.599798
-7.75,19444.5,-213.69916,-2.1396039
-3.1,8380.71,-85.47966,-2.0576205
103.85,14668.2,2863.5686,19.243176
164.29999,20185.74,4530.422,22.272436
26.349998,7368.0303,726.5771,9.22535
37.199997,15754.83,1025.7559,5.7511563
142.59999,12084.3,3932.0642,32.74015
15.5,17382.6,427.39832,1.5495641
217.0,14816.97,5983.5767,40.87447
103.85,17250.36,2863.5686,16.21303
100.75,24308.67,2778.089,10.850396
7.75,25789.41,213.69916,-0.14077032
55.8,16481.28,1538.6339,8.680377
-15.5,11792.85,-427.39832,-4.7580442
103.85,22531.26,2863.5686,12.178621
116.25,19836.0,3205.4873,15.756676
240.25,24132.06,6624.674,27.465445
128.65,17748.0,3547.406,19.725708
38.75,5944.71,1068.4958,17.637604
105.399994,18457.92,2906.3083,15.327015
79.049995,16593.51,2179.7312,12.621113
74.399994,17314.74,2051.5117,11.28587
94.549995,25012.5,2607.1296,9.808201
158.09999,29907.99,4359.4624,14.114492
368.9,22250.25,10172.08,46.404846
65.1,14289.75,1795.0729,12.025828
100.75,15099.72,2778.089,18.077662
167.4,13853.01,4615.902,33.550976
9.299999,22535.61,256.43896,0.17994726
93.0,18216.06,2564.39,13.597466
-20.15,17513.97,-555.6178,-4.2895722
224.75,21854.4,6197.276,28.404228
43.399998,7110.5103,1196.7152,16.451708
12.4,13311.87,341.91864,1.6633706
49.6,15240.66,1367.6746,8.305225
217.0,15513.84,5983.5767,38.993504
96.1,13261.41,2649.8696,19.719664
105.399994,33724.68,2906.3083,7.9359703
7.75,7252.32,213.69916,2.05544
52.699997,18831.15,1453.1542,7.001708
238.7,22716.57,6581.934,29.044062
274.35,17595.75,7564.9507,43.58063
35.649998,9155.88,983.01605,10.132902
69.75,18771.99,1923.2925,9.623874
-12.4,18056.85,-341.91864,-2.96349
51.149998,18330.03,1410.4144,6.978688
89.899994,23065.44,2478.9102,10.14415
13.95,14236.68,384.65848,1.8016539
37.199997,12762.9,1025.7559,7.333789
37.199997,17361.72,1025.7559,5.126312
162.75,26318.371,4487.682,16.681168
-17.05,13406.7,-470.13812,-4.636231
46.5,6483.24,1282.195,19.507364
58.899998,8566.89,1624.1135,18.65808
272.8,26240.94,7522.21,28.724459
182.9,13240.53,5043.3,38.49638
35.649998,17307.78,983.01605,4.889347
32.55,17383.47,897.53644,4.3538165
21.699999,34746.93,598.3576,0.7856332
426.25,27483.3,11753.454,43.344982
0.0,23092.41,0.0,-1.0
62.0,18230.85,1709.5933,8.723749
77.5,21375.9,2136.9917,9.366361
-9.299999,22437.3,-256.43896,-2.1851172
54.25,12536.7,1495.8942,11.372729
-32.55,19963.89,-897.53644,-5.6618123
15.5,17513.1,427.39832,1.530566
48.05,15841.83,1324.9348,7.6723547
12.4,13360.59,341.91864,1.6536584
294.5,12809.88,8120.568,64.73387
16065.749,28919.67,442998.34,1587.3882
24.8,18139.5,683.8373,2.909087
217.0,10172.91,5983.5767,59.990692
137.95,18127.32,3803.845,20.758907
7.75,15680.88,213.69916,0.41312397
354.94998,11827.65,9787.421,84.806
206.15,40798.65,5684.3975,13.447294
128.65,17737.56,3547.406,19.737906
20.15,10116.36,555.6178,4.695079
145.7,20477.19,4017.5442,19.344088
7.75,12733.32,213.69916,0.7402395
105.399994,10471.32,2906.3083,27.779821
46.5,17492.22,1282.195,6.6007595
139.5,20176.17,3846.585,18.76899
-60.449997,14176.65,-1666.8534,-13.191908
1674.0,11631.9,46159.02,410.48477
182.9,15037.08,5043.3,33.777565
-26.349998,17473.95,-726.5771,-5.3116
91.45,25736.34,2521.65,9.159817
48.05,14661.24,1324.9348,8.370692
-7.75,22947.99,-213.69916,-1.9656196
72.85,15439.0205,2008.7721,12.491455
10064.149,26721.18,277509.72,1075.8878
144.15,12346.17,3974.8042,32.383465
-20.15,20463.27,-555.6178,-3.8154576
83.7,27659.91,2307.951,7.6521425
99.2,16295.97,2735.349,16.405258
16877.95,52943.85,465394.0,910.4926
176.7,16519.56,4872.341,29.583488
354.94998,24968.13,9787.421,39.647152
519.25,9525.63,14317.844,154.85898
80.6,7418.49,2222.4712,30.064795
40.3,11423.1,1111.2356,9.087187
982.69995,138889.4,27097.053,19.23023
134.84999,30330.81,3718.3652,11.712059
-3.1,10510.47,-85.47966,-1.8433125
720.75,7183.59,19874.021,285.8746
57.35,15999.3,1581.3738,9.248999
-9.299999,10592.25,-256.43896,-3.5104043
83.7,14324.55,2307.951,15.706808
144.15,19902.12,3974.8042,19.709248
-1.55,18471.84,-42.73983,-1.2399223
113.149994,20483.28,3120.0076,14.794433
31.0,7599.45,854.79663,10.663489
3702.95,20799.09,102105.46,508.0407
178.25,28494.24,4915.0806,16.88634
20.15,10098.96,555.6178,4.7048917
69.75,40289.7,1923.2925,3.9499316
286.75,21559.47,7906.869,37.02895
100.75,26654.19,2778.089,9.807583
93.0,16964.13,2564.39,14.674739
131.75,17025.9,3632.8857,21.125319
17153.85,40344.51,473001.72,1214.6992
164.29999,19477.56,4530.422,23.118591
69.75,12906.45,1923.2925,14.452061
60.449997,6155.25,1666.8534,27.08016
328.59998,14161.86,9060.844,65.34317
49.6,7221.0,1367.6746,18.63963
-12.4,18984.27,-341.91864,-2.8675694
79.049995,19536.72,2179.7312,10.569089
150.34999,8579.07,4145.7637,49.10859
62.0,18661.5,1709.5933,8.499355
24.8,16093.26,683.8373,3.4061232
403.0,14545.53,11112.356,78.21812
106.95,18181.26,2949.0483,15.819218
184.45,15782.67,5086.04,32.41544
6.2,12135.63,170.95932,0.4607582
210.79999,19844.7,5812.6167,29.372114
147.25,17933.31,4060.284,22.477064
156.54999,21672.57,4316.7227,19.653402
54.25,20632.05,1495.8942,6.5180697
44.949997,24831.541,1239.4551,4.1757703
46.5,18379.62,1282.195,6.233783
37.199997,21697.8,1025.7559,3.9020324
1236.8999,16065.42,34106.383,219.1362
9.299999,16550.01,256.43896,0.6066958
88.35,22723.53,2436.1704,10.116798
85.25,13742.5205,2350.6907,16.73687
12.4,14151.42,341.91864,1.505363
9.299999,16262.91,256.43896,0.63505983
227.84999,18562.32,6282.755,34.096657
288.3,27462.42,7949.6084,29.016138
151.9,12301.8,4188.5034,34.305153
7.75,14850.03,213.69916,0.49218738
99.2,18096.87,2735.349,14.6731825
94.549995,11245.62,2607.1296,23.039593
49.6,15945.36,1367.6746,7.893984
299.15,34448.52,8248.787,23.829468
58.899998,21930.09,1624.1135,6.6793394
34.1,14016.57,940.27625,5.956032
30840.35,64449.6,850394.44,1367.1952
-23.25,8107.5303,-641.0975,-9.199425
544.05,16864.95,15001.681,91.23649
131.75,25267.41,3632.8857,13.9086685
77.5,24040.71,2136.9917,8.217294
111.6,19975.2,3077.2678,14.974307
12.4,5320.92,341.91864,5.663217
139.5,19024.291,3846.585,19.965958
55.8,31207.77,1538.6339,4.1123486
178.25,23032.38,4915.0806,21.127874
314.65,12441.0,8676.186,71.313835
103.85,21214.08,2863.5686,12.9968815
46.5,10940.25,1282.195,11.152754
58.899998,8242.38,1624.1135,19.432035
32.55,10994.19,897.53644,7.46519
15.5,7073.1,427.39832,5.2657185
16126.199,30639.66,444665.2,1503.8634
15.5,19024.291,427.39832,1.3295507
23.25,7410.66,641.0975,7.9704676
119.35,12785.5205,3290.967,25.690273
63.55,9130.65,1752.3331,18.900448
15.5,10223.37,427.39832,3.3349748
26.349998,20904.36,726.5771,2.604066
6.2,8219.76,170.95932,1.1566594
52.699997,11147.311,1453.1542,12.517285
161.2,20269.26,4444.9424,21.73925
226.29999,23497.83,6240.015,26.536312
-20.15,10720.14,-555.6178,-6.3743205
99.2,15489.48,2735.349,17.311495
48.05,31879.41,1324.9348,3.3095517
220.09999,19744.65,6069.0557,30.872751
23.25,15105.811,641.0975,3.4007626
127.1,14086.17,3504.6663,24.798925
4701.15,17215.56,129629.91,779.7858
255.74998,14956.17,7052.072,47.892723
57.35,17507.01,1581.3738,8.366351
308.44998,38137.32,8505.227,22.1251
96.1,16184.61,2649.8696,15.977358
-26.349998,15684.36,-726.5771,-5.803555
106.95,12807.2705,2949.0483,22.876638
266.6,20326.68,7351.2515,36.500988
203.04999,19946.49,5598.9175,28.106195
-20.15,13744.26,-555.6178,-5.19182
29.449999,21027.9,812.05676,3.0044084
9.299999,10247.73,256.43896,1.5948019
446.4,25413.57,12309.071,49.223557
4216.0,14341.95,116252.34,839.50714
41.85,14910.93,1153.9755,7.0249023
127.1,20566.8,3504.6663,16.669645
359.59998,20408.46,9915.641,49.380028
26.349998,13525.89,726.5771,4.57011
97.649994,24293.01,2692.6094,10.493172
99.2,12048.63,2735.349,22.540895
69.75,6112.62,1923.2925,31.626148
54.25,8126.67,1495.8942,18.086933
122.45,18390.93,3376.4465,18.037245
35924.348,43360.8,990581.0,2367.8665
40.3,17662.74,1111.2356,5.5237293
133.3,17095.5,3675.6257,21.294481
57.35,20980.05,1581.3738,6.815844
44.949997,10969.83,1239.4551,10.715984
178.25,21364.59,4915.0806,22.85525
40.3,26022.57,1111.2356,3.4279613
74.399994,18190.83,2051.5117,10.694169
41.85,17642.73,1153.9755,5.7823257
32.55,13309.26,897.53644,5.992719
40.3,9353.37,1111.2356,11.319297
103.85,23214.21,2863.5686,11.790913
69.75,21303.69,1923.2925,8.361347
99.2,15517.32,2735.349,17.278643
46245.797,47861.31,1275185.5,2761.7188
-4.6499996,22020.57,-128.21948,-1.6037725
117.799995,19685.49,3248.227,16.109922
16895.0,27480.69,465864.16,1756.841
128.65,20752.98,3547.406,16.724674
226.29999,44280.39,6240.015,13.612417
220.09999,32005.56,6069.0557,18.662718
186.0,20279.7,5128.78,25.224089
27.9,9864.06,769.31696,7.087187
-6.2,19791.63,-170.95932,-1.8956928
29.449999,21987.51,812.05676,2.8296425
13.95,14914.41,384.65848,1.6743429
52.699997,13252.71,1453.1542,10.369853
113.149994,19787.28,3120.0076,15.349989
13.95,7411.5303,384.65848,4.381648
-6.2,25384.86,-170.95932,-1.6983383
35.649998,7246.23,983.01605,13.066834
466.55,38803.74,12864.689,33.377445
10.849999,21097.5,299.1788,0.47044134
106.95,20672.94,2949.0483,13.792022
18.599998,21449.85,512.8779,1.4793487
15.5,12182.61,427.39832,2.6378124
178.25,23080.23,4915.0806,21.081999
72.85,24259.95,2008.7721,7.5859556
-4.6499996,14290.62,-128.21948,-1.9303596
18.599998,19884.72,512.8779,1.6744986
23.25,26277.48,641.0975,1.5298119
258.85,20210.97,7137.5522,35.619297
244.9,25403.13,6752.893,26.564526
88.35,16463.88,2436.1704,14.34346
133.3,17221.65,3675.6257,21.13117
85.25,16178.5205,2350.6907,14.066228
71.299995,24857.64,1966.0321,7.2012224
6.2,15264.15,170.95932,0.16136312
257.3,16234.2,7094.812,44.316658
3.1,20604.21,85.47966,-0.5698156
114.7,15666.09,3162.7476,19.933979
124.0,14448.96,3419.1865,23.537712
4805.0,19312.26,132493.48,710.3926
23.25,8178.87,641.0975,7.127905
63.55,16551.75,1752.3331,9.977935
52.699997,13209.21,1453.1542,10.407297
122.45,19414.92,3376.4465,17.033173
119.35,18123.84,3290.967,17.828737
41.85,16155.9,1153.9755,6.4065046
7210.5996,16370.79,198825.69,1258.3624
559.55,13058.7,15429.079,121.514626
13.95,24129.45,384.65848,0.6530111
34.1,16857.99,940.27625,4.7835903
147.25,37691.88,4060.284,10.170085
1452.35,13097.85,40047.223,316.04456
116.25,10116.36,3205.4873,31.856224
40.3,16062.811,1111.2356,6.173523
7.75,11419.62,213.69916,0.9404347
68.2,9464.73,1880.5525,19.602745
148.79999,16784.91,4103.0234,24.347366
-3.1,11040.3,-85.47966,-1.8028414
-23.25,8981.01,-641.0975,-8.40196
82.149994,12639.36,2265.211,17.583668
119.35,14914.41,3290.967,21.880491
43.399998,10380.84,1196.7152,10.953806
-21.699999,8162.34,-598.3576,-8.601408
128.65,16322.07,3547.406,21.536348
68.2,33560.25,1880.5525,4.8104286
187.54999,20363.22,5171.5195,25.334167
26.349998,14445.48,726.5771,4.2155194
113.149994,18428.34,3120.0076,16.555666
-20.15,6158.73,-555.6178,-10.354765
9379.05,21585.57,258618.72,1241.351
7.75,15435.54,213.69916,0.4355849
221.65,16857.12,6111.796,36.595284
167.4,15715.68,4615.902,29.455889
-15.5,11216.04,-427.39832,-4.95131
221.65,15007.5,6111.796,41.228764
457.25,31484.43,12608.25,40.524734
22690.45,47756.91,625668.4,1357.4882
3191.45,11633.64,88001.31,783.3708
69.75,22519.95,1923.2925,7.8557587
9.299999,12626.311,256.43896,1.1059859
165.84999,25053.39,4573.1616,17.927704
41.85,5996.91,1153.9755,18.9534
127.1,12398.37,3504.6663,28.310955
170.5,18375.27,4701.3813,25.530148
217.0,19245.27,5983.5767,31.239239
7889.5,17119.86,217545.75,1316.6447
31.0,7250.58,854.79663,11.224692
544.05,22915.8,15001.681,66.88171
201.5,24643.621,5556.178,22.378654
28530.85,58378.742,786712.06,1396.3622
170.5,22371.18,4701.3813,20.791368
93.0,18551.01,2564.39,13.3338995
7.75,5526.24,213.69916,3.0097833
7185.8,16981.53,198141.86,1208.894
66.65,11369.16,1837.8129,15.761805
179.79999,22205.88,4957.8203,22.151049
74.399994,21149.7,2051.5117,9.058141
124.0,22533.871,3419.1865,14.733845
127.1,19954.32,3504.6663,17.211998
54.25,8986.23,1495.8942,16.26121
4.6499996,9370.7705,128.21948,0.41881764
410.75,19707.24,11326.056,58.593754
133.3,17788.02,3675.6257,20.426517
-23.25,17004.15,-641.0975,-4.909462
13.95,10330.38,384.65848,2.861063
168.95,10683.6,4658.6416,44.215733
30252.898,88262.37,834196.0,979.03235
57.35,12125.19,1581.3738,12.523648
114.7,18441.39,3162.7476,16.783562
452.59998,15393.78,12480.03,83.06558
31.0,24419.16,854.79663,2.629777
-43.399998,9150.66,-1196.7152,-14.56083
-37.199997,13324.05,-1025.7559,-8.982807
13.95,16829.28,384.65848,1.3700509
418.5,30864.121,11539.755,37.76953
26.349998,10078.08,726.5771,6.4756985
0.0,13509.36,0.0,-1.0
165.84999,15567.78,4573.1616,29.460548
72.85,8440.74,2008.7721,23.67732
46.5,18624.09,1282.195,6.1388273
179.79999,20553.75,4957.8203,24.011951
31.0,8586.9,854.79663,9.3222475
685.1,20598.99,18891.006,94.09486
38.75,15710.46,1068.4958,6.0523167
89.899994,9109.7705,2478.9102,27.216377
89.899994,13224.87,2478.9102,18.436464
82.149994,18694.56,2265.211,11.564386
6125.5996,31236.48,168907.81,559.70636
224.75,25562.34,6197.276,24.139006
136.4,18881.61,3761.105,19.654959
23.25,9517.8,641.0975,5.9845014
24.8,13165.71,683.8373,4.385876
1398.1,16580.46,38551.33,240.09634
226.29999,16958.041,6240.015,37.155563
164.29999,23523.06,4530.422,18.970673
72.85,18662.37,2008.7721,10.161222
217.0,13834.74,5983.5767,43.847446
15721.649,26572.41,433510.1,1690.6719
168.95,22071.03,4658.6416,20.886917
24.8,15682.62,683.8373,3.5214944
384.4,18858.99,10599.479,57.279247
31.0,19245.27,854.79663,3.6056051
221.65,23597.01,6111.796,25.85714
93.0,31433.97,2564.39,7.4592657
21.699999,19433.19,598.3576,2.1927476
60.449997,11456.16,1666.8534,14.087115
164.29999,15665.22,4530.422,28.988174
114.7,18987.75,3162.7476,16.271852
94.549995,15854.01,2607.1296,16.051846
26.349998,15694.8,726.5771,3.8003602
23581.7,24995.97,650243.8,2696.4543
82.149994,22598.25,2265.211,9.393976
161.2,22036.23,4444.9424,19.915909
153.45,18515.34,4231.243,22.696499
38.75,8280.66,1068.4958,12.379989
376.65,21161.01,10385.779,49.892124
49.6,15048.39,1367.6746,8.424116
153.45,15987.12,4231.243,26.443888
44.949997,18755.46,1239.4551,5.85253
9.299999,19365.33,256.43896,0.37311518
547.14996,16675.291,15087.16,92.81709
63.55,16844.07,1752.3331,9.787418
254.2,23559.6,7009.3325,29.850103
246.45,14899.62,6795.6333,46.29363
144.15,17888.94,3974.8042,22.039816
-31.0,7082.67,-854.79663,-13.514505
-29.449999,18235.2,-812.05676,-5.617679
130.2,51081.18,3590.1458,6.287843
540.95,58216.05,14916.202,25.568277
1.55,11122.08,42.73983,-0.6015309
74.399994,17213.82,2051.5117,11.357898
210.79999,36422.55,5812.6167,15.54814
19508.299,31613.19,537923.5,1763.4122
110.049995,9621.33,3034.5278,31.704227
38.75,14026.14,1068.4958,6.8991895
275.9,33584.61,7607.69,22.488775
136.4,22099.74,3761.105,16.647215
34.1,16987.62,940.27625,4.7394576
190.65,17245.14,5256.999,30.609602
83.7,15077.97,2307.951,14.871998
24.8,16217.67,683.8373,3.3723226
-18.599998,7175.7603,-512.8779,-8.411293
308.44998,9750.09,8505.227,89.45345
-15.5,25535.371,-427.39832,-2.7355556
34.1,20424.12,940.27625,3.7737536
12.4,15198.03,341.91864,1.3328314
96.1,24817.621,2649.8696,10.071648
8941.95,31048.56,246566.1,822.4548
-4.6499996,14310.63,-128.21948,-1.9290588
136.4,18008.13,3761.105,20.65682
111.6,16931.94,3077.2678,17.845448
164.29999,18319.59,4530.422,24.643116
34.1,19016.46,940.27625,4.127122
38.75,12836.85,1068.4958,7.6310234
3.1,16001.91,85.47966,-0.44609046
13.95,8434.65,384.65848,3.728856
63.55,18571.89,1752.3331,8.783819
229.4,20457.18,6325.495,31.062447
58.899998,25638.9,1624.1135,5.56848
38.75,5755.92,1068.4958,18.248901
41.85,13554.6,1153.9755,7.8279076
35.649998,18856.38,983.01605,4.405678
51.149998,15787.0205,1410.4144,8.263912
38.75,17490.48,1068.4958,5.334597
65.1,19190.46,1795.0729,8.699392
18.599998,26182.65,512.8779,1.0311794
139.5,9884.07,3846.585,39.354073
1.55,6219.63,42.73983,-0.2874487
237.15,14441.13,6539.1943,45.95382
82.149994,20990.49,2265.211,10.1901
162.75,29058.0,4487.682,15.014162
18.599998,19295.73,512.8779,1.7561362
21.699999,17472.21,598.3576,2.551083
97.649994,15385.08,2692.6094,17.147694
0.0,18666.72,0.0,-1.0
319.3,24374.791,8804.405,36.45476
91.45,18865.08,2521.65,12.860345
86.799995,21655.17,2393.4304,10.460593
24.8,18547.53,683.8373,2.8230908
277.44998,21147.96,7650.4297,36.511566
291.4,21727.38,8035.0884,37.34698
-3.1,16266.39,-85.47966,-1.5449034
-34.1,18780.69,-940.27625,-6.191488
103.85,23713.59,2863.5686,11.521552
79.049995,11828.5205,2179.7312,18.108227
77.5,18972.96,2136.9917,10.679267
58.899998,10681.86,1624.1135,14.765849
22530.799,36719.22,621266.2,1753.4144
2577.65,25020.33,71076.336,293.56415
145.7,16366.44,4017.5442,24.4539
52.699997,25294.38,1453.1542,4.9571085
48.05,18698.041,1324.9348,6.347613
46.5,19040.82,1282.195,5.982586
-7.75,16382.1,-213.69916,-2.3526366
7604.3,22860.99,209681.61,950.07153
156.54999,17182.5,4316.7227,25.050476
153.45,19293.99,4231.243,21.740175
2245.95,14968.35,61930.016,428.01764
124.0,15874.0205,3419.1865,21.334887
-6.2,17932.44,-170.95932,-1.988556
-9.299999,14811.75,-256.43896,-2.7952523
322.4,19547.16,8889.885,46.15854
93.0,15759.18,2564.39,15.873234
3.1,21874.41,85.47966,-0.59479547
139.5,19350.541,3846.585,19.612473
72.85,7035.69,2008.7721,28.605461
148.79999,15050.13,4103.0234,27.269075
71.299995,9908.43,1966.0321,19.574707
72.85,15662.61,2008.7721,12.29886
40.3,12133.0205,1111.2356,8.496971
83.7,16861.47,2307.951,13.193157
7.75,11387.43,213.69916,0.9459201
159.65,25204.77,4402.2026,17.110697
51.149998,14962.26,1410.4144,8.774565
32.55,11063.79,897.53644,7.4119377
168.95,19434.06,4658.6416,23.856709
215.45,20152.68,5940.8364,29.567696
2893.8499,10683.6,79795.266,773.475
93.0,33290.55,2564.39,6.987501
58.899998,15706.11,1624.1135,9.722489
54.25,20008.26,1495.8942,6.7524586
172.04999,21032.25,4744.121,22.389336
105.399994,17426.97,2906.3083,16.292892
170.5,22787.041,4701.3813,20.393677
196.84999,17742.78,5427.9585,30.722158
106.95,20317.98,2949.0483,14.050442
186.0,17346.93,5128.78,29.65768
55.8,9960.63,1538.6339,15.017561
66.65,4326.5103,1837.8129,43.0465
128.65,21173.19,3547.406,16.372908
139.5,18594.51,3846.585,20.450552
29.449999,23905.86,812.05676,2.522329
198.4,22342.47,5470.698,24.38981
39518.797,74324.1,1089694.6,1519.278
24.8,20580.72,683.8373,2.4454036
23.25,21515.1,641.0975,2.0897872
15.5,24324.33,427.39832,0.821964
57.35,17461.77,1581.3738,8.390618
117.799995,11745.0,3248.227,27.677496
322.4,26321.85,8889.885,34.020927
141.05,17154.66,3889.3247,22.509314
213.9,18649.32,5898.0967,31.794178
66.65,10553.1,1837.8129,17.05798
24.8,4744.11,683.8373,13.946721
213.9,27207.51,5898.0967,21.47869
29.449999,7310.61,812.05676,10.518095
7.75,19798.59,213.69916,0.11922252
110.049995,13227.48,3034.5278,22.788216
4.6499996,4903.32,128.21948,1.7115128
10873.25,20664.24,299819.94,1503.4888
94.549995,18205.62,2607.1296,13.849269
144.15,16716.18,3974.8042,23.656225
5390.9,14892.66,148649.14,1033.9944
-17.05,13608.54,-470.13812,-4.5822988
71.299995,19581.09,1966.0321,9.41122
323.94998,25056.871,8932.624,35.965797
35.649998,12027.75,983.01605,7.474696
392.15,23784.93,10813.178,46.14106
176.7,19860.36,4872.341,24.438908
23.25,13859.1,641.0975,3.796638
151.9,18025.53,4188.5034,23.094545
2879.9,10177.26,79410.6,808.0875
390.59998,25993.86,10770.4375,41.96457
17.05,20318.85,470.13812,1.3992429
175.15,21885.72,4829.601,21.882227
167.4,12101.7,4615.902,38.551052
130.2,40315.8,3590.1458,8.23389
72.85,13722.51,2008.7721,14.179064
11197.199,22675.68,308752.53,1410.881
133.3,12315.72,3675.6257,29.947058
345.65,18344.82,9530.982,52.87311
-23.25,12506.25,-641.0975,-6.315509
63.55,10983.75,1752.3331,15.542988
240.25,16696.17,6624.674,40.14296
215.45,26829.06,5940.8364,21.960958
100.75,10016.31,2778.089,27.75983
99.2,16605.69,2735.349,16.080624
38.75,9560.43,1068.4958,10.588929
93.0,20266.65,2564.39,12.120487
23.25,10155.51,641.0975,5.545913
63.55,8412.9,1752.3331,20.598263
43.399998,17024.16,1196.7152,6.289085
4304.35,18483.15,118688.516,664.8564
10.849999,15530.37,299.1788,0.99754655
0.0,7721.25,0.0,-1.0
79.049995,24608.82,2179.7312,8.184595
128.65,19201.77,3547.406,18.156559
65.1,20221.41,1795.0729,8.204888
119.35,12607.17,3290.967,26.067852
9.299999,12434.91,256.43896,1.1384015
77.5,24569.67,2136.9917,8.018855
382.84998,25961.67,10556.738,41.16431
227.84999,18082.08,6282.755,35.028786
119.35,20874.78,3290.967,15.347431
3.1,9849.2705,85.47966,-0.10007441
119.35,12720.2705,3290.967,25.82718
9.299999,18072.51,256.43896,0.47134125
21.699999,9106.29,598.3576,5.8134527
7.75,12624.57,213.69916,0.7552302
24.8,10282.53,683.8373,5.8960543
51.149998,9165.45,1410.4144,14.956617
12.4,19336.62,341.91864,0.8335389
111.6,19388.82,3077.2678,15.457422
4.6499996,15985.38,128.21948,-0.16827655
80.6,17351.28,2222.4712,12.281665
-3.1,8399.85,-85.47966,-2.0552106
144.15,24197.31,3974.8042,16.03321
508.4,41008.32,14018.665,34.44725
99.2,20545.92,2735.349,12.804956
35.649998,17868.93,983.01605,4.7043996
62.0,11093.37,1709.5933,14.980015
182.9,13308.39,5043.3,38.29499
9.299999,11007.24,256.43896,1.4157581
181.34999,17853.27,5000.56,28.043488
60.449997,19060.83,1666.8534,8.067832
11270.05,27712.11,310761.3,1161.8005
114.7,10380.84,3162.7476,30.592203
144.15,22151.94,3974.8042,17.605951
120.899994,16176.78,3333.7068,20.368952
1877.0499,17859.36,51757.934,299.51
51.149998,18028.14,1410.4144,7.112294
153.45,22693.08,4231.243,18.334032
80.6,6965.22,2222.4712,32.086372
937.75,13478.04,25857.598,197.93414
57.35,12745.5,1581.3738,11.865466
198.4,19093.89,5470.698,28.709558
10.849999,16271.61,299.1788,0.90654993
7.75,29006.67,213.69916,-0.23607129
308.44998,33757.74,8505.227,25.125248
-20.15,12178.26,-555.6178,-5.7308455
20095.75,37584.0,554121.94,1527.7985
38.75,9480.39,1068.4958,10.686771
2836.5,41185.8,78213.89,195.91747
654.1,18664.11,18036.209,99.204185
32.55,10306.89,897.53644,8.029679
4278.0,11935.53,117961.94,1023.82104
3093.7998,18523.17,85308.7,476.55774
-21.699999,14877.0,-598.3576,-5.17055
62.0,21590.791,1709.5933,7.2105474
43.399998,17972.46,1196.7152,5.904483
27.9,13365.811,769.31696,4.9683995
657.19995,11681.49,18121.688,159.86008
23.25,21225.39,641.0975,2.1319604
125.549995,21278.46,3461.9263,15.870403
-37.199997,12308.76,-1025.7559,-9.641271
103.85,20913.93,2863.5686,13.197761
7235.4,23610.06,199509.53,875.22253
127.1,16413.42,3504.6663,21.14091
51.149998,18400.5,1410.4144,6.9481306
52.699997,9402.96,1453.1542,15.024887
173.59999,17015.46,4786.861,28.171246
189.09999,17564.43,5214.2593,29.782682
-40.3,26103.48,-1111.2356,-5.4142365
57.35,36553.05,1581.3738,3.4859948
51.149998,32090.82,1410.4144,3.557365
142.59999,14001.78,3932.0642,28.119589
29.449999,16088.04,812.05676,4.2339687
-7.75,8580.81,-213.69916,-3.5823936
114.7,12666.33,3162.7476,24.891762
46.5,29459.07,1282.195,3.5131826
75.95,13308.39,2094.2517,15.317411
1026.1,22723.53,28293.768,128.1109
209.25,35682.18,5769.8774,15.767298
120.899994,17821.08,3333.7068,18.397299
274.35,13180.5,7564.9507,58.51441
89.899994,28419.42,2478.9102,8.044685
4.6499996,19895.16,128.21948,-0.3317262
-60.449997,15265.0205,-1666.8534,-12.322645
0.0,10819.32,0.0,-1.0
313.09998,21631.68,8633.445,40.384888
12.4,13413.66,341.91864,1.6431594
167.4,16474.32,4615.902,28.053398
44.949997,16534.35,1239.4551,6.7730513
148.79999,19374.03,4103.0234,20.95998
80.6,30126.36,2222.4712,6.649576
978.05,15767.88,26968.834,176.35226
74.399994,19829.91,2051.5117,9.727565
472.75,18557.1,13035.648,71.84008
179.79999,20889.57,4957.8203,23.60986
110.049995,37707.54,3034.5278,7.344702
99.2,15060.57,2735.349,17.832987
6.2,13177.89,170.95932,0.34522462
43.399998,10136.37,1196.7152,11.242108
48.05,21303.69,1324.9348,5.4489284
20.15,12815.97,555.6178,3.4954433
21.699999,13635.51,598.3576,3.5502715
2176.2,17451.33,60006.723,355.549
584.35,9443.85,16112.916,175.91838
38.75,17801.94,1068.4958,5.223768
327.05,63309.03,9018.1045,13.770578
-7.75,12743.76,-213.69916,-2.7388139
75.95,18019.44,2094.2517,11.051344
69.75,20786.91,1923.2925,8.594079
71.299995,14100.96,1966.0321,13.457387
62.0,23797.11,1709.5933,6.4493175
6.2,5279.16,170.95932,2.3579624
124.0,21327.18,3419.1865,15.624065
1746.85,21203.64,48167.79,234.55598
13.95,12286.14,384.65848,2.2464428
48.05,26037.36,1324.9348,4.276494
24.8,12340.95,683.8373,4.7458205
32.55,19354.02,897.53644,3.8087125
-6.2,16101.09,-170.95932,-2.100995
-21.699999,18929.46,-598.3576,-4.2777095
71.299995,26445.39,1966.0321,6.708831
60.449997,17155.53,1666.8534,9.07491
58.899998,17874.15,1624.1135,8.421907
97.649994,18566.67,2692.6094,14.037901
17.05,10261.65,470.13812,3.7506838
119.35,15352.0205,3290.967,21.228281
173.59999,19063.44,4786.861,25.03739
6964.15,13617.24,192030.06,1461.2715
9.299999,15858.36,256.43896,0.67677045
75.95,16577.85,2094.2517,12.099314
6.2,9115.86,170.95932,0.94465697
-26.349998,11836.35,-726.5771,-7.365196
79.049995,20471.97,2179.7312,10.040562
82.149994,55895.76,2265.211,3.202209
72.85,16578.72,2008.7721,11.563989
156.54999,19828.17,4316.7227,21.574566
48.05,20193.57,1324.9348,5.8034515
125.549995,17020.68,3461.9263,20.090593
105.399994,19232.22,2906.3083,14.66968
55.8,14084.43,1538.6339,10.327757
122.45,18312.63,3376.4465,18.11864
275.9,24032.88,7607.69,31.824253
79.049995,21763.05,2179.7312,9.385587
15.5,14241.9,427.39832,2.1118076
-12.4,25404.871,-341.91864,-2.3955765
8521.899,19741.17,234983.58,1233.2766
57393.4,98574.484,1582570.5,1663.7401
32.55,10706.22,897.53644,7.6928825
68.2,23071.53,1880.5525,7.45195
-63.55,15452.07,-1752.3331,-12.759203
93.0,18026.4,2564.39,13.751049
52.699997,11401.35,1453.1542,12.2161
96.1,16985.01,2649.8696,15.1773205
99.2,17870.67,2735.349,14.871567
131.75,20516.34,3632.8857,17.361143
232.5,31561.86,6410.9746,20.062471
32.55,12634.14,897.53644,6.3663826
223.2,19827.3,6154.5356,31.186932
857.14996,6011.7,23635.127,406.66977
229.4,18349.17,6325.495,34.745876
196.84999,9201.12,5427.9585,60.17074
32.55,20687.73,897.53644,3.498701
40.3,11718.03,1111.2356,8.8333025
4059.45,16168.95,111935.62,716.8511
155.0,17218.17,4273.9834,24.73912
173.59999,18122.1,4786.861,26.389881
-15.5,15615.63,-427.39832,-3.8380573
117.799995,20339.73,3248.227,15.55957
12.4,16504.77,341.91864,1.1481333
147.25,36495.63,4060.284,10.536217
209.25,26173.95,5769.8774,21.858368
10.849999,16984.14,299.1788,0.8265649
1.55,8664.33,42.73983,-0.48849994
91.45,15691.32,2521.65,15.663767
44.949997,23174.19,1239.4551,4.5459266
110.049995,20353.65,3034.5278,14.459544
630.85,13705.11,17395.111,130.61111
54.25,22082.34,1495.8942,6.02431
-32.55,12864.69,-897.53644,-8.234368
206.15,22969.74,5684.3975,24.661158
103.85,19830.78,2863.5686,13.973237
58.899998,11340.45,1624.1135,13.850256
60.449997,15726.99,1666.8534,9.99005
139.5,16829.28,3846.585,22.70051
-4.6499996,28779.6,-128.21948,-1.4619737
204.59999,16727.49,5641.6577,33.97227
7565.55,33737.73,208613.11,640.17065
103.85,25296.99,2863.5686,10.737798
69.75,11042.04,1923.2925,17.061089
114.7,17519.19,3162.7476,17.719679
-9.299999,13911.3,-256.43896,-2.9114556
62.0,16527.39,1709.5933,9.7259655
590.55,21666.48,16283.876,76.93227
51.149998,24348.69,1410.4144,5.0064664
131.75,21660.39,3632.8857,16.391352
-108.5,14723.01,-2991.7883,-22.070854
17.05,22567.8,470.13812,1.160151
32.55,15896.64,897.53644,4.854565
131.75,18751.11,3632.8857,19.089663
-3.1,15265.0205,-85.47966,-1.5806484
246.45,43993.29,6795.6333,15.017376
102.299995,12405.33,2820.8289,22.578506
128.65,12154.7705,3547.406,29.263002
29.449999,19278.33,812.05676,3.3678212
170.5,20215.32,4701.3813,23.115303
2466.0498,13181.37,67999.07,533.9218
-15.5,8668.68,-427.39832,-6.112434
26.349998,15967.98,726.5771,3.718235
310.0,18163.86,8547.967,47.798065
103.85,15057.96,2863.5686,18.719202
-52.699997,14779.561,-1453.1542,-11.195253
-13.95,11300.43,-384.65848,-4.529622
5862.0996,13321.44,161642.03,1257.2037
658.75,18575.37,18164.428,100.39864
108.5,19359.24,2991.7883,15.024719
117.799995,21008.76,3248.227,15.032227
48.05,17620.11,1324.9348,6.7971125
62.0,17526.15,1709.5933,9.114726
283.65,23573.52,7821.389,33.403873
25416.898,44310.84,700847.75,1639.067
65.1,17374.77,1795.0729,9.712995
35.649998,24932.46,983.01605,3.0883055
12362.8,28318.5,340892.9,1247.2328
322.4,9240.2705,8889.885,98.760666
192.2,18183.87,5299.7393,29.221506
130.2,26556.75,3590.1458,13.017966
29.449999,9922.35,812.05676,7.486327
105.399994,21282.81,2906.3083,13.159914
258.85,23249.01,7137.5522,30.83411
277.44998,21643.86,7650.4297,35.65211
234.04999,19166.1,6453.7144,33.91595
173.59999,19159.14,4786.861,24.90733
27.9,20377.14,769.31696,2.9148033
79.049995,26155.68,2179.7312,7.6414137
48.05,27214.47,1324.9348,4.048269
40.3,11773.71,1111.2356,8.786799
127.1,19936.92,3504.6663,17.227894
114.7,19837.74,3162.7476,15.531801
-17.05,9211.56,-470.13812,-6.292248
6.2,12013.83,170.95932,0.47556782
128.65,17051.13,3547.406,20.572754
7.75,12220.0205,213.69916,0.8133379
142.59999,16231.59,3932.0642,24.119293
65.1,20540.7,1795.0729,8.061806
96.1,20119.62,2649.8696,12.656917
265.05,22760.07,7308.5107,32.296852
63.55,13203.12,1752.3331,12.762204
74.399994,21615.15,2051.5117,8.841553
26.349998,26671.59,726.5771,1.8247542
246.45,21441.15,6795.6333,31.864704
114.7,17334.75,3162.7476,17.918854
320.84998,21373.291,8847.145,41.921967
29.449999,16610.041,812.05676,4.069482
7.75,14221.0205,213.69916,0.5581883
150.34999,14003.5205,4145.7637,29.69836
162.75,19222.65,4487.682,23.207876
120.899994,16697.91,3333.7068,19.70204
18.599998,7936.14,512.8779,5.7011995
80.6,33047.82,2222.4712,5.973346
137.95,19453.2,3803.845,19.275877
12.4,17596.62,341.91864,1.014844
235.59999,22144.98,6496.454,29.419281
150.34999,18711.96,4145.7637,21.973814
122.45,9442.11,3376.4465,36.079914
75.95,20339.73,2094.2517,9.676565
79.049995,13481.5205,2179.7312,15.765324
133.3,29199.81,3675.6257,12.052663
-27.9,15454.68,-769.31696,-6.161705
187.54999,14534.22,5171.5195,35.89558
310.0,26034.75,8547.967,33.045307
221.65,50166.81,6111.796,11.632818
6.2,12109.53,170.95932,0.46390665
261.94998,23132.43,7223.0312,31.377708
106.95,17381.73,2949.0483,16.592873
97.649994,20712.09,2692.6094,12.480229
13.95,12422.73,384.65848,2.2107472
57.35,21512.49,1581.3738,6.6224003
-10.849999,17681.88,-299.1788,-2.7544875
34.1,17942.88,940.27625,4.4338937
235.59999,12205.23,6496.454,54.192272
20.15,26403.63,555.6178,1.1820283
21.699999,21626.46,598.3576,1.8689518
207.7,17923.74,5727.137,32.132698
113.149994,18920.76,3120.0076,16.098772
-12.4,22834.02,-341.91864,-2.5527027
203.04999,20345.82,5598.9175,27.534927
184.45,21281.07,5086.04,23.781876
74.399994,22722.66,2051.5117,8.361873
133.3,17891.55,3675.6257,20.30253
240.25,35815.29,6624.674,18.179792
34.1,8202.36,940.27625,10.886787
93.0,24555.75,2564.39,9.82876
139.5,12655.0205,3846.585,30.518124
13.95,22030.14,384.65848,0.8105308
46.5,13752.96,1282.195,8.667313
16915.15,43491.3,466419.8,1111.0453
37.199997,9953.67,1025.7559,9.68584
2932.5999,13209.21,80863.76,633.78253
49.6,13012.59,1367.6746,9.898504
285.19998,16461.27,7864.1284,48.53762
58.899998,13844.311,1624.1135,11.164463
-1.55,5112.12,-42.73983,-1.8669212
62.0,10059.81,1709.5933,16.621826
106.95,19197.42,2949.0483,14.928941
88.35,30761.46,2436.1704,7.211993
184.45,28896.18,5086.04,17.251024
139.5,23585.7,3846.585,15.9112
2478.45,33194.85,68340.99,212.4806
192.2,16234.2,5299.7393,32.850998
55.8,13243.14,1538.6339,11.047369
536.3,14461.14,14787.981,105.036224
-9.299999,8037.93,-256.43896,-4.3081684
-13.95,18214.32,-384.65848,-3.189829
207.7,21632.55,5727.137,26.452238
-20.15,9693.54,-555.6178,-6.9434915
54.25,16434.3,1495.8942,8.438381
240.25,17456.55,6624.674,38.350834
43.399998,9832.74,1196.7152,11.620139
79.049995,9453.42,2179.7312,22.909025
20.15,14986.62,555.6178,2.844327
-13.95,12360.96,-384.65848,-4.2267923
34.1,14793.48,940.27625,5.590722
27.9,16824.93,769.31696,3.7413273
18.599998,11998.17,512.8779,3.4324808
150.34999,25932.96,4145.7637,15.576786
88.35,18993.84,2436.1704,12.299727
82.149994,24080.73,2265.211,8.754092
134.84999,17520.93,3718.3652,21.006084
15.5,20424.12,427.39832,1.1698883
156.54999,16997.19,4316.7227,25.334488
-37.199997,9370.7705,-1025.7559,-12.350541
-13.95,5534.94,-384.65848,-8.206266
128.65,16428.21,3547.406,21.390743
6.2,15121.47,170.95932,0.17232132
48.05,17903.73,1324.9348,6.6735945
184.45,14827.41,5086.04,34.56824
37.199997,19026.9,1025.7559,4.5901546
35.649998,19497.57,983.01605,4.2279086
249.54999,10995.93,6881.113,63.889526
69.75,24738.45,1923.2925,7.061591
210.79999,13017.811,5812.6167,45.300064
1.55,12559.32,42.73983,-0.64713013
60.449997,8050.98,1666.8534,20.468245
116.25,15053.61,3205.4873,21.080112
27.9,17600.1,769.31696,3.5325027
23.25,7056.57,641.0975,8.420594
62.0,14937.03,1709.5933,10.8679695
49.6,11350.89,1367.6746,11.493978
2095.5999,29898.42,57784.25,199.40526
26.349998,15490.35,726.5771,3.8637176
97.649994,10294.71,2692.6094,26.121088
13.95,20474.58,384.65848,0.94808614
204.59999,21028.77,5641.6577,26.818953
148.79999,19859.49,4103.0234,20.423174
116.25,18283.05,3205.4873,17.179976
111.6,33802.11,3077.2678,8.439942
97.649994,10584.42,2692.6094,25.378748
192.2,19146.96,5299.7393,27.701363
193.75,21201.03,5342.479,25.12966
4774.0,13848.66,131638.69,984.65216
12.4,22633.05,341.91864,0.5664898
21.699999,9132.39,598.3576,5.79398
4729.05,18055.98,130399.22,747.862
27.9,18638.88,769.31696,3.2798972
182.9,17404.35,5043.3,29.04726
141.05,16851.9,3889.3247,22.93168
18.599998,7809.99,512.8779,5.8094397
17722.7,31441.8,488687.22,1610.6527
364.25,29646.121,10043.86,34.130203
13.95,9356.85,384.65848,3.262786
60.449997,11577.09,1666.8534,13.929521
85.25,22826.19,2350.6907,9.678493
31.0,12051.24,854.79663,6.354937
-6.2,9111.51,-170.95932,-2.9455857
26.349998,9946.71,726.5771,6.574433
303.8,29568.69,8377.007,28.376812
-40.3,10962.0,-1111.2356,-11.511489
35.649998,17035.47,983.01605,4.9834867
184.45,21228.87,5086.04,23.842815
66.65,15108.42,1837.8129,11.61334
10.849999,9318.57,299.1788,2.3291197
74.399994,14626.44,2051.5117,13.543979
7.75,8765.25,213.69916,1.5280542
5945.8,34110.09,163949.98,497.3981
48.05,9443.85,1324.9348,13.547667
110.049995,11811.99,3034.5278,25.638878
31.0,28067.94,854.79663,2.157913
271.25,18661.5,7479.4707,40.55968
-17.05,12956.91,-470.13812,-4.76246
1.55,15054.48,42.73983,-0.7056155
88.35,23235.96,2436.1704,9.871636
77.5,21622.11,2136.9917,9.24832
58.899998,9841.44,1624.1135,16.11219
49.6,9538.68,1367.6746,13.867652
93.0,9869.28,2564.39,25.94303
258.85,21275.85,7137.5522,33.786465
66.65,21241.92,1837.8129,7.9713
74.399994,17307.78,2051.5117,11.290811
85.25,18937.291,2350.6907,11.871391
12333.35,24964.65,340080.84,1411.5524
220.09999,26419.291,6069.0557,22.820333
106.95,23969.371,2949.0483,11.757722
206.15,13376.25,5684.3975,43.065422
182.9,24253.86,5043.3,20.56164
10987.949,24192.96,302982.66,1297.6036
4738.35,14460.2705,130655.67,935.914
37.199997,19164.36,1025.7559,4.550059
203.04999,22218.06,5598.9175,25.130384
271.25,20158.77,7479.4707,37.47288
190.65,30986.791,5256.999,16.591757
69.75,19222.65,1923.2925,9.374805
46.5,12072.99,1282.195,10.012529
-4.6499996,22878.39,-128.21948,-1.5811342
151.9,24473.97,4188.5034,16.746075
69.75,14139.24,1923.2925,13.104806
71.299995,10606.17,1966.0321,18.221172
77.5,16431.69,2136.9917,12.485545
-15.5,7007.85,-427.39832,-7.3240585
32.55,14711.7,897.53644,5.326115
313.09998,28265.43,8633.445,30.67207
29.449999,16489.11,812.05676,4.1066613
97.649994,24928.98,2692.6094,10.199966
23.25,8061.42,641.0975,7.2463236
44.949997,19784.67,1239.4551,5.4960575
23.25,3068.49,641.0975,20.664429
117.799995,12875.13,3248.227,25.160295
-1.55,15215.43,-42.73983,-1.2912705
139.5,21628.2,3846.585,17.44178
13.95,14762.16,384.65848,1.7019248
66.65,13023.9,1837.8129,13.632149
17.05,19206.12,470.13812,1.5382462
119.35,19356.63,3290.967,16.629566
57.35,17467.86,1581.3738,8.387343
15.5,13959.15,427.39832,2.174839
46.5,5835.09,1282.195,21.78528
108.5,29499.09,2991.7883,9.516473
63.55,11268.24,1752.3331,15.125324
142.59999,13269.24,3932.0642,29.72716
27.9,27323.22,769.31696,1.9195862
179.79999,23441.28,4957.8203,20.930944
131.75,19558.47,3632.8857,18.260374
156.54999,21191.46,4316.7227,20.122295
116.25,18855.51,3205.4873,16.628025
113.149994,18187.35,3120.0076,16.788286
122.45,16034.97,3376.4465,20.834316
1.55,5874.24,42.73983,-0.2455526
-15.5,21902.25,-427.39832,-3.0234475
-13.95,3659.22,-384.65848,-11.900205
3110.8499,14662.11,85778.836,605.64075
86.799995,14458.53,2393.4304,16.165028
13.95,13435.41,384.65848,1.9687407
258.85,25999.95,7137.5522,27.465883
494.44998,19978.68,13634.006,69.762726
131.75,21123.6,3632.8857,16.833298
308.44998,10268.61,8505.227,84.88595
3599.0999,14642.1,99241.88,701.81256
150.34999,20622.48,4145.7637,19.845463
27224.2,44385.66,750682.4,1752.7247
21.699999,16794.48,598.3576,2.6943848
24.8,16643.1,683.8373,3.2605577
144.15,20531.13,3974.8042,19.074778
21.699999,18193.44,598.3576,2.4103103
424.69998,26103.48,11710.714,45.519264
156.54999,21299.34,4316.7227,20.015314
117.799995,18902.49,3248.227,16.818668
34.1,11364.811,940.27625,7.579088
9.299999,15155.4,256.43896,0.754545
23.25,7697.7603,641.0975,7.6358995
55.8,15412.92,1538.6339,9.35138
-13.95,21316.74,-384.65848,-2.8711233
34.1,13790.37,940.27625,6.0701303
-38.75,11805.9,-1068.4958,-10.384727
29.449999,11529.24,812.05676,6.3035426
7.75,10312.98,213.69916,1.1486542
113.149994,15155.4,3120.0076,20.346964
223.2,26225.28,6154.5356,23.334534
173.59999,27038.73,4786.861,17.357452
-4.6499996,10654.89,-128.21948,-2.2478228
80.6,17566.17,2222.4712,12.119187
13.95,7354.98,384.65848,4.423026
60.449997,20987.88,1666.8534,7.2352486
-10.849999,21357.63,-299.1788,-2.4525318
48.05,27514.621,1324.9348,3.9931984
99.2,25907.73,2735.349,9.947911
-3.1,19578.48,-85.47966,-1.4527221
17.05,13202.25,470.13812,2.6925418
57.35,29602.621,1581.3738,4.539266
52.699997,17694.93,1453.1542,7.5155115
190.65,16722.27,5256.999,31.59797
88.35,15765.2705,2436.1704,15.02338
7.75,6873.87,213.69916,2.223661
55.8,18991.23,1538.6339,7.400983
68.2,21889.2,1880.5525,7.908477
68.2,13175.28,1880.5525,13.800401
192.2,24031.14,5299.7393,21.86799
26.349998,8620.83,726.5771,7.739378
48.05,14390.67,1324.9348,8.546878
124.0,24567.93,3419.1865,13.43119
1275.6499,18875.52,35174.88,192.23312
51.149998,19845.57,1410.4144,6.369382
18899.15,46978.26,521126.78,1149.2555
59135.598,61032.242,1630610.0,2769.3755
196.84999,18174.3,5427.9585,29.968966
12599.949,28254.121,347432.06,1274.0757
137.95,19917.78,3803.845,18.802944
74.399994,12686.34,2051.5117,15.768166
144.15,9760.53,3974.8042,41.226997
106.95,17235.57,2949.0483,16.742062
99.2,18557.1,2735.349,14.284476
134.84999,17863.71,3718.3652,20.583817
-15.5,11931.18,-427.39832,-4.7144737
60.449997,14253.21,1666.8534,11.12642
158.09999,17009.37,4359.4624,25.576183
229.4,37864.14,6325.495,16.322647
226.29999,22057.98,6240.015,28.333765
17.05,18564.06,470.13812,1.6260343
142.59999,26454.09,3932.0642,14.412592
86.799995,19006.02,2393.4304,12.058026
79.049995,18132.541,2179.7312,11.464996
148.79999,27508.53,4103.0234,14.466231
10.849999,20076.99,299.1788,0.54518366
158.09999,24505.291,4359.4624,17.446796
168.95,16444.74,4658.6416,28.375154
7.75,20271.0,213.69916,0.09313929
55.8,17524.41,1538.6339,8.104157
60.449997,8747.85,1666.8534,18.758045
100.75,19109.55,2778.089,14.074523
229.4,20481.541,6325.495,31.024307
500.65,10922.85,13804.966,130.05309
108.5,16352.5205,2991.7883,17.971167
113.149994,23326.44,3120.0076,12.869318
204.59999,17641.86,5641.6577,32.159676
38.75,21993.6,1068.4958,4.037608
108.5,14285.4,2991.7883,20.716324
-9.299999,22235.46,-256.43896,-2.195875
131.75,38494.89,3632.8857,8.785805
165.84999,50418.242,4573.1616,8.405388
29.449999,18129.93,812.05676,3.6444912
20.15,8748.72,555.6178,5.5853596
21.699999,15662.61,598.3576,2.9613621
7.75,28281.96,213.69916,-0.21649605
103.85,9444.72,2863.5686,30.438833
43.399998,19769.01,1196.7152,5.277024
83.7,25759.83,2307.951,8.290337
105.399994,17514.84,2906.3083,16.206139
94.549995,20259.69,2607.1296,12.343744
136.4,20108.31,3761.105,18.394909
1078.7999,20120.49,29746.922,152.30325
196.84999,35645.64,5427.9585,14.789848
113.149994,16724.88,3120.0076,18.343742
272.8,13616.37,7522.21,56.283825
57.35,16202.01,1581.3738,9.1207695
31.0,8488.59,854.79663,9.441794
32.55,30361.26,897.53644,2.0653508
144.15,16639.62,3974.8042,23.76967
6401.5,15100.59,176515.5,1211.0955
44.949997,19568.041,1239.4551,5.567972
10019.199,61189.71,276270.25,467.17
562.64996,25359.63,15514.558,62.43725
35.649998,15804.42,983.01605,5.449558
99.2,13310.13,2735.349,20.30975
241.79999,32639.791,6667.4136,20.181559
4.6499996,14878.74,128.21948,-0.10641527
2115.75,17701.02,58339.87,340.75516
134.84999,21123.6,3718.3652,17.252905
-34.1,6939.99,-940.27625,-15.048969
136.4,14979.66,3761.105,25.035227
4.6499996,16898.88,128.21948,-0.21323693
485.15,8455.53,13377.567,163.053
-18.599998,14607.3,-512.8779,-4.640759
113.149994,14407.2,3120.0076,21.455563
27.9,15561.69,769.31696,4.12621
288.3,33921.3,7949.6084,23.30083
0.0,9255.06,0.0,-1.0
110.049995,12507.12,3034.5278,24.158323
9.299999,12065.16,256.43896,1.2039351
38.75,17225.13,1068.4958,5.43218
7.75,20137.89,213.69916,0.10036492
375.09998,21990.121,10343.039,47.77176
184.45,20509.38,5086.04,24.714323
788.94995,34035.27,21754.572,65.27798
-23.25,7639.47,-641.0975,-9.701792
18.599998,11201.25,512.8779,3.7478328
589.0,54633.39,16241.136,29.825214
7.75,17038.95,213.69916,0.30049253
-24.8,17549.64,-683.8373,-5.040475
175.15,14942.25,4829.601,32.5153
72.85,18211.71,2008.7721,10.437413
-10.849999,14830.89,-299.1788,-3.0917583
27.9,7870.89,769.31696,9.13513
190.65,15991.47,5256.999,33.087677
-7.75,7639.47,-213.69916,-3.9005973
130.2,14488.11,3590.1458,24.694975
43.399998,24907.23,1196.7152,3.982109
133.3,23005.41,3675.6257,15.567202
323.94998,21315.0,8932.624,42.455185
-10.849999,12256.561,-299.1788,-3.5311046
74.399994,14870.91,2051.5117,13.304883
142.59999,20552.01,3932.0642,18.838743
237.15,9439.5,6539.1943,70.832855
116.25,8928.81,3205.4873,36.226173
13.95,12812.49,384.65848,2.1130755
182.9,20145.72,5043.3,24.958515
317.75,19489.74,8761.666,45.615307
40.3,14456.79,1111.2356,6.9704375
46.5,13679.88,1282.195,8.718957
26.349998,13009.98,726.5771,4.790992
347.19998,21364.59,9573.722,45.465874
306.9,52751.582,8462.486,15.634523
38.75,9759.66,1068.4958,10.352356
72.85,20106.57,2008.7721,9.359542
15.5,16762.291,427.39832,1.643914
184.45,26943.03,5086.04,18.574074
120.899994,11841.57,3333.7068,28.192142
105.399994,38869.86,2906.3083,6.7531214
79.049995,17760.18,2179.7312,11.726338
150.34999,15304.17,4145.7637,27.089413
65.1,23361.24,1795.0729,6.9677205
69.75,17037.21,1923.2925,10.705628
83.7,9814.47,2307.951,23.38415
32354.7,86614.59,892151.25,1067.0591
82.149994,22537.35,2265.211,9.422063
2199.45,23230.74,60647.82,269.70734
6085.3,16783.17,167796.58,1035.7094
120.899994,18083.82,3333.7068,18.115475
-17.05,13309.26,-470.13812,-4.662853
147.25,23094.15,4060.284,17.230656
151.9,18211.71,4188.5034,22.84822
407.65,20039.58,11240.575,57.16313
27.9,12296.58,769.31696,5.4873724
-7.75,18023.791,-213.69916,-2.229432
99.2,12526.26,2735.349,21.643274
206.15,23108.07,5684.3975,24.507544
7.75,9590.01,213.69916,1.3106365
52.699997,15398.13,1453.1542,8.785693
96.1,20398.89,2649.8696,12.469945
238.7,21033.12,6581.934,31.44873
83.7,10526.13,2307.951,21.735565
94.549995,19733.34,2607.1296,12.699664
35.649998,6062.16,983.01605,15.814388
57.35,25955.58,1581.3738,5.3175936
168.95,17743.65,4658.6416,26.224768
48.05,22225.02,1324.9348,5.1815906
31.0,21475.08,854.79663,3.1273937
4.6499996,12484.5,128.21948,0.064953804
161.2,10154.64,4444.9424,44.388885
136.4,9767.49,3761.105,38.928257
193.75,24330.42,5342.479,21.76885
430.9,21310.65,11881.673,56.813435
294.5,21825.69,8120.568,37.580364
116.25,16455.18,3205.4873,19.199438
164.29999,17547.9,4530.422,25.770802
234.04999,19527.15,6453.7144,33.270367
15.5,14280.18,427.39832,2.1034663
46.5,23179.41,1282.195,4.7358737
58.899998,27409.35,1624.1135,5.1442027
9.299999,10542.66,256.43896,1.5222125
106.95,18819.84,2949.0483,15.248522
368.9,25092.541,10172.08,41.03519
102.299995,44093.34,2820.8289,5.633636
175.15,18625.83,4829.601,25.887072
88.35,14574.24,2436.1704,16.332834
75.95,17935.05,2094.2517,11.108048
93.0,10614.0,2564.39,24.052603
0.0,15539.07,0.0,-1.0
-26.349998,8958.39,-726.5771,-9.41007
1829.0,21001.8,50433.0,248.0039
29.449999,15847.05,812.05676,4.313563
-21.699999,10149.42,-598.3576,-7.113184
27.9,16165.47,769.31696,3.9347467
26.349998,18165.6,726.5771,3.147437
40.3,5258.28,1111.2356,20.91343
68.2,16873.65,1880.5525,10.556446
68.2,19643.73,1880.5525,8.926803
165.84999,18471.84,4573.1616,24.671679
17.05,21476.82,470.13812,1.2698824
147.25,36906.27,4060.284,10.407859
-31.0,17976.81,-854.79663,-5.93058
91.45,19135.65,2521.65,12.664364
21.699999,11408.311,598.3576,4.438603
240.25,17444.37,6624.674,38.37831
145.7,9422.1,4017.5442,43.214108
201.5,18661.5,5556.178,29.872906
351.84998,11941.62,9701.941,83.244835
40.3,17299.95,1111.2356,5.6605363
190.65,10591.38,5256.999,50.467518
192.2,21786.541,5299.7393,24.224009
79.049995,22792.26,2179.7312,8.916615
252.65,12569.76,6966.5923,56.470013
230.95,17246.01,6368.235,37.28938
72.85,11524.89,2008.7721,17.07348
165.84999,19662.0,4573.1616,23.117746
21.699999,9115.86,598.3576,5.806299
2500.15,17450.46,68939.34,408.64545
105.399994,20623.35,2906.3083,13.612697
97.649994,24618.39,2692.6094,10.341267
178.25,17862.84,4915.0806,27.531725
85.25,9065.4,2350.6907,25.887869
66.65,18407.46,1837.8129,9.352739
43.399998,15445.11,1196.7152,7.034293
41.85,8237.16,1153.9755,13.526699
6.2,20866.95,170.95932,-0.15046412
75.95,20597.25,2094.2517,9.54308
-21.699999,13106.55,-598.3576,-5.7339134
10.849999,13385.82,299.1788,1.3175745
227.84999,21677.791,6282.755,29.052662
-37.199997,13038.69,-1025.7559,-9.157516
27.9,15999.3,769.31696,3.9859996
424.69998,43784.492,11710.714,26.733898
-4.6499996,38410.5,-128.21948,-1.3461401
52.699997,16677.03,1453.1542,8.035265
26.349998,35599.53,726.5771,1.1163392
26.349998,13957.41,726.5771,4.3978987
52.699997,17781.06,1453.1542,7.474262
291.4,8653.0205,8035.0884,95.2877
94.549995,29333.791,2607.1296,8.215997
10.849999,21241.92,299.1788,0.4604441
385.94998,15760.05,10642.218,69.02005
-18.599998,22843.59,-512.8779,-3.328078
27.9,14863.08,769.31696,4.367158
-15.5,13222.26,-427.39832,-4.351776
187.54999,26742.93,5171.5195,19.05197
24.8,17481.78,683.8373,3.0561595
274.35,19521.06,7564.9507,39.18376
117.799995,17774.97,3248.227,17.94896
137.95,19943.01,3803.845,18.777891
632.39996,89590.86,17437.85,19.1826
20720.398,40414.11,571346.06,1464.933
150.34999,19440.15,4145.7637,21.113262
114.7,10103.31,3162.7476,31.460014
475.84998,43488.69,13121.128,30.285471
589.0,16284.66,16241.136,102.41548
110.049995,15818.34,3034.5278,18.891983
34.1,19659.39,940.27625,3.9594474
215.45,21141.87,5940.8364,28.137487
10.849999,12677.64,299.1788,1.4470356
522.35,13858.23,14403.322,106.77122
44.949997,13798.2,1239.4551,8.314428
506.84998,28322.85,13975.925,50.167183
82.149994,16533.48,2265.211,13.206668
141.05,19495.83,3889.3247,19.686182
13.95,11855.49,384.65848,2.3643694
145.7,17340.84,4017.5442,23.023619
-9.299999,11602.32,-256.43896,-3.2918544
640.14996,21806.55,17651.549,82.93512
51.149998,17719.291,1410.4144,7.2536926
102.299995,24162.51,2820.8289,11.105495
60.449997,19442.76,1666.8534,7.8897057
-13.95,24766.291,-384.65848,-2.6105056
83.7,11686.71,2307.951,19.477747
333.25,23672.7,9189.063,39.250507
9.299999,19866.45,256.43896,0.33847928
46.5,17011.98,1282.195,6.8153257
20.15,11028.12,555.6178,4.224233
252.65,28532.52,6966.5923,24.317926
303.8,18968.61,8377.007,44.79323
94.549995,22640.01,2607.1296,10.940813
458.8,16600.47,12650.99,78.02272
18.599998,17216.43,512.8779,2.0890064
31.0,7595.97,854.79663,10.668833
111.6,16052.37,3077.2678,18.87806
15056.699,20955.69,415174.72,2053.3613
1.55,16185.48,42.73983,-0.7261864
252.65,35787.45,6966.5923,19.185408
277.44998,17964.63,7650.4297,43.15861
629.3,21381.121,17352.371,83.15428
46.5,18848.55,1282.195,6.053814
15.5,17261.67,427.39832,1.5674257
0.0,11500.53,0.0,-1.0
-20.15,13712.07,-555.6178,-5.201661
17.05,7860.45,470.13812,5.2019167
-9.299999,18450.09,-256.43896,-2.4412303
136.4,23162.88,3761.105,15.8372345
55.8,9670.05,1538.6339,15.49888
35.649998,15830.5205,983.01605,5.438924
128.65,15162.36,3547.406,23.260065
38.75,19686.36,1068.4958,4.6280155
127.1,20381.49,3504.6663,16.830297
65.1,13119.6,1795.0729,13.187615
-13.95,17178.15,-384.65848,-3.3219175
133.3,22649.58,3675.6257,15.8274765
685.1,126585.87,18891.006,14.47454
9.299999,17991.6,256.43896,0.47795808
83.7,29407.74,2307.951,7.137908
31.0,25862.49,854.79663,2.4272072
110.049995,15640.86,3034.5278,19.117702
60.449997,23182.89,1666.8534,6.455516
58.899998,14107.92,1624.1135,10.937167
63.55,24622.74,1752.3331,6.379521
-6.2,16499.55,-170.95932,-2.0744061
55.8,23162.88,1538.6339,5.88796
-1.55,9261.15,-42.73983,-1.4785372
6.2,30126.36,170.95932,-0.4115711
1.55,16179.39,42.73983,-0.7260833
40.3,17147.7,1111.2356,5.719673
60.449997,13980.03,1666.8534,11.363379
114.7,26180.91,3162.7476,11.52644
182.9,28280.22,5043.3,17.491829
176.7,12660.24,4872.341,38.906498
62.0,11479.65,1709.5933,14.442302
-23.25,10987.23,-641.0975,-7.0503945
48.05,9646.56,1324.9348,13.241965
21.699999,9396.0,598.3576,5.6033707
212.34999,28495.11,5855.357,20.307423
-7.75,12503.64,-213.69916,-2.772206
86.799995,11129.04,2393.4304,21.300314
-54.25,7240.14,-1495.8942,-22.424059
305.34998,16956.3,8419.746,50.489155
26.349998,16666.59,726.5771,3.520462
9.299999,10565.28,256.43896,1.5168126
-13.95,20000.43,-384.65848,-2.9942696
1994.85,14242.7705,55006.164,399.46518
151.9,18031.62,4188.5034,23.086409
124.0,14816.1,3419.1865,22.929674
10.849999,18557.97,299.1788,0.67166114
18.599998,12843.811,512.8779,3.140645
32.55,14151.42,897.53644,5.5765777
34.1,18276.09,940.27625,4.334823
341.0,31126.86,9402.763,30.32334
150.34999,22258.08,4145.7637,18.313667
144.15,22238.94,3974.8042,17.533163
1489.5499,14426.34,41072.977,294.22147
105.399994,23694.45,2906.3083,11.718706
77.5,18826.8,2136.9917,10.769938
155.0,33932.61,4273.9834,12.06061
96.1,13417.14,2649.8696,19.479174
345.65,22032.75,9530.982,43.855618
17.05,23407.35,470.13812,1.0826731
100.75,30578.76,2778.089,8.420505
114.7,13615.5,3162.7476,23.086784
367.34998,18039.45,10129.34,57.2245
103.85,23846.7,2863.5686,11.451658
345.65,18676.291,9530.982,51.916965
44.949997,16444.74,1239.4551,6.815408
469.65,20017.83,12950.169,66.08205
127.1,19039.08,3504.6663,18.08748
41.85,18465.75,1153.9755,5.480037
246.45,21590.791,6795.6333,31.636929
29.449999,20330.16,812.05676,3.1418414
13.95,16281.18,384.65848,1.4498377
170.5,22721.791,4701.3813,20.455112
-4.6499996,21989.25,-128.21948,-1.6046325
130.2,12626.311,3590.1458,28.483803
31.0,15203.25,854.79663,4.830076
34.1,13802.55,940.27625,6.0638914
130.2,7289.73,3590.1458,50.067963
178.25,20183.13,4915.0806,24.251663
62.0,9814.47,1709.5933,17.062332
57.35,16095.0,1581.3738,9.188059
215.45,19422.75,5940.8364,30.716463
141.05,19577.61,3889.3247,19.599771
0.0,13875.63,0.0,-1.0
66.65,14756.07,1837.8129,11.914525
86.799995,13604.19,2393.4304,17.242989
22538.549,36760.98,621479.9,1752.024
31.0,12739.41,854.79663,5.9576306
51.149998,17034.6,1410.4144,7.5854425
-23.25,15700.0205,-641.0975,-5.2342033
21.699999,16797.96,598.3576,2.693619
44.949997,17583.57,1239.4551,6.3092294
85.25,24022.44,2350.6907,9.146733
65.1,19679.4,1795.0729,8.458409
17.05,6144.81,470.13812,6.9335012
198.4,19507.14,5470.698,28.080175
103.85,17480.91,2863.5686,15.986013
31.0,13692.061,854.79663,5.473541
85.25,19083.45,2350.6907,11.772811
217.0,24296.49,5983.5767,24.536724
32867.75,45456.63,906298.1,2066.3867
97.649994,20120.49,2692.6094,12.876588
24.8,23511.75,683.8373,2.0158916
102.299995,9200.25,2820.8289,30.792522
331.69998,26187.871,9146.323,35.21548
0.0,6417.12,0.0,-1.0
99.2,31707.15,2735.349,7.9454756
63.55,17580.09,1752.3331,9.335785
85.25,15925.35,2350.6907,14.305742
-7.75,29131.08,-213.69916,-1.7606661
46.5,12341.82,1282.195,9.772655
176.7,23427.36,4872.341,20.565632
268.15,19179.15,7393.9907,38.975822
-13.95,9590.01,-384.65848,-5.159146
429.34998,50803.65,11838.933,23.163816
7.75,13290.99,213.69916,0.6672218
207.7,21761.31,5727.137,26.289803
80.6,18526.65,2222.4712,11.439048
32.55,12556.71,897.53644,6.4118066
119.35,10553.1,3290.967,31.336376
44.949997,14317.59,1239.4551,7.976536
165.84999,44975.52,4573.1616,9.543583
27.9,16354.26,769.31696,3.877781
778.1,10992.45,21455.395,201.39038
257.3,11355.24,7094.812,63.78768
-1.55,16536.96,-42.73983,-1.2679939
7734.5,20848.68,213271.77,1059.7247
168.95,19655.041,4658.6416,23.577248
89.899994,24599.25,2478.9102,9.44929
103.85,19882.11,2863.5686,13.934579
46.5,23438.67,1282.195,4.6724277
68.2,14087.04,1880.5525,12.842469
75.95,16356.0,2094.2517,12.276991
63.55,26278.35,1752.3331,5.9145904
99.2,11166.45,2735.349,24.40069
108.5,19114.77,2991.7883,15.22967
75.95,10911.54,2094.2517,18.901724
255.74998,18986.01,7052.072,37.515087
37.199997,19321.83,1025.7559,4.504826
131.75,21030.51,3632.8857,16.912237
75.95,30634.44,2094.2517,6.088704
210.79999,13771.23,5812.6167,42.767002
122.45,17977.68,3376.4465,18.47485
130.2,21315.87,3590.1458,16.46453
248.0,19669.83,6838.373,35.049564
26.349998,7995.3,726.5771,8.423122
279.0,18507.51,7693.17,42.102776
153.45,19497.57,4231.243,21.502737
128.65,24967.26,3547.406,13.732889
85.25,22857.51,2350.6907,9.66386
2244.4,16817.97,61887.273,380.57126
20.15,8760.9,555.6178,5.576204
23.25,15827.04,641.0975,3.200222
52.699997,38458.35,1453.1542,2.9180403
38.75,9686.58,1068.4958,10.4380045
85.25,13568.5205,2350.6907,16.964323
55.8,14675.16,1538.6339,9.871772
520.8,10591.38,14360.583,139.59421
74.399994,10631.4,2051.5117,19.009277
198.4,8667.81,5470.698,64.445724
79.049995,18895.53,2179.7312,10.961669
151.9,24817.621,4188.5034,16.500345
-4.6499996,19028.64,-128.21948,-1.6987054
131.75,27454.59,3632.8857,12.720965
203.04999,15867.93,5598.9175,35.58741
6.2,19024.291,170.95932,-0.06817973
172.04999,18118.62,4744.121,26.150545
196.84999,15942.75,5427.9585,34.303776
316.19998,25027.291,8718.925,35.124096
2741.95,22271.13,75606.76,351.01907
32.55,10247.73,897.53644,8.081807
18.599998,9908.43,512.8779,4.367315
48.05,12240.03,1324.9348,10.224317
306.9,19046.91,8462.486,45.07033
381.3,28742.19,10513.998,36.93114
-40.3,13096.11,-1111.2356,-9.798562
217.0,18833.76,5983.5767,31.94365
-21.699999,7127.91,-598.3576,-9.704554
18.599998,10882.83,512.8779,3.8867493
24.8,9509.1,683.8373,6.45695
6.2,17533.11,170.95932,0.011071086
9.299999,9241.14,256.43896,1.8774405
-13.95,11392.65,-384.65848,-4.501051
120.899994,17382.6,3333.7068,18.8866
48.05,11369.16,1324.9348,11.084091
294.5,20911.32,8120.568,39.26733
68.2,17551.38,1880.5525,10.110204
31.0,6763.38,854.79663,12.105298
69.75,26340.121,1923.2925,6.5713873
52.699997,11066.4,1453.1542,12.616114
128.65,12184.35,3547.406,29.189533
86.799995,16024.53,2393.4304,14.487573
82.149994,9450.81,2265.211,23.853498
3.1,14845.68,85.47966,-0.40295017
271.25,14930.07,7479.4707,50.946575
621.55,25905.99,17138.672,67.60012
1145.45,10877.61,31584.734,300.08673
124.0,22800.09,3419.1865,14.550134
9.299999,15143.22,256.43896,0.7559563
51.149998,17401.74,1410.4144,7.4043074
128.65,16887.57,3547.406,20.781693
15.5,15897.51,427.39832,1.7877357
26.349998,14737.8,726.5771,4.1120715
40.3,10523.5205,1111.2356,9.949467
79.049995,14887.44,2179.7312,14.182063
72.85,21392.43,2008.7721,8.736849
179.79999,24104.22,4957.8203,20.327776
18499.25,46994.79,510099.9,1124.5205
43.399998,14664.72,1196.7152,7.4618425
31.0,18040.32,854.79663,3.9132223
251.09999,16548.27,6923.8525,42.38535
38.75,5804.64,1068.4958,18.087341
57.35,12497.55,1581.3738,12.120715
75.95,17351.28,2094.2517,11.515415
319.3,20177.041,8804.405,44.247066
40.3,15706.98,1111.2356,6.336034
147.25,11625.811,4060.284,35.21438
136.4,18728.49,3761.105,19.823828
83.7,14357.61,2307.951,15.668339
232.5,17992.47,6410.9746,35.947166
-34.1,16684.86,-940.27625,-6.843604
20.15,19267.89,555.6178,1.9901285
48.05,15885.33,1324.9348,7.6486063
93.0,22560.84,2564.39,10.786278
2785.3499,14339.34,76803.48,554.39197
187.54999,20279.7,5171.5195,25.442623
17.05,19222.65,470.13812,1.5360634
186.0,10865.43,5128.78,47.945755
54.25,21317.61,1495.8942,6.276294
40.3,50686.2,1111.2356,1.2733395
260.4,22334.64,7180.2915,32.335808
31.0,19260.93,854.79663,3.6018605
102.299995,10489.59,2820.8289,26.88471
230.95,22626.96,6368.235,28.183725
210.79999,23041.08,5812.6167,25.158735
148.79999,9041.04,4103.0234,46.058002
89.899994,18408.33,2478.9102,12.9635
106.95,21399.39,2949.0483,13.289872
1302.0,9472.56,35901.457,392.00006
60.449997,12742.0205,1666.8534,12.5646
12038.85,28325.46,331960.25,1214.2258
86.799995,21578.61,2393.4304,10.501255
37.199997,13915.65,1025.7559,6.6434317
93.0,30966.78,2564.39,7.58689
162.75,8452.92,4487.682,54.050743
10.849999,24357.39,299.1788,0.2736436
77.5,16986.75,2136.9917,12.044889
161.2,20768.64,4444.9424,21.192486
21.699999,17248.62,598.3576,2.5971155
-10.849999,18851.16,-299.1788,-2.6456618
83.7,26435.82,2307.951,8.052773
116.25,11137.74,3205.4873,28.843163
54.25,10339.08,1495.8942,14.00261
49.6,15978.42,1367.6746,7.8755817
99.2,19868.19,2735.349,13.275863
124.0,24252.121,3419.1865,13.619111
49.6,23100.24,1367.6746,5.1392336
330.15,27738.21,9103.584,33.031555
14875.35,38977.74,410174.16,1090.1879
40.3,11502.2705,1111.2356,9.0177555
7.75,15012.72,213.69916,0.47601688
144.15,24858.51,3974.8042,15.5801525
141.05,21007.89,3889.3247,18.197277
13.95,17684.49,384.65848,1.2554367
7.75,15224.13,213.69916,0.45552003
334.8,11325.66,9231.804,83.522224
57.35,11254.32,1581.3738,13.570121
51.149998,17073.75,1410.4144,7.565756
63.55,17689.71,1752.3331,9.271735
52.699997,11844.18,1453.1542,11.721976
6.2,21234.09,170.95932,-0.16515273
-4.6499996,7956.15,-128.21948,-2.6710865
17.05,17658.39,470.13812,1.7607193
3.1,9161.1,85.47966,-0.032473087
120.899994,23416.92,3333.7068,13.762011
65.1,17908.08,1795.0729,9.393957
63.55,15044.04,1752.3331,11.07814
-26.349998,17036.34,-726.5771,-5.422352
86.799995,22425.121,2393.4304,10.0671015
288.3,21205.38,7949.6084,37.87295
15.5,18635.4,427.39832,1.3781648
162.75,15032.73,4487.682,29.955093
3.1,19864.71,85.47966,-0.5538012
114.7,12884.7,3162.7476,24.452948
66.65,27007.41,1837.8129,6.0561247
17933.5,27930.48,494499.84,1834.8434
44.949997,25681.53,1239.4551,4.0044665
-41.85,12837.72,-1153.9755,-10.320872
32.55,28595.16,897.53644,2.2546737
3.1,15873.15,85.47966,-0.44159728
94.549995,16884.09,2607.1296,15.011532
139.5,13879.98,3846.585,27.736534
52.699997,14681.25,1453.1542,9.263525
2418.0,14529.87,66674.14,474.82095
94.549995,12750.72,2607.1296,20.20195
168.95,17270.37,4658.6416,26.970842
4.6499996,16949.34,128.21948,-0.21557915
17.05,12211.32,470.13812,2.9921854
99.2,26519.34,2735.349,9.695422
6045.0,17722.77,166685.34,974.24493
12.4,9482.13,341.91864,2.73908
1359.35,15429.45,37482.832,250.90096
124.0,19012.11,3419.1865,17.648348
164.29999,13056.96,4530.422,34.978615
215.45,15809.64,5940.8364,37.964893
77.5,21401.13,2136.9917,9.354139
175.15,13801.68,4829.601,35.285004
0.0,20170.08,0.0,-1.0
164.29999,45490.56,4530.422,9.326788
110.049995,10000.65,3034.5278,30.463772
150.34999,26033.88,4145.7637,15.512526
182.9,24085.95,5043.3,20.711954
131.75,21335.01,3632.8857,16.656588
106.95,12925.59,2949.0483,22.658075
-13.95,16292.49,-384.65848,-3.4481368
69.75,14201.01,1923.2925,13.043455
-18.599998,19106.07,-512.8779,-3.7834954
-12.4,7055.7,-341.91864,-6.024936
80.6,24959.43,2222.4712,8.233139
93.0,12762.03,2564.39,19.835896
5730.3496,14111.4,158009.16,1160.0743
1.55,22718.31,42.73983,-0.80492365
41.85,12226.11,1153.9755,8.7871475
55.8,19157.4,1538.6339,7.3281126
65.1,10138.11,1795.0729,17.360012
-41.85,16761.42,-1153.9755,-8.138939
54.25,13611.15,1495.8942,10.396039
-4.6499996,16672.68,-128.21948,-1.7974372
23.25,20416.291,641.0975,2.2560802
196.84999,19289.64,5427.9585,28.17832
-38.75,9664.83,-1068.4958,-12.463745
37.199997,19652.43,1025.7559,4.4122224
-17.05,14538.57,-470.13812,-4.35314
27.9,27544.2,769.31696,1.8961632
125.549995,19985.64,3461.9263,16.961708
113.149994,15629.55,3120.0076,19.699368
168.95,14654.28,4658.6416,31.96421
12.4,7093.11,341.91864,3.998434
82.149994,23617.02,2265.211,8.94561
2627.25,14187.09,72444.016,528.48914
89.899994,32226.541,2478.9102,6.97618
29.449999,8947.08,812.05676,8.411372
150.34999,15686.1,4145.7637,26.405481
38.75,15727.86,1068.4958,6.0445147
110.049995,16322.94,3034.5278,18.277052
-1.55,16041.061,-42.73983,-1.2762789
72.85,14292.36,2008.7721,13.57386
116.25,18473.58,3205.4873,16.992474
762.6,20411.94,21027.996,105.82219
-12.4,14378.49,-341.91864,-3.4657972
41.85,16155.03,1153.9755,6.4069033
31.0,6558.93,854.79663,12.513805
27.9,10875.87,769.31696,6.3348155
60.449997,13009.11,1666.8534,12.286106
35.649998,18684.99,983.01605,4.455262
52.699997,21506.4,1453.1542,6.00635
1.55,16162.86,42.73983,-0.72580314
167.4,20560.71,4615.902,22.279108
480.5,10882.83,13249.348,125.24103
29.449999,10679.25,812.05676,6.8848515
246.45,38620.17,6795.6333,17.245829
57.35,26377.53,1581.3738,5.2165337
88.35,21284.55,2436.1704,10.868369
21.699999,27265.8,598.3576,1.2755711
57.35,24674.07,1581.3738,5.645714
7150.15,21736.08,197158.84,939.55225
-23.25,12655.89,-641.0975,-6.25266
74.399994,24563.58,2051.5117,7.660246
204.59999,22375.53,5641.6577,25.144556
133.3,11877.24,3675.6257,31.08955
168.95,20620.74,4658.6416,22.426258
-9.299999,15596.49,-256.43896,-2.704924
125.549995,19422.75,3461.9263,17.482256
136.4,24813.27,3761.105,14.717351
100.75,18354.39,2778.089,14.694739
-31.0,18769.38,-854.79663,-5.722378
139.5,18762.42,3846.585,20.258585
134.84999,26809.05,3718.3652,13.381973
55.8,14661.24,1538.6339,9.882094
-17.05,14283.66,-470.13812,-4.4129806
89.899994,26856.9,2478.9102,8.5709
491.34998,19237.44,13548.526,72.02855
32.55,23390.82,897.53644,2.978822
63.55,23808.42,1752.3331,6.6319227
148.79999,22367.7,4103.0234,18.020878
44.949997,11803.29,1239.4551,9.888689
485.15,11194.29,13377.567,122.916306
-9.299999,18449.22,-256.43896,-2.4412985
10986.399,21609.93,302939.9,1452.6204
12.4,9255.06,341.91864,2.8308172
25472.7,45225.21,702386.4,1609.4355
66.65,14307.15,1837.8129,12.319748
162.75,17365.2,4487.682,25.797249
192.2,22151.94,5299.7393,23.807936
418.5,11250.84,11539.755,105.3554
165.84999,22125.84,4573.1616,20.432098
66.65,11852.01,1837.8129,15.07893
1.55,10220.76,42.73983,-0.5663918
13.95,9581.31,384.65848,3.1629224
105.399994,20866.08,2906.3083,13.44271
20.15,16444.74,555.6178,2.5034587
18.599998,15879.24,512.8779,2.349131
49.6,17225.13,1367.6746,7.2331896
182.9,20262.3,5043.3,24.809162
15.5,35039.25,427.39832,0.26481164
21.699999,9087.15,598.3576,5.827803
-29.449999,12436.65,-812.05676,-7.7706575
-23.25,12107.79,-641.0975,-6.490439
4.6499996,7271.46,128.21948,0.82843816
63.55,24023.31,1752.3331,6.5636544
158.09999,18099.48,4359.4624,23.97553
83.7,10328.64,2307.951,22.170282
-17.05,3622.68,-470.13812,-14.456848
144.15,27599.88,3974.8042,13.933322
10.849999,16725.75,299.1788,0.85478306
49.6,11363.07,1367.6746,11.480585
72.85,14478.54,2008.7721,13.386455
49.6,10747.11,1367.6746,12.195897
46.5,24314.76,1282.195,4.4680433
356.5,69415.56,9830.161,13.684246
13.95,22692.21,384.65848,0.7577065
117.799995,9086.28,3248.227,36.068764
49.6,16999.8,1367.6746,7.3423195
-26.349998,7026.99,-726.5771,-11.721615
105.399994,13576.35,2906.3083,21.197626
134.84999,17085.06,3718.3652,21.567497
-1.55,11361.33,-42.73983,-1.3900781
24.8,17259.06,683.8373,3.108502
3.1,10752.33,85.47966,-0.1756568
173.59999,17690.58,4786.861,27.057995
38.75,14059.2,1068.4958,6.8806148
178.25,19763.791,4915.0806,24.787443
31.0,12554.97,854.79663,6.059842
217.0,24134.67,5983.5767,24.707945
24.8,9616.98,683.8373,6.3733
80.6,24739.32,2222.4712,8.315287
181.34999,17642.73,5000.56,28.390078
24.8,7081.8,683.8373,9.012834
117.799995,20446.74,3248.227,15.472904
31.0,15223.26,854.79663,4.8224134
63.55,24383.49,1752.3331,6.4519286
244.9,28579.5,6752.893,23.500961
125.549995,20404.11,3461.9263,16.59333
114.7,18293.49,3162.7476,16.92734
34.1,28743.93,940.27625,2.3920107
2559.0498,10755.811,70563.46,679.27515
3.1,5211.3,85.47966,0.7008445
190.65,11346.54,5256.999,47.042137
106.95,11213.43,2949.0483,26.270386
-23.25,19421.01,-641.0975,-4.422947
60.449997,22188.48,1666.8534,6.789646
260.4,17580.96,7180.2915,41.349407
29.449999,13826.04,812.05676,5.0902686
234.04999,21522.06,6453.7144,30.093796
35.649998,11193.42,983.01605,8.106379
40.3,8865.3,1111.2356,11.997523
31.0,9268.98,854.79663,8.56266
49.6,13387.561,1367.6746,9.593249
31.0,13750.35,854.79663,5.4460983
86.799995,11176.0205,2393.4304,21.20657
407.65,11454.42,11240.575,100.75677
15.5,17290.38,427.39832,1.5631623
116.25,10850.64,3205.4873,29.632795
37.199997,9710.94,1025.7559,9.952937
85.25,17841.09,2350.6907,12.662243
147.25,17442.63,4060.284,23.137499
-3.1,11740.65,-85.47966,-1.7549505
21.699999,11398.74,598.3576,4.4431696
60.449997,12501.9,1666.8534,12.825131
-6.2,10203.36,-170.95932,-2.7373905
-4.6499996,15292.86,-128.21948,-1.869387
55.8,12171.3,1538.6339,12.108295
260.4,24185.13,7180.2915,29.785168
60.449997,9833.61,1666.8534,16.576496
40.3,20557.23,1111.2356,4.6051784
238.7,15695.67,6581.934,42.483208
44.949997,11292.6,1239.4551,10.381113
258.85,12274.83,7137.5522,59.295055
162.75,22695.69,4487.682,19.503433
175.15,19455.81,4829.601,24.740074
40.3,13913.91,1111.2356,7.2814207
35.649998,7600.32,983.01605,12.411477
17.05,15994.08,470.13812,2.047994
51.149998,15593.01,1410.4144,8.379175
199.95,22700.91,5513.4385,24.184141
44.949997,42551.7,1239.4551,2.0203812
337.9,21016.59,9317.283,44.970047
7777.9,28508.16,214468.47,779.0854
113.149994,28249.77,3120.0076,10.452191
657.19995,16108.92,18121.688,115.64876
65.1,18697.17,1795.0729,8.955295
297.59998,18741.541,8206.047,44.402164
106.95,24701.041,2949.0483,11.379826
29.449999,19401.0,812.05676,3.3402042
12.4,5963.85,341.91864,4.9448915
413.84998,21454.2,11411.534,54.15433
184.45,17520.93,5086.04,29.100277
44.949997,10862.82,1239.4551,10.831399
-23.25,10388.67,-641.0975,-7.3989983
206.15,23831.91,5684.3975,23.73281
364.25,24271.26,10043.86,41.909775
243.34999,26882.13,6710.1533,24.883121
49.6,16605.69,1367.6746,7.540312
60.449997,17366.94,1666.8534,8.952267
-4.6499996,15736.561,-128.21948,-1.8448743
161.2,15896.64,4444.9424,27.994038
0.0,7736.04,0.0,-1.0
3.1,14417.64,85.47966,-0.38522458
190.65,21315.0,5256.999,24.574104
133.3,13295.34,3675.6257,27.666832
77.5,16579.59,2136.9917,12.365245
-4.6499996,17798.46,-128.21948,-1.7469981
27.9,13184.85,769.31696,5.0503154
38.75,26521.95,1068.4958,3.1774888
175.15,26819.49,4829.601,17.672764
75.95,13417.14,2094.2517,15.185152
128.65,22123.23,3547.406,15.62686
48.05,23047.17,1324.9348,4.9610777
14397.949,24974.22,397010.28,1647.3813
1337.6499,18987.75,36884.473,200.42712
18.599998,28140.15,512.8779,0.8898853
297.59998,21019.2,8206.047,39.48235
6.2,12877.74,170.95932,0.37657857
10.849999,14178.39,299.1788,1.1880226
35034.65,66969.99,966048.4,1494.7758
82.149994,11052.48,2265.211,20.25185
119.35,21793.5,3290.967,14.658294
51.149998,21659.52,1410.4144,5.7522078
17.05,20218.8,470.13812,1.4111152
6.2,10460.88,170.95932,0.6946205
266.6,18775.47,7351.2515,39.599277
551.8,14332.38,15215.38,109.081
150.34999,9701.37,4145.7637,43.311794
15.5,9809.25,427.39832,3.5179858
77.5,14228.85,2136.9917,14.57331
-23.25,18633.66,-641.0975,-4.56758
128.65,21616.89,3547.406,16.016315
65.1,19012.98,1795.0729,8.789934
99.2,21786.541,2735.349,12.018842
44.949997,16074.12,1239.4551,6.9956074
88.35,20591.16,2436.1704,11.268027
122.45,14947.47,3376.4465,22.422867
32.55,13026.51,897.53644,6.144501
18.599998,16815.36,512.8779,2.1626835
71.299995,25745.041,1966.0321,6.918536
30824.85,44863.29,849967.0,1963.5308
72.85,15085.8,2008.7721,12.807346
72.85,16395.15,2008.7721,11.704662
119.35,19675.92,3290.967,16.343485
720.75,37501.35,19874.021,53.952404
43.399998,22436.43,1196.7152,4.5307612
113.149994,10163.34,3120.0076,30.832232
133.3,16106.311,3675.6257,22.663725
27.9,17700.15,769.31696,3.5068827
114.7,13350.15,3162.7476,23.565536
246.45,31588.83,6795.6333,21.30716
40.3,11611.89,1111.2356,8.923185
77.5,18908.58,2136.9917,10.719033
362.69998,20630.31,10001.12,49.267902
20.15,21257.58,555.6178,1.7102554
-12.4,20600.73,-341.91864,-2.7210283
-3.1,11238.66,-85.47966,-1.7886715
38.75,28468.14,1068.4958,2.8918996
48.05,20083.08,1324.9348,5.840882
66.65,16175.91,1837.8129,10.780953
31635.5,131826.75,872320.0,685.15173
21.699999,14847.42,598.3576,3.1788588
299.15,23677.05,8248.787,35.12521
86.799995,18022.05,2393.4304,12.7709675
60.449997,19504.53,1666.8534,7.8615522
74.399994,18121.23,2051.5117,10.739083
137.95,17758.44,3803.845,21.210886
564.2,30487.41,15557.299,51.9129
37.199997,18726.75,1025.7559,4.6797533
195.29999,17413.05,5385.2188,31.068333
24.8,19059.09,683.8373,2.720476
72.85,20258.82,2008.7721,9.281688
99.2,17490.48,2735.349,15.216566
-4.6499996,7329.75,-128.21948,-2.8138976
-10.849999,18096.0,-299.1788,-2.7143369
94.549995,15238.92,2607.1296,16.74011
99.2,15946.23,2735.349,16.786995
354.94998,11429.19,9787.421,87.797485
203.04999,16785.78,5598.9175,33.586803
0.0,19316.61,0.0,-1.0
83.7,15178.0205,2307.951,14.767371
94.549995,20461.53,2607.1296,12.212117
93.0,20340.6,2564.39,12.072787
71.299995,29489.52,1966.0321,5.913067
113.149994,13170.061,3120.0076,23.564943
34.1,20239.68,940.27625,3.817256
813.75,17349.541,22438.412,133.10718
80.6,13110.03,2222.4712,16.57844
111.6,13357.11,3077.2678,22.889147
55.8,9563.04,1538.6339,15.683502
-18.599998,18444.87,-512.8779,-3.8832767
288.3,22133.67,7949.6084,36.242615
-9.299999,13594.62,-256.43896,-2.9559817
133.3,15856.62,3675.6257,23.036352
-10.849999,4202.1,-299.1788,-8.38265
271.25,30462.18,7479.4707,24.459963
89.899994,15991.47,2478.9102,15.073864
-18.599998,14903.97,-512.8779,-4.568288
80.6,20271.0,2222.4712,10.368649
162.75,17581.83,4487.682,25.467072
49.6,11232.57,1367.6746,11.625585
23.25,9411.66,641.0975,6.0632687
16315.3,30015.871,449879.47,1553.1506
102.299995,20320.59,2820.8289,13.394225
89.899994,17913.3,2478.9102,13.349378
4129.1997,13834.74,113858.91,852.38275
65.1,15048.39,1795.0729,11.369152
-24.8,14043.54,-683.8373,-6.049217
37.199997,15381.6,1025.7559,5.9149714
237.15,14897.88,6539.1943,44.51428
71.299995,21324.57,1966.0321,8.560006
-7.75,9859.71,-213.69916,-3.2474318
52.699997,14991.84,1453.1542,9.050893
38.75,16657.89,1068.4958,5.6512103
-15.5,12505.38,-427.39832,-4.5439186
26.349998,18477.93,726.5771,3.077334
72.85,20404.98,2008.7721,9.20804
13832.199,28935.33,381410.25,1365.8214
165.84999,17639.25,4573.1616,25.883406
217.0,19614.15,5983.5767,30.632917
187.54999,19374.9,5171.5195,26.677483
9.299999,13746.87,256.43896,0.9343188
62.0,20301.45,1709.5933,7.7319984
0.0,23014.11,0.0,-1.0
13.95,17884.59,384.65848,1.230202
-7.75,9074.97,-213.69916,-3.4417741
390.59998,18544.05,10770.4375,59.224976
29.449999,22560.84,812.05676,2.732321
1540.7,11671.05,42483.39,376.448
20.15,4951.17,555.6178,10.636334
51.149998,14407.2,1410.4144,9.151145
15152.8,24090.3,417824.6,1797.4554
133.3,14266.26,3675.6257,25.71585
-24.8,13567.65,-683.8373,-6.2263203
27.9,18368.31,769.31696,3.3429413
21545.0,39093.45,594083.7,1574.7653
-6.2,9174.15,-170.95932,-2.932301
43.399998,9021.03,1196.7152,12.755695
18.599998,8828.76,512.8779,5.023684
24.8,16179.39,683.8373,3.3826675
20.15,7053.09,555.6178,7.168543
-9.299999,6420.6,-256.43896,-5.1414866
108.5,10212.93,2991.7883,29.375847
49.6,17754.96,1367.6746,6.987501
18.599998,8611.26,512.8779,5.175828
14069.35,21252.36,387949.44,1891.8485
156.54999,18722.4,4316.7227,22.907848
159.65,12009.48,4402.2026,37.009632
144.15,20998.32,3974.8042,18.628138
71.299995,13572.87,1966.0321,14.019891
66.65,18477.93,1837.8129,9.313258
32.55,18672.81,897.53644,3.9841404
4.6499996,10836.72,128.21948,0.22688556
12.4,12976.05,341.91864,1.7322986
57.35,16386.45,1581.3738,9.006854
89.899994,19722.03,2478.9102,12.03338
159.65,18691.08,4402.2026,23.422129
703.69995,53226.6,19403.883,36.80139
-18.599998,14408.94,-512.8779,-4.690879
58.899998,19768.14,1624.1135,7.5191927
24.8,32949.51,683.8373,1.1520467
114.7,26156.55,3162.7476,11.538106
-34.1,6059.55,-940.27625,-17.090258
319.3,26702.91,8804.405,33.189228
49.6,20150.07,1367.6746,6.0380783
23.25,16081.08,641.0975,3.1338692
1184.2,11537.94,32653.23,292.45786
142.59999,17216.43,3932.0642,22.682383
113.149994,18133.41,3120.0076,16.841198
-58.899998,13990.47,-1624.1135,-13.037379
-24.8,18365.7,-683.8373,-4.860941
-15.5,9339.45,-427.39832,-5.745253
-13.95,10491.33,-384.65848,-4.8018293
-17.05,19642.86,-470.13812,-3.4818106
609.14996,36129.36,16796.754,47.207317
83.7,29447.76,2307.951,7.126849
168.95,8687.82,4658.6416,54.60276
-18.599998,25484.91,-512.8779,-3.08679
5163.05,18581.46,142366.38,793.46625
111.6,22908.84,3077.2678,12.928683
21.699999,17142.48,598.3576,2.6193871
1977.7999,18485.76,54536.023,304.91028
420.05,13692.93,11582.494,86.71091
72.85,26728.14,2008.7721,6.793092
52.699997,8205.84,1453.1542,17.3627
341.0,38551.44,9402.763,24.29081
102.299995,27627.72,2820.8289,9.587162
181.34999,20736.45,5000.56,24.005302
58.899998,12961.26,1624.1135,11.993228
230.95,21457.68,6368.235,29.774017
108.5,19094.76,2991.7883,15.246677
74.399994,9114.99,2051.5117,22.338108
23161.648,35709.15,638661.25,1853.5518
168.95,31161.66,4658.6416,14.50196
100.75,21750.0,2778.089,12.244476
63.55,13792.11,1752.3331,12.174491
-23.25,11224.74,-641.0975,-6.9223714
40.3,8995.8,1111.2356,11.808971
44.949997,16181.13,1239.4551,6.94273
108.5,19190.46,2991.7883,15.165655
86.799995,13719.03,2393.4304,17.090279
57.35,9605.67,1581.3738,16.070835
51.149998,30440.43,1410.4144,3.804452
122.45,9878.85,3376.4465,34.440628
288.3,25752.871,7949.6084,31.008694
74.399994,10668.81,2051.5117,18.939116
373.55,12942.12,10300.299,81.526276
120.899994,18717.18,3333.7068,17.46864
37.199997,11025.51,1025.7559,8.647021
830.8,9348.15,22908.549,253.10884
2404.0498,9220.26,66289.48,744.50287
108.5,19563.69,2991.7883,14.857254
27.9,10390.41,769.31696,6.677512
29.449999,17531.37,812.05676,3.8030648
213.9,27545.07,5898.0967,21.203215
120.899994,17928.96,3333.7068,18.280582
155.0,15504.2705,4273.9834,27.584421
26.349998,20888.7,726.5771,2.606768
289.85,9275.07,7992.3486,88.352165
-6.2,14344.561,-170.95932,-2.2358148
68.2,6860.82,1880.5525,27.422174
58.899998,11222.13,1624.1135,14.00683
6.2,21821.34,170.95932,-0.18761992
275.9,39437.1,7607.69,19.003027
9.299999,18711.09,256.43896,0.42112672
77.5,44074.2,2136.9917,4.0276647
17.05,18602.34,470.13812,1.6206305
15.5,14941.38,427.39832,1.9661286
396.8,25297.86,10941.396,43.84736
63.55,15418.14,1752.3331,10.785081
165.84999,25932.09,4573.1616,17.286345
127.1,15712.2,3504.6663,22.129036
75.95,20824.32,2094.2517,9.428118
21.699999,21190.59,598.3576,1.9279635
13.95,13484.13,384.65848,1.9580142
196.84999,17220.78,5427.9585,31.683727
184.45,15894.9,5086.04,32.1795
1030.75,20417.16,28421.988,143.34674
88.35,11202.99,2436.1704,21.548704
167.4,25106.46,4615.902,18.064217
96.1,22749.63,2649.8696,11.078083
401.44998,44918.97,11069.616,24.553516
55.8,10553.97,1538.6339,14.117061
117.799995,9398.61,3248.227,34.836914
-32.55,15821.82,-897.53644,-6.8822503
243.34999,17510.49,6710.1533,38.735806
117.799995,14296.71,3248.227,22.55907
-18.599998,16667.46,-512.8779,-4.1907473
344.09998,16108.92,9488.242,60.075523
-13.95,27987.03,-384.65848,-2.425169
-7.75,15928.83,-213.69916,-2.391127
8049.15,23489.13,221947.95,978.7879
113.149994,15211.95,3120.0076,20.267607
-4.6499996,7172.2803,-128.21948,-2.853722
10.849999,14799.57,299.1788,1.096185
49.6,11193.42,1367.6746,11.6697445
117.799995,13402.35,3248.227,24.131207
44.949997,14374.14,1239.4551,7.941221
37.199997,28532.52,1025.7559,2.7277925
151.9,22564.32,4188.5034,18.24795
15.5,22620.0,427.39832,0.9592421
-6.2,11119.47,-170.95932,-2.5942507
192.2,19682.88,5299.7393,26.919893
-41.85,25986.9,-1153.9755,-5.6045794
15.5,13785.15,427.39832,2.2149127
69.75,14370.66,1923.2925,12.877667
58.899998,11658.0,1624.1135,13.445754
110.049995,17995.08,3034.5278,16.485788
89.899994,15528.63,2478.9102,15.552956
137.95,22798.35,3803.845,16.300842
9.299999,16921.5,256.43896,0.5714227
232.5,22520.82,6410.9746,28.518053
66.65,17018.07,1837.8129,10.197959
93.0,20837.37,2564.39,11.761127
2586.95,24743.67,71332.78,297.93237
134.84999,26581.11,3718.3652,13.505303
192.2,18765.9,5299.7393,28.284174
86.799995,19828.17,2393.4304,11.516591
581.25,20223.15,16027.4375,81.179436
155.0,9630.03,4273.9834,45.020683
24018.799,44610.12,662296.4,1538.4546
708.35,41271.93,19532.104,48.072945
632.39996,17753.22,17437.85,100.85062
31.0,16737.93,854.79663,4.2955236
6.2,12324.42,170.95932,0.4383818
13.95,11330.01,384.65848,2.5204072
-41.85,16496.07,-1153.9755,-8.253773
29.449999,5190.42,812.05676,15.223022
21.699999,9925.83,598.3576,5.2508903
10.849999,3772.32,299.1788,7.223755
4.6499996,16767.51,128.21948,-0.2070728
99.2,12134.76,2735.349,22.373808
31.0,15079.71,854.79663,4.877839
362.69998,23064.57,10001.12,43.962574
725.39996,19945.62,20002.24,102.986984
88.35,20507.64,2436.1704,11.31799
60.449997,13766.88,1666.8534,11.554798
9.299999,10258.17,256.43896,1.5921612
266.6,53120.46,7351.2515,13.349849
209.25,14707.35,5769.8774,39.679916
9.299999,7276.68,256.43896,2.6542528
46.5,9456.03,1282.195,13.060252
18.599998,6223.98,512.8779,7.5446386
230.95,14088.78,6368.235,45.86985
265.05,23357.76,7308.5107,31.444836
72.85,17025.9,2008.7721,11.233999
18.599998,16638.75,512.8779,2.1962535
21.699999,15145.83,598.3576,3.0965247
35.649998,14017.44,983.01605,6.271764
114.7,13578.96,3162.7476,23.1516
130.2,24991.621,3590.1458,13.895858
292.94998,23354.28,8077.8276,34.865425
9.299999,15554.73,256.43896,0.70950127
54.25,17890.68,1495.8942,7.6700563
57.35,13059.57,1581.3738,11.556064
46.5,16168.95,1282.195,7.222808
102.299995,20627.7,2820.8289,13.179922
120.899994,20468.49,3333.7068,15.888437
60.449997,22611.3,1666.8534,6.6439834
24.8,20838.24,683.8373,2.4028249
82.149994,17574.87,2265.211,12.364861
33816.348,42797.04,932454.9,2258.238
21.699999,20140.5,598.3576,2.0806222
-20.15,8696.5205,-555.6178,-7.6248875
46.5,18938.16,1282.195,6.0204372
54.25,15102.33,1495.8942,9.270812
120.899994,8139.72,3333.7068,41.468388
24.8,16492.59,683.8373,3.299439
172.04999,12878.61,4744.121,37.197475
119.35,17355.63,3290.967,18.66215
54.25,19105.2,1495.8942,7.1188993
311.55,10478.28,8590.706,84.01327
74.399994,16854.51,2051.5117,11.621348
-23.25,17205.12,-641.0975,-4.8637967
370.44998,19193.07,10214.819,54.18666
24.8,18901.62,683.8373,2.7514715
249.54999,24817.621,6881.113,27.750566
230.95,21671.7,6368.235,29.470106
21.699999,9148.05,598.3576,5.7823496
66.65,17718.42,1837.8129,9.755341
41.85,16396.89,1153.9755,6.2976484
189.09999,18113.4,5214.2593,28.849735
83.7,21629.07,2307.951,10.064623
114.7,19954.32,3162.7476,15.435219
25407.6,42752.67,700591.3,1698.2191
46.5,19176.541,1282.195,5.933167
26.349998,6953.91,726.5771,9.834291
106.95,16828.41,2949.0483,17.17133
133.3,13696.41,3675.6257,26.827385
-32.55,11153.4,-897.53644,-9.344353
100.75,16021.92,2778.089,16.979578
150.34999,19920.39,4145.7637,20.580156
190.65,13916.5205,5256.999,38.17014
173.59999,28486.41,4786.861,16.424526
294.5,23464.77,8120.568,34.885418
17804.85,34698.21,490952.44,1466.1693
255.74998,17964.63,7052.072,39.704865
46.5,32422.291,1282.195,3.1007023
175.15,19823.82,4829.601,24.262236
-1.55,18596.25,-42.73983,-1.2383171
156.54999,20853.9,4316.7227,20.464201
20.15,10797.57,555.6178,4.335781
139.5,18607.56,3846.585,20.435509
283.65,26607.21,7821.389,29.481226
217.0,19054.74,5983.5767,31.561596
51.149998,15507.75,1410.4144,8.430741
103.85,14629.92,2863.5686,19.296143
128.65,9048.0,3547.406,39.65427
122.45,18407.46,3376.4465,18.020147
-43.399998,23525.67,-1196.7152,-6.274687
-12.4,8657.37,-341.91864,-5.09529
46.5,19241.791,1282.195,5.909656
27918.6,32271.78,769829.9,2472.5444
44.949997,14213.19,1239.4551,8.04247
192.2,25850.31,5299.7393,20.258696
155.0,20398.02,4273.9834,20.726646
303.8,19685.49,8377.007,43.12559
165.84999,19707.24,4573.1616,23.062384
52.699997,15650.43,1453.1542,8.627938
34.1,13112.64,940.27625,6.4355516
407.65,17808.03,11240.575,64.45164
110.049995,17187.72,3034.5278,17.307148
49.6,18145.59,1367.6746,6.8155503
15.5,21242.791,427.39832,1.0862632
77.5,9822.3,2136.9917,21.55992
35.649998,9105.42,983.01605,10.194598
58.899998,14080.95,1624.1135,10.960031
35.649998,16146.33,983.01605,5.3129835
-6.2,19502.791,-170.95932,-1.9089582
57.35,21160.14,1581.3738,6.749325
-4.6499996,14354.13,-128.21948,-1.9262432
77.5,11525.76,2136.9917,18.225655
137.95,21879.63,3803.845,17.0273
-4.6499996,17387.82,-128.21948,-1.7646396
133.3,19092.15,3675.6257,18.962933
21.699999,12892.53,598.3576,3.812498
46.5,14520.3,1282.195,8.156433
55.8,21622.98,1538.6339,6.378492
58.899998,16403.85,1624.1135,9.266407
269.69998,25543.2,7436.7305,29.189411
24.8,40671.63,683.8373,0.7434484
52.699997,13340.58,1453.1542,10.294965
227.84999,12113.01,6282.755,52.78311
75.95,16219.41,2094.2517,12.388803
63.55,16624.83,1752.3331,9.929677
26.349998,17082.45,726.5771,3.4104147
60.449997,14726.49,1666.8534,10.736701
5513.3496,14435.04,152025.58,1091.0602
27.9,15203.25,769.31696,4.247069
261.94998,20706.0,7223.0312,35.171886
44.949997,10699.26,1239.4551,11.012266
-1.55,23545.68,-42.73983,-1.1882216
165.84999,14695.17,4573.1616,31.269321
71.299995,20271.87,1966.0321,9.05645
-34.1,12754.2,-940.27625,-8.644518
224.75,22283.31,6197.276,27.838257
9.299999,16036.71,256.43896,0.65812254
4.6499996,10925.46,128.21948,0.21692038
54.25,25103.85,1495.8942,5.178861
167.4,19635.03,4615.902,23.376587
60.449997,21297.6,1666.8534,7.115488
358.05,19551.51,9872.901,51.361538
21.699999,15981.9,598.3576,2.8822212
55.8,12505.38,1538.6339,11.758108
221.65,8111.88,6111.796,77.12593
20.15,23118.51,555.6178,1.4920926
88.35,22910.58,2436.1704,10.026037
-13.95,10667.94,-384.65848,-4.7388897
91.45,14757.811,2521.65,16.717838
124.0,17348.67,3419.1865,19.436405
24.8,8167.56,683.8373,7.6817713
124.0,17909.82,3419.1865,18.796091
49.6,18786.78,1367.6746,6.5488067
151.9,21940.53,4188.5034,18.795189
74.399994,22112.791,2051.5117,8.620072
124.0,15000.54,3419.1865,22.635445
23.25,14566.41,641.0975,3.5637245
46.5,8921.85,1282.195,13.902085
48.05,16127.19,1324.9348,7.518903
51.149998,15151.05,1410.4144,8.652769
46.5,13257.93,1282.195,9.0282755
134.84999,22537.35,3718.3652,16.107916
168.95,16848.42,4658.6416,27.67134
75.95,15218.04,2094.2517,13.269804
74.399994,24266.041,2051.5117,7.7664337
38.75,16062.811,1068.4958,5.897619
69.75,11439.63,1923.2925,16.433365
32.55,15778.32,897.53644,4.8984675
72.85,21549.03,2008.7721,8.66609
244.9,16071.51,6752.893,42.569347
5240.55,13232.7,144503.36,1131.3413
23.25,11780.67,641.0975,4.6428947
74.399994,11377.86,2051.5117,17.696543
155.0,17471.34,4273.9834,24.366146
41.85,20898.27,1153.9755,4.725773
1136.15,12894.2705,31328.297,250.93465
-1.55,18209.97,-42.73983,-1.2433724
139.5,24052.89,3846.585,15.582727
35.649998,13598.97,983.01605,6.4955325
44.949997,14658.63,1239.4551,7.7676926
31.0,16262.04,854.79663,4.4504914
-3.1,10633.14,-85.47966,-1.8335836
48.05,11429.19,1324.9348,11.020622
94.549995,15852.2705,2607.1296,16.053717
32.55,13987.86,897.53644,5.653477
58.899998,20289.27,1624.1135,7.300378
71.299995,10291.23,1966.0321,18.809395
88.35,20099.61,2436.1704,11.56805
29.449999,20392.8,812.05676,3.129119
1.55,22376.4,42.73983,-0.8019429
41.85,15783.54,1153.9755,6.581236
60.449997,10612.26,1666.8534,15.286861
48.05,29569.56,1324.9348,3.646196
31.0,19787.28,854.79663,3.4794488
71.299995,6964.35,1966.0321,28.27237
105.399994,7301.91,2906.3083,40.27177
131.75,28146.24,3632.8857,12.383794
-27.9,10110.2705,-769.31696,-8.890244
136.4,23796.24,3761.105,15.389095
237.15,20250.12,6539.1943,32.484554
38.75,27015.24,1068.4958,3.1012092
60.449997,27282.33,1666.8534,5.335251
72.85,13197.9,2008.7721,14.782424
-17.05,9549.99,-470.13812,-6.1047025
46.5,20923.5,1282.195,5.3542986
175.15,21664.74,4829.601,22.115625
34.1,7454.16,940.27625,12.0799055
302.25,22599.99,8334.268,37.239048
156.54999,22071.03,4316.7227,19.280537
52.699997,10628.79,1453.1542,13.176719
164.29999,20485.02,4530.422,21.932434
106.95,17680.14,2949.0483,16.295937
196.84999,22431.21,5427.9585,24.091793
21.699999,16677.03,598.3576,2.720403
82.149994,27061.35,2265.211,7.6797476
127.1,13303.17,3504.6663,26.317402
139.5,19050.39,3846.585,19.937235
72.85,17137.26,2008.7721,11.154502
150.34999,23813.64,4145.7637,17.052055
150.34999,15328.53,4145.7637,27.044771
21514.0,19373.16,593228.9,3174.1897
108.5,7324.5303,2991.7883,41.354443
69.75,12321.811,1923.2925,15.185223
63.55,11299.561,1752.3331,15.080627
342.55,59711.582,9445.503,15.402664
-12.4,16868.43,-341.91864,-3.1018221
13760.899,35477.73,379444.22,1108.0216
494.44998,26135.67,13634.006,53.092583
40.3,14555.97,1111.2356,6.916129
26.349998,11323.92,726.5771,5.653234
113.149994,11449.2,3120.0076,27.25715
207.7,15445.98,5727.137,37.447666
128.65,20939.16,3547.406,16.567078
162.75,17413.92,4487.682,25.722277
128.65,20265.78,3547.406,17.150787
17642.1,47112.242,486464.75,1069.6943
-7.75,17951.58,-213.69916,-2.2343774
17.05,19000.8,470.13812,1.5656738
97.649994,14343.69,2692.6094,18.465265
69.75,18809.4,1923.2925,9.602744
192.2,23754.48,5299.7393,22.134325
29.449999,13370.16,812.05676,5.297928
55.8,25431.84,1538.6339,5.2734346
40.3,10002.39,1111.2356,10.51994
198.4,51699.75,5470.698,9.972414
75.95,22025.791,2094.2517,8.859281
12.4,10259.91,341.91864,2.4556289
4.6499996,11247.36,128.21948,0.18209207
195.29999,13083.061,5385.2188,41.681717
14215.05,33612.45,391967.0,1208.1974
127.1,20210.97,3504.6663,16.980732
116.25,18824.19,3205.4873,16.657354
80.6,12782.04,2222.4712,17.029507
420.05,18805.05,11582.494,62.866844
54.25,7391.52,1495.8942,19.98529
305.34998,25232.61,8419.746,33.600685
-9.299999,10488.72,-256.43896,-3.5351837
43.399998,16484.76,1196.7152,6.5275917
113.149994,16197.66,3120.0076,18.973366
51.149998,26662.89,1410.4144,4.485136
113.149994,18698.91,3120.0076,16.30164
12.4,11586.66,341.91864,2.0599363
46.5,10781.04,1282.195,11.33222
48.05,22265.041,1324.9348,5.170479
62.0,24493.98,1709.5933,6.237379
108.5,20664.24,2991.7883,14.012717
18.599998,8639.97,512.8779,5.1553063
146130.89,132279.16,4029425.8,3157.6362
9.299999,18287.4,256.43896,0.45405197
80.6,28343.73,2222.4712,7.130683
103.85,21805.68,2863.5686,12.617138
2619.5,15747.0,72230.31,474.63037
94.549995,14144.46,2607.1296,18.112793
41.85,19526.28,1153.9755,5.1280875
23.25,8329.38,641.0975,6.9810357
23.25,10991.58,641.0975,5.0480003
89.899994,10973.311,2478.9102,22.424536
41.85,15311.13,1153.9755,6.815148
23.25,21072.27,641.0975,2.1547186
100.75,8149.29,2778.089,34.348766
37.199997,10072.86,1025.7559,9.559396
29.449999,15634.7705,812.05676,4.3857074
150.34999,32955.6,4145.7637,12.044372
458.8,15925.35,12650.99,81.37272
17657.6,28651.71,486892.16,1761.098
3024.0498,11992.08,83385.41,720.0135
133.3,22554.75,3675.6257,15.898228
141.05,12350.5205,3889.3247,31.654034
91.45,14962.26,2521.65,16.475737
-41.85,12817.71,-1153.9755,-10.335423
181.34999,20708.61,5000.56,24.03892
66.65,14985.75,1837.8129,11.71659
110.049995,11382.21,3034.5278,26.644733
21.699999,8828.76,598.3576,6.0276313
133.3,15555.6,3675.6257,23.501486
133.3,19260.93,3675.6257,18.788
72.85,10121.58,2008.7721,19.579283
75.95,20304.06,2094.2517,9.695321
91.45,15800.07,2521.65,15.549072
21.699999,14681.25,598.3576,3.2261572
12.4,15807.9,341.91864,1.2428305
100.75,19053.0,2778.089,14.119266
148.79999,20074.38,4103.0234,20.193844
-4.6499996,10030.23,-128.21948,-2.3255343
195.29999,22002.3,5385.2188,24.379503
165.84999,29152.83,4573.1616,15.266109
-23.25,9881.46,-641.0975,-7.7274556
221.65,22016.22,6111.796,27.785511
1987.1,12981.2705,54792.465,436.67477
206.15,15345.061,5684.3975,37.411716
23.25,21424.621,641.0975,2.1028357
159.65,39758.13,4402.2026,10.481324
85.25,14945.73,2350.6907,15.308958
254.2,21182.76,7009.3325,33.31168
12.4,27167.49,341.91864,0.3050319
35.649998,21736.08,983.01605,3.689508
49.6,20269.26,1367.6746,5.996692
54.25,15553.86,1495.8942,8.97265
29.449999,11822.43,812.05676,6.122419
230.95,23537.85,6368.235,27.054348
80.6,28438.56,2222.4712,7.103571
40.3,14984.88,1111.2356,6.689547
79.049995,18110.791,2179.7312,11.479966
27900.0,38872.47,769317.0,2051.1594
-18.599998,15223.26,-512.8779,-4.493448
209.25,9159.36,5769.8774,64.32047
43.399998,16914.541,1196.7152,6.3363237
167.4,18245.64,4615.902,25.23284
113.149994,15399.0,3120.0076,20.009272
63.55,16541.31,1752.3331,9.984863
27.9,18568.41,769.31696,3.2961407
536.3,10979.4,14787.981,138.66197
182.9,18321.33,5043.3,27.543398
15.5,17132.91,427.39832,1.5867207
224.75,20278.83,6197.276,30.688803
7.75,37455.24,213.69916,-0.40838647
0.0,4096.83,0.0,-1.0
11541.3,25597.14,318240.78,1288.1761
24.8,13960.89,683.8373,4.079109
-4.6499996,8822.67,-128.21948,-2.5069604
702.14996,17580.96,19361.143,113.192154
156.54999,16344.69,4316.7227,26.385794
46.5,19807.291,1282.195,5.7123847
142.59999,19726.38,3932.0642,19.669077
63.55,14187.09,1752.3331,11.807702
176.7,17334.75,4872.341,28.14526
55.8,16076.73,1538.6339,8.92397
12.4,10484.37,341.91864,2.3816476
139.5,11423.1,3846.585,33.917187
542.5,25241.31,14958.941,60.452118
751.75,18597.12,20728.818,114.578415
23.25,15987.12,641.0975,3.158165
114.7,27570.3,3162.7476,10.895177
75.95,12828.15,2094.2517,15.928276
32.55,17508.75,897.53644,4.315509
9.299999,12148.68,256.43896,1.1887836
29.449999,17254.71,812.05676,3.880076
91.45,19796.85,2521.65,12.207985
108.5,14007.0,2991.7883,21.147953
213.9,20344.95,5898.0967,29.060982
4.6499996,14740.41,128.21948,-0.098029494
302.25,14642.1,8334.268,58.021736
18.599998,14404.59,512.8779,2.691994
179.79999,23348.19,4957.8203,21.018385
235.59999,23546.55,6496.454,27.608624
155.0,10186.83,4273.9834,42.50525
136.4,12395.76,3761.105,30.462278
976.5,24355.65,26926.094,113.63613
44.949997,12265.26,1239.4551,9.478568
220.09999,15460.7705,6069.0557,39.704075
2639.65,31333.92,72785.93,239.86882
300.69998,26305.32,8291.527,31.684273
226.29999,22214.58,6240.015,28.126978
902.1,18098.61,24874.582,141.51431
167.4,19968.24,4615.902,22.969814
66.65,15366.811,1837.8129,11.40125
85.25,23255.1,2350.6907,9.481542
685.1,10666.2,18891.006,182.65097
46.5,12882.96,1282.195,9.320157
96.1,20782.56,2649.8696,12.221274
325.5,13598.97,8975.364,67.43747
80.6,19150.44,2222.4712,11.033869
368.9,18107.31,10172.08,57.251045
12.4,17731.47,341.91864,0.99952066
68.2,16237.68,1880.5525,11.009069
18348.9,25132.56,505954.16,2086.4797
60.449997,18981.66,1666.8534,8.105653
43.399998,11396.13,1196.7152,9.888832
124.0,24189.48,3419.1865,13.656968
21.699999,9848.4,598.3576,5.3000355
117.799995,20324.07,3248.227,15.572329
18.599998,11939.01,512.8779,3.454445
285.19998,20420.64,7864.1284,38.93274
66.65,8603.43,1837.8129,21.150196
173.59999,19088.67,4786.861,25.002974
-21.699999,10161.6,-598.3576,-7.105857
97.649994,8812.23,2692.6094,30.683664
102.299995,15471.21,2820.8289,17.906029
124.0,14688.21,3419.1865,23.13803
119.35,17270.37,3290.967,18.75922
9867.3,29500.83,272081.78,955.34174
52.699997,15786.15,1453.1542,8.545163
21.699999,9948.45,598.3576,5.236677
108.5,27986.16,2991.7883,10.084992
220.09999,14915.28,6069.0557,41.192726
91.45,16859.73,2521.65,14.508937
144.15,26357.52,3974.8042,14.637202
54.25,9101.94,1495.8942,16.041773
20184.1,38905.53,556558.06,1482.3616
2915.5498,9839.7,80393.62,846.2032
86.799995,14983.14,2393.4304,15.564024
18.599998,13221.39,512.8779,3.0223956
136.4,22350.3,3761.105,16.449379
5632.6997,16724.01,155316.55,961.99756
323.94998,12416.64,8932.624,73.59725
209.25,20921.76,5769.8774,27.596724
94.549995,20619.0,2607.1296,12.111215
-23.25,8050.98,-641.0975,-9.257017
41.85,13271.85,1153.9755,8.015982
55.8,22681.77,1538.6339,6.0340633
20.15,33202.68,555.6178,0.7352054
-3.1,9528.24,-85.47966,-1.9302464
75.95,19423.62,2094.2517,10.180123
65.1,17587.05,1795.0729,9.583686
25100.7,34609.47,692128.8,2072.6711
-41.85,14037.45,-1153.9755,-9.524251
359.59998,26593.291,9915.641,37.66309
43.399998,19527.15,1196.7152,5.3547697
18.599998,10312.98,512.8779,4.1567693
361.15,7553.34,9958.381,135.70915
15.5,7787.37,427.39832,4.6910167
243.34999,20819.1,6710.1533,32.420918
62.0,14854.38,1709.5933,10.934004
125.549995,15584.311,3461.9263,22.034464
12.4,16089.78,341.91864,1.2035382
133.3,20134.41,3675.6257,17.929548
58.899998,16956.3,1624.1135,8.931918
299.15,20621.61,8248.787,40.47777
133.3,17528.76,3675.6257,20.743427
18.599998,21165.36,512.8779,1.5126746
204.59999,12435.78,5641.6577,46.041546
184.45,17199.9,5086.04,29.662088
68.2,17870.67,1880.5525,9.911702
145.7,20129.19,4017.5442,19.6958
165.84999,14134.89,4573.1616,32.548416
60.449997,13652.04,1666.8534,11.660409
229.4,23276.85,6325.495,27.178522
159.65,22201.53,4402.2026,19.560564
164.29999,15563.43,4530.422,29.184309
88.35,16137.63,2436.1704,14.653657
141.05,16508.25,3889.3247,23.429863
44.949997,11035.95,1239.4551,10.645789
44.949997,25749.39,1239.4551,3.9912777
38.75,16496.07,1068.4958,5.7164564
190.65,45482.73,5256.999,10.985033
2695.45,24920.28,74324.57,308.26257
175.15,19855.14,4829.601,24.222385
41.85,17451.33,1153.9755,5.856712
182.9,19421.88,5043.3,25.925972
-9.299999,6879.96,-256.43896,-4.8649683
-4.6499996,16821.45,-128.21948,-1.7903847
15310.899,37149.87,422184.03,1177.399
275.9,18591.03,7607.69,41.432365
106.95,19617.63,2949.0483,14.587743
892.8,17085.06,24618.143,148.4124
-17.05,5983.86,-470.13812,-9.146892
-27.9,18942.51,-769.31696,-5.2112947
48.05,19956.93,1324.9348,5.8841233
128.65,19365.33,3547.406,17.994762
1677.1,10737.54,46244.496,445.58398
-12.4,16360.35,-341.91864,-3.1670957
127.1,19977.81,3504.6663,17.190584
523.89996,15936.66,14446.0625,92.99398
65.1,16883.22,1795.0729,10.0249
85.25,15913.17,2350.6907,14.317457
26.349998,26244.42,726.5771,1.8707316
147.25,9303.78,4060.284,44.252735
55.8,20532.87,1538.6339,6.7702236
218.54999,56961.51,6026.316,9.970294
127.1,24589.68,3504.6663,13.778885
576.6,12889.05,15899.217,126.90947
286.75,19571.52,7906.869,40.89169
416.94998,16226.37,11497.015,72.47026
43.399998,13176.15,1196.7152,8.417815
86.799995,20426.73,2393.4304,11.149819
89.899994,39351.84,2478.9102,5.531962
260.4,19729.86,7180.2915,36.736877
96.1,12680.25,2649.8696,20.669285
74.399994,15978.42,2051.5117,12.313372
133.3,13090.0205,3675.6257,28.116478
12.4,12290.49,341.91864,1.8847053
178.25,8808.75,4915.0806,56.85811
62.0,13821.69,1709.5933,11.825654
2560.5999,8402.46,70606.195,870.3332
32.55,9780.54,897.53644,8.51562
97.649994,21859.621,2692.6094,11.772579
230.95,21194.94,6368.235,30.155504
275.9,14431.561,7607.69,53.662235
317.75,8387.67,8761.666,107.316154
52.699997,24834.15,1453.1542,5.067507
21.699999,14395.0205,598.3576,3.3101902
-12.4,10128.54,-341.91864,-4.500449
317.75,21622.11,8761.666,41.018112
62.0,42055.8,1709.5933,3.215167
31.0,24526.17,854.79663,2.61394
170.5,23222.041,4701.3813,19.992926
58.899998,21272.37,1624.1135,6.916777
308.44998,22756.59,8505.227,37.754898
86.799995,26628.09,2393.4304,8.320274
94.549995,20344.08,2607.1296,12.288393
261.94998,33754.26,7223.0312,21.189053
199.95,17747.13,5513.4385,31.213821
144.15,21489.0,3974.8042,18.179947
153.45,21299.34,4231.243,19.599169
384.4,13101.33,10599.479,82.89131
22687.35,29176.32,625582.94,2222.3215
6.2,8057.07,170.95932,1.200207
280.55,12494.07,7735.909,63.202995
167.4,9926.7,4615.902,47.216927
141.05,15316.35,3889.3247,25.330965
2191.7,11288.25,60434.12,554.14124
279.0,26684.64,7693.17,28.894539
168.95,18292.62,4658.6416,25.407743
105.399994,22381.621,2906.3083,12.464741
468.09998,10166.82,12907.429,130.64442
93.0,12848.16,2564.39,19.696218
113.149994,30061.11,3120.0076,9.762137
-1.55,14737.8,-42.73983,-1.3007101
23.25,13833.0,641.0975,3.805688
44.949997,24089.43,1239.4551,4.335218
186.0,13105.68,5128.78,39.579098
-21.699999,17661.0,-598.3576,-4.5131235
235.59999,19020.81,6496.454,34.41565
102.299995,35157.57,2820.8289,7.319663
-21.699999,6749.46,-598.3576,-10.192628
57.35,17796.72,1581.3738,8.213877
297.59998,22457.31,8206.047,36.889957
522.35,11442.24,14403.322,129.52673
80.6,15924.48,2222.4712,13.471674
249.54999,12006.87,6881.113,58.426033
-15.5,24133.8,-427.39832,-2.836348
54.25,13025.64,1495.8942,10.908298
52.699997,18423.12,1453.1542,7.1789284
370.44998,13449.33,10214.819,77.75496
18.599998,15249.36,512.8779,2.4874685
66.65,22327.68,1837.8129,7.535041
86.799995,24150.33,2393.4304,9.276509
89.899994,23522.19,2478.9102,9.927754
-29.449999,17516.58,-812.05676,-5.80712
74.399994,22258.95,2051.5117,8.556904
29.449999,20328.42,812.05676,3.1421957
356.5,21738.69,9830.161,45.889454
137.95,29720.94,3803.845,12.271138
24.8,13455.42,683.8373,4.2699122
4310.55,12313.98,118859.47,999.8827
102.299995,23066.31,2820.8289,11.680795
184.45,20665.98,5086.04,24.519468
9262.8,28422.9,255413.23,930.80035
105.399994,19813.38,2906.3083,14.210062
80.6,27422.4,2222.4712,7.4038553
91.45,14758.68,2521.65,16.716795
41.85,11649.3,1153.9755,9.271754
26.349998,7679.49,726.5771,8.8106365
7.75,15640.86,213.69916,0.4167397
178.25,14360.22,4915.0806,34.490936
54.25,19983.9,1495.8942,6.7619076
83.7,12581.94,2307.951,18.020714
89.899994,19703.76,2478.9102,12.045465
119.35,10440.0,3290.967,31.686687
139.5,16987.62,3846.585,22.4796
-4.6499996,10967.22,-128.21948,-2.2122867
27.9,11960.76,769.31696,5.6695175
100.75,13725.99,2778.089,19.987
153.45,25598.01,4231.243,16.139954
55.8,10808.88,1538.6339,13.760549
-18.599998,9966.72,-512.8779,-6.335924
9.299999,10979.4,256.43896,1.4218836
120.899994,16054.11,3333.7068,20.53223
119.35,15637.38,3290.967,20.822647
0.0,8906.19,0.0,-1.0
224.75,23196.81,6197.276,26.702593
24.8,18650.19,683.8373,2.8020463
7319.0996,22257.21,201817.47,939.2339
21.699999,12925.59,598.3576,3.800189
85.25,18437.91,2350.6907,12.220006
426.25,15787.0205,11753.454,76.19928
66.65,12057.33,1837.8129,14.805128
20.15,10683.6,555.6178,4.392702
370.44998,24033.75,10214.819,43.07142
96.1,20766.9,2649.8696,12.231246
82.149994,12135.63,2265.211,18.355045
43.399998,15981.9,1196.7152,6.7644424
31.0,28811.791,854.79663,2.076383
72.85,13527.63,2008.7721,14.397735
46.5,15001.41,1282.195,7.8627777
68.2,16649.19,1880.5525,10.712247
117.799995,21305.43,3248.227,14.808984
305.34998,20344.95,8419.746,41.913136
105.399994,24858.51,2906.3083,11.123122
57.35,9521.28,1581.3738,16.222137
354.94998,18142.11,9787.421,54.94076
66.65,16892.791,1837.8129,10.281004
10.849999,23617.02,299.1788,0.3135712
51.149998,14970.09,1410.4144,8.769452
82.149994,13596.36,2265.211,16.275629
26.349998,8350.26,726.5771,8.022556
48.05,16200.2705,1324.9348,7.4804735
-34.1,7776.06,-940.27625,-13.538446
381.3,12894.2705,10513.998,83.55105
74.399994,11410.92,2051.5117,17.642374
57.35,15250.23,1581.3738,9.752415
150.34999,22552.14,4145.7637,18.061832
86.799995,24739.32,2393.4304,9.031847
168.95,38360.04,4658.6416,11.592969
168.95,20916.541,4658.6416,22.094965
-15.5,18804.18,-427.39832,-3.3568194
46.5,18643.23,1282.195,6.1314983
182.9,23055.0,5043.3,21.682846
246.45,19815.99,6795.6333,34.560024
100.75,16280.311,2778.089,16.694218
82.149994,12768.12,2265.211,17.396261
48.05,36427.77,1324.9348,2.7714624
12.4,15966.24,341.91864,1.2205882
32.55,5817.69,897.53644,14.997399
94.549995,20127.45,2607.1296,12.431416
34.1,21194.07,940.27625,3.6003299
38.75,15758.311,1068.4958,6.0309024
63.55,27162.27,1752.3331,5.6895747
3267.4,15030.99,90095.56,620.5323
26.349998,19107.81,726.5771,2.9429264
60.449997,15133.65,1666.8534,10.420933
18.599998,20051.76,512.8779,1.652219
144.15,31173.84,3974.8042,12.221274
334.8,22673.07,9231.804,41.22057
52.699997,18360.48,1453.1542,7.206832
40.3,23611.8,1111.2356,3.8800573
91.45,21439.41,2521.65,11.196068
49.6,20706.87,1367.6746,5.848827
4.6499996,23724.03,128.21948,-0.4395802
-1.55,11135.13,-42.73983,-1.3980021
23.25,13025.64,641.0975,4.103556
4090.45,12970.83,112790.414,900.67975
49.6,16826.67,1367.6746,7.428154
6275.9497,20403.24,173053.58,878.4868
20.15,11776.32,555.6178,3.8923154
72.85,13437.15,2008.7721,14.501415
37.199997,17275.59,1025.7559,5.156856
-17.05,9102.81,-470.13812,-6.355474
32.55,9861.45,897.53644,8.437549
89.899994,20298.84,2478.9102,11.663025
51.149998,13256.19,1410.4144,10.032549
35.649998,15135.39,983.01605,5.734648
55.8,17144.22,1538.6339,8.306051
108.5,15184.11,2991.7883,19.430988
151.9,14579.46,4188.5034,28.789646
40.3,15159.75,1111.2356,6.600847
86.799995,12186.96,2393.4304,19.36448
331.69998,18968.61,9146.323,48.998726
34.1,22229.371,940.27625,3.386076
18235.75,28362.871,502834.12,1837.3257
128.65,13278.811,3547.406,26.701265
23.25,18098.61,641.0975,2.673049
195.29999,28214.97,5385.2188,18.791178
38.75,10129.41,1068.4958,9.937965
60.449997,14205.36,1666.8534,11.167267
124.0,14083.561,3419.1865,24.174347
52.699997,16699.65,1453.1542,8.0230255
29.449999,9392.5205,812.05676,7.9650373
24.8,9162.84,683.8373,6.738745
186.0,20794.74,5128.78,24.574575
612.25,15864.45,16882.234,109.345024
79.049995,17801.07,2179.7312,11.697104
266.6,21424.621,7351.2515,34.579185
533.2,16071.51,14702.503,93.85986
223.2,26401.02,6154.5356,23.17255
60.449997,10948.95,1666.8534,14.786026
155.0,19481.041,4273.9834,21.749327
86.799995,28031.4,2393.4304,7.8536816
102.299995,50036.31,2820.8289,4.845738
131.75,22191.96,3632.8857,15.9747715
210.79999,17241.66,5812.6167,33.95751
103.85,14408.94,2863.5686,19.60741
26.349998,18463.14,726.5771,3.0805998
35.649998,8836.59,983.01605,10.535164
17.05,16012.35,470.13812,2.044516
46.5,20745.15,1282.195,5.4089274
15.5,16837.11,427.39832,1.6321652
12.4,7997.04,341.91864,3.4334455
57.35,11257.8,1581.3738,13.565617
91.45,19996.95,2521.65,12.07582
71.299995,17289.51,1966.0321,10.79114
238.7,26630.7,6581.934,24.628244
79.049995,6789.48,2179.7312,32.29004
43.399998,19049.52,1196.7152,5.514104
29.449999,17306.91,812.05676,3.865357
48.05,18247.38,1324.9348,6.529079
69.75,19334.88,1923.2925,9.314584
31.0,12009.48,854.79663,6.3805113
52.699997,16590.9,1453.1542,8.0821705
79.049995,12753.33,2179.7312,16.722591
131.75,20116.14,3632.8857,17.726429
275.9,15372.9,7607.69,50.315063
41.85,21893.55,1153.9755,4.4654794
102.299995,23444.76,2820.8289,11.476099
55.8,17781.06,1538.6339,7.9727488
24.8,13585.92,683.8373,4.219292
79.049995,18435.3,2179.7312,11.260285
57.35,30434.34,1581.3738,4.387888
7934.4497,38837.67,218785.19,583.13416
83.7,32772.9,2307.951,6.3022985
41.85,17311.26,1153.9755,5.912192
161.2,16145.46,4444.9424,27.547205
32.55,10561.8,897.53644,7.8117476
23794.049,56785.77,656099.1,1197.058
0.0,20317.11,0.0,-1.0
122.45,24094.65,3376.4465,13.53072
119.35,12567.15,3290.967,26.154049
147.25,17701.89,4060.284,22.783985
43.399998,27015.24,1196.7152,3.5933533
137.95,12611.5205,3803.845,30.275425
58.899998,24869.82,1624.1135,5.7716045
254.2,15359.85,7009.3325,46.319218
168.95,12355.74,4658.6416,38.096546
162.75,16002.78,4487.682,28.078669
79.049995,17466.12,2179.7312,11.940599
-3.1,10059.81,-85.47966,-1.8810914
-21.699999,24847.2,-598.3576,-3.4970732
3113.95,13004.76,85864.32,683.6337
120.899994,23059.35,3333.7068,13.990918
40.3,20535.48,1111.2356,4.611115
1033.85,12975.18,28507.467,226.82066
31.0,11276.94,854.79663,6.859943
116.25,19355.76,3205.4873,16.172428
4.6499996,12659.37,128.21948,0.05024302
119.35,22687.86,3290.967,14.041041
128.65,17251.23,3547.406,20.322529
108.5,11382.21,2991.7883,26.255375
221.65,31807.2,6111.796,18.924677
158.09999,11410.92,4359.4624,38.615047
12065.199,29251.14,332686.84,1178.3445
-29.449999,7080.06,-812.05676,-12.893162
97.649994,17434.8,2692.6094,15.014162
254.2,18268.26,7009.3325,38.785732
116.25,17163.36,3205.4873,18.365986
164.29999,24755.85,4530.422,17.976175
167.4,20107.44,4615.902,22.803877
145.7,16336.86,4017.5442,24.499987
429.34998,65714.58,11838.933,17.680939
199.95,22164.99,5513.4385,24.79306
277.44998,40799.52,7650.4297,18.44369
-6.2,13475.43,-170.95932,-2.3155217
40.3,10275.57,1111.2356,10.213678
38.75,18814.62,1068.4958,4.8887796
1.55,20262.3,42.73983,-0.78127825
686.64996,20302.32,18933.744,95.70273
40.3,8425.08,1111.2356,12.676659
93.0,13564.17,2564.39,18.60373
96.1,20280.57,2649.8696,12.548531
69.75,17426.1,1923.2925,10.4444
13.95,13673.79,384.65848,1.9169855
365.8,10741.0205,10086.6,96.374916
23.25,9523.0205,641.0975,5.9806714
186.0,21702.15,5128.78,23.50525
27.9,10252.95,769.31696,6.780443
88.35,16877.13,2436.1704,13.967764
102.299995,12641.97,2820.8289,22.137152
24.8,13759.92,683.8373,4.1532917
134.84999,23088.93,3718.3652,15.699219
398.34998,20491.11,10984.136,54.583813
75.95,16048.0205,2094.2517,12.531791
85.25,27117.03,2350.6907,7.9887905
113.149994,18797.22,3120.0076,16.21115
85.25,24805.44,2350.6907,8.826445
15.5,14175.78,427.39832,2.126322
100.75,24448.74,2778.089,10.782503
-13.95,7453.29,-384.65848,-6.3514953
536.3,10332.99,14787.981,147.39893
-52.699997,11692.8,-1453.1542,-13.88668
3.1,17653.17,85.47966,-0.49790263
220.09999,19562.82,6069.0557,31.168999
125.549995,23175.93,3461.9263,14.489184
4127.65,40590.72,113816.17,289.7536
32.55,17464.38,897.53644,4.329013
131.75,12178.26,3632.8857,29.932453
116.25,11318.7,3205.4873,28.36604
-13.95,19462.77,-384.65848,-3.0493615
60.449997,17505.27,1666.8534,8.873622
401.44998,38776.77,11069.616,28.601166
49.6,14013.96,1367.6746,9.11975
108.5,14696.91,2991.7883,20.108273
77.5,28491.63,2136.9917,6.7773814
54.25,13351.0205,1495.8942,10.618078
18.599998,8898.36,512.8779,4.9765687
63.55,11688.45,1752.3331,14.545605
27.9,13456.29,769.31696,4.9282684
34.1,15659.13,940.27625,5.2263813
15008.649,31427.88,413849.78,1364.4491
82.149994,17294.73,2265.211,12.581344
-29.449999,16836.24,-812.05676,-6.001372
86.799995,20406.72,2393.4304,11.161734
147.25,14358.48,4060.284,28.322151
75.95,16481.28,2094.2517,12.176068
190.65,18883.35,5256.999,27.867338
94.549995,9370.7705,2607.1296,27.849295
54.25,18839.85,1495.8942,7.2332506
40.3,13996.561,1111.2356,7.232518
189.09999,21380.25,5214.2593,24.28877
57.35,19242.66,1581.3738,7.5215244
548.7,11695.41,15129.901,133.14316
35.649998,11859.84,983.01605,7.594679
110.049995,11633.64,3034.5278,26.047268
106.95,16613.52,2949.0483,17.40637
106.95,21897.9,2949.0483,12.964561
159.65,21538.59,4402.2026,20.1934
141.05,12904.71,3889.3247,30.251713
26.349998,10106.79,726.5771,6.4544625
34.1,12264.39,940.27625,6.9498224
62.0,10852.38,1709.5933,15.334871
60.449997,14292.36,1666.8534,11.093203
170.5,18889.44,4701.3813,24.807997
18.599998,11413.53,512.8779,3.6595278
99.2,17560.08,2735.349,15.152292
268.15,20301.45,7393.9907,36.765892
60.449997,14476.8,1666.8534,10.939131
2414.9,41124.03,66588.66,166.90068
119.35,19287.03,3290.967,16.693186
207.7,18240.42,5727.137,31.557468
83.7,14356.74,2307.951,15.669348
527.0,35154.96,14531.543,41.862053
-21.699999,18991.23,-598.3576,-4.267049
220.09999,20080.47,6069.0557,30.339722
5226.5996,12064.29,144118.7,1237.7008
20.15,15034.47,555.6178,2.8320918
155.0,19161.75,4273.9834,22.128397
156.54999,18949.47,4316.7227,22.621363
158.09999,23980.68,4359.4624,17.850346
-7.75,6648.54,-213.69916,-4.3329163
18.599998,21002.67,512.8779,1.5321381
37.199997,10562.67,1025.7559,9.069738
227.84999,19053.0,6282.755,33.192795
172.04999,20748.63,4744.121,22.709053
-35.649998,9586.53,-983.01605,-11.632785
130.2,23902.38,3590.1458,14.574668
26.349998,16856.25,726.5771,3.4695997
165.84999,15679.14,4573.1616,29.244207
38.75,11163.84,1068.4958,8.924465
327.05,23441.28,9018.1045,38.891636
168.95,18462.27,4658.6416,25.165083
34.1,12913.41,940.27625,6.550268
285.19998,20621.61,7864.1284,38.543575
75.95,29210.25,2094.2517,6.4343243
124.0,18216.06,3419.1865,18.46329
17.05,8137.11,470.13812,4.991053
46.5,19862.97,1282.195,5.693569
38.75,6755.55,1068.4958,15.40061
10.849999,28294.14,299.1788,0.09643316
342.55,35208.9,9445.503,26.817657
49.6,18137.76,1367.6746,6.8189244
-3.1,7247.1,-85.47966,-2.2230563
55.8,15454.68,1538.6339,9.32341
-17.05,13872.15,-470.13812,-4.514225
-1.55,9143.7,-42.73983,-1.484684
165.84999,10513.08,4573.1616,44.106014
35293.5,43570.47,973186.0,2315.069
9.299999,12622.83,256.43896,1.1065664
-38.75,7564.65,-1068.4958,-15.646434
34.1,24560.1,940.27625,2.969842
110.049995,23704.02,3034.5278,12.274465
10.849999,11731.95,299.1788,1.6442864
13.95,14549.88,384.65848,1.7413454
37.199997,16913.67,1025.7559,5.288601
119.35,21240.18,3290.967,15.066202
24.8,24227.76,683.8373,1.9267619
328.59998,25845.09,9060.844,35.352848
144.15,17661.87,3974.8042,22.33603
35.649998,16536.09,983.01605,5.164185
80.6,9610.89,2222.4712,22.978413
265.05,18074.25,7308.5107,40.92919
75.95,28596.03,2094.2517,6.5940075
79.049995,26931.72,2179.7312,7.392411
164.29999,12688.95,4530.422,36.02208
10.849999,16230.72,299.1788,0.9113531
20.15,6356.22,555.6178,8.064108
345.65,24304.32,9530.982,39.663246
24672.898,54723.0,680332.6,1288.1376
17.05,19818.6,470.13812,1.4598033
-23.25,14753.46,-641.0975,-5.505864
52.699997,9857.97,1453.1542,14.2852335
18.599998,10530.48,512.8779,4.0502596
145.7,20463.27,4017.5442,19.357925
77.5,21649.95,2136.9917,9.235141
38.75,11195.16,1068.4958,8.8967
251.09999,21980.55,6923.8525,31.663078
34.1,11557.95,940.27625,7.435727
110.049995,18154.291,3034.5278,16.33244
-51.149998,15543.42,-1410.4144,-10.4091
102.299995,18689.34,2820.8289,14.650588
18.599998,18164.73,512.8779,1.927743
114.7,16281.18,3162.7476,19.14311
32391.898,60692.07,893176.94,1524.9961
63.55,21018.33,1752.3331,7.645026
80.6,37971.15,2222.4712,5.069184
190.65,43461.72,5256.999,11.542349
34.1,17750.61,940.27625,4.492753
125.549995,10318.2,3461.9263,33.790585
17.05,8092.74,470.13812,5.0239
7.75,19380.99,213.69916,0.1433382
108.5,25518.84,2991.7883,11.156759
2047.5499,14676.9,56459.316,397.88632
-44.949997,7474.17,-1239.4551,-18.195536
164.29999,24612.3,4530.422,18.086853
17.05,9268.11,470.13812,4.259957
68.2,18611.041,1880.5525,9.47762
75.95,14029.62,2094.2517,14.478571
48.05,34907.88,1324.9348,2.9356723
68.2,20478.93,1880.5525,8.521955
52.699997,16584.81,1453.1542,8.085505
77.5,23867.58,2136.9917,8.284154
144.15,14694.3,3974.8042,27.048828
261.94998,28800.48,7223.0312,25.005646
179.79999,17477.43,4957.8203,28.414476
97.649994,13396.26,2692.6094,19.841917
111.6,13411.92,3077.2678,22.791521
97.649994,18098.61,2692.6094,14.426807
21.699999,13879.11,598.3576,3.470407
695.94995,16535.22,19190.184,119.341934
40.3,23752.74,1111.2356,3.851101
119.35,22819.23,3290.967,13.95445
156.54999,31465.291,4316.7227,13.22559
-34.1,18880.74,-940.27625,-6.163977
134.84999,30632.7,3718.3652,11.586781
-7.75,15100.59,-213.69916,-2.4674277
91.45,18513.6,2521.65,13.123483
17.05,8673.03,470.13812,4.6208563
2627.25,7764.75,72444.016,966.4375
32032.299,34231.89,883261.3,2674.5076
35.649998,30443.91,983.01605,2.3481743
82.149994,19409.7,2265.211,11.101459
46.5,20324.07,1282.195,5.5417094
32.55,14395.0205,897.53644,5.4652853
62.0,16786.65,1709.5933,9.560309
48.05,6807.75,1324.9348,19.18082
37.199997,14372.4,1025.7559,6.4005256
18.599998,16231.59,512.8779,2.2764297
37.199997,16493.46,1025.7559,5.4488177
71.299995,17536.59,1966.0321,10.6250105
159.65,10067.64,4402.2026,44.34091
103.85,9716.16,2863.5686,29.560526
-17.05,14427.21,-470.13812,-4.3790216
4.6499996,12757.68,128.21948,0.0421499
189.09999,16092.39,5214.2593,32.598507
125.549995,11054.22,3461.9263,31.474136
139.5,16909.32,3846.585,22.588324
148.79999,19021.68,4103.0234,21.366756
44.949997,13267.5,1239.4551,8.687006
153.45,22535.61,4231.243,18.469131
79.049995,13551.12,2179.7312,15.679216
80.6,9457.7705,2222.4712,23.366617
44.949997,29113.68,1239.4551,3.4145007
88.35,26352.3,2436.1704,8.585991
34.1,24022.44,940.27625,3.0586934
241.79999,20824.32,6667.4136,32.199722
150.34999,16833.63,4145.7637,24.53728
7.75,20351.041,213.69916,0.08884001
204.59999,19032.99,5641.6577,29.736017
6.2,6857.34,170.95932,1.5851455
139.5,20255.34,3846.585,18.691721
319.3,25003.8,8804.405,35.512524
40.3,14431.561,1111.2356,6.9843717
31.0,16924.98,854.79663,4.2369995
32.55,14280.18,897.53644,5.5172787
139.5,16797.09,3846.585,22.745928
198.4,18000.3,5470.698,30.514532
184.45,17702.76,5086.04,28.791111
82.149994,10057.2,2265.211,22.354977
124.0,19302.69,3419.1865,17.367619
-41.85,15848.79,-1153.9755,-8.550024
285.19998,17676.66,7864.1284,45.131573
179.79999,22133.67,4957.8203,22.226578
173.59999,18774.6,4786.861,25.437963
6291.4497,17217.3,173480.97,1043.8036
82.149994,11183.85,2265.211,20.00222
55.8,16938.03,1538.6339,8.419336
300.69998,9100.2,8291.527,93.47817
1.55,8745.24,42.73983,-0.4932323
13.95,19029.51,384.65848,1.0960209
68.2,14897.01,1880.5525,12.089837
34.1,16613.52,940.27625,4.868697
85.25,17906.34,2350.6907,12.612458
110.049995,13364.94,3034.5278,22.54355
117.799995,26351.43,3248.227,11.781743
24.8,8231.07,683.8373,7.6147833
145.7,12206.1,4017.5442,33.129635
-24.8,7950.93,-683.8373,-9.918313
144.15,21541.2,3974.8042,18.133469
-4.6499996,13985.25,-128.21948,-1.950674
1.55,8981.88,42.73983,-0.5065838
11885.399,24640.14,327729.03,1378.1758
4595.75,11942.49,126723.6,1099.2983
229.4,23031.51,6325.495,27.47869
34.1,15351.15,940.27625,5.351297
75.95,10200.75,2094.2517,20.28848
193.75,22902.75,5342.479,23.188173
62.0,11005.5,1709.5933,15.107601
108.5,26881.26,2991.7883,10.540619
41.85,26535.0,1153.9755,3.5094686
99.2,19615.89,2735.349,13.459477
10.849999,12903.84,299.1788,1.4041398
13.95,13631.16,384.65848,1.9261081
186.0,29032.77,5128.78,17.317806
122.45,17338.23,3376.4465,19.193098
353.4,10835.85,9744.682,92.2508
23.25,12742.0205,641.0975,4.217154
94.549995,16372.53,2607.1296,15.51181
-9.299999,9946.71,-256.43896,-3.673329
296.05,22767.9,8163.3076,36.17843
38.75,12704.61,1068.4958,7.7208614
99.2,27378.03,2735.349,9.359969
35.649998,24649.71,983.01605,3.1352015
103.85,18394.41,2863.5686,15.142456
49.6,15840.96,1367.6746,7.9525995
-4.6499996,10266.87,-128.21948,-2.2949824
125.549995,10922.85,3461.9263,31.864704
66.65,16689.21,1837.8129,10.418613
49.6,16104.57,1367.6746,7.806057
74.399994,12526.26,2051.5117,15.982454
44.949997,23382.121,1239.4551,4.4966083
156.54999,15615.63,4316.7227,27.66438
227.84999,17467.86,6282.755,36.295662
38.75,16602.21,1068.4958,5.6735177
23.25,7656.87,641.0975,7.6820173
187.54999,23547.42,5171.5195,21.77313
37.199997,18821.58,1025.7559,4.6511364
159.65,20148.33,4402.2026,21.655771
83.7,18617.13,2307.951,11.854692
182.9,20451.96,5043.3,24.569822
-7.75,14385.45,-213.69916,-2.5403776
2352.9,16957.17,64879.062,395.73367
103.85,9663.96,2863.5686,29.7256
12778.199,25470.99,352347.16,1433.4084
44.949997,17276.46,1239.4551,6.4391594
224.75,42043.62,6197.276,14.284407
252.65,13570.26,6966.5923,52.2329
111.6,22144.11,3077.2678,13.409701
86.799995,21695.19,2393.4304,10.439453
351.84998,10634.88,9701.941,93.59625
37.199997,16623.96,1025.7559,5.398194
72.85,12710.7,2008.7721,15.387363
20.15,28683.03,555.6178,1.0086257
156.54999,12954.3,4316.7227,33.553185
186.0,13411.92,5128.78,38.65254
18.599998,14230.59,512.8779,2.7371368
51.149998,14731.71,1410.4144,8.927536
66.65,19214.82,1837.8129,8.917743
3.1,17164.23,85.47966,-0.4835999
199.95,11380.47,5513.4385,49.235443
127.1,15835.74,3504.6663,21.948599
6235.65,13057.83,171942.34,1364.3994
4.6499996,16558.71,128.21948,-0.1970743
69.75,18972.96,1923.2925,9.51134
-37.199997,5950.8,-1025.7559,-18.873785
60.449997,11022.9,1666.8534,14.68012
10.849999,19701.15,299.1788,0.57466114
35.649998,19005.15,983.01605,4.363363
93.0,14399.37,2564.39,17.466663
49.6,20817.36,1367.6746,5.812476
144.15,25317.0,3974.8042,15.279886
108.5,25252.621,2991.7883,11.284919
145.7,18499.68,4017.5442,21.518753
241.79999,22179.78,6667.4136,30.170807
57.35,15196.29,1581.3738,9.790581
9.299999,16995.45,256.43896,0.5645853
198.4,23135.91,5470.698,23.519073
869.55,24097.26,23977.045,102.17533
-6.2,5676.75,-170.95932,-4.122776
2532.7,20743.41,69836.88,348.10217
26.349998,10307.76,726.5771,6.3091235
24.8,16516.08,683.8373,3.293324
100.75,16223.76,2778.089,16.755894
265.05,19587.18,7308.5107,37.690544
13.95,12326.16,384.65848,2.235902
110.049995,16680.51,3034.5278,17.863823
60.449997,40127.88,1666.8534,3.30724
195.29999,19062.57,5385.2188,28.2934
136.4,18025.53,3761.105,20.635918
46.5,17066.791,1282.195,6.7902265
178.25,18033.36,4915.0806,27.261934
10245.5,30512.64,282510.28,959.0688
372.0,7140.09,10257.56,147.96637
91.45,12048.63,2521.65,20.701761
-29.449999,11276.07,-812.05676,-8.467522
60.449997,19435.8,1666.8534,7.892888
243.34999,24950.73,6710.1533,26.886696
75.95,9853.62,2094.2517,21.038445
241.79999,21201.9,6667.4136,31.608475
7.75,25016.85,213.69916,-0.11423594
1233.7999,12688.08,34020.906,277.03397
94.549995,22253.73,2607.1296,11.148081
58.899998,11192.55,1624.1135,14.046491
108.5,25698.06,2991.7883,11.071977
9681.3,51224.73,266953.0,539.38464
-3.1,6866.04,-85.47966,-2.290935
97.649994,10689.69,2692.6094,25.118973
-24.8,14796.96,-683.8373,-5.792125
29.449999,14560.32,812.05676,4.783135
46.5,6712.92,1282.195,18.805712
38.75,13647.69,1068.4958,7.1182337
62.0,12005.13,1709.5933,13.766372
77.5,10987.23,2136.9917,19.167984
4392.6997,18945.99,121124.68,661.9232
41.85,19354.89,1153.9755,5.182352
131.75,15146.7,3632.8857,23.870333
-17.05,17118.12,-470.13812,-3.8478513
195.29999,17533.11,5385.2188,30.848743
198.4,10918.5,5470.698,50.955036
15.5,7664.7,427.39832,4.782099
275.9,21948.36,7607.69,34.9417
-49.6,14634.2705,-1367.6746,-10.690799
179.79999,20143.11,4957.8203,24.52185
230.95,17694.06,6368.235,36.31981
58.899998,26505.42,1624.1135,5.353742
186.0,33327.09,5128.78,14.957489
215.45,17421.75,5940.8364,34.359303
106.95,19419.27,2949.0483,14.746966
52.699997,16665.72,1453.1542,8.041395
199.95,21139.26,5513.4385,26.044605
347.19998,22807.05,9573.722,42.52708
196.84999,18179.52,5427.9585,29.960073
159.65,24280.83,4402.2026,17.79985
79.049995,16830.15,2179.7312,12.429592
91.45,19137.39,2521.65,12.663121
51.149998,29513.01,1410.4144,3.9554272
3.1,12434.04,85.47966,-0.2871496
34.1,14058.33,940.27625,5.9353695
23.25,10974.18,641.0975,5.05759
71.299995,9255.06,1966.0321,21.027199
21.699999,6351.87,598.3576,8.768032
29.449999,20367.57,812.05676,3.1342335
16389.7,22390.32,451930.97,2091.9539
51.149998,8804.4,1410.4144,15.610964
-12.4,17216.43,-341.91864,-3.0593376
218.54999,18798.09,6026.316,32.241917
-27.9,13352.76,-769.31696,-6.974233
43.399998,18882.48,1196.7152,5.571729
77.5,16064.55,2136.9917,12.793743
34.1,9481.26,940.27625,9.283413
44.949997,15413.79,1239.4551,7.3381405
38.75,26280.96,1068.4958,3.215795
187.54999,41744.34,5171.5195,11.846016
23.25,14250.6,641.0975,3.6648622
141.05,21370.68,3889.3247,17.871384
12.4,21440.28,341.91864,0.6536373
99.2,10268.61,2735.349,26.621609
93.0,19486.26,2564.39,12.64594
96.1,31424.4,2649.8696,7.743904
35.649998,17263.41,983.01605,4.9044833
40.3,16280.311,1111.2356,6.0776873
4.6499996,8909.67,128.21948,0.49224555
-27.9,18261.3,-769.31696,-5.368391
6.2,17793.24,170.95932,-0.0037103891
272.8,12681.99,7522.21,60.504364
111.6,18556.23,3077.2678,16.19584
-17.05,18635.4,-470.13812,-3.6159813
57.35,21507.27,1581.3738,6.6242504
31.0,10589.64,854.79663,7.370078
173.59999,20103.09,4786.861,23.690842
100.75,15530.37,2778.089,17.548647
162.75,22965.39,4487.682,19.262644
38.75,17841.09,1068.4958,5.2101107
106.95,19911.69,2949.0483,14.35754
279.0,26021.7,7693.17,29.656145
207.7,44300.4,5727.137,12.405339
158.09999,18294.36,4359.4624,23.70948
29.449999,19827.3,812.05676,3.2468867
6.2,16451.7,170.95932,0.07753134
130.2,18551.88,3590.1458,19.066519
51.149998,9978.03,1410.4144,13.657159
-3.1,16033.23,-85.47966,-1.5528275
189.09999,22392.93,5214.2593,23.145132
23.25,10149.42,641.0975,5.549841
-4.6499996,12461.01,-128.21948,-2.0669613
647.89996,14163.6,17865.248,129.79263
65.1,20819.97,1795.0729,7.9402533
-12.4,18231.72,-341.91864,-2.9446568
83.7,11651.91,2307.951,19.538906
189.09999,11049.0,5214.2593,47.93477
139.5,13784.28,3846.585,27.936043
108.5,22681.77,2991.7883,12.677344
204.59999,11819.82,5641.6577,48.492996
38.75,18738.93,1068.4958,4.9125648
158.09999,11299.561,4359.4624,39.00546
131.75,19658.52,3632.8857,18.162352
203.04999,26140.02,5598.9175,21.209871
46.5,18839.85,1282.195,6.057071
212.34999,21500.31,5855.357,27.239468
159.65,19471.47,4402.2026,22.443321
35.649998,8831.37,983.01605,10.541982
6916.0996,30738.84,190705.12,642.31366
51.149998,22215.45,1410.4144,5.5832376
44.949997,18951.21,1239.4551,5.781749
18.599998,20906.97,512.8779,1.5437286
24.8,27380.64,683.8373,1.5897453
102.299995,17592.27,2820.8289,15.626574
32.55,15623.46,897.53644,4.9569335
148.79999,21629.94,4103.0234,18.669647
892.8,36888.87,24618.143,68.20027
20.15,18384.84,555.6178,2.1337488
-9.299999,19856.88,-256.43896,-2.3391242
96.1,20009.13,2649.8696,12.732328
3.1,20645.97,85.47966,-0.5706857
80.6,13979.16,2222.4712,15.485531
198.4,26708.13,5470.698,20.23964
-27.9,15821.82,-769.31696,-6.0419292
7.75,17917.65,213.69916,0.23671508
1926.6499,19380.12,53125.61,283.24664
272.8,33864.75,7522.21,22.032732
261.94998,25264.8,7223.0312,28.645002
153.45,14631.66,4231.243,28.986258
2672.2,8050.98,73683.47,948.00653
100.75,15760.05,2778.089,17.278328
119.35,15907.95,3290.967,20.451477
153.45,15114.51,4231.243,28.028315
83.7,19544.55,2307.951,11.244718
21.699999,6855.6,598.3576,8.050305
65.1,23315.13,1795.0729,6.9834776
530.1,12422.73,14617.021,121.00839
144.15,19103.46,3974.8042,20.575037
-9.299999,15673.92,-256.43896,-2.6965017
9.299999,12837.72,256.43896,1.0713048
55.8,22884.48,1538.6339,5.9717555
18.599998,12458.4,512.8779,3.2687387
147.25,19123.47,4060.284,21.015957
181.34999,11457.03,5000.56,44.257908
471.19998,20701.65,12992.908,64.08025
29.449999,11678.88,812.05676,6.2099633
130.2,15531.24,3590.1458,22.969215
161.2,20340.6,4444.9424,21.659496
49.6,21833.52,1367.6746,5.4954147
34.1,6609.39,940.27625,13.751697
88.35,17482.65,2436.1704,13.4493475
130.2,8382.45,3590.1458,43.41084
62.0,13895.64,1709.5933,11.757399
165.84999,14890.05,4573.1616,30.846981
-37.199997,20096.13,-1025.7559,-6.2927265
3.1,12537.57,85.47966,-0.29303598
40.3,8742.63,1111.2356,12.179894
277.44998,26635.05,7650.4297,28.783806
20.15,13873.89,555.6178,3.1526546
257.3,23704.89,7094.812,30.034933
113.149994,20667.72,3120.0076,14.653482
0.0,11796.33,0.0,-1.0
184.45,15115.38,5086.04,33.890614
2656.7,11889.42,73256.07,637.897
100.75,24569.67,2778.089,10.724511
82.149994,25707.63,2265.211,8.136807
2993.0498,10714.05,82530.61,797.747
3.1,17727.12,85.47966,-0.49999708
91.45,13575.48,2521.65,18.260939
-31.0,25940.791,-854.79663,-4.416862
20.15,19695.06,555.6178,1.9252751
68.2,24870.69,1880.5525,6.8405313
83.7,10003.26,2307.951,22.92395
103.85,25647.6,2863.5686,10.577339
21.699999,16294.23,598.3576,2.8078063
110.049995,32345.73,3034.5278,8.727966
266.6,20978.31,7351.2515,35.33613
86.799995,22923.63,2393.4304,9.826429
130.2,14041.8,3590.1458,25.511677
46.5,23798.85,1282.195,4.5865793
96.1,18131.67,2649.8696,14.154255
15052.05,27284.07,415046.5,1576.3768
186.0,41800.02,5128.78,11.72288
2580.75,17268.63,71161.82,426.30405
-6.2,12159.12,-170.95932,-2.4579363
96.1,11000.28,2649.8696,23.97863
2876.7998,13473.69,79325.125,609.4809
4.6499996,7843.92,128.21948,0.69499624
58.899998,11180.37,1624.1135,14.062881
151.9,20493.72,4188.5034,20.192682
18.599998,12241.7705,512.8779,3.3442783
156.54999,18935.55,4316.7227,22.638727
23.25,13580.7,641.0975,3.894967
21.699999,17397.39,598.3576,2.5663552
49.6,18137.76,1367.6746,6.8189244
71.299995,11584.92,1966.0321,16.597277
108.5,18209.97,2991.7883,16.036074
150.34999,18006.39,4145.7637,22.874031
-29.449999,14748.24,-812.05676,-6.7094474
-46.5,5697.63,-1282.195,-24.334993
232.5,21325.44,6410.9746,30.172667
251.09999,21899.64,6923.8525,31.783752
3667.2998,18954.69,101122.44,552.1956
127.1,14727.36,3504.6663,23.675709
15.5,10244.25,427.39832,3.3261395
16639.25,26119.14,458812.1,1820.4778
72.85,24915.93,2008.7721,7.359907
170.5,13029.12,4701.3813,36.41608
86.799995,17607.06,2393.4304,13.095543
9.299999,13860.84,256.43896,0.9184141
66.65,17905.47,1837.8129,9.642984
148.79999,17044.17,4103.0234,23.961807
37.199997,13415.4,1025.7559,6.928449
3.1,10833.24,85.47966,-0.18181348
26.349998,10186.83,726.5771,6.395891
52.699997,9532.59,1453.1542,14.806972
134.84999,36815.79,3718.3652,9.472873
44.949997,10158.12,1239.4551,11.652179
20.15,15271.11,555.6178,2.7727098
244.9,23912.82,6752.893,28.28242
170.5,15570.39,4701.3813,30.309338
111.6,9655.26,3077.2678,32.048306
0.0,17612.28,0.0,-1.0
58.899998,15439.0205,1624.1135,9.907985
24.8,16426.47,683.8373,3.3167448
148.79999,22467.75,4103.0234,17.936176
26.349998,18102.96,726.5771,3.161788
144.15,27010.89,3974.8042,14.258952
72.85,16311.63,2008.7721,11.769714
85.25,19077.36,2350.6907,11.776889
100.75,15550.38,2778.089,17.52478
122.45,12569.76,3376.4465,26.853565
131.75,18615.39,3632.8857,19.23613
99.2,24018.96,2735.349,10.808818
2433.5,12770.73,67101.54,543.83453
27.9,9709.2,769.31696,7.216176
226.29999,18323.07,6240.015,34.313053
10.849999,15813.99,299.1788,0.9617208
-3.1,13129.17,-85.47966,-1.6751082
89.899994,19434.06,2478.9102,12.226505
55.8,14969.22,1538.6339,9.658203
206.15,11916.39,5684.3975,48.463814
-4.6499996,13953.061,-128.21948,-1.9528673
71.299995,9863.19,1966.0321,19.669077
9.299999,6893.0103,256.43896,2.8576512
31.0,16914.541,854.79663,4.2402315
141.05,17297.34,3889.3247,22.315393
2529.5999,13955.67,69751.4,517.2629
325.5,23467.38,8975.364,38.658417
167.4,15436.41,4615.902,30.006886
63.55,12781.17,1752.3331,13.216541
29.449999,19204.38,812.05676,3.3846402
162.75,16502.16,4487.682,27.198704
1.55,5395.74,42.73983,-0.1786474
193.75,24023.31,5342.479,22.059923
40.3,24855.03,1111.2356,3.6359606
207.7,13179.63,5727.137,44.059074
-26.349998,20031.75,-726.5771,-4.7610636
17.05,17748.0,470.13812,1.7467804
240.25,22056.24,6624.674,30.144468
80.6,16291.62,2222.4712,13.145547
176.7,18499.68,4872.341,26.309977
41.85,16231.59,1153.9755,6.371968
12.4,12367.92,341.91864,1.8666456
162.75,21908.34,4487.682,20.240294
3.1,15343.32,85.47966,-0.4223147
117.799995,19828.17,3248.227,15.986803
261.94998,22077.99,7223.0312,32.92406
333.25,26983.05,9189.063,34.31247
69.75,13699.89,1923.2925,13.557143
36809.4,72472.74,1014985.5,1451.222
80.6,25329.18,2222.4712,8.098355
23.25,9769.23,641.0975,5.804741
151.9,24836.76,4188.5034,16.48686
43.399998,19179.15,1196.7152,5.470075
17.05,11095.98,470.13812,3.3934698
38.75,18263.91,1068.4958,5.066343
20.15,18936.42,555.6178,2.0424688
51.149998,19607.19,1410.4144,6.4589767
44.949997,16418.64,1239.4551,6.8278317
305.34998,20244.9,8419.746,42.12521
113.149994,33174.84,3120.0076,8.752023
161.2,11899.86,4444.9424,37.7322
15842.55,28884.871,436843.8,1567.2079
153.45,22078.86,4231.243,18.871893
51.149998,24001.56,1410.4144,5.093336
-7.75,23308.17,-213.69916,-1.9506979
-12.4,16300.32,-341.91864,-3.1750765
86.799995,22867.95,2393.4304,9.852792
117.799995,19988.25,3248.227,15.8507595
10.849999,13643.34,299.1788,1.2738299
60.449997,15246.75,1666.8534,10.336213
213.9,14763.03,5898.0967,40.42707
89.899994,13163.1,2478.9102,18.527674
60.449997,9742.26,1666.8534,16.741306
58.899998,17086.8,1624.1135,8.856064
6.2,9931.05,170.95932,0.78503
562.64996,14363.7,15514.558,111.00075
116.25,18239.55,3205.4873,17.223331
63.55,13178.76,1752.3331,12.787643
395.25,11255.19,10898.657,99.40793
175.15,18612.78,4829.601,25.905926
-9.299999,10559.19,-256.43896,-3.518264
124.0,22342.47,3419.1865,14.868632
204.59999,19930.83,5641.6577,28.351429
294.5,23980.68,8120.568,34.11339
-12.4,10793.22,-341.91864,-4.284881
111.6,18437.041,3077.2678,16.307007
193.75,14000.04,5342.479,38.56958
-7.75,28966.65,-213.69916,-1.7649841
130.2,17291.25,3590.1458,20.529482
407.65,25700.67,11240.575,44.351532
91.45,16543.92,2521.65,14.804991
144.15,17180.76,3974.8042,22.989504
313.09998,23399.52,8633.445,37.258247
-20.15,9888.42,-555.6178,-6.8263574
372.0,14421.12,10257.56,72.75525
-3.1,20177.91,-85.47966,-1.439273
167.4,15800.07,4615.902,29.293219
156.54999,20328.42,4316.7227,21.019041
68.2,13051.74,1880.5525,13.940493
178.25,18732.84,4915.0806,26.20664
88.35,21597.75,2436.1704,10.69626
58.899998,20277.09,1624.1135,7.3053627
86.799995,30463.05,2393.4304,7.1469545
-18.599998,19400.13,-512.8779,-3.7413042
218.54999,12883.83,6026.316,47.501457
74.399994,8873.13,2051.5117,22.97425
128.65,21872.67,3547.406,15.8173275
89.899994,11840.7,2478.9102,20.708572
399.9,17318.22,11026.877,65.023285
167.4,21378.51,4615.902,21.388605
20.15,11197.7705,555.6178,4.145084
86.799995,26739.45,2393.4304,8.281459
103.85,26399.28,2863.5686,10.247691
137.95,17463.51,3803.845,21.58599
1274.1,22505.16,35132.14,160.87149
9.299999,17975.94,256.43896,0.47924566
139.5,17813.25,3846.585,21.391338
10.849999,12581.94,299.1788,1.4656479
10.849999,15810.51,299.1788,0.9621527
35.649998,12702.0,983.01605,7.0248394
111.6,23992.86,3077.2678,12.299373
86.799995,18800.7,2393.4304,12.20063
122.45,14703.87,3376.4465,22.810915
175.15,28656.93,4829.601,16.475494
21.699999,8573.85,598.3576,6.236571
20.15,16965.0,555.6178,2.3960192
114.7,20594.64,3162.7476,14.92422
294.5,38524.47,8120.568,20.857355
7977.8496,26610.69,219981.9,856.1932
13.95,17627.07,384.65848,1.2627838
83.7,23817.99,2307.951,9.047762
1.55,32518.86,42.73983,-0.8637159
40.3,28325.46,1111.2356,3.0679636
3617.7,16569.15,99754.766,623.28265
102.299995,19449.72,2820.8289,14.038733
199.95,13096.98,5513.4385,42.651505
119.35,20605.08,3290.967,15.561401
-26.349998,16651.8,-726.5771,-5.5244765
254.2,19077.36,7009.3325,37.098362
13.95,7321.92,384.65848,4.4475126
96.1,23283.81,2649.8696,10.800987
40.3,16924.98,1111.2356,5.808099
189.09999,14060.94,5214.2593,37.452637
62.0,15479.91,1709.5933,10.451759
75.95,18448.35,2094.2517,10.77116
2058.4,31122.51,56758.496,188.10548
66.65,20617.26,1837.8129,8.243112
9.299999,19249.62,256.43896,0.38136923
68.2,21027.9,1880.5525,8.273367
62.0,17848.05,1709.5933,8.932301
34.1,15328.53,940.27625,5.3606696
145.7,14861.34,4017.5442,27.031773
86.799995,14836.98,2393.4304,15.727198
7.75,20594.64,213.69916,0.075960875
120.899994,9191.55,3333.7068,36.608543
131.75,23088.06,3632.8857,15.315943
80.6,17122.47,2222.4712,12.459149
-27.9,14018.311,-769.31696,-6.690593
96.1,18753.72,2649.8696,13.651596
9.299999,12293.97,256.43896,1.1629164
122.45,20412.81,3376.4465,16.151611
232.5,20000.43,6410.9746,32.237827
201.5,16201.14,5556.178,34.56137
46.5,34587.72,1282.195,2.84397
34.1,14316.72,940.27625,5.8101993
184.45,18227.37,5086.04,27.933681
65.1,16040.19,1795.0729,10.604341
74.399994,25612.8,2051.5117,7.305481
4259.4,18557.1,117449.055,655.27716
68.2,18118.62,1880.5525,9.762379
0.0,11514.45,0.0,-1.0
79.049995,13921.74,2179.7312,15.235188
32.55,11679.75,897.53644,6.9683137
35.649998,10186.83,983.01605,9.006206
489.8,14696.91,13505.786,94.288765
251.09999,27863.49,6923.8525,24.76678
113.149994,19121.73,3120.0076,15.919064
75.95,14572.5,2094.2517,13.901937
150.34999,21671.7,4145.7637,18.836245
110.049995,14222.76,3034.5278,21.123568
0.0,15834.87,0.0,-1.0
778.1,17802.81,21455.395,123.96713
60.449997,18562.32,1666.8534,8.3113575
65.1,21910.08,1795.0729,7.4954424
122.45,16975.44,3376.4465,19.624657
62.0,15381.6,1709.5933,10.524953
4544.6,11529.24,125313.19,1126.052
18420.2,32434.47,507920.16,1622.8148
-12.4,13442.37,-341.91864,-3.637514
74.399994,19598.49,2051.5117,9.854237
82.149994,12951.69,2265.211,17.135523
34.1,16972.83,940.27625,4.744458
319.3,12153.9,8804.405,74.11597
302.25,21799.59,8334.268,38.643044
161.2,21656.91,4444.9424,20.282248
286.75,16178.5205,7906.869,49.67732
9.299999,7435.02,256.43896,2.5764303
224.75,18995.58,6197.276,32.829544
182.9,19725.51,5043.3,25.511509
91.45,17165.97,2521.65,14.232258
144.15,20995.71,3974.8042,18.630575
120.899994,23542.2,3333.7068,13.683455
106.95,16471.71,2949.0483,17.564833
94.549995,17716.68,2607.1296,14.259074
-23.25,12132.15,-641.0975,-6.4794145
44.949997,22093.65,1239.4551,4.8171625
74.399994,17520.06,2051.5117,11.14189
-7.75,17881.11,-213.69916,-2.2392423
18.599998,17634.9,512.8779,2.015705
108.5,18379.62,2991.7883,15.878826
83.7,10859.34,2307.951,21.037941
542.5,15836.61,14958.941,96.94595
-54.25,9088.89,-1495.8942,-18.066242
272.8,29718.33,7522.21,25.246351
170.5,29192.85,4701.3813,15.699245
4.6499996,15452.07,128.21948,-0.1395706
120.899994,23995.47,3333.7068,13.406086
102.299995,21214.08,2820.8289,12.787972
6.2,17628.81,170.95932,0.005582452
80.6,38559.27,2222.4712,4.976614
130.2,22177.17,3590.1458,15.786255
82.149994,16161.99,2265.211,13.5332155
6.2,14391.54,170.95932,0.23178065
964.1,31117.291,26584.176,87.58686
100.75,23796.24,2778.089,11.105583
26.349998,8139.72,726.5771,8.255931
155.0,15408.57,4273.9834,27.761953
23.25,13126.561,641.0975,4.064318
52.699997,13614.63,1453.1542,10.067607
106.95,19796.85,2949.0483,14.446628
141.05,10622.7,3889.3247,36.96533
15.5,15391.17,427.39832,1.8794467
866.44995,15439.89,23891.564,159.45316
-20.15,13950.45,-555.6178,-5.129864
155.0,18618.87,4273.9834,22.802765
1176.45,10540.05,32439.531,318.13895
145.7,14167.08,4017.5442,28.405474
79.049995,18650.19,2179.7312,11.119021
545.6,13829.5205,15044.42,111.80185
127.1,11065.53,3504.6663,31.84145
201.5,21891.81,5556.178,25.317362
283.65,21306.3,7821.389,37.064816
32.55,15387.69,897.53644,5.0482054
4.6499996,20246.64,128.21948,-0.34332734
3222.45,13747.74,88856.11,669.1991
199.95,15676.53,5513.4385,35.468716
37.199997,19970.85,1025.7559,4.3259287
-12.4,4470.93,-341.91864,-8.929993
29.449999,14477.67,812.05676,4.81615
9.299999,17090.28,256.43896,0.5559038
41.85,15592.14,1153.9755,6.6742992
207.7,13528.5,5727.137,42.8971
86.799995,15350.28,2393.4304,15.167852
23525.898,34563.36,648705.1,1945.1633
86.799995,29163.27,2393.4304,7.5100574
40.3,6698.13,1111.2356,16.202852
-1.55,9514.32,-42.73983,-1.4658036
-23.25,19078.23,-641.0975,-4.4844465
198.4,28400.28,5470.698,18.974136
220.09999,20438.91,6069.0557,29.790112
82.149994,21057.48,2265.211,10.1545
155.0,17808.9,4273.9834,23.885342
162.75,35944.92,4487.682,11.945906
624.64996,14979.66,17224.15,118.2295
12.4,18318.72,341.91864,0.9354212
74.399994,22385.97,2051.5117,8.502677
93.0,22605.21,2564.39,10.763143
34.1,25165.621,940.27625,2.8743217
79.049995,14990.97,2179.7312,14.077214
173.59999,31716.72,4786.861,14.649858
9.299999,13477.17,256.43896,0.9730276
15.5,22757.46,427.39832,0.9474077
-1.55,7252.32,-42.73983,-1.6110879
359.59998,16446.48,9915.641,61.516647
139.5,13030.86,3846.585,29.609068
17.05,12308.76,470.13812,2.9605823
49.6,21151.44,1367.6746,5.7048755
-10.849999,16081.08,-299.1788,-2.929139
207.7,23409.96,5727.137,24.367916
58.899998,14817.84,1624.1135,10.36526
158.09999,23445.63,4359.4624,18.280527
238.7,100925.22,6581.934,5.7624135
207.7,29300.73,5727.137,19.267818
57.35,17248.62,1581.3738,8.506662
-41.85,9792.72,-1153.9755,-13.219153
94.549995,24873.3,2607.1296,9.868687
86.799995,36914.1,2393.4304,5.7232056
217.0,19298.34,5983.5767,31.150578
27.9,18110.791,769.31696,3.4046946
151.9,18004.65,4188.5034,23.122486
139.5,20647.71,3846.585,18.317516
125.549995,18267.39,3461.9263,18.651205
63.55,8928.81,1752.3331,19.350307
103.85,21859.621,2863.5686,12.583536
127.1,12040.8,3504.6663,29.181389
18.599998,11893.7705,512.8779,3.4713874
71.299995,18508.38,1966.0321,10.014633
170.5,24597.51,4701.3813,18.819021
31.0,7484.61,854.79663,10.842448
350.3,25245.66,9659.202,38.67367
23.25,14795.22,641.0975,3.493146
-18.599998,13610.28,-512.8779,-4.9074626
75.95,17861.97,2094.2517,11.157587
49.6,9837.09,1367.6746,13.416638
37.199997,17205.12,1025.7559,5.182074
9.299999,11001.15,256.43896,1.4170954
41.85,14549.01,1153.9755,7.2245293
43.399998,10712.311,1196.7152,10.58392
255.74998,21879.63,7052.072,32.4214
58.899998,14390.67,1624.1135,10.702624
93.0,10941.99,2564.39,23.301641
164.29999,22050.15,4530.422,20.304678
133.3,14655.15,3675.6257,25.00692
18.599998,19591.53,512.8779,1.7145233
248.0,21376.77,6838.373,32.171
77.5,12294.84,2136.9917,17.023031
83.7,23606.58,2307.951,9.137745
66.65,10085.04,1837.8129,17.896072
71.299995,10742.76,1966.0321,17.976784
3.1,14450.7,85.47966,-0.38663107
62.0,37110.72,1709.5933,3.776847
60.449997,16289.01,1666.8534,9.61086
24.8,10411.29,683.8373,5.8107686
106.95,18109.05,2949.0483,15.886284
125.549995,14553.36,3461.9263,23.66621
96.1,11371.7705,2649.8696,23.162636
116.25,14577.72,3205.4873,21.800919
141.05,13478.91,3889.3247,28.920393
18.599998,15057.09,512.8779,2.5320013
41.85,24110.31,1153.9755,3.9629698
161.2,22959.3,4444.9424,19.074991
173.59999,22716.57,4786.861,20.850225
51.149998,11430.061,1410.4144,11.795171
37.199997,13239.66,1025.7559,7.0336895
370.44998,31071.18,10214.819,33.089516
119.35,16554.36,3290.967,19.613848
66.65,9160.23,1837.8129,19.803804
106.95,15680.88,2949.0483,18.50111
21.699999,18601.47,598.3576,2.3355033
34.1,9353.37,940.27625,9.42402
120.899994,21769.14,3333.7068,14.879397
71.299995,18549.27,1966.0321,9.990354
141.05,16323.811,3889.3247,23.705893
28574.25,68911.83,787908.8,1184.5778
43.399998,14859.6,1196.7152,7.3508673
29.449999,23623.11,812.05676,2.5644882
210.79999,23578.74,5812.6167,24.562243
23642.148,70174.2,651910.6,962.29315
15.5,6953.91,427.39832,5.373113
86.799995,16049.76,2393.4304,14.463227
66.65,9759.66,1837.8129,18.526054
254.2,26632.44,7009.3325,26.29063
79.049995,11289.12,2179.7312,19.021229
74.399994,8490.33,2051.5117,24.055168
175.15,24320.85,4829.601,19.591139
20.15,13739.91,555.6178,3.1931477
122.45,20854.77,3376.4465,15.788132
136.4,46118.7,3761.105,7.456415
179.79999,19253.97,4957.8203,25.700438
248.0,29633.94,6838.373,22.928268
212.34999,17901.99,5855.357,32.915634
52.699997,10229.46,1453.1542,13.73014
31.0,17806.291,854.79663,3.9777975
110.049995,16664.85,3034.5278,17.881548
37.199997,18062.07,1025.7559,4.888767
37.199997,22842.72,1025.7559,3.6563334
24.8,14203.62,683.8373,3.9923105
261.94998,44758.89,7223.0312,15.733549
320.84998,22968.0,8847.145,38.94182
41.85,19043.43,1153.9755,5.2834663
44.949997,12682.86,1239.4551,9.133546
85.25,36192.0,2350.6907,5.7348948
69.75,16863.21,1923.2925,10.82641
167.4,22987.14,4615.902,19.821857
41.85,7794.33,1153.9755,14.352025
27.9,18040.32,769.31696,3.4219003
227.84999,22515.6,6282.755,27.9344
198.4,20494.59,5470.698,26.679064
54.25,8273.7,1495.8942,17.747742
83.7,19749.87,2307.951,11.117422
72.85,13543.29,2008.7721,14.3799305
136.4,21515.1,3761.105,17.12675
175.15,15749.61,4829.601,30.797232
973.39996,10548.75,26840.613,262.8392
-10.849999,17188.59,-299.1788,-2.804839
65.1,10734.93,1795.0729,16.339268
117.799995,26785.56,3248.227,11.574581
2948.0999,11578.83,81291.16,726.9918
44.949997,24325.2,1239.4551,4.2835064
88.35,10372.14,2436.1704,23.354948
57.35,11361.33,1581.3738,13.432887
97.649994,20412.81,2692.6094,12.677869
7.75,20912.19,213.69916,0.059622526
-15.5,16431.69,-427.39832,-3.697109
139.5,18343.95,3846.585,20.743546
258.85,14234.94,7137.5522,50.992603
156.54999,19902.12,4316.7227,21.490686
0.0,11120.34,0.0,-1.0
8580.8,19715.07,236607.7,1243.4529
-26.349998,8163.21,-726.5771,-10.229297
71.299995,11958.15,1966.0321,16.04804
3007.0,14864.82,82915.27,577.39264
9.299999,29919.3,256.43896,-0.111248314
17.05,18403.98,470.13812,1.6488757
164.29999,22581.72,4530.422,19.80317
31.0,25381.38,854.79663,2.4921706
26.349998,22686.121,726.5771,2.3210034
21744.95,35209.77,599597.06,1764.8109
15.5,18454.44,427.39832,1.4014847
209.25,14457.66,5769.8774,40.382473
37.199997,16544.791,1025.7559,5.42881
6.2,13128.3,170.95932,0.3503059
134.84999,19701.15,3718.3652,18.57079
150.34999,18678.03,4145.7637,22.01555
-35.649998,15705.24,-983.01605,-7.4902873
230.95,27298.86,6368.235,23.189253
234.04999,18091.65,6453.7144,35.989582
29.449999,13596.36,812.05676,5.19315
224.75,21617.76,6197.276,28.726107
44.949997,20330.16,1239.4551,5.321758
141.05,11638.86,3889.3247,33.65067
119.35,18037.71,3290.967,17.918644
-6.2,7990.08,-170.95932,-3.218654
0.0,19277.46,0.0,-1.0
150.34999,9216.78,4145.7637,45.64157
2521.8499,20625.09,69537.7,348.60077
323.94998,18118.62,8932.624,50.121292
122.45,13474.561,3376.4465,24.983232
266.6,17210.34,7351.2515,43.29143
49.6,13558.95,1367.6746,9.459347
69.75,20052.63,1923.2925,8.945391
223.2,22873.17,6154.5356,26.90081
199.95,24434.82,5513.4385,22.397058
3795.95,18484.02,104669.84,586.1824
193.75,12695.04,5342.479,42.637177
79.049995,29456.46,2179.7312,6.673089
4.6499996,22946.25,128.21948,-0.42058444
26.349998,13777.32,726.5771,4.468457
117.799995,20825.19,3248.227,15.173548
63.55,21646.47,1752.3331,7.394164
63.55,19451.46,1752.3331,8.341408
243.34999,49552.59,6710.1533,13.041514
75.95,15878.37,2094.2517,12.67637
1613.5499,8655.63,44492.164,532.0068
46.5,19710.72,1282.195,5.7452717
114.7,17901.99,3162.7476,17.319393
117.799995,22560.84,3248.227,13.929284
94.549995,16711.83,2607.1296,15.176573
106.95,23935.44,2949.0483,11.775807
491.34998,31655.82,13548.526,43.379906
86.799995,11644.08,2393.4304,20.313929
2884.5498,12919.5,79538.82,637.383
12.4,15756.57,341.91864,1.2501371
89.899994,22821.84,2478.9102,10.263102
77.5,18403.11,2136.9917,11.0409155
144.15,25641.51,3974.8042,15.073854
63.55,12277.44,1752.3331,13.7998295
6.2,8710.44,170.95932,1.0351694
227.84999,22426.86,6282.755,28.04889
168.95,20683.38,4658.6416,22.35531
9.299999,6791.22,256.43896,2.9154716
63.55,9867.54,1752.3331,17.41432
5311.8496,14703.0,146469.39,1031.9725
37.199997,13612.0205,1025.7559,6.8139257
14869.149,18121.23,410003.2,2345.1047
468.09998,10613.13,12907.429,125.10844
13.95,24055.5,384.65848,0.6580926
1.55,6612.87,42.73983,-0.32982123
31.0,16895.4,854.79663,4.2461677
-4.6499996,17587.92,-128.21948,-1.7559402
97.649994,17149.44,2692.6094,15.280634
43.399998,17208.6,1196.7152,6.210961
83.7,16196.79,2307.951,13.775612
131.75,34050.06,3632.8857,10.063225
114.7,16152.42,3162.7476,19.303682
110.049995,22994.97,3034.5278,12.683782
103.85,16843.2,2863.5686,16.62913
68.2,20567.67,1880.5525,8.480871
110.049995,18157.77,3034.5278,16.329119
55.8,8700.87,1538.6339,17.336672
-4.6499996,18287.4,-128.21948,-1.727026
79.049995,10841.94,2179.7312,19.847012
241.79999,27253.621,6667.4136,24.367697
10.849999,17411.31,299.1788,0.781752
-34.1,26713.35,-940.27625,-4.64985
83.7,10934.16,2307.951,20.88714
57.35,14732.58,1581.3738,10.130216
72.85,10813.23,2008.7721,18.262962
241.79999,18979.05,6667.4136,35.42762
26.349998,19292.25,726.5771,2.9052308
128.65,19229.61,3547.406,18.128826
224.75,27083.1,6197.276,22.72741
20.15,11988.6,555.6178,3.805688
7821.3,24728.88,215665.19,903.32275
249.54999,14180.13,6881.113,49.318344
716.1,24264.3,19745.803,83.38299
106.95,26253.121,2949.0483,10.647932
-13.95,14327.16,-384.65848,-3.7839606
9354.25,20506.77,257934.89,1303.2496
2790.0,13831.26,76931.695,575.75507
16344.749,32982.57,450691.5,1415.9116
-10.849999,11306.5205,-299.1788,-3.7437828
55.8,18747.63,1538.6339,7.5101414
91.45,13530.24,2521.65,18.32534
20.15,7737.7803,555.6178,6.4457355
-15.5,23772.75,-427.39832,-2.8642375
102.299995,18580.59,2820.8289,14.742188
113.149994,15363.33,3120.0076,20.05805
86.799995,10616.61,2393.4304,22.376678
102.299995,18191.7,2820.8289,15.078716
103.85,13944.36,2863.5686,20.293982
178.25,27224.91,4915.0806,17.720268
162.75,17721.9,4487.682,25.257881
94.549995,15372.9,2607.1296,16.585499
23.25,12534.96,641.0975,4.303334
99.2,16365.57,2735.349,16.331234
12.4,15880.98,341.91864,1.2325096
-24.8,10452.18,-683.8373,-7.7841244
172.04999,16153.29,4744.121,29.453882
144.15,35375.94,3974.8042,10.650796
55.8,11800.68,1538.6339,12.519983
339.44998,17572.26,9360.022,54.23281
57.35,24901.14,1581.3738,5.5851126
93.0,12845.55,2564.39,19.700424
80.6,21791.76,2222.4712,9.575276
69.75,14261.91,1923.2925,12.983488
75.95,19720.291,2094.2517,10.01193
35.649998,14197.53,983.01605,6.1795244
35.649998,13259.67,983.01605,6.6873345
1337.6499,16871.91,36884.473,225.6873
-24.8,9228.09,-683.8373,-8.684027
108.5,12859.47,2991.7883,23.124353
102.299995,20506.77,2820.8289,13.263541
184.45,13856.49,5086.04,37.060493
17.05,5472.3,470.13812,7.908477
-3.1,17038.95,-85.47966,-1.520197
48.05,14763.03,1324.9348,8.306082
916.05,11397.0,25259.24,228.81459
66.65,17689.71,1837.8129,9.772796
7.75,11839.83,213.69916,0.8715664
13.95,4110.75,384.65848,8.702912
229.4,20358.0,6325.495,31.218647
54.25,9112.38,1495.8942,16.022247
44.949997,17316.48,1239.4551,6.4219675
173.59999,26525.43,4786.861,17.712692
148.79999,18656.28,4103.0234,21.80483
-12.4,11450.07,-341.91864,-4.096439
119.35,18554.49,3290.967,17.391722
77.5,21384.6,2136.9917,9.362143
57.35,7629.0303,1581.3738,20.493793
137.95,17102.46,3803.845,22.062801
-57.35,18801.57,-1581.3738,-9.721441
234.04999,35134.95,6453.7144,18.046635
137.95,23273.371,3803.845,15.947723
86.799995,37778.01,2393.4304,5.5694585
255.74998,29086.71,7052.072,24.140272
71.299995,21095.76,1966.0321,8.663697
60.449997,11221.26,1666.8534,14.402943
44.949997,9681.36,1239.4551,12.275237
94.549995,14429.82,2607.1296,17.734823
69.75,16037.58,1923.2925,11.4352455
16535.4,29458.2,455948.53,1603.9352
-4.6499996,16804.92,-128.21948,-1.791162
79.049995,42462.96,2179.7312,4.322805
13.95,8933.16,384.65848,3.4649653
125.549995,24303.45,3461.9263,13.770587
155.0,27701.67,4273.9834,14.998334
102.299995,40292.31,2820.8289,6.259429
261.94998,29204.16,7223.0312,24.646177
198.4,37851.09,5470.698,13.986915
77.5,24738.45,2136.9917,7.957323
24.8,17351.28,683.8373,3.086666
62.0,16890.18,1709.5933,9.495579
89.899994,11442.24,2478.9102,21.464544
12.4,20516.34,341.91864,0.7281076
108.5,14770.86,2991.7883,20.002596
709.89996,12200.88,19574.842,165.36234
38.75,19490.61,1068.4958,4.68454
99.2,12922.11,2735.349,20.94963
21.699999,16608.3,598.3576,2.735799
75.95,27580.74,2094.2517,6.873554
429.34998,18392.67,11838.933,65.74453
48.05,14581.2,1324.9348,8.422131
108.5,20846.07,2991.7883,13.881768
1067.95,20099.61,29447.742,150.91907
-7.75,11304.78,-213.69916,-2.9601464
63.55,14852.64,1752.3331,11.233788
100.75,8633.01,2778.089,32.368126
32.55,16542.18,897.53644,4.626097
32.55,17035.47,897.53644,4.463184
-20.15,21020.94,-555.6178,-3.7407656
173.59999,25105.59,4786.861,18.770983
35.649998,20595.51,983.01605,3.9492106
299.15,30548.31,8248.787,26.999533
127.1,11438.76,3504.6663,30.769882
261.94998,19798.59,7223.0312,36.82972
190.65,16671.81,5256.999,31.696629
134.84999,17163.36,3718.3652,21.464544
34.1,22660.89,940.27625,3.3025541
49.6,18563.19,1367.6746,6.6397305
888.14996,43438.23,24489.922,57.460583
237.15,23744.91,6539.1943,27.556276
23.25,19229.61,641.0975,2.4570167
206.15,14113.14,5684.3975,40.764633
58.899998,21394.17,1624.1135,6.8717055
6.2,16760.55,170.95932,0.05767536
68.2,14850.03,1880.5525,12.1312475
131.75,23985.03,3632.8857,14.705774
821.5,11056.83,22652.111,211.43492
106.95,18261.3,2949.0483,15.745499
85.25,36672.24,2350.6907,5.646698
1602.7,23176.8,44192.984,196.71869
17525.85,37678.832,483259.28,1328.9358
291.4,20109.18,8035.0884,40.43279
119.35,35657.82,3290.967,8.570103
35.649998,24089.43,983.01605,3.2313795
-3.1,18879.87,-85.47966,-1.4694742
4.6499996,12916.89,128.21948,0.029304624
155.0,15118.86,4273.9834,28.313093
141.05,19388.82,3889.3247,19.800354
65.1,21185.37,1795.0729,7.7860556
89.899994,17085.06,2478.9102,14.044998
23.25,14228.85,641.0975,3.6719928
7.75,10600.95,213.69916,1.0902867
7264.8496,85718.49,200321.58,241.3266
83.7,18932.94,2307.951,11.640272
24.8,11318.7,683.8373,5.264755
-23.25,13435.41,-641.0975,-5.9479012
97.649994,12918.63,2692.6094,20.612488
20.15,14510.73,555.6178,2.9704044
26.349998,17846.31,726.5771,3.2216392
176.7,26403.63,4872.341,18.13471
-20.15,11980.7705,-555.6178,-5.8088284
6.2,19095.63,170.95932,-0.071660936
54.25,10228.59,1495.8942,14.164671
110.049995,16530.87,3034.5278,18.03458
20.15,12078.21,555.6178,3.7700338
199.95,64309.53,5513.4385,7.889863
124.0,14060.07,3419.1865,24.216406
40.3,12159.12,1111.2356,8.476585
79.049995,15091.0205,2179.7312,13.977255
-3.1,39216.99,-85.47966,-1.2260146
32.55,17716.68,897.53644,4.2531238
38.75,15974.94,1068.4958,5.935559
69.75,15384.21,1923.2925,11.963372
857.14996,11085.54,23635.127,220.07974
-40.3,10829.76,-1111.2356,-11.639843
77.5,17544.42,2136.9917,11.630243
44.949997,24697.56,1239.4551,4.203848
80.6,12914.28,2222.4712,16.844887
31.0,9447.33,854.79663,8.382133
221.65,15352.89,6111.796,40.278755
113.149994,26858.64,3120.0076,11.045352
305.34998,19366.2,8419.746,44.08193
37.199997,5717.64,1025.7559,17.602661
82.149994,20525.91,2265.211,10.443375
15.5,22619.13,427.39832,0.9593172
7.75,12309.63,213.69916,0.80013764
175.15,23901.51,4829.601,19.9524
24189.299,30401.28,666997.8,2273.9949
4.6499996,14034.84,128.21948,-0.052684963
201.5,22325.07,5556.178,24.806625
20.15,17513.97,555.6178,2.2895722
-38.75,12477.54,-1068.4958,-9.879566
80.6,13925.22,2222.4712,15.549389
10.849999,14984.88,299.1788,1.0702627
20.15,13809.51,555.6178,3.1720138
105.399994,14214.93,2906.3083,20.20044
-7.75,6920.85,-213.69916,-4.2017784
91.45,18593.64,2521.65,13.062684
1732.8999,18462.27,47783.13,267.3721
-54.25,26658.541,-1495.8942,-6.818518
-7.75,8859.21,-213.69916,-3.501242
60.449997,17056.35,1666.8534,9.133493
-13.95,14228.85,-384.65848,-3.8031955
54.25,14658.63,1495.8942,9.581698
15.5,13190.07,427.39832,2.359956
-10.849999,7888.29,-299.1788,-4.9327455
31.0,21575.13,854.79663,3.1082535
1653.85,19781.19,45603.4,238.05215
55.8,31982.07,1538.6339,3.9885764
80.6,18238.68,2222.4712,11.6354475
7.75,7407.18,213.69916,1.9915605
40.3,10860.21,1111.2356,9.61001
125.549995,17073.75,3461.9263,20.025036
14884.649,33784.71,410430.6,1258.7007
13.95,17607.93,384.65848,1.2652435
193.75,34484.19,5342.479,15.064627
125.549995,17533.98,3461.9263,19.473175
235.59999,32090.82,6496.454,19.991497
12.4,15732.21,341.91864,1.2536213
-29.449999,9931.92,-812.05676,-9.478149
269.69998,24218.19,7436.7305,30.841114
32.55,11805.9,897.53644,6.8831697
110.049995,23088.06,3034.5278,12.62861
465.0,13048.26,12821.949,100.89417
168.95,16502.16,4658.6416,28.272942
137.95,27868.71,3803.845,13.1531725
469.65,25557.99,12950.169,51.540794
97.649994,16811.01,2692.6094,15.608387
192.2,24577.5,5299.7393,21.359632
82.149994,31805.46,2265.211,6.3850737
69.75,16390.8,1923.2925,11.167267
15.5,20237.07,427.39832,1.189944
125.549995,20049.15,3461.9263,16.90481
16764.799,30925.02,462274.0,1549.0203
-32.55,12426.21,-897.53644,-8.489645
66.65,8513.82,1837.8129,21.38333
44.949997,12680.25,1239.4551,9.1356325
71.299995,22278.09,1966.0321,8.15083
172.04999,13993.95,4744.121,34.153076
3492.15,16423.86,96292.836,606.9483
75.95,28044.45,2094.2517,6.7433667
26.349998,19199.16,726.5771,2.9241657
106.95,18543.18,2949.0483,15.490946
265.05,12158.25,7308.5107,61.33123
0.0,14441.13,0.0,-1.0
103.85,14766.51,2863.5686,19.108406
164.29999,17355.63,4530.422,26.067373
134.84999,15773.97,3718.3652,23.443249
170.5,19847.31,4701.3813,23.56245
12162.85,27123.99,335379.44,1281.1261
13264.899,25083.84,365767.47,1511.0249
-17.05,17922.0,-470.13812,-3.7201126
51.149998,13717.29,1410.4144,9.661696
65.1,10304.28,1795.0729,17.063932
4200.5,18683.25,115824.945,641.8321
111.6,20538.96,3077.2678,14.535838
63.55,26201.791,1752.3331,5.934794
65.1,18498.81,1795.0729,9.062042
10.849999,10995.061,299.1788,1.8215065
38.75,18348.3,1068.4958,5.0384417
3.1,10480.89,85.47966,-0.15430737
-26.349998,10045.0205,-726.5771,-8.500302
82.149994,20001.3,2265.211,10.74352
13.95,20147.46,384.65848,0.9797158
472.75,19267.02,13035.648,69.15619
116.25,20089.17,3205.4873,15.545502
71.299995,21917.041,1966.0321,8.301577
74.399994,13279.68,2051.5117,15.018959
4.6499996,23515.23,128.21948,-0.4346041
127.1,17094.63,3504.6663,20.258608
94.549995,15479.91,2607.1296,16.463934
86.799995,9528.24,2393.4304,25.046898
213.9,35243.7,5898.0967,16.35315
147.25,23817.121,4060.284,16.677263
136.4,22317.24,3761.105,16.475227
254.2,19597.62,7009.3325,36.08696
421.59998,12901.23,11625.233,92.4369
89.899994,10126.8,2478.9102,24.38262
192.2,32178.69,5299.7393,16.077883
113.149994,13721.64,3120.0076,22.577486
85.25,12759.42,2350.6907,18.103477
151.9,18597.99,4188.5034,22.352896
1009.05,14590.7705,27823.63,196.73495
120.899994,32019.48,3333.7068,9.795954
243.34999,17453.07,6710.1533,38.86653
294.5,25168.23,8120.568,32.456585
37.199997,15128.43,1025.7559,6.0306916
2396.2998,13938.2705,66075.77,490.56534
7481.8496,19377.51,206305.16,1102.9769
17456.1,29152.83,481335.97,1711.0461
37.199997,8959.26,1025.7559,10.871887
119.35,31936.83,3290.967,9.685125
116.25,14195.79,3205.4873,22.414364
0.0,20451.09,0.0,-1.0
201.5,18892.92,5556.178,29.494743
114.7,21255.84,3162.7476,14.428871
97.649994,13491.09,2692.6094,19.695417
151.9,14183.61,4188.5034,29.621042
93.0,20515.47,2564.39,11.961356
316.19998,22433.82,8718.925,39.300236
40.3,16008.0,1111.2356,6.1980844
46.5,15233.7,1282.195,7.7276344
1136.15,11724.99,31328.297,276.05896
167.4,16458.66,4615.902,28.081041
136.4,13210.08,3761.105,28.522825
37.199997,9997.17,1025.7559,9.639342
26.349998,17192.94,726.5771,3.382071
26.349998,18866.82,726.5771,2.9932902
235.59999,21368.94,6496.454,30.523998
43.399998,14223.63,1196.7152,7.7242527
-4.6499996,23025.42,-128.21948,-1.5774233
-27.9,13931.311,-769.31696,-6.72613
1.55,20742.541,42.73983,-0.7863422
113.149994,20199.66,3120.0076,15.016199
32.55,16376.01,897.53644,4.683186
58.899998,14637.75,1624.1135,10.505088
117.799995,19070.4,3248.227,16.66178
144.15,20852.16,3974.8042,18.765717
170.5,19315.74,4701.3813,24.23841
35.649998,18779.82,983.01605,4.4277153
-10.849999,7953.54,-299.1788,-4.900481
265.05,14207.97,7308.5107,52.33899
77.5,15245.01,2136.9917,13.535267
119.35,24679.291,3290.967,12.827342
103.85,13544.16,2863.5686,20.923172
110.049995,9326.4,3034.5278,32.738438
156.54999,28636.92,4316.7227,14.630603
144.15,21359.37,3974.8042,18.296352
282.1,18912.93,7778.6494,41.647472
134.84999,17759.31,3718.3652,20.710701
821.5,38956.86,22652.111,59.293797
24.8,18226.5,683.8373,2.8904278
8218.1,34091.82,226606.58,688.23956
82.149994,20057.85,2265.211,10.710412
68.2,18923.37,1880.5525,9.304688
165.84999,12131.28,4573.1616,38.08929
141.05,16992.84,3889.3247,22.73319
41.85,18954.69,1153.9755,5.3128834
167.4,23824.08,4615.902,19.090387
32.55,15843.57,897.53644,4.8741755
86.799995,12576.72,2393.4304,18.733372
271.25,19302.69,7479.4707,39.17917
83.7,22569.541,2307.951,9.60356
192.2,12682.86,5299.7393,42.32965
153.45,33624.63,4231.243,12.048434
18.599998,48250.2,512.8779,0.10220599
310.0,21410.7,8547.967,40.39805
58.899998,15916.65,1624.1135,9.580656
277.44998,20852.16,7650.4297,37.04369
-1.55,16215.93,-42.73983,-1.2732995
100.75,21905.73,2778.089,12.15032
60.449997,9536.07,1666.8534,17.12491
48.05,13091.76,1324.9348,9.494081
62.0,12189.57,1709.5933,13.542942
96.1,8561.67,2649.8696,31.093266
18.599998,23094.15,512.8779,1.3028195
23.25,15346.8,641.0975,3.3316574
213.9,18626.7,5898.0967,31.834003
58.899998,12585.42,1624.1135,12.381247
79.049995,18138.63,2179.7312,11.460812
79.049995,14010.48,2179.7312,15.132355
39676.9,79780.74,1094054.1,1420.964
15.5,14162.73,427.39832,2.1292026
86.799995,18661.5,2393.4304,12.299096
74.399994,9560.43,2051.5117,21.25074
120.899994,26970.871,3333.7068,11.81682
34.1,19387.08,940.27625,4.0291076
-1.55,14113.14,-42.73983,-1.3140198
18.599998,17443.5,512.8779,2.0487952
15.5,10499.16,427.39832,3.2211046
9.299999,7314.09,256.43896,2.6355624
15.5,11039.43,427.39832,3.014524
182.9,13526.76,5043.3,37.660625
58.899998,14394.15,1624.1135,10.699794
296.05,21776.1,8163.3076,37.87174
384.4,9858.84,10599.479,110.48246
94.549995,18171.69,2607.1296,13.876995
91.45,20305.8,2521.65,11.876936
52.699997,26426.25,1453.1542,4.701958
75.95,10185.09,2094.2517,20.321213
54.25,23931.96,1495.8942,5.4814243
93.0,17927.22,2564.39,13.832657
35.649998,14551.62,983.01605,6.0048227
213.9,25038.6,5898.0967,23.425852
71.299995,21670.83,1966.0321,8.407255
89.899994,33758.61,2478.9102,6.614197
117.799995,23706.63,3248.227,13.207721
9.299999,10517.43,256.43896,1.5282631
186.0,16951.95,5128.78,30.372005
196.84999,15789.63,5427.9585,34.646137
15.5,19594.14,427.39832,1.2618015
44.949997,8245.86,1239.4551,14.586288
83.7,21804.81,2307.951,9.975445
176.7,12564.54,4872.341,39.21045
80.6,18270.87,2222.4712,11.613186
83.7,15858.36,2307.951,14.090935
776.55,14452.44,21412.656,152.63042
10.849999,8477.28,299.1788,2.6595035
-3.1,15513.84,-85.47966,-1.5713358
88.35,20894.791,2436.1704,11.089755
24.8,9223.74,683.8373,6.6876497
23.25,13223.13,641.0975,4.0273333
263.5,55307.64,7265.7715,12.622113
148.79999,18965.13,4103.0234,21.433447
60.449997,17480.91,1666.8534,8.887381
48908.7,90118.08,1348612.6,1550.755
68.2,20324.07,1880.5525,8.594507
31.0,16208.1,854.79663,4.468631
-23.25,24137.28,-641.0975,-3.7541249
66.65,15669.57,1837.8129,11.161638
292.94998,28214.97,8077.8276,28.686764
-31.0,16436.91,-854.79663,-6.392504
32.55,17632.291,897.53644,4.2782655
6796.75,23353.41,187414.16,831.14685
65.1,18082.08,1795.0729,9.293939
187.54999,13761.66,5171.5195,37.966843
79.049995,17048.52,2179.7312,12.257576
189.09999,26648.97,5214.2593,19.288973
6.2,16829.28,170.95932,0.053355932
-21.699999,4724.1,-598.3576,-14.133777
13863.199,25197.81,382265.03,1572.0758
-55.8,13567.65,-1538.6339,-12.75922
12.4,20642.49,341.91864,0.7175467
-17.05,19599.36,-470.13812,-3.487319
108.5,10165.08,2991.7883,29.518835
77.5,20846.07,2136.9917,9.629834
3.1,20951.34,85.47966,-0.57694304
227.84999,28124.49,6282.755,22.163988
206.15,17638.38,5684.3975,32.417473
127.1,25745.91,3504.6663,13.115176
57.35,7519.41,1581.3738,20.807137
82.149994,16617.0,2265.211,13.135264
7883.3,16249.86,217374.78,1386.0989
51.149998,22305.93,1410.4144,5.5565333
40.3,16517.82,1111.2356,5.9759164
551.8,18641.49,15215.38,83.63501
66.65,22251.99,1837.8129,7.5640717
17.05,26836.89,470.13812,0.816524
10.849999,11771.1,299.1788,1.6354918
170.5,27501.57,4701.3813,16.72621
3.1,19941.27,85.47966,-0.5555142
144.15,18809.4,3974.8042,20.912334
117.799995,18361.35,3248.227,17.343815
3.1,11012.46,85.47966,-0.19512892
289.85,19448.85,7992.3486,41.611652
54.25,5203.47,1495.8942,28.809568
215.45,11591.88,5940.8364,52.142452
192.2,21062.7,5299.7393,25.090857
27.9,22079.73,769.31696,2.6129289
3.1,18984.27,85.47966,-0.53310764
382.84998,11927.7,10556.738,90.77427
361.15,13206.6,9958.381,77.18899
94.549995,20614.65,2607.1296,12.11398
13.95,8987.1,384.65848,3.438167
103.85,21795.24,2863.5686,12.62366
72.85,9054.09,2008.7721,22.00561
178.25,23746.65,4915.0806,20.462294
232.5,19525.41,6410.9746,33.046448
24.8,7308.87,683.8373,8.701757
26.349998,15104.94,726.5771,3.9878178
49.6,18137.76,1367.6746,6.8189244
124.0,11010.72,3419.1865,31.199932
156.54999,19928.22,4316.7227,21.461227
40.3,17473.95,1111.2356,5.5942125
283.65,23306.43,7821.389,33.798138
1909.6,26667.24,52655.473,203.74501
150.34999,35198.46,4145.7637,11.21318
-10.849999,7523.7603,-299.1788,-5.1232886
218.54999,20917.41,6026.316,28.873896
266.6,24291.27,7351.2515,30.380432
79.049995,17828.91,2179.7312,11.677278
43.399998,15858.36,1196.7152,6.824929
134.84999,11745.0,3718.3652,31.828186
69.75,20318.85,1923.2925,8.815085
229.4,17232.96,6325.495,37.061203
5367.65,24672.33,148008.03,621.0467
106.95,25530.15,2949.0483,10.977782
130.2,13092.63,3590.1458,27.43368
12.4,14839.59,341.91864,1.3891795
-15.5,13699.89,-427.39832,-4.2349205
29.449999,16302.061,812.05676,4.165255
158.09999,12435.78,4359.4624,35.35028
74.399994,17379.12,2051.5117,11.240357
69.75,17605.32,1923.2925,10.327897
51.149998,14713.44,1410.4144,8.939863
20.15,13563.3,555.6178,3.247747
-21.699999,10767.99,-598.3576,-6.76201
66.65,11410.05,1837.8129,15.701736
38.75,17085.93,1068.4958,5.484584
96.1,15894.03,2649.8696,16.287745
249.54999,24439.17,6881.113,28.19578
-37.199997,18060.33,-1025.7559,-6.889334
2827.2,13914.78,77957.45,579.9372
173.59999,22936.68,4786.861,20.640541
20.15,11687.58,555.6178,3.9294605
105.399994,28663.89,2906.3083,9.513673
0.0,17645.34,0.0,-1.0
32.55,20176.17,897.53644,3.612764
-3.1,5190.42,-85.47966,-2.7076867
13523.75,32856.42,372905.03,1175.8628
57.35,17995.95,1581.3738,8.111873
136.4,17018.94,3761.105,21.915579
12.4,15866.19,341.91864,1.2345908
60.449997,22422.51,1666.8534,6.708344
108.5,53719.89,2991.7883,4.7748885
-6.2,9654.39,-170.95932,-2.8361826
48.05,10936.7705,1324.9348,11.561841
291.4,11049.0,8035.0884,74.40768
802.89996,15318.09,22139.232,148.86694
201.5,22352.041,5556.178,24.775486
193.75,20708.61,5342.479,25.750984
7979.4,20978.31,220024.66,1086.5487
139.5,12903.84,3846.585,29.910374
88.35,19686.36,2436.1704,11.831876
24.8,16838.85,683.8373,3.211029
31.0,18037.71,854.79663,3.9139333
-3.1,15100.59,-85.47966,-1.586971
7.75,18464.01,213.69916,0.20011997
13.95,16544.791,384.65848,1.410804
156.54999,28275.871,4316.7227,14.830186
29.449999,6323.16,812.05676,12.316806
130.2,24171.21,3590.1458,14.401448
116.25,17652.3,3205.4873,17.829578
117.799995,19321.83,3248.227,16.431952
4.6499996,15325.92,128.21948,-0.13248825
88.35,19209.6,2436.1704,12.150349
288.3,34379.79,7949.6084,22.976755
86.799995,15460.7705,2393.4304,15.052311
31.0,19758.57,854.79663,3.4859576
24.8,15305.04,683.8373,3.6330414
69.75,18053.37,1923.2925,10.046761
-3.1,14395.0205,-85.47966,-1.6157415
-6.2,7749.96,-170.95932,-3.2873952
94.549995,19420.14,2607.1296,12.920606
102.299995,27454.59,2820.8289,9.653926
15.5,19186.11,427.39832,1.3099031
7.75,12742.89,213.69916,0.7389326
7.75,20357.13,213.69916,0.08851421
120.899994,20524.17,3333.7068,15.842621
79.049995,16095.87,2179.7312,13.042239
255.74998,23810.16,7052.072,29.711588
43.399998,16323.811,1196.7152,6.601813
99.2,24223.41,2735.349,10.70915
100.75,16622.22,2778.089,16.330257
3.1,14239.29,85.47966,-0.37752438
192.2,22858.38,5299.7393,23.041245
6.2,11921.61,170.95932,0.486982
38.75,12971.7,1068.4958,7.541297
165.84999,14769.12,4573.1616,31.107746
34.1,15192.811,940.27625,5.41749
105.399994,11250.84,2906.3083,25.785799
-7.75,17893.291,-213.69916,-2.2383986
68.2,18377.88,1880.5525,9.610551
4853.05,23015.85,133818.4,601.8881
51.149998,9242.01,1410.4144,14.824435
155.0,22958.43,4273.9834,18.30361
151.9,22700.041,4188.5034,18.13287
58.899998,9801.42,1624.1135,16.182062
21.699999,8401.59,598.3576,6.3849444
172.04999,17440.89,4744.121,27.205576
43.399998,11646.69,1196.7152,9.654575
682.0,15653.04,18805.525,123.57608
52.699997,15780.93,1453.1542,8.548321
243.34999,34097.04,6710.1533,19.406271
139.5,21731.73,3846.585,17.353922
99.2,10108.53,2735.349,27.059029
899.0,7453.29,24789.104,343.87418
22926.049,33950.01,632164.8,1929.8043
161.2,18599.73,4444.9424,23.780346
-9.299999,11366.55,-256.43896,-3.3393931
9.299999,8604.3,256.43896,2.090412
240.25,17691.45,6624.674,37.828354
3.1,12804.66,85.47966,-0.3077824
43.399998,21804.81,1196.7152,4.690971
21.699999,20050.89,598.3576,2.09439
43.399998,12340.08,1196.7152,9.055895
221.65,17374.77,6111.796,35.4752
83.7,19728.12,2307.951,11.130781
181.34999,17516.58,5000.56,28.601738
83.7,17291.25,2307.951,12.840382
164.29999,13353.63,4530.422,34.1793
246.45,18150.81,6795.6333,37.82235
120.899994,11102.94,3333.7068,30.134169
105.399994,10037.19,2906.3083,29.024612
58.899998,21088.8,1624.1135,6.9856887
15.5,11852.01,427.39832,2.7392862
21.699999,17341.71,598.3576,2.5778058
159.65,16605.69,4402.2026,26.489128
289.85,18972.96,7992.3486,42.680458
18.599998,15843.57,512.8779,2.3566716
339.44998,33268.8,9360.022,28.173437
10.849999,17674.05,299.1788,0.75526464
80.6,10905.45,2222.4712,20.13199
75.95,22738.32,2094.2517,8.55033
37.199997,16888.44,1025.7559,5.2979956
15.5,15107.55,427.39832,1.9335039
43.399998,19344.45,1196.7152,5.4147882
148.79999,20750.37,4103.0234,19.503408
26.349998,9285.51,726.5771,7.1137915
57.35,6924.33,1581.3738,22.681252
88.35,18189.96,2436.1704,12.88749
2783.7998,31500.09,76760.734,251.68253
22000.7,34031.79,606649.1,1847.42
79.049995,14413.29,2179.7312,14.681503
150.34999,19702.02,4145.7637,20.819344
27.9,15189.33,769.31696,4.2518773
13.95,17914.17,384.65848,1.2265196
1.55,10265.13,42.73983,-0.56826603
-40.3,24067.68,-1111.2356,-5.7876215
63.55,18928.59,1752.3331,8.599448
176.7,16194.18,4872.341,30.197989
21.699999,19881.24,598.3576,2.120795
139.5,10499.16,3846.585,36.989944
75.95,15916.65,2094.2517,12.643478
244.9,27490.26,6752.893,24.471758
102.299995,18002.91,2820.8289,15.247326
105.399994,15225.0,2906.3083,18.793941
105.399994,21843.09,2906.3083,12.796708
153.45,19394.041,4231.243,21.622862
-35.649998,17221.65,-983.01605,-6.918801
55.8,26634.18,1538.6339,4.990235
37.199997,12791.61,1025.7559,7.3150845
310.0,15305.04,8547.967,56.913025
4.6499996,18231.72,128.21948,-0.27075368
9.299999,4643.19,256.43896,4.7268453
58.899998,21870.06,1624.1135,6.7004175
2938.7998,16504.77,81034.72,508.10754
110.049995,14699.5205,3034.5278,20.406015
-3.1,16106.311,-85.47966,-1.5503191
51.149998,15345.061,1410.4144,8.530726
6.2,8238.9,170.95932,1.151649
164.29999,23513.49,4530.422,18.978802
206.15,24634.92,5684.3975,22.926609
280.55,14572.5,7735.909,54.04592
69.75,12457.53,1923.2925,15.008892
31.0,23799.72,854.79663,2.72425
35.649998,15666.09,983.01605,5.5065064
5310.3,16103.7,146426.66,941.8494
13.95,9120.21,384.65848,3.3733912
114.7,21073.14,3162.7476,14.562635
96.1,10869.78,2649.8696,24.278519
51.149998,11037.69,1410.4144,12.250016
89.899994,17636.64,2478.9102,13.5744705
58.899998,16776.21,1624.1135,9.038536
3995.9,11886.811,110183.28,960.16565
117.799995,16784.91,3248.227,19.066666
21.699999,15661.74,598.3576,2.9615824
96.1,7797.81,2649.8696,34.23707
20.15,12748.98,555.6178,3.519065
207.7,15913.17,5727.137,36.318893
13.95,15345.061,384.65848,1.5992892
57.35,16461.27,1581.3738,8.96137
86.799995,14321.94,2393.4304,16.328733
207.7,20607.69,5727.137,27.81749
10250.149,28515.121,282638.5,1026.7891
-55.8,14779.561,-1538.6339,-11.794975
75.95,19850.791,2094.2517,9.939537
277.44998,29112.81,7650.4297,26.248938
20841.299,84259.5,574679.75,706.2206
72.85,14769.99,2008.7721,13.102572
97.649994,19409.7,2692.6094,13.384753
106.95,14308.0205,2949.0483,20.372248
1.55,21576.871,42.73983,-0.7946039
168.95,24133.8,4658.6416,19.016193
18.599998,14783.04,512.8779,2.5974777
151.9,17201.64,4188.5034,24.248577
74.399994,11721.51,2051.5117,17.1484
106757.8,163304.22,2943748.5,1868.1802
32.55,7837.83,897.53644,10.874193
333.25,8760.9,9189.063,107.76029
240.25,35553.42,6624.674,18.321062
27.9,24158.16,769.31696,2.3020933
234.04999,19524.541,6453.7144,33.27495
108.5,20534.61,2991.7883,14.10749
624.64996,34497.24,17224.15,50.772766
159.65,17215.56,4402.2026,25.515314
3182.15,22111.05,87744.875,410.49094
-15.5,14544.66,-427.39832,-4.0470324
111.6,17861.97,3077.2678,16.864208
286.75,20937.42,7906.869,38.15879
265.05,14861.34,7308.5107,49.99397
136.4,25495.35,3761.105,14.296863
15.5,11416.14,427.39832,2.8820524
58.899998,24515.73,1624.1135,5.86941
-40.3,19438.41,-1111.2356,-6.9277964
6.2,16015.83,170.95932,0.10685623
182.9,18448.35,5043.3,27.346874
69.75,15675.66,1923.2925,11.722351
17759.9,22258.95,489713.0,2280.313
145.7,18324.81,4017.5442,21.733644
88.35,18692.82,2436.1704,12.5139
85.25,20793.87,2350.6907,10.722171
137.95,15095.37,3803.845,25.129248
55.8,20514.6,1538.6339,6.7771435
49.6,34405.89,1367.6746,3.121904
99.2,30954.6,2735.349,8.162953
35.649998,11930.311,983.01605,7.543911
26.349998,7538.55,726.5771,8.994056
51.149998,9751.83,1410.4144,13.997142
85.25,13063.92,2350.6907,17.658205
32.55,21608.19,897.53644,3.3070664
74.399994,14673.42,2051.5117,13.497415
125.549995,19340.97,3461.9263,17.560404
23.25,20295.36,641.0975,2.275482
-27.9,15157.14,-769.31696,-6.263031
232.5,19488.87,6410.9746,33.110283
71.299995,17606.19,1966.0321,10.579055
114.7,16968.48,3162.7476,18.327223
15.5,9928.44,427.39832,3.4637475
145.7,16624.83,4017.5442,24.058285
82.149994,12452.311,2265.211,17.862818
165.84999,21414.18,4573.1616,21.144352
125.549995,16824.93,3461.9263,20.335972
351.84998,26316.63,9701.941,37.22753
210.79999,17450.46,5812.6167,33.53923
24.8,14753.46,683.8373,3.8062549
117.799995,9891.03,3248.227,33.05279
110.049995,19062.57,3034.5278,15.5065975
212.34999,21089.67,5855.357,27.789324
85.25,18267.39,2350.6907,12.3434105
148.79999,13589.4,4103.0234,30.307732
21605.45,41563.38,595750.5,1485.2828
176.7,24366.96,4872.341,19.73405
-43.399998,23149.83,-1196.7152,-6.360322
446.4,25203.9,12309.071,49.641365
62.0,17445.24,1709.5933,9.161637
43.399998,17685.36,1196.7152,6.016569
12.4,15719.16,341.91864,1.255492
40.3,14324.55,1111.2356,7.044018
122.45,16804.92,3376.4465,19.833935
89.899994,19034.73,2478.9102,12.503984
43.399998,19173.06,1196.7152,5.4721303
12925.449,22500.81,356407.44,1641.4663
257.3,19180.89,7094.812,37.354828
116.25,19611.541,3205.4873,15.94846
1.55,8134.5,42.73983,-0.45518404
46.5,12669.811,1282.195,9.493776
54.25,11204.73,1495.8942,12.843546
49.6,19905.6,1367.6746,6.1245165
91.45,14677.7705,2521.65,16.814457
3.1,14950.08,85.47966,-0.4071195
3.1,11384.82,85.47966,-0.22145367
48.05,20919.15,1324.9348,5.567474
-4.6499996,6277.05,-128.21948,-3.1180995
221.65,18195.18,6111.796,33.83055
373.55,13395.39,10300.299,78.73378
41.85,20963.52,1153.9755,4.707951
82.149994,8681.73,2265.211,26.055166
396.8,10341.69,10941.396,108.70567
-9.299999,11905.95,-256.43896,-3.2334068
469.65,45621.06,12950.169,28.434587
52.699997,19461.9,1453.1542,6.7423773
82.149994,24647.1,2265.211,8.529952
20.15,13276.2,555.6178,3.3396053
72.85,17416.53,2008.7721,10.959607
-4.6499996,18004.65,-128.21948,-1.7384434
103.85,23824.08,2863.5686,11.46348
190.65,22205.01,5256.999,23.549057
44.949997,16919.76,1239.4551,6.595991
217.0,21171.45,5983.5767,28.306108
20.15,17085.06,555.6178,2.372155
3.1,19540.2,85.47966,-0.54639095
141.05,19205.25,3889.3247,19.99917
116.25,23557.86,3205.4873,13.109322
52.699997,30450.0,1453.1542,3.9484854
11087.149,39277.02,305718.0,806.10565
220.09999,21129.69,6069.0557,28.783512
48.05,10627.92,1324.9348,11.926891
137.95,29480.82,3803.845,12.37923
15298.5,25285.68,421842.16,1728.9089
88.35,14440.26,2436.1704,16.493654
34.1,28823.97,940.27625,2.3825912
35.649998,7143.57,983.01605,13.268989
66.65,13173.54,1837.8129,13.4659395
37.199997,8880.96,1025.7559,10.976557
113.149994,11950.32,3120.0076,26.072226
38.75,34984.44,1068.4958,2.1669831
465.0,6652.02,12821.949,198.87036
125.549995,20062.2,3461.9263,16.893166
-13.95,29676.57,-384.65848,-2.3440316
545.6,16878.0,15044.42,91.42774
-1.55,6984.36,-42.73983,-1.6345328
15.5,7884.81,427.39832,4.6206875
187.54999,15245.01,5171.5195,34.175343
333.25,14025.2705,9189.063,66.93724
120.899994,19062.57,3333.7068,17.134008
10.849999,16337.73,299.1788,0.8988339
155.0,10912.41,4273.9834,39.61253
103.85,18256.08,2863.5686,15.2647705
86.799995,18022.92,2393.4304,12.770304
158.09999,12971.7,4359.4624,33.848484
-4.6499996,16003.65,-128.21948,-1.8307738
97.649994,20411.94,2692.6094,12.6784525
-23.25,19900.38,-641.0975,-4.340493
43.399998,29991.51,1196.7152,3.1375227
843.19995,14160.99,23250.467,169.24953
-7.75,17597.49,-213.69916,-2.2592154
86.799995,13409.311,2393.4304,17.508118
1571.7,11707.59,43338.188,382.8408
44.949997,14709.96,1239.4551,7.7370977
215.45,23176.8,5940.8364,25.579205
148.79999,18022.92,4103.0234,22.606236
192.2,22138.89,5299.7393,23.822557
79.049995,32135.19,2179.7312,6.0334754
55.8,13699.0205,1538.6339,10.646453
167.4,14262.78,4615.902,32.558323
77.5,19537.59,2136.9917,10.341742
167.4,28126.23,4615.902,16.01739
34.1,19188.72,940.27625,4.081095
151.9,19799.46,4188.5034,20.935795
102.299995,13665.09,2820.8289,20.404848
63.55,21261.93,1752.3331,7.5459805
333.25,16463.01,9189.063,56.877518
21.699999,16643.1,598.3576,2.7279878
195.29999,19823.82,5385.2188,27.168509
16199.05,31501.83,446673.97,1469.2891
731.6,21583.83,20173.2,95.9157
158.09999,45397.47,4359.4624,8.957474
372.0,12721.14,10257.56,82.61148
179.79999,22919.28,4957.8203,21.430437
124.0,24447.0,3419.1865,13.502575
-31.0,17134.65,-854.79663,-6.1729164
24.8,13683.36,683.8373,4.182125
4.6499996,6968.7,128.21948,0.9078758
4.6499996,17853.27,128.21948,-0.25529522
91.45,11169.93,2521.65,22.408966
244.9,21105.33,6752.893,32.177647
-18.599998,10878.48,-512.8779,-5.888703
238.7,21201.03,6581.934,31.191738
27.9,10070.25,769.31696,6.9216003
18.599998,14068.7705,512.8779,2.7801216
-71.299995,19650.69,-1966.0321,-11.374345
201.5,22691.34,5556.178,24.390072
58.899998,16762.291,1624.1135,9.046872
7.75,17466.99,213.69916,0.2686231
31.0,19390.56,854.79663,3.571096
176.7,16575.24,4872.341,29.480753
110.049995,13872.15,3034.5278,21.682724
15.5,11050.74,427.39832,3.010415
31.0,7479.39,854.79663,10.850714
-4.6499996,19708.98,-128.21948,-1.6745867
52.699997,10540.05,1453.1542,13.296078
311.55,24594.9,8590.706,35.2186
32.55,18672.81,897.53644,3.9841404
20.15,14131.41,555.6178,3.0769796
80.6,12306.15,2222.4712,17.726723
460.34998,30307.32,12693.7295,42.429977
178.25,20345.82,4915.0806,24.049746
55.8,13573.74,1538.6339,10.753944
15.5,12101.7,427.39832,2.6621346
196.84999,22265.91,5427.9585,24.278072
1576.35,31615.8,43466.41,141.55994
1464.75,6392.7603,40389.14,654.1249
124.0,23790.15,3419.1865,13.902992
38.75,18336.99,1068.4958,5.042166
82.149994,17608.8,2265.211,12.3391075
124.0,18947.73,3419.1865,17.71171
15.5,14258.43,427.39832,2.1082003
413.84998,15840.96,11411.534,73.69825
350.3,23107.2,9659.202,42.34528
89.899994,32902.53,2478.9102,6.812308
13.95,16422.99,384.65848,1.4286835
21391.549,38021.61,589852.4,1607.6469
711.44995,9477.78,19617.582,213.62816
-44.949997,12164.34,-1239.4551,-11.565502
54.25,31293.03,1495.8942,3.9567971
62.0,19248.75,1709.5933,8.209544
103.85,18448.35,2863.5686,15.095259
6.2,7487.22,170.95932,1.3676639
106.95,10436.5205,2949.0483,28.300432
69.75,12701.13,1923.2925,14.701851
55.8,17908.95,1538.6339,7.9086742
38.75,20196.18,1068.4958,4.485945
133.3,10737.54,3675.6257,34.495586
265.05,13658.13,7308.5107,54.48627
1.55,21441.15,42.73983,-0.7933037
7.75,8449.44,213.69916,1.6225438
199.95,26380.14,5513.4385,20.671717
13.95,12174.78,384.65848,2.276137
274.35,23676.18,7564.9507,32.131596
3.1,21796.98,85.47966,-0.593356
85.25,17788.89,2350.6907,12.7023325
122.45,11834.61,3376.4465,28.58379
-21.699999,10202.49,-598.3576,-7.081385
35.649998,22271.13,983.01605,3.5768452
128.65,14764.7705,3547.406,23.913347
17.05,11719.7705,470.13812,3.1596255
12.4,14651.67,341.91864,1.4198227
58.899998,17788.02,1624.1135,8.467529
669.6,9455.16,18463.607,201.48625
137.95,19695.93,3803.845,19.026
40.3,13249.23,1111.2356,7.6968775
96.1,12523.65,2649.8696,20.940243
31.0,19519.32,854.79663,3.5409427
49.6,14094.0,1367.6746,9.06228
10.849999,7311.48,299.1788,3.2430034
24.8,13814.73,683.8373,4.132846
114.7,10914.15,3162.7476,29.04848
1.55,17527.02,42.73983,-0.7471444
65.1,49500.39,1795.0729,2.76029
60.449997,9035.82,1666.8534,18.128359
82.149994,16730.97,2265.211,13.038974
102.299995,21675.18,2820.8289,12.494658
12243.449,30721.44,337601.9,1138.4918
41.85,18245.64,1153.9755,5.55821
43.399998,10829.76,1196.7152,10.458292
52.699997,8766.12,1453.1542,16.189062
28777.299,47716.02,793507.7,1723.3873
9.299999,17176.41,256.43896,0.54810166
131.75,14041.8,3632.8857,25.827293
55.8,17506.14,1538.6339,8.113659
46.5,20696.43,1282.195,5.4240146
63952.996,34057.89,1763445.4,5367.9844
43.399998,11359.59,1196.7152,9.923858
19478.85,31628.85,537111.44,1759.8763
-44.949997,19161.75,-1239.4551,-7.707235
20.15,18798.09,555.6178,2.0648575
82.149994,12921.24,2265.211,17.17826
102.299995,15880.11,2820.8289,17.419214
196.84999,16787.52,5427.9585,32.527245
3.1,7601.19,85.47966,0.1660819
-7.75,14789.13,-213.69916,-2.498332
995.1,29386.86,27438.97,95.81943
175.15,8923.59,4829.601,55.12024
116.25,10665.33,3205.4873,30.165037
142.59999,22337.25,3932.0642,17.253191
255.74998,45557.55,7052.072,15.051079
-12.4,16735.32,-341.91864,-3.1185398
196.84999,15436.41,5427.9585,35.461796
27.9,17987.25,769.31696,3.4349465
17.05,16706.61,470.13812,1.9179983
23.25,18469.23,641.0975,2.5993423
6.2,17015.46,170.95932,0.041830182
85.25,19508.88,2350.6907,11.494273
-63.55,24138.15,-1752.3331,-8.52767
29.449999,11072.49,812.05676,6.6048203
153.45,22397.28,4231.243,18.589375
114.7,18336.12,3162.7476,16.88566
3515.4,16481.28,96933.94,608.8638
201.5,42890.13,5556.178,12.432805
13.95,16382.1,384.65848,1.4347458
308.44998,23907.6,8505.227,35.889076
6.2,19427.97,170.95932,-0.08754128
55.8,32145.63,1538.6339,3.963194
134.84999,22536.48,3718.3652,16.108576
125.549995,11676.2705,3461.9263,29.744081
54.25,20448.48,1495.8942,6.585561
148.79999,18075.99,4103.0234,22.536928
1.55,13364.07,42.73983,-0.66837907
1.55,9878.85,42.73983,-0.55138445
328.59998,44015.91,9060.844,20.345526
173.59999,12512.34,4786.861,38.66981
3143.4,15210.21,86676.375,589.89923
248.0,24206.01,6838.373,28.293919
33294.0,57973.32,918051.6,1641.0516
51.149998,19363.59,1410.4144,6.552813
54.25,21398.52,1495.8942,6.248782
23.25,22005.78,641.0975,2.020892
110.049995,15532.11,3034.5278,19.258558
134.84999,20873.041,3718.3652,17.472012
1.55,18030.75,42.73983,-0.75420845
26.349998,8562.54,726.5771,7.798871
38.75,19572.39,1068.4958,4.6607876
18.599998,12784.65,512.8779,3.1598058
21.699999,8057.94,598.3576,6.6998925
-48.05,20812.14,-1324.9348,-7.6012416
114.7,25728.51,3162.7476,11.7467
93.0,18537.96,2564.39,13.343989
46.5,10540.05,1282.195,11.614187
72.85,12267.0,2008.7721,15.980099
54.25,20051.76,1495.8942,6.7356405
-6.2,19909.08,-170.95932,-1.8904089
106.95,14629.05,2949.0483,19.903242
21.699999,10965.48,598.3576,4.6582355
66.65,17854.14,1837.8129,9.673583
527.0,36700.95,14531.543,40.056534
-24.8,16061.94,-683.8373,-5.4147143
124.0,25505.791,3419.1865,12.900546
27.9,12732.45,769.31696,5.2652903
258.85,14012.22,7137.5522,51.81901
32.55,11276.07,897.53644,7.253577
20.15,9801.42,555.6178,4.8780737
88.35,21897.03,2436.1704,10.536401
99.2,19426.23,2735.349,13.600647
1395.0,9254.19,38465.848,430.00745
141.05,12556.71,3889.3247,31.117832
103.85,9348.15,2863.5686,30.763605
48.05,42553.44,1324.9348,2.2285514
861.8,15324.18,23763.346,159.7971
40.3,20287.53,1111.2356,4.6796927
15.5,7399.35,427.39832,4.9894524
49.6,17244.27,1367.6746,7.2240524
41.85,14795.22,1153.9755,7.0876627
127.1,29640.9,3504.6663,11.260358
69.75,7143.57,1923.2925,26.917591
158.09999,23382.121,4359.4624,18.332895
-38.75,7956.15,-1068.4958,-14.925723
213.9,16508.25,5898.0967,36.047485
-20.15,13789.5,-555.6178,-5.178068
356.5,13993.95,9830.161,71.83971
127.1,14515.08,3504.6663,24.036587
12.4,10459.14,341.91864,2.3898046
300.69998,10229.46,8291.527,83.048454
155.0,11496.18,4273.9834,37.550247
106.95,17127.69,2949.0483,16.853813
71.299995,17502.66,1966.0321,10.647546
139.5,21976.2,3846.585,17.14975
93.0,14450.7,2564.39,17.401068
34.1,22946.25,940.27625,3.2490478
43.399998,21561.21,1196.7152,4.7552676
111.6,12644.58,3077.2678,24.235317
291.4,67952.22,8035.0884,11.261254
34.1,10295.58,940.27625,8.470056
51.149998,13994.82,1410.4144,9.450265
82.149994,15743.5205,2265.211,13.919514
1.55,12374.88,42.73983,-0.64187086
466.55,9386.43,12864.689,141.11723
24.8,8378.1,683.8373,7.4636
96.1,8961.87,2649.8696,29.660112
573.5,30803.22,15813.738,52.233658
26.349998,15824.43,726.5771,3.7610364
69.75,15357.24,1923.2925,11.986138
75.95,18561.45,2094.2517,10.699435
110.049995,28281.09,3034.5278,10.126098
155.0,14542.05,4273.9834,29.4758
55.8,15584.311,1538.6339,9.237539
158.09999,25197.81,4359.4624,16.939817
85.25,14803.05,2350.6907,15.466154
668.05,18667.59,18420.867,101.32216
23.25,22775.73,641.0975,1.9187684
130.2,17520.93,3590.1458,20.247253
103.85,20538.96,2863.5686,13.456961
849.39996,17616.63,23421.428,136.86003
130.2,14990.97,3590.1458,23.83306
63.55,13138.74,1752.3331,12.8296385
124.0,17536.59,3419.1865,19.217411
93.0,8618.22,2564.39,29.854208
48.05,21157.53,1324.9348,5.493479
38.75,17684.49,1068.4958,5.2651024
127.1,18868.56,3504.6663,18.259977
31.0,10559.19,854.79663,7.3942146
4341.55,12661.11,119714.266,979.44214
77.5,10830.63,2136.9917,19.459595
227.84999,29604.36,6282.755,21.006062
151.9,29235.48,4188.5034,13.855816
127.1,13422.36,3504.6663,26.074823
111.6,18055.98,3077.2678,16.67226
41.85,14033.97,1153.9755,7.5263653
80.6,19456.68,2222.4712,10.8444605
66.65,12358.35,1837.8129,14.420154
137.95,34604.25,3803.845,10.398331
136.4,17576.61,3761.105,21.188515
96.1,21281.94,2649.8696,11.911038
55.8,15610.41,1538.6339,9.220423
72.85,12002.5205,2008.7721,16.35426
212.34999,21635.16,5855.357,27.063456
1140.7999,10627.05,31456.514,305.93454
74.399994,18147.33,2051.5117,10.7222
55.8,10640.1,1538.6339,13.99469
212.34999,11144.7,5855.357,53.47947
86.799995,15655.65,2393.4304,14.852493
27.9,23031.51,769.31696,2.4636242
116.25,22313.76,3205.4873,13.895983
34.1,14874.39,940.27625,5.5548716
94.549995,16689.21,2607.1296,15.198496
1.55,7494.18,42.73983,-0.40863377
269.69998,18175.17,7436.7305,41.42789
175.15,20908.71,4829.601,22.951454
27.9,8102.31,769.31696,8.845649
3757.2,28756.98,103601.35,372.5683
451.05,17306.91,12437.291,73.51679
7.75,11714.55,213.69916,0.89158154
93.0,10567.89,2564.39,24.161915
168.95,36352.082,4658.6416,12.28856
178.25,19991.73,4915.0806,24.493422
1.55,10050.24,42.73983,-0.5590349
-18.599998,11169.061,-512.8779,-5.761516
54.25,18906.84,1495.8942,7.2040787
151.9,16769.25,4188.5034,24.899603
34.1,19295.73,940.27625,4.0529165
15.5,12801.18,427.39832,2.4620287
96.1,19214.82,2649.8696,13.300001
34.1,28035.75,940.27625,2.4776924
32.55,9647.43,897.53644,8.646913
145.7,21041.82,4017.5442,18.798178
385.94998,16204.62,10642.218,67.09907
99.2,9375.12,2735.349,29.254068
3.1,14919.63,85.47966,-0.40590948
66.65,9063.66,1837.8129,20.025463
37.199997,9321.18,1025.7559,10.410929
26.349998,19323.57,726.5771,2.898901
189.09999,14897.01,5214.2593,35.294548
12.4,7463.73,341.91864,3.7502308
142.59999,21109.68,3932.0642,18.31465
187.54999,18635.4,5171.5195,27.775795
7.75,10792.35,213.69916,1.0532162
193.75,21831.78,5342.479,24.374739
261.94998,19454.07,7223.0312,37.499657
18.599998,22541.7,512.8779,1.359257
165.84999,38547.96,4573.1616,11.3016405
-34.1,13735.561,-940.27625,-8.098343
9.299999,18716.31,256.43896,0.42073035
0.0,10896.75,0.0,-1.0
48.05,9372.51,1324.9348,13.658398
3.1,18160.38,85.47966,-0.51192594
13.95,12939.51,384.65848,2.0825162
79.049995,12823.8,2179.7312,16.625202
303.8,21426.36,8377.007,39.540432
54.25,12393.15,1495.8942,11.516043
-12.4,7433.2803,-341.91864,-5.76969
0.0,30329.94,0.0,-1.0
15.5,19627.2,427.39832,1.2579918
136.4,24806.31,3761.105,14.721761
198.4,17587.05,5470.698,31.255043
114.7,16553.49,3162.7476,18.811749
106.95,25464.03,2949.0483,11.008884
18.599998,26722.92,512.8779,0.9901142
-55.8,18566.67,-1538.6339,-9.593086
161.2,20777.34,4444.9424,21.183193
-17.05,10062.42,-470.13812,-5.844745
46.5,18611.041,1282.195,6.143833
29.449999,12259.17,812.05676,5.868679
58.899998,13494.57,1624.1135,11.479731
-10.849999,10192.05,-299.1788,-4.043807
142.59999,24714.09,3932.0642,15.497717
13.95,20677.291,384.65848,0.9289881
117.799995,20085.69,3248.227,15.769012
48.05,15894.9,1324.9348,7.6433992
127.1,18537.96,3504.6663,18.603453
72.85,22603.47,2008.7721,8.215171
60.449997,13750.35,1666.8534,11.569892
124.0,15146.7,3419.1865,22.407372
58.899998,25073.4,1624.1135,5.7166243
125.549995,19079.97,3461.9263,17.814297
116.25,17426.1,3205.4873,18.073997
93.0,12733.32,2564.39,19.882874
153.45,14997.061,4231.243,28.255648
79.049995,22020.57,2179.7312,9.2641325
198.4,23513.49,5470.698,23.125345
145.7,20945.25,4017.5442,18.88946
201.5,17189.46,5556.178,32.516743
136.4,19479.3,3761.105,19.021194
119.35,11846.79,3290.967,27.805187
-9.299999,10279.92,-256.43896,-3.5866768
60.449997,15900.99,1666.8534,9.869789
3.1,8011.83,85.47966,0.106315374
49.6,19106.94,1367.6746,6.4223175
-32.55,16139.37,-897.53644,-6.7665143
20.15,33017.37,555.6178,0.7449442
1.55,19534.98,42.73983,-0.7731349
31.0,20998.32,854.79663,3.2211046
230.95,31866.36,6368.235,19.722136
198.4,20239.68,5470.698,27.02767
130.2,17063.31,3590.1458,20.817081
37.199997,18275.22,1025.7559,4.820084
86.799995,16025.4,2393.4304,14.4867325
130.2,19637.64,3590.1458,17.957045
150.34999,20056.98,4145.7637,20.433193
147.25,24708.871,4060.284,16.039286
319.3,29713.11,8804.405,29.72556
31.0,20327.55,854.79663,3.360393
131.75,16310.76,3632.8857,22.095396
40.3,16804.92,1111.2356,5.856738
21.699999,26749.89,598.3576,1.319459
9365.1,20092.65,258234.06,1331.6748
88.35,19913.43,2436.1704,11.685555
82.149994,15727.86,2265.211,13.934369
170.5,17791.5,4701.3813,26.400644
210.79999,19340.97,5812.6167,30.163145
79.049995,13014.33,2179.7312,16.367168
9.299999,11885.07,256.43896,1.2373304
127.1,26393.19,3504.6663,12.769009
20.15,14170.561,555.6178,3.0657158
37.199997,7392.39,1025.7559,13.388218
325.5,16777.95,8975.364,54.47037
130.2,19086.06,3590.1458,18.504896
4.6499996,5815.95,128.21948,1.2860265
86.799995,20588.55,2393.4304,11.054325
275.9,37506.57,7607.69,20.03262
-23.25,14381.97,-641.0975,-5.6222515
220.09999,20466.75,6069.0557,29.74823
130.2,9669.18,3590.1458,37.50085
7.75,12225.24,213.69916,0.8125638
38.75,16850.16,1068.4958,5.575317
69.75,21367.2,1923.2925,8.333524
375.09998,26015.61,10343.039,40.225132
68.2,16194.18,1880.5525,11.041328
105.399994,20746.02,2906.3083,13.526293
238.7,20918.28,6581.934,31.626873
127.1,22071.9,3504.6663,15.464739
660.3,15657.39,18207.168,119.57879
-13.95,17141.61,-384.65848,-3.326867
136.4,13846.05,3761.105,27.166798
82.149994,16290.75,2265.211,13.418346
274.35,22666.98,7564.9507,33.606712
71.299995,27265.8,1966.0321,6.476877
131.75,29914.08,3632.8857,11.592849
46.5,11075.1,1282.195,11.004783
46.5,13094.37,1282.195,9.153537
79.049995,20419.77,2179.7312,10.068786
110.049995,15586.05,3034.5278,19.188448
237.15,56661.36,6539.1943,10.966995
49.6,30413.46,1367.6746,3.6629934
26.349998,13881.72,726.5771,4.427331
-31.0,16623.96,-854.79663,-6.3318286
57.35,11521.41,1581.3738,13.232354
57.35,21509.88,1581.3738,6.623325
547.14996,16617.87,15087.16,93.141266
144.15,21372.42,3974.8042,18.284569
17.05,7793.46,470.13812,5.2552266
145.7,17038.08,4017.5442,23.450508
17.05,14667.33,470.13812,2.3237035
89.899994,19788.15,2478.9102,11.98983
83.7,22432.08,2307.951,9.668538
35.649998,19796.85,983.01605,4.1488757
41.85,13305.78,1153.9755,7.9929895
114.7,13569.39,3162.7476,23.168633
139.5,14503.7705,3846.585,26.500607
133.3,24852.42,3675.6257,14.335943
427.8,12089.5205,11796.193,100.17674
387.5,24765.42,10684.958,43.73784
40.3,8523.39,1111.2356,12.51891
27.9,6926.94,769.31696,10.516268
1869.2999,8347.65,51544.234,639.2709
91.45,7981.38,2521.65,31.760815
71.299995,26319.24,1966.0321,6.7457795
27.9,10990.71,769.31696,6.258175
3664.2,35114.07,101036.96,297.36438
218.54999,19526.28,6026.316,31.002232
62.0,24641.88,1709.5933,6.19394
93.0,17082.45,2564.39,14.566171
13.95,19057.35,384.65848,1.0929587
38.75,10981.14,1068.4958,9.089584
179.79999,21462.9,4957.8203,22.952467
38.75,12388.8,1068.4958,7.9431696
201.5,20340.6,5556.178,27.324373
86.799995,24068.55,2393.4304,9.311426
103.85,24014.61,2863.5686,11.364596
137.95,14430.69,3803.845,26.332767
190.65,16874.52,5256.999,31.303856
179.79999,22929.72,4957.8203,21.420221
1818.1499,10091.13,50133.82,514.1561
17.05,13928.7,470.13812,2.4999573
94.549995,9772.71,2607.1296,26.66276
80.6,29941.92,2222.4712,6.6966968
313.09998,17761.92,8633.445,49.401344
-17.05,19825.56,-470.13812,-3.4589396
1474.0499,8539.05,40645.58,492.57327
-40.3,17218.17,-1111.2356,-7.6921716
91.45,15061.44,2521.65,16.360657
24.8,28881.39,683.8373,1.4551756
54.25,19102.59,1495.8942,7.1200085
167.4,16598.73,4615.902,27.835638
116.25,18468.36,3205.4873,16.997559
-4.6499996,10410.42,-128.21948,-2.2771258
-3.1,7656.0,-85.47966,-2.157734
15.5,19012.11,427.39832,1.3310435
44.949997,9492.57,1239.4551,12.539257
108.5,11498.79,2991.7883,25.979048
119.35,23291.64,3290.967,13.651137
31.0,27487.65,854.79663,2.2245793
27.9,9196.7705,769.31696,7.6739683
147.25,20929.59,4060.284,19.116089
88.35,8756.55,2436.1704,27.848452
164.29999,41530.32,4530.422,10.311527
26.349998,9602.19,726.5771,6.846198
-18.599998,14556.84,-512.8779,-4.6533794
3326.2998,13668.57,91719.67,694.80457
17.05,19205.25,470.13812,1.5383611
-4.6499996,14814.36,-128.21948,-1.8974681
80.6,17067.66,2222.4712,12.502372
196.84999,20355.39,5427.9585,26.650623
203.04999,13243.14,5598.9175,42.839035
44.949997,18999.93,1239.4551,5.7643595
91.45,10480.0205,2521.65,23.949999
-17.05,10588.7705,-470.13812,-5.6039205
-32.55,11359.59,-897.53644,-9.192894
1.55,14630.79,42.73983,-0.6970905
-6.2,14164.47,-170.95932,-2.2515273
446.4,12762.9,12309.071,99.00548
155.0,23523.06,4273.9834,17.84026
193.75,12173.91,5342.479,44.505157
62.0,20378.88,1709.5933,7.69882
137.95,17995.08,3803.845,20.918806
116.25,20465.88,3205.4873,15.240952
9.299999,19051.26,256.43896,0.39575183
85.25,25022.94,2350.6907,8.741034
111.6,21807.42,3077.2678,13.632175
69.75,10098.96,1923.2925,18.747702
172.04999,20530.26,4744.121,22.961235
460.34998,12021.66,12693.7295,108.48955
12.4,21155.791,341.91864,0.6758741
251.09999,17115.51,6923.8525,40.94748
43.399998,16331.64,1196.7152,6.5981684
-4.6499996,9390.78,-128.21948,-2.4157944
238.7,16436.041,6581.934,40.52448
68.2,20177.91,1880.5525,8.664005
-7.75,10447.83,-213.69916,-3.1209216
337.9,10427.82,9317.283,91.64962
57.35,7626.42,1581.3738,20.50115
94.549995,12048.63,2607.1296,21.437416
41.85,8938.38,1153.9755,12.3870735
34.1,18496.2,940.27625,4.271338
102.299995,15037.08,2820.8289,18.451859
63.55,16502.16,1752.3331,10.010923
26.349998,8835.72,726.5771,7.5268307
24.8,15313.74,683.8373,3.6304092
165.84999,34505.07,4573.1616,12.742999
52.699997,11218.65,1453.1542,12.431328
-1.55,20659.89,-42.73983,-1.2145125
27.9,18109.05,769.31696,3.4051175
426.25,23872.8,11753.454,50.051678
82.149994,19914.3,2265.211,10.794825
46.5,14214.93,1282.195,8.353135
-13.95,6652.89,-384.65848,-6.9953265
34.1,12109.53,940.27625,7.051486
204.59999,25510.14,5641.6577,21.93199
153.45,21639.51,4231.243,19.275354
10.849999,20673.81,299.1788,0.5005766
91.45,21074.88,2521.65,11.4070215
13863.199,31817.64,382265.03,1244.789
71.299995,30192.48,1966.0321,5.752113
40.3,9207.21,1111.2356,11.51486
3.1,16746.63,85.47966,-0.4707228
-54.25,11669.311,-1495.8942,-14.292404
-1.55,11312.61,-42.73983,-1.391758
275.9,17615.76,7607.69,43.78157
97.649994,23165.49,2692.6094,11.052572
46.5,3755.79,1282.195,34.399784
100.75,19210.47,2778.089,13.995331
241.79999,18160.38,6667.4136,37.069775
58.899998,31843.74,1624.1135,4.288594
161.2,19975.2,4444.9424,22.074001
1145.45,13295.34,31584.734,245.33473
66.65,9128.04,1837.8129,19.87717
79.049995,20719.92,2179.7312,9.9084425
97.649994,19784.67,2692.6094,13.112125
151.9,20203.14,4188.5034,20.497496
44.949997,9907.56,1239.4551,11.97215
82.149994,16107.18,2265.211,13.582669
79.049995,16361.22,2179.7312,12.814499
57.35,22218.93,1581.3738,6.380049
-35.649998,16490.85,-983.01605,-7.1810956
-34.1,18254.34,-940.27625,-6.34118
43.399998,10954.17,1196.7152,10.3281555
134.84999,16772.73,3718.3652,21.987734
230.95,40206.18,6368.235,15.423819
37.199997,20070.9,1025.7559,4.29938
1984.0,18964.26,54706.984,298.1264
2453.65,16823.19,67657.15,416.01648
175.15,21990.121,4829.601,21.773592
226.29999,18910.32,6240.015,33.216427
20.15,28190.61,555.6178,1.0437114
-17.05,18039.45,-470.13812,-3.7024028
125.549995,24524.43,3461.9263,13.637495
91.45,20625.09,2521.65,11.677593
141.05,18915.541,3889.3247,20.320791
237.15,19200.9,6539.1943,34.314297
48.05,26765.55,1324.9348,4.1329403
18.599998,14127.93,512.8779,2.7642927
300.69998,16257.69,8291.527,51.88391
21.699999,11478.78,598.3576,4.405215
32.55,18916.41,897.53644,3.9199562
133.3,10426.08,3675.6257,35.55595
86.799995,10952.43,2393.4304,21.659912
172.04999,15160.62,4744.121,31.447906
69.75,14425.47,1923.2925,12.82494
12.4,15551.25,341.91864,1.2798452
220.09999,23737.08,6069.0557,25.511951
3.1,15972.33,85.47966,-0.44506466
79.049995,22505.16,2179.7312,9.043121
-4.6499996,20550.27,-128.21948,-1.6469703
213.9,18952.95,5898.0967,31.26881
72.85,15220.65,2008.7721,12.685017
-15.5,36231.15,-427.39832,-2.2232032
-12.4,14572.5,-341.91864,-3.432969
79.049995,16930.2,2179.7312,12.350231
1412.0499,9969.33,38935.984,403.97952
120.899994,22068.42,3333.7068,14.664049
187.54999,24532.26,5171.5195,20.85891
38.75,23818.86,1068.4958,3.6515722
148.79999,46541.52,4103.0234,8.141371
15.5,10895.01,427.39832,3.067739
103.85,9650.04,2863.5686,29.76992
5755.15,14630.79,158693.0,1123.703
9.299999,15809.64,256.43896,0.6819378
117.799995,16541.31,3248.227,19.362185
105.399994,55494.69,2906.3083,4.4304786
-4.6499996,17048.52,-128.21948,-1.7798574
43.399998,8635.62,1196.7152,13.369616
68.2,17357.37,1880.5525,10.234388
31.0,16583.94,854.79663,4.3446956
63.55,18256.08,1752.3331,8.95307
93.0,15830.5205,2564.39,15.797194
86.799995,21132.3,2393.4304,10.744159
-6.2,11790.24,-170.95932,-2.5035505
108.5,12768.12,2991.7883,23.296951
37.199997,11591.88,1025.7559,8.175675
63.55,7790.85,1752.3331,22.322746
105.399994,15287.64,2906.3083,18.712837
525.45,24709.74,14488.804,59.801212
26.349998,6838.2,726.5771,10.017619
54.25,20289.27,1495.8942,6.645085
192.2,20924.37,5299.7393,25.263344
38.75,19031.25,1068.4958,4.8217483
-12.4,14660.37,-341.91864,-3.4183867
212.34999,31239.96,5855.357,18.435278
66.65,22332.9,1837.8129,7.533045
44.949997,12915.15,1239.4551,8.951286
38.75,20218.8,1068.4958,4.479808
269.69998,23790.15,7436.7305,31.41401
10.849999,16372.53,299.1788,0.8947979
623.1,17706.24,17181.412,99.61909
-35.649998,18362.22,-983.01605,-6.551154
110.049995,14426.34,3034.5278,20.811365
40.3,24298.23,1111.2356,3.7421947
-3.1,19746.39,-85.47966,-1.4488724
10.849999,9469.95,299.1788,2.2759027
75.95,25097.76,2094.2517,7.652504
91.45,22652.19,2521.65,10.5431
102.299995,21595.14,2820.8289,12.544674
0.0,23590.92,0.0,-1.0
-26.349998,11973.811,-726.5771,-7.292123
-6.2,7876.11,-170.95932,-3.2507586
-1.55,19007.76,-42.73983,-1.2331576
25681.95,37244.7,708156.25,1970.5713
238.7,18042.93,6581.934,36.826344
145.7,25927.74,4017.5442,15.067335
111.6,18696.3,3077.2678,16.067013
48.05,17440.02,1324.9348,6.8776274
165.84999,25374.42,4573.1616,17.688236
134.84999,28358.52,3718.3652,12.596163
130.2,17388.69,3590.1458,20.408838
34.1,21690.84,940.27625,3.4949718
226.29999,24396.541,6240.015,25.521938
151.9,18531.87,4188.5034,22.436218
10.849999,16764.03,299.1788,0.8505477
57.35,11644.08,1581.3738,13.0824175
49.6,19094.76,1367.6746,6.427052
29.449999,18116.01,812.05676,3.6480598
474.3,14120.1,13078.389,95.0427
124.0,19621.98,3419.1865,17.068739
74.399994,36787.95,2051.5117,4.782509
82.149994,15570.39,2265.211,14.085408
429.34998,31092.06,11838.933,38.48307
86.799995,20057.85,2393.4304,11.373265
23.25,16785.78,641.0975,2.9603217
2507.9,9982.38,69153.05,717.33185
13.95,15950.58,384.65848,1.5006144
63.55,19378.38,1752.3331,8.376636
24.8,18832.89,683.8373,2.7651622
58.899998,18491.85,1624.1135,8.10718
-17.05,15964.5,-470.13812,-4.0536413
100.75,20701.65,2778.089,12.915188
4.6499996,9222.0,128.21948,0.4417063
610.69995,17729.73,16839.492,97.48605
17.05,9166.32,470.13812,4.318367
-9.299999,8860.08,-256.43896,-4.001195
159.65,16539.57,4402.2026,26.599022
-18.599998,9952.8,-512.8779,-6.343387
27.9,10110.2705,769.31696,6.890243
54.25,18254.34,1495.8942,7.4973326
26.349998,18972.09,726.5771,2.971133
44.949997,24208.621,1239.4551,4.3089495
48.05,21193.2,1324.9348,5.48255
203.04999,17575.74,5598.9175,32.03226
15.5,21812.64,427.39832,1.0317602
113.149994,12287.01,3120.0076,25.33039
148.79999,19345.32,4103.0234,20.992569
209.25,16587.42,5769.8774,35.069126
51.149998,20264.041,1410.4144,6.217197
613.8,12632.4,16924.973,137.92805
27.9,21445.5,769.31696,2.719778
133.3,20826.06,3675.6257,17.300882
125.549995,24920.28,3461.9263,13.4049835
21.699999,14724.75,598.3576,3.2136726
65.1,16742.28,1795.0729,10.117711
72.85,18976.44,2008.7721,9.976499
119.35,14855.25,3290.967,21.971611
97.649994,13980.9,2692.6094,18.97037
71.299995,18015.96,1966.0321,10.31569
21.699999,11196.03,598.3576,4.541721
44.949997,24603.6,1239.4551,4.2237215
10.849999,18945.12,299.1788,0.63750017
658.75,28570.8,18164.428,64.92455
119.35,15843.57,3290.967,20.538645
207.7,14662.11,5727.137,39.503166
100.75,9756.18,2778.089,28.526657
52.699997,28902.27,1453.1542,4.213479
2159.15,22920.15,59536.582,268.34836
195.29999,26683.77,5385.2188,19.926859
263.5,21186.24,7265.7715,34.561146
106.95,16625.7,2949.0483,17.392885
17.05,8804.4,470.13812,4.536988
66.65,18637.14,1837.8129,9.225155
164.29999,16986.75,4530.422,26.655163
55.8,12451.44,1538.6339,11.813376
162.75,19491.48,4487.682,22.873997
17132.15,41716.5,472403.38,1173.2296
18589.15,39208.29,512578.8,1354.5972
38.75,22131.06,1068.4958,4.0063186
134.84999,18068.16,3718.3652,20.339586
-31.0,17428.71,-854.79663,-6.0856376
-3.1,15536.46,-85.47966,-1.570504
142.59999,20199.66,3932.0642,19.1848
17.05,15930.57,470.13812,2.0601451
23.25,13169.19,641.0975,4.0479245
52.699997,18745.89,1453.1542,7.038101
34.1,15355.5,940.27625,5.349498
48.05,17071.14,1324.9348,7.0478497
55.8,16449.09,1538.6339,8.69932
18.599998,7681.23,512.8779,5.9235864
209.25,16104.57,5769.8774,36.150555
1472.5,28016.61,40602.84,149.27568
5469.9497,13826.91,150828.86,1130.1161
116.25,22034.49,3205.4873,14.084778
305.34998,13719.03,8419.746,62.63902
145.7,19582.83,4017.5442,20.273212
258.85,18535.35,7137.5522,38.929733
6.2,26654.19,170.95932,-0.33491802
17.05,11188.2,470.13812,3.3572564
58.899998,35512.53,1624.1135,3.7422304
44.949997,16197.66,1239.4551,6.934624
17.05,19775.1,470.13812,1.4652143
37.199997,20023.92,1025.7559,4.3118134
139.5,25775.49,3846.585,14.474487
24939.5,61361.1,687683.9,1161.1002
333.25,21269.76,9189.063,43.797783
164.29999,30770.16,4530.422,14.267107
133.3,22685.25,3675.6257,15.801018
1.55,10506.12,42.73983,-0.5781692
40.3,21555.99,1111.2356,4.345472
34.1,7338.45,940.27625,12.286144
131.75,22570.41,3632.8857,15.690147
141.05,17317.35,3889.3247,22.288454
-7.75,15459.03,-213.69916,-2.4334035
57.35,13446.72,1581.3738,11.194557
57.35,12216.54,1581.3738,12.422524
10860.85,19427.97,299478.0,1597.3997
158.09999,17981.16,4359.4624,24.139874
68.2,11858.97,1880.5525,15.443201
6.2,8402.46,170.95932,1.1097655
108.5,21963.15,2991.7883,13.124859
72.85,10673.16,2008.7721,18.515762
466.55,9141.96,12864.689,144.91766
148.79999,28787.43,4103.0234,13.779134
57.35,25141.26,1581.3738,5.522219
31.0,14351.5205,854.79663,5.176078
63.55,10756.68,1752.3331,15.892204
401.44998,17773.23,11069.616,63.582382
54.25,23897.16,1495.8942,5.4908633
31.0,13950.45,854.79663,5.353638
190.65,22756.59,5256.999,22.95403
26.349998,12742.89,726.5771,4.9123707
93.0,20165.73,2564.39,12.18615
122.45,13036.08,3376.4465,25.8572
94.549995,19996.08,2607.1296,12.519655
15543.399,40010.43,428595.03,1109.764
111.6,19697.67,3077.2678,15.199377
133.3,22597.38,3675.6257,15.866348
65.1,10480.0205,1795.0729,16.761017
68.2,21114.03,1880.5525,8.2355385
34.1,30054.15,940.27625,2.2441347
141.05,62058.84,3889.3247,5.498579
204.59999,22264.17,5641.6577,25.275326
68.2,14718.66,1880.5525,12.248449
86.799995,20286.66,2393.4304,11.233708
333.25,15999.3,9189.063,58.55499
82.149994,13507.62,2265.211,16.389124
165.84999,14022.66,4573.1616,32.816917
54.25,22408.59,1495.8942,5.922042
85.25,22893.18,2350.6907,9.647245
66.65,16755.33,1837.8129,10.373553
52.699997,9854.49,1453.1542,14.29063
-13.95,11505.75,-384.65848,-4.4666357
54.25,17977.68,1495.8942,7.6280985
133.3,21508.14,3675.6257,16.720512
168.95,16539.57,4658.6416,28.206732
167.4,17829.78,4615.902,25.844694
83.7,20030.01,2307.951,10.947947
1.55,8708.7,42.73983,-0.49110597
41.85,14532.48,1153.9755,7.233883
229.4,12324.42,6325.495,52.22013
-13.95,15962.76,-384.65848,-3.4987063
103.85,10271.22,2863.5686,27.909027
12.4,15823.561,341.91864,1.2406108
159.65,19477.56,4402.2026,22.435991
187.54999,13229.22,5171.5195,39.535152
263.5,26344.47,7265.7715,27.598295
103.85,32005.56,2863.5686,8.27748
12.4,8452.05,341.91864,3.1947742
57.35,25233.48,1581.3738,5.498382
131.75,18721.53,3632.8857,19.121405
209.25,22094.52,5769.8774,26.078829
65.1,19815.99,1795.0729,8.393213
153.45,13905.21,4231.243,30.55283
144.15,9351.63,3974.8042,43.073376
114.7,23533.5,3162.7476,12.935607
63.55,18359.61,1752.3331,8.896944
16842.299,36380.79,464410.97,1322.6655
62.0,17748.87,1709.5933,8.987803
100.75,17540.07,2778.089,15.423388
106.95,11872.0205,2949.0483,24.757584
91.45,19032.12,2521.65,12.738696
96.1,16042.8,2649.8696,16.12743
12.4,15537.33,341.91864,1.2818878
48.05,20264.041,1324.9348,5.779792
32.55,21582.09,897.53644,3.3122754
93.0,13735.561,2564.39,18.359118
13.95,13170.93,384.65848,2.028355
65.1,17640.99,1795.0729,9.551325
49.6,9650.04,1367.6746,13.69608
-3.1,9576.09,-85.47966,-1.9255981
153.45,20602.47,4231.243,20.295927
93.0,22889.7,2564.39,10.616943
72.85,5631.5103,2008.7721,35.98739
246.45,21295.86,6795.6333,32.088924
54.25,17507.88,1495.8942,7.859621
40.3,13567.65,1111.2356,7.49277
94.549995,23781.45,2607.1296,10.367689
41.85,11450.94,1153.9755,9.449687
162.75,18569.28,4487.682,24.059647
44.949997,20391.06,1239.4551,5.3028774
18.599998,6027.36,512.8779,7.8233757
-9.299999,10415.64,-256.43896,-3.5529714
184.45,18589.291,5086.04,27.37036
113.149994,33448.02,3120.0076,8.672375
23.25,19215.69,641.0975,2.459521
63.55,12061.68,1752.3331,14.06457
29.449999,19253.1,812.05676,3.3735452
91.45,12996.061,2521.65,19.119675
119.35,16784.041,3290.967,19.331755
17.05,12589.7705,470.13812,2.8721797
93.0,16958.91,2564.39,14.679564
21.699999,20049.15,598.3576,2.0946586
34.1,14376.75,940.27625,5.781763
133.3,10422.6,3675.6257,35.568157
24.8,13494.57,683.8373,4.2546234
74.399994,17132.91,2051.5117,11.416258
-1.55,8512.08,-42.73983,-1.520649
4.6499996,12218.28,128.21948,0.088157654
46.5,20046.541,1282.195,5.6322746
4.6499996,16891.05,128.21948,-0.2128722
26.349998,10740.15,726.5771,6.014863
-3.1,9214.17,-85.47966,-1.9619544
224.75,21960.541,6197.276,28.262114
23.25,29286.81,641.0975,1.2698643
181.34999,24715.83,5000.56,19.979317
6.2,19360.98,170.95932,-0.084384084
6.2,11365.68,170.95932,0.55971503
-26.349998,16191.57,-726.5771,-5.653081
-13.95,7963.11,-384.65848,-6.008878
-7.75,18019.44,-213.69916,-2.229729
212.34999,21827.43,5855.357,26.816254
184.45,21955.32,5086.04,23.020823
156.54999,14083.561,4316.7227,30.782612
72.85,16750.11,2008.7721,11.435432
1932.85,10554.84,53296.57,522.595
103.85,25565.82,2863.5686,10.614372
58.899998,19930.83,1624.1135,7.4496527
49.6,20571.15,1367.6746,5.8940125
-3.1,12220.0205,-85.47966,-1.7253351
66.65,11587.53,1837.8129,15.445925
196.84999,43842.78,5427.9585,11.837673
17.05,19224.39,470.13812,1.5358336
3.1,6973.92,85.47966,0.27096534
-10.849999,18619.74,-299.1788,-2.6661153
108.5,16314.24,2991.7883,18.015682
125.549995,14361.96,3461.9263,23.994934
452.59998,12904.71,12480.03,99.28021
344.09998,15703.5,9488.242,61.65232
44.949997,19367.07,1239.4551,5.6361275
116.25,14066.16,3205.4873,22.630146
86.799995,12391.41,2393.4304,19.028479
155.0,10301.67,4273.9834,42.020264
77.5,28662.15,2136.9917,6.7311115
-1.55,15936.66,-42.73983,-1.2780887
192.2,18256.08,5299.7393,29.101965
195.29999,16668.33,5385.2188,32.501102
117.799995,19950.84,3248.227,15.882357
108.5,15238.05,2991.7883,19.35867
26523.6,44974.65,731364.0,1685.2178
268.15,20585.94,7393.9907,36.24398
37.199997,12885.57,1025.7559,7.2544518
438.65,10527.87,12095.372,118.1315
51.149998,15497.311,1410.4144,8.437095
398.34998,19592.4,10984.136,57.133453
41.85,17284.291,1153.9755,5.922977
165.84999,22599.121,4573.1616,19.983255
100.75,11947.71,2778.089,23.110676
55.8,22860.121,1538.6339,5.979184
97.649994,14761.29,2692.6094,17.914589
-3.1,18758.94,-85.47966,-1.4725006
21.699999,16496.94,598.3576,2.761017
21.699999,15325.05,598.3576,3.0486178
31.0,26358.39,854.79663,2.3627284
48.05,18572.76,1324.9348,6.397176
23.25,11605.8,641.0975,4.727919
193.75,18383.1,5342.479,29.135052
89.899994,14065.29,2478.9102,17.275108
4398.9,17504.4,121295.64,717.53156
60.449997,22445.13,1666.8534,6.700575
24.8,23112.42,683.8373,2.0679991
-21.699999,16031.49,-598.3576,-4.8702126
142.59999,21062.7,3932.0642,18.35773
170.5,29347.71,4701.3813,15.611128
96.1,23572.65,2649.8696,10.656387
199.95,13407.57,5513.4385,41.64031
0.0,7085.2803,0.0,-1.0
55.8,20052.63,1538.6339,6.9563117
79.049995,11671.05,2179.7312,18.366043
-26.349998,15774.84,-726.5771,-5.7760034
44.949997,8672.16,1239.4551,13.820109
0.0,12064.29,0.0,-1.0
0.0,5648.04,0.0,-1.0
6.2,17050.26,170.95932,0.039703846
350.3,19092.15,9659.202,51.460724
8559.1,13524.15,236009.34,1808.5353
220.09999,22484.28,6069.0557,26.98917
48.05,7996.17,1324.9348,16.18147
27.9,10175.5205,769.31696,6.839648
23.25,18159.51,641.0975,2.660731
77.5,12197.4,2136.9917,17.16701
1.55,17324.31,42.73983,-0.74418575
116.25,17881.11,3205.4873,17.588634
137.95,12443.61,3803.845,30.697447
144.15,16293.36,3974.8042,24.296064
34.1,14247.12,940.27625,5.8434687
103.85,20540.7,2863.5686,13.455737
7.75,12661.11,213.69916,0.7501646
37.199997,6918.24,1025.7559,14.374332
89.899994,14399.37,2478.9102,16.851109
88.35,20452.83,2436.1704,11.351001
106.95,12005.13,2949.0483,24.47199
34.1,10705.35,940.27625,8.107569
46.5,11220.39,1282.195,10.849336
-6.2,10097.22,-170.95932,-2.7556536
260.4,8865.3,7180.2915,82.98399
43.399998,18044.67,1196.7152,5.876853
105.399994,11931.18,2906.3083,24.25842
20008.95,33182.67,551728.5,1723.098
-1.55,11054.22,-42.73983,-1.4009153
91.45,20071.77,2521.65,12.027079
520.8,45455.76,14360.583,31.75903
3335.5999,16196.79,91976.12,587.8355
128.65,24393.06,3547.406,14.079693
80.6,16906.71,2222.4712,12.630912
181.34999,22768.77,5000.56,21.773352
49.6,11139.48,1367.6746,11.731093
241.79999,21228.87,6667.4136,31.567047
105.399994,14901.36,2906.3083,19.22384
80.6,18430.08,2222.4712,11.504226
34.1,13980.9,940.27625,5.9737797
229.4,18517.95,6325.495,34.42008
6.2,19094.76,170.95932,-0.0716185
65.1,16053.24,1795.0729,10.594907
41.85,10707.09,1153.9755,10.175655
89.899994,11536.2,2478.9102,21.281574
103.85,17730.6,2863.5686,15.746809
40.3,21087.06,1111.2356,4.464343
288.3,18217.8,7949.6084,44.24782
66.65,21257.58,1837.8129,7.964691
44.949997,24454.83,1239.4551,4.2555
71.299995,20440.65,1966.0321,8.9734125
37.199997,13647.69,1025.7559,6.7935038
35.649998,16377.75,983.01605,5.22378
40.3,6478.89,1111.2356,16.78498
23.25,8381.58,641.0975,6.93133
77.5,22482.541,2136.9917,8.856105
62.0,24232.11,1709.5933,6.315592
313.09998,24993.36,8633.445,34.8185
127.1,32989.53,3504.6663,10.015861
83.7,16085.43,2307.951,13.877905
54.25,20488.5,1495.8942,6.5707445
102.299995,21054.0,2820.8289,12.892807
31.0,18588.42,854.79663,3.768351
9.299999,11380.47,256.43896,1.3365319
7.75,16930.2,213.69916,0.30884612
12.4,10942.86,341.91864,2.2399611
165.84999,31217.34,4573.1616,14.190375
66.65,13587.66,1837.8129,13.025052
91.45,49428.18,2521.65,4.290029
24.8,10926.33,683.8373,5.4897256
4.6499996,23115.03,128.21948,-0.42481518
55.8,8245.86,1538.6339,18.348495
40.3,17823.69,1111.2356,5.46482
458.8,26833.41,12650.99,47.887356
63.55,16268.13,1752.3331,10.169325
241.79999,20003.91,6667.4136,33.561325
145.7,17522.67,4017.5442,22.774328
195.29999,17044.17,5385.2188,31.762375
133.3,36200.7,3675.6257,9.528397
66.65,8980.14,1837.8129,20.221012
0.0,22113.66,0.0,-1.0
142.59999,17423.49,3932.0642,22.40094
91.45,12278.311,2521.65,20.295805
21.699999,25918.17,598.3576,1.3938909
54.25,37326.48,1495.8942,3.1555805
-12.4,10664.46,-341.91864,-4.324542
69.75,15464.25,1923.2925,11.896276
137.95,24855.9,3803.845,14.868694
-12.4,16202.01,-341.91864,-3.1882744
103.85,20325.81,2863.5686,13.608567
38.75,14193.18,1068.4958,6.806224
12.4,16114.14,341.91864,1.200207
167.4,26430.6,4615.902,17.109123
175.15,12922.98,4829.601,37.75221
8106.4995,20819.97,223529.31,1112.2745
13.95,14250.6,384.65848,1.7989173
227.84999,28556.88,6282.755,21.813253
1.55,12149.55,42.73983,-0.6352289
31.0,19634.16,854.79663,3.5143824
131.75,22835.76,3632.8857,15.49621
158.09999,11570.13,4359.4624,38.069927
480.5,7534.2,13249.348,181.34978
141.05,20416.291,3889.3247,18.753553
-18.599998,20279.7,-512.8779,-3.6224086
128.65,17442.63,3547.406,20.088552
51.149998,15939.2705,1410.4144,8.175425
702.14996,26473.23,19361.143,74.83539
43.399998,19645.47,1196.7152,5.3164964
31.0,10746.24,854.79663,7.248104
57.35,19921.26,1581.3738,7.231247
0.0,18424.86,0.0,-1.0
32.55,22740.06,897.53644,3.0926852
15.5,12833.37,427.39832,2.453345
2879.9,9638.73,79410.6,853.29236
10606.649,83954.13,292468.66,360.23108
238.7,16054.98,6581.934,41.51005
125.549995,10059.81,3461.9263,34.684196
-55.8,10900.23,-1538.6339,-15.636847
29.449999,15511.23,812.05676,4.428602
248.0,27244.05,6838.373,25.027292
44.949997,25691.97,1239.4551,4.002433
27.9,9369.9,769.31696,7.5136976
153.45,11939.01,4231.243,35.749172
83.7,13144.83,2307.951,17.206207
178.25,19448.85,4915.0806,25.205029
82.149994,24268.65,2265.211,8.678563
144.15,19351.41,3974.8042,20.298597
41.85,15916.65,1153.9755,6.517835
3.1,11997.3,85.47966,-0.26119953
29.449999,21015.72,812.05676,3.0067291
83.7,20537.22,2307.951,10.652866
127.1,19498.44,3504.6663,17.637802
3222.45,11611.89,88856.11,792.47327
9.299999,22151.07,256.43896,0.20043087
1.55,20144.85,42.73983,-0.7800031
110.049995,26377.53,3034.5278,10.929024
209.25,18217.8,5769.8774,31.841164
-10.849999,13634.64,-299.1788,-3.275281
80.6,29524.32,2222.4712,6.805561
116.25,11176.0205,3205.4873,28.740942
1.55,10316.46,42.73983,-0.5704141
83.7,17114.64,2307.951,12.983204
32.55,20273.61,897.53644,3.5905943
-52.699997,6043.02,-1453.1542,-25.93478
201.5,20697.3,5556.178,26.836226
331.69998,22653.93,9146.323,40.86498
34.1,12826.41,940.27625,6.6014814
80.6,43467.81,2222.4712,4.301714
0.0,15355.5,0.0,-1.0
37.199997,10733.19,1025.7559,8.909759
565.75,10290.36,15600.039,156.19655
517.7,19585.44,14275.1045,74.57773
54.25,18648.45,1495.8942,7.317753
99.2,18523.17,2735.349,14.312472
71.299995,24266.91,1966.0321,7.4008656
311.55,30909.36,8590.706,27.819519
29481.0,44649.27,812911.6,1886.8907
190.65,19594.14,5256.999,26.820156
-12.4,16584.81,-341.91864,-3.137766
-12.4,6053.46,-341.91864,-6.856889
134.84999,19019.94,3718.3652,19.27173
48.05,18102.09,1324.9348,6.5895085
131.75,12218.28,3632.8857,29.831135
-4.6499996,10059.81,-128.21948,-2.3216367
24.8,12302.67,683.8373,4.7636986
122.45,22367.7,3376.4465,14.652598
111.6,22769.64,3077.2678,13.013835
2294.0,10450.44,63254.953,626.6359
18.599998,11265.63,512.8779,3.7206998
13.95,16999.8,384.65848,1.3462775
54.25,17059.83,1495.8942,8.092306
-12.4,11517.93,-341.91864,-4.0781956
69.75,19274.85,1923.2925,9.346708
-1.55,8364.18,-42.73983,-1.5298554
49.6,3276.42,1367.6746,42.28437
170.5,20203.14,4701.3813,23.129843
206.15,20680.77,5684.3975,27.501364
74.399994,17343.45,2051.5117,11.2655325
52.699997,16297.71,1453.1542,8.245555
350.3,20719.92,9659.202,47.33938
148.79999,22961.041,4103.0234,17.529354
86.799995,23153.31,2393.4304,9.719032
106.95,16670.07,2949.0483,17.34393
-7.75,9530.85,-213.69916,-3.324979
71.299995,20021.31,1966.0321,9.182302
69.75,10337.34,1923.2925,18.292318
7.75,7618.59,213.69916,1.9085472
141.05,20277.96,3889.3247,18.888306
227.84999,19966.5,6282.755,31.628422
17.05,10506.12,470.13812,3.640139
82.149994,3972.42,2265.211,58.129116
-34.1,12278.311,-940.27625,-8.940809
40.3,9476.91,1111.2356,11.158703
156.54999,23108.07,4316.7227,18.370388
-4.6499996,16523.91,-128.21948,-1.8046167
43.399998,16422.12,1196.7152,6.556305
35.649998,6580.68,983.01605,14.489511
-15.5,18722.4,-427.39832,-3.367114
13.95,17856.75,384.65848,1.233679
105.399994,19929.09,2906.3083,14.121752
77.5,11744.13,2136.9917,17.868174
982.69995,12906.45,27097.053,216.70235
13.95,7060.05,384.65848,4.6495705
249.54999,24821.97,6881.113,27.74553
60.449997,10576.59,1666.8534,15.341789
457.25,18562.32,12608.25,69.43207
120.899994,19387.08,3333.7068,16.830475
148.79999,23195.07,4103.0234,17.342402
-27.9,9797.07,-769.31696,-9.142485
220.09999,14553.36,6069.0557,42.241993
2117.3,41519.88,58382.613,144.80598
223.2,22911.45,6154.5356,26.854197
74.399994,18033.36,2051.5117,10.796285
294.5,19937.791,8120.568,41.233517
60.449997,10819.32,1666.8534,14.975163
27.9,11278.68,769.31696,6.072858
-55.8,12150.42,-1538.6339,-14.130821
632.39996,28214.1,17437.85,63.087692
114.7,29788.8,3162.7476,10.009292
4.6499996,8796.57,128.21948,0.5114317
113.149994,9887.55,3120.0076,31.720116
43.399998,15124.08,1196.7152,7.204832
6.2,11888.55,170.95932,0.49111724
148.79999,21121.86,4103.0234,19.142796
441.75,17653.17,12180.853,70.54888
7.75,19583.7,213.69916,0.13150358
-12.4,17624.46,-341.91864,-3.0116613
52.699997,20662.5,1453.1542,6.292505
21.699999,25293.51,598.3576,1.4530118
179.79999,20361.48,4957.8203,24.248137
49.6,25898.16,1367.6746,4.4759784
75.95,17909.82,2094.2517,11.125106
145.7,14794.35,4017.5442,27.158703
43.399998,18926.85,1196.7152,5.5563235
82.149994,13196.16,2265.211,16.799547
139.5,16846.68,3846.585,22.676031
88.35,13215.3,2436.1704,18.115185
55.8,18790.26,1538.6339,7.490835
114.7,16769.25,3162.7476,18.556845
-1.55,18363.09,-42.73983,-1.2413431
263.5,19117.38,7265.7715,38.409527
156.54999,22698.3,4316.7227,18.720081
155.0,28344.6,4273.9834,14.63545
266.6,21357.63,7351.2515,34.690784
32.55,11139.48,897.53644,7.35478
159.65,27989.64,4402.2026,15.308746
69.75,10719.2705,1923.2925,17.604927
182.9,22403.371,5043.3,22.342604
18.599998,10991.58,512.8779,3.8384
113.149994,20166.6,3120.0076,15.042456
-10.849999,11338.71,-299.1788,-3.7359936
457.25,9855.36,12608.25,131.657
139.5,22974.09,3846.585,16.361406
9820.8,24022.44,270799.56,1167.9037
165.84999,11247.36,4573.1616,41.16128
125.549995,17774.97,3461.9263,19.195602
103.85,11459.64,2863.5686,24.91102
122.45,10449.57,3376.4465,32.504974
96.1,19784.67,2649.8696,12.8881235
85.25,34183.17,2350.6907,6.1306806
11260.75,37622.28,310504.88,854.79785
51.149998,16081.95,1410.4144,8.09402
51.149998,17440.02,1410.4144,7.3858614
260.4,17104.2,7180.2915,42.529854
71.299995,9113.25,1966.0321,21.369959
125.549995,20261.43,3461.9263,16.717222
110.049995,20944.38,3034.5278,14.023513
82.149994,12942.99,2265.211,17.147713
65.1,18883.35,1795.0729,8.85714
18.599998,12486.24,512.8779,3.259221
-18.599998,18825.93,-512.8779,-3.8249154
17.05,10645.32,470.13812,3.5794635
2252.15,11287.38,62100.973,569.4967
162.75,31140.78,4487.682,13.943093
40.3,12594.12,1111.2356,8.149264
75.95,10351.26,2094.2517,19.978941
31.0,19695.06,854.79663,3.500423
54.25,18177.78,1495.8942,7.533121
8216.55,29357.28,226563.84,799.24445
17.05,20435.43,470.13812,1.3855557
-1.55,8404.2,-42.73983,-1.5273322
91.45,13036.95,2521.65,19.05657
79.049995,22606.95,2179.7312,8.997902
18.599998,19211.34,512.8779,1.7682431
184.45,21506.4,5086.04,23.522228
120.899994,21502.92,3333.7068,15.0759945
167.4,21893.55,4615.902,20.861917
74.399994,15495.57,2051.5117,12.728223
-12.4,16357.74,-341.91864,-3.1674414
-37.199997,17154.66,-1025.7559,-7.2002583
102.299995,26824.71,2820.8289,9.904093
58.899998,18593.64,1624.1135,8.0573225
11600.199,39893.85,319864.88,830.3971
106.95,27588.57,2949.0483,10.084104
29.449999,18790.26,812.05676,3.4812737
75.95,15425.1,2094.2517,13.078253
21.699999,12099.09,598.3576,4.128094
4.6499996,16359.48,128.21948,-0.18729603
1784.0499,14055.72,49193.543,361.91333
-52.699997,22650.45,-1453.1542,-7.6524673
150.34999,31703.67,4145.7637,12.559475
55.8,10626.18,1538.6339,14.014332
178.25,25615.41,4915.0806,18.896523
4.6499996,14371.53,128.21948,-0.074878275
63.55,17828.91,1752.3331,9.191539
-20.15,23716.2,-555.6178,-3.4292877
48.05,17023.291,1324.9348,7.070471
181.34999,13496.311,5000.56,37.41948
150.34999,18102.96,4145.7637,22.746675
196.84999,18209.97,5427.9585,29.908302
41.85,11300.43,1153.9755,9.588867
348.75,21859.621,9616.462,44.616352
190.65,18948.6,5256.999,27.767933
22062.7,40502.85,608358.75,1556.4784
122.45,21457.68,3376.4465,15.316425
97.649994,10054.59,2692.6094,26.768784
68.2,16497.81,1880.5525,10.8197155
51.149998,17787.15,1410.4144,7.2222033
75.95,20249.25,2094.2517,9.724272
63.55,15143.22,1752.3331,10.999036
72.85,16745.76,2008.7721,11.438663
62.0,16965.87,1709.5933,9.448756
3.1,19664.61,85.47966,-0.54926074
79.049995,23673.57,2179.7312,8.547442
-4.6499996,21061.83,-128.21948,-1.6312563
91.45,21427.23,2521.65,11.203
19853.95,34920.06,547454.5,1624.6272
52.699997,20143.98,1453.1542,6.4802184
151.9,21868.32,4188.5034,18.860552
38030.8,73722.93,1048664.5,1473.9655
77.5,27688.621,2136.9917,7.0029364
102.299995,16819.71,2820.8289,16.39026
280.55,27377.16,7735.909,28.300217
6.2,13572.0,170.95932,0.30616128
12.4,15566.91,341.91864,1.2775517
46.5,15199.7705,1282.195,7.747116
41.85,8486.85,1153.9755,13.099314
155.0,25527.541,4273.9834,16.36088
86.799995,14631.66,2393.4304,15.961922
6660.3496,15235.44,183653.05,1248.9453
32.55,11753.7,897.53644,6.91818
77.5,15524.28,2136.9917,13.2737875
-23.25,10045.0205,-641.0975,-7.617914
117.799995,18865.08,3248.227,16.854004
-17.05,14471.58,-470.13812,-4.368662
17.05,12561.93,470.13812,2.8807619
75.95,21351.541,2094.2517,9.170623
24.8,19941.27,683.8373,2.555886
-6.2,22740.93,-170.95932,-1.7795293
-15.5,20958.3,-427.39832,-3.1145823
91.45,9225.48,2521.65,27.34286
31661.85,67960.92,873046.56,1331.0669
89.899994,12582.811,2478.9102,19.428244
12.4,13960.89,341.91864,1.5395546
6.2,17094.63,170.95932,0.037005305
55.8,21281.94,1538.6339,6.4967313
-1.55,15713.07,-42.73983,-1.2820458
13055.649,24563.58,359997.6,1518.6929
69.75,18818.1,1923.2925,9.597842
54.25,13677.2705,1495.8942,10.340947
192.2,18526.65,5299.7393,28.662344
110.049995,26304.45,3034.5278,10.962165
142.59999,13076.1,3932.0642,30.181017
38.75,17614.89,1068.4958,5.289857
55.8,18832.02,1538.6339,7.472007
492.9,19392.3,13591.267,71.6739
10.849999,15967.98,299.1788,0.9428028
469.65,16165.47,12950.169,82.06824
263.5,29084.1,7265.7715,24.904427
71.299995,32502.33,1966.0321,5.2722588
88.35,13826.91,2436.1704,17.269657
-29.449999,18133.41,-812.05676,-5.6435995
23.25,11789.37,641.0975,4.6387305
20.15,10603.56,555.6178,4.4334083
385.94998,19038.21,10642.218,56.9634
79.049995,18353.52,2179.7312,11.314917
46.5,17717.55,1282.195,6.504094
274.35,21222.78,7564.9507,35.96168
325.5,26045.19,8975.364,34.733246
75.95,23382.121,2094.2517,8.287373
57.35,12344.43,1581.3738,12.283465
31.0,18905.97,854.79663,3.68826
65.1,23562.21,1795.0729,6.8997607
110.049995,10683.6,3034.5278,28.45245
-1.55,15552.12,-42.73983,-1.2849647
71.299995,28998.84,1966.0321,6.030041
93.0,14409.811,2564.39,17.453285
9.299999,9578.7,256.43896,1.7760375
58.899998,13778.19,1624.1135,11.222839
209.25,38614.082,5769.8774,14.494185
35.649998,12875.13,983.01605,6.916931
103.85,14554.23,2863.5686,19.401695
-6.2,8908.8,-170.95932,-2.9898553
46.5,12039.93,1282.195,10.0427685
69.75,18873.78,1923.2925,9.566577
155.0,19736.82,4273.9834,21.454506
99.2,19399.26,2735.349,13.620947
280.55,20867.82,7735.909,37.43989
51.149998,12723.75,1410.4144,10.49422
-10.849999,9523.0205,-299.1788,-4.2576466
91.45,11556.21,2521.65,21.626493
40.3,17701.02,1111.2356,5.5096216
6.2,8659.98,170.95932,1.0470278
96.1,26837.76,2649.8696,9.238259
100.75,17735.82,2778.089,15.242123
15.5,15617.37,427.39832,1.8377411
38.75,19954.32,1068.4958,4.5524387
-34.1,14646.45,-940.27625,-7.6568837
10.849999,15243.2705,299.1788,1.0351694
35.649998,10093.74,983.01605,9.098489
65.1,15156.2705,1795.0729,11.28111
48.05,14405.46,1324.9348,8.537076
150.34999,24580.98,4145.7637,16.488527
-1.55,8645.19,-42.73983,-1.5126324
120.899994,23826.69,3333.7068,13.508134
24.8,24430.47,683.8373,1.9024773
82.149994,40279.26,2265.211,4.8314295
131.75,34228.41,3632.8857,10.005579
-17.05,15418.14,-470.13812,-4.161851
139.5,17260.8,3846.585,22.107996
57.35,14850.9,1581.3738,10.041539
96.1,17216.43,2649.8696,14.959868
6.2,16683.99,170.95932,0.06252885
49.6,7937.88,1367.6746,16.86595
62.0,21957.93,1709.5933,7.073267
6.2,16675.291,170.95932,0.06308317
15.5,15673.92,427.39832,1.827503
100.75,22847.07,2778.089,11.608503
52.699997,14361.09,1453.1542,9.492335
37.199997,5232.18,1025.7559,19.32868
172.04999,19523.67,4744.121,24.196615
110.049995,16792.74,3034.5278,17.73775
105.399994,21937.05,2906.3083,12.737615
246.45,20590.291,6795.6333,33.222782
83.7,14433.3,2307.951,15.580929
49.6,21268.02,1367.6746,5.668123
1.55,12360.09,42.73983,-0.6414423
218.54999,17068.53,6026.316,35.610332
120.899994,20284.92,3333.7068,16.04127
27.9,23208.121,769.31696,2.4372663
117.799995,40946.55,3248.227,7.2257767
137.95,18050.76,3803.845,20.851196
128.65,13127.43,3547.406,27.020706
119.35,16633.53,3290.967,19.515732
-4.6499996,17988.12,-128.21948,-1.739122
32.55,15243.2705,897.53644,5.1055083
-32.55,8370.2705,-897.53644,-12.118865
-21.699999,20068.291,-598.3576,-4.091707
125.549995,20685.99,3461.9263,16.353592
18.599998,4464.84,512.8779,10.911214
7.75,11832.0,213.69916,0.87280476
62.0,12686.34,1709.5933,12.973473
193.75,14067.9,5342.479,38.378704
82.149994,14187.96,2265.211,15.555283
48.05,31831.56,1324.9348,3.31603
122.45,10767.12,3376.4465,31.51683
29.449999,12299.19,812.05676,5.8463287
159.65,22057.98,4402.2026,19.694366
85.25,21150.57,2350.6907,10.524479
215.45,12905.58,5940.8364,46.732914
74.399994,13477.17,2051.5117,14.784221
102.299995,22208.49,2820.8289,12.170601
-26.349998,17343.45,-726.5771,-5.344043
68.2,15388.561,1880.5525,11.671713
63.55,10193.79,1752.3331,16.824972
170.5,19513.23,4701.3813,23.982977
17.05,9791.85,470.13812,3.9786158
150.34999,20273.61,4145.7637,20.204174
141.05,15922.74,3889.3247,24.328197
12.4,18062.07,341.91864,0.96292245
41.85,13512.84,1153.9755,7.8551893
113.149994,9991.95,3120.0076,31.378242
128.65,16221.15,3547.406,21.676558
60.449997,17501.791,1666.8534,8.875585
54.25,16006.26,1495.8942,8.6907835
58.899998,12863.82,1624.1135,12.091647
3.1,12785.5205,85.47966,-0.30674624
353.4,13157.88,9744.682,75.79441
75.95,16117.62,2094.2517,12.473358
7.75,12586.29,213.69916,0.76056874
616.89996,27937.44,17010.453,62.136013
82.149994,12876.0,2265.211,17.24213
110.049995,12186.96,3034.5278,24.81925
-1.55,9049.74,-42.73983,-1.4897163
117.799995,10863.69,3248.227,30.00394
2263.0,13303.17,62400.156,485.38306
69.75,14076.6,1923.2925,13.167573
122.45,25668.48,3376.4465,12.639787
29.449999,16618.74,812.05676,4.066828
288.3,16272.48,7949.6084,49.657047
116.25,23223.78,3205.4873,13.312287
32.55,13921.74,897.53644,5.6850777
12.4,13706.85,341.91864,1.5866222
34.1,9638.73,940.27625,9.11541
89.899994,19842.09,2478.9102,11.954518
234.04999,16066.29,6453.7144,40.65259
139.5,12607.17,3846.585,30.63775
26.349998,15546.03,726.5771,3.8462973
29.449999,18096.87,812.05676,3.652976
199.95,19237.44,5513.4385,28.718245
-20.15,16917.15,-555.6178,-4.4056253
331.69998,33496.74,9146.323,27.313393
-7.75,18593.64,-213.69916,-2.191753
77.5,17070.27,2136.9917,11.981066
7.75,26240.07,213.69916,-0.15552717
7068.0,19613.28,194893.64,1029.3751
168.95,12529.74,4658.6416,37.553616
68.2,15285.03,1880.5525,11.757543
108.5,17102.46,2991.7883,17.139284
20.15,17327.791,555.6178,2.3249173
155.0,16453.44,4273.9834,25.935436
72.85,12665.46,2008.7721,15.445898
26.349998,16830.15,726.5771,3.476531
58.899998,14830.89,1624.1135,10.35526
34.1,10717.53,940.27625,8.0972185
21.699999,12755.94,598.3576,3.8640294
91.45,10664.46,2521.65,23.518494
17.05,9215.04,470.13812,4.2902493
91.45,9894.51,2521.65,25.426424
-17.05,16070.64,-470.13812,-4.0334735
2858.2,21788.28,78812.25,374.07547
8156.0996,35865.75,224896.98,649.2069
-32.55,24017.22,-897.53644,-4.875049
20.15,13117.86,555.6178,3.3919868
1.55,10144.2,42.73983,-0.5631193
136.4,12434.91,3761.105,30.363222
31.0,8105.79,854.79663,9.934913
167.4,23736.21,4615.902,19.164759
13.95,16401.24,384.65848,1.4319046
173.59999,18671.94,4786.861,25.58332
86.799995,22755.72,2393.4304,9.906317
-52.699997,19657.65,-1453.1542,-8.665279
89.899994,25097.76,2478.9102,9.241739
71.299995,17676.66,1966.0321,10.532893
62.0,23235.96,1709.5933,6.629218
189.09999,22949.73,5214.2593,22.559328
29.449999,15247.62,812.05676,4.522455
102.299995,26137.41,2820.8289,10.1908245
221.65,11796.33,6111.796,52.72418
114.7,26739.45,3162.7476,11.264785
48.05,24497.46,1324.9348,4.608172
612.25,17602.71,16882.234,98.4485
182.9,17923.74,5043.3,28.176556
40.3,12150.42,1111.2356,8.483371
125.549995,16550.01,3461.9263,20.690393
265.05,23875.41,7308.5107,30.74139
77.5,7552.47,2136.9917,28.340109
1.55,19964.76,42.73983,-0.7780186
58.899998,15495.57,1624.1135,9.868177
43.399998,16237.68,1196.7152,6.6421356
4.6499996,11247.36,128.21948,0.18209207
4.6499996,11470.08,128.21948,0.1591388
-10.849999,7383.69,-299.1788,-5.2015085
124.0,16978.05,3419.1865,19.882517
23.25,7358.46,641.0975,8.034102
88.35,22599.121,2436.1704,10.177998
57.35,28661.28,1581.3738,4.721196
148.79999,24079.86,4103.0234,16.668428
71.299995,10232.94,1966.0321,18.922234
111.6,29510.4,3077.2678,9.812798
10.849999,18921.63,299.1788,0.6395328
49.6,12635.88,1367.6746,10.223419
3.1,19925.61,85.47966,-0.55516493
148.79999,18588.42,4103.0234,21.888083
7.75,11082.93,213.69916,0.99938345
85.25,16554.36,2350.6907,13.724175
9.299999,28397.67,256.43896,-0.06362635
-37.199997,13066.53,-1025.7559,-9.140135
29.449999,12897.75,812.05676,5.5286036
40.3,11216.04,1111.2356,9.273406
74.399994,22040.58,2051.5117,8.65159
218.54999,19098.24,6026.316,31.719482
-32.55,15924.48,-897.53644,-6.84433
4.6499996,12893.4,128.21948,0.031179905
27.9,10760.16,769.31696,6.41369
220.09999,17834.13,6069.0557,34.28719
85.25,13252.71,2350.6907,17.39241
54.25,11434.41,1495.8942,12.565475
82.149994,31104.24,2265.211,6.5515647
16972.5,28657.8,468001.16,1692.3704
58.899998,25811.16,1624.1135,5.5246425
9.299999,14911.8,256.43896,0.7832073
77.5,32317.89,2136.9917,5.8565826
3.1,11156.01,85.47966,-0.20548558
-18.599998,10088.5205,-512.8779,-6.2715025
41.85,15123.21,1153.9755,6.9122586
71.299995,16798.83,1966.0321,11.13555
2094.05,106199.164,57741.516,55.37869
6.2,12134.76,170.95932,0.460863
2390.0999,19918.65,65904.82,342.0877
65.1,15995.82,1795.0729,10.636528
111.6,28051.41,3077.2678,10.375185
29.449999,15153.66,812.05676,4.556697
72.85,22893.18,2008.7721,8.098555
32.55,15198.9,897.53644,5.1233315
-18.599998,17170.32,-512.8779,-4.0973015
89.899994,11711.07,2478.9102,20.948866
762.6,17588.791,21027.996,122.96805
62.0,12597.6,1709.5933,13.071904
-9.299999,14224.5,-256.43896,-2.8693686
116.25,16675.291,3205.4873,18.93281
178.25,18609.3,4915.0806,26.38725
141.05,18556.23,3889.3247,20.733633
23.25,5561.91,641.0975,10.952204
204.59999,21902.25,5641.6577,25.709507
79.049995,11312.61,2179.7312,18.979654
125.549995,16808.4,3461.9263,20.356955
55.8,16323.811,1538.6339,8.77376
93.0,11276.94,2564.39,22.579828
206.15,10824.54,5684.3975,53.453133
675.8,16339.47,18634.566,117.257645
42263.848,49054.95,1165387.0,2462.4016
38.75,6846.9,1068.4958,15.181797
9.299999,11586.66,256.43896,1.2949522
134.84999,21827.43,3718.3652,16.664335
141.05,19949.97,3889.3247,19.215282
7.75,17796.72,213.69916,0.24511862
23.25,8584.29,641.0975,6.7440395
9.299999,23430.84,256.43896,0.13486457
303.8,35281.11,8377.007,23.620367
136.4,22191.09,3761.105,16.57457
-31.0,11527.5,-854.79663,-8.6891
96.1,19854.27,2649.8696,12.839439
65.1,17652.3,1795.0729,9.544564
-20.15,6940.86,-555.6178,-9.300624
34.1,11352.63,940.27625,7.588293
110.049995,30868.47,3034.5278,9.193513
41.85,18914.67,1153.9755,5.3262405
-15.5,13815.6,-427.39832,-4.207827
-23.25,15550.38,-641.0975,-5.274949
5268.4497,20509.38,145272.69,733.4789
83.7,20332.77,2307.951,10.77004
51.149998,21804.81,1410.4144,5.7072163
54.25,12760.29,1495.8942,11.1559305
221.65,13182.24,6111.796,47.07591
-43.399998,15961.0205,-1196.7152,-8.774599
124.0,17577.48,3419.1865,19.17038
2041.35,20194.44,56288.36,288.0245
137.95,20500.68,3803.845,18.239883
18.599998,20484.15,512.8779,1.5962346
27.9,3837.57,769.31696,19.787241
14909.449,30693.6,411114.44,1387.8738
21.699999,20906.97,598.3576,1.9676836
170.5,19277.46,4701.3813,24.288527
199.95,64393.05,5513.4385,7.878333
20.15,17968.98,555.6178,2.2062736
68.2,18483.15,1880.5525,9.550118
79.049995,8078.82,2179.7312,26.977112
150.34999,43865.4,4145.7637,8.8000965
21283.049,35613.45,586860.6,1707.7119
34.1,19092.15,940.27625,4.106796
74.399994,8586.03,2051.5117,23.7759
193.75,18636.27,5342.479,28.725674
354.94998,21866.58,9787.421,45.412533
15341.899,30107.22,423038.84,1455.993
162.75,37674.48,4487.682,11.351584
151.9,27181.41,4188.5034,14.978455
91.45,20552.01,2521.65,11.722673
-4.6499996,12311.37,-128.21948,-2.0799298
6.2,7913.52,170.95932,1.2401183
120.899994,24004.17,3333.7068,13.400865
86.799995,9762.2705,2393.4304,24.422476
196.84999,16646.58,5427.9585,32.811104
3839.3499,13640.73,105866.56,803.76495
68.2,40531.56,1880.5525,3.8110518
22199.1,36639.18,612119.9,1731.3619
100.75,11929.44,2778.089,23.1476
13.95,4837.2,384.65848,7.2457304
416.94998,12335.73,11497.015,95.64249
612.25,11102.07,16882.234,156.67899
173.59999,23778.84,4786.861,19.874111
41.85,5590.62,1153.9755,20.403482
-4.6499996,10767.99,-128.21948,-2.2347164
244.9,23567.43,6752.893,28.711567
88.35,17093.76,2436.1704,13.778078
-3.1,10419.99,-85.47966,-1.8506353
27.9,11406.57,769.31696,5.9935565
9.299999,12591.51,256.43896,1.1118064
280.55,23615.28,7735.909,32.9677
1091.2,13405.83,30088.84,231.73389
71.299995,17528.76,1966.0321,10.630202
44.949997,8173.65,1239.4551,14.723986
139.5,11545.7705,3846.585,33.5462
131.75,13415.4,3632.8857,27.079926
44.949997,12523.65,1239.4551,9.262372
35.649998,12555.84,983.01605,7.1182556
102.299995,19188.72,2820.8289,14.243286
744.0,11457.9,20515.12,184.65936
173.59999,25333.53,4786.861,18.593094
117.799995,11974.68,3248.227,27.127449
46.5,8223.24,1282.195,15.168098
85.25,17272.98,2350.6907,13.111594
156.54999,19886.46,4316.7227,21.508394
30483.85,79686.78,840564.25,1092.7864
52.699997,16738.8,1453.1542,8.001922
27.9,14353.26,769.31696,4.5577965
48.05,15063.18,1324.9348,8.120648
210.79999,11562.3,5812.6167,51.128513
69.75,11541.42,1923.2925,16.279612
-26.349998,16546.53,-726.5771,-5.553262
153.45,13016.07,4231.243,32.708233
114.7,19735.95,3162.7476,15.617067
240.25,13090.0205,6624.674,51.477367
20.15,30392.58,555.6178,0.8956425
54.25,16483.89,1495.8942,8.409987
102.299995,16037.58,2820.8289,17.23836
21.699999,17339.1,598.3576,2.5783446
66.65,13756.44,1837.8129,12.852976
3.1,8571.24,85.47966,0.034110665
229.4,16155.9,6325.495,39.598618
313.09998,12690.69,8633.445,69.54184
0.0,7424.58,0.0,-1.0
41.85,19705.5,1153.9755,5.072353
100.75,35170.62,2778.089,7.190568
37.199997,13064.79,1025.7559,7.141219
316.19998,34181.43,8718.925,25.449692
48.05,26013.871,1324.9348,4.2812586
44.949997,13342.32,1239.4551,8.632684
184.45,22514.73,5086.04,22.42399
2937.25,12401.85,80991.984,676.179
-31.0,18045.541,-854.79663,-5.911801
3.1,9512.58,85.47966,-0.068222225
12.4,9354.24,341.91864,2.7902
55.8,17501.791,1538.6339,8.115924
35.649998,16911.93,983.01605,5.0271964
150.34999,10593.12,4145.7637,39.58154
20.15,12976.92,555.6178,3.4396877
68.2,8632.14,1880.5525,21.58993
108.5,21280.2,2991.7883,13.578171
193.75,21143.61,5342.479,25.20062
26.349998,13096.98,726.5771,4.7525234
7.75,12829.89,213.69916,0.7271409
93.0,8208.45,2564.39,31.394463
-15.5,25296.99,-427.39832,-2.7519102
13.95,10665.33,384.65848,2.7398045
94.549995,18376.14,2607.1296,13.711474
108.5,11706.72,2991.7883,25.499855
117.799995,20062.2,3248.227,15.788647
40.3,24521.82,1111.2356,3.6989555
15.5,17962.02,427.39832,1.4673202
314.65,50003.25,8676.186,16.99196
-10.849999,13847.79,-299.1788,-3.240259
142.59999,17915.041,3932.0642,21.758867
446.4,22240.68,12309.071,56.38853
105.399994,22649.58,2906.3083,12.305445
69.75,20439.78,1923.2925,8.757015
18.599998,9256.8,512.8779,4.7451453
189.09999,20053.5,5214.2593,25.96189
137.95,24084.21,3803.845,15.377148
103.85,23969.371,2863.5686,11.387933
156.54999,22606.95,4316.7227,18.799767
43.399998,23804.94,1196.7152,4.2128067
74.399994,17703.63,2051.5117,11.015989
13.95,13929.57,384.65848,1.8634229
18.599998,18896.4,512.8779,1.8143804
15.5,18607.56,427.39832,1.3817229
77.5,22720.05,2136.9917,8.753072
57.35,20530.26,1581.3738,6.9870787
85.25,21243.66,2350.6907,10.473978
99.2,16251.6,2735.349,16.452776
136.4,19103.46,3761.105,19.415089
6.2,11915.5205,170.95932,0.48774207
274.35,26011.26,7564.9507,29.157309
1601.1499,12524.5205,44150.242,364.5273
23.25,13666.83,641.0975,3.8641186
212.34999,15332.88,5855.357,38.59839
136.4,43799.28,3761.105,7.904229
221.65,15325.92,6111.796,40.351395
32.55,18677.16,897.53644,3.9829798
41.85,21341.1,1153.9755,4.6069627
83.7,13178.76,2307.951,17.159334
204.59999,19514.97,5641.6577,28.976898
13.95,7406.31,384.65848,4.3854413
97.649994,15498.18,2692.6094,17.01526
254.2,34429.38,7009.3325,20.110348
-24.8,18537.09,-683.8373,-4.8252435
113.149994,10732.32,3120.0076,29.144627
947.05,34899.18,26114.037,76.590164
3.1,9226.35,85.47966,-0.03931552
9.299999,10565.28,256.43896,1.5168126
102.299995,6846.0303,2820.8289,41.72537
10.849999,16785.78,299.1788,0.84815
51.149998,13134.39,1410.4144,10.134859
-10.849999,15465.12,-299.1788,-3.0059745
24.8,9537.81,683.8373,6.434504
274.35,17401.74,7564.9507,44.077652
7.75,17344.32,213.69916,0.27759564
15.5,21016.59,427.39832,1.1087177
20.15,16192.44,555.6178,2.5580473
18.599998,16383.84,512.8779,2.2459826
13.95,16225.5,384.65848,1.4582446
251.09999,14603.82,6923.8525,48.161964
807.55,12965.61,22267.453,177.08423
93.0,15229.35,2564.39,16.460255
94.549995,11595.36,2607.1296,22.314508
17.05,15238.92,470.13812,2.1990361
3.1,13905.21,85.47966,-0.3625691
10.849999,14186.22,299.1788,1.1868148
206.15,27523.32,5684.3975,20.415663
85.25,26158.291,2350.6907,8.318242
60.449997,22506.03,1666.8534,6.679738
-20.15,9396.87,-555.6178,-7.131134
41.85,29001.45,1153.9755,3.1259575
145.7,24788.041,4017.5442,15.806076
265.05,15888.811,7308.5107,46.696377
221.65,33603.75,6111.796,17.859447
32.55,21181.89,897.53644,3.3937488
156.54999,21511.621,4316.7227,19.80793
134.84999,12097.35,3718.3652,30.872028
128.65,21141.87,3547.406,16.398643
342.55,53681.61,9445.503,17.24515
63.55,17034.6,1752.3331,9.666762
282.1,22011.871,7778.6494,35.643345
23.25,12629.79,641.0975,4.2635145
137.95,12698.5205,3803.845,30.061152
-10.849999,11288.25,-299.1788,-3.7482238
26.349998,16039.32,726.5771,3.6972494
60.449997,10379.97,1666.8534,15.6513405
68.2,21077.49,1880.5525,8.251549
32.55,8714.79,897.53644,9.679306
117.799995,16938.03,3248.227,18.885265
-18.599998,9627.42,-512.8779,-6.523978
24.8,28977.09,683.8373,1.447067
336.34998,25330.05,9274.543,36.966827
170.5,19750.74,4701.3813,23.682549
65.1,16417.77,1795.0729,10.337461
102.299995,19998.69,2820.8289,13.625916
168.95,22793.13,4658.6416,20.193525
80.6,7956.15,2222.4712,27.965502
125.549995,14689.08,3461.9263,23.438307
1646.1,10786.26,45389.7,435.34933
4.6499996,15419.88,128.21948,-0.13777441
51.149998,15305.91,1410.4144,8.555105
158.09999,19080.84,4359.4624,22.690996
32.55,17504.4,897.53644,4.316829
69.75,19704.63,1923.2925,9.121035
0.0,23423.88,0.0,-1.0
55.8,6950.43,1538.6339,21.954693
89.899994,29938.44,2478.9102,7.5857754
66.65,18176.041,1837.8129,9.484552
3146.5,14837.85,86761.86,605.32544
113.149994,20635.53,3120.0076,14.677901
139.5,10540.05,3846.585,36.842564
10.849999,11253.45,299.1788,1.7567222
124.0,22963.65,3419.1865,14.439377
62.0,18423.12,1709.5933,8.62227
227.84999,18224.76,6282.755,34.74672
-29.449999,9145.44,-812.05676,-10.207244
31.0,23797.98,854.79663,2.7245224
5686.9497,15795.72,156812.44,1028.4114
249.54999,69795.75,6881.113,9.222981
72.85,10089.39,2008.7721,19.644941
0.0,8117.97,0.0,-1.0
1133.0499,10971.57,31242.814,294.27673
40.3,13951.32,1111.2356,7.2592134
15772.8,17955.06,434920.53,2510.7183
80.6,15913.17,2222.4712,13.481959
57.35,9108.9,1581.3738,17.001822
249.54999,23470.86,6881.113,29.400278
52.699997,18699.78,1453.1542,7.0579224
317.75,25839.871,8761.666,34.159622
83.7,14595.12,2307.951,15.397091
260.4,28413.33,7180.2915,25.204014
96.1,18055.98,2649.8696,14.21778
7.75,21472.47,213.69916,0.03197384
77.5,15399.0,2136.9917,13.3899145
122.45,25405.74,3376.4465,12.780848
176.7,23352.541,4872.341,20.634726
-38.75,15519.93,-1068.4958,-8.138895
195.29999,24468.75,5385.2188,21.82125
40.3,11791.11,1111.2356,8.772357
342.55,25322.22,9445.503,37.67864
41.85,8494.68,1153.9755,13.086317
20345.299,39032.55,561003.0,1489.3427
15238.05,46562.4,420175.28,934.7138
215.45,23166.36,5940.8364,25.591187
85.25,15410.311,2350.6907,14.817286
99.2,15345.93,2735.349,17.482786
-43.399998,14451.57,-1196.7152,-9.586648
119.35,19488.0,3290.967,16.510725
43.399998,15983.64,1196.7152,6.7635975
193.75,20076.99,5342.479,26.592567
117.799995,9998.04,3248.227,32.688324
7.75,10098.96,213.69916,1.1941891
113.149994,38623.65,3120.0076,7.3762617
1889.45,14571.63,52099.855,369.74582
255.74998,17533.11,7052.072,40.706684
124.0,14541.18,3419.1865,23.382095
71.299995,13853.88,1966.0321,13.715231
-15.5,7903.08,-427.39832,-6.607694
3.1,19626.33,85.47966,-0.5483817
217.0,21318.48,5983.5767,28.103987
46.5,11911.17,1282.195,10.162142
110.049995,11677.14,3034.5278,25.94651
12.4,24519.21,341.91864,0.44598627
16664.049,34677.332,459495.9,1372.9908
274.35,22293.75,7564.9507,34.186077
49.6,17679.27,1367.6746,7.021698
268.15,21323.7,7393.9907,34.95541
85.25,15378.99,2350.6907,14.849499
148.79999,11947.71,4103.0234,34.609608
499.09998,41519.88,13762.226,33.370075
300.69998,20177.91,8291.527,41.609478
255.74998,23343.84,7052.072,30.325089
79.049995,23978.07,2179.7312,8.426199
63.55,13235.311,1752.3331,12.728731
97.649994,18160.38,2692.6094,14.374332
62.0,16250.73,1709.5933,9.908569
93.0,6930.42,2564.39,37.368286
74.399994,9449.07,2051.5117,21.51297
51.149998,16604.82,1410.4144,7.807658
21.699999,15124.08,598.3576,3.102416
77.5,23287.291,2136.9917,8.515503
158.09999,18359.61,4359.4624,23.621664
268.15,20315.37,7393.9907,36.740013
40.3,10834.98,1111.2356,9.634716
21.699999,9359.46,598.3576,5.6291504
-15.5,5399.22,-427.39832,-9.208233
102.299995,14185.35,2820.8289,19.619806
102.299995,11127.3,2820.8289,25.286623
108.5,18152.55,2991.7883,16.08996
68.2,13659.87,1880.5525,13.27535
155.0,22644.36,4273.9834,18.571344
9.299999,14174.91,256.43896,0.87590826
120.899994,21582.96,3333.7068,15.016375
124.0,23797.98,3419.1865,13.898089
389.05,18502.291,10727.697,59.12137
82.149994,21064.44,2265.211,10.150815
6.2,19903.86,170.95932,-0.109357595
52.699997,21777.84,1453.1542,5.9190226
102.299995,21889.2,2820.8289,12.362716
176.7,14546.4,4872.341,33.732014
24.8,8646.93,683.8373,7.20047
998.19995,14595.99,27524.451,194.53882
3.1,6500.64,85.47966,0.3634981
51.149998,19551.51,1410.4144,6.4802194
79.049995,9596.1,2179.7312,22.553534
40.3,18396.15,1111.2356,5.263644
131.75,16121.97,3632.8857,22.365847
10476.449,24524.43,288878.5,1220.4176
17.05,14529.87,470.13812,2.3551476
-17.05,12215.67,-470.13812,-4.9907646
44.949997,17695.8,1239.4551,6.2628727
175.15,23178.541,4829.601,20.605934
182.9,19330.53,5043.3,26.053217
-7.75,14761.29,-213.69916,-2.5011578
94.549995,20979.18,2607.1296,11.886115
147.25,20916.541,4060.284,19.12864
457.25,10279.92,12608.25,126.17828
-15.5,8561.67,-427.39832,-6.176333
134.84999,21843.96,3718.3652,16.650969
-23.25,16647.45,-641.0975,-4.993229
24.8,8971.44,683.8373,6.903846
-21.699999,13772.1,-598.3576,-5.5051427
265.05,22321.59,7308.5107,32.950928
116.25,12702.0,3205.4873,25.167957
472.75,15966.24,13035.648,83.65992
102.299995,22247.64,2820.8289,12.147424
10.849999,17275.59,299.1788,0.7957498
77.5,18878.13,2136.9917,10.737935
80.6,16167.21,2222.4712,13.2544
102.299995,20528.52,2820.8289,13.248428
204.59999,14541.18,5641.6577,39.230457
3754.0999,34539.87,103515.87,309.76642
-12.4,21046.17,-341.91864,-2.684603
176.7,19203.51,4872.341,25.309034
69.75,15821.82,1923.2925,11.604823
105.399994,9651.78,2906.3083,30.22354
12.4,20061.33,341.91864,0.76730263
20.15,4312.59,555.6178,12.359367
920.69995,20866.95,25387.459,125.15607
209.25,24443.52,5769.8774,23.47658
207.7,25311.78,5727.137,22.46188
55.8,13538.94,1538.6339,10.784157
190.65,20338.86,5256.999,25.801504
71.299995,16214.19,1966.0321,11.573125
265.05,22533.0,7308.5107,32.632393
18.599998,20418.03,512.8779,1.6046422
-21.699999,18018.57,-598.3576,-4.443407
35.649998,19818.6,983.01605,4.143225
86.799995,10319.07,2393.4304,23.050722
57.35,16450.83,1581.3738,8.967691
-41.85,12244.38,-1153.9755,-10.772544
108.5,22787.91,2991.7883,12.61364
82.149994,17958.541,2265.211,12.079329
3.1,14442.0,85.47966,-0.38626158
29.449999,22488.63,812.05676,2.7443051
305.34998,21674.31,8419.746,39.281124
-23.25,10041.54,-641.0975,-7.620208
-12.4,18276.09,-341.91864,-2.939936
23701.049,28572.541,653534.75,2370.7434
-21.699999,13669.44,-598.3576,-5.5389767
93.0,19105.2,2564.39,12.918113
58.899998,18915.541,1624.1135,7.903187
106.95,19514.1,2949.0483,14.670442
6.2,18083.82,170.95932,-0.019719303
1333.0,18618.87,36756.254,203.70375
71.299995,16873.65,1966.0321,11.081738
77.5,7868.2803,2136.9917,27.16248
62.0,11244.75,1709.5933,14.764887
124.0,23904.99,3419.1865,13.831398
72.85,27481.56,2008.7721,6.5794406
294.5,26281.83,8120.568,31.038982
-4.6499996,4456.14,-128.21948,-3.983617
291.4,23370.81,8035.0884,34.65043
5880.6997,15952.32,162154.92,1053.0328
232.5,20156.16,6410.9746,31.981026
181.34999,18022.05,5000.56,27.771488
35.649998,24552.27,983.01605,3.1516128
252.65,18278.7,6966.5923,38.52055
34738.598,51264.75,957885.06,1936.5032
63.55,20157.03,1752.3331,8.014425
-9.299999,25239.57,-256.43896,-2.0535374
72.85,30472.621,2008.7721,5.8354754
215.45,22988.01,5940.8364,25.79749
79.049995,18441.39,2179.7312,11.256237
217.0,23757.96,5983.5767,25.115574
13.95,16364.7,384.65848,1.4373345
106.95,15706.11,2949.0483,18.469784
223.2,20490.24,6154.5356,30.14556
7644.5996,19742.91,210792.84,1106.1146
215.45,20040.45,5940.8364,29.738878
511.49997,30248.16,14104.144,47.349903
66.65,15559.08,1837.8129,11.248002
263.5,25624.98,7265.7715,28.401268
-29.449999,11563.17,-812.05676,-8.282112
52.699997,10767.12,1453.1542,12.994585
192.2,21230.61,5299.7393,24.884508
71.299995,13962.63,1966.0321,13.600618
288.3,30341.25,7949.6084,26.168154
111.6,8905.32,3077.2678,34.83139
74.399994,10025.88,2051.5117,20.217752
89.899994,19521.93,2478.9102,12.166972
62.0,10420.86,1709.5933,16.011284
153.45,19983.9,4231.243,20.955109
139.5,19872.541,3846.585,19.071037
21.699999,7050.48,598.3576,7.800149
21.699999,27717.33,598.3576,1.2385011
41.85,19626.33,1153.9755,5.0968475
131.75,17648.82,3632.8857,20.344398
2314.15,10034.58,63810.566,658.38837
44.949997,15330.2705,1239.4551,7.383567
60.449997,17721.03,1666.8534,8.753407
6.2,20547.66,170.95932,-0.13726324
35.649998,9155.01,983.01605,10.133961
44.949997,17976.81,1239.4551,6.1493416
102.299995,9045.39,2820.8289,31.336823
178.25,17344.32,4915.0806,28.384699
57.35,10500.03,1581.3738,14.616793
38.75,14417.64,1068.4958,6.6846933
130.2,13143.09,3590.1458,27.324516
49.6,14395.89,1367.6746,8.851269
155.0,14474.19,4273.9834,29.61868
27.9,20584.2,769.31696,2.875424
-12.4,15185.85,-341.91864,-3.3347025
49.6,24719.31,1367.6746,4.7371244
134.84999,18200.4,3718.3652,20.184536
77.5,15036.21,2136.9917,13.73711
91.45,19566.3,2521.65,12.363615
9.299999,14775.21,256.43896,0.7996923
58.899998,19473.21,1624.1135,7.64822
11212.699,27035.25,309179.94,1184.8474
15.5,23205.51,427.39832,0.90980744
21.699999,9917.13,598.3576,5.256374
20.15,23266.41,555.6178,1.4762509
159.65,21142.74,4402.2026,20.590199
136.4,11995.561,3761.105,31.511932
-3.1,11100.33,-85.47966,-1.7984997
-3.1,14723.88,-85.47966,-1.6019888
12.4,13001.28,341.91864,1.7269962
-1.55,9349.89,-42.73983,-1.4739954
144.15,10065.03,3974.8042,39.949493
-21.699999,9686.58,-598.3576,-7.4052815
7522.15,13785.15,207416.4,1559.1971
-51.149998,13180.5,-1410.4144,-12.095905
113.149994,26203.53,3120.0076,11.346497
62.0,16051.5,1709.5933,10.043965
162.75,22772.25,4487.682,19.434502
40.3,9091.5,1111.2356,11.67414
17.05,8780.04,470.13812,4.55235
52.699997,25686.75,1453.1542,4.866113
114.7,22961.041,3162.7476,13.283046
111.6,15604.32,3077.2678,19.448822
328.59998,25952.97,9060.844,35.20174
131.75,29379.9,3632.8857,11.821809
-9.299999,17112.9,-256.43896,-2.553847
6285.25,31153.83,173310.02,575.84625
71.299995,12010.35,1966.0321,15.973948
148.79999,20788.65,4103.0234,19.465652
34.1,20292.75,940.27625,3.8046575
12.4,9382.08,341.91864,2.7789533
7.75,10753.2,213.69916,1.0606914
240.25,21419.4,6624.674,31.070454
178.25,18743.28,4915.0806,26.191486
44.949997,23853.66,1239.4551,4.387951
3371.25,30757.11,92959.13,312.3967
-10.849999,17944.62,-299.1788,-2.7287989
105.399994,15676.53,2906.3083,18.223816
224.75,18496.2,6197.276,33.742912
18.599998,4320.42,512.8779,11.309373
142.59999,14802.18,3932.0642,26.545002
-27.9,25284.81,-769.31696,-4.1549573
0.0,15411.18,0.0,-1.0
2683.0498,11975.55,73982.64,639.5931
96.1,9020.16,2649.8696,29.461979
3.1,7914.39,85.47966,0.11993599
27.9,20449.35,769.31696,2.9009798
29.449999,10143.33,812.05676,7.301445
190.65,27264.93,5256.999,18.993158
8976.05,57377.37,247506.36,446.29456
-3.1,12246.99,-85.47966,-1.7237378
1692.6,9222.87,46671.895,523.7316
26.349998,13957.41,726.5771,4.3978987
120.899994,14594.25,3333.7068,22.686096
-3.1,12956.91,-85.47966,-1.6840837
119.35,13864.32,3290.967,23.61347
120.899994,19811.64,3333.7068,16.448368
44.949997,23449.11,1239.4551,4.4809055
23.25,22314.63,641.0975,1.9790804
9.299999,11896.38,256.43896,1.2352035
21.699999,8629.53,598.3576,6.189878
105.399994,18665.85,2906.3083,15.14514
43.399998,19673.31,1196.7152,5.3075576
54.25,25374.42,1495.8942,5.112975
34.1,18642.36,940.27625,4.2300096
184.45,20055.24,5086.04,25.296612
46.5,18451.83,1282.195,6.2054734
54.25,14486.37,1495.8942,9.707526
145.7,37827.6,4017.5442,10.01285
1337.6499,16654.41,36884.473,228.64777
283.65,4986.84,7821.389,161.63213
427.8,24664.5,11796.193,48.592663
2971.3499,10554.84,81932.26,803.9171
74.399994,15921.0,2051.5117,12.361386
227.84999,17592.27,6282.755,36.03191
165.84999,22844.46,4573.1616,19.757904
72.85,16965.0,2008.7721,11.277916
85.25,23253.36,2350.6907,9.4823265
-3.1,22115.4,-85.47966,-1.400789
41.85,32507.55,1153.9755,2.6809523
291.4,23962.41,8035.0884,33.770267
124.0,11401.35,3419.1865,30.096708
17818.799,29241.57,491337.06,1741.3152
13.95,10171.17,384.65848,2.9215007
32.55,13868.67,897.53644,5.710659
155.0,22852.291,4273.9834,18.393267
195.29999,15801.811,5385.2188,34.338196
74.399994,19410.57,2051.5117,9.95932
89.899994,43015.41,2478.9102,4.975642
85.25,13398.87,2350.6907,17.19178
23.25,13514.58,641.0975,3.9189157
-10.849999,15305.04,-299.1788,-3.0269556
18.599998,19596.75,512.8779,1.7138002
12710.0,27034.38,350466.62,1343.244
106.95,22418.16,2949.0483,12.640486
106.95,19852.53,2949.0483,14.403305
-60.449997,17090.28,-1666.8534,-11.113376
41.85,16801.44,1153.9755,6.1219344
85.25,21479.43,2350.6907,10.348034
145.7,12102.57,4017.5442,33.42159
-17.05,20136.15,-470.13812,-3.4210117
7123.8,48661.71,196432.27,417.57507
72.85,11104.68,2008.7721,17.757395
855.6,26529.78,23592.387,91.21172
38.75,15169.32,1068.4958,6.3038964
192.2,13262.28,5299.7393,40.436607
139.5,14828.28,3846.585,25.898771
6.2,20921.76,170.95932,-0.15268975
40.3,8306.76,1111.2356,12.871467
106.95,8994.93,2949.0483,32.996326
75.95,16416.9,2094.2517,12.227738
434.0,18531.0,11967.153,65.96377
0.0,15213.69,0.0,-1.0
93.0,8598.21,2564.39,29.92601
106.95,10181.61,2949.0483,29.03401
30928.7,48769.59,852830.56,1812.266
40.3,11615.37,1111.2356,8.920213
93.0,20472.84,2564.39,11.988346
13.95,12161.73,384.65848,2.2796524
736.25,17358.24,20301.42,120.274254
128.65,22112.791,3547.406,15.63471
410.75,38808.09,11326.056,29.262465
148.79999,27847.83,4103.0234,14.277789
144.15,18113.4,3974.8042,21.754309
37.199997,9803.16,1025.7559,9.849901
1385.7,43929.78,38209.41,89.19016
93.0,22724.4,2564.39,10.701446
252.65,22272.871,6966.5923,31.433369
10.849999,10653.15,299.1788,1.9120622
46.5,18371.791,1282.195,6.2368646
82.149994,19239.18,2265.211,11.208715
-13.95,9175.89,-384.65848,-5.3468537
32.55,10115.49,897.53644,8.200534
21.699999,11240.4,598.3576,4.5198455
13.95,15468.6,384.65848,1.5785301
37.199997,11793.72,1025.7559,8.0186405
93.0,16955.43,2564.39,14.682782
44.949997,7997.91,1239.4551,15.069492
900.55,56660.492,24831.842,44.443993
3902.9,24941.16,107618.9,446.4245
60.449997,12920.37,1666.8534,12.3773575
119.35,20924.37,3290.967,15.308689
-13.95,10953.3,-384.65848,-4.6414824
105.399994,20271.87,2906.3083,13.866056
108.5,20440.65,2991.7883,14.176933
15.5,13924.35,427.39832,2.1827738
2171.55,17752.35,59878.508,348.75427
232.5,24985.53,6410.9746,25.606232
114.7,13906.95,3162.7476,22.581993
38.75,12486.24,1068.4958,7.8733788
6914.55,13628.55,190662.39,1449.6521
206.15,17239.92,5684.3975,33.189842
1412.0499,42973.65,38935.984,92.950005
35.649998,16012.35,983.01605,5.3658066
51.149998,18525.78,1410.4144,6.894382
189.09999,17675.791,5214.2593,29.588743
10.849999,13985.25,299.1788,1.2182398
141.05,19317.48,3889.3247,19.877169
119.35,15365.07,3290.967,21.209402
72.85,14129.67,2008.7721,13.741665
144.15,22905.36,3974.8042,16.99395
38.75,14218.41,1068.4958,6.7923717
93.0,20171.82,2564.39,12.182167
-1.55,8690.43,-42.73983,-1.5099639
46.5,12235.68,1282.195,9.866103
-4.6499996,13496.311,-128.21948,-1.9851148
116.25,11054.22,3205.4873,29.068645
96.1,15660.87,2649.8696,16.545126
18.599998,29751.39,512.8779,0.7875353
134.84999,18912.93,3718.3652,19.386427
68.2,18419.64,1880.5525,9.586495
68.2,14856.99,1880.5525,12.125096
193.75,25132.56,5342.479,21.04215
134.84999,15488.61,3718.3652,23.893587
80.6,11276.94,2222.4712,19.435852
12215.55,24970.74,336832.62,1397.7195
37.199997,15994.08,1025.7559,5.6501684
20.15,10199.01,555.6178,4.6489277
150.34999,18143.85,4145.7637,22.69316
178.25,22131.06,4915.0806,22.029064
23961.45,28109.7,660715.06,2436.2827
17.05,13481.5205,470.13812,2.6160502
1.55,17535.72,42.73983,-0.74726987
162.75,29180.67,4487.682,14.946842
89.899994,19079.97,2478.9102,12.471966
32.55,9931.92,897.53644,8.370586
54.25,14169.69,1495.8942,9.94683
124.0,20303.19,3419.1865,16.4625
903.64996,17959.41,24917.32,142.86566
38.75,13543.29,1068.4958,7.1808147
17.05,12517.561,470.13812,2.8945174
38.75,22257.21,1068.4958,3.977944
85.25,18766.77,2350.6907,11.988346
0.0,10884.57,0.0,-1.0
127.1,21327.18,3504.6663,16.039667
60832.848,71109.45,1677410.1,2445.0188
159.65,18814.62,4402.2026,23.261768
-23.25,9893.64,-641.0975,-7.7191734
7367.15,17219.041,203142.42,1222.3185
282.1,20983.53,7778.6494,37.43913
17.05,15588.66,470.13812,2.127264
337.9,11282.16,9317.283,84.63374
37.199997,21889.2,1025.7559,3.859169
-35.649998,18155.16,-983.01605,-6.614465
327.05,19457.55,9018.1045,47.059025
144.15,23643.99,3974.8042,16.431824
32.55,26140.89,897.53644,2.5602427
108.5,13073.49,2991.7883,22.729424
120.899994,16036.71,3333.7068,20.555595
24.8,15339.84,683.8373,3.622531
71.299995,11045.5205,1966.0321,17.456625
5843.5,14830.89,161129.17,1125.5613
7.75,8910.54,213.69916,1.4868333
-23.25,22325.07,-641.0975,-3.9776876
31.0,13755.57,854.79663,5.443652
756.39996,29694.84,20857.037,71.83154
182.9,20676.42,5043.3,24.292242
-20.15,18197.791,-555.6178,-4.1659594
156.54999,31877.67,4316.7227,13.041564
24.8,19296.6,683.8373,2.674683
15.5,15241.53,427.39832,1.9077168
-3.1,13980.03,-85.47966,-1.6340194
10.849999,11322.18,299.1788,1.7399879
13.95,19835.13,384.65848,1.0108893
69.75,17138.13,1923.2925,10.636698
210.79999,41422.44,5812.6167,13.5507
111.6,27160.53,3077.2678,10.748298
139.5,14178.39,3846.585,27.131721
7.75,6088.2603,213.69916,2.639632
15.5,17438.28,427.39832,1.5414236
187.54999,15040.561,5171.5195,34.65349
-7.75,25025.55,-213.69916,-1.8854561
147.25,15049.26,4060.284,26.976229
91.45,9110.64,2521.65,27.700127
108.5,20291.88,2991.7883,14.288203
26.349998,16216.8,726.5771,3.6458416
99.2,19280.07,2735.349,13.711332
63.55,18983.4,1752.3331,8.5717325
-4.6499996,15001.41,-128.21948,-1.8862777
142.59999,14262.78,3932.0642,27.586716
182.9,18458.791,5043.3,27.330837
173.59999,10242.51,4786.861,47.46099
353.4,16299.45,9744.682,60.992992
-27.9,10226.85,-769.31696,-8.8003
7.75,12268.74,213.69916,0.8061372
93.0,12388.8,2564.39,20.463606
176.7,39465.81,4872.341,11.801608
72.85,19965.63,2008.7721,9.432671
60.449997,14008.74,1666.8534,11.338041
255.74998,28660.41,7052.072,24.514214
108.5,28395.93,2991.7883,9.925031
7.75,6296.19,213.69916,2.5194342
-4.6499996,15441.63,-128.21948,-1.8610111
15.5,18132.541,427.39832,1.4441171
27.9,12534.96,769.31696,5.364001
175.15,12628.92,4829.601,38.65454
271.25,20523.3,7479.4707,36.78953
89.899994,19453.2,2478.9102,12.213493
26.349998,8671.29,726.5771,7.6885204
137.95,12846.42,3803.845,29.70355
-13.95,18930.33,-384.65848,-3.1070023
79.049995,19078.23,2179.7312,10.847118
41.85,8560.8,1153.9755,12.977519
27.9,14106.18,769.31696,4.655145
243.34999,26542.83,6710.1533,25.21399
114.7,14455.92,3162.7476,21.686457
63.55,15165.84,1752.3331,10.981138
463.44998,23588.31,12779.209,55.176544
20.15,11928.57,555.6178,3.8298721
85.25,14599.47,2350.6907,15.695763
31.0,17553.12,854.79663,4.049593
-27.9,18231.72,-769.31696,-5.3754783
-20.15,20816.49,-555.6178,-3.7676842
362.69998,21174.06,10001.12,47.97702
-27.9,5347.02,-769.31696,-15.919057
-13.95,20599.86,-384.65848,-2.9362388
49.6,15103.2,1367.6746,8.3899145
66.65,25252.621,1837.8129,6.54645
13626.05,32571.06,375725.84,1195.1539
99.2,19176.541,2735.349,13.790756
193.75,18484.02,5342.479,28.97052
93.0,13011.72,2564.39,19.436064
60.449997,18783.3,1666.8534,8.201813
150.34999,17066.791,4145.7637,24.188398
124.0,21367.2,3419.1865,15.59293
54.25,15097.98,1495.8942,9.273771
58.899998,17967.24,1624.1135,8.373093
195.29999,18495.33,5385.2188,29.191809
215.45,22055.371,5940.8364,26.930653
44.949997,19735.08,1239.4551,5.5123806
46.5,19685.49,1282.195,5.7539167
75.95,14932.68,2094.2517,13.542499
105.399994,17674.05,2906.3083,16.051142
66.65,15966.24,1837.8129,10.935661
28239.45,40691.64,778677.0,1983.2666
77.5,16624.83,2136.9917,12.328876
99.2,11804.16,2735.349,23.028439
144.15,17203.38,3974.8042,22.957958
289.85,27222.3,7992.3486,29.443703
223.2,25913.82,6154.5356,23.627012
85.25,13184.85,2350.6907,17.487074
3.1,11726.73,85.47966,-0.24415332
82.149994,17266.89,2265.211,12.603241
7.75,11534.46,213.69916,0.9211154
117.799995,12257.43,3248.227,26.478617
66.65,21208.86,1837.8129,7.985285
44.949997,16269.0,1239.4551,6.899831
500.65,20275.35,13804.966,69.60165
18.599998,15846.18,512.8779,2.3561187
103.85,23088.06,2863.5686,11.860802
29.449999,5829.87,812.05676,13.443599
54.25,19305.3,1495.8942,7.034746
48.05,18762.42,1324.9348,6.322402
35.649998,11363.94,983.01605,7.969733
150.34999,20695.56,4145.7637,19.771852
58.899998,12624.57,1624.1135,12.339748
77.5,25351.8,2136.9917,7.740613
602.94995,15385.95,16625.793,111.04846
209.25,40567.23,5769.8774,13.748203
35205.15,85328.73,970749.75,1178.6683
63.55,27668.61,1752.3331,5.567154
-23.25,14064.42,-641.0975,-5.726614
29.449999,24616.65,812.05676,2.4206238
58.899998,7720.38,1624.1135,20.813513
80.6,16921.5,2222.4712,12.618999
63.55,17272.98,1752.3331,9.519552
159.65,14569.0205,4402.2026,30.331959
119.35,21709.98,3290.967,14.718533
9.299999,21468.99,256.43896,0.23856926
71.299995,22206.75,1966.0321,8.180228
156.54999,28722.18,4316.7227,14.584205
224.75,18555.36,6197.276,33.63214
137.95,18939.03,3803.845,19.826342
77.5,18805.92,2136.9917,10.783007
6500.6997,15167.58,179250.84,1224.4421
137.95,14871.78,3803.845,25.52209
55.8,20744.28,1538.6339,6.691036
-1.55,3972.42,-42.73983,-2.1156437
63.55,23331.66,1752.3331,6.7878737
82.149994,28026.18,2265.211,7.3809385
69.75,11624.94,1923.2925,16.155464
38.75,11912.91,1068.4958,8.3004265
88.35,8767.86,2436.1704,27.811237
285.19998,17757.57,7864.1284,44.92138
-18.599998,6980.0103,-512.8779,-8.619138
29.449999,15971.46,812.05676,4.272173
48.05,21426.36,1324.9348,5.4120073
902.1,16275.09,24874.582,157.48213
17.05,9641.34,470.13812,4.0563364
754.85,16962.39,20814.297,126.23968
965.64996,34665.15,26626.914,78.64815
9.299999,11195.16,256.43896,1.3752077
215.45,12640.23,5940.8364,47.734943
9.299999,25972.11,256.43896,0.023822546
93.0,12843.811,2564.39,19.703228
265.05,24416.55,7308.5107,30.037909
156.54999,27894.81,4316.7227,15.046436
52.699997,14758.68,1453.1542,9.209679
74.399994,17481.78,2051.5117,11.168478
9813.05,24611.43,270585.88,1139.0297
122.45,17751.48,3376.4465,18.72301
12.4,13623.33,341.91864,1.6024799
41.85,10979.4,1153.9755,9.898478
51.149998,19130.43,1410.4144,6.6448665
181.34999,19867.32,5000.56,25.099201
178.25,18289.14,4915.0806,26.866678
102.299995,15272.85,2820.8289,18.151577
-6.2,17997.69,-170.95932,-1.984972
35.649998,10774.95,983.01605,8.460045
35.649998,21522.06,983.01605,3.7361412
4770.9,17261.67,131553.2,789.2536
181.34999,17729.73,5000.56,28.245861
9.299999,14225.37,256.43896,0.8692541
4504.3,19096.5,124201.945,673.40765
85.25,19481.041,2350.6907,11.512129
9.299999,19494.96,256.43896,0.36398482
265.05,16462.14,7308.5107,45.035244
65.1,17303.43,1795.0729,9.757163
55.8,16263.78,1538.6339,8.8098345
74.399994,15963.63,2051.5117,12.3257065
69.75,18656.28,1923.2925,9.689765
43.399998,16797.96,1196.7152,6.387238
156.54999,23556.121,4316.7227,18.001953
176.7,12276.57,4872.341,40.153664
106.95,16758.81,2949.0483,17.246796
-3.1,13578.09,-85.47966,-1.6527877
9.299999,10529.61,256.43896,1.5253384
124.0,37108.11,3419.1865,8.554365
23.25,7863.06,641.0975,7.4543524
22643.95,30573.541,624386.2,2116.656
94.549995,22349.43,2607.1296,11.096064
-13.95,26250.51,-384.65848,-2.5194466
15.5,30831.93,427.39832,0.43740773
62.0,37557.9,1709.5933,3.7199717
-29.449999,26605.47,-812.05676,-4.1649246
86.799995,18764.16,2393.4304,12.2263365
249.54999,23285.55,6881.113,29.642208
43.399998,11631.03,1196.7152,9.668921
19094.45,25999.95,526512.0,2098.8276
89.899994,10462.62,2478.9102,23.56791
144.15,24072.03,3974.8042,16.121859
155.0,13465.86,4273.9834,31.911419
-23.25,11448.33,-641.0975,-6.8067055
63.55,19731.6,1752.3331,8.208783
60.449997,17562.69,1666.8534,8.841341
150.34999,17708.85,4145.7637,23.275158
415.4,14432.43,11454.274,81.29549
158.09999,17334.75,4359.4624,25.077337
63.55,13859.1,1752.3331,12.110809
-12.4,18718.92,-341.91864,-2.894043
142.59999,12033.84,3932.0642,32.881626
133.3,17591.4,3675.6257,20.666
94.549995,20751.24,2607.1296,12.027661
97.649994,21008.76,2692.6094,12.289873
62.0,16501.291,1709.5933,9.74293
3301.5,17203.38,91035.84,547.71454
105.399994,17072.88,2906.3083,16.651546
105.399994,22627.83,2906.3083,12.3182335
43.399998,27740.82,1196.7152,3.4732108
179.79999,21438.541,4957.8203,22.979683
15.5,10068.51,427.39832,3.40165
34.1,7223.61,940.27625,12.497367
155.0,26806.44,4273.9834,15.532616
703.69995,21185.37,19403.883,93.97307
354.94998,10325.16,9787.421,97.29227
-21.699999,11667.57,-598.3576,-6.3177543
65.1,14391.54,1795.0729,11.933697
31.0,11055.96,854.79663,7.017043
246.45,12524.5205,6795.6333,55.262203
49.6,14709.09,1367.6746,8.641505
15.5,6156.99,427.39832,6.198006
156.54999,18667.59,4316.7227,22.978046
93.0,21350.67,2564.39,11.454332
29.449999,30513.51,812.05676,1.7595744
75.95,14282.79,2094.2517,14.204205
12.4,11830.26,341.91864,1.9969285
82.149994,16643.1,2265.211,13.113096
106.95,15019.68,2949.0483,19.359594
468.09998,35876.19,12907.429,36.30622
26.349998,16969.35,726.5771,3.4398098
-6.2,12097.35,-170.95932,-2.4653807
131.75,16515.21,3632.8857,21.809484
18.599998,16994.58,512.8779,2.1293306
37.199997,14716.92,1025.7559,6.2272816
8934.2,21161.01,246352.39,1206.1696
224.75,18564.06,6197.276,33.615906
472.75,18608.43,13035.648,71.63916
48.05,18560.58,1324.9348,6.40203
257.3,43857.57,7094.812,15.774292
137.95,22789.65,3803.845,16.307447
-1.55,6914.7603,-42.73983,-1.6409196
150.34999,22636.53,4145.7637,17.99077
358.05,19305.3,9872.901,52.029324
4.6499996,19419.27,128.21948,-0.3153494
17.05,10620.09,470.13812,3.5903435
75.95,10268.61,2094.2517,20.147795
4078.0498,17052.0,112448.49,682.7954
60.449997,8746.11,1666.8534,18.761974
31.0,22343.34,854.79663,2.9670036
17.05,18450.09,470.13812,1.6422558
32.55,12824.67,897.53644,6.256944
68.2,18943.38,1880.5525,9.293803
155.0,24440.041,4273.9834,17.13338
331.69998,26368.83,9146.323,34.966946
119.35,16695.3,3290.967,19.439823
38.75,13579.83,1068.4958,7.158802
15.5,20098.74,427.39832,1.2050166
-40.3,7519.41,-1111.2356,-16.323933
14464.6,24313.89,398848.1,1699.9868
198.4,11909.43,5470.698,46.632095
108.5,17670.57,2991.7883,16.556105
38.75,11697.15,1068.4958,8.471977
80.6,13774.71,2222.4712,15.730217
311.55,23714.46,8590.706,36.56328
124.0,19480.17,3419.1865,17.200274
89.899994,24721.92,2478.9102,9.397441
52.699997,10936.7705,1453.1542,12.777502
20.15,14092.26,555.6178,3.088306
12.4,14495.07,341.91864,1.4459655
265.05,17308.65,7308.5107,42.78381
69.75,7854.36,1923.2925,24.391153
19193.648,35875.32,529247.3,1528.7158
65.1,14560.32,1795.0729,11.783772
125.549995,13625.07,3461.9263,25.346745
220.09999,18686.73,6069.0557,32.677177
74.399994,20484.15,2051.5117,9.384938
451.05,15743.5205,12437.291,80.91659
116.25,23171.58,3205.4873,13.344529
249.54999,21036.6,6881.113,32.91806
9.299999,19023.42,256.43896,0.39779437
-3.1,12628.05,-85.47966,-1.7018986
316.19998,40783.86,8718.925,21.167795
133.3,13869.54,3675.6257,26.480024
65.1,35656.95,1795.0729,4.2201834
103.85,24661.89,2863.5686,11.040072
4887.15,14822.19,134758.69,941.7407
49.6,19992.6,1367.6746,6.093513
142.59999,10881.09,3932.0642,36.47107
313.09998,17217.3,8633.445,50.995644
2678.4,12171.3,73854.43,628.1982
590.55,7073.97,16283.876,237.69452
83.7,11736.3,2307.951,19.391222
69.75,17659.26,1923.2925,10.293297
136.4,29359.89,3761.105,12.283389
60.449997,14875.26,1666.8534,10.61932
51.149998,14462.88,1410.4144,9.112065
74.399994,14310.63,2051.5117,13.86494
82.149994,22705.26,2265.211,9.34499
359.59998,12316.59,9915.641,82.47918
74.399994,20679.03,2051.5117,9.28707
156.54999,19856.01,4316.7227,21.542913
34.1,10114.62,940.27625,8.639483
1.55,18182.13,42.73983,-0.7562549
66.65,25639.77,1837.8129,6.4325023
217.0,25350.06,5983.5767,23.475397
1.55,17691.45,42.73983,-0.7494945
89.899994,25888.59,2478.9102,8.92888
88.35,25658.041,2436.1704,8.84537
199.95,23835.39,5513.4385,22.985464
0.0,21945.75,0.0,-1.0
-4.6499996,13980.9,-128.21948,-1.9509699
60.449997,14727.36,1666.8534,10.736007
12.4,20012.61,341.91864,0.77160525
77.5,30793.65,2136.9917,6.195973
7.75,10135.5,213.69916,1.1862786
-12.4,17496.57,-341.91864,-3.0263653
66.65,20644.23,1837.8129,8.231036
91.45,19549.77,2521.65,12.374914
21.699999,26420.16,598.3576,1.3484063
10.849999,15587.79,299.1788,0.9901881
55.8,16214.19,1538.6339,8.839837
106.95,19840.35,2949.0483,14.412762
128.65,17161.62,3547.406,20.433867
251.09999,14581.2,6923.8525,48.238228
244.9,42964.082,6752.893,15.297922
83.7,15543.42,2307.951,14.396708
15.5,10577.46,427.39832,3.189858
31.0,23526.541,854.79663,2.7674942
96.1,15881.85,2649.8696,16.301004
155.0,32337.03,4273.9834,12.7050495
9.299999,15063.18,256.43896,0.76528656
68.2,16628.31,1880.5525,10.7269535
96.1,21989.25,2649.8696,11.495739
156.54999,20597.25,4316.7227,20.731653
162.75,17038.95,4487.682,26.310345
40.3,48847.02,1111.2356,1.3589349
77.5,19461.9,2136.9917,10.38585
235.59999,20474.58,6496.454,31.901012
114.7,41104.89,3162.7476,6.978457
110.049995,12748.11,3034.5278,23.68273
-15.5,13957.41,-427.39832,-4.175235
51.149998,13255.32,1410.4144,10.033274
-1.55,19391.43,-42.73983,-1.2285445
77.5,11040.3,2136.9917,19.07104
106.95,18055.11,2949.0483,15.936733
161.2,15653.91,4444.9424,28.443617
69.75,18222.15,1923.2925,9.944441
153.45,19490.61,4231.243,21.510775
66.65,14993.58,1837.8129,11.7099495
159.65,18371.791,4402.2026,23.846567
49.6,16607.43,1367.6746,7.5394173
119.35,17895.03,3290.967,18.069487
164.29999,13329.2705,4530.422,34.24359
4.6499996,18214.32,128.21948,-0.27005702
60.449997,20774.73,1666.8534,7.319742
148.79999,18845.07,4103.0234,21.57637
35.649998,24520.95,983.01605,3.1569157
111.6,20740.8,3077.2678,14.384651
186.0,10404.33,5128.78,50.114933
156.54999,24119.88,4316.7227,17.557816
-23.25,16492.59,-641.0975,-5.0307245
29.449999,16392.541,812.05676,4.136745
82.149994,10552.23,2265.211,21.259338
3907.5498,23884.98,107747.11,466.76596
60.449997,27437.19,1666.8534,5.299494
102.299995,21158.4,2820.8289,12.824257
12.4,17617.5,341.91864,1.0124559
9.299999,7207.95,256.43896,2.6890972
88.35,21385.47,2436.1704,10.812362
147.25,22268.52,4060.284,17.906578
34.1,17902.86,940.27625,4.4460416
68.2,18310.89,1880.5525,9.649369
3814.5498,12047.76,105182.72,904.2863
54.25,15294.6,1495.8942,9.141697
130.2,20773.86,3590.1458,16.920197
189.09999,19474.95,5214.2593,26.762857
322.4,36701.82,8889.885,24.116343
63.55,19312.26,1752.3331,8.408739
-10.849999,16156.7705,-299.1788,-2.9201014
116.25,20606.82,3205.4873,15.129873
35.649998,8738.28,983.01605,10.664941
13.95,18647.58,384.65848,1.1389503
31.0,10635.75,854.79663,7.333791
74.399994,20486.76,2051.5117,9.3836155
314.65,19257.45,8676.186,45.717323
-12.4,19923.0,-341.91864,-2.7795734
238.7,19066.92,6581.934,34.794876
227.84999,18784.17,6282.755,33.682148
153.45,14308.0205,4231.243,29.664528
41.85,13125.69,1153.9755,8.116377
282.1,17532.24,7778.6494,45.00602
120.899994,22506.03,3333.7068,14.359476
99.2,17254.71,2735.349,15.43815
65.1,20612.91,1795.0729,8.03006
390.59998,24902.88,10770.4375,43.846817
38.75,21187.11,1068.4958,4.229366
175.15,18484.89,4829.601,26.092073
27.9,10088.5205,769.31696,6.9072547
26.349998,25313.52,726.5771,1.9763024
-3.1,16244.64,-85.47966,-1.5456328
51.149998,9541.29,1410.4144,14.328073
97.649994,21915.3,2692.6094,11.7401285
83.7,13216.17,2307.951,17.107931
35.649998,11726.73,983.01605,7.692237
449.5,10440.87,12394.552,122.09545
-1.55,13436.28,-42.73983,-1.3298388
4718.1997,10219.89,130100.04,1319.0157
128.65,14730.84,3547.406,23.970732
105.399994,16615.26,2906.3083,17.13771
29.449999,10647.06,812.05676,6.908691
89.899994,21200.16,2478.9102,11.124659
261.94998,24744.541,7223.0312,29.268295
161.2,18498.81,4444.9424,23.915535
232.5,18329.16,6410.9746,35.268482
31.0,17159.88,854.79663,4.1653104
66.65,22640.01,1837.8129,7.4172955
248.0,11085.54,6838.373,62.96521
178.25,10854.12,4915.0806,45.95522
-17.05,11814.6,-470.13812,-5.126239
198.4,19527.15,5470.698,28.050377
235.59999,22191.09,6496.454,29.356075
26.349998,16648.32,726.5771,3.5254226
124.0,20533.74,3419.1865,16.266432
10.849999,16383.84,299.1788,0.89348996
120.899994,10310.37,3333.7068,32.52749
131.75,30276.0,3632.8857,11.442313
1.55,8217.15,42.73983,-0.46066397
46.5,14285.4,1282.195,8.306995
75.95,25985.16,2094.2517,7.3570185
49.6,15157.14,1367.6746,8.3565
71.299995,13136.13,1966.0321,14.519262
141.05,21145.35,3889.3247,18.072483
282.1,20891.31,7778.6494,37.608807
103.85,15332.88,2863.5686,18.365635
51.149998,11807.64,1410.4144,11.386013
365.8,22059.72,10086.6,46.412476
69.75,17722.77,1923.2925,10.252827
71.299995,21164.49,1966.0321,8.632315
224.75,16025.4,6197.276,39.09958
-4.6499996,15385.08,-128.21948,-1.8641758
378.19998,15576.48,10428.519,68.422646
5181.65,20826.06,142879.25,710.39355
141.05,22171.08,3889.3247,17.190105
141.05,11041.17,3889.3247,35.52641
40.3,13656.39,1111.2356,7.437585
3.1,9466.47,85.47966,-0.06368363
69.75,10936.7705,1923.2925,17.23493
1.55,14766.51,42.73983,-0.6998745
82.149994,24681.03,2265.211,8.51685
128.65,17509.62,3547.406,20.007874
-15.5,6925.2,-427.39832,-7.399534
2686.15,18663.24,74068.125,410.52118
34.1,18469.23,940.27625,4.279035
96.1,13906.08,2649.8696,18.759123
31.0,26731.621,854.79663,2.3157773
58.899998,15543.42,1624.1135,9.83472
60.449997,8691.3,1666.8534,18.8866
444.84998,39187.41,12266.331,31.45757
46.5,12612.39,1282.195,9.541553
959.44995,10889.79,26455.955,250.91371
156.54999,21453.33,4316.7227,19.864468
83.7,26842.11,2307.951,7.9157486
218.54999,24636.66,6026.316,24.364012
105.399994,8462.49,2906.3083,34.61159
145.7,9323.79,4017.5442,43.680298
18.599998,19851.66,512.8779,1.6789527
66.65,17233.83,1837.8129,10.057765
124.0,19633.291,3419.1865,17.05833
144.15,10393.0205,3974.8042,38.65718
158.09999,17752.35,4359.4624,24.463903
-3.1,7958.7603,-85.47966,-2.1136923
-6.2,8441.61,-170.95932,-3.099981
1063.2999,10191.18,29319.523,297.3186
-31.0,22180.65,-854.79663,-4.9961004
96.1,27358.02,2649.8696,9.043561
60.449997,17116.38,1666.8534,9.097953
12.4,12562.8,341.91864,1.8221769
21148.2,28241.07,583142.25,2140.121
203.04999,27097.89,5598.9175,20.424784
83.7,16296.84,2307.951,13.684901
23.25,7845.66,641.0975,7.4731026
43.399998,16295.97,1196.7152,6.6147995
13.95,18280.44,384.65848,1.1819086
136.4,26134.8,3761.105,13.922587
116.25,16729.23,3205.4873,18.86854
62.0,21552.51,1709.5933,7.225131
32.55,27967.02,897.53644,2.3277738
399.9,22031.88,11026.877,50.897785
5347.5,18341.34,147452.42,832.62115
127.1,20138.76,3504.6663,17.045206
114.7,15048.39,3162.7476,20.79327
266.6,22171.08,7351.2515,33.3813
-17.05,18461.4,-470.13812,-3.6406372
102.299995,26960.43,2820.8289,9.849202
9.299999,11403.09,256.43896,1.331897
190.65,24226.02,5256.999,21.501099
32.55,28281.09,897.53644,2.2908175
89.899994,7548.12,2478.9102,33.054134
1402.75,12539.311,38679.547,318.8568
20.15,7218.39,555.6178,6.9814844
300.69998,38186.91,8291.527,21.51479
41.85,4942.47,1153.9755,23.210314
57.35,18096.0,1581.3738,8.061495
57.35,17450.46,1581.3738,8.396704
175.15,16657.02,4829.601,29.065044
331.69998,21837.0,9146.323,42.431164
93.0,26359.26,2564.39,9.0878525
12.4,28835.28,341.91864,0.22955084
320.84998,17195.55,8847.145,52.350056
148.79999,21434.19,4103.0234,18.849281
54.25,27251.88,1495.8942,4.6918344
-6.2,16302.93,-170.95932,-2.0873642
46.5,22873.17,1282.195,4.812669
58.899998,14488.11,1624.1135,10.623918
57.35,12534.96,1581.3738,12.081557
175.15,18116.88,4829.601,26.642397
582.8,15945.36,16070.177,103.50431
63.55,10767.12,1752.3331,15.875824
-57.35,18577.11,-1581.3738,-9.82682
35.649998,16831.02,983.01605,5.05617
-3.1,13925.22,-85.47966,-1.6365149
128.65,20893.92,3547.406,16.605114
128.65,21523.8,3547.406,16.08991
80.6,18640.62,2222.4712,11.362995
158.09999,36350.34,4359.4624,11.4357605
189.09999,25180.41,5214.2593,20.472258
80.6,17869.8,2222.4712,11.8962755
844.75,15468.6,23293.209,155.14433
150.34999,29859.27,4145.7637,13.39704
167.4,20945.25,4615.902,21.85172
-15.5,10992.45,-427.39832,-5.031681
114.7,22645.23,3162.7476,13.482238
55.8,19712.46,1538.6339,7.093611
38.75,16182.87,1068.4958,5.846446
1326.7999,11948.58,36585.293,316.4959
-10.849999,16898.01,-299.1788,-2.835875
186.0,22438.17,5128.78,22.701427
128.65,26038.23,3547.406,13.126914
75.95,12742.0205,2094.2517,16.042702
159.65,11266.5,4402.2026,39.51622
15.5,13978.29,427.39832,2.170492
341.0,25271.76,9402.763,37.5805
6.2,5665.44,170.95932,2.1290104
24.8,11410.05,683.8373,5.214599
153.45,19700.28,4231.243,21.271193
63.55,16900.62,1752.3331,9.751324
51.149998,16889.31,1410.4144,7.659298
199.95,20042.19,5513.4385,27.524973
99.2,14239.29,2735.349,18.91922
-17.05,10728.84,-470.13812,-5.5438147
83.7,23883.24,2307.951,9.02031
35.649998,11238.66,983.01605,8.069721
116.25,22403.371,3205.4873,13.836401
72.85,19301.82,2008.7721,9.791462
29.449999,13952.19,812.05676,5.035203
37.199997,12087.78,1025.7559,7.799243
334.8,17709.72,9231.804,53.05336
156.54999,14505.51,4316.7227,29.85809
48.05,5837.7,1324.9348,22.534264
48.05,28621.26,1324.9348,3.800137
79.049995,44848.5,2179.7312,4.039679
80.6,13071.75,2222.4712,16.629917
93.0,18692.82,2564.39,13.225159
155.0,18784.17,4273.9834,22.593302
68.2,15804.42,1880.5525,11.3382845
-26.349998,15169.32,-726.5771,-5.966649
69.75,15398.13,1923.2925,11.951654
86.799995,21890.07,2393.4304,10.33761
100.75,13798.2,2778.089,19.87717
1.55,26142.63,42.73983,-0.8304759
71.299995,14171.43,1966.0321,13.385495
168.95,15715.68,4658.6416,29.737886
18.599998,16048.89,512.8779,2.313728
66.65,10052.85,1837.8129,17.95658
55.8,14935.29,1538.6339,9.682417
201.5,20101.35,5556.178,27.661495
110.049995,15831.39,3034.5278,18.875586
74.399994,18283.05,2051.5117,10.635182
274.35,26564.58,7564.9507,28.529156
38.75,13158.75,1068.4958,7.4198837
68.2,8132.7603,1880.5525,22.97703
127.1,10499.16,3504.6663,33.61306
54.25,17840.22,1495.8942,7.694578
114.7,21113.16,3162.7476,14.533137
54.25,16449.96,1495.8942,8.429397
196.84999,27692.97,5427.9585,19.324265
31.0,16784.041,854.79663,4.280976
46.5,13993.08,1282.195,8.501422
57.35,18062.07,1581.3738,8.078517
21.699999,11263.89,598.3576,4.5083346
116.25,10137.24,3205.4873,31.788551
57.35,29568.69,1581.3738,4.545623
170.5,21021.81,4701.3813,22.190132
23.25,14998.8,641.0975,3.43216
82.149994,11709.33,2265.211,19.059702
12772.0,28960.56,352176.22,1259.9589
3.1,9399.48,85.47966,-0.05701059
161.2,17576.61,4444.9424,25.22279
-38.75,11450.94,-1068.4958,-10.675637
-35.649998,5410.5303,-983.01605,-19.83947
32.55,21231.48,897.53644,3.3834863
79.049995,24723.66,2179.7312,8.141933
4053.2498,23694.45,111764.66,488.10913
91.45,32040.36,2521.65,7.1608486
41.85,15197.16,1153.9755,6.8737574
7.75,10576.59,213.69916,1.0951014
15.5,16242.9,427.39832,1.728457
209.25,22262.43,5769.8774,25.874592
12.4,19037.34,341.91864,0.86236334
74.399994,16472.58,2051.5117,11.913984
15.5,7852.62,427.39832,4.6437283
137.95,15586.05,3803.845,24.306648
40.3,26441.041,1111.2356,3.357882
52.699997,20819.1,1453.1542,6.237651
46.5,12622.83,1282.195,9.532833
46.5,15198.9,1282.195,7.747617
54.25,27749.52,1495.8942,4.5897617
48.05,22392.93,1324.9348,5.135239
161.2,9877.98,4444.9424,45.660122
204.59999,21426.36,5641.6577,26.302738
85.25,21536.85,2350.6907,10.317779
12.4,12345.3,341.91864,1.8718982
49.6,10711.44,1367.6746,12.239841
71.299995,8945.34,1966.0321,21.78986
119.35,18274.35,3290.967,17.673662
299.15,17943.75,8248.787,46.667763
108.5,16845.81,2991.7883,17.41564
54.25,14695.17,1495.8942,9.555387
44.949997,12155.64,1239.4551,9.573064
26.349998,21559.47,726.5771,2.4945517
37.199997,17995.95,1025.7559,4.9104033
89.899994,20691.21,2478.9102,11.422894
51.149998,18721.53,1410.4144,6.811839
3842.45,16543.05,105952.04,663.11237
60.449997,21094.89,1666.8534,7.193473
68.2,22553.88,1880.5525,7.645937
58.899998,16375.14,1624.1135,9.284407
306.9,28606.47,8462.486,29.67479
10.849999,24306.06,299.1788,0.27633333
238.7,23577.0,6581.934,27.94762
153.45,16298.58,4231.243,25.919445
31.0,5037.3,854.79663,16.595957
66.65,13948.71,1837.8129,12.662026
44.949997,21696.93,1239.4551,4.9235272
85.25,21345.45,2350.6907,10.419262
3713.7998,13121.34,102404.63,808.2623
265.05,54565.53,7308.5107,12.8885975
35343.098,47389.77,974553.56,2131.4016
128.65,14729.1,3547.406,23.973682
122.45,20445.87,3376.4465,16.12388
-10.849999,12526.26,-299.1788,-3.476608
116.25,17062.44,3205.4873,18.480532
6.2,21524.67,170.95932,-0.17642307
7596.55,14972.7,209467.9,1449.6587
182.9,22064.07,5043.3,22.701567
34.1,20404.98,940.27625,3.7782311
296.05,29583.48,8163.3076,27.613092
62.0,19944.75,1709.5933,7.8881645
-4.6499996,22286.791,-128.21948,-1.5965602
2145.2,9234.18,59151.926,663.2299
55.8,19261.8,1538.6339,7.2829742
-9.299999,16108.92,-256.43896,-2.6506898
63.55,16543.05,1752.3331,9.983707
58.899998,27917.43,1624.1135,5.032382
-7.75,15318.09,-213.69916,-2.446592
58.899998,21996.21,1624.1135,6.656255
187.54999,22506.03,5171.5195,22.82688
49.6,16611.78,1367.6746,7.537181
193.75,11950.32,5342.479,45.356556
27.9,21503.791,769.31696,2.7096946
54.25,18892.92,1495.8942,7.210123
13.95,10480.0205,384.65848,2.8059323
11728.85,33453.24,323412.3,1001.4582
-9.299999,21218.43,-256.43896,-2.253195
-26.349998,7707.33,-726.5771,-10.7752
230.95,19873.41,6368.235,32.22726
10.849999,12941.25,299.1788,1.3971901
18.599998,22400.76,512.8779,1.3741007
-3.1,14495.07,-85.47966,-1.6114914
190.65,28722.18,5256.999,17.978785
113.149994,21110.55,3120.0076,14.325123
41.85,11451.811,1153.9755,9.448894
1212.1,10776.69,33422.547,320.5896
120.899994,22205.88,3333.7068,14.567084
13.95,9996.3,384.65848,2.990101
23.25,18577.98,641.0975,2.5782728
221.65,14030.49,6111.796,44.169353
18.599998,18938.16,512.8779,1.8081746
49.6,12698.5205,1367.6746,10.168055
37.199997,16824.06,1025.7559,5.3220954
218.54999,21870.06,6026.316,27.572603
13.95,24441.78,384.65848,0.63188803
172.04999,30621.39,4744.121,15.064926
131.75,15253.71,3632.8857,23.69586
51.149998,20310.15,1410.4144,6.2008123
114.7,40093.082,3162.7476,7.179805
210.79999,21305.43,5812.6167,27.289759
1.55,15626.94,42.73983,-0.71639967
46.5,6334.47,1282.195,19.988995
184.45,17797.59,5086.04,28.632376
31.0,16102.83,854.79663,4.5043807
151.9,21326.31,4188.5034,19.365309
35.649998,19808.16,983.01605,4.1459355
1195.0499,10337.34,32952.41,329.54172
106.95,17126.82,2949.0483,16.85472
232.5,21411.57,6410.9746,30.04727
423.15,27654.69,11667.974,42.749645
32.55,25762.44,897.53644,2.6125424
7.75,18516.21,213.69916,0.19673657
213.9,22844.46,5898.0967,25.771877
20.15,15289.38,555.6178,2.7682018
-23.25,15025.7705,-641.0975,-5.4242043
176.7,18760.68,4872.341,25.930038
20.15,16071.51,555.6178,2.58482
-1.55,9083.67,-42.73983,-1.4878871
10.849999,9985.86,299.1788,2.1066563
111.6,19662.0,3077.2678,15.2287655
110.049995,17367.81,3034.5278,17.11732
113.149994,20480.67,3120.0076,14.796445
-15.5,7860.45,-427.39832,-6.6381063
151.9,22806.18,4188.5034,18.043827
46.5,14245.38,1282.195,8.333142
106.95,20190.96,2949.0483,14.145122
213.9,18485.76,5898.0967,32.08434
229.4,10765.38,6325.495,59.927456
100.75,16177.65,2778.089,16.806501
18.599998,8956.65,512.8779,4.9376726
62.0,8548.62,1709.5933,19.736938
127.1,18725.01,3504.6663,18.407629
65.1,19728.12,1795.0729,8.435052
128.65,18051.63,3547.406,19.377098
58.899998,15887.94,1624.1135,9.599775
31.0,12422.73,854.79663,6.134994
55.8,21727.38,1538.6339,6.3430386
52.699997,13731.21,1453.1542,9.973641
35.649998,20622.48,983.01605,3.942738
745.55,16243.7705,20557.86,130.23175
1.55,16962.39,42.73983,-0.73872757
26.349998,13076.1,726.5771,4.761709
26.349998,12115.62,726.5771,5.2184753
-40.3,16175.91,-1111.2356,-8.123367
99.2,46161.332,2735.349,5.1444397
79.049995,15298.95,2179.7312,13.773698
57.35,29587.83,1581.3738,4.5420356
249.54999,22996.71,6881.113,30.027075
-7.75,12805.53,-213.69916,-2.7304263
46.5,10065.03,1282.195,12.209515
27.9,14195.79,769.31696,4.6194477
5189.4,18974.7,143092.95,780.97205
168.95,17432.19,4658.6416,26.711193
100.75,18931.2,2778.089,14.216541
833.89996,9188.07,22994.03,258.50076
75.95,10079.82,2094.2517,20.543882
18.599998,8544.2705,512.8779,5.224248
215.45,21593.4,5940.8364,27.528206
131.75,28742.19,3632.8857,12.10629
-10.849999,17739.3,-299.1788,-2.7488084
54.25,13906.08,1495.8942,10.154344
193.75,10700.13,5342.479,50.7728
15.5,20501.55,427.39832,1.1616929
-4.6499996,16365.57,-128.21948,-1.8124015
35.649998,15365.94,983.01605,5.633601
767.25,8004.87,21156.217,273.05112
117.799995,19454.07,3248.227,16.313456
12.4,15452.07,341.91864,1.2944784
46.5,7264.5,1282.195,17.3019
28251.85,32750.28,779018.94,2465.4985
7.75,12039.061,213.69916,0.8405944
-40.3,8849.64,-1111.2356,-14.020524
-6.2,34220.582,-170.95932,-1.518028
218.54999,55029.242,6026.316,10.3555
32.55,11695.41,897.53644,6.957644
513.05,10169.43,14146.884,143.24875
96.1,20020.44,2649.8696,12.72457
359.59998,16176.78,9915.641,62.55893
-29.449999,14452.44,-812.05676,-6.826303
48.05,19467.99,1324.9348,6.0570183
26.349998,14234.94,726.5771,4.2926593
303.8,29853.18,8377.007,28.096863
24.8,24518.34,683.8373,1.8920753
105.399994,19047.78,2906.3083,14.821411
48.05,19711.59,1324.9348,5.9698067
209.25,11513.58,5769.8774,50.964184
176.7,11260.41,4872.341,43.867447
26.349998,11099.46,726.5771,5.7877793
49.6,18336.99,1367.6746,6.7339716
62.0,11767.62,1709.5933,14.064406
136.4,17092.89,3761.105,21.816437
12.4,8925.33,341.91864,2.9723396
503.74997,26976.09,13890.444,52.393085
25815.25,40750.8,711831.9,1810.2949
1147.0,22131.06,31627.477,147.18703
62.0,22180.65,1709.5933,6.992201
150.34999,26452.35,4145.7637,15.251301
136.4,18001.17,3761.105,20.665194
46.5,16857.99,1282.195,6.886715
217.0,8733.06,5983.5767,70.04644
-7.75,11399.61,-213.69916,-2.9438407
280.55,20505.03,7735.909,38.120003
141.05,16248.99,3889.3247,23.819653
58.899998,18338.73,1624.1135,8.18322
359.59998,47824.77,9915.641,20.498877
65.1,21015.72,1795.0729,7.8569803
96.1,21806.55,2649.8696,11.600431
62.0,15069.2705,1709.5933,10.763822
137.95,20204.88,3803.845,18.521555
283.65,23823.21,7821.389,33.04329
80.6,20605.08,2222.4712,10.184323
330.15,19146.09,9103.584,48.303776
2297.0999,7508.1,63340.426,873.77985
581.25,11589.2705,16027.4375,142.40222
-13.95,16650.93,-384.65848,-3.3954365
110.049995,39743.34,3034.5278,6.9172554
89.899994,17101.59,2478.9102,14.030457
52.699997,14776.95,1453.1542,9.197055
3.1,19625.46,85.47966,-0.54836166
9707.649,21094.02,267679.56,1314.842
77.5,15184.98,2136.9917,13.592728
29.449999,12524.5205,812.05676,5.7231555
26.349998,14066.16,726.5771,4.356166
26.349998,17674.05,726.5771,3.2627854
68.2,12739.41,1880.5525,14.306787
182.9,21957.93,5043.3,22.816135
-17.05,11716.29,-470.13812,-5.160861
237.15,17553.99,6539.1943,37.62747
11620.35,49190.67,320420.5,674.4379
94.549995,13039.561,2607.1296,19.732304
341.0,10769.73,9402.763,89.53125
7.75,21482.041,213.69916,0.03151405
116.25,19144.35,3205.4873,16.362062
227.84999,16068.9,6282.755,39.54262
266.6,8934.9,7351.2515,84.31383
80.6,19524.541,2222.4712,10.803293
139.5,20873.041,3846.585,18.108978
69.75,19699.41,1923.2925,9.123717
49.6,14044.41,1367.6746,9.097809
24.8,19447.11,683.8373,2.6462429
27.9,16744.02,769.31696,3.7642379
63.55,18200.4,1752.3331,8.983518
134.84999,11571.0,3718.3652,32.321842
198.4,16116.75,5470.698,34.19761
5285.5,50372.13,145742.83,299.01624
300.69998,26426.25,8291.527,31.534706
20.15,9686.58,555.6178,4.9477615
57.35,23749.26,1581.3738,5.9045014
10.849999,10105.05,299.1788,2.070013
46.5,13393.65,1282.195,8.926656
13342.399,24630.57,367904.47,1547.8468
114.7,8456.4,3162.7476,37.781704
91.45,20653.8,2521.65,11.65997
77.5,16108.05,2136.9917,12.756493
-9.299999,23523.93,-256.43896,-2.1303735
130.2,16255.08,3590.1458,21.901865
69.75,10305.15,1923.2925,18.352581
26.349998,22654.8,726.5771,2.325595
12903.75,36154.59,355809.1,1019.4729
24.8,16991.1,683.8373,3.1732955
-37.199997,15535.59,-1025.7559,-7.84643
151.9,45062.52,4188.5034,8.638097
21.699999,14314.98,598.3576,3.3342896
54.25,14445.48,1495.8942,9.737836
1.55,10723.62,42.73983,-0.5867249
12.4,11548.38,341.91864,2.0700793
63.55,17711.46,1752.3331,9.259122
1670.8999,6745.98,46073.535,707.19745
-29.449999,22244.16,-812.05676,-4.7854567
223.2,22633.92,6154.5356,27.195734
103.85,14468.97,2863.5686,19.521914
148.79999,17334.75,4103.0234,23.543375
139.5,14811.75,3846.585,25.92879
7.75,12342.69,213.69916,0.79531586
58.899998,19758.57,1624.1135,7.5233192
142.59999,18813.75,3932.0642,20.671707
215.45,13185.72,5940.8364,45.718796
31.0,15582.57,854.79663,4.688157
289.85,21505.53,7992.3486,37.53649
5319.5996,13395.39,146683.1,1134.4619
178.25,24491.371,4915.0806,19.80968
54.25,20324.07,1495.8942,6.6319947
252.65,40648.14,6966.5923,16.771643
68.2,16344.69,1880.5525,10.930445
144.15,15944.49,3974.8042,24.84955
131.75,17553.12,3632.8857,20.460772
18.599998,26913.45,512.8779,0.97602546
55.8,18879.87,1538.6339,7.450535
192.2,19489.74,5299.7393,27.196575
234.04999,39109.98,6453.7144,16.110788
74.399994,24399.15,2051.5117,7.718609
192.2,21152.31,5299.7393,24.980324
9.299999,14031.36,256.43896,0.8951
34.1,21880.5,940.27625,3.4560094
86.799995,18966.0,2393.4304,12.085579
184.45,21361.98,5086.04,23.688013
57.35,14005.26,1581.3738,10.70823
120.899994,15900.99,3333.7068,20.739578
77.5,18564.06,2136.9917,10.936521
147.25,10846.29,4060.284,37.817097
3.1,8351.13,85.47966,0.061366558
29.449999,5756.79,812.05676,13.626954
21991.398,33942.18,606392.7,1851.5166
215.45,14832.63,5940.8364,40.53147
72.85,14225.37,2008.7721,13.64249
203.04999,19314.0,5598.9175,29.059359
103.85,20329.291,2863.5686,13.606066
35.649998,9215.91,983.01605,10.060385
48.05,26670.72,1324.9348,4.1511908
221.65,16168.95,6111.796,38.19538
86.799995,14082.69,2393.4304,16.62313
261.94998,21544.68,7223.0312,33.76381
151.9,19872.541,4188.5034,20.855127
117.799995,22776.6,3248.227,13.787862
134.84999,21580.35,3718.3652,16.866581
91.45,9971.07,2521.65,25.223515
-35.649998,13565.04,-983.01605,-8.51428
2103.3499,9713.55,57997.95,618.131
10.849999,10732.32,299.1788,1.8905807
31.0,11202.99,854.79663,6.9118257
72.85,19055.61,2008.7721,9.930895
4.6499996,17151.18,128.21948,-0.22481048
294.5,24570.541,8120.568,33.270428
7.75,11978.16,213.69916,0.8499526
172.04999,23345.58,4744.121,20.07167
249.54999,25239.57,6881.113,27.269922
35.649998,16648.32,983.01605,5.1226306
80.6,10045.0205,2222.4712,21.942102
-32.55,4430.04,-897.53644,-22.008368
125.549995,12436.65,3461.9263,27.864382
72.85,9219.39,2008.7721,21.593128
300.69998,23663.13,8291.527,35.333748
-31.0,7080.06,-854.79663,-13.519118
241.79999,21114.03,6667.4136,31.744183
83.7,22556.49,2307.951,9.609695
257.3,20468.49,7094.812,34.94206
108.5,16973.7,2991.7883,17.276888
170.5,18537.96,4701.3813,25.297316
46.5,12977.79,1282.195,9.244746
178.25,10448.7,4915.0806,47.77713
280.55,20050.02,7735.909,39.00778
122.45,14120.97,3376.4465,23.793808
13.95,8562.54,384.65848,3.658226
63.55,11206.47,1752.3331,15.214207
103.85,16250.73,2863.5686,17.271852
110.049995,19823.82,3034.5278,14.872731
106.95,38733.27,2949.0483,6.8948817
7.75,24431.34,213.69916,-0.0930081
31.0,21371.55,854.79663,3.147388
381.3,28040.97,10513.998,37.879684
65.1,10250.34,1795.0729,17.15899
6809.15,17130.3,187756.08,1135.5195
23.25,16967.61,641.0975,2.9178815
44.949997,36328.59,1239.4551,2.5377743
58.899998,20391.93,1624.1135,7.2585907
124.0,10366.92,3419.1865,33.199593
80.6,12350.5205,2222.4712,17.659447
97.649994,14203.62,2692.6094,18.657225
49.6,11556.21,1367.6746,11.2719965
82.149994,12253.08,2265.211,18.169521
5366.0996,17922.87,147965.28,855.05206
-24.8,16915.41,-683.8373,-5.1919694
89.899994,15298.08,2478.9102,15.802416
60.449997,10513.95,1666.8534,15.43915
27.9,15577.35,769.31696,4.121057
86.799995,12571.5,2393.4304,18.741566
17.05,11742.39,470.13812,3.1516132
103.85,16460.4,2863.5686,17.039108
89.899994,18900.75,2478.9102,12.5997095
49.6,16329.03,1367.6746,7.685009
165.84999,16070.64,4573.1616,28.507423
54.25,14670.811,1495.8942,9.572912
96.1,13758.18,2649.8696,18.971533
32.55,21721.291,897.53644,3.2846398
71.299995,14290.62,1966.0321,13.265513
-1.55,13633.7705,-42.73983,-1.3250608
142.59999,16350.78,3932.0642,23.936184
106.95,16109.79,2949.0483,17.981909
-3.1,9228.09,-85.47966,-1.9605033
34.1,9349.89,940.27625,9.4279
17.05,11972.94,470.13812,3.0716696
145.7,13006.5,4017.5442,31.02935
55.8,21913.56,1538.6339,6.280651
124.0,13733.82,3419.1865,24.815426
27.9,12374.01,769.31696,5.4467783
418.5,16029.75,11539.755,73.64792
131.75,18021.18,3632.8857,19.903374
-49.6,11149.92,-1367.6746,-13.719173
48.05,11191.68,1324.9348,11.275723
29.449999,16542.18,812.05676,4.090278
144.15,23592.66,3974.8042,16.46975
21.699999,17204.25,598.3576,2.6063921
105.399994,15146.7,2906.3083,18.896263
172.04999,22497.33,4744.121,20.866167
-4.6499996,24712.35,-128.21948,-1.538007
68.2,17472.21,1880.5525,10.160547
77.5,14538.57,2136.9917,14.241546
122.45,17731.47,3376.4465,18.745266
105.399994,23529.15,2906.3083,11.80806
158.09999,17712.33,4359.4624,24.521437
63.55,18615.39,1752.3331,8.760958
46.5,10208.58,1282.195,12.023766
24.8,10039.8,683.8373,6.062779
134.84999,25860.75,3718.3652,13.909353
111.6,11161.23,3077.2678,27.58914
51.149998,13141.35,1410.4144,10.1289625
119.35,31263.45,3290.967,9.915271
161.2,22331.16,4444.9424,19.63967
105.399994,18024.66,2906.3083,15.719469
106.95,17799.33,2949.0483,16.180117
86.799995,17630.55,2393.4304,13.076763
89.899994,19112.16,2478.9102,12.449276
49.6,13066.53,1367.6746,9.853514
103.85,12322.68,2863.5686,23.096296
-1.55,11477.04,-42.73983,-1.3861454
10409.8,25852.92,287040.72,1150.2822
43.399998,16440.39,1196.7152,6.5479074
-24.8,16451.7,-683.8373,-5.3101254
-37.199997,22127.58,-1025.7559,-5.806821
-38.75,7315.83,-1068.4958,-16.144577
24.8,40054.8,683.8373,0.7702967
-21.699999,17579.22,-598.3576,-4.5294666
168.95,18115.14,4658.6416,25.666466
21.699999,13049.13,598.3576,3.754744
51.149998,13126.561,1410.4144,10.1415
63.55,13387.561,1752.3331,12.572601
72.85,15980.16,2008.7721,12.034591
266.6,70719.69,7351.2515,9.778761
-20.15,19897.77,-555.6178,-3.8954737
37.199997,18466.62,1025.7559,4.7597613
18.599998,18912.93,512.8779,1.8119206
58.899998,22051.89,1624.1135,6.636924
60.449997,21239.31,1666.8534,7.13776
77.5,20193.57,2136.9917,9.973309
35.649998,18702.39,983.01605,4.4501867
66.65,18123.84,1837.8129,9.5147505
49.6,27426.75,1367.6746,4.1707826
86.799995,22500.81,2393.4304,10.029873
91.45,26156.55,2521.65,8.996597
57.35,19950.84,1581.3738,7.219042
86.799995,17183.37,2393.4304,13.443098
105.399994,15366.811,2906.3083,18.611275
153.45,24054.63,4231.243,17.239677
75.95,6224.85,2094.2517,33.88573
-12.4,18996.45,-341.91864,-2.866372
29.449999,17152.05,812.05676,3.9092846
48.05,17034.6,1324.9348,7.065113
252.65,14756.07,6966.5923,47.955055
116.25,24821.1,3205.4873,12.391243
26.349998,10005.87,726.5771,6.5296483
43.399998,19036.47,1196.7152,5.5185685
223.2,21361.11,6154.5356,28.875788
220.09999,20852.16,6069.0557,29.17991
709.89996,19529.76,19574.842,102.93199
31.0,5519.2803,854.79663,15.0593605
158.09999,21113.16,4359.4624,20.410538
215.45,20886.96,5940.8364,28.493086
6.2,15693.061,170.95932,0.12962162
198.4,12703.74,5470.698,43.653862
54.25,12365.311,1495.8942,11.544221
189.09999,17806.291,5214.2593,29.364565
4.6499996,9804.9,128.21948,0.35599697
-20.15,15445.11,-555.6178,-4.7302074
147.25,33164.4,4060.284,11.6949835
6204.65,17562.69,171087.55,1009.1253
57.35,19321.83,1581.3738,7.4866076
141.05,42348.12,3889.3247,8.52331
21.699999,20784.3,598.3576,1.985199
141.05,10786.26,3889.3247,36.389633
17.05,11110.7705,470.13812,3.3876219
17.05,11778.061,470.13812,3.1390395
207.7,19438.41,5727.137,29.550951
156.54999,12374.01,4316.7227,35.173584
141.05,20827.8,3889.3247,18.363268
168.95,22007.52,4658.6416,20.950079
206.15,16250.73,5684.3975,35.270992
49.6,14212.32,1367.6746,8.978509
75.95,17114.64,2094.2517,11.688461
119.35,16977.18,3290.967,19.100454
-7.75,16442.13,-213.69916,-2.3476982
249.54999,24605.34,6881.113,27.998611
137.95,28800.48,3803.845,12.695281
20.15,15286.7705,555.6178,2.768845
111.6,11763.2705,3077.2678,26.12596
13.95,18650.19,384.65848,1.1386511
74.399994,17652.3,2051.5117,11.05093
144.15,23897.16,3974.8042,16.247149
416.94998,17226.0,11497.015,68.20676
54.25,9458.64,1495.8942,15.399101
77.5,21785.67,2136.9917,9.171378
38.75,8366.79,1068.4958,12.242251
254.2,18268.26,7009.3325,38.785732
43.399998,14558.58,1196.7152,7.523534
105.399994,23145.48,2906.3083,12.020371
79.049995,11180.37,2179.7312,19.215973
0.0,25350.93,0.0,-1.0
106.95,14229.72,2949.0483,20.489851
77.5,24564.45,2136.9917,8.020772
106.95,12986.49,2949.0483,22.547129
79.049995,17574.87,2179.7312,11.860525
74.399994,11624.07,2051.5117,17.30053
18.599998,8891.4,512.8779,4.981247
6.2,21021.81,170.95932,-0.15672243
127.1,29131.95,3504.6663,11.474553
-21.699999,16769.25,-598.3576,-4.6999435
10.849999,25140.39,299.1788,0.23397589
34.1,15809.64,940.27625,5.1671057
20.15,17218.17,555.6178,2.3460858
-18.599998,4758.9,-512.8779,-12.1752
24.8,16419.51,683.8373,3.3185754
430.9,17744.52,11881.673,68.43225
323.94998,18212.58,8932.624,49.857555
1174.9,9390.78,32396.793,356.72412
12.4,12081.69,341.91864,1.9345598
434.0,13713.811,11967.153,89.48583
12.4,34490.28,341.91864,0.027954578
72.85,22704.39,2008.7721,8.174211
142.59999,16832.76,3932.0642,23.222176
21.699999,7780.41,598.3576,6.97455
106.95,13852.14,2949.0483,21.075619
218.54999,26182.65,6026.316,22.866358
66.65,16556.97,1837.8129,10.509814
127.1,19287.9,3504.6663,17.841244
51.149998,14061.811,1410.4144,9.40048
71.299995,13386.69,1966.0321,14.228785
57.35,22368.57,1581.3738,6.3306785
-1.55,9010.59,-42.73983,-1.491844
-24.8,23920.65,-683.8373,-3.9643376
119.35,13270.11,3290.967,24.715612
170.5,21049.65,4701.3813,22.159462
69.75,21758.7,1923.2925,8.165586
775.0,10485.24,21369.916,210.33542
55.8,22232.85,1538.6339,6.176093
289.85,21060.96,7992.3486,38.34994
23.25,10408.68,641.0975,5.386697
27.9,8202.36,769.31696,8.7255535
94.549995,18152.55,2607.1296,13.892679
85.25,7849.14,2350.6907,30.054266
51.149998,6418.86,1410.4144,21.784353
80.6,7666.44,2222.4712,29.060091
133.3,20935.68,3675.6257,17.20506
69.75,19738.56,1923.2925,9.103637
134.84999,9919.74,3718.3652,37.868668
204.59999,12889.92,5641.6577,44.384167
21762.0,58457.91,600067.25,1063.3992
110.049995,14462.01,3034.5278,20.757568
69.75,16275.96,1923.2925,11.253118
13.95,8370.2705,384.65848,3.7652283
102.299995,15400.74,2820.8289,17.992538
0.0,18216.06,0.0,-1.0
18.599998,24720.18,512.8779,1.151346
108.5,18223.02,2991.7883,16.023874
85.25,27814.77,2350.6907,7.7633038
40.3,18934.68,1111.2356,5.085497
108.5,21109.68,2991.7883,13.6959305
539.39996,45673.26,14873.461,32.76742
49.6,24571.41,1367.6746,4.771658
-6.2,11535.33,-170.95932,-2.536776
164.29999,22931.46,4530.422,19.485888
63.55,19532.37,1752.3331,8.302713
35.649998,21298.47,983.01605,3.785861
-13.95,15548.64,-384.65848,-3.5652564
46.5,16400.37,1282.195,7.106778
599.85,18595.38,16540.314,91.23305
176.7,20407.59,4872.341,23.756762
130.2,16261.17,3590.1458,21.893288
-43.399998,16863.21,-1196.7152,-8.358654
117.799995,11624.07,3248.227,27.975838
44.949997,16492.59,1239.4551,6.792733
89.899994,17306.91,2478.9102,13.852143
184.45,12840.33,5086.04,40.07253
210.79999,19046.041,5812.6167,30.645712
27.9,8390.28,769.31696,8.507728
88.35,27819.99,2436.1704,8.080266
31.0,13460.64,854.79663,5.5848365
74.399994,15610.41,2051.5117,12.62723
21.699999,15548.64,598.3576,2.990399
-20.15,16016.7,-555.6178,-4.597087
86.799995,24182.52,2393.4304,9.26283
91.45,14065.29,2521.65,17.590197
23.25,19077.36,641.0975,2.484606
203.04999,21316.74,5598.9175,26.235237
-37.199997,8885.31,-1025.7559,-12.970694
100.75,15077.97,2778.089,18.105183
255.74998,25539.72,7052.072,27.631788
43.399998,19548.03,1196.7152,5.3479824
24.8,7931.79,683.8373,7.9398336
6.2,18858.99,170.95932,-0.06001222
69.75,21201.03,1923.2925,8.406677
52.699997,12242.64,1453.1542,11.307916
18.599998,7587.27,512.8779,6.009328
6.2,14167.95,170.95932,0.25121987
-3.1,17747.13,-85.47966,-1.499439
-23.25,14362.83,-641.0975,-5.628411
23.25,29406.871,641.0975,1.2605968
15.5,15997.561,427.39832,1.7703009
-24.8,14372.4,-683.8373,-5.933684
105.399994,17895.03,2906.3083,15.840584
-49.6,11611.89,-1367.6746,-13.213152
41.85,16857.12,1153.9755,6.0984106
5093.3,16189.83,140443.08,898.5098
79.049995,16908.45,2179.7312,12.367403
-1.55,10166.82,-42.73983,-1.4359087
32.55,9460.38,897.53644,8.83765
41.85,10109.4,1153.9755,10.836384
44.949997,15860.97,1239.4551,7.103058
69.75,23628.33,1923.2925,7.440345
63.55,14693.43,1752.3331,11.366345
-3.1,6568.5,-85.47966,-2.3494117
164.29999,21356.76,4530.422,20.996376
88.35,20417.16,2436.1704,11.372579
65.1,24810.66,1795.0729,6.502252
40.3,19908.21,1111.2356,4.7879105
17.05,14656.0205,470.13812,2.3262684
179.79999,15886.2,4957.8203,31.360752
24345.85,62859.242,671314.56,1106.4008
6.2,16008.0,170.95932,0.10739756
74.399994,26909.97,2051.5117,6.9051237
38.75,18978.18,1068.4958,4.838028
94.549995,16711.83,2607.1296,15.176573
213.9,20964.39,5898.0967,28.17276
182.9,19674.18,5043.3,25.580675
114.7,17339.97,3162.7476,17.913158
238.7,23779.71,6581.934,27.700855
65.1,19886.46,1795.0729,8.359927
55.8,9093.24,1538.6339,16.54545
57.35,21977.07,1581.3738,6.4612675
51.149998,18162.99,1410.4144,7.052065
393.69998,9664.83,10855.917,115.471634
243.34999,21727.38,6710.1533,31.023804
58.899998,8345.04,1624.1135,19.180681
32.55,21790.02,897.53644,3.2711258
93.0,21791.76,2564.39,11.202242
5555.1997,16195.05,153179.55,979.7682
-1.55,10963.74,-42.73983,-1.4042239
1616.6499,13684.23,44577.64,336.78827
26.349998,14097.48,726.5771,4.344266
71.299995,21793.5,1966.0321,8.354304
119.35,9538.68,3290.967,34.775288
68.2,12885.57,1880.5525,14.1331625
32.55,13319.7,897.53644,5.9872375
300.69998,18229.98,8291.527,46.162434
34400.7,59023.41,948567.8,1665.4487
-32.55,16236.811,-897.53644,-6.7319083
215.45,20386.71,5940.8364,29.216787
58.899998,13262.28,1624.1135,11.698315
182.9,20493.72,5043.3,24.51772
155.0,26945.64,4273.9834,15.447208
93.0,15030.99,2564.39,16.690672
10805.05,27034.38,297939.38,1141.7714
54.25,16172.43,1495.8942,8.591212
359.59998,22059.72,9915.641,45.60888
-24.8,13541.55,-683.8373,-6.2363935
46.5,26540.22,1282.195,4.009535
4.6499996,8275.44,128.21948,0.60661113
18.599998,12816.84,512.8779,3.1493583
155.0,15428.58,4273.9834,27.724651
164.29999,15594.75,4530.422,29.123686
89.899994,23502.18,2478.9102,9.937058
-9.299999,16293.36,-256.43896,-2.6320043
209.25,24038.97,5769.8774,23.888494
486.69998,18885.09,13420.307,72.687065
768.8,9005.37,21198.957,243.09608
77.5,20379.75,2136.9917,9.873062
55.8,25221.3,1538.6339,5.3258033
141.05,12847.29,3889.3247,30.39139
106.95,30396.93,2949.0483,9.060048
159.65,17815.86,4402.2026,24.62189
60.449997,19853.4,1666.8534,7.7058344
40.3,14974.44,1111.2356,6.694908
58.899998,9667.44,1624.1135,16.420185
573.5,29464.291,15813.738,54.652725
44.949997,14115.75,1239.4551,8.10489
32.55,13253.58,897.53644,6.022096
26.349998,7261.89,726.5771,9.374804
139.5,15706.98,3846.585,24.393965
10.849999,17571.39,299.1788,0.76551974
3.1,8481.63,85.47966,0.045036197
35.649998,18858.12,983.01605,4.4051795
18.599998,18059.46,512.8779,1.9448087
113.149994,15936.66,3120.0076,19.300476
79.049995,33523.71,2179.7312,5.742155
207.7,23877.15,5727.137,23.871557
-7.75,6604.17,-213.69916,-4.3553085
65.1,19796.85,1795.0729,8.402295
20.15,24675.81,555.6178,1.3348157
193.75,10548.75,5342.479,51.515766
4.6499996,9809.25,128.21948,0.35539567
13.95,14993.58,384.65848,1.6602218
223.2,22677.42,6154.5356,27.141647
35.649998,19794.24,983.01605,4.1495543
52.699997,11626.68,1453.1542,11.959966
99.2,23520.45,2735.349,11.059104
44.949997,19492.35,1239.4551,5.5934772
71.299995,21641.25,1966.0321,8.420114
-15.5,17229.48,-427.39832,-3.5722222
75.95,13933.92,2094.2517,14.58488
134.84999,22331.16,3718.3652,16.265877
62.0,16561.32,1709.5933,9.703991
139.5,18728.49,3846.585,20.297098
55.8,18327.42,1538.6339,7.705262
60.449997,15454.68,1666.8534,10.183694
18.599998,13590.2705,512.8779,2.9132156
27.9,30056.76,769.31696,1.6540616
66.65,21345.45,1837.8129,7.927788
58.899998,12152.16,1624.1135,12.858326
97.649994,19528.89,2692.6094,13.296958
-29.449999,17045.91,-812.05676,-5.939853
0.0,13898.25,0.0,-1.0
77.5,20978.31,2136.9917,9.562828
80.6,19253.1,2222.4712,10.969703
60.449997,16080.21,1666.8534,9.748641
635.5,17252.1,17523.332,104.32285
65.1,19094.76,1795.0729,8.748005
40.3,9334.23,1111.2356,11.344557
96.1,18178.65,2649.8696,14.11509
178.25,16691.82,4915.0806,29.533375
142.59999,21485.52,3932.0642,17.976784
51.149998,19455.81,1410.4144,6.517013
0.0,27152.7,0.0,-1.0
-4.6499996,16921.5,-128.21948,-1.7857113
58.899998,15250.23,1624.1135,10.04302
55.8,17775.84,1538.6339,7.9753838
1298.8999,39988.68,35815.977,91.872604
784.3,28745.67,21626.355,77.01153
21.699999,12244.38,598.3576,4.067245
97.649994,20105.7,2692.6094,12.886796
-29.449999,25297.86,-812.05676,-4.328515
21.699999,14244.51,598.3576,3.3557324
34.1,10272.96,940.27625,8.490908
-43.399998,4276.92,-1196.7152,-30.013998
23.25,24491.371,641.0975,1.7143064
80.6,22356.39,2222.4712,9.308188
35.649998,9423.84,983.01605,9.816346
82.149994,13715.55,2265.211,16.125502
-15.5,11846.79,-427.39832,-4.7409334
72.85,14392.41,2008.7721,13.4725485
243.34999,22055.371,6710.1533,30.547573
1447.7,8102.31,39919.0,509.87973
41.85,9897.99,1153.9755,11.089197
40.3,11580.57,1111.2356,8.950023
69.75,11643.21,1923.2925,16.128546
83.7,26969.13,2307.951,7.8737564
72.85,9137.61,2008.7721,21.795332
-21.699999,12703.74,-598.3576,-5.884016
151.9,16937.16,4188.5034,24.642841
288.3,29991.51,7949.6084,26.484972
37.199997,10624.44,1025.7559,9.011193
7.75,11196.9,213.69916,0.9790323
-32.55,7856.97,-897.53644,-12.845267
86.799995,10772.34,2393.4304,22.038734
-6.2,25969.5,-170.95932,-1.682617
72.85,14977.05,2008.7721,12.907603
55.8,23161.14,1538.6339,5.888478
119.35,28358.52,3290.967,11.033386
99.2,17028.51,2735.349,15.656509
4.6499996,10005.0,128.21948,0.3288771
102.299995,10996.8,2820.8289,25.598572
85.25,24353.041,2350.6907,9.008987
158.09999,21494.22,4359.4624,20.03096
20.15,25946.01,555.6178,1.2205136
10.849999,7829.13,299.1788,2.9624627
-31.0,10982.01,-854.79663,-9.071028
-1.55,14575.11,-42.73983,-1.3040667
46.5,16654.41,1282.195,6.98312
37.199997,20173.56,1025.7559,4.272412
275.9,16610.91,7607.69,46.490555
20.15,10553.1,555.6178,4.4593883
54.25,18149.07,1495.8942,7.5466194
65.1,16058.46,1795.0729,10.591138
158.09999,19175.67,4359.4624,22.573837
10.849999,18524.91,299.1788,0.67464435
117.799995,17940.27,3248.227,17.774366
10.849999,17884.59,299.1788,0.7346015
85.25,28141.89,2350.6907,7.66144
49.6,20048.28,1367.6746,6.0738125
333.25,14607.3,9189.063,64.23027
60.449997,22180.65,1666.8534,6.7923956
133.3,22771.38,3675.6257,15.737469
289.85,12182.61,7992.3486,67.0271
85.25,17196.42,2350.6907,13.174421
37.199997,27020.46,1025.7559,2.9363992
34.1,15605.19,940.27625,5.247903
196.84999,23617.89,5427.9585,22.831057
75.95,46411.02,2094.2517,3.679028
24.8,15044.04,683.8373,3.7134204
141.05,24527.91,3889.3247,15.442261
119.35,11833.74,3290.967,27.836956
24.8,16175.91,683.8373,3.3836102
75.95,10468.71,2094.2517,19.743574
176.7,19075.62,4872.341,25.48542
162.75,18345.69,4487.682,24.36506
35.649998,9702.24,983.01605,9.505978
65.1,17848.92,1795.0729,9.428409
110.049995,13654.65,3034.5278,22.04403
10721.35,46135.23,295631.4,663.45526
117.799995,17235.57,3248.227,18.54198
297.59998,22340.73,8206.047,37.087677
4.6499996,14265.39,128.21948,-0.06799495
218.54999,27445.02,6026.316,21.768595
3250.3499,12976.05,89625.42,715.20374
12.4,15869.67,341.91864,1.2341008
7.75,18294.36,213.69916,0.21124911
-1.55,28738.71,-42.73983,-1.1542103
-38.75,16284.66,-1068.4958,-7.803651
49.6,14421.12,1367.6746,8.834033
266.6,17200.77,7351.2515,43.316074
317.75,33254.88,8761.666,26.319904
134.84999,16591.77,3718.3652,22.238453
80.6,8410.29,2222.4712,26.401417
69.75,23984.16,1923.2925,7.3151236
65.1,8397.24,1795.0729,21.16631
54.25,14934.42,1495.8942,9.386289
398.34998,15324.18,10984.136,73.32528
330.15,19173.06,9103.584,48.23442
65.1,32944.29,1795.0729,4.6500177
201.5,34841.76,5556.178,15.535751
105.399994,16202.88,2906.3083,17.599333
1.55,17145.96,42.73983,-0.7415248
141.05,19850.791,3889.3247,19.316284
4.6499996,16004.5205,128.21948,-0.16927129
94.549995,36138.06,2607.1296,6.480759
10045.55,10607.04,276996.84,2706.8743
4522.9,14698.65,124714.83,878.80927
40.3,16614.39,1111.2356,5.9353695
23.25,18874.65,641.0975,2.5220296
209.25,35315.04,5769.8774,15.941614
22817.549,33009.54,629173.06,1975.4169
198.4,17241.66,5470.698,31.901188
0.0,10292.1,0.0,-1.0
89.899994,14348.91,2478.9102,16.913883
-7.75,16081.08,-213.69916,-2.3779564
122.45,17246.88,3376.4465,19.300053
46.5,12313.11,1282.195,9.797772
455.69998,12502.7705,12565.51,103.21296
10429.949,17005.89,287596.3,1752.6051
18.599998,6302.2803,512.8779,7.4384794
0.0,9791.85,0.0,-1.0
34.1,16680.51,940.27625,4.845128
20.15,18184.74,555.6178,2.1682317
175.15,24539.22,4829.601,19.407904
17.05,28755.24,470.13812,0.69533825
5812.5,25657.17,160274.38,646.7437
1105.15,14428.95,30473.5,217.99564
217.0,24190.35,5983.5767,24.648773
57.35,14919.63,1581.3738,9.990675
124.0,18430.08,3419.1865,18.23727
69.75,18003.78,1923.2925,10.0771885
44.949997,19695.06,1239.4551,5.525614
-31.0,16774.47,-854.79663,-6.2839885
-10.849999,10184.22,-299.1788,-4.0461473
37.199997,17081.58,1025.7559,5.2267847
24.8,16050.63,683.8373,3.4178257
1331.45,12470.58,36713.516,304.27216
475.84998,11149.92,13121.128,121.024574
708.35,25243.92,19532.104,79.23061
134.84999,11434.41,3718.3652,32.71989
243.34999,21960.541,6710.1533,30.683802
69.75,22424.25,1923.2925,7.893553
127.1,14862.21,3504.6663,23.451818
27.9,16240.29,769.31696,3.912012
148.79999,17718.42,4103.0234,23.01192
40.3,12508.86,1111.2356,8.211626
17.05,15376.38,470.13812,2.1704378
305.34998,21079.23,8419.746,40.418285
66.65,17969.85,1837.8129,9.604856
60.449997,20160.51,1666.8534,7.5732164
0.0,16715.31,0.0,-1.0
175.15,9969.33,4829.601,49.233467
155.0,29697.45,4273.9834,13.923187
32.55,6047.37,897.53644,14.389816
-10.849999,13552.86,-299.1788,-3.2890103
58.899998,19111.291,1624.1135,7.8119946
72.85,14661.24,2008.7721,13.207178
486.69998,40408.89,13420.307,33.43764
105.399994,5568.0,2906.3083,53.124054
156.54999,24426.99,4316.7227,17.324497
153.45,27516.36,4231.243,14.945013
390.59998,18431.82,10770.4375,59.59168
141.05,23184.63,3889.3247,16.3949
213.9,11619.72,5898.0967,51.633724
410.75,41377.2,11326.056,27.383469
54.25,10219.0205,1495.8942,14.17887
266.6,16586.55,7351.2515,44.95715
41.85,17069.4,1153.9755,6.010132
62.0,22633.92,1709.5933,6.832148
1512.7999,18139.5,41714.074,237.4543
105.399994,17964.63,2906.3083,15.775337
189.09999,17614.02,5214.2593,29.696016
17590.95,33087.84,485054.34,1519.0919
80.6,19782.93,2222.4712,10.649128
110.049995,9615.24,3034.5278,31.724941
27.9,18366.57,769.31696,3.3433528
193.75,19932.57,5342.479,26.792486
96.1,12667.2,2649.8696,20.691608
10.849999,21322.83,299.1788,0.4549024
46.5,14862.21,1282.195,7.9457865
217.0,21508.14,5983.5767,27.847347
69.75,14810.01,1923.2925,12.465978
62.0,16314.24,1709.5933,9.866103
74.399994,19723.77,2051.5117,9.785294
1157.85,17644.47,31926.654,186.62584
34.1,15033.6,940.27625,5.485454
249.54999,51688.44,6881.113,12.804259
52.699997,26870.82,1453.1542,4.607621
71.299995,9530.85,1966.0321,20.389807
328.59998,18316.11,9060.844,50.295975
58.899998,20562.45,1624.1135,7.1901045
117.799995,8969.7,3248.227,36.550552
35.649998,11879.85,983.01605,7.580203
46.5,11165.58,1282.195,10.907501
51.149998,14753.46,1410.4144,8.9129
134.84999,29410.35,3718.3652,12.10991
113.149994,13444.11,3120.0076,23.064201
26.349998,17193.81,726.5771,3.3818493
114.7,22324.2,3162.7476,13.690498
209.25,30539.61,5769.8774,18.590746
192.2,23764.92,5299.7393,22.124163
32.55,12930.811,897.53644,6.1973767
198.4,16092.39,5470.698,34.250893
91.45,12861.21,2521.65,19.330631
44.949997,9460.38,1239.4551,12.585327
173.59999,14492.46,4786.861,33.249683
0.0,22717.44,0.0,-1.0
203.04999,27701.67,5598.9175,19.957815
3596.0,14459.4,99156.414,710.0799
133.3,24853.291,3675.6257,14.335405
153.45,25411.83,4231.243,16.26553
-38.75,9497.79,-1068.4958,-12.66536
196.84999,38060.76,5427.9585,13.787914
6303.8496,28344.6,173822.89,634.89374
24.8,24422.64,683.8373,1.9034078
196.84999,13874.76,5427.9585,39.565697
71.299995,8712.18,1966.0321,22.399775
23918.049,28223.67,659518.3,2422.044
170.5,15017.07,4701.3813,31.46296
88.35,16727.49,2436.1704,14.101663
103.85,12689.82,2863.5686,22.399145
111.6,23021.94,3077.2678,12.860257
-4.6499996,14003.5205,-128.21948,-1.9494338
51.149998,20758.2,1410.4144,6.045388
111.6,12138.24,3077.2678,25.287996
179.79999,26784.69,4957.8203,18.193405
27.9,22817.49,769.31696,2.4961119
127.1,17667.96,3504.6663,19.56876
147.25,30134.19,4060.284,12.971557
51.149998,19026.03,1410.4144,6.6868153
506.84998,16350.78,13975.925,87.631874
2755.9,16107.18,75991.42,488.20734
100.75,14945.73,2778.089,18.274223
11494.8,32142.15,316958.6,1021.5286
3172.8499,12635.88,87488.43,716.94806
147.25,20575.5,4060.284,19.462273
-9.299999,12217.41,-256.43896,-3.1764703
55.8,13926.96,1538.6339,10.455837
334.8,21990.121,9231.804,42.53182
49.6,11651.91,1367.6746,11.171204
26.349998,28800.48,726.5771,1.6159525
89.899994,17460.03,2478.9102,13.721893
58.899998,8465.97,1624.1135,18.892416
-15.5,14824.8,-427.39832,-3.9894538
43.399998,7701.24,1196.7152,15.11306
85.25,8901.84,2350.6907,26.381899
119.35,11058.57,3290.967,29.85833
189.09999,13631.16,5214.2593,38.66502
72.85,11010.72,2008.7721,17.91746
-17.05,16066.29,-470.13812,-4.0342946
51.149998,17270.37,1410.4144,7.468237
43.399998,10133.76,1196.7152,11.245262
3146.5,12612.39,86761.86,712.3117
220.09999,42623.91,6069.0557,13.764398
155.0,22069.291,4273.9834,19.081324
151.9,21862.23,4188.5034,18.866085
430.9,11050.74,11881.673,110.48953
316.19998,28765.68,8718.925,30.429407
10.849999,14131.41,299.1788,1.1952965
182.9,13698.15,5043.3,37.176907
91.45,23169.84,2521.65,10.28521
63.55,16130.67,1752.3331,10.264505
31.0,8977.53,854.79663,8.873106
110.049995,10607.04,3034.5278,28.66503
-21.699999,12909.061,-598.3576,-5.806335
17728.9,31706.28,488858.22,1597.7683
-1.55,14228.85,-42.73983,-1.3114662
0.0,17584.44,0.0,-1.0
66.65,11395.26,1837.8129,15.723413
75.95,10880.22,2094.2517,18.959015
-35.649998,15630.42,-983.01605,-7.521355
24.8,8997.54,683.8373,6.880919
159.65,12570.63,4402.2026,35.312897
17.05,21495.09,470.13812,1.2679532
37.199997,18370.05,1025.7559,4.7900395
150.34999,15432.93,4145.7637,26.855055
32.55,7180.98,897.53644,11.960336
4.6499996,9445.59,128.21948,0.40757906
34.1,21790.02,940.27625,3.4745126
11792.399,28025.31,325164.62,1202.0973
226.29999,20032.62,6240.015,31.2995
80.6,12967.35,2222.4712,16.771856
34.1,14482.0205,940.27625,5.732466
137.95,14949.21,3803.845,25.384718
4.6499996,17540.07,128.21948,-0.24199766
27.9,3525.24,769.31696,21.628954
23.25,36165.03,641.0975,0.8381591
13.95,9474.3,384.65848,3.2099419
27.9,17337.36,769.31696,3.6011906
106.95,19100.85,2949.0483,15.009476
37.199997,14169.69,1025.7559,6.5063972
72.85,15069.2705,2008.7721,12.822491
161.2,22519.08,4444.9424,19.467432
88.35,22599.121,2436.1704,10.177998
97.649994,19329.66,2692.6094,13.444317
37.199997,9333.36,1025.7559,10.396037
43.399998,21444.63,1196.7152,4.7865553
75.95,12208.71,2094.2517,16.787174
79.049995,11223.0,2179.7312,19.139183
77.5,14791.74,2136.9917,13.980677
100.75,13996.561,2778.089,19.581297
137.95,22382.49,3803.845,16.622288
7.75,11813.73,213.69916,0.8757012
1.55,16725.75,42.73983,-0.735031
3.1,12524.5205,85.47966,-0.2922994
10371.05,31878.541,285972.22,929.1935
38.75,12595.86,1068.4958,7.796155
142.59999,22133.67,3932.0642,17.421078
71.299995,18828.541,1966.0321,9.827341
10.849999,15256.32,299.1788,1.0334284
220.09999,24917.67,6069.0557,24.255827
119.35,24844.59,3290.967,12.735345
-9.299999,14965.74,-256.43896,-2.7767801
441.75,15685.23,12180.853,79.52573
164.29999,17968.11,4530.422,25.14473
133.3,14689.95,3675.6257,24.945309
94.549995,16369.92,2607.1296,15.514444
17.05,17386.95,470.13812,1.803819
89.899994,16857.99,2478.9102,14.247648
178.25,18803.31,4915.0806,26.104673
162.75,18211.71,4487.682,24.551666
89.899994,13541.55,2478.9102,17.981926
34.1,10430.43,940.27625,8.347622
31.0,18585.81,854.79663,3.76902
148.79999,9814.47,4103.0234,42.349594
133.3,23946.75,3675.6257,14.915951
472.75,18823.32,13035.648,70.80989
23.25,5669.79,641.0975,10.724787
4.6499996,25492.74,128.21948,-0.4784627
31.0,28070.55,854.79663,2.157619
18.599998,12920.37,512.8779,3.1161094
91.45,19833.39,2521.65,12.183651
128.65,18491.85,3547.406,18.891998
49.6,19459.291,1367.6746,6.2879205
113.149994,18018.57,3120.0076,16.954908
105.399994,19896.03,2906.3083,14.146878
66.65,10058.94,1837.8129,17.9451
102.299995,23034.99,2820.8289,11.698037
310.0,26069.55,8547.967,32.999863
137.95,20224.02,3803.845,18.50308
351.84998,17701.02,9701.941,55.834003
6.2,22337.25,170.95932,-0.20638305
69.75,13060.44,1923.2925,14.269872
401.44998,52102.56,11069.616,21.03035
69.75,12632.4,1923.2925,14.78728
66.65,12598.47,1837.8129,14.126254
2679.95,17574.87,73897.17,434.99707
3.1,12292.23,85.47966,-0.27892578
195.29999,16535.22,5385.2188,32.77079
578.14996,34648.62,15941.956,46.709354
7455.5,18939.9,205578.6,1124.5067
136.4,19380.99,3761.105,19.122751
322.4,11643.21,8889.885,78.171936
6.2,16944.12,170.95932,0.046216726
-21.699999,9617.85,-598.3576,-7.4510546
94.549995,15158.88,2607.1296,16.833778
-27.9,10202.49,-769.31696,-8.818924
66.65,18982.53,1837.8129,9.039107
51.149998,27348.45,1410.4144,4.3476367
-35.649998,14260.17,-983.01605,-8.147987
241.79999,20168.34,6667.4136,33.279552
52.699997,15954.93,1453.1542,8.44419
148.79999,23316.871,4103.0234,17.246586
120.899994,20744.28,3333.7068,15.663912
41.85,13816.47,1153.9755,7.6605873
294.5,24144.24,8120.568,33.875523
113.149994,8599.95,3120.0076,36.61903
94.549995,10804.53,2607.1296,24.020998
167.4,20055.24,4615.902,22.865831
212.34999,21364.59,5855.357,27.418861
392.15,30450.871,10813.178,35.821503
15.5,11591.01,427.39832,2.8234851
153.45,20373.66,4231.243,20.535095
86.799995,25685.88,2393.4304,8.66216
114.7,13849.53,3162.7476,22.679764
40.3,15532.11,1111.2356,6.4186277
9.299999,7467.21,256.43896,2.5610127
134.84999,19547.16,3718.3652,18.724966
29.449999,5655.87,812.05676,13.887948
226.29999,19437.541,6240.015,32.288345
85.25,18048.15,2350.6907,12.505501
40.3,11844.18,1111.2356,8.72857
-7.75,4851.99,-213.69916,-5.5669975
10.849999,13362.33,299.1788,1.3216486
62.0,19097.37,1709.5933,8.282546
51.149998,15930.57,1410.4144,8.180435
3000.7998,10224.24,82744.31,838.17975
105.399994,10926.33,2906.3083,26.581333
85.25,11091.63,2350.6907,20.975967
40.3,21029.64,1111.2356,4.4792633
86.799995,15120.6,2393.4304,15.413443
52.699997,12566.28,1453.1542,10.990929
86.799995,19819.47,2393.4304,11.522085
9.299999,9766.62,256.43896,1.7226236
62.0,9644.82,1709.5933,17.380043
88.35,22153.68,2436.1704,10.402752
116.25,25265.67,3205.4873,12.155614
337.9,21689.1,9317.283,43.54466
201.5,31068.57,5556.178,17.543972
147.25,21375.03,4060.284,18.696886
52.699997,12942.12,1453.1542,10.642713
7.75,10476.54,213.69916,1.1151092
234.04999,17037.21,6453.7144,38.27888
93.0,18658.02,2564.39,13.251691
110.049995,21937.05,3034.5278,13.343686
209.25,23985.9,5769.8774,23.943562
20278.648,38146.89,559165.2,1518.9485
139.5,24080.73,3846.585,15.563555
44.949997,9373.38,1239.4551,12.711421
12.4,10913.28,341.91864,2.248743
204.59999,22658.28,5641.6577,24.818302
38.75,21827.43,1068.4958,4.075959
-10.849999,19500.18,-299.1788,-2.59089
46.5,29413.83,1282.195,3.520124
89.899994,17472.21,2478.9102,13.711631
232.5,18602.34,6410.9746,34.73587
201.5,12195.66,5556.178,46.240963
232.5,21697.8,6410.9746,29.637705
31.0,13621.59,854.79663,5.507031
52.699997,13343.19,1453.1542,10.292755
334.8,20860.86,9231.804,44.88833
93.0,12737.67,2564.39,19.875744
79.049995,34627.74,2179.7312,5.527197
302.25,11792.85,8334.268,72.281876
72.85,26392.32,2008.7721,6.892253
57.35,10848.9,1581.3738,14.1146
212.34999,10288.62,5855.357,58.012516
141.05,20111.791,3889.3247,19.05263
83.7,18832.02,2307.951,11.70801
134.84999,15388.561,3718.3652,24.055433
141.05,36774.9,3889.3247,9.966565
128.65,10201.62,3547.406,35.057003
136.4,23452.59,3761.105,15.629244
162.75,14984.88,4487.682,30.053938
116.25,24901.14,3205.4873,12.348201
11911.75,35857.92,328455.62,948.8159
69.75,11066.4,1923.2925,17.02133
63.55,20306.67,1752.3331,7.947997
48.05,18709.35,1324.9348,6.3431726
24.8,6312.72,683.8373,10.232699
5121.1997,14632.53,141212.39,999.694
10.849999,21710.85,299.1788,0.42890012
427.8,11203.86,11796.193,108.17471
187.54999,17327.791,5171.5195,29.947306
232.5,19117.38,6410.9746,33.77311
161.2,24369.57,4444.9424,17.91325
31.0,14776.95,854.79663,4.998268
32.55,22807.92,897.53644,3.0805082
384.4,15972.33,10599.479,67.81199
229.4,22729.621,6325.495,27.856937
103.85,28620.39,2863.5686,9.3748045
44.949997,11997.3,1239.4551,9.712606
77.5,10212.06,2136.9917,20.698883
40.3,15976.68,1111.2356,6.2121954
3.1,9588.2705,85.47966,-0.075577736
9.299999,12132.15,256.43896,1.1917655
821.5,9991.95,22652.111,234.07492
136.4,13048.26,3761.105,28.888954
-12.4,19485.39,-341.91864,-2.8195398
49.6,9403.83,1367.6746,14.080852
13.95,14407.2,384.65848,1.7684939
344.09998,10353.87,9488.242,94.02348
-9.299999,7120.08,-256.43896,-4.734625
29.449999,17019.81,812.05676,3.9474287
110.049995,18804.18,3034.5278,15.733416
159.65,17526.15,4402.2026,25.045422
23.25,20163.12,641.0975,2.2969642
35.649998,12051.24,983.01605,7.4581766
77.5,33909.12,2136.9917,5.534828
161.2,22278.96,4444.9424,19.688028
35.649998,15630.42,983.01605,5.521355
58.899998,16363.83,1624.1135,9.291514
44.949997,19979.55,1239.4551,5.432695
9.299999,13273.59,256.43896,1.0032885
1545.35,10906.32,42611.613,404.133
72.85,8392.89,2008.7721,23.818016
40.3,10308.63,1111.2356,10.177716
23.25,17688.84,641.0975,2.7581367
-7.75,23041.08,-213.69916,-1.9617183
41.85,11850.2705,1153.9755,9.097554
0.0,17614.02,0.0,-1.0
99.2,11228.22,2735.349,24.260952
229.4,15851.4,6325.495,40.3785
71.299995,13886.07,1966.0321,13.681117
44.949997,20059.59,1239.4551,5.407028
41.85,26220.06,1153.9755,3.5636334
179.79999,16316.85,4957.8203,30.506659
728.5,17495.7,20087.72,118.054886
303.8,20481.541,8377.007,41.41057
46.5,11245.62,1282.195,10.82275
74.399994,21624.72,2051.5117,8.837197
105.399994,11886.811,2906.3083,24.352701
66.65,28984.92,1837.8129,5.5747166
203.04999,17909.82,5598.9175,31.416096
137.95,30118.53,3803.845,12.095947
375.09998,15555.6,10343.039,67.94603
1267.8999,17841.96,34961.18,202.18488
130.2,17734.95,3590.1458,19.990849
54.25,8780.91,1495.8942,16.66482
46.5,24540.96,1282.195,4.417643
593.64996,11720.64,16369.3545,143.81985
82.149994,20642.49,2265.211,10.378747
49.6,14842.2,1367.6746,8.555037
106.95,23904.121,2949.0483,11.792546
-1.55,15718.29,-42.73983,-1.2819521
198.4,24032.88,5470.698,22.603956
11880.75,26929.11,327600.8,1260.4524
122.45,16536.09,3376.4465,20.172636
362.69998,16555.23,10001.12,61.641376
-12.4,12499.29,-341.91864,-3.8365166
82.149994,21969.24,2265.211,9.69157
71.299995,23818.86,1966.0321,7.5588913
24.8,13897.38,683.8373,4.10232
-38.75,20491.98,-1068.4958,-6.4067564
-6.2,8137.98,-170.95932,-3.1783319
4646.9,21281.94,128134.016,623.3112
196.84999,16683.99,5427.9585,32.73529
159.65,13406.7,4402.2026,33.048347
20.15,19936.92,555.6178,1.8897879
124.0,18535.35,3419.1865,18.128016
971.85,12573.24,26797.875,220.00444
43.399998,12061.68,1196.7152,9.287998
-12.4,22418.16,-341.91864,-2.5815053
85.25,16590.03,2350.6907,13.692517
34.1,10634.88,940.27625,8.167918
24.8,10076.34,683.8373,6.0371666
15.5,8581.68,427.39832,4.1642632
37.199997,24209.49,1025.7559,3.393456
124.0,43687.05,3419.1865,7.115549
144.15,12312.24,3974.8042,32.475456
13.95,12897.75,384.65848,2.0924966
110.049995,17633.16,3034.5278,16.844683
51.149998,17654.91,1410.4144,7.2837906
125.549995,19367.07,3461.9263,17.53539
91.45,16009.74,2521.65,15.33234
15.5,14741.28,427.39832,2.0063913
15434.899,45661.95,425603.22,965.4922
150.34999,15633.03,4145.7637,26.498514
69.75,16782.3,1923.2925,10.883428
1153.2,16049.76,31798.434,204.44003
80.6,21676.05,2222.4712,9.631728
189.09999,17144.22,5214.2593,30.537172
-3.1,15072.75,-85.47966,-1.5880554
3.1,18064.68,85.47966,-0.5093403
395.25,18666.72,10898.657,59.54146
38.75,20953.08,1068.4958,4.2877736
80.6,17230.35,2222.4712,12.374881
80.6,17373.03,2222.4712,12.265037
37.199997,15773.1,1025.7559,5.743336
119.35,20869.56,3290.967,15.351519
209.25,20475.45,5769.8774,28.220055
48.05,6724.23,1324.9348,19.43148
176.7,10889.79,4872.341,45.394447
497.55,34303.23,13719.485,40.47159
-4.6499996,8726.1,-128.21948,-2.5236378
71.299995,17801.07,1966.0321,10.452291
0.0,12861.21,0.0,-1.0
-3.1,20103.96,-85.47966,-1.4408888
9.299999,12904.71,256.43896,1.0605524
-6.2,5719.38,-170.95932,-4.0995007
15.5,19306.17,427.39832,1.2955384
91.45,13272.72,2521.65,18.700296
-41.85,19980.42,-1153.9755,-6.9888005
35.649998,16503.03,983.01605,5.1765337
71.299995,18721.53,1966.0321,9.88923
319.3,22233.72,8804.405,40.061592
15.5,10880.22,427.39832,3.0732684
156.54999,21883.11,4316.7227,19.454695
91.45,17953.32,2521.65,13.564241
122.45,18058.59,3376.4465,18.387594
52.699997,22324.2,1453.1542,5.7496877
-58.899998,8760.9,-1624.1135,-20.22275
3481.2998,13980.03,95993.66,711.0038
21.699999,21968.371,598.3576,1.8243
-4.6499996,20172.69,-128.21948,-1.65908
5342.8496,17821.95,147324.19,856.1695
27.9,11553.6,769.31696,5.9045577
199.95,29123.25,5513.4385,18.630465
20.15,6856.47,555.6178,7.402789
243.34999,15573.87,6710.1533,43.676975
35.649998,10896.75,983.01605,8.354304
-24.8,38533.17,-683.8373,-2.8402038
29.449999,11659.74,812.05676,6.2217994
66.65,21730.86,1837.8129,7.7694483
263.5,19140.0,7265.7715,38.362953
24.8,6707.7,683.8373,9.571266
350.3,32086.47,9659.202,30.215275
220.09999,23883.24,6069.0557,25.349705
11879.199,32514.51,327558.06,1043.6215
94.549995,19607.19,2607.1296,12.787806
128.65,18348.3,3547.406,19.047625
46.5,16268.13,1282.195,7.172676
-10.849999,11992.95,-299.1788,-3.5867393
113.149994,17527.89,3120.0076,17.457542
27.9,19825.56,769.31696,3.0237193
203.04999,16561.32,5598.9175,34.05557
48.05,13259.67,1324.9348,9.361191
82.149994,16358.61,2265.211,13.358536
20.15,11527.5,555.6178,3.9979157
161.2,13535.46,4444.9424,33.051872
9853.35,22270.26,271697.1,1264.0497
131.75,21622.98,3632.8857,16.421442
-38.75,9081.06,-1068.4958,-13.200685
133.3,20619.87,3675.6257,17.483885
34.1,15644.34,940.27625,5.232268
74.399994,14483.76,2051.5117,13.687253
23.25,9246.36,641.0975,6.1895404
251.09999,12873.39,6923.8525,54.77027
108.5,11557.95,2991.7883,25.840952
469.65,30110.7,12950.169,43.596676
175.15,22739.19,4829.601,21.02339
35.649998,8566.0205,983.01605,10.899518
34.1,12432.3,940.27625,6.842452
57.35,20311.02,1581.3738,7.073292
77.5,25627.59,2136.9917,7.646552
91.45,16619.61,2521.65,14.733012
43.399998,28803.09,1196.7152,3.3082376
31.0,13927.83,854.79663,5.363957
60.449997,16970.22,1666.8534,9.184924
10.849999,9296.82,299.1788,2.3369083
139.5,17438.28,3846.585,21.872812
44.949997,7382.82,1239.4551,16.408302
26.349998,18350.041,726.5771,3.10575
372.0,37359.54,10257.56,27.470194
193.75,19653.3,5342.479,27.187412
40.3,37483.082,1111.2356,2.0741053
12.4,15511.23,341.91864,1.2857273
96.1,10192.05,2649.8696,25.95944
96.1,21989.25,2649.8696,11.495739
57.35,20800.83,1581.3738,6.883186
13.95,8706.09,384.65848,3.5814195
477.4,19421.88,13163.868,69.28136
0.0,18423.99,0.0,-1.0
24.8,13177.89,683.8373,4.3808985
2405.5999,11592.75,66332.22,592.31586
137.95,17459.16,3803.845,21.591618
94.549995,22575.63,2607.1296,10.974865
116.25,19796.85,3205.4873,15.789812
38.75,10416.51,1068.4958,9.636495
35.649998,18670.2,983.01605,4.4595838
32.55,23050.65,897.53644,3.0375395
238.7,12489.72,6581.934,53.644787
34.1,5926.44,940.27625,15.451649
80.6,30202.92,2222.4712,6.630185
38.75,14324.55,1068.4958,6.734634
5928.75,26859.51,163479.86,630.12305
1956.1,15040.561,53937.668,370.85706
100.75,29646.99,2778.089,8.71658
168.95,23151.57,4658.6416,19.8654
1.55,8638.23,42.73983,-0.4869545
-10.849999,15633.9,-299.1788,-2.9843183
51.149998,18078.6,1410.4144,7.089652
82.149994,14351.5205,2265.211,15.366606
0.0,17761.05,0.0,-1.0
1484.8999,41868.75,40944.758,100.40426
337.9,24891.57,9317.283,37.813686
83.7,10554.84,2307.951,21.673721
54.25,19994.34,1495.8942,6.7578554
71.299995,12675.03,1966.0321,15.08383
48.05,13082.19,1324.9348,9.501757
150.34999,10968.09,4145.7637,38.194164
-29.449999,9507.36,-812.05676,-9.856749
10.849999,11259.54,299.1788,1.7552314
103.85,16914.541,2863.5686,16.554775
79.049995,12156.51,2179.7312,17.592676
192.2,20061.33,5299.7393,26.393194
133.3,21707.371,3675.6257,16.557875
63.55,10410.42,1752.3331,16.454054
372.0,13910.43,10257.56,75.46301
20.15,14336.73,555.6178,3.018592
102.299995,11059.44,2820.8289,25.447918
122.45,13305.78,3376.4465,25.31282
172.04999,13832.13,4744.121,34.564327
114.7,13385.82,3162.7476,23.500074
282.1,23179.41,7778.6494,33.79763
24.8,18567.541,683.8373,2.8189702
7740.6997,23604.84,213442.72,936.62286
167.4,18996.45,4615.902,24.196024
49.6,13850.4,1367.6746,9.239254
10927.5,35975.37,301315.8,867.48944
361.15,42250.68,9958.381,23.440098
-13.95,14003.5205,-384.65848,-3.8483014
227.84999,18363.96,6282.755,34.475754
108.5,14824.8,2991.7883,19.926176
130.2,18918.15,3590.1458,18.678015
-29.449999,8738.28,-812.05676,-10.636255
9.299999,8923.59,256.43896,1.9798355
148.79999,19066.92,4103.0234,21.313686
198.4,15593.88,5470.698,35.377804
51.149998,12439.26,1410.4144,10.757096
12.4,16228.11,341.91864,1.1847548
12.4,19778.58,341.91864,0.7925676
20.15,13170.93,555.6178,3.37429
9.299999,15960.15,256.43896,0.6660764
6482.0996,23786.67,178737.97,778.1679
20.15,17899.38,555.6178,2.2187407
254.2,21768.27,7009.3325,32.388786
156.54999,16145.46,4316.7227,26.723728
-51.149998,11495.311,-1410.4144,-13.722543
74.399994,11978.16,2051.5117,16.759542
103.85,21856.14,2863.5686,12.585699
173.59999,16521.3,4786.861,29.043772
110.049995,14069.64,3034.5278,21.364336
116.25,11085.54,3205.4873,28.98369
277.44998,11268.24,7650.4297,69.4008
94.549995,15693.061,2607.1296,16.22673
398.34998,16363.83,10984.136,68.603134
113.149994,17787.15,3120.0076,17.18851
182.9,23167.23,5043.3,21.572962
44.949997,23811.03,1239.4551,4.3975973
116.25,8465.97,3205.4873,38.261353
217.0,21091.41,5983.5767,28.417322
117.799995,11959.89,3248.227,27.162233
105.399994,21000.93,2906.3083,13.349972
210.79999,24054.63,5812.6167,24.056526
209.25,14083.561,5769.8774,41.481712
137.95,24848.94,3803.845,14.873139
26.349998,15651.3,726.5771,3.8137016
261.94998,21689.1,7223.0312,33.53233
7.75,21924.0,213.69916,0.010720134
34.1,17784.541,940.27625,4.4822736
91.45,13135.26,2521.65,18.906458
3859.5,29475.6,106422.18,373.3841
110.049995,27325.83,3034.5278,10.515045
38.75,27821.73,1068.4958,2.982324
62.0,10336.47,1709.5933,16.15017
80.6,22489.5,2222.4712,9.247177
131.75,13443.24,3632.8857,27.021776
32.55,8897.49,897.53644,9.460018
65.1,20143.11,1795.0729,8.24067
128.65,35317.65,3547.406,9.415185
18.599998,11747.61,512.8779,3.527019
38.75,18737.19,1068.4958,4.913114
254.2,7657.74,7009.3325,93.912605
0.0,19879.5,0.0,-1.0
176.7,18920.76,4872.341,25.702194
10.849999,8088.39,299.1788,2.8354526
147.25,20304.06,4060.284,19.735828
114.7,20632.92,3162.7476,14.894677
323.94998,13731.21,8932.624,66.45562
37.199997,15578.22,1025.7559,5.827694
150.34999,25297.86,4145.7637,15.992945
-4.6499996,12363.57,-128.21948,-2.0753703
195.29999,38710.65,5385.2188,13.425165
65.1,11762.4,1795.0729,14.824647
-21.699999,18845.07,-598.3576,-4.2923875
60.449997,22779.21,1666.8534,6.5876384
10.849999,9516.06,299.1788,2.2600296
114.7,15879.24,3162.7476,19.652979
1022.99994,17192.94,28208.287,169.12747
131.75,20687.73,3632.8857,17.209028
258.85,19777.71,7137.5522,36.421497
72.85,10929.811,2008.7721,18.057499
55.8,19542.81,1538.6339,7.163872
136.4,28609.08,3761.105,12.631996
60.449997,10257.3,1666.8534,15.850477
133.3,19305.3,3675.6257,18.742521
54.25,20240.55,1495.8942,6.663487
17.05,14089.65,470.13812,2.4599764
74.399994,18877.26,2051.5117,10.268936
-7.75,13214.43,-213.69916,-2.6768813
7.75,10287.75,213.69916,1.1539235
79.049995,15661.74,2179.7312,13.4314785
51.149998,13054.35,1410.4144,10.203131
62.0,24741.06,1709.5933,6.165102
193.75,39268.32,5342.479,13.107446
1298.8999,6510.21,35815.977,569.4659
29.449999,16876.26,812.05676,3.989512
51.149998,22922.76,1410.4144,5.3801036
17.05,14720.4,470.13812,2.311721
93.0,20372.791,2564.39,12.05213
60.449997,25087.32,1666.8534,5.889552
271.25,13218.78,7479.4707,57.67152
35.649998,8316.33,983.01605,11.25679
3.1,10888.05,85.47966,-0.18593216
220.09999,23853.66,6069.0557,25.38238
65.1,8380.71,1795.0729,21.210032
292.94998,13314.48,8077.8276,61.909794
102.299995,19384.47,2820.8289,14.0893545
128.65,20759.07,3547.406,16.719475
26.349998,10900.23,726.5771,5.9118433
124.0,14348.04,3419.1865,23.710304
124.0,18143.85,3419.1865,18.54075
88.35,17726.25,2436.1704,13.250782
29.449999,16123.71,812.05676,4.22239
79.049995,18047.28,2179.7312,11.523885
-3.1,7738.65,-85.47966,-2.145369
34.1,11965.98,940.27625,7.148075
57.35,9808.38,1581.3738,15.718031
55.8,8880.96,1538.6339,16.964836
41228.45,58524.9,1136836.8,2013.2126
-71.299995,8263.26,-1966.0321,-25.671019
155.0,9235.92,4273.9834,46.984455
-7.75,13714.68,-213.69916,-2.615716
23.25,13163.1,641.0975,4.0502605
6.2,21982.291,170.95932,-0.19356805
162.75,19369.68,4487.682,23.024122
389.05,14356.74,10727.697,76.48159
55.8,10620.09,1538.6339,14.022942
60.449997,23844.09,1666.8534,6.2487736
122.45,18319.59,3376.4465,18.111378
130.2,22105.83,3590.1458,15.840427
5195.5996,13647.69,143263.9,1087.4927
46.5,14030.49,1282.195,8.476089
44.949997,23135.041,1239.4551,4.5553117
97.649994,19380.12,2692.6094,13.40671
102.299995,16291.62,2820.8289,16.953962
26.349998,17741.91,726.5771,3.2464814
139.5,28406.371,3846.585,13.041305
16245.55,31391.34,447956.2,1478.6997
8769.899,19029.51,241821.95,1316.6984
89.899994,11684.1,2478.9102,20.99953
13.95,10898.49,384.65848,2.6597955
83.7,17185.11,2307.951,12.925863
24.8,17852.4,683.8373,2.9719522
55.8,21487.26,1538.6339,6.4250975
69.75,21106.2,1923.2925,8.448941
17225.15,29523.45,474967.75,1667.1877
23.25,8613.87,641.0975,6.7174463
8236.7,31803.72,227119.47,739.4987
102.299995,18033.36,2820.8289,15.2198925
65.1,19723.77,1795.0729,8.437132
114.7,8577.33,3162.7476,37.23493
3.1,14117.49,85.47966,-0.37215394
35.649998,26353.17,983.01605,2.8679037
27.9,10828.89,769.31696,6.3666368
12.4,12766.38,341.91864,1.7771726
46.5,12558.45,1282.195,9.586829
292.94998,19596.75,8077.8276,41.74235
116.25,20899.14,3205.4873,14.904262
9445.7,35354.19,260456.55,762.9101
782.75,18903.36,21583.615,117.39493
68.2,17153.791,1880.5525,10.367717
232.5,21823.08,6410.9746,29.461823
43.399998,22021.44,1196.7152,4.634988
9.299999,14826.54,256.43896,0.7934617
97.649994,20652.06,2692.6094,12.519413
29.449999,16925.85,812.05676,3.9748936
31.0,7813.47,854.79663,10.344013
-21.699999,13913.91,-598.3576,-5.459226
66.65,15225.0,1837.8129,11.516758
151.9,13578.09,4188.5034,30.9866
3220.9,14961.39,88813.37,614.5372
220.09999,19401.87,6069.0557,31.43586
60.449997,26354.041,1666.8534,5.5584025
124.0,14241.03,3419.1865,23.89598
85.25,15918.39,2350.6907,14.312434
-13.95,16025.4,-384.65848,-3.4889393
285.19998,26474.97,7864.1284,29.800869
159.65,16791.0,4402.2026,26.185753
26.349998,14207.97,726.5771,4.3027062
52.699997,17552.25,1453.1542,7.584733
0.0,16530.87,0.0,-1.0
-6.2,18676.291,-170.95932,-1.9491831
65.1,19503.66,1795.0729,8.543635
71.299995,15093.63,1966.0321,12.506562
94.549995,14228.85,2607.1296,17.999435
128.65,10634.01,3547.406,33.59089
111.6,33618.54,3077.2678,8.491488
161.2,18567.541,4444.9424,23.823305
74.399994,19515.84,2051.5117,9.900204
79.049995,14870.91,2179.7312,14.198939
24.8,14125.32,683.8373,4.019984
15.5,17512.23,427.39832,1.5306916
55.8,39190.89,1538.6339,3.0709715
32.55,16410.81,897.53644,4.6711345
43.399998,14616.0,1196.7152,7.4900484
82.149994,10142.46,2265.211,22.15865
55.8,10843.68,1538.6339,13.713178
2681.5,14895.2705,73939.91,513.7287
51.149998,20904.36,1410.4144,5.9961286
204.59999,17694.93,5641.6577,32.060223
85.25,12323.55,2350.6907,18.779146
5673.0,19375.77,156427.78,836.14905
128.65,15779.19,3547.406,22.311705
26.349998,4571.85,726.5771,15.479256
158.09999,17735.82,4359.4624,24.487635
145.7,26274.871,4017.5442,14.8550625
60.449997,12073.86,1666.8534,13.315256
34.1,16800.57,940.27625,4.8033576
58.899998,16983.27,1624.1135,8.916147
-38.75,11654.5205,-1068.4958,-10.506624
38.75,18839.85,1068.4958,4.880893
-4.6499996,25220.43,-128.21948,-1.5271685
139.5,12544.53,3846.585,30.795729
13.95,7870.02,384.65848,4.0681257
-4.6499996,22900.14,-128.21948,-1.5805823
82.149994,18313.5,2265.211,11.825821
80.6,18379.62,2222.4712,11.538555
-40.3,18328.291,-1111.2356,-7.2868347
15.5,8319.81,427.39832,4.326811
1046.25,7361.94,28849.387,405.34244
93.0,14101.83,2564.39,17.856298
65.1,16933.68,1795.0729,9.992048
63.55,15239.79,1752.3331,10.923
120.899994,22217.19,3333.7068,14.55916
151.9,20848.68,4188.5034,19.831867
20.15,8662.59,555.6178,5.6508365
65.1,27339.75,1795.0729,5.8082485
44.949997,17092.02,1239.4551,6.5194364
54.25,5802.0303,1495.8942,25.734297
21.699999,11908.561,598.3576,4.2101407
119.35,16115.01,3290.967,20.17585
46.5,8506.86,1282.195,14.629052
238.7,17110.291,6581.934,38.88816
86.799995,10990.71,2393.4304,21.580988
155.0,14998.8,4273.9834,28.547735
-9.299999,27628.59,-256.43896,-1.9624388
15.5,9474.3,427.39832,3.677713
3803.7,15486.0,104883.55,701.2892
27776.0,47394.992,765897.8,1674.6614
89.899994,11035.95,2478.9102,22.291578
80.6,41310.21,2222.4712,4.578618
-20.15,27776.49,-555.6178,-3.074181
15.5,11154.2705,427.39832,2.9731917
-12.4,8278.05,-341.91864,-5.282946
0.0,16479.541,0.0,-1.0
63.55,8875.74,1752.3331,19.471987
141.05,25035.121,3889.3247,15.10914
91.45,14939.64,2521.65,16.502197
20.15,18798.09,555.6178,2.0648575
32.55,19498.44,897.53644,3.7730951
55.8,16476.93,1538.6339,8.682932
71.299995,23857.14,1966.0321,7.5451584
26382.549,37794.54,727474.6,1994.8903
75.95,16389.93,2094.2517,12.249506
105.399994,21605.58,2906.3083,12.948377
11243.699,33364.5,310034.72,962.5486
79.049995,11602.32,2179.7312,18.480762
102.299995,14182.74,2820.8289,19.6236
2337.4,13570.26,64451.664,491.48593
15.5,9749.22,427.39832,3.5458055
10.849999,21637.77,299.1788,0.4337262
6178.3,24353.91,170360.97,724.3528
136.4,21157.53,3761.105,17.4331
18.599998,18194.31,512.8779,1.9229829
43.399998,19858.62,1196.7152,5.2486997
13.95,10431.3,384.65848,2.8237083
-10.849999,17566.17,-299.1788,-2.7660446
4.6499996,16563.93,128.21948,-0.19732726
153.45,32991.27,4231.243,12.298934
539.39996,7495.05,14873.461,204.77159
71.299995,8472.06,1966.0321,23.062984
9727.8,22538.22,268235.2,1233.0819
404.55,10781.04,11155.096,106.29032
125.549995,12548.01,3461.9263,27.608221
68.2,19513.23,1880.5525,8.993191
86.799995,21620.371,2393.4304,10.479039
685.1,21847.44,18891.006,88.66076
31.0,18052.5,854.79663,3.9099078
30680.7,43910.64,845992.2,1996.7651
35.649998,18615.39,983.01605,4.4756584
35.649998,16373.4,983.01605,5.2254333
86.799995,46378.832,2393.4304,4.3511715
210.79999,16346.43,5812.6167,35.871994
1005.94995,16850.16,27738.15,169.6952
127.1,11211.69,3504.6663,31.413315
23.25,10380.84,641.0975,5.403825
35.649998,10750.59,983.01605,8.481482
88.35,10999.41,2436.1704,21.966042
-1.55,9166.32,-42.73983,-1.483488
48.05,7144.44,1324.9348,18.229774
199.95,13889.55,5513.4385,40.160652
38.75,18251.73,1068.4958,5.070391
75.95,19524.541,2094.2517,10.122334
110.049995,20269.26,3034.5278,14.52391
15.5,20879.13,427.39832,1.1226006
93.0,18089.041,2564.39,13.699968
52.699997,15519.061,1453.1542,8.709439
0.0,15124.95,0.0,-1.0
136.4,10862.82,3761.105,34.902172
71.299995,18786.78,1966.0321,9.851409
220.09999,18796.35,6069.0557,32.480774
35.649998,15616.5,983.01605,5.5271683
18.599998,15509.49,512.8779,2.4289756
21.699999,9831.87,598.3576,5.310628
10.849999,10899.36,299.1788,1.8462803
5192.5,17637.51,143178.44,840.75995
55.8,33709.89,1538.6339,3.732884
12.4,21039.21,341.91864,0.6851603
-40.3,8781.78,-1111.2356,-14.121138
-9.299999,12647.19,-256.43896,-3.1025088
83.7,27088.32,2307.951,7.834711
-31.0,17475.69,-854.79663,-6.071966
2865.95,15225.0,79025.945,537.2206
77.5,21719.55,2136.9917,9.202342
164.29999,23784.06,4530.422,18.75152
139.5,15614.76,3846.585,24.543941
106.95,19479.3,2949.0483,14.698437
62.0,16151.55,1709.5933,9.975554
122.45,11162.97,3376.4465,30.36375
75.95,14959.65,2094.2517,13.516279
141.05,16842.33,3889.3247,22.94528
201.5,21320.22,5556.178,26.022926
17.05,13976.55,470.13812,2.4879751
489.8,19010.37,13505.786,72.66772
-13.95,11918.13,-384.65848,-4.346687
616.89996,9939.75,17010.453,176.45503
43.399998,14190.57,1196.7152,7.7445774
6189.15,21270.63,170660.14,830.9546
77.5,13598.97,2136.9917,15.294638
249.54999,15399.87,6881.113,45.332905
-44.949997,20699.041,-1239.4551,-7.209097
66.65,12338.34,1837.8129,14.445162
139.5,16965.0,3846.585,22.510904
80.6,24040.71,2222.4712,8.585984
170.5,16662.24,4701.3813,28.257685
44.949997,17875.02,1239.4551,6.1900535
20.15,17306.91,555.6178,2.328929
-29.449999,18256.95,-812.05676,-5.6121783
-4.6499996,22863.6,-128.21948,-1.5815101
-20.15,7345.41,-555.6178,-8.843465
114.7,20985.27,3162.7476,14.6278
99.2,16513.47,2735.349,16.17601
-40.3,17259.93,-1111.2356,-7.67598
31.0,11813.73,854.79663,6.5028048
-62.0,16976.31,-1709.5933,-11.442328
37.199997,15590.4,1025.7559,5.8223596
258.85,22966.26,7137.5522,31.22604
124.0,16277.7,3419.1865,20.78099
-7.75,15789.63,-213.69916,-2.4033914
105.399994,19577.61,2906.3083,14.393235
82.149994,16188.09,2265.211,13.509783
979.6,72482.31,27011.572,37.642544
35.649998,14997.061,983.01605,5.7967668
106.95,13293.6,2949.0483,22.003143
-1.55,17955.93,-42.73983,-1.2468157
75.95,15972.33,2094.2517,12.595916
252.65,23505.66,6966.5923,29.732355
195.29999,14717.79,5385.2188,36.940987
131.75,16221.15,3632.8857,22.22298
12009.399,38958.6,331148.2,880.3875
10.849999,14461.14,299.1788,1.1452415
145.7,20822.58,4017.5442,19.006634
133.3,10442.61,3675.6257,35.498085
227.84999,24614.041,6282.755,25.46763
99.2,12753.33,2735.349,21.240114
331.69998,18330.03,9146.323,50.740578
103.85,20817.36,2863.5686,13.263622
21.699999,18229.11,598.3576,2.4036372
116.25,22224.15,3205.4873,13.956046
128.65,16349.04,3547.406,21.499172
217.0,21216.69,5983.5767,28.24362
31.0,17606.19,854.79663,4.034372
120.899994,18225.63,3333.7068,17.966742
23.25,17841.09,641.0975,2.7260664
210.79999,26628.96,5812.6167,21.63421
79.049995,12660.24,2179.7312,16.852905
37.199997,5906.43,1025.7559,17.008055
-12.4,7303.65,-341.91864,-5.854346
35.649998,17881.98,983.01605,4.7002363
172.04999,23326.44,4744.121,20.088963
468.09998,14801.311,12907.429,89.424774
-9.299999,11199.51,-256.43896,-3.3742852
23.25,18009.0,641.0975,2.6913254
179.79999,27401.52,4957.8203,17.761347
158.09999,23623.11,4359.4624,18.135674
34.1,16892.791,940.27625,4.771676
1.55,11078.58,42.73983,-0.5999663
-18.599998,12003.39,-512.8779,-5.4305534
220.09999,20554.62,6069.0557,29.616783
62.0,27699.93,1709.5933,5.3997355
12.4,17438.28,341.91864,1.0331388
18.599998,19300.95,512.8779,1.7553909
-4.6499996,7095.72,-128.21948,-2.873723
93.0,13154.4,2564.39,19.214401
130.2,22176.3,3590.1458,15.786913
139.5,27110.07,3846.585,13.712707
-20.15,9651.78,-555.6178,-6.9692063
40.3,13806.03,1111.2356,7.3461304
145.7,12819.45,4017.5442,31.496693
96.1,13642.47,2649.8696,19.140924
110.049995,19065.18,3034.5278,15.504337
240.25,27929.61,6624.674,23.59504
213.9,17279.94,5898.0967,34.393013
-1.55,19318.35,-42.73983,-1.2294091
317.75,15222.39,8761.666,58.683147
240.25,19431.45,6624.674,34.351448
103.85,10722.75,2863.5686,26.691679
217.0,18692.82,5983.5767,32.192036
48.05,18688.47,1324.9348,6.3513756
124.0,19916.041,3419.1865,16.801954
49.6,6867.7803,1367.6746,19.649723
43.399998,10066.7705,1196.7152,11.326748
15.5,11016.811,427.39832,3.0227666
199.95,19762.92,5513.4385,27.92806
150.34999,12829.89,4145.7637,32.506535
31.0,18997.32,854.79663,3.6657166
199.95,15178.89,5513.4385,36.664345
86.799995,17351.28,2393.4304,13.30333
158.09999,14890.05,4359.4624,29.358805
437.09998,22113.66,12052.632,55.515705
4.6499996,24404.371,128.21948,-0.45520353
102.299995,18338.73,2820.8289,14.949804
159.65,21998.82,4402.2026,19.750021
719.19995,21366.33,19831.281,95.242905
661.85,19409.7,18249.908,96.496666
-10.849999,8707.83,-299.1788,-4.562614
148.79999,16071.51,4103.0234,25.472517
21.699999,12032.1,598.3576,4.1566453
113.149994,35870.1,3120.0076,8.01926
144.15,19172.19,3974.8042,20.497696
199.95,15861.84,5513.4385,35.042664
10.849999,14242.7705,299.1788,1.178132
9.299999,21642.99,256.43896,0.22861171
137.95,27641.64,3803.845,13.269438
26.349998,15748.74,726.5771,3.7839184
37.199997,11797.2,1025.7559,8.01598
155.0,18349.17,4273.9834,23.152622
110.049995,24621.0,3034.5278,11.780072
244.9,31098.15,6752.893,21.516619
4.6499996,6049.98,128.21948,1.1975965
15.5,14725.62,427.39832,2.0095882
-32.55,11944.23,-897.53644,-8.791872
1798.0,12523.65,49578.207,409.4949
705.25,46612.86,19446.623,42.259983
40.3,8130.15,1111.2356,13.172794
1382.6,18291.75,38123.93,215.11768
46.5,22851.42,1282.195,4.818201
0.0,10416.51,0.0,-1.0
85.25,17642.73,2350.6907,12.815848
24.8,18825.93,683.8373,2.7665544
-6.2,17791.5,-170.95932,-1.996387
158.09999,16830.15,4359.4624,25.859184
65.1,15249.36,1795.0729,11.20614
128.65,13398.87,3547.406,26.45305
97.649994,15927.96,2692.6094,16.52916
164.29999,17942.88,4530.422,25.181488
38.75,7818.69,1068.4958,13.17055
52.699997,11191.68,1453.1542,12.4636965
164.29999,24693.21,4530.422,18.024311
240.25,21333.27,6624.674,31.199932
89.899994,17650.56,2478.9102,13.562978
389.05,20908.71,10727.697,52.201897
108.5,20007.39,2991.7883,14.50559
175.15,15289.38,4829.601,31.754372
89.899994,13315.35,2478.9102,18.30439
243.34999,21475.08,6710.1533,31.40004
68.2,23403.871,1880.5525,7.33193
6.2,13039.561,170.95932,0.35949528
314.65,22936.68,8676.186,38.223484
434.0,24941.16,11967.153,48.753323
4.6499996,8472.06,128.21948,0.569325
4955.3496,23316.0,136639.23,606.67206
27.9,7200.99,769.31696,10.07799
65.1,8547.75,1795.0729,20.776003
17.05,15253.71,470.13812,2.1959345
0.0,7044.39,0.0,-1.0
65.1,13288.38,1795.0729,13.007413
133.3,16782.3,3675.6257,21.71055
79.049995,23440.41,2179.7312,8.64241
69.75,20816.49,1923.2925,8.580445
3797.5,25738.95,104712.586,420.84793
29.449999,11546.64,812.05676,6.292537
134.84999,18263.91,3718.3652,20.110872
175.15,11934.66,4829.601,40.961315
20.15,13672.92,555.6178,3.2136917
51.149998,16329.9,1410.4144,7.9559383
38.75,17995.08,1068.4958,5.1569686
10.849999,4759.77,299.1788,5.5176754
165.84999,15291.99,4573.1616,30.009905
117.799995,13080.45,3248.227,24.749664
2549.75,12404.46,70307.02,586.71765
46.5,17616.63,1282.195,6.5470824
17.05,19546.291,470.13812,1.494072
103.85,14480.28,2863.5686,19.505884
10.849999,16505.64,299.1788,0.8795173
35.649998,22862.73,983.01605,3.458414
68.2,15010.11,1880.5525,11.991205
54.25,11077.71,1495.8942,13.00228
100.75,9996.3,2778.089,27.8174
187.54999,41328.48,5171.5195,11.975276
-24.8,10174.65,-683.8373,-7.969172
446.4,13651.17,12309.071,92.49821
52.699997,17283.42,1453.1542,7.7182617
105.399994,25063.83,2906.3083,11.023811
-10.849999,16191.57,-299.1788,-2.9159746
44.949997,7297.56,1239.4551,16.611689
96.1,9602.19,2649.8696,27.61555
469.65,27432.84,12950.169,47.94998
106.95,19955.19,2949.0483,14.324062
34.1,9393.39,940.27625,9.379609
69.75,12921.24,1923.2925,14.434374
-7.75,13494.57,-213.69916,-2.6420698
65.1,23236.83,1795.0729,7.01038
246.45,28469.88,6795.6333,23.750967
85.25,18584.94,2350.6907,12.11542
558.0,18281.31,15386.34,86.272194
35.649998,10799.311,983.01605,8.438705
68.2,27260.58,1880.5525,6.153165
85.25,26458.44,2350.6907,8.212534
-9.299999,18822.45,-256.43896,-2.4127188
-12.4,10371.2705,-341.91864,-4.4185247
122.45,18751.98,3376.4465,17.670702
74.399994,19227.0,2051.5117,10.063953
241.79999,14827.41,6667.4136,45.627266
125.549995,24442.65,3461.9263,13.68647
37.199997,16895.4,1025.7559,5.295401
117.799995,11169.061,3248.227,29.156271
21.699999,16874.52,598.3576,2.6768618
94.549995,20087.43,2607.1296,12.458175
77.5,15233.7,2136.9917,13.546059
206.15,15987.99,5684.3975,35.867054
43.399998,15505.14,1196.7152,7.003187
7.75,21207.99,213.69916,0.044843316
96.1,19334.01,2649.8696,13.211844
268.15,28439.43,7393.9907,25.959131
20.15,11413.53,555.6178,4.047822
35.649998,14394.15,983.01605,6.0814543
1.55,15497.311,42.73983,-0.71402746
85.25,14504.64,2350.6907,15.80492
139.5,13313.61,3846.585,28.959002
99.2,20337.12,2735.349,12.946692
34.1,17125.95,940.27625,4.6930985
223.2,25411.83,6154.5356,24.113499
69.75,16560.45,1923.2925,11.0426235
-31.0,7572.48,-854.79663,-12.70503
864.89996,16832.76,23848.826,145.91278
69.75,20165.73,1923.2925,8.889612
96.1,12022.53,2649.8696,21.854752
10.849999,18656.28,299.1788,0.6628523
136.4,26918.67,3761.105,13.488043
206.15,16943.25,5684.3975,33.78849
15.5,9538.68,427.39832,3.6461415
57.35,15413.79,1581.3738,9.638318
6.2,16905.84,170.95932,0.048585653
58.899998,16175.91,1624.1135,9.411075
308.44998,19676.791,8505.227,43.82079
79.049995,19020.81,2179.7312,10.882882
147.25,17666.22,4060.284,22.832008
27.9,19498.44,769.31696,3.0912247
38.75,20615.52,1068.4958,4.3743563
26.349998,31762.83,726.5771,1.3719766
1.55,23329.05,42.73983,-0.81003064
44.949997,20016.96,1239.4551,5.420673
516.14996,41879.19,14232.363,34.239246
1421.35,13595.49,39192.426,297.92014
83.7,11860.71,2307.951,19.177334
187.54999,27867.84,5171.5195,18.242556
24.8,21931.83,683.8373,2.2331495
49.6,9461.25,1367.6746,13.9893265
113.149994,15369.42,3120.0076,20.049706
17.05,21169.71,470.13812,1.3028116
26.349998,18306.541,726.5771,3.1155066
26.349998,16934.55,726.5771,3.4489331
182.9,20556.36,5043.3,24.439962
93.0,9951.06,2564.39,25.72161
44.949997,19282.68,1239.4551,5.6651707
37.199997,9508.23,1025.7559,10.186447
206.15,20703.39,5684.3975,27.470222
96.1,9010.59,2649.8696,29.494335
179.79999,12325.29,4957.8203,40.710125
150.34999,20440.65,4145.7637,20.030893
1511.25,7364.55,41671.336,585.7311
27.9,18131.67,769.31696,3.399622
75.95,14442.0,2094.2517,14.0365925
80.6,18912.93,2222.4712,11.184991
69.75,18975.57,1923.2925,9.509894
283.65,18585.81,7821.389,42.636536
21.699999,14012.22,598.3576,3.4279404
23.25,20893.92,641.0975,2.1816473
172.04999,13870.41,4744.121,34.466175
74.399994,17162.49,2051.5117,11.394858
147.25,18750.24,4060.284,21.454193
15.5,10476.54,427.39832,3.2302184
41.85,18553.62,1153.9755,5.449348
34.1,21787.41,940.27625,3.4750485
330.15,34304.97,9103.584,26.517136
108.5,21557.73,2991.7883,13.390493
4109.05,18706.74,113303.29,627.0472
1260.1499,11157.75,34747.48,321.9197
133.3,13993.95,3675.6257,26.23572
60.449997,17495.7,1666.8534,8.879023
55.8,22552.14,1538.6339,6.074495
18.599998,6919.11,512.8779,6.6861997
100.75,12357.48,2778.089,22.311172
9.299999,21750.0,256.43896,0.22256684
124.0,14683.86,3419.1865,23.14518
41.85,23906.73,1153.9755,4.0052323
168.95,20806.05,4658.6416,22.217611
23.25,12306.15,641.0975,4.40194
58.899998,18892.05,1624.1135,7.914257
43.399998,11286.51,1196.7152,9.99459
106.95,9181.11,2949.0483,32.306927
10.849999,12611.5205,299.1788,1.4598649
4.6499996,14508.99,128.21948,-0.08364302
68.2,11745.87,1880.5525,15.60153
3.1,7353.24,85.47966,0.20540202
6148.8496,14286.2705,169548.9,1229.62
13.95,16417.77,384.65848,1.429456
139.5,15232.83,3846.585,25.1844
52.699997,18905.97,1453.1542,6.970042
4730.6,25988.64,130441.97,519.4532
3.1,9007.98,85.47966,-0.016026855
-1.55,11637.12,-42.73983,-1.3808335
26.349998,13201.38,726.5771,4.7070312
255.74998,19936.92,7052.072,35.678078
49.6,9181.98,1367.6746,14.445227
-9.299999,7209.69,-256.43896,-4.688207
356.5,12058.2,9830.161,83.53295
-24.8,10195.53,-683.8373,-7.9548993
46.5,18581.46,1282.195,6.1552052
111.6,15158.88,3077.2678,20.049707
137.95,56431.68,3803.845,5.989526
158.09999,16830.15,4359.4624,25.859184
43.399998,23563.95,1196.7152,4.2661185
240.25,20525.041,6624.674,32.467888
31.0,22922.76,854.79663,2.8667293
23.25,17308.65,641.0975,2.8406856
94.549995,18314.37,2607.1296,13.761094
-3.1,9374.25,-85.47966,-1.9455274
10355.55,19874.28,285544.8,1488.8096
220.09999,26109.57,6069.0557,23.1029
2507.9,8287.62,69153.05,864.2256
248.0,22486.89,6838.373,30.533432
80.6,18576.24,2222.4712,11.405841
6.2,11159.49,170.95932,0.58853316
31.0,10265.13,854.79663,7.63468
113.149994,13992.21,3120.0076,22.121563
122.45,23882.371,3376.4465,13.659877
500.65,28939.68,13804.966,48.464027
43.399998,16698.78,1196.7152,6.4311147
49.6,25028.16,1367.6746,4.6663284
119.35,16456.05,3290.967,19.736994
145.7,44158.59,4017.5442,8.433946
37.199997,4964.22,1025.7559,20.42599
38.75,39676.35,1068.4958,1.7924731
82.149994,19150.44,2265.211,11.265288
206.15,25178.67,5684.3975,22.409899
189.09999,10828.89,5214.2593,48.929424
124.0,14094.87,3419.1865,24.154146
75.95,11117.73,2094.2517,18.532625
102.299995,11435.28,2820.8289,24.578661
18906.9,35275.89,521340.47,1531.4678
-24.8,11801.55,-683.8373,-7.008438
44.949997,29424.27,1239.4551,3.3679028
13.95,19354.02,384.65848,1.0608768
41.85,15355.5,1153.9755,6.7925663
4.6499996,10304.28,128.21948,0.29028082
168.95,20333.64,4658.6416,22.757025
37.199997,20010.87,1025.7559,4.315277
37.199997,11240.4,1025.7559,8.462591
110.049995,26831.67,3034.5278,10.7271185
130.2,24598.38,3590.1458,14.13399
75.95,19674.18,2094.2517,10.03774
179.79999,14320.2,4957.8203,34.899597
18.599998,18139.5,512.8779,1.9318151
151.9,38637.57,4188.5034,10.240792
38.75,9100.2,1068.4958,11.175022
6.2,20871.3,170.95932,-0.15064126
24.8,26391.45,683.8373,1.6868129
-4.6499996,14308.89,-128.21948,-1.9291718
178.25,21145.35,4915.0806,23.102585
15.5,12981.2705,427.39832,2.4139996
-9.299999,7911.7803,-256.43896,-4.360916
82.149994,14991.84,2265.211,14.667567
3.1,25551.03,85.47966,-0.6531016
48.05,17631.42,1324.9348,6.7921104
117.799995,18156.03,3248.227,17.551258
46.5,24001.56,1282.195,4.5393963
4022.2498,13939.14,110909.86,824.0534
114.7,11866.8,3162.7476,26.636229
973.39996,15278.07,26840.613,181.16788
-10.849999,15981.03,-299.1788,-2.9412162
117.799995,22067.55,3248.227,14.263008
-60.449997,6806.0103,-1666.8534,-26.395262
29.449999,13339.71,812.05676,5.3123035
-17.05,12648.061,-470.13812,-4.854335
91.45,24486.15,2521.65,9.678547
206.15,19707.24,5684.3975,28.909317
156.54999,23528.28,4316.7227,18.024439
134.84999,14288.88,3718.3652,25.983713
69.75,13583.311,1923.2925,13.68208
57.35,12273.09,1581.3738,12.360678
54.25,11260.41,1495.8942,12.775093
79.049995,18863.34,2179.7312,10.98208
511.49997,22196.31,14104.144,64.88913
32.55,14061.811,897.53644,5.618487
150.34999,23969.371,4145.7637,16.934769
195.29999,28710.0,5385.2188,18.44993
151.9,20799.09,4188.5034,19.881535
12.4,6323.16,341.91864,4.607076
49.6,9654.39,1367.6746,13.68946
27.9,15923.61,769.31696,4.0096993
190.65,13351.0205,5256.999,39.829243
20.15,15164.97,555.6178,2.7991154
99.2,15175.41,2735.349,17.69047
158.09999,19605.45,4359.4624,22.057064
82.149994,13635.51,2265.211,16.226027
54.25,6725.97,1495.8942,22.061832
51.149998,20514.6,1410.4144,6.1290483
69.75,15115.38,1923.2925,12.193929
49.6,15245.01,1367.6746,8.302569
40.3,15365.07,1111.2356,6.4992785
34.1,12985.62,940.27625,6.508283
66.65,13411.92,1837.8129,13.208827
26.349998,20985.27,726.5771,2.59017
139.5,46913.01,3846.585,7.5021725
55.8,12079.95,1538.6339,12.207421
-24.8,8306.76,-683.8373,-9.536286
218.54999,14174.91,6026.316,43.083843
144.15,20885.22,3974.8042,18.734428
106.95,20182.26,2949.0483,14.151651
189.09999,21611.67,5214.2593,24.017977
58.899998,19642.86,1624.1135,7.5735273
106.95,20813.88,2949.0483,13.691857
55.8,11949.45,1538.6339,12.35166
37.199997,9704.85,1025.7559,9.959811
-46.5,15841.83,-1282.195,-9.392601
-41.85,19528.02,-1153.9755,-7.1275415
9447.25,31242.57,260499.28,863.5849
29.449999,11780.67,812.05676,6.1476665
139.5,21119.25,3846.585,17.886206
193.75,22563.45,5342.479,23.551907
60.449997,10092.0,1666.8534,16.126476
192.2,23777.1,5299.7393,22.112318
21.699999,23269.02,598.3576,1.6664326
10.849999,24694.95,299.1788,0.25623405
303.8,41945.31,8377.007,19.708725
1308.2,21323.7,36072.418,174.41252
86.799995,19850.791,2393.4304,11.502327
62.0,28248.03,1709.5933,5.2755604
2968.25,11692.8,81846.78,724.8234
292.94998,13862.58,8077.8276,59.422455
111.6,12623.7,3077.2678,24.277056
144.15,18316.98,3974.8042,21.501411
100.75,10761.03,2778.089,25.769495
105.399994,20587.68,2906.3083,13.638014
1426.0,20331.03,39320.645,199.54376
210.79999,18139.5,5812.6167,32.22724
268.15,20893.05,7393.9907,35.69652
68.2,18521.43,1880.5525,9.528315
12.4,21348.06,341.91864,0.66078043
58.899998,10053.72,1624.1135,15.750875
21.699999,14032.23,598.3576,3.421626
739.35,19668.09,20386.898,106.48228
16705.9,35090.582,460649.9,1360.2198
55.8,7524.63,1538.6339,20.203035
187.54999,20610.3,5171.5195,25.018467
80.6,12507.99,2222.4712,17.424532
62.0,16510.86,1709.5933,9.736704
97.649994,19500.18,2692.6094,13.318007
120.899994,24259.08,3333.7068,13.249542
182.9,22410.33,5043.3,22.335356
85.25,17460.03,2350.6907,12.960418
-4.6499996,19260.06,-128.21948,-1.6903101
12.4,16878.87,341.91864,1.1005225
12.4,15613.89,341.91864,1.270699
6103.9,18952.08,168309.45,919.8725
130.2,41906.16,3590.1458,7.883459
60.449997,20558.1,1666.8534,7.4074116
37.199997,12614.13,1025.7559,7.4320774
46.5,17807.16,1282.195,6.4663315
38.75,10996.8,1068.4958,9.075216
390.59998,41772.18,10770.4375,25.735855
46.5,9838.83,1282.195,12.513209
-51.149998,9924.09,-1410.4144,-15.736826
68.2,15435.54,1880.5525,11.633145
17.05,17146.83,470.13812,1.8430827
151.9,19093.89,4188.5034,21.746382
27.9,10848.03,769.31696,6.353639
21.699999,18778.95,598.3576,2.3039799
339.44998,11561.43,9360.022,82.948555
155.0,12960.39,4273.9834,33.195004
18.599998,12885.57,512.8779,3.1272259
1.55,19096.5,42.73983,-0.7679258
85.25,19574.13,2350.6907,11.452623
178.25,21495.96,4915.0806,22.709461
18.599998,25627.59,512.8779,1.075172
1167.15,26200.92,32183.094,126.36765
26.349998,12337.47,726.5771,5.106656
218.54999,27416.31,6026.316,21.792437
206.15,18875.52,5684.3975,30.227226
54.25,14586.42,1495.8942,9.634083
-18.599998,10741.0205,-512.8779,-5.951267
131.75,21540.33,3632.8857,16.488287
43.399998,18738.06,1196.7152,5.622379
80.6,15814.86,2222.4712,13.571982
-1.55,13149.18,-42.73983,-1.3370404
60.449997,19648.08,1666.8534,7.796809
31.0,11040.3,854.79663,7.0284147
251.09999,20856.51,6923.8525,33.423424
62.0,12862.08,1709.5933,12.782547
40.3,18250.86,1111.2356,5.3135076
354.94998,19317.48,9787.421,51.53705
106.95,18169.08,2949.0483,15.830492
24.8,18904.23,683.8373,2.7509532
-13.95,16624.83,-384.65848,-3.3991973
29.449999,3799.29,812.05676,21.163168
58.899998,13679.01,1624.1135,11.311461
108.5,29970.63,2991.7883,9.351013
120.899994,22787.041,3333.7068,14.170062
-37.199997,11601.45,-1025.7559,-10.168105
122.45,22453.83,3376.4465,14.592556
-4.6499996,9861.45,-128.21948,-2.348221
85.25,20316.24,2350.6907,10.997756
7.75,22446.0,213.69916,-0.012785077
80.6,15052.74,2222.4712,14.309763
244.9,20547.66,6752.893,33.0781
-12.4,12628.92,-341.91864,-3.807401
31.0,16185.48,854.79663,4.476273
175.15,19387.95,4829.601,24.83017
184.45,44162.07,5086.04,10.942032
34.1,14676.03,940.27625,5.6434665
63.55,19340.97,1752.3331,8.394773
1.55,19220.041,42.73983,-0.7694175
32.55,12573.24,897.53644,6.4020624
21717.049,25724.16,598827.75,2412.8406
82.149994,13993.95,2265.211,15.7848015
3.1,11528.37,85.47966,-0.231148
69.75,19204.38,1923.2925,9.384675
60.449997,33357.54,1666.8534,4.1814494
63.55,15262.41,1752.3331,10.90533
79.049995,22075.38,2179.7312,9.238648
5990.75,17326.92,165189.45,987.57324
124.0,18786.78,3419.1865,17.872017
-3.1,20869.56,-85.47966,-1.4247148
162.75,20315.37,4487.682,21.905788
113.149994,48323.28,3120.0076,5.6949463
93.0,36031.92,2564.39,6.3797984
289.85,26677.68,7992.3486,30.065205
167.4,23792.76,4615.902,19.116835
41.85,34728.66,1153.9755,2.4455333
22160.35,51764.13,611051.4,1223.0431
116.25,17373.9,3205.4873,18.131306
40.3,8458.14,1111.2356,12.623201
108.5,17235.57,2991.7883,16.999195
54.25,15270.24,1495.8942,9.157875
-44.949997,10954.17,-1239.4551,-12.732734
125.549995,28143.63,3461.9263,11.75515
-6.2,9443.85,-170.95932,-2.877118
131.75,25351.8,3632.8857,13.859042
38.75,16655.28,1068.4958,5.6522536
654.1,12962.13,18036.209,143.28354
3.1,8888.79,85.47966,-0.0028327107
18.599998,22980.18,512.8779,1.3142405
63.55,23564.82,1752.3331,6.710818
21021.1,30416.07,579637.56,1975.0654
212.34999,19133.91,5855.357,30.732004
18.599998,17722.77,512.8779,2.0007534
125.549995,20242.291,3461.9263,16.733973
22997.35,42600.42,634130.9,1542.5222
17.05,10750.59,470.13812,3.5346217
58.899998,19195.68,1624.1135,7.7732553
-13.95,11404.83,-384.65848,-4.497312
72.85,27425.01,2008.7721,6.59507
21.699999,12862.95,598.3576,3.8235645
-23.25,20106.57,-641.0975,-4.306237
155.0,8265.87,4273.9834,52.615715
153.45,13220.5205,4231.243,32.186947
113.149994,20387.58,3120.0076,14.868572
119.35,27753.0,3290.967,11.295933
79.049995,10935.03,2179.7312,19.669542
46.5,28232.371,1282.195,3.709281
4495.0,19185.24,123945.516,668.9023
44.949997,16530.87,1239.4551,6.7746882
31.0,16403.85,854.79663,4.4033723
430.9,25667.61,11881.673,46.99987
1475.6,22029.27,40688.32,190.5215
9651.85,48553.832,266140.94,567.3764
0.0,16810.14,0.0,-1.0
12.4,10061.55,341.91864,2.5237556
75.95,16994.58,2094.2517,11.778101
62.0,16912.8,1709.5933,9.481542
-13.95,8607.78,-384.65848,-5.633744
91.45,18000.3,2521.65,13.52623
27.9,12093.0,769.31696,5.5965843
-3.1,17759.31,-85.47966,-1.4990965
111.6,12487.11,3077.2678,24.553549
151.9,17459.16,4188.5034,23.876163
186.0,16553.49,5128.78,31.127163
26229.1,35850.96,723243.44,2090.855
7.75,36836.67,213.69916,-0.39845198
125.549995,20130.93,3461.9263,16.832075
32.55,10525.26,897.53644,7.8423386
215.45,18136.02,5940.8364,32.96671
173.59999,16015.83,4786.861,29.991972
237.15,19931.7,6539.1943,33.01949
27.9,17057.22,769.31696,3.6767578
