FITC-A_raw,FSC-A,Normalised_FITC_A,FITC_fluorescence
60.449997,5723.73,1666.8534,29.197165
128894.9,50644.44,3554159.0,7276.0093
41.85,27813.03,1153.9755,3.3022552
73098.0,32111.7,2015610.5,6507.6543
145.7,18012.48,4017.5442,22.127836
46.5,4174.2603,1282.195,30.850952
41222.25,25992.121,1136665.9,4533.6
45174.75,28207.14,1245652.4,4578.1587
151343.55,19324.44,4173159.8,22391.676
46.5,19660.26,1282.195,5.762584
143545.5,55211.94,3958135.8,7432.709
94483.34,45832.47,2605291.8,5893.2827
1103.6,21679.53,30430.76,144.54953
262143.0,92571.484,7228353.5,8095.737
160015.8,60585.93,4412289.0,7550.6187
262143.0,79199.58,7228353.5,9462.775
67617.195,43949.79,1864482.2,4397.953
112610.59,33366.24,3105134.0,9648.859
144421.25,77735.37,3982283.8,5311.041
109901.195,53921.73,3030425.0,5826.5713
262143.0,34652.97,7228353.5,21628.518
672.69995,28735.23,18549.086,65.93538
111727.09,56084.55,3080772.5,5694.9253
117837.195,56296.832,3249252.8,5983.7695
262143.0,77196.84,7228353.5,9708.296
967.19995,16161.99,26669.654,170.10805
183777.3,59300.94,5067491.0,8859.93
142810.8,51665.82,3937877.0,7902.268
1669.35,59094.75,46030.797,79.769516
2256.8,34440.69,62229.195,186.35712
97781.75,50422.59,2696242.2,5543.746
308.44998,20600.73,8505.227,41.81058
49646.5,46210.05,1368956.9,3070.8584
35208.25,42799.65,970835.3,2351.0862
170.5,23361.24,4701.3813,19.867838
235.59999,23680.53,6496.454,27.446764
59755.598,24301.71,1647706.0,7029.573
272.8,21302.82,7522.21,35.61476
39201.047,77252.52,1080933.0,1449.8883
74572.05,46830.36,2056256.0,4551.9995
262143.0,89710.05,7228353.5,8353.994
40300.0,59118.242,1111235.6,1948.0928
91.45,23128.95,2521.65,10.305161
130333.3,74650.35,3593821.5,4990.976
111514.75,58147.32,3074917.2,5482.4214
169503.34,19073.88,4673899.5,25408.035
133808.39,85963.83,3689644.0,4449.58
168.95,15308.5205,4658.6416,30.55542
132593.2,44292.57,3656136.2,8558.322
77912.3,49303.77,2148360.2,4517.298
61628.0,33769.05,1699335.8,5217.05
254057.39,82566.48,7005400.0,8796.86
13137.8,18205.62,362262.8,2062.318
568.85,62494.71,15685.518,25.025763
151348.2,105852.03,4173288.2,4087.152
58748.098,41737.38,1619925.0,4023.5527
262143.0,93898.234,7228353.5,7981.333
109369.55,31453.98,3015765.2,9940.909
262143.0,143981.52,7228353.5,5204.7163
176.7,15630.42,4872.341,31.323242
22053.398,18514.47,608102.3,3404.7537
225171.6,45234.78,6208900.5,14231.791
97.649994,14394.15,2692.6094,18.397028
92868.25,44312.582,2560757.0,5991.24
262143.0,99133.89,7228353.5,7559.7544
30407.898,16041.93,838470.0,5418.744
81892.695,86826.0,2258116.2,2695.773
212630.55,77591.82,5863093.0,7834.3555
104857.5,17226.0,2891349.8,17403.602
113371.65,46296.18,3126119.5,7000.7773
220961.8,19784.67,6092819.5,31931.83
262143.0,122964.93,7228353.5,6094.453
253390.89,96187.2,6987022.0,7531.215
112450.945,49673.52,3100732.0,6471.7256
105392.25,43275.54,2906095.0,6962.302
94021.445,53323.17,2592555.2,5040.502
68.2,4733.67,1880.5525,40.194134
48.05,8886.18,1324.9348,14.460634
2745.0498,34484.19,75692.234,226.6036
39259.95,26273.13,1082557.1,4271.5474
166076.3,48726.09,4579402.0,9744.297
131.75,23650.08,3632.8857,14.928211
193.75,21727.38,5342.479,24.496662
243199.64,65101.23,6706007.5,10680.266
296.05,11667.57,8163.3076,71.54937
262143.0,153189.6,7228353.5,4891.806
158.09999,22210.23,4359.4624,19.352968
212886.3,87433.26,5870145.0,6960.776
220.09999,27066.57,6069.0557,22.250687
94026.09,31507.92,2592683.5,8531.526
164.29999,21109.68,4530.422,21.253836
97.649994,5447.94,2692.6094,50.249416
62.0,5389.65,1709.5933,31.891232
130085.3,36656.582,3586983.0,10145.71
153.45,21871.8,4231.243,19.060017
238558.94,99357.484,6578044.5,6864.056
137316.05,70065.45,3786364.5,5602.59
189.09999,20239.68,5214.2593,25.713873
96281.34,58768.5,2654870.0,4683.32
58.899998,3947.19,1624.1135,41.66544
89734.15,30856.291,2474337.0,8314.015
34141.848,11234.311,941430.2,8688.3955
165358.64,24388.71,4559613.5,19384.95
146664.1,36018.87,4044128.2,11641.404
85603.4,50568.75,2360435.5,4839.1387
189459.6,106490.61,5224175.0,5085.9126
103101.34,25604.1,2842925.2,11512.406
193419.84,81826.11,5333375.5,6757.6216
70952.8,57096.36,1956458.5,3552.122
249004.39,99708.96,6866068.5,7139.388
21850.35,68314.14,602503.4,913.5275
246082.64,107215.32,6785503.5,6561.557
294.5,43993.29,8120.568,18.14026
162.75,6899.97,4487.682,66.4408
45291.0,26989.14,1248857.9,4797.128
102332.55,67926.12,2821726.2,4306.507
183823.8,57049.38,5068773.0,9211.973
113870.75,49821.42,3139881.8,6533.9917
10191.25,31882.89,281014.4,912.94226
7094.3496,18912.06,195620.2,1071.5627
50472.65,18904.23,1391737.1,7632.8936
63218.297,39212.64,1743186.8,4608.6265
95180.84,58228.23,2624524.8,4672.744
91711.945,27447.63,2528873.0,9552.666
100.75,18618.87,2778.089,14.471797
149602.89,49932.78,4125162.8,8565.496
163218.1,110854.53,4500589.5,4208.8228
82163.945,26448.871,2265595.8,8881.253
73471.55,43531.32,2025910.8,4824.767
7.75,5664.57,213.69916,2.911864
52.699997,4726.71,1453.1542,30.8787
5917.9,21218.43,163180.67,796.4498
198.4,19200.9,5470.698,28.543983
88866.15,53882.582,2450402.8,4714.6
47668.7,36806.22,1314420.8,3702.063
94.549995,4796.31,2607.1296,55.36419
224949.94,51665.82,6202789.0,12447.917
4442.3,21414.18,122492.35,592.1375
198.4,23336.01,5470.698,23.30883
262143.0,109438.17,7228353.5,6847.862
178107.39,68009.64,4911148.5,7486.907
262143.0,76447.77,7228353.5,9803.432
167.4,21878.76,4615.902,20.876696
144.15,16347.3,3974.8042,24.212597
40034.95,41960.97,1103927.1,2726.99
262143.0,91893.75,7228353.5,8155.452
216421.84,55085.79,5967634.5,11232.382
69653.9,43366.89,1920642.5,4591.3623
71420.9,72696.33,1969366.0,2808.0654
336.34998,37844.13,9274.543,24.412178
213.9,12296.58,5898.0967,48.736523
118461.84,61360.23,3266477.0,5519.018
135395.6,25448.371,3733409.8,15211.254
223.2,21742.17,6154.5356,28.352177
61907.0,38453.13,1707028.9,4602.1704
158.09999,20293.62,4359.4624,21.275185
137004.5,69406.86,3777773.8,5642.9277
1460.1,16414.291,40260.92,253.33696
238.7,25910.34,6581.934,25.34076
112627.65,31993.38,3105604.5,10064.466
75551.65,49981.5,2083267.6,4320.9893
254651.05,90071.1,7021769.5,8082.6777
96639.4,56343.81,2664743.0,4903.0737
72.85,14220.15,2008.7721,13.647866
101658.3,58607.55,2803134.5,4958.504
139906.1,34917.45,3857782.5,11455.267
186031.0,45567.992,5129634.5,11671.782
152340.2,51860.7,4200641.5,8397.952
101817.945,72870.33,2807536.8,3994.0537
76484.75,37293.42,2108997.0,5862.9683
180778.05,62555.61,4984789.5,8261.822
5260.6997,46089.12,145058.98,325.35785
89683.0,23599.621,2472926.8,10864.609
61468.348,30312.541,1694933.5,5797.0
46.5,6523.2603,1282.195,19.381552
45185.598,25105.59,1245951.5,5145.104
45515.75,15029.25,1255055.1,8658.112
145.7,20598.12,4017.5442,19.224648
82890.9,41204.07,2285640.8,5750.9585
106681.84,43473.9,2941654.2,7015.345
144548.34,35897.07,3985788.2,11512.387
62.0,3312.96,1709.5933,52.508713
92358.3,47808.242,2546695.5,5522.5986
262143.0,89125.414,7228353.5,8408.801
333.25,36746.19,9189.063,24.930256
262143.0,62698.29,7228353.5,11953.504
221.65,26705.52,6111.796,22.730982
147618.89,70842.36,4070455.8,5956.9644
255.74998,17216.43,7052.072,41.47384
124675.8,49496.91,3437821.0,7200.9985
231063.14,80950.89,6371354.5,8160.275
69954.6,36486.06,1928934.1,5480.991
219278.5,80205.3,6046404.0,7816.0337
71172.9,31185.15,1962527.6,6524.531
25051.1,22892.31,690761.1,3127.86
205550.14,61000.05,5667857.0,9633.664
114134.25,46730.31,3147147.5,6982.3906
167877.39,67255.35,4629065.5,7135.978
145436.5,64863.72,4010278.5,6409.923
54958.348,34293.66,1515426.1,4581.1445
124657.195,57997.68,3437308.2,6144.479
266.6,30607.47,7351.2515,23.904722
206.15,21065.31,5684.3975,26.981077
262143.0,46357.95,7228353.5,16167.251
621.55,4202.97,17138.672,421.8329
262143.0,84018.51,7228353.5,8919.975
201884.39,73320.12,5566777.5,7871.7886
640.14996,60739.05,17651.549,29.134409
68745.6,48198.0,1895597.1,4077.166
172477.8,50065.89,4755917.5,9849.091
127.1,20331.9,3504.6663,16.873787
203474.69,57110.28,5610628.5,10185.972
102.299995,15111.9,2820.8289,18.35555
89.899994,24524.43,2478.9102,9.48117
52.699997,18607.56,1453.1542,7.0978575
19024.7,8199.75,524588.7,6632.8584
25847.799,17862.84,712729.44,4136.348
249041.6,90456.51,6867094.0,7870.9272
9475.149,29513.88,261268.58,916.9283
66154.0,42676.11,1824136.0,4431.2095
134220.7,100813.86,3701013.0,3805.6963
85945.945,20506.77,2369880.8,11982.318
236065.0,86176.11,6509276.5,7831.3794
66991.0,38271.3,1847215.5,5003.8633
262143.0,45578.43,7228353.5,16443.773
24666.7,34222.32,680161.7,2059.87
96991.25,42453.39,2674445.0,6531.346
232.5,17117.25,6410.9746,37.836308
101914.05,87096.57,2810186.5,3344.6611
640.14996,45728.94,17651.549,39.025757
169311.14,72031.65,4668600.0,6719.649
98550.55,41239.74,2717441.2,6831.6963
38511.297,26616.78,1061913.8,4135.963
151466.0,41600.79,4176536.5,10409.284
109634.59,34329.332,3023073.8,9130.271
55.8,3278.16,1538.6339,47.669067
97763.15,44205.57,2695729.5,6322.3496
111.6,5416.62,3077.2678,57.909428
76996.25,46856.46,2123101.2,4697.39
124311.55,65432.7,3427777.2,5431.073
73555.25,56877.992,2028218.8,3696.5874
379.75,30718.83,10471.259,34.34615
257042.69,38380.92,7087717.0,19147.68
53616.047,14082.69,1478413.5,10884.745
55383.047,28249.77,1527136.9,5604.456
30756.648,22823.58,848086.44,3852.0464
194283.19,33254.88,5357181.0,16703.32
85346.09,32863.38,2353340.5,7424.41
235.59999,13175.28,6496.454,50.12866
142779.8,69088.44,3937022.2,5907.951
154375.34,48932.28,4256759.0,9019.519
262143.0,110385.6,7228353.5,6789.079
115984.945,83433.0,3198178.8,3973.7766
141966.05,45091.23,3914584.0,9001.05
51.149998,17654.041,1410.4144,7.2841988
32235.35,33550.68,888860.25,2746.1353
92378.445,24850.68,2547251.0,10627.7295
122.45,6997.41,3376.4465,49.0346
64436.598,38582.76,1776780.2,4774.164
83.7,9124.56,2307.951,25.22784
117.799995,21528.15,3248.227,14.6454315
249244.64,52791.6,6872693.0,13498.261
156470.94,79574.55,4314543.0,5621.2285
126118.84,72267.42,3477611.8,4988.8374
246059.39,69252.0,6784862.5,10158.133
50534.65,32846.85,1393446.8,4397.9043
130545.65,60469.35,3599676.8,6171.713
861.8,34143.15,23763.346,71.169205
111125.695,54691.68,3064189.5,5808.5464
105505.4,15271.11,2909214.8,19752.908
23.25,9924.96,641.0975,5.6979694
319.3,32213.49,8804.405,27.340672
299.15,35430.75,8248.787,23.141132
178014.39,59998.68,4908584.0,8482.253
1619.75,15762.66,44663.125,292.8106
20773.1,18140.37,572799.25,3273.1924
160387.8,96452.55,4422547.0,4753.5195
322.4,37802.37,8889.885,23.385124
582.8,27926.13,16070.177,58.67024
193.75,46727.7,5342.479,10.855402
328.59998,45720.242,9060.844,19.54982
64546.65,28341.121,1779814.8,6510.8687
128705.8,22745.28,3548944.5,16178.154
186.0,30952.86,5128.78,16.181503
76683.15,39191.76,2114467.8,5593.408
0.0,3901.08,0.0,-1.0
210.79999,10102.44,5812.6167,58.661377
130.2,23641.38,3590.1458,14.746613
262143.0,78989.04,7228353.5,9488.0
34888.95,22192.83,962030.9,4493.9434
150235.3,118692.36,4142601.0,3618.08
165668.64,67260.57,4568161.0,7041.5303
26171.75,40224.45,721662.06,1859.3372
59961.75,25680.66,1653390.4,6675.0117
75695.8,55445.97,2087242.4,3902.4695
227.84999,13856.49,6282.755,46.0159
2326.55,21033.12,64152.49,315.26978
141707.2,37885.89,3907446.5,10693.572
229286.84,86656.35,6322375.0,7564.3276
262143.0,156690.48,7228353.5,4782.4873
48318.15,55514.7,1332328.8,2487.5781
247034.34,116878.414,6811746.0,6042.2705
27173.049,51128.16,749271.94,1518.5927
172496.39,45577.56,4756430.0,10820.262
75.95,16182.0,2094.2517,12.419754
34423.95,52740.27,949208.94,1865.2395
97216.0,33697.71,2680642.2,8247.716
262143.0,95322.42,7228353.5,7862.071
262143.0,262143.0,7228353.5,2858.2292
15667.399,89984.1,432014.22,496.82895
52828.65,39598.92,1456701.6,3813.478
127282.9,68968.38,3509709.5,5275.7803
127270.49,44396.1,3509367.5,8195.564
262143.0,62322.45,7228353.5,12025.597
184656.14,72439.68,5091724.0,7287.4673
26638.299,18771.12,734526.75,4056.5635
63.55,23898.9,1752.3331,6.603029
75108.35,19476.69,2071044.1,11025.1045
178445.3,68609.94,4920466.0,7435.4746
198.4,23538.72,5470.698,23.099485
241.79999,39457.98,6667.4136,16.521465
215860.75,94423.71,5952162.5,6535.445
118393.65,64244.28,3264596.5,5268.1787
262143.0,101644.71,7228353.5,7372.989
126746.59,53960.88,3494921.5,6714.932
427.8,34887.0,11796.193,34.06115
262143.0,92440.11,7228353.5,8107.244
262143.0,103752.72,7228353.5,7223.167
92042.09,57629.67,2537976.5,4565.5615
1.55,5641.08,42.73983,-0.21436936
58377.65,16878.87,1609710.2,9887.997
82.149994,15720.03,2265.211,13.941808
76765.3,52186.95,2116732.8,4204.833
297.59998,21649.08,8206.047,38.304512
300.69998,11235.18,8291.527,75.52483
262143.0,46785.12,7228353.5,16019.626
170741.8,93925.2,4708049.0,5196.6465
17301.1,14791.74,477062.0,3343.2861
95059.945,61719.54,2621191.0,4402.762
262143.0,113881.26,7228353.5,6580.6533
262143.0,106098.24,7228353.5,7063.4614
246.45,3214.65,6795.6333,218.2018
125.549995,5507.1,3461.9263,64.18426
83157.5,39568.47,2292992.0,6007.986
262143.0,51705.84,7228353.5,14494.982
310.0,41792.19,8547.967,20.208775
121391.34,54661.23,3347255.2,6348.7603
116.25,11206.47,3205.4873,28.660135
556.45,23304.69,15343.6,67.2703
199.95,18692.82,5513.4385,29.584091
93957.9,88780.02,2590803.0,3024.9866
262143.0,125134.71,7228353.5,5988.7607
0.0,4750.2,0.0,-1.0
153099.69,77505.69,4221584.0,5646.936
262143.0,108534.24,7228353.5,6904.9033
123485.4,33103.5,3404997.0,10664.732
81089.8,29719.2,2235977.0,7800.5
114486.09,24428.73,3156849.2,13398.877
30860.5,15754.83,850950.06,5599.6475
82847.5,34182.3,2284444.0,6928.902
6519.3,54849.15,179763.73,338.84436
54851.4,16085.43,1512477.1,9748.986
162.75,3284.25,4487.682,140.68823
262143.0,72989.52,7228353.5,10267.967
283.65,40946.55,7821.389,18.806807
179.79999,18872.041,4957.8203,26.240797
44512.9,33072.18,1227402.5,3847.328
144.15,10895.88,3974.8042,36.826946
275.9,34727.79,7607.69,21.715565
85.25,10015.44,2350.6907,23.33735
42581.598,47477.64,1174148.6,2563.3767
176779.05,75827.46,4874520.5,6664.8154
262143.0,59173.05,7228353.5,12665.694
877.3,8907.06,24190.744,280.6195
154229.64,38520.99,4252741.5,11446.731
205381.19,71809.8,5663198.5,8176.6016
244.9,32962.56,6752.893,20.243048
5301.0,19539.33,146170.22,774.7059
34.1,20153.55,940.27625,3.837843
69608.945,41910.51,1919403.0,4747.8784
43.399998,13914.78,1196.7152,7.9178944
97.649994,3411.27,2692.6094,80.84745
174598.19,63075.87,4814385.5,7913.5366
138438.25,39183.93,3817308.0,10100.761
317.75,39113.46,8761.666,22.227814
136175.25,23398.65,3754908.0,16639.115
4192.75,16565.67,115611.24,722.6673
236165.75,92234.79,6512054.5,7320.0127
58679.9,26472.36,1618044.5,6336.9043
85.25,16231.59,2350.6907,14.01697
262143.0,43834.082,7228353.5,17098.184
151.9,19360.11,4188.5034,21.4336
129211.09,45310.47,3562877.8,8152.616
154163.0,64207.742,4250903.5,6864.019
170219.44,54288.0,4693645.5,8964.083
29126.049,21650.82,803124.1,3845.4155
76549.84,44279.52,2110792.0,4941.9976
1548.45,12289.62,42697.09,359.25308
204731.75,107317.11,5645290.5,5453.629
1044.7,66742.05,28806.645,43.754948
118254.15,51038.55,3260750.0,6623.713
50063.45,21258.45,1380453.9,6732.4585
133087.64,60267.51,3669770.0,6312.984
152158.84,57342.57,4195641.0,7585.982
53216.15,37281.24,1467386.6,4080.3335
262143.0,107033.49,7228353.5,7001.7334
41.85,4415.25,1153.9755,26.10124
3166.65,21970.98,87317.48,411.09714
-10.849999,4101.18,-299.1788,-8.56432
36869.848,22537.35,1016652.3,4676.5396
200497.14,82579.53,5528525.0,6941.002
164.29999,26933.46,4530.422,16.441923
262143.0,84313.44,7228353.5,8888.769
203367.75,64708.86,5607679.5,8985.019
149869.5,43326.0,4132514.2,9889.395
99.2,28107.96,2735.349,9.090933
475.84998,41945.31,13121.128,31.436626
398.34998,38788.082,10984.136,28.364017
98549.0,31022.46,2717398.5,9081.909
262143.0,71043.33,7228353.5,10549.279
167303.89,41204.07,4613251.5,11608.536
127978.84,88964.46,3528899.5,4112.113
65954.05,36667.02,1818622.5,5141.98
18.599998,3774.93,512.8779,13.088119
154987.6,55607.79,4273641.0,7968.1187
92849.65,73121.76,2560244.0,3629.635
262143.0,130736.64,7228353.5,5732.106
59692.047,27103.98,1645953.6,6295.981
198.4,12992.58,5470.698,42.661156
14520.399,41391.12,400386.72,1002.0448
156.54999,8351.13,4316.7227,52.59901
262143.0,135432.03,7228353.5,5533.3403
139493.8,59220.9,3846413.8,6733.865
480.5,46824.27,13249.348,28.340761
494.44998,56528.25,13634.006,24.009546
133.3,25102.11,3675.6257,14.183396
21611.648,35837.04,595921.44,1723.2681
181980.84,88418.1,5017955.5,5883.824
77743.34,31968.15,2143701.5,6952.3594
119480.195,62219.79,3294557.0,5489.5566
155179.8,50045.01,4278941.0,8864.911
249325.25,32968.65,6874915.5,21621.908
41398.95,36147.63,1141538.1,3273.6018
141.05,24862.86,3889.3247,15.220753
190899.55,130908.03,5263880.5,4168.535
262143.0,113044.32,7228353.5,6629.3813
203.04999,28701.3,5598.9175,19.22788
167902.19,60650.31,4629749.0,7914.39
2301.75,13860.84,63468.652,473.80756
254804.48,75069.69,7026000.5,9703.908
210893.0,36385.14,5815181.5,16571.465
103925.945,18337.86,2865662.8,16203.077
245766.44,79787.7,6776784.5,8806.153
97.649994,15368.55,2692.6094,17.167213
816.85,15148.44,22523.89,153.17834
258.85,12838.59,7137.5522,56.64742
103736.84,59695.92,2860448.5,4967.638
48914.9,36700.082,1348783.6,3809.861
26858.398,32919.93,740595.75,2331.7607
104587.8,22156.291,2883912.8,13495.865
69319.1,54495.93,1911410.9,3635.9546
55.8,5258.28,1538.6339,29.341671
218.54999,18708.48,6026.316,32.40114
89701.59,43271.19,2473439.5,5926.21
196323.0,86771.19,5413427.0,6468.1113
262143.0,49719.63,7228353.5,15074.072
49714.7,35701.32,1370837.4,3980.5256
192.2,23913.69,5299.7393,21.980305
229545.69,29295.51,6329512.5,22402.562
105723.945,40762.98,2915241.0,7414.773
250977.55,66676.8,6920476.5,10761.4
243983.94,108036.6,6727634.0,6456.127
212861.5,70763.19,5869461.0,8599.798
52379.15,49991.07,1444307.1,2994.815
163001.1,34977.48,4494606.0,13323.503
88201.195,36541.74,2432067.2,6900.353
21988.299,26683.77,606307.25,2355.0986
262143.0,68659.53,7228353.5,10915.575
12159.75,27616.41,335293.97,1257.944
187300.44,24816.75,5164638.0,21578.574
607.6,19636.77,16754.014,87.47014
227533.8,93994.8,6274036.5,6920.3545
206340.64,71405.25,5689654.5,8261.351
67851.25,25072.53,1870936.1,7736.643
51320.5,33032.16,1415115.9,4441.249
74.399994,5095.59,2051.5117,40.747208
119700.3,18079.47,3300626.2,18929.344
262143.0,104746.26,7228353.5,7154.644
266.6,38784.6,7351.2515,18.653948
191062.3,58282.17,5268368.0,9372.208
262143.0,135939.23,7228353.5,5512.6914
44472.598,22413.81,1226291.2,5672.1704
243779.34,61481.16,6721992.5,11336.148
424.69998,32636.31,11710.714,36.207478
23938.2,33180.93,660073.94,2061.7751
551.8,63949.35,15215.38,23.671442
172218.94,32858.16,4748779.5,14985.031
82267.8,42747.45,2268459.2,5501.609
79.049995,3035.43,2179.7312,73.4613
162133.1,61565.55,4470671.5,7528.79
85818.84,43954.14,2366376.0,5581.54
192496.05,47398.47,5307902.5,11610.985
677.35,21034.86,18677.307,91.07093
539.39996,42347.25,14873.461,35.41956
155.0,16265.5205,4273.9834,26.246626
262143.0,107175.3,7228353.5,6992.468
141.05,19681.14,3889.3247,19.49141
50495.9,22166.73,1392378.2,6512.336
72.85,9104.55,2008.7721,21.878107
50951.598,25668.48,1404943.8,5674.533
262143.0,95116.234,7228353.5,7879.116
18742.6,21614.28,516810.03,2478.3513
168.95,35636.07,4658.6416,12.555556
641.69995,64544.43,17694.29,27.426424
395.25,34379.79,10898.657,31.87136
262143.0,123272.04,7228353.5,6079.2676
164052.0,73004.31,4523584.0,6424.132
82590.195,21042.69,2277349.0,11221.154
169800.94,33347.1,4682105.5,14557.98
262143.0,132544.5,7228353.5,5653.908
214578.89,75616.05,5916816.5,8112.7573
66296.6,63585.69,1828068.1,2980.1296
212.34999,29432.97,5855.357,19.628477
39489.348,15797.46,1088882.6,7146.295
354.94998,25553.64,9787.421,38.715805
158.09999,32462.31,4359.4624,12.925198
262143.0,80206.17,7228353.5,9344.004
728.5,39178.71,20087.72,52.165314
110.049995,4568.37,3034.5278,67.877556
122454.65,47362.8,3376575.0,7391.425
351.84998,38243.46,9701.941,25.305668
164.29999,18505.77,4530.422,24.38513
222446.69,111413.07,6133764.0,5707.7207
262143.0,56905.832,7228353.5,13170.356
50350.2,28702.17,1388360.6,5014.7446
147549.14,33755.13,4068532.5,12497.154
206315.84,93757.29,5688970.5,6290.823
253375.39,79595.43,6986594.5,9100.758
99322.445,47801.28,2738725.5,5939.963
50458.7,39489.3,1391352.5,3652.4705
57484.848,21750.871,1585092.1,7555.5874
92156.8,39017.76,2541139.2,6752.268
179.79999,24099.871,4957.8203,20.331625
209.25,35989.29,5769.8774,15.624216
1714.2999,16702.26,47270.254,292.46786
87630.8,42147.15,2416339.0,5943.804
75808.945,48453.78,2090362.4,4472.442
262143.0,66608.94,7228353.5,11251.648
96286.0,41933.13,2654998.2,6564.304
114831.75,48201.48,3166380.5,6810.6226
171988.0,55409.43,4742412.0,8873.9
237095.75,51601.44,6537698.5,13136.445
179459.0,48244.98,4948418.0,10634.604
77039.65,50911.53,2124297.8,4325.6035
262143.0,108835.26,7228353.5,6885.8027
262143.0,71407.86,7228353.5,10495.421
262143.0,217352.97,7228353.5,3447.4321
147.25,18465.75,4060.284,21.80013
223.2,28405.5,6154.5356,21.466774
163580.8,63422.13,4510591.0,7373.635
74953.35,65697.18,2066770.1,3261.0706
39010.4,25380.51,1075676.0,4393.6978
1196.6,111102.484,32995.15,29.794575
147.25,23204.64,4060.284,17.14385
9868.85,43604.4,272124.5,646.1206
66155.55,35861.4,1824178.8,5273.582
183692.05,57927.21,5065140.0,9065.855
24731.799,32692.86,681956.75,2161.9766
77439.55,36091.082,2135324.8,6133.9624
262143.0,108661.26,7228353.5,6896.831
49.6,32887.74,1367.6746,3.3121777
94739.09,44609.25,2612343.8,6071.301
44364.098,109847.94,1223299.4,1153.7521
249.54999,33334.05,6881.113,20.405159
117.799995,16413.42,3248.227,19.520842
244252.1,57376.5,6735028.0,12170.756
691.3,43136.34,19061.965,44.82181
262143.0,37178.582,7228353.5,20159.182
48081.0,29226.78,1325789.6,4702.7207
208867.14,73433.22,5759320.5,8131.5464
101859.8,56494.32,2808690.8,5154.218
262143.0,44499.63,7228353.5,16842.443
209987.8,49610.01,5790221.5,12101.462
192950.19,88651.26,5320425.0,6222.136
255587.23,91747.59,7047584.0,7964.1406
110.049995,23784.93,3034.5278,12.229308
226053.55,44805.87,6233220.0,14424.319
53977.2,33595.05,1488371.9,4592.9263
63.55,19481.91,1752.3331,8.326808
193.75,28925.76,5342.479,18.151638
172174.0,57358.23,4747540.5,8581.639
262143.0,130179.84,7228353.5,5756.627
262143.0,123696.6,7228353.5,6058.3984
238.7,18912.93,6581.934,35.08632
11824.949,79907.76,326062.16,422.1159
114.7,18264.78,3162.7476,16.955519
169658.34,43425.18,4678173.5,11169.757
60180.297,39623.28,1659416.6,4341.6304
141.05,18778.95,3889.3247,20.475872
48961.4,36059.76,1350065.8,3881.2183
114965.05,50601.81,3170056.0,6495.041
305.34998,11946.84,8419.746,72.07921
262143.0,120597.664,7228353.5,6214.1035
115140.195,40363.65,3174885.5,8155.1562
262143.0,107866.08,7228353.5,6947.681
8658.3,24231.24,238744.7,1020.659
44512.9,16628.31,1227402.5,7652.97
262143.0,64272.992,7228353.5,11660.616
102501.5,56332.5,2826385.0,5201.5967
140738.45,78547.95,3880734.0,5122.03
1064.85,11847.66,29362.264,255.98325
88714.25,38170.38,2446214.2,6644.32
105130.3,42966.69,2898871.8,6994.922
162350.1,50133.75,4476655.5,9258.155
89842.65,60748.62,2477328.8,4227.5854
130.2,16657.02,3590.1458,21.349234
81433.9,48101.43,2245465.2,4839.567
83613.195,28977.09,2305557.2,8249.287
173.59999,10668.81,4786.861,45.52461
311.55,25363.11,8590.706,34.121593
127902.9,55079.7,3526805.5,6638.5376
322.4,25707.63,8889.885,34.85766
115485.84,42416.85,3184416.5,7783.6543
192179.84,85277.4,5299183.5,6442.5156
30163.0,12689.82,831717.1,6795.23
44588.848,49757.91,1229496.6,2561.2004
198004.75,41846.13,5459800.0,13528.112
83298.55,20412.81,2296881.2,11666.656
86999.945,62157.15,2398944.0,4000.9985
132238.25,59491.47,3646348.8,6354.5244
131940.64,39347.49,3638142.5,9586.615
107467.695,37458.72,2963323.5,8202.025
117.799995,3846.27,3248.227,86.569824
379.75,13229.22,10471.259,81.07532
356.5,4919.85,9830.161,206.1842
67341.3,29015.371,1856874.6,6634.938
204207.84,73887.36,5630844.5,7901.2593
51.149998,4936.38,1410.4144,28.62689
334.8,30957.21,9231.804,29.92236
65.1,10757.55,1795.0729,16.302809
184248.5,77067.21,5080484.0,6834.705
124612.25,43548.72,3436068.8,8180.5264
131810.45,39516.27,3634552.8,9536.245
203739.75,36981.09,5617937.0,15751.338
181.34999,24958.56,5000.56,19.775284
75.95,5536.68,2094.2517,38.221783
192100.8,59521.05,5297003.5,9226.999
131.75,9045.39,3632.8857,40.64591
683.55,69323.34,18848.266,27.1929
99926.945,59298.332,2755394.0,4817.2476
271.25,24781.08,7479.4707,30.296698
14658.35,11850.2705,404190.6,3535.7617
234718.05,72039.48,6472135.5,9314.902
177031.69,39317.04,4881487.0,12873.169
302.25,22527.78,8334.268,37.361618
151949.6,36007.56,4189871.0,12064.766
77692.195,34421.55,2142291.2,6452.51
18.599998,3796.68,512.8779,13.007411
43320.95,30376.92,1194535.5,4076.587
115930.695,35042.73,3196682.8,9458.093
262143.0,139460.12,7228353.5,5373.4897
244.9,28117.53,6752.893,23.903513
236774.89,47215.77,6528851.0,14337.297
115130.9,55718.28,3174629.2,5907.0366
262143.0,174624.66,7228353.5,4291.2173
262143.0,165100.77,7228353.5,4538.8154
164005.5,36213.75,4522301.5,12947.93
159477.94,96957.15,4397458.0,4701.9434
78459.445,35506.44,2163447.5,6317.1084
115938.445,96836.22,3196896.5,3422.2502
67062.3,35778.75,1849181.5,5358.228
75480.35,28874.43,2081301.6,7473.2817
145.7,6884.31,4017.5442,59.51292
102840.945,34760.85,2835745.0,8458.109
477.4,14613.39,13163.868,92.40722
361.15,28165.38,9958.381,35.66241
480.5,47147.04,13249.348,28.139893
111.6,18137.76,3077.2678,16.592579
120459.8,36622.65,3321568.8,9403.623
48330.547,25372.68,1332670.6,5445.335
45647.5,26212.23,1258688.0,4978.228
29.449999,18556.23,812.05676,3.5377913
73897.8,41153.61,2037664.1,5133.1973
29837.5,22601.73,822741.75,3773.5894
258600.44,53706.84,7130670.5,13766.296
262143.0,167367.98,7228353.5,4477.3174
95847.34,91238.64,2642902.8,3002.6565
41143.2,36045.84,1134486.1,3262.5623
217.0,27090.93,5983.5767,21.902601
15.5,3288.6,427.39832,12.476268
150474.0,62753.1,4149183.0,6855.071
210.79999,15138.87,5812.6167,38.813107
84817.55,34045.71,2338766.2,7122.1533
86266.8,29800.11,2378728.0,8276.035
240.25,6123.06,6624.674,111.18734
116282.55,43467.81,3206384.8,7647.8433
50609.047,30535.26,1395498.1,4737.878
623.1,12055.59,17181.412,146.78088
106951.55,55901.85,2949091.0,5469.2837
204.59999,35631.72,5641.6577,15.41791
79146.09,30155.07,2182381.2,7503.4375
171048.69,50674.89,4716511.0,9650.08
93891.25,64667.97,2588965.2,4150.3076
136641.8,60673.8,3767772.5,6438.192
88793.3,35189.76,2448394.0,7213.61
34961.8,23635.291,964039.7,4228.43
235998.34,57891.54,6507438.5,11654.82
269.69998,33703.8,7436.7305,21.879738
262143.0,139175.64,7228353.5,5384.475
28489.0,27532.89,785558.1,2957.5193
3323.2,22155.42,91634.195,427.8698
25559.5,6644.19,704779.8,10998.154
256900.1,54288.87,7083785.0,13529.145
89.899994,14560.32,2478.9102,16.65378
455.69998,45105.15,12565.51,27.886963
26943.648,25128.21,742946.44,3064.8
75281.945,33986.55,2075830.8,6332.339
937.75,38103.39,25857.598,69.367546
657.19995,19282.68,18121.688,96.44939
1404.2999,74600.76,38722.285,52.822716
200498.69,42596.94,5528568.0,13457.049
114.7,22352.91,3162.7476,13.671629
79.049995,3960.24,2179.7312,56.07282
224350.1,86278.77,6186248.5,7433.834
210.79999,27468.51,5812.6167,20.942417
90028.65,41144.04,2482457.8,6255.3755
75480.35,32668.5,2081301.6,6605.2305
1016.8,23641.38,28037.33,121.97355
107656.8,44869.38,2968537.8,6859.2573
262143.0,29619.15,7228353.5,25304.484
81999.65,44690.16,2261065.2,5245.251
262143.0,66925.62,7228353.5,11198.403
954.8,15935.79,26327.736,170.31201
212.34999,21522.93,5855.357,27.209791
62094.547,29178.93,1712200.4,6083.6147
7097.4497,80290.56,195705.69,251.74747
-13.95,3659.22,-384.65848,-11.900205
52749.598,30554.4,1454521.9,4935.2183
172262.34,69771.39,4749976.5,7058.3047
166862.14,32915.582,4601071.0,14493.568
91406.59,55848.78,2520453.2,4678.644
540.95,8209.32,14916.202,187.40782
210336.55,93086.52,5799838.0,6459.6606
530.1,36834.06,14617.021,40.148804
248.0,27668.61,6838.373,24.627918
225225.84,59487.12,6210396.5,10824.407
262143.0,66265.29,7228353.5,11310.004
131202.84,50185.95,3617798.5,7473.9814
21.699999,4323.03,598.3576,13.352265
1625.95,30295.14,44834.082,152.45576
127543.3,82389.0,3516889.8,4425.2646
126004.15,28377.66,3474449.2,12694.718
4575.6,9623.94,126167.984,1358.3901
231353.0,57988.98,6379347.5,11406.189
17.05,4316.94,470.13812,10.292688
262143.0,92377.47,7228353.5,8112.742
89762.05,49004.492,2475106.2,5236.281
27067.648,20555.49,746365.6,3764.058
187102.05,59071.26,5159168.0,9055.311
354.94998,16047.15,9787.421,62.24384
180085.19,62911.44,4965684.5,8183.598
29800.299,22754.85,821716.0,3743.5156
262143.0,190041.94,7228353.5,3943.0083
178288.75,35897.94,4916149.0,14199.491
125.549995,25581.48,3461.9263,13.0326605
99223.25,36887.13,2735990.2,7690.0845
66.65,16141.11,1837.8129,10.806353
236526.89,73173.09,6522012.5,9241.258
58577.598,8571.24,1615223.6,19539.555
50419.95,43340.79,1390284.0,3325.2476
262143.0,110200.29,7228353.5,6800.497
254.2,10822.8,7009.3325,66.15602
262143.0,87315.81,7228353.5,8583.092
74.399994,11820.69,2051.5117,16.996126
2588.5,29844.48,71375.52,246.98943
164915.34,40667.28,4547389.5,11593.844
48.05,3912.3901,1324.9348,34.115612
92522.59,39751.17,2551226.0,6653.982
238.7,32672.85,6581.934,19.888844
262143.0,77746.68,7228353.5,9639.63
186.0,20003.91,5128.78,25.585636
31.0,12835.11,854.79663,5.905754
132297.14,44646.66,3647972.8,8471.479
21579.1,30713.61,595023.94,2007.8683
150579.39,59860.35,4152089.0,7191.424
238.7,36696.6,6581.934,17.5984
262143.0,99989.1,7228353.5,7495.0864
229.4,31073.791,6325.495,20.108053
46487.598,25680.66,1281853.0,5174.829
8667.6,41673.87,239001.12,593.6809
77.5,10095.48,2136.9917,20.949453
134402.05,44957.25,3706013.5,8546.815
42614.15,39230.04,1175046.1,3104.8755
354.94998,7421.1,9787.421,135.75645
69320.65,42632.61,1911453.5,4648.109
151.9,22969.74,4188.5034,17.90822
384.4,38508.81,10599.479,27.541203
108.5,18970.35,2991.7883,15.353226
158.09999,22803.57,4359.4624,18.823391
478.94998,22399.89,13206.607,60.13547
167.4,18310.02,4615.902,25.140604
827.69995,8717.4,22823.068,270.47818
164.29999,24420.9,4530.422,18.236446
240536.75,50554.832,6632581.0,13603.036
257906.05,111621.87,7111523.5,6605.345
204717.8,95232.81,5644906.0,6145.36
186925.34,36544.35,5154295.5,14624.035
216265.3,63608.31,5963317.5,9720.246
258.85,25353.541,7137.5522,28.191645
32770.098,25079.49,903605.44,3735.0095
113779.3,45072.96,3137360.0,7216.6553
131529.89,71845.47,3626816.5,5233.4863
-6.2,4568.37,-170.95932,-4.880426
27621.0,14981.4,761623.8,5270.5215
138151.5,73228.77,3809401.2,5393.148
120238.15,63152.43,3315457.0,5442.788
84803.59,38640.18,2338381.5,6274.15
262143.0,66856.89,7228353.5,11209.916
262143.0,31149.48,7228353.5,24061.262
65.1,4963.35,1795.0729,36.502052
119571.65,30513.51,3297078.8,11203.308
165180.39,69158.04,4554698.0,6828.1206
15301.6,14977.05,421927.62,2920.1885
139864.25,77710.14,3856628.8,5145.0977
135508.75,43419.09,3736529.8,8922.508
155497.55,45756.78,4287702.5,9715.661
68576.65,48692.16,1890938.4,4025.8572
103775.59,28545.57,2861517.0,10393.545
240.25,21612.541,6624.674,30.783854
468.09998,28582.11,12907.429,45.82668
285.19998,33459.332,7864.1284,23.37144
443.3,37697.97,12223.592,32.622402
18727.1,40381.92,516382.66,1324.9664
131164.1,45437.492,3616730.0,8252.718
133761.89,46263.992,3688361.8,8265.816
285.19998,37314.3,7864.1284,20.85361
31675.799,23341.23,873431.2,3879.1887
22290.549,20872.17,614641.5,3052.5298
172956.75,65709.36,4769124.0,7524.9136
97002.09,42798.78,2674744.0,6479.3535
170315.55,55503.39,4696295.5,8772.721
283.65,33090.45,7821.389,23.5092
246.45,24194.7,6795.6333,28.124441
32.55,3557.43,897.53644,25.16156
120.899994,4317.81,3333.7068,79.059296
3427.0498,12607.17,94497.766,776.234
132817.95,38728.05,3662333.5,9804.734
69.75,4662.33,1923.2925,41.775017
116.25,23690.97,3205.4873,13.030046
235894.5,48446.82,6504575.0,13920.996
2011.8999,31701.93,55476.3,180.4553
125419.8,40875.21,3458336.2,8772.141
79828.09,43058.04,2201186.8,5299.911
69221.445,46029.09,1908718.0,4298.889
145397.75,28174.95,4009210.0,14754.146
248195.3,74541.6,6843758.5,9519.151
262143.0,74101.38,7228353.5,10113.885
163052.25,58336.11,4496016.5,7990.684
52658.15,34966.17,1452000.2,4304.9253
112083.59,71427.0,3090602.5,4485.7163
3916.8499,24102.48,108003.555,463.64813
129907.05,40620.3,3582068.0,9143.05
96546.4,44227.32,2662178.5,6240.578
93.0,11023.7705,2564.39,23.121359
149781.14,50943.72,4130078.0,8405.505
11373.899,32906.01,313624.88,987.2871
182.9,22221.541,5043.3,22.533606
33284.7,18390.06,917795.1,5174.001
37610.75,14616.87,1037082.0,7356.0986
2030.4999,56451.69,55989.176,101.84306
128.65,21138.39,3547.406,16.401508
230063.39,56472.57,6343787.5,11647.204
58318.75,34668.63,1608086.1,4808.728
27613.25,35244.57,761410.1,2239.1355
116.25,10938.51,3205.4873,29.386715
187064.84,36519.12,5158142.0,14645.062
44312.95,35312.43,1221889.0,3586.9966
122.45,20944.38,3376.4465,15.716303
96.1,15767.88,2649.8696,16.426056
229578.25,104010.24,6330410.0,6310.079
50875.65,44951.16,1402849.5,3235.0713
262143.0,61261.05,7228353.5,12233.968
118499.05,73464.54,3267502.8,4610.966
51559.2,22900.14,1421697.8,6436.4966
153222.14,72270.9,4224960.5,6060.8765
38571.75,20711.22,1063580.8,5323.9146
169976.1,56567.4,4686935.5,8590.533
129361.445,67090.92,3567023.5,5512.027
140335.45,26297.49,3869621.8,15257.157
173011.0,69186.75,4770620.0,7148.8965
72481.1,27157.05,1998600.1,7630.1714
163145.25,13347.54,4498581.0,34946.99
686.64996,48886.17,18933.744,39.16043
131.75,22254.6,3632.8857,15.926992
34966.45,33452.37,964167.9,2987.6401
103597.34,80925.664,2856602.0,3659.2551
183899.75,70300.35,5070867.5,7478.5015
86640.34,64807.17,2389028.2,3821.4878
308.44998,41067.48,8505.227,20.475124
105.399994,5637.6,2906.3083,52.455856
262143.0,76934.1,7228353.5,9741.454
48938.15,73944.78,1349424.6,1891.2955
141527.39,55010.1,3902488.2,7355.09
166346.0,46174.38,4586839.0,10299.548
235179.94,35027.94,6484871.5,19196.057
189.09999,26961.3,5214.2593,19.053938
46803.797,46979.13,1290571.9,2847.5583
119799.5,58442.25,3303361.5,5860.0723
334.8,41927.91,9231.804,21.831331
206305.0,56580.45,5688671.5,10424.391
225866.0,53350.14,6228048.5,12103.986
140870.2,60176.16,3884367.0,6692.3525
68.2,5391.39,1880.5525,35.168674
60501.15,36479.97,1668263.9,4740.963
235.59999,15734.82,6496.454,41.8117
138067.8,68139.27,3807093.2,5792.5386
214599.05,85273.92,5917372.5,7194.493
3510.75,78455.73,96805.72,126.945274
74742.55,65797.23,2060957.4,3246.9497
1426.0,30049.8,39320.645,134.68347
60609.65,20388.45,1671255.6,8498.759
111145.84,51483.992,3064745.0,6171.6265
22636.2,27166.621,624172.5,2381.412
262143.0,93668.55,7228353.5,8000.9067
283.65,26260.08,7821.389,29.884155
328.59998,39386.64,9060.844,22.85435
72.85,6183.96,2008.7721,32.683086
262143.0,136144.56,7228353.5,5504.376
129584.65,54368.91,3573178.2,6813.7817
176692.25,78192.12,4872127.0,6460.056
57.35,3181.59,1581.3738,50.53926
68868.05,15468.6,1898973.4,12728.629
220.09999,23704.02,6069.0557,25.54893
100.75,18064.68,2778.089,14.946443
262143.0,145541.44,7228353.5,5148.9214
13154.85,13333.62,362732.94,2819.8943
151.9,21368.94,4188.5034,19.324682
88298.84,28678.68,2434759.8,8802.287
4319.85,19490.61,119115.914,632.71246
79015.9,45415.742,2178791.0,4973.5874
19798.148,12656.76,545915.8,4471.507
203232.89,62999.31,5603961.0,9222.743
262143.0,79169.13,7228353.5,9466.414
128186.55,54553.35,3534626.8,6717.464
16581.9,15308.5205,457230.75,3096.0632
262143.0,101645.58,7228353.5,7372.9263
262143.0,72471.87,7228353.5,10341.315
204.59999,20324.07,5641.6577,27.783522
556.45,68618.64,15343.6,22.186384
141.05,19313.13,3889.3247,19.88187
67277.75,44258.64,1855122.4,4345.3267
193111.39,80386.26,5324870.0,6867.7085
262143.0,47012.19,7228353.5,15942.246
167.4,22489.5,4615.902,20.282598
229603.05,64131.18,6331094.0,10235.64
93.0,5159.1,2564.39,50.54161
200647.5,93507.6,5532671.5,6134.301
155.0,17389.56,4273.9834,24.48544
82907.945,51280.41,2286110.8,4621.678
201.5,10237.29,5556.178,55.27805
241950.34,61391.55,6671559.5,11267.514
87454.09,39348.36,2411466.8,6353.8096
83.7,5388.7803,2307.951,43.410328
162601.19,44323.89,4483579.0,10488.019
193.75,15533.85,5342.479,34.662487
1951.45,13712.94,53809.45,405.8889
48.05,5476.65,1324.9348,24.085768
78955.445,44187.3,2177124.2,5107.973
79.049995,12163.47,2179.7312,17.582039
43527.098,26533.26,1200219.9,4689.489
95822.55,50247.72,2642219.0,5451.5586
117716.3,41213.64,3245919.2,8165.662
26150.049,23096.76,721063.7,3236.2068
81399.8,40559.4,2244525.0,5737.2676
42595.547,5328.75,1174533.2,22854.348
74229.5,23740.56,2046810.5,8938.938
73572.3,47216.64,2028688.8,4454.2104
187156.3,55767.87,5160663.5,9594.539
85036.09,35532.54,2344792.5,6841.6772
198.4,14594.25,5470.698,37.86949
30063.799,13369.29,828981.75,6428.6084
66121.445,40983.96,1823238.4,4611.936
101354.5,60480.66,2794757.5,4790.544
134705.84,58151.67,3714390.5,6622.2817
4834.4497,25000.32,133305.53,551.90497
122.45,33755.13,3376.4465,9.37213
158.09999,16597.86,4359.4624,26.235086
49.6,4076.82,1367.6746,33.78637
181.34999,17473.95,5000.56,28.673958
112494.34,37082.88,3101928.5,8672.736
155.0,21579.48,4273.9834,19.537128
63977.797,28253.25,1764129.2,6473.554
32.55,4415.25,897.53644,20.078741
185327.3,63385.59,5110230.5,8358.838
45112.75,79061.25,1243942.9,1630.4908
350.3,37564.86,9659.202,25.662899
80663.55,45554.07,2224223.5,5061.8975
99753.34,55692.18,2750607.2,5120.3237
141.05,12105.18,3889.3247,32.315845
62771.9,60752.97,1730877.6,2953.2466
106590.4,57185.97,2939132.8,5328.391
52142.0,32946.9,1437768.0,4524.037
262143.0,91903.32,7228353.5,8154.6025
67318.05,47459.37,1856233.5,4054.6316
189405.34,44538.78,5222679.0,12158.141
82117.445,29546.07,2264313.5,7945.661
153184.94,68348.94,4223934.5,6407.159
61593.9,46777.29,1698395.4,3763.8845
104482.4,45907.29,2881006.5,6506.4443
143161.1,74994.87,3947536.2,5457.1123
54152.348,32413.59,1493201.5,4775.823
1531.3999,24657.541,42226.953,176.57747
56737.75,42002.73,1564491.5,3861.2783
232.5,31112.94,6410.9746,20.366377
165515.19,96054.09,4563930.0,4925.8687
52.699997,12318.33,1453.1542,11.232289
21620.95,43335.57,596177.9,1425.5245
262143.0,124099.414,7228353.5,6038.73
243739.05,84166.414,6720881.5,8279.095
67142.9,35067.09,1851404.0,5473.5615
568.85,13744.26,15685.518,117.33831
262143.0,133113.48,7228353.5,5629.737
421.59998,62083.2,11625.233,18.416702
282.1,34869.6,7778.6494,22.131569
105255.84,77066.34,2902333.5,3904.0845
368.9,12376.62,10172.08,84.222755
199429.19,70399.53,5499077.5,8098.682
233237.8,64213.832,6431319.0,10384.308
173.59999,9074.1,4786.861,53.700985
229.4,26143.5,6325.495,24.08873
147.25,26156.55,4060.284,15.096218
262143.0,216569.1,7228353.5,3459.9138
179564.39,53769.48,4951324.0,9547.461
176112.55,48925.32,4856142.5,10291.139
256796.23,85798.53,7080921.5,8556.715
42535.098,33715.98,1172866.4,3606.12
65867.25,40530.69,1816229.1,4645.592
80339.59,45775.92,2215290.8,5017.1255
52738.75,26683.77,1454222.8,5650.0825
99629.34,59644.59,2747188.0,4775.01
221.65,22157.16,6111.796,27.60241
144004.3,68416.8,3970786.8,6017.132
229496.1,72721.56,6328145.0,9022.211
1205.8999,33263.582,33251.586,102.655235
52307.848,13117.86,1442341.0,11400.26
139.5,9639.6,3846.585,40.3775
658.75,26215.71,18164.428,70.846886
82602.59,30980.7,2277691.0,7622.448
63776.297,38124.27,1758573.0,4782.07
160586.19,59320.95,4428017.0,7739.1445
241.79999,19548.03,6667.4136,34.367332
117305.55,33715.11,3234593.2,9947.165
162305.14,66375.78,4475416.0,6990.521
262143.0,52378.35,7228353.5,14308.861
72.85,10858.47,2008.7721,18.182709
965.64996,19854.27,26626.914,138.06403
151.9,11872.89,4188.5034,35.580555
119.35,19392.3,3290.967,16.59714
103949.195,19167.84,2866304.0,15504.899
152792.8,76245.93,4213121.5,5728.744
52971.25,49179.36,1460633.8,3078.6853
62223.2,48200.61,1715747.8,3690.0405
262143.0,167339.28,7228353.5,4478.0854
38.75,4605.78,1068.4958,23.055676
83.7,18679.77,2307.951,11.811587
15.5,9758.79,427.39832,3.5413475
208084.39,86715.51,5737736.5,6860.068
65.1,14884.83,1795.0729,11.505069
219025.84,36180.69,6039437.5,17307.822
139.5,7166.19,3846.585,54.658936
262143.0,69722.67,7228353.5,10749.118
109574.15,43471.29,3021407.0,7206.0015
178.25,28815.27,4915.0806,16.687067
795.14996,38722.832,21925.533,57.712547
81342.445,42676.98,2242943.5,5448.699
53490.5,24787.17,1474951.6,6169.1924
145.7,9744.0,4017.5442,41.75346
121213.09,58882.47,3342340.2,5884.895
262143.0,57379.11,7228353.5,13061.715
613.8,34602.51,16924.973,49.71871
120931.0,53754.69,3334561.8,6431.359
92201.75,42120.18,2542379.0,6257.8994
99558.05,52049.492,2745222.0,5468.0117
130658.8,49998.03,3602796.8,7470.963
130430.945,18899.01,3596514.0,19731.885
75068.05,28913.58,2069932.8,7422.3896
241449.69,53313.6,6657754.5,12948.042
166406.44,70807.56,4588505.5,6718.539
198923.89,66643.74,5485144.5,8533.471
72552.4,51470.07,2000566.0,4029.3801
48741.297,32416.2,1343996.6,4298.1636
262143.0,84915.48,7228353.5,8825.741
227155.6,142111.89,6263607.5,4569.2715
88229.09,50545.26,2432836.5,4989.917
262143.0,68519.46,7228353.5,10937.892
6982.75,32151.72,192542.94,619.97095
113534.4,64539.21,3130607.2,5028.824
175525.1,43521.75,4839944.0,11530.3955
80813.9,21377.64,2228369.2,10807.745
258.85,20824.32,7137.5522,34.54073
124319.3,46055.19,3427991.0,7717.074
48.05,4163.82,1324.9348,31.995174
117676.0,31940.31,3244808.0,10533.107
244236.6,82044.48,6734600.5,8510.584
262143.0,102086.67,7228353.5,7341.065
211948.55,80485.44,5844287.5,7528.431
457.25,51159.48,12608.25,24.55504
93251.09,45367.89,2571313.5,5875.9814
54091.9,50043.27,1491534.6,3089.5483
300.69998,14045.28,8291.527,60.214172
154319.55,60083.94,4255220.5,7342.6426
149294.45,46568.492,4116658.0,9165.436
137103.7,64043.31,3780509.2,6120.029
42922.598,20394.541,1183551.4,6016.569
154355.19,44782.38,4256203.0,9854.1455
132359.14,58934.67,3649682.2,6420.4346
165735.3,48705.21,4569999.0,9728.456
144.15,16250.73,3974.8042,24.362423
100044.75,81155.34,2758642.5,3523.7324
2966.7,20212.71,81804.04,418.66046
156.54999,22199.791,4316.7227,19.162907
102.299995,4344.78,2820.8289,66.321976
109044.05,39078.66,3006789.8,7977.317
545.6,11457.9,15044.42,135.15019
165.84999,17692.32,4573.1616,25.802769
262143.0,74130.96,7228353.5,10109.85
240.25,22054.5,6624.674,30.146925
75388.9,43254.66,2078779.9,4982.374
262143.0,83206.8,7228353.5,9007.002
1123.75,80172.24,30986.379,39.07695
29859.2,33404.52,823340.1,2554.7708
262143.0,57323.43,7228353.5,13074.403
258.85,29711.371,7137.5522,23.910044
145898.39,55215.42,4023014.8,7554.0806
44444.7,34696.47,1225521.9,3661.551
94.549995,3352.98,2607.1296,79.62682
72392.75,41068.35,1996163.9,5039.0728
199.95,26291.4,5513.4385,20.744864
108785.195,48976.65,2999652.2,6349.819
1793.35,42334.2,49449.984,120.1219
60240.75,23362.98,1661083.6,7371.438
1046.25,60997.44,28849.387,48.042526
65148.047,29941.92,1796397.8,6220.151
142510.1,59055.6,3929585.5,6898.7524
93.0,10995.93,2564.39,23.182432
38798.047,9837.96,1069820.6,11274.967
141756.8,48785.25,3908814.0,8307.15
107363.84,87378.45,2960459.8,3512.1985
59279.75,45730.68,1634584.9,3705.3608
103.85,26468.01,2863.5686,10.218485
204.59999,27483.3,5641.6577,20.285593
127755.65,76489.53,3522745.2,4774.591
187.54999,20706.87,5171.5195,24.89713
141735.1,48862.68,3908215.5,8292.715
32019.898,44246.46,882919.44,2068.1426
77450.4,63510.87,2135624.0,3485.7805
100.75,6343.17,2778.089,44.413784
43207.797,42496.89,1191415.5,2906.0598
118320.8,80825.61,3262587.8,4184.633
127450.3,51249.96,3514325.2,7109.437
84042.55,37530.06,2317396.2,6401.785
98237.445,27707.76,2708807.8,10136.3545
152558.75,61161.0,4206668.0,7131.0034
113689.4,71009.4,3134881.2,4576.761
159927.44,67555.5,4409853.0,6767.7935
41538.45,18617.13,1145384.8,6378.4985
68.2,3806.25,1880.5525,50.231377
156.54999,8146.68,4316.7227,53.944134
203.04999,25978.2,5598.9175,21.348217
34572.75,18263.041,953311.94,5411.6484
30229.648,22609.56,833554.9,3821.8738
156991.75,60760.8,4328904.0,7386.5825
128512.05,95664.33,3543602.2,3839.987
262143.0,121964.43,7228353.5,6144.4556
105308.55,45406.17,2903786.8,6630.285
259789.3,72800.73,7163452.0,10202.156
225959.0,65884.23,6230612.5,9805.119
262143.0,143250.72,7228353.5,5231.274
58083.15,36205.05,1601589.6,4586.013
97.649994,14320.2,2692.6094,18.497196
132029.0,54334.98,3640579.0,6946.664
279.0,27338.88,7693.17,28.179138
92872.9,68872.68,2560885.2,3854.5913
1717.3999,39880.8,47355.73,122.12792
153.45,19739.43,4231.243,21.227022
28344.85,81808.71,781583.3,989.6577
98849.695,50761.89,2725690.0,5566.8374
19357.95,20252.73,533777.75,2731.9062
15089.25,7075.71,416072.28,6096.4272
3966.45,35509.05,109371.23,318.3831
119227.55,89787.484,3287590.5,3795.7307
134305.95,65611.05,3703363.8,5851.8486
122119.84,14082.69,3367343.0,24793.172
77741.8,73768.17,2143659.0,3012.2458
208290.55,119842.5,5743421.5,4968.443
262143.0,29565.21,7228353.5,25350.652
147997.1,80226.18,4080884.5,5273.558
32.55,3915.87,897.53644,22.766853
262143.0,124570.08,7228353.5,6015.91
106.95,16583.94,2949.0483,17.4392
533.2,53381.46,14702.503,27.559374
52301.65,33836.91,1442170.1,4418.5054
262143.0,91525.74,7228353.5,8188.2476
306.9,27063.96,8462.486,31.423096
135876.1,42913.62,3746659.0,9052.092
150356.2,32515.38,4145934.8,13220.523
262143.0,78470.52,7228353.5,9550.701
155373.55,57872.4,4284283.5,7675.3467
262143.0,100644.21,7228353.5,7446.293
32243.1,36768.81,889074.0,2506.2996
571.95,44312.582,15770.998,35.904556
149234.0,58599.72,4114991.0,7280.506
129716.4,127442.82,3576811.0,2909.2378
3425.5,26513.25,94455.03,368.41116
222146.0,104387.82,6125472.5,6083.6787
155.0,17247.75,4273.9834,24.694979
57828.95,30883.26,1594580.4,5352.911
232.5,29319.871,6410.9746,21.673046
95018.09,30752.76,2620037.0,8833.281
638.6,57824.55,17608.81,30.576618
39368.45,27452.85,1085549.0,4099.2456
189.09999,14175.78,5214.2593,37.14113
201.5,24647.97,5556.178,22.374529
100190.445,46889.52,2762660.0,6108.4136
262143.0,45833.34,7228353.5,16352.3125
85015.945,28256.73,2344237.0,8601.556
61074.65,15557.34,1684077.5,11223.697
137.95,14710.83,3803.845,25.812265
199.95,24175.56,5513.4385,22.64797
145292.34,46324.89,4006303.5,8966.623
514.6,38527.082,14189.624,37.19026
368.9,7844.79,10172.08,133.4548
167.4,20488.5,4615.902,22.361153
101042.945,37457.85,2786166.8,7711.801
112683.445,44459.61,3107143.0,7245.7534
263.5,28476.84,7265.7715,25.45683
136.4,6565.02,3761.105,58.405586
151.9,27582.48,4188.5034,14.746115
262143.0,133340.55,7228353.5,5620.148
161.2,25541.46,4444.9424,17.045475
156229.14,62559.96,4307875.5,7139.269
96.1,20803.44,2649.8696,12.208005
208146.39,55486.86,5739446.5,10724.752
89500.09,52330.5,2467883.2,4889.0986
72.85,3244.23,2008.7721,63.204712
152113.89,60056.97,4194401.5,7240.932
23.25,7031.34,641.0975,8.454397
4171.05,23315.13,115012.88,510.51282
51.149998,4309.11,1410.4144,32.93963
41707.4,28945.77,1150043.4,4118.808
81720.65,60014.34,2253372.2,3892.3708
111079.195,78508.8,3062907.2,4044.418
336.34998,42882.3,9274.543,21.426542
41321.45,28317.63,1139401.1,4171.224
167158.19,80862.15,4609234.0,5909.597
262143.0,103990.234,7228353.5,7206.667
241387.69,56198.52,6656044.5,12280.155
1663.1499,17360.85,45859.836,272.91095
50829.15,34077.03,1401567.2,4263.814
86037.4,52334.85,2372402.5,4699.5127
192079.1,83413.86,5296405.5,6583.016
149815.25,85173.87,4131018.5,5028.1973
65585.15,37878.06,1808450.5,4949.702
46109.4,36343.38,1271424.5,3626.5479
153826.64,33161.79,4241629.0,13262.025
124.0,9740.5205,3419.1865,35.39892
242466.5,45610.62,6685792.0,15198.691
94540.695,39249.18,2606873.2,6886.113
31.0,12906.45,854.79663,5.867582
1790.25,31815.9,49364.508,159.88608
49334.95,33161.79,1360366.1,4252.689
222795.44,44929.41,6143380.5,14177.313
178.25,18584.07,4915.0806,26.424435
102658.05,40983.09,2830701.8,7161.049
265.05,42903.18,7308.5107,16.663927
158374.34,19041.69,4367027.5,23779.902
179.79999,20405.85,4957.8203,24.193237
262143.0,39609.36,7228353.5,18921.977
86333.445,43895.85,2380565.8,5622.4727
108.5,4786.74,2991.7883,63.809532
152186.75,59757.69,4196410.5,7280.687
1987.1,18383.1,54792.465,308.0651
57.35,3961.11,1581.3738,40.39668
82878.5,35483.82,2285298.8,6677.217
55502.4,49130.64,1530427.9,3229.0432
41860.848,23389.08,1154274.6,5116.3354
461.9,29309.43,12736.47,44.059834
97758.5,58822.44,2695601.2,4750.8257
176238.1,21020.94,4859604.0,23970.578
956.35,34851.332,26370.477,77.45967
92814.0,37815.42,2559261.2,7016.6797
514.6,42656.97,14189.624,33.492825
242948.55,91606.65,6699084.0,7581.9175
60.449997,13151.79,1666.8534,12.141969
60874.7,37102.89,1678564.1,4690.1367
80.6,16161.12,2222.4712,13.259771
598.3,59588.91,16497.574,27.707973
115172.75,49817.07,3175783.2,6609.2905
262143.0,71545.32,7228353.5,10475.254
260.4,26389.71,7180.2915,27.213392
3825.4,22132.8,105481.91,493.1849
158816.1,60961.77,4379208.5,7447.794
141.05,12346.17,3889.3247,31.665539
694.39996,36811.44,19147.443,52.935642
118506.8,62813.13,3267716.5,5393.384
43427.9,34217.1,1197484.6,3627.8967
19787.299,22587.81,545616.7,2503.7327
344.09998,31769.791,9488.242,29.968437
262143.0,47876.1,7228353.5,15654.556
224891.05,52085.16,6201165.0,12344.456
262143.0,100191.81,7228353.5,7479.92
262143.0,130727.94,7228353.5,5732.4873
95490.84,74516.37,2633072.8,3663.0303
76129.8,49781.4,2099209.5,4371.568
75965.5,30137.67,2094679.1,7206.0195
173.59999,20639.01,4786.861,23.04971
84772.59,39096.93,2337526.8,6198.573
70222.75,50781.9,1936328.1,3952.8293
-1.55,6436.2603,-42.73983,-1.6885684
52881.348,23376.03,1458154.8,6467.1597
57.35,12453.18,1581.3738,12.167465
111080.75,26936.94,3062950.0,11789.698
3966.45,15498.18,109371.23,730.7627
125841.4,75618.664,3469961.5,4757.2095
84654.8,44989.44,2334278.5,5379.0947
147688.64,69613.92,4072379.2,6064.9663
262143.0,112686.75,7228353.5,6650.4204
188132.8,100826.04,5187590.0,5334.0786
134636.1,58162.11,3712467.0,6617.6636
155333.25,31533.15,4283172.5,14083.65
125596.5,37948.53,3463208.5,9462.059
222950.44,43416.48,6147654.5,14681.592
99178.3,54962.25,2734750.8,5158.423
67363.0,38681.94,1857473.1,4978.2295
262143.0,59784.66,7228353.5,12536.112
186.0,22586.07,5128.78,22.546225
129916.34,48344.16,3582324.2,7682.671
23994.0,13113.51,661612.6,5230.578
461.9,45301.77,12736.47,28.152903
771.89996,33700.32,21284.436,64.49015
70405.65,52621.95,1941371.4,3824.5122
248.0,9824.91,6838.373,71.172554
221913.5,44401.32,6119062.0,14289.151
251.09999,4234.29,6923.8525,168.55675
53595.9,22809.66,1477857.9,6717.3364
201098.55,64179.03,5545108.5,8958.108
2633.45,22296.36,72614.98,336.70706
69161.0,46611.992,1907051.2,4241.4097
51928.098,30454.35,1431869.8,4874.308
44.949997,3480.87,1239.4551,35.922478
79149.195,28747.41,2182466.8,7871.212
262143.0,33779.49,7228353.5,22187.818
623.1,35208.03,17181.412,49.60169
167.4,19273.11,4615.902,23.834343
564.2,70121.13,15557.299,22.005577
75984.1,57138.12,2095192.1,3801.2944
3038.0,20885.22,83770.07,414.9084
262143.0,50023.26,7228353.5,14982.569
4533.75,17579.22,125014.01,736.40643
143733.05,61943.13,3963307.2,6633.5654
91301.195,44551.832,2517547.0,5858.491
15227.199,53619.84,419876.1,810.9766
262143.0,119965.17,7228353.5,6246.871
2286.25,14539.44,63041.254,448.59866
255.74998,71621.01,7052.072,9.209964
147868.45,27305.82,4077337.2,15482.506
97.649994,20066.55,2692.6094,12.913889
207.7,18886.83,5727.137,30.443174
244.9,9790.98,6752.893,70.51737
747.1,31670.61,20600.598,66.44834
688.19995,16747.5,18976.484,116.493454
105152.0,57740.16,2899470.2,5206.0117
151196.3,43663.56,4169099.5,9899.816
240724.3,112035.12,6637752.5,6142.4844
98282.4,43787.1,2710047.2,6416.6875
717.64996,43833.21,19788.541,45.812126
1114.45,16059.33,30729.938,197.41849
227.84999,22946.25,6282.755,27.391365
70207.25,37269.93,1935900.8,5385.075
4797.25,67513.74,132279.78,202.16513
334.8,15035.34,9231.804,62.668
51582.45,25234.35,1422338.9,5843.6543
122341.5,50766.242,3373455.0,6889.453
262143.0,135224.1,7228353.5,5541.8506
1917.35,104935.05,52869.17,51.243206
107111.195,50415.63,2953493.2,6073.614
130.2,24605.34,3590.1458,14.129709
137909.7,54618.6,3802734.0,7218.4355
156901.84,52381.832,4326425.0,8563.389
60.449997,5592.36,1666.8534,29.906527
170407.0,44650.14,4698817.0,10911.231
74289.945,46009.95,2048477.2,4615.6533
155.0,10538.31,4273.9834,41.054237
50705.15,20641.62,1398148.1,7022.56
227.84999,30301.23,6282.755,20.499964
492.9,23823.21,13591.267,58.15719
26416.648,26956.95,728414.94,2800.9216
206557.64,45682.832,5695638.0,12927.176
27785.299,25283.07,766154.2,3141.203
171939.94,84511.8,4741086.5,5816.1255
223.2,22607.82,6154.5356,27.228285
22825.299,34429.38,629386.75,1894.5544
172209.64,63888.45,4748523.5,7705.978
133783.6,59999.55,3688960.2,6374.3477
262143.0,107830.414,7228353.5,6949.9795
3802.15,15140.61,104840.805,717.01715
167716.19,40312.32,4624620.5,11894.596
200743.6,68981.43,5535321.0,8319.674
272.8,21854.4,7522.21,34.690647
70870.65,27990.51,1954193.2,7238.433
16575.7,27932.22,457059.75,1695.7404
238076.89,33986.55,6564752.5,20027.994
145162.14,32619.78,4002713.2,12722.933
91281.05,46780.77,2516991.2,5578.0757
42629.65,27133.56,1175473.5,4491.147
56475.797,39598.92,1557268.4,4076.8193
131393.5,53799.06,3623055.5,6982.0986
142468.25,57647.07,3928431.8,7065.2637
262143.0,49656.12,7228353.5,15093.352
305.34998,16315.11,8419.746,52.5127
189101.55,60513.72,5214302.0,8933.911
35488.8,23338.621,978571.2,4346.7554
71648.75,23165.49,1975648.8,8842.336
185703.94,34699.95,5120616.0,15300.756
24.8,5037.3,683.8373,13.076765
102169.8,57005.01,2817238.8,5123.5825
83.7,6517.17,2307.951,35.721077
11942.75,8579.07,329310.4,3979.2754
3017.8499,105352.65,83214.445,80.90325
170569.75,60162.242,4703305.0,8105.3813
155850.94,42266.34,4297447.0,10541.989
58.899998,22872.3,1624.1135,6.3629932
-35.649998,5433.15,-983.01605,-19.761034
20.15,5815.08,555.6178,8.907597
208523.05,66672.45,5749832.5,8941.453
130004.695,37569.21,3584760.5,9893.093
38.75,3323.4,1068.4958,32.33789
262143.0,86951.28,7228353.5,8619.079
206642.89,59367.93,5697988.5,9951.165
142.59999,16650.06,3932.0642,23.487965
107935.8,26411.46,2976230.8,11683.821
60281.047,32365.74,1662194.8,5324.3022
133003.95,61774.35,3667462.2,6155.0957
262143.0,68708.25,7228353.5,10907.835
146022.39,69669.6,4026433.8,5991.736
122437.59,38886.39,3376104.8,9001.563
218112.89,21854.4,6014263.5,28534.889
120529.55,66062.58,3323492.0,5215.5933
186.0,34404.15,5128.78,14.457923
147.25,22670.46,4060.284,17.571371
104297.945,48884.43,2875920.5,6099.3423
94587.195,55539.93,2608155.5,4868.4062
91050.09,44412.63,2510623.0,5860.691
123274.59,56703.12,3399184.2,6215.066
232819.3,55411.17,6419779.0,12012.529
68454.195,34454.61,1887561.9,5679.6987
740.89996,37494.39,20429.639,55.499195
165794.19,58164.72,4571623.0,8149.0195
51162.4,17954.19,1410756.4,8146.6826
262143.0,84965.07,7228353.5,8820.589
133.3,23229.871,3675.6257,15.40712
3282.9,8902.71,90522.96,1053.349
78926.0,53234.43,2176312.2,4238.1274
262143.0,112328.31,7228353.5,6671.645
86882.15,47941.35,2395695.8,5180.6646
259829.6,129563.01,7164563.5,5732.9854
155.0,6725.1,4273.9834,64.899475
262143.0,69517.35,7228353.5,10780.869
108.5,17855.01,2991.7883,16.374754
316.19998,27699.93,8718.925,31.638645
204.59999,22975.83,5641.6577,24.461466
55017.25,22981.92,1517050.4,6843.813
2005.7,21844.83,55305.34,261.52234
71813.05,54897.0,1980179.1,3739.2769
97.649994,5362.68,2692.6094,51.064217
348.75,32002.08,9616.462,30.159107
223.2,21107.94,6154.5356,29.234121
244180.8,90682.71,6733062.0,7698.03
647.89996,42402.93,17865.248,42.68789
562.64996,14410.68,15514.558,110.63563
2910.9,40490.67,80265.4,204.55179
80448.09,55218.03,2218282.5,4164.6597
105322.5,45779.4,2904171.5,6577.0938
767.25,33837.78,21156.217,63.831192
85.25,7470.69,2350.6907,31.627415
90177.445,27370.2,2486560.5,9419.392
262143.0,61548.15,7228353.5,12176.896
127244.15,49221.992,3508641.0,7390.416
53157.25,26197.44,1465762.5,5800.665
180849.34,15741.78,4986755.0,32847.24
90148.0,35808.332,2485748.8,7197.1523
258.85,25173.45,7137.5522,28.400484
102210.09,39375.332,2818349.8,7420.9585
180145.64,82693.5,4967351.0,6227.7563
262143.0,114069.18,7228353.5,6569.8105
107039.9,41979.24,2951527.2,7289.547
275.9,19476.69,7607.69,39.502846
29755.35,16435.17,820476.56,5175.5435
196030.05,85290.45,5405349.0,6570.601
91591.05,45288.72,2525539.2,5781.451
143486.6,68140.14,3956511.5,6019.843
209891.69,126856.44,5787571.5,4729.769
54690.2,36327.72,1508032.2,4303.477
106119.195,52073.85,2926139.8,5825.7075
131.75,15519.93,3632.8857,23.27224
40348.047,30104.61,1112560.5,3831.1147
60.449997,29524.32,1666.8534,4.854171
37364.3,30841.5,1030286.44,3462.94
223747.14,63157.65,6169622.5,10128.325
262143.0,132168.66,7228353.5,5669.989
756.39996,18678.9,20857.037,114.784164
250466.05,114324.96,6906372.0,6263.0728
262143.0,68637.78,7228353.5,10919.035
74499.195,39538.02,2054247.1,5386.48
169145.3,72276.99,4664027.0,6690.275
120803.9,71951.61,3331057.0,4799.5327
96357.3,37998.99,2656964.2,7249.393
262143.0,40380.18,7228353.5,18560.754
245718.39,104580.96,6775460.0,6716.9077
38892.598,42294.18,1072427.8,2628.2708
244121.89,99847.29,6731438.0,6989.6807
4014.4998,22467.75,110696.16,509.88226
262143.0,68663.88,7228353.5,10914.884
215.45,22171.95,5940.8364,26.783796
2703.2,110275.984,74538.266,69.08841
162929.8,50681.85,4492640.0,9190.725
38520.598,23800.59,1062170.2,4626.5835
262143.0,77642.28,7228353.5,9652.593
217.0,30832.8,5983.5767,19.12314
48941.25,53129.16,1349510.2,2632.8503
292.94998,30527.43,8077.8276,26.437984
482.05,37371.72,13292.088,35.8806
123998.445,27244.05,3419143.8,13012.483
133730.89,32335.291,3687507.0,11824.076
180402.94,75069.69,4974446.0,6870.127
158825.39,43355.582,4379465.0,10473.273
127597.55,55501.65,3518385.8,6572.3306
93.0,14845.68,2564.39,16.911495
262143.0,99773.34,7228353.5,7511.2964
104747.445,44316.93,2888315.0,6757.072
255706.6,34293.66,7050875.5,21318.504
252409.75,62422.5,6959968.0,11560.494
68961.05,42128.01,1901537.8,4679.388
110298.0,24944.64,3041366.5,12641.687
207.7,19705.5,5727.137,29.13686
262143.0,90381.69,7228353.5,8291.907
116098.09,23771.01,3201298.8,13963.534
107191.8,79562.37,2955715.8,3851.147
164.29999,22262.43,4530.422,20.10153
86304.0,39971.28,2379753.8,6172.5054
4986.3496,20181.39,137494.03,705.44867
71126.4,30891.09,1961245.4,6582.3447
475.84998,51725.85,13121.128,25.30337
262143.0,56295.09,7228353.5,13313.251
118647.84,28133.19,3271605.8,12057.405
74299.25,23306.43,2048733.9,9114.021
262143.0,105898.14,7228353.5,7076.8105
19396.7,27435.45,534846.25,2020.4583
262143.0,75944.04,7228353.5,9868.464
33033.598,48664.32,910871.25,1939.8601
165464.05,56722.26,4562519.5,8339.634
829.25,55141.47,22865.81,41.99878
4867.0,24681.9,134203.08,562.8087
171944.6,76793.164,4741215.0,6400.9897
708.35,36419.94,19532.104,54.61061
206628.94,104172.93,5697604.0,5670.3345
20.15,4118.58,555.6178,12.988673
185535.0,118824.6,5115958.0,4463.455
147911.84,69874.05,4078533.8,6051.517
138573.1,98920.74,3821026.2,4004.3503
147.25,24795.0,4060.284,15.980097
4939.8496,29807.07,136211.83,472.85272
69706.6,20210.1,1922095.8,9860.761
111358.195,32234.371,3070600.2,9876.612
98409.5,32136.93,2713552.0,8754.514
40087.65,35821.38,1105380.2,3198.759
353.4,4631.88,9744.682,217.15152
192.2,23285.55,5299.7393,22.60021
75010.695,19113.03,2068351.2,11220.286
79.049995,18567.541,2179.7312,11.172967
28848.6,36616.56,795473.75,2251.6628
94743.75,45624.54,2612472.2,5936.465
93781.195,47146.17,2585930.8,5686.46
243146.94,77407.38,6704554.5,8980.222
224.75,26367.96,6197.276,23.370934
252.65,22388.58,6966.5923,31.265747
114704.65,47506.35,3162875.8,6902.6436
379.75,19186.98,10471.259,55.590057
122429.84,52930.8,3375891.0,6612.4463
165.84999,12522.78,4573.1616,36.86724
221039.3,46692.03,6094956.5,13534.544
7905.0,32877.3,217973.14,686.4715
5831.0996,16624.83,160787.23,1001.86444
193.75,27149.22,5342.479,19.404846
132996.2,74388.48,3667248.8,5110.903
29.449999,3684.45,812.05676,21.853968
251.09999,26910.84,6923.8525,25.678932
3606.8499,32134.32,99455.586,319.92825
37756.45,25732.86,1041099.56,4194.1943
262143.0,119576.28,7228353.5,6267.191
246.45,19012.11,6795.6333,36.06359
41.85,3331.23,1153.9755,34.92029
262143.0,86959.984,7228353.5,8618.217
262143.0,58351.77,7228353.5,12843.974
249901.84,74686.89,6890814.5,9565.962
61414.098,35336.79,1693437.6,4968.24
150044.64,105508.38,4137343.8,4065.1418
56728.45,44061.15,1564235.1,3680.2397
59433.2,37520.49,1638816.1,4528.076
211170.44,84376.95,5822831.5,7154.801
253418.8,80884.77,6987791.5,8957.206
159956.89,83446.05,4410665.0,5479.828
196600.44,65157.78,5421077.0,8626.146
108596.09,62814.0,2994438.0,4942.1836
4209.8,19581.09,116081.375,613.71466
21.699999,4825.02,598.3576,11.859071
262143.0,88835.7,7228353.5,8436.227
262143.0,75269.79,7228353.5,9956.873
539.39996,52277.43,14873.461,28.501606
885.05,42966.69,24404.443,57.895874
168085.1,83079.78,4634792.5,5783.7266
119.35,23657.041,3290.967,13.424839
195135.69,35517.75,5380688.0,15707.7
110651.4,55465.11,3051111.0,5703.0854
13.95,6907.8,384.65848,4.774089
292.94998,26828.19,8077.8276,30.221308
43931.65,20013.48,1211375.0,6275.3027
168.95,19581.09,4658.6416,23.670067
72851.55,35664.78,2008814.8,5839.4756
75471.05,37749.3,2081045.1,5715.3716
262143.0,110571.78,7228353.5,6777.646
47423.797,47096.582,1307667.9,2878.0945
144399.55,64000.68,3981685.5,6450.048
22936.898,19278.33,632464.0,3400.8433
3503.0,15964.5,96592.02,626.3846
376.65,33819.51,10385.779,30.843416
59237.9,66489.75,1633430.9,2546.381
111.6,15159.75,3077.2678,20.0485
80.6,3390.3901,2222.4712,66.97267
55.8,5249.58,1538.6339,29.391954
130302.3,47301.03,3592966.8,7875.449
18877.45,58082.94,520528.4,928.27386
187.54999,19163.49,5171.5195,26.982817
71933.945,42703.082,1983512.8,4815.412
2249.05,24607.08,62015.496,260.32925
8935.75,32690.25,246395.12,780.55896
263.5,14687.34,7265.7715,50.296352
19756.299,16441.26,544761.9,3434.7336
27.9,5117.34,769.31696,14.588665
43136.5,39353.582,1189449.5,3133.0767
452.59998,48734.79,12480.03,25.553661
77261.3,57991.59,2130409.5,3808.307
85916.5,60268.38,2369069.0,4075.0176
183868.75,79531.92,5070012.5,6609.213
46.5,20687.73,1282.195,5.426716
99.2,16299.45,2735.349,16.40154
145597.7,84449.164,4014723.5,4928.56
46730.95,40632.48,1288563.1,3287.3667
74.399994,17088.541,2051.5117,11.448496
40448.797,74004.81,1115338.6,1561.7686
54.25,10495.68,1495.8942,13.778766
102633.25,25462.291,2830018.0,11523.964
99038.8,46656.36,2730904.2,6068.3687
113717.3,45764.61,3135650.5,7103.7007
125529.84,30271.65,3461370.5,11855.592
85453.05,45842.04,2356289.5,5328.821
209727.39,73556.76,5783041.0,8151.3267
18782.9,23593.53,517921.28,2275.2434
192.2,23483.91,5299.7393,22.400867
112519.15,52801.17,3102612.5,6092.0093
2469.15,14923.11,68084.55,472.08273
85.25,3265.11,2350.6907,73.6527
275.9,42976.26,7607.69,17.355745
141130.6,36761.85,3891547.0,10975.726
99.2,16109.79,2735.349,16.60641
140771.0,58652.79,3881631.5,6861.36
373.55,20366.7,10300.299,51.44174
75297.445,28912.71,2076258.1,7445.298
174629.19,60956.55,4815240.0,8190.1606
713.0,38039.88,19660.322,52.591927
77.5,12139.11,2136.9917,17.254244
238081.55,69765.3,6564881.0,9756.426
75.95,10868.91,2094.2517,18.979782
176276.84,69699.18,4860672.5,7230.3027
26729.75,16718.791,737048.4,4570.2925
232253.55,57473.07,6404179.0,11553.388
575.05,39863.4,15856.478,40.245853
81623.0,26863.86,2250679.5,8686.466
3237.95,36654.84,89283.51,251.57352
261.94998,21620.371,7223.0312,33.6421
100753.09,49569.12,2778174.5,5810.606
75.95,3516.54,2094.2517,60.753445
241.79999,28073.16,6667.4136,23.62714
262143.0,143928.45,7228353.5,5206.6357
127812.99,43372.98,3524326.2,8424.676
256131.3,37257.75,7062586.0,19654.994
262143.0,114615.54,7228353.5,6538.4883
105722.4,55352.01,2915198.5,5460.131
161585.94,37977.24,4455584.5,12164.479
227.84999,24025.05,6282.755,26.116503
73175.5,42690.03,2017747.5,4900.04
120.899994,8746.98,3333.7068,38.520016
2924.8499,13077.84,80650.06,638.4647
140107.6,84558.78,3863338.8,4736.53
6274.4,68585.58,173010.84,260.57028
74731.695,29117.16,2060658.1,7337.458
31644.799,21286.291,872576.4,4249.6104
347.19998,40869.12,9573.722,23.290329
53095.25,28141.02,1464053.0,5393.6694
262143.0,62931.45,7228353.5,11909.213
262143.0,94154.01,7228353.5,7959.649
213.9,28995.36,5898.0967,20.092657
112725.3,49465.59,3108297.0,6514.7915
217469.64,104861.97,5996526.5,5928.6577
237890.89,40184.43,6559623.5,16925.572
88363.945,87935.25,2436555.0,2872.1685
1317.5,87696.0,36328.855,41.955605
162280.34,42498.63,4474732.0,10916.922
97806.55,54226.23,2696926.0,5156.123
58083.15,38812.44,1601589.6,4277.861
94348.5,36871.47,2601573.5,7315.334
162250.89,69655.68,4473920.0,6659.082
691.3,23729.25,19061.965,82.29742
65355.746,47042.64,1802124.9,3971.291
262143.0,100685.97,7228353.5,7443.2046
1238.45,20593.77,34149.125,170.94582
130771.945,19735.08,3605916.8,18945.312
190.65,20659.89,5256.999,25.38504
12210.899,38685.42,336704.38,901.5044
79993.945,36357.3,2205759.8,6289.9243
124.0,9417.75,3419.1865,36.646404
262143.0,173091.72,7228353.5,4329.23
486.69998,33616.8,13420.307,40.395576
38.75,7150.5303,1068.4958,14.494676
213.9,19927.35,5898.0967,29.69094
247676.05,63729.242,6829440.5,11111.052
262143.0,100001.28,7228353.5,7494.1733
147.25,23737.95,4060.284,16.736221
201693.75,89782.26,5561520.5,6422.192
1244.6499,93123.06,34320.082,37.21545
51080.25,39254.4,1408491.1,3719.606
871.1,45091.23,24019.785,54.23634
365.8,19338.36,10086.6,53.084522
165281.14,70876.29,4557476.5,6666.628
102579.0,40068.72,2828522.0,7318.8467
52.699997,7951.8,1453.1542,17.949343
262143.0,78412.23,7228353.5,9557.803
262143.0,107772.12,7228353.5,6953.739
258.85,31056.39,7137.5522,22.831215
262143.0,132897.72,7228353.5,5638.8784
262143.0,88985.34,7228353.5,8422.039
240.25,20799.96,6624.674,32.025536
1731.35,86481.484,47740.39,56.241463
107746.695,56578.71,2971016.5,5444.025
66.65,7276.68,1837.8129,25.188816
108506.195,55682.61,2991959.0,5570.6514
66611.25,25605.84,1836744.2,7437.0234
224894.14,62737.44,6201250.0,10248.444
140099.84,59630.67,3863125.0,6716.6436
145.7,16563.93,4017.5442,24.150415
131.75,17018.94,3632.8857,21.134369
150759.2,60418.89,4157047.0,7133.443
196149.39,59548.02,5408640.0,9417.216
447.94998,15170.19,12351.811,83.428185
218548.44,46612.86,6026273.0,13404.745
115464.15,56025.39,3183818.2,5891.658
18071.45,12461.01,498303.7,4145.5674
180133.25,86405.79,4967009.5,5959.738
86158.3,39072.57,2375736.2,6303.841
171070.39,50145.93,4717109.5,9753.121
41054.848,28063.59,1132049.9,4181.83
171200.6,57078.09,4720700.0,8575.002
215591.05,87399.33,5944726.0,7051.9634
161824.64,70835.4,4462166.5,6530.9565
52.699997,4268.22,1453.1542,34.303093
182211.8,55337.22,5024323.5,9413.736
130.2,5303.52,3590.1458,69.19331
124.0,29053.65,3419.1865,11.2030945
160595.5,48817.44,4428274.0,9405.052
35786.4,18465.75,986777.2,5540.1514
262143.0,113585.46,7228353.5,6597.793
177301.39,79460.58,4888923.5,6378.8345
285.19998,23487.39,7864.1284,33.71872
263.5,15596.49,7265.7715,47.306183
72.85,10371.2705,2008.7721,19.083834
101371.55,35015.76,2795227.8,8276.544
62.0,3369.51,1709.5933,51.610683
262143.0,57946.35,7228353.5,12933.843
262143.0,124055.914,7228353.5,6040.8477
241.79999,27836.52,6667.4136,23.836496
262143.0,54856.98,7228353.5,13662.293
240429.8,39606.75,6629631.5,17355.736
227.84999,19618.5,6282.755,32.207195
129065.4,52944.72,3558860.2,6969.0547
243.34999,36608.73,6710.1533,18.006216
71234.9,50405.19,1964237.1,4039.7922
26.349998,4189.05,726.5771,16.98515
8814.85,23310.78,243061.42,1080.2028
76298.75,39857.31,2103868.2,5472.4155
108738.695,81626.01,2998370.0,3807.9438
999.74994,18164.73,27567.19,156.36618
179945.69,46058.67,4961837.5,11169.665
76371.59,53197.89,2105876.8,4103.7476
212308.14,31932.48,5854203.0,19009.04
125303.55,29508.66,3455130.8,12140.235
45601.0,28596.9,1257405.9,4558.365
48443.7,30574.41,1335790.8,4529.3135
113.149994,20420.64,3120.0076,14.842881
262143.0,81298.89,7228353.5,9218.399
271.25,41808.72,7479.4707,17.55034
240787.84,59004.27,6639504.5,11667.1
262143.0,88488.57,7228353.5,8469.325
262143.0,82729.17,7228353.5,9059.008
995.1,40524.6,27438.97,69.20967
35822.05,25111.68,987760.3,4077.7183
42364.598,32960.82,1168165.0,3673.9722
68.2,19785.541,1880.5525,8.855653
262143.0,59660.25,7228353.5,12562.256
187949.89,78918.57,5182546.5,6808.4473
248029.44,102648.69,6839185.0,6907.7397
52503.15,54226.23,1447726.2,2767.375
187.54999,5629.77,5171.5195,94.25228
118990.4,92560.17,3281051.5,3674.6724
174326.94,71594.04,4806906.0,6961.0425
206.15,16363.83,5684.3975,35.0203
455.69998,44692.77,12565.51,28.153502
171611.34,82853.58,4732026.0,5921.209
55521.0,36916.71,1530940.8,4299.1465
230269.55,55465.98,6349472.0,11869.221
3251.9,12207.84,89668.164,760.6358
33118.848,25326.57,913221.94,3737.9343
12790.6,26347.95,352689.1,1387.0116
126402.5,41259.75,3485433.2,8758.475
2714.0498,37894.59,74837.44,203.78096
258795.73,68279.34,7136055.5,10836.192
38108.297,22891.44,1050801.4,4758.8735
1698.7999,24948.121,46842.855,193.69437
22696.648,21378.51,625839.3,3034.5212
96183.695,54079.2,2652177.5,5084.3423
18463.6,34178.82,509116.88,1543.5725
275.9,29941.05,7607.69,25.347149
42862.15,19409.7,1181884.5,6312.993
262143.0,75254.13,7228353.5,9958.944
217739.34,99988.234,6003963.0,6225.3994
68.2,5086.89,1880.5525,37.33372
74965.75,43409.52,2067112.0,4936.725
75610.55,50330.37,2084891.6,4294.3765
3737.0498,20099.61,103045.73,530.60645
59385.15,9393.39,1637491.1,18075.09
4935.1997,37902.42,136083.62,371.29465
91809.59,42094.95,2531565.5,6235.0137
85.25,6587.64,2350.6907,36.001003
92970.55,33032.16,2563577.8,8046.4336
27312.549,32417.07,753118.56,2408.0037
162853.84,54931.8,4490546.0,8475.63
6596.8,23629.2,181900.72,797.2396
127247.24,80079.15,3508726.2,4542.3677
99221.695,38244.332,2735947.5,7417.03
1802.6499,14497.68,49706.42,354.51822
262143.0,143082.81,7228353.5,5237.4136
322.4,34216.23,8889.885,25.940886
95503.25,73378.414,2633414.8,3720.3352
59501.4,40876.082,1640696.6,4161.0464
69559.35,29299.86,1918035.5,6786.956
91.45,26290.53,2521.65,8.945654
87916.0,29346.84,2424203.2,8564.556
195.29999,16385.58,5385.2188,33.0792
146760.2,39029.07,4046778.2,10750.5
367.34998,39809.46,10129.34,25.384129
42845.098,26811.66,1181414.4,4568.055
202659.39,53228.34,5588147.5,10885.113
79508.8,31355.67,2192382.2,7249.168
86482.25,34992.27,2384669.0,7065.492
255880.19,100423.234,7055662.0,7284.3677
59738.547,22414.68,1647235.8,7619.283
39242.9,26016.48,1082087.0,4311.822
114.7,27008.28,3162.7476,11.142707
224.75,18687.6,6197.276,33.387074
189831.6,89644.8,5234432.5,6053.697
110883.9,38681.07,3057522.0,8195.322
138628.89,56322.06,3822564.8,7036.594
169069.34,13496.311,4661932.5,35816.79
42338.25,31126.86,1167438.5,3888.0776
644.8,50665.32,17779.77,35.38842
59436.297,33280.98,1638901.5,5105.2803
56619.95,41152.74,1561243.2,3932.8674
122.45,3429.54,3376.4465,101.08734
3605.2998,13940.01,99412.84,738.4815
219737.3,72702.42,6059055.0,8640.794
291.4,32721.57,8035.0884,24.462698
205962.44,47909.16,5679226.0,12290.885
206500.3,48182.34,5694057.0,12253.11
311.55,30878.91,8590.706,27.847939
51850.598,41492.91,1429732.8,3571.9658
116.25,22642.621,3205.4873,13.679634
21676.75,10282.53,597716.56,6026.5825
58373.0,29807.07,1609582.1,5598.403
192148.84,110297.734,5298328.5,4980.0415
6589.05,27220.56,181687.02,691.1094
229.4,28711.74,6325.495,21.844564
127.1,3894.12,3504.6663,92.32225
93964.09,36083.25,2590974.0,7444.696
44.949997,6814.71,1239.4551,17.859549
86152.09,43768.832,2375565.2,5626.946
156.54999,15658.26,4316.7227,27.58634
262143.0,58794.6,7228353.5,12747.228
99852.55,44651.01,2753342.8,6393.062
41000.598,46203.96,1130554.0,2536.2307
104256.09,59381.85,2874766.5,5018.919
73842.0,58822.44,2036125.6,3588.297
137.95,22335.51,3803.845,16.659355
67059.195,34406.76,1849096.0,5571.6724
209091.89,68759.58,5765517.5,8693.667
188462.94,57131.16,5196693.0,9430.959
149923.75,50228.582,4134010.2,8533.312
106316.05,47350.62,2931567.8,6418.8096
120591.55,62896.65,3325201.5,5480.991
262143.0,86972.164,7228353.5,8617.01
262143.0,97569.63,7228353.5,7680.97
478.94998,46376.22,13206.607,28.528666
83070.695,39752.04,2290598.5,5973.993
424.69998,40397.582,11710.714,29.059093
48564.598,18993.84,1339124.4,7309.651
262143.0,75426.39,7228353.5,9936.197
122704.195,41370.24,3383456.0,8479.479
38678.7,25743.3,1066529.8,4294.9243
235.59999,25923.39,6496.454,24.98558
81832.25,24960.3,2256449.5,9372.973
88810.34,20517.21,2448864.0,12375.396
142170.64,56312.492,3920225.2,7217.6196
72732.195,39915.6,2005523.8,5208.9434
118282.05,59109.54,3261519.2,5720.5044
251.09999,16396.89,6923.8525,42.78589
536.3,26577.63,14787.981,56.69531
488.25,51395.25,13463.047,26.162405
177237.84,20379.75,4887171.5,24865.04
52834.848,27868.71,1456872.6,5419.665
288.3,35885.76,7949.6084,21.970552
197349.1,30495.24,5441720.5,18502.422
1108.25,65627.58,30558.98,47.28368
142361.3,23221.17,3925482.5,17527.988
181291.1,129920.58,4998936.0,3988.7666
162937.55,46448.43,4492854.0,10028.959
1536.0499,18261.3,42355.17,239.50417
323.94998,45376.59,8932.624,19.412447
63387.25,24925.5,1747845.4,7270.2153
34.1,7450.68,940.27625,12.086015
76108.1,25652.82,2098611.2,8481.907
176.7,14840.46,4872.341,33.04381
13.95,3411.27,384.65848,10.692492
66485.695,56063.67,1833282.2,3389.7495
827.69995,15439.0205,22823.068,152.28587
165.84999,10259.91,4573.1616,45.219036
188140.55,35917.082,5187803.5,14976.19
110290.25,25089.93,3041152.8,12567.594
26.349998,12139.98,726.5771,5.2059975
196168.0,37217.73,5409153.0,15069.486
158546.39,59771.61,4371771.5,7583.211
167962.64,75299.37,4631416.0,6376.792
39966.75,28186.26,1102046.6,4053.2488
351.84998,38047.71,9701.941,25.441008
159371.0,66206.13,4394509.5,6881.719
27.9,5001.63,769.31696,14.949301
237512.69,71953.35,6549195.0,9437.1045
72344.695,30231.63,1994838.8,6841.174
89.899994,13346.67,2478.9102,18.259089
341.0,33441.93,9402.763,28.154932
187.54999,27302.34,5171.5195,18.641117
260.4,27559.86,7180.2915,26.015497
129806.3,89384.67,3579290.0,4151.233
2788.45,68242.8,76888.95,115.83017
33005.7,23024.55,910101.94,4097.706
6142.65,39385.77,169377.95,444.9287
76692.445,41608.62,2114724.0,5269.093
153463.94,59457.54,4231627.5,7378.8643
86.799995,4852.86,2393.4304,50.1412
242565.69,73093.05,6688527.0,9487.604
4.6499996,4108.14,128.21948,2.2363586
223.2,24732.36,6154.5356,24.80344
37.199997,3312.09,1025.7559,31.113655
399.9,43355.582,11026.877,25.37275
18567.45,65103.84,511980.44,814.44495
51721.95,49716.15,1426185.4,2973.585
262143.0,61913.55,7228353.5,12105.024
67290.15,46570.23,1855464.2,4130.351
262143.0,112256.1,7228353.5,6675.9375
260702.23,59466.242,7188625.5,12533.968
128888.695,55473.81,3553987.8,6642.177
407.65,30683.16,11240.575,36.987118
249785.6,37185.54,6887609.5,19205.238
57315.9,40062.63,1580433.5,4089.5776
132621.1,50999.4,3656905.2,7434.2666
96.1,6814.71,2649.8696,39.320415
145839.5,61066.17,4021390.8,6827.471
55.8,3543.51,1538.6339,44.024563
143981.05,49632.63,3970145.8,8293.439
39153.0,29098.02,1079608.1,3846.2515
55817.047,46098.69,1539104.0,3461.0012
120.899994,17014.59,3333.7068,19.316729
176.7,49712.67,4872.341,9.162919
195.29999,21080.1,5385.2188,25.489794
190477.94,45570.6,5252255.0,11950.128
43382.95,23025.42,1196245.1,5386.168
210.79999,27275.371,5812.6167,21.097792
218976.25,44514.42,6038070.0,14064.18
27238.148,17270.37,751067.0,4508.464
66515.15,54448.082,1834094.4,3491.9065
102103.15,53993.07,2815401.0,5405.922
64103.348,49813.59,1767591.1,3678.4412
262143.0,42477.75,7228353.5,17644.166
246.45,28477.71,6795.6333,23.74416
333.25,14131.41,9189.063,66.42696
133648.75,59701.14,3685242.0,6399.756
262143.0,92592.36,7228353.5,8093.9116
146989.6,68182.77,4053103.5,6162.9756
72660.9,48487.71,2003557.8,4283.677
97146.25,46795.56,2678719.0,5934.679
199136.25,63176.79,5491000.0,9011.428
66696.5,37283.85,1839095.0,5113.8306
77989.8,43257.27,2150497.2,5153.988
460.34998,40375.832,12693.7295,31.59985
999.74994,20682.51,27567.19,137.20926
172.04999,16818.84,4744.121,28.24877
121916.8,61737.81,3361744.2,5645.266
43.399998,33660.3,1196.7152,2.6865547
231734.3,68866.59,6389861.5,9620.233
153357.0,43693.14,4228679.0,10034.508
11014.3,61662.992,303709.25,509.71814
182056.8,78796.77,5020049.5,6605.135
50767.15,40218.36,1399857.6,3608.1707
115501.34,60478.05,3184844.0,5459.5737
178262.39,52117.35,4915422.5,9778.72
123349.0,55114.5,3401235.8,6398.0977
465.0,24624.48,12821.949,52.992676
174065.0,80512.414,4799683.0,6180.5527
94480.25,50952.42,2605206.5,5300.8228
92398.59,25384.86,2547806.8,10406.337
67914.8,30239.46,1872688.4,6420.5425
61452.848,57860.22,1694506.0,3035.7632
235.59999,26697.69,6496.454,24.231937
262143.0,75502.08,7228353.5,9926.236
170.5,8285.88,4701.3813,57.83486
176.7,14465.49,4872.341,33.926285
818.39996,9599.58,22566.63,242.75996
283.65,22218.06,7821.389,35.502754
262143.0,40417.59,7228353.5,18543.574
105.399994,43633.11,2906.3083,5.906745
176128.05,98585.79,4856570.0,5107.145
54.25,5960.37,1495.8942,25.024088
88765.4,50721.0,2447624.8,5002.857
262143.0,110858.88,7228353.5,6760.0903
76552.945,46402.32,2110877.5,4716.058
252464.0,85451.4,6961464.0,8446.521
95600.9,50578.32,2636107.2,5403.3887
272.8,30485.67,7522.21,24.585716
203.04999,24074.64,5598.9175,23.11527
257278.3,69130.2,7094213.5,10640.045
73615.695,31594.05,2029885.5,6661.1455
262143.0,96797.07,7228353.5,7742.2812
136847.95,19140.87,3773457.0,20441.105
165.84999,25928.61,4573.1616,17.2888
88492.59,38019.87,2440102.2,6653.957
83918.55,32024.7,2313977.2,7491.4165
249.54999,30586.59,6881.113,22.327892
248.0,30351.69,6838.373,22.36242
149170.45,57268.62,4113238.8,7446.5776
79.049995,3507.84,2179.7312,63.433403
113945.15,38871.6,3141933.2,8380.319
47003.75,38132.97,1296085.4,3523.365
41318.348,29735.73,1139315.6,3971.9521
4020.7,68367.21,110867.125,167.1523
187.54999,26801.22,5171.5195,19.008358
581.25,41525.1,16027.4375,39.02223
137.95,20906.97,3803.845,17.865988
179900.75,98598.84,4960598.5,5215.8716
1534.5,84180.33,42312.434,51.120106
59687.4,29015.371,1645825.4,5880.7085
71506.15,55674.78,1971716.6,3671.264
358.05,9248.97,9872.901,109.68769
77016.4,34795.65,2123656.8,6327.594
65927.695,44478.75,1817895.9,4237.0327
401.44998,14807.4,11069.616,76.51784
285.19998,22156.291,7864.1284,35.80454
109451.695,57054.6,3018030.5,5484.053
35685.65,16724.01,983999.1,6100.016
92452.84,34352.82,2549302.5,7693.9688
133196.14,68807.43,3672761.8,5533.843
126101.8,24600.99,3477141.8,14655.075
275.9,34107.48,7607.69,22.12869
262143.0,78726.3,7228353.5,9519.669
240.25,31282.59,6624.674,20.958855
38779.45,31111.2,1069307.9,3562.969
220317.0,60980.91,6075039.5,10329.065
65461.15,42086.25,1805031.2,4446.2583
83907.695,20374.53,2313678.0,11774.0625
38647.7,29894.94,1065675.0,3695.3662
142965.8,66627.21,3942151.0,6134.211
8755.95,36187.65,241437.31,690.81805
105.399994,15871.41,2906.3083,17.987774
196.84999,12272.22,5427.9585,44.862873
68421.65,37081.14,1886664.4,5274.814
162.75,28259.34,4487.682,15.466753
144776.2,35617.8,3992071.2,11620.951
68153.5,31768.92,1879270.4,6132.872
195543.34,44013.3,5391929.0,12702.053
58980.598,25512.75,1626336.0,6608.991
97.649994,14170.561,2692.6094,18.703083
178842.1,57398.25,4931407.0,8907.817
125129.945,73045.2,3450343.8,4896.997
154367.6,47496.78,4256545.0,9291.679
55708.547,20372.791,1536112.2,7817.4434
83171.445,24643.621,2293376.5,9648.809
202456.34,48405.93,5582548.5,11957.641
27445.85,19271.37,756794.2,4071.0498
61505.547,29021.46,1695959.2,6058.6006
175757.6,52913.4,4846355.0,9496.24
246.45,13494.57,6795.6333,51.217823
71.299995,3317.31,1966.0321,60.45432
27861.25,21749.13,768248.5,3661.7534
143554.8,89327.25,3958392.2,4593.9707
3924.5999,24724.53,108217.25,452.85416
342.55,24204.27,9445.503,39.465134
310.0,41183.19,8547.967,20.5224
89602.4,48181.47,2470704.2,5316.269
91302.75,57031.98,2517589.8,4576.353
564.2,36229.41,15557.299,43.52673
84301.4,34933.11,2324534.0,6898.959
132614.89,43499.13,3656734.2,8715.873
528.55,36176.34,14574.282,40.77442
192665.0,63081.09,5312561.0,8731.782
96.1,22942.77,2649.8696,10.976407
54665.4,33405.39,1507348.4,4677.913
48893.2,33236.61,1348185.2,4205.111
112092.9,69309.42,3090859.2,4623.181
44082.0,24954.21,1215520.9,5049.873
199089.75,48011.82,5489717.5,11855.314
198.4,11274.33,5470.698,49.31528
40.3,4350.87,1111.2356,25.483654
124052.695,59500.17,3420639.5,5960.245
119.35,22951.47,3290.967,13.868285
158084.5,54863.07,4359035.5,8237.69
114241.195,68145.36,3150096.5,4792.3096
75226.15,57188.582,2074292.2,3760.0447
262143.0,32350.08,7228353.5,23168.246
262143.0,187677.27,7228353.5,3992.7014
128.65,18456.18,3547.406,18.930443
364.25,29566.08,10043.86,34.225307
534.75,37629.24,14745.242,39.632576
108188.445,22762.68,2983197.5,13588.595
136.4,15747.87,3761.105,23.76518
139947.95,63077.61,3858936.8,6342.666
262143.0,113763.81,7228353.5,6587.448
209572.39,86764.234,5778767.0,6905.251
34888.95,17327.791,962030.9,5755.9663
250298.64,28244.55,6901756.0,25337.027
165.84999,23888.46,4573.1616,18.850721
174956.25,55568.64,4824258.5,9001.201
147924.25,52997.79,4078876.0,7979.51
220.09999,30158.55,6069.0557,19.866928
41.85,4364.79,1153.9755,26.414549
262143.0,129296.79,7228353.5,5795.9497
230830.64,47261.01,6364944.0,13963.952
58.899998,3727.95,1624.1135,44.174583
266.6,36252.9,7351.2515,20.026472
246.45,30496.11,6795.6333,22.106459
4189.65,15352.0205,115525.766,779.29926
72.85,17751.48,2008.7721,10.733943
52855.0,52324.41,1457428.2,2887.223
68051.195,39879.06,1876449.5,4878.1016
243642.94,93256.17,6718231.0,7469.0796
427.8,40808.22,11796.193,28.973824
522.35,26545.44,14403.322,55.262707
262143.0,55108.41,7228353.5,13599.953
213.9,33118.29,5898.0967,17.466808
176.7,13759.05,4872.341,35.71953
128.65,22425.121,3547.406,15.403027
262143.0,88149.27,7228353.5,8501.929
24274.549,29994.121,669348.5,2313.0037
52805.4,25607.58,1456060.5,5895.0176
218.54999,24837.63,6026.316,24.158783
262143.0,129432.51,7228353.5,5789.871
258228.44,44737.14,7120413.0,16502.834
106653.945,51632.76,2940885.0,5905.097
133174.45,93529.35,3672163.8,4070.1958
18145.85,8507.73,500355.22,6097.3535
141046.89,76246.8,3889239.0,5288.2114
100140.84,46879.95,2761292.2,6106.6357
184234.55,41389.38,5080099.0,12726.149
244923.25,124604.88,6753534.5,5619.0986
95213.4,77492.64,2625422.2,3512.0684
44936.047,21453.33,1239070.4,5987.9287
130.2,8479.0205,3590.1458,42.90503
186472.75,67501.56,5141815.5,7897.6074
31.0,4121.19,854.79663,20.507406
176.7,18768.51,4872.341,25.918802
262143.0,68272.38,7228353.5,10977.4795
163707.89,86307.484,4514095.5,5422.3813
119.35,13582.44,3290.967,24.124279
2462.95,19929.96,67913.59,352.34436
62271.25,32511.03,1717072.8,5475.5347
99964.15,43544.37,2756420.0,6562.889
351.84998,33420.18,9701.941,29.102165
189.09999,26069.55,5214.2593,19.739914
69250.9,29295.51,1909530.1,6757.858
21783.7,18741.541,600665.56,3322.3442
128580.24,15433.8,3545482.5,23819.47
167.4,24133.8,4615.902,18.832558
196583.39,137883.69,5420607.0,4075.4575
223.2,28843.11,6154.5356,21.125908
85814.195,57320.82,2366248.0,4279.512
133.3,19928.22,3675.6257,18.125404
38998.0,26158.291,1075334.1,4261.6724
169614.94,82527.33,4676976.5,5875.453
204409.34,45614.97,5636400.5,12811.75
113346.84,47376.72,3125435.5,6839.588
129460.65,56219.4,3569759.0,6583.163
168832.19,37218.6,4655393.0,12969.126
130068.24,75809.19,3586512.8,4904.671
221394.25,58537.082,6104744.0,10812.947
262143.0,82098.42,7228353.5,9128.615
80717.8,28556.01,2225719.5,8081.036
86204.8,50559.18,2377018.5,4874.0654
370.44998,43035.42,10214.819,23.612316
193378.0,36415.59,5332221.5,15182.39
28186.75,16561.32,777223.9,4865.3022
83165.25,20089.17,2293205.8,11835.652
22209.95,42573.45,612419.06,1490.6185
78163.4,31017.24,2155284.2,7204.254
64052.2,36233.76,1766180.8,5053.4
262143.0,63360.36,7228353.5,11828.588
279.0,42646.53,7693.17,17.705507
204.59999,32883.39,5641.6577,16.790085
64222.7,48059.67,1770882.1,3819.8213
187.54999,23351.67,5171.5195,21.964031
139093.89,76638.3,3835386.8,5188.329
24931.75,25783.32,687470.2,2763.7947
111713.15,63963.27,3080388.0,4992.7026
4812.75,20996.58,132707.17,654.3808
204128.8,92756.79,5628665.0,6291.273
166615.69,34262.34,4594275.0,13903.26
58035.098,30519.6,1600264.8,5436.0195
229.4,14394.15,6325.495,44.567623
262143.0,83112.84,7228353.5,9017.185
1201.25,27629.46,33123.37,123.311134
96175.945,32532.78,2651963.8,8451.678
165231.55,89891.88,4556109.0,5254.5903
429.34998,36833.19,11838.933,32.328907
70328.15,35134.95,1939234.4,5722.199
131.75,19427.97,3632.8857,18.389748
181.34999,23371.68,5000.56,21.185877
262143.0,124217.734,7228353.5,6032.977
125455.445,46632.0,3459319.2,7691.2695
68368.945,34522.47,1885211.1,5661.471
112178.15,71667.12,3093209.8,4474.456
113176.34,53700.75,3120734.2,6024.933
77486.05,18175.17,2136606.8,12188.728
105.399994,15318.96,2906.3083,18.672533
96.1,25738.08,2649.8696,9.675696
404.55,35745.69,11155.096,31.359177
91.45,4465.71,2521.65,57.552055
88968.445,42077.55,2453223.5,6044.532
262143.0,46380.57,7228353.5,16159.365
112319.195,62284.17,3097099.0,5155.1465
837.0,43133.73,23079.51,54.482677
274.35,26135.67,7564.9507,29.013756
344.09998,17561.82,9488.242,55.022713
282.1,32118.66,7778.6494,24.112772
254.2,23644.86,7009.3325,29.738863
468.09998,50172.03,12907.429,25.676321
204.59999,25664.13,5641.6577,21.794394
41.85,3536.55,1153.9755,32.83488
923.8,22264.17,25472.94,117.63708
68.2,5123.43,1880.5525,37.06033
260816.94,91610.13,7191788.5,8139.316
169289.44,52328.76,4668001.5,9248.93
109318.4,30409.98,3014354.8,10277.414
162407.44,56470.832,4478236.5,8222.009
262143.0,117206.4,7228353.5,6393.932
262143.0,102771.36,7228353.5,7292.1504
126304.84,37953.75,3482740.5,9514.12
213373.0,94254.93,5883565.5,6471.684
262143.0,47416.742,7228353.5,15806.223
98569.15,18357.87,2717954.0,15351.098
42384.75,49132.38,1168720.8,2465.5552
62.0,3401.7,1709.5933,51.11283
117975.15,45642.81,3253056.8,7389.3867
92316.445,59588.04,2545541.5,4428.6455
167218.64,28856.16,4610901.0,16567.955
15636.399,17033.73,431159.4,2623.6777
25268.1,15480.78,696744.75,4665.903
545.6,12117.36,15044.42,127.740524
219348.25,82884.9,6048327.5,7565.7217
36265.348,19884.72,999983.8,5213.604
262143.0,97011.09,7228353.5,7725.1987
170535.64,58410.06,4702364.5,8346.887
86741.09,49516.05,2391806.2,5007.733
198458.89,100650.3,5472322.5,5636.733
291.4,21512.49,8035.0884,37.730034
81640.05,28371.57,2251149.5,8226.518
41.85,4883.31,1153.9755,23.503614
262143.0,181598.58,7228353.5,4126.3833
931.55,27422.4,25686.639,96.12917
51605.7,44992.92,1422980.0,3278.4612
262143.0,76036.26,7228353.5,9856.494
83763.55,50888.91,2309703.2,4705.314
367.34998,33748.17,10129.34,30.122808
238.7,26039.97,6581.934,25.209633
64173.098,43161.57,1769514.5,4250.134
1122.2,13147.44,30943.637,243.04956
69967.0,48043.14,1929276.0,4163.001
110862.195,48749.582,3056923.5,6501.2183
185829.5,50475.66,5124078.5,10525.443
1982.45,14406.33,54664.242,392.45752
63413.598,51840.69,1748572.0,3496.5234
262143.0,102342.45,7228353.5,7322.715
162886.39,65364.84,4491443.0,7124.077
109707.445,50877.6,3025082.5,6164.361
513.05,55238.04,14146.884,25.556473
51061.65,29242.44,1407978.2,4991.6396
124137.945,63839.73,3422990.2,5558.843
1185.75,34411.98,32695.97,97.52183
1271.0,17924.61,35046.664,201.74252
104569.195,47677.742,2883400.0,6270.004
68103.9,36519.99,1877902.8,5331.0024
249625.94,128613.84,6883207.0,5548.4634
43152.0,21325.44,1189876.9,5784.6465
153.45,25636.291,4231.243,16.11436
91.45,5362.68,2521.65,47.75855
243594.89,43447.8,6716906.5,16029.585
151.9,22296.36,4188.5034,18.479275
133701.45,26060.85,3686695.2,14667.866
64024.297,28282.83,1765411.4,6471.4834
1622.85,89994.54,44748.605,50.559803
2094.05,74672.97,57741.516,79.18122
38841.45,61711.71,1071017.4,1798.6035
118891.195,52088.64,3278316.0,6525.129
185362.94,49611.75,5111213.5,10681.855
134.84999,22868.82,3718.3652,15.859945
66529.1,43843.65,1834479.1,4337.6436
145407.05,42696.99,4009466.2,9736.27
111679.05,61904.85,3079447.5,5157.1743
110798.65,29577.39,3055171.5,10709.842
44393.547,26868.21,1224111.5,4723.22
69326.85,30317.76,1911624.5,6537.127
182735.69,82081.89,5038769.5,6364.39
160142.89,18148.2,4415793.5,25229.34
230297.44,94491.57,6350241.0,6967.592
53369.598,54072.242,1471617.9,2821.075
158148.05,64120.742,4360787.5,7051.032
262143.0,121408.5,7228353.5,6172.595
139.5,13147.44,3846.585,29.337654
48900.95,28408.98,1348399.0,4920.649
98262.25,78629.73,2709491.8,3572.131
85.25,14457.66,2350.6907,15.859526
116042.3,45095.582,3199760.2,7356.5176
75813.6,26037.36,2090490.8,8324.286
119653.8,29272.02,3299344.0,11686.531
89763.59,23610.06,2475149.0,10869.565
289.85,28121.88,7992.3486,28.46985
103.85,9642.21,2863.5686,29.794909
167260.5,38273.04,4612055.5,12494.379
262143.0,135313.7,7228353.5,5538.18
79856.0,26954.34,2201956.2,8469.867
210.79999,34630.35,5812.6167,16.404545
277.44998,21465.51,7650.4297,35.956642
107892.4,47109.63,2975034.2,6547.324
166071.64,60799.95,4579273.5,7808.824
95590.05,54324.54,2635808.0,5030.131
31447.95,25299.6,867148.44,3553.084
262143.0,126053.43,7228353.5,5945.105
116870.0,45880.32,3222583.2,7282.256
20703.35,50061.54,570875.94,1181.4572
110677.75,49823.16,3051837.8,6350.5254
130.2,19548.9,3590.1458,18.043098
262143.0,94550.734,7228353.5,7926.2466
101286.3,65283.93,2792877.0,4435.019
58355.95,29794.89,1609111.9,5599.055
3481.2998,31837.65,95993.66,311.6435
234487.1,27620.76,6465767.0,24272.496
86434.195,27713.85,2383343.8,8916.389
92668.3,41077.05,2555243.5,6449.315
26.349998,4305.63,726.5771,16.49818
517.7,17066.791,14275.1045,85.731186
25776.5,27237.96,710763.44,2704.8167
341.0,32860.77,9402.763,28.670553
916.05,40390.62,25259.24,63.846664
330.15,37205.55,9103.584,24.371874
42967.547,29439.93,1184790.8,4172.042
190437.64,45202.59,5251143.5,12044.877
179643.44,20976.57,4953503.5,24485.453
47158.75,33044.34,1300359.4,4079.5076
172166.25,55070.13,4747327.0,8937.835
223031.05,33690.75,6149877.0,18926.951
18015.65,47092.23,496765.1,1092.8297
33600.9,30020.22,926514.06,3199.2654
74530.195,73061.73,2055102.0,2915.697
44922.098,19795.11,1238685.8,6487.602
209.25,20815.62,5769.8774,27.74254
27813.2,22788.78,766923.5,3488.6257
169681.6,32649.36,4678814.5,14858.666
95619.5,59115.63,2636620.2,4623.8022
129776.84,37620.54,3578477.8,9862.276
78966.3,54130.53,2177423.5,4170.0796
151861.25,48304.14,4187435.0,8988.004
212481.75,52534.95,5858990.0,11563.379
231004.25,47949.18,6369731.0,13773.88
100.75,15780.93,2778.089,17.254145
47267.25,27638.16,1303351.1,4888.9023
33290.9,21087.93,917966.06,4512.7817
434.0,12700.26,11967.153,96.7071
61375.348,54332.37,1692369.1,3228.8645
968.75,4738.89,26712.395,583.4994
71258.15,17847.18,1964878.2,11414.999
31881.95,18475.32,879115.56,4933.031
-18.599998,12155.64,-512.8779,-5.3750606
165867.05,50013.69,4573632.0,9481.442
121585.09,43646.16,3352597.8,7963.954
160463.75,64825.44,4424641.0,7076.5093
242137.89,66642.87,6676731.0,10387.625
370.44998,29864.49,10214.819,34.46692
167.4,32443.17,4615.902,13.753028
52276.848,36328.59,1441486.2,4113.4316
97.649994,12265.26,2692.6094,21.763784
156672.44,91931.164,4320099.0,4871.8027
100646.15,56021.04,2775225.5,5135.8276
32649.2,57982.89,900271.8,1608.9845
176.7,17112.03,4872.341,28.524601
134925.95,40086.12,3720459.8,9622.886
115372.695,45572.34,3181296.5,7237.535
262143.0,113546.31,7228353.5,6600.0684
21421.0,28259.34,590664.5,2166.3384
204.59999,21496.83,5641.6577,26.213236
203144.55,63893.67,5601525.0,9089.679
93844.75,35646.51,2587683.2,7526.347
248.0,21681.27,6838.373,31.70514
18322.549,8274.57,505227.53,6330.2495
396.8,50706.21,10941.396,21.374815
-4.6499996,3213.78,-128.21948,-5.137002
20644.45,24284.31,569251.8,2429.6729
248.0,14543.79,6838.373,47.75544
147457.7,30670.98,4066011.2,13745.395
34954.05,33420.18,963826.0,2989.4583
3016.2998,20225.76,83171.71,425.40143
289.85,42385.53,7992.3486,18.552607
210186.19,46160.46,5795692.0,13018.162
262143.0,88663.44,7228353.5,8452.619
-13.95,3711.42,-384.65848,-11.746897
344.09998,30789.3,9488.242,30.954632
262143.0,91343.04,7228353.5,8204.628
119714.25,53806.89,3301011.0,6360.4624
678.89996,82610.85,18720.045,22.497284
210310.19,40583.76,5799111.0,14815.888
59907.5,27572.041,1651894.5,6211.427
49.6,7739.52,1367.6746,17.323845
262143.0,60909.57,7228353.5,12304.569
201292.3,61418.52,5550451.0,9369.803
22313.799,17333.88,615282.56,3679.6682
154686.89,58540.56,4265349.5,7554.1943
97347.75,69232.86,2684275.2,4019.3389
54.25,24194.7,1495.8942,5.4110403
262143.0,91850.25,7228353.5,8159.315
119866.15,59660.25,3305199.5,5743.6094
111657.34,76940.19,3078849.0,4148.3784
194092.55,60873.9,5351924.5,9115.471
35474.848,21098.37,978186.5,4806.515
51232.15,33556.77,1412679.6,4364.273
7298.9497,12659.37,201261.86,1647.5316
120693.84,55890.54,3328022.2,6173.415
121220.84,56978.91,3342554.0,6081.921
141119.75,50419.11,3891248.0,8001.794
198857.25,54106.17,5483307.0,10507.57
12303.899,22927.11,339268.78,1533.4138
65.1,6605.04,1795.0729,27.180876
3038.0,12676.7705,83770.07,684.217
305.34998,33338.4,8419.746,25.187988
159.65,25211.73,4402.2026,17.105698
92872.9,39801.63,2560885.2,6670.71
201138.84,57964.62,5546219.5,9920.6045
370.44998,23604.84,10214.819,43.872215
113.149994,24102.48,3120.0076,12.422758
66043.945,29343.36,1821101.4,6434.35
514.6,27291.03,14189.624,52.913662
6299.1997,16018.44,173694.67,1123.3827
232.5,24582.72,6410.9746,26.042196
126532.695,64524.42,3489023.2,5605.962
2785.3499,150725.77,76803.48,51.83738
4933.65,17466.99,136040.89,806.6055
847.85,82310.7,23378.688,28.451792
75173.445,54795.21,2072839.0,3921.5713
257664.23,38510.55,7104855.5,19129.371
262143.0,124021.11,7228353.5,6042.5435
122.45,24952.47,3376.4465,13.03118
262143.0,56376.87,7228353.5,13293.9375
48857.547,30558.75,1347202.1,4570.3564
147719.64,67735.59,4073234.0,6234.486
266.6,39621.54,7351.2515,18.238792
37089.95,28596.03,1022721.44,3707.5105
182.9,27295.38,5043.3,18.159029
57.35,3995.91,1581.3738,40.03616
112959.34,39492.78,3114750.5,8177.119
116124.445,73800.36,3202025.2,4497.981
81520.695,40731.66,2247858.5,5721.486
209.25,24751.5,5769.8774,23.17202
98090.195,30702.3,2704747.5,9133.897
201.5,24972.48,5556.178,22.070784
262143.0,119958.21,7228353.5,6247.234
262143.0,59339.22,7228353.5,12630.225
136517.8,33140.91,3764353.2,11777.062
155.0,21002.67,4273.9834,20.101152
74103.945,38721.09,2043348.5,5470.958
134871.7,34311.06,3718963.8,11238.208
277.44998,28936.2,7650.4297,26.415249
138300.3,40203.57,3813504.2,9834.75
82.149994,6947.82,2265.211,32.807102
262143.0,51112.5,7228353.5,14663.26
55248.2,34299.75,1523418.5,4604.493
136069.84,34496.37,3752001.5,11277.14
66684.1,23920.65,1838753.1,7969.734
283.65,30230.76,7821.389,25.827654
42741.25,23405.61,1178550.9,5220.2715
66839.1,24668.85,1843027.1,7745.9487
415.4,49567.38,11454.274,22.961803
58777.547,58635.39,1620737.1,2865.1614
115797.4,62115.39,3193007.2,5329.262
230.95,10722.75,6368.235,60.582993
477.4,28723.92,13163.868,46.521233
2698.5498,9512.58,74410.04,810.1125
96112.4,53282.28,2650211.5,5156.5757
137.95,31990.77,3803.845,11.329515
485.15,21534.24,13377.567,63.416252
48942.797,69995.85,1349552.9,1998.2426
66611.25,22417.291,1836744.2,8494.9795
172807.94,30158.55,4765021.0,16382.332
201035.0,61515.96,5543356.0,9343.0
441.75,37443.06,12180.853,32.732944
249038.5,63524.79,6867009.0,11208.139
122047.0,25298.73,3365334.5,13792.593
107015.09,40647.27,2950843.2,7526.7056
262143.0,56319.45,7228353.5,13307.492
64264.547,21533.371,1772036.1,8532.132
151078.5,47370.63,4165851.5,9117.901
167.4,7616.85,4615.902,61.83897
169579.3,45134.73,4675994.0,10741.639
138060.05,85789.83,3806879.5,4600.307
241.79999,24225.15,6667.4136,27.539003
247747.34,104667.09,6831406.5,6766.8057
143988.8,75620.4,3970359.2,5443.2583
55260.598,29739.21,1523760.4,5311.9424
34391.4,42710.04,948311.4,2301.337
148.79999,17294.73,4103.0234,23.600168
58954.25,42668.28,1625609.5,3949.5627
122863.84,48624.3,3387858.0,7223.6978
59650.2,70444.77,1644799.6,2420.0964
176467.5,50491.32,4865930.0,9992.025
262143.0,88761.75,7228353.5,8443.256
317.75,9486.48,8761.666,94.77
262143.0,111604.47,7228353.5,6714.923
314.65,31232.13,8676.186,27.805477
196296.64,41831.34,5412700.5,13416.145
165961.6,51514.44,4576239.0,9210.441
45498.7,33040.86,1254585.0,3936.2832
34693.65,40585.5,956645.6,2443.1514
139636.39,60513.72,3850345.8,6596.7183
210096.3,40853.46,5793213.0,14703.103
65594.445,45782.88,1808706.9,4095.5
114386.9,49766.61,3154114.0,6570.8433
168689.6,73939.56,4651461.0,6522.1953
183831.55,49698.75,5068986.5,10575.052
190846.84,77624.88,5262427.0,7028.639
1122.2,4089.87,30943.637,783.53033
65109.297,49721.37,1795329.2,3743.1125
170110.94,60439.77,4690653.5,8046.4526
88.35,15378.12,2436.1704,15.426773
10656.25,30527.43,293836.34,997.07495
168224.6,57360.84,4638639.5,8384.385
139055.14,17401.74,3834318.2,22846.746
82.149994,3802.77,2265.211,60.766994
120.899994,6671.16,3333.7068,50.817196
51663.047,14126.19,1424561.2,10455.924
44.949997,19153.05,1239.4551,5.7102814
85491.8,46280.52,2357358.0,5280.718
54139.95,19625.46,1492859.6,7886.6387
306.9,41059.65,8462.486,20.371286
85002.0,15426.84,2343852.5,15753.375
177555.6,56702.25,4895933.0,8952.298
102.299995,6321.42,2820.8289,45.271114
227.84999,24299.97,6282.755,25.80972
84327.75,48341.55,2325260.5,4986.6836
88.35,8824.41,2436.1704,27.626606
51.149998,10132.89,1410.4144,13.433156
103789.55,37145.52,2861901.8,7988.069
84240.945,46289.22,2322867.0,5202.462
4995.65,33954.36,137750.47,419.67374
171456.34,66285.3,4727752.0,7394.8037
113923.445,66836.88,3141334.8,4872.5557
134381.89,60270.12,3705457.8,6374.1104
288.3,35370.72,7949.6084,22.305033
145.7,12098.22,4017.5442,33.433968
110057.75,51103.8,3034741.8,6156.6704
262143.0,68383.74,7228353.5,10959.602
41222.25,35434.23,1136665.9,3325.2715
69128.445,29359.02,1906153.6,6731.312
35288.848,16133.28,973057.7,6253.085
187297.34,75819.63,5164553.0,7062.158
72186.6,37552.68,1990479.5,5495.227
508.4,48501.63,14018.665,28.97079
757.94995,34171.86,20899.777,62.419224
213383.84,80843.88,5883864.5,7545.8096
80252.8,44009.82,2212897.5,5212.863
573.5,53725.11,15813.738,29.521446
365.8,30041.97,10086.6,33.814827
151402.45,41363.28,4174784.2,10464.668
81725.3,50901.96,2253500.2,4589.616
168843.05,30516.121,4655692.5,15818.867
320.84998,13093.5,8847.145,69.06405
142860.39,77252.52,3939244.5,5286.4727
29977.0,11209.95,826588.4,7644.986
268.15,9870.15,7393.9907,76.67889
8046.05,18710.22,221862.47,1228.5687
157996.14,110483.914,4356599.0,4087.8052
137.95,13182.24,3803.845,28.92137
163439.75,64576.62,4506701.5,7235.5464
77.5,21277.59,2136.9917,9.414257
224148.6,115009.65,6180692.5,5571.5083
97877.84,39136.95,2698892.0,7149.665
53270.4,26501.94,1468882.5,5746.213
119.35,13706.85,3290.967,23.89624
124413.84,76108.47,3430598.0,4672.957
141984.64,71284.32,3915096.5,5694.034
72594.25,58738.05,2001720.0,3532.7163
75.95,22009.26,2094.2517,8.866687
182720.19,51387.42,5038342.0,10165.669
262143.0,61035.72,7228353.5,12279.137
181.34999,8289.36,5000.56,61.552616
138759.1,62625.21,3826155.0,6334.2134
610.69995,14328.03,16839.492,120.86819
74.399994,25159.53,2051.5117,7.4551115
754.85,55842.69,20814.297,37.64945
112449.4,59778.57,3100689.2,5377.493
127771.15,66229.62,3523172.5,5515.067
204173.75,88785.24,5629904.5,6574.187
863.35,20421.51,23806.086,119.87821
255.74998,17308.65,7052.072,41.247536
230.95,22855.77,6368.235,27.891567
125122.195,59889.93,3450130.0,5972.5093
229930.1,104046.78,6340112.0,6317.5317
429.34998,17136.39,11838.933,70.6376
238788.34,85703.7,6584370.0,7965.407
153.45,9903.21,4231.243,43.303688
262143.0,82276.77,7228353.5,9108.824
75241.65,36216.36,2074719.6,5939.2197
432.44998,7735.17,11924.413,158.85089
95492.4,39152.61,2633115.5,6972.6006
262143.0,171716.25,7228353.5,4363.9155
103789.55,44383.05,2861901.8,6685.294
72.85,11410.05,2008.7721,17.255386
66250.1,23767.53,1826786.0,7968.8745
492.9,54159.242,13591.267,25.021675
49902.25,27325.83,1376008.9,5220.5054
138277.05,53194.41,3812863.0,7431.4683
111302.4,45091.23,3069061.8,7056.6714
85.25,8563.41,2350.6907,27.464045
305.34998,34726.05,8419.746,24.141516
161522.39,71354.79,4453832.0,6471.299
204.59999,16785.78,5641.6577,33.850826
54000.45,16270.74,1489013.0,9488.407
143102.2,61836.992,3945912.2,6615.7837
180049.55,18974.7,4964701.5,27130.02
67806.3,33922.17,1869696.6,5714.252
272.8,27237.09,7522.21,27.637335
13891.1,23826.69,383034.38,1665.9475
24804.648,56458.65,683965.5,1255.1792
239916.75,61743.9,6615485.0,11109.037
89405.55,47812.59,2465276.2,5345.52
110.049995,9408.18,3034.5278,32.44517
158.09999,7371.5103,4359.4624,60.323135
32.55,13045.65,897.53644,6.1340184
262143.0,155624.73,7228353.5,4815.2456
139873.55,46397.1,3856885.0,8618.731
262143.0,139815.1,7228353.5,5359.844
105077.59,35735.25,2897418.5,8406.411
167.4,12404.46,4615.902,37.585716
119.35,26911.71,3290.967,11.680317
132687.75,65706.75,3658743.2,5772.9077
90551.0,57389.55,2496861.0,4510.38
107590.15,55701.75,2966700.0,5521.7153
161.2,20117.88,4444.9424,21.910355
262143.0,57403.47,7228353.5,13056.172
262143.0,108846.57,7228353.5,6885.087
7.75,2940.6,213.69916,6.5355463
99596.8,55721.76,2746290.5,5109.5723
132325.05,103864.95,3648742.0,3641.688
136176.8,41912.25,3754950.5,9288.902
151484.6,60358.86,4177049.0,7174.9004
262143.0,78353.07,7228353.5,9565.02
376.65,37508.31,10385.779,27.711737
323.94998,23578.74,8932.624,38.283154
117685.3,35617.8,3245064.5,9446.222
142807.7,49169.79,3937791.8,8303.286
130.2,27058.74,3590.1458,12.757907
319.3,19208.73,8804.405,46.527966
182872.1,58892.91,5042530.5,8877.373
148666.7,61302.81,4099348.2,6932.976
100120.695,42227.19,2760736.5,6778.235
112826.05,44022.87,3111075.0,7326.9077
49362.848,54497.67,1361135.4,2588.83
262143.0,133379.7,7228353.5,5618.498
1216.75,21932.7,33550.77,157.62012
86397.0,40625.52,2382318.2,6079.6323
11578.5,6623.31,319266.53,4997.3447
65144.95,35502.09,1796312.4,5245.574
252.65,16456.92,6966.5923,42.895473
262143.0,146578.47,7228353.5,5112.4863
262143.0,111266.914,7228353.5,6735.297
410.75,36471.27,11326.056,31.20147
86.799995,17147.7,2393.4304,13.473142
212.34999,20107.44,5855.357,29.195656
79169.34,34920.06,2183022.2,6481.329
158.09999,18208.23,4359.4624,23.826363
235968.89,77828.46,6506626.5,8667.927
94.549995,6293.58,2607.1296,41.954903
197721.1,46545.87,5451978.5,12144.652
165.84999,15468.6,4573.1616,29.655855
133222.5,94140.09,3673488.5,4045.2427
166773.8,94159.234,4598635.0,5063.236
41.85,14401.11,1153.9755,7.3089952
187985.55,53196.15,5183529.5,10102.998
105820.05,45979.5,2917891.0,6579.4062
262143.0,75577.77,7228353.5,9916.293
178815.75,50534.82,4930680.5,10116.286
162.75,13757.311,4487.682,32.82489
117686.84,34406.76,3245107.0,9778.87
40650.297,36920.19,1120894.8,3147.1018
190161.75,66662.88,5243536.5,8155.2036
187257.05,72404.88,5163442.0,7393.679
97808.09,56427.332,2696968.8,4955.034
58018.047,27443.28,1599794.6,6043.7188
141373.95,21207.12,3898257.5,19059.607
141.05,10809.75,3889.3247,36.308384
103657.8,58702.38,2858269.0,5047.8823
850.94995,7689.06,23464.166,315.43155
12.4,6772.95,341.91864,4.2347116
68.2,3918.48,1880.5525,48.76405
99.2,9588.2705,2735.349,28.581512
198.4,25411.83,5470.698,21.323109
111.6,21692.58,3077.2678,13.709638
141.05,23053.26,3889.3247,16.494024
207.7,22737.45,5727.137,25.118227
38678.7,21055.74,1066529.8,5251.31
110006.59,41210.16,3033331.2,7631.44
125015.25,47120.07,3447181.2,7584.882
100928.25,51816.332,2783004.2,5568.2295
314.65,14184.48,8676.186,62.42541
262143.0,112005.54,7228353.5,6690.8745
192.2,12612.39,5299.7393,42.57175
127671.945,40494.15,3520437.0,9013.719
262143.0,112176.06,7228353.5,6680.7017
262143.0,68841.36,7228353.5,10886.742
2424.2,83932.38,66845.09,81.582466
87750.15,48305.88,2419630.0,5192.939
2777.5999,29566.95,76589.77,267.6038
155705.25,38753.28,4293430.0,11486.982
130860.3,41197.11,3608353.0,9081.182
239837.69,94307.13,6613305.0,7270.4644
277.44998,32870.34,7650.4297,23.13401
262143.0,47248.832,7228353.5,15862.396
134439.25,67471.98,3707039.2,5696.071
262143.0,109968.87,7228353.5,6814.811
58159.098,35367.24,1603683.9,4700.8145
4826.6997,32658.93,133091.83,421.5687
6699.0996,54449.82,184721.55,350.77826
200315.8,70443.9,5523525.0,8129.567
123773.695,37811.07,3412946.5,9358.623
262143.0,31253.88,7228353.5,23980.885
130079.09,73431.48,3586812.0,5063.9395
55556.65,31079.88,1531923.8,5109.998
99863.4,53177.88,2753641.8,5368.3823
262143.0,56240.28,7228353.5,13326.228
796.69995,60560.7,21968.271,36.614292
66.65,21894.42,1837.8129,7.7039366
520.8,34525.95,14360.583,42.12949
78431.55,26768.16,2162678.2,8376.632
197572.3,57411.3,5447875.5,9838.605
155.0,15941.88,4273.9834,26.799767
27833.35,54435.9,767479.1,1460.9384
214236.34,28082.73,5907371.0,21811.367
162.75,20340.6,4487.682,21.877377
16771.0,32646.75,462444.97,1467.818
336.34998,30345.6,9274.543,30.691637
262143.0,84819.78,7228353.5,8835.7
102588.3,29198.94,2828778.5,10044.689
198.4,30284.7,5470.698,17.731277
269.69998,15417.2705,7436.7305,49.01755
74.399994,17039.82,2051.5117,11.484089
124500.65,61748.25,3432991.5,5763.9556
389.05,7830.87,10727.697,141.05103
168.95,19192.2,4658.6416,24.169954
119494.15,64251.242,3294941.8,5316.581
243.34999,21225.39,6710.1533,31.781181
262143.0,94278.42,7228353.5,7949.1436
592.1,34253.64,16326.615,48.42393
179.79999,24741.06,4957.8203,19.778795
128.65,22878.39,3547.406,15.078049
74727.05,31596.66,2060530.0,6761.163
245425.44,72315.27,6767382.0,9702.727
58.899998,3936.75,1624.1135,41.778584
34.1,14749.98,940.27625,5.6101594
344.09998,7125.3,9488.242,137.07991
168457.1,52581.93,4645050.5,9159.134
158287.55,40716.0,4364634.5,11114.542
130649.49,65022.06,3602540.2,5744.0786
254978.1,45020.76,7030787.5,16192.436
148982.89,54402.84,4108067.0,7829.037
262143.0,107334.51,7228353.5,6982.0938
282.1,36232.02,7778.6494,21.261763
47197.5,17105.07,1301427.9,7888.385
6886.65,33233.13,189893.08,591.49646
46566.65,27332.791,1284032.8,4870.2456
108470.55,37681.44,2990976.0,8229.634
93488.25,55954.92,2577853.0,4776.1377
213.9,24719.31,5898.0967,23.741352
262143.0,71868.09,7228353.5,10428.204
56263.45,28436.82,1551413.1,5656.106
35372.55,30296.88,975365.75,3337.2393
76540.55,41046.6,2110535.5,5330.671
4589.55,13003.89,126552.64,1008.127
262143.0,68482.92,7228353.5,10943.728
114.7,23946.75,3162.7476,12.69512
117364.445,49711.8,3236217.2,6749.346
78310.65,38497.5,2159344.5,5815.1724
430.9,40486.32,11881.673,29.431065
245293.69,28495.98,6763749.0,24611.275
56776.5,31742.82,1565560.0,5113.134
210.79999,23751.871,5812.6167,24.375916
140665.6,45749.82,3878725.0,8790.186
68595.25,35843.13,1891451.2,5470.8867
35420.598,14926.59,976690.56,6783.9126
345.65,26662.89,9530.982,36.066223
262143.0,115568.19,7228353.5,6484.582
59781.95,19224.39,1648432.6,8890.325
71.299995,3916.74,1966.0321,51.04916
162692.64,91617.96,4486100.5,5076.34
531.64996,57329.52,14659.762,25.515299
110119.75,40762.98,3036451.2,7723.1064
262143.0,85259.13,7228353.5,8790.164
53157.25,25378.77,1465762.5,5987.8154
120862.8,50608.77,3332681.0,6827.3506
162670.94,55027.5,4485502.5,8451.384
84679.59,38007.69,2334962.2,6369.2466
110.049995,21465.51,3034.5278,13.658779
199182.75,77753.64,5492282.0,7323.5337
107701.75,49656.992,2969777.2,6200.423
82571.59,50136.36,2276836.2,4707.9805
29.449999,9808.38,812.05676,7.584934
105.399994,12270.48,2906.3083,23.55998
1667.7999,65998.2,45988.06,71.25382
364.25,52938.63,10043.86,18.673239
196842.25,68976.21,5427745.0,8158.5835
111956.5,38667.15,3087098.0,8277.586
399.9,34224.06,11026.877,32.40942
49717.797,37738.86,1370922.8,3765.7957
52126.5,35169.75,1437340.5,4236.779
262143.0,103570.89,7228353.5,7235.8496
34408.45,41726.94,948781.5,2356.7488
262143.0,88542.51,7228353.5,8464.165
229.4,22469.49,6325.495,28.191015
1582.5499,18442.26,43637.367,244.35352
73293.3,46936.5,2020995.6,4463.8057
195033.39,68764.8,5377867.5,8108.4575
77042.75,26832.541,2124383.2,8208.542
110.049995,4165.56,3034.5278,74.538025
135187.89,61704.75,3727682.5,6263.2373
182.9,4653.63,5043.3,111.37529
302.25,20570.28,8334.268,41.012173
39297.15,31184.28,1083582.9,3602.0835
49107.098,13160.49,1354083.2,10667.9375
112819.84,27772.14,3110904.0,11614.158
56471.15,49848.39,1557140.2,3238.1008
262143.0,90645.3,7228353.5,8267.791
592.1,13287.51,16326.615,126.4091
122155.5,96566.52,3368326.2,3615.891
22640.85,17903.73,624300.7,3614.748
33106.45,18015.09,912880.06,5253.4243
6886.65,16035.84,189893.08,1226.9065
598.3,52557.57,16497.574,31.548626
90605.25,29519.1,2498357.0,8775.054
143111.5,88202.34,3946168.8,4638.203
42685.45,63084.57,1177012.2,1933.6647
195.29999,23224.65,5385.2188,23.043741
34778.9,48967.082,958996.3,2029.7694
62.0,3483.48,1709.5933,49.8894
159047.05,88468.56,4385577.0,5139.2666
229933.19,111698.43,6340197.5,5884.774
122273.3,60934.8,3371574.2,5736.401
331.69998,39198.72,9146.323,23.19483
75354.8,14789.13,2077839.6,14567.582
262143.0,31091.19,7228353.5,24106.375
241.79999,33222.69,6667.4136,19.809921
181.34999,28765.68,5000.56,17.02569
122087.3,45123.42,3366445.5,7735.017
51266.25,30749.28,1413620.0,4766.005
12720.85,20605.08,350765.78,1764.1874
159.65,8018.79,4402.2026,55.92579
159.65,15943.62,4402.2026,27.630636
90794.34,63680.52,2503571.0,4075.6292
248147.25,73670.73,6842433.5,9629.825
61531.9,28697.82,1696685.8,6129.563
173.59999,11959.0205,4786.861,40.505253
601.39996,46935.63,16583.055,35.636147
169081.75,68100.99,4662274.5,7097.92
452.59998,33005.19,12480.03,38.208595
7125.3496,14709.96,196475.0,1383.9806
121414.59,80999.61,3347896.2,4284.85
235818.55,78798.51,6502480.5,8555.752
173069.89,59784.66,4772244.0,8276.149
217.0,23487.39,5983.5767,25.416422
56812.15,48092.73,1566543.0,3376.6196
262143.0,72792.03,7228353.5,10295.827
300.69998,32471.01,8291.527,25.478088
130209.3,40535.04,3590402.2,9183.604
18497.7,38214.75,510057.12,1382.9987
87340.945,45941.22,2408346.8,5434.8115
33173.098,12983.01,914717.8,7304.6626
135217.34,83858.43,3728494.5,4609.358
158441.0,75585.6,4368865.5,5992.4585
235514.75,54437.64,6494104.0,12368.947
111150.5,45843.78,3064873.2,6931.342
296.05,42998.01,8163.3076,18.68637
404.55,40055.67,11155.096,27.877338
18003.25,18970.35,496423.16,2712.4673
244614.8,60740.79,6745029.5,11513.665
128905.74,56361.21,3554458.0,6538.446
108636.4,49282.02,2995549.2,6301.8335
99215.5,54120.09,2735776.8,5240.6743
241.79999,14971.83,6667.4136,45.177494
2004.1499,53848.65,55262.6,105.415375
27791.5,32200.44,766325.2,2466.7388
399.9,31825.47,11026.877,34.927383
99.2,22556.49,2735.349,11.574453
89557.445,28094.91,2469464.8,9113.295
368.9,36454.74,10172.08,27.933681
165966.25,73481.07,4576367.5,6456.9297
262143.0,103924.984,7228353.5,7211.192
216941.1,30333.42,5981952.0,20447.875
102.299995,9945.84,2820.8289,28.409195
174127.0,104313.87,4801392.5,4771.798
166824.94,65104.71,4600045.0,7325.5166
214228.6,90107.64,5907157.5,6796.744
212.34999,26136.541,5855.357,22.23021
176.7,21021.81,4872.341,23.033411
117238.9,57676.65,3232755.5,5810.9346
173.59999,31681.92,4786.861,14.667048
166031.34,44131.62,4578162.5,10755.951
262143.0,106432.32,7228353.5,7041.287
134237.75,40164.42,3701483.2,9555.133
181475.55,36360.78,5004022.0,14269.326
889.69995,60931.32,24532.662,40.749565
49702.297,27062.22,1370495.4,5250.2417
52207.098,28234.98,1439563.0,5285.778
107033.695,38254.77,2951356.2,7998.888
56353.348,38584.5,1553892.0,4174.955
74720.85,35892.72,2060359.1,5951.2954
184.45,19603.71,5086.04,25.902296
131906.55,64508.76,3637202.2,5845.509
3944.75,25832.041,108772.875,435.62616
62420.047,34294.53,1721175.8,5203.131
134.84999,20104.83,3718.3652,18.177832
268.15,13110.03,7393.9907,57.482117
158.09999,21837.871,4359.4624,19.700008
52160.598,59723.76,1438280.8,2496.1487
188139.0,52927.32,5187761.0,10162.608
172.04999,23273.371,4744.121,20.137049
145.7,6122.19,4017.5442,67.04586
351.84998,24900.27,9701.941,39.401966
52397.75,33954.36,1444820.0,4411.3105
103.85,18745.02,2863.5686,14.840525
221302.8,123399.93,6102222.0,5126.6807
241445.05,65875.53,6657626.5,10478.5625
130985.84,66729.87,3611814.8,5611.4575
221946.05,41752.17,6119959.0,15198.08
74355.05,32662.41,2050272.4,6507.954
220330.94,64849.8,6075424.0,9713.396
55308.65,33563.73,1525085.4,4710.637
14602.55,62016.21,402651.94,672.24396
198010.94,27611.19,5459970.5,20503.682
88351.55,52708.95,2436213.0,4791.6836
110468.5,45346.14,3046067.8,6964.4165
42673.047,27441.541,1176670.2,4445.253
235.59999,25718.94,6496.454,25.192154
511.49997,15540.811,14104.144,93.10679
262143.0,63597.0,7228353.5,11784.571
249.54999,33766.44,6881.113,20.13106
37871.15,29187.63,1044262.25,3708.8694
36452.9,20378.01,1005155.3,5113.6895
120820.945,58408.32,3331527.0,5913.479
4594.1997,31234.74,126680.85,419.5532
418.5,41920.95,11539.755,27.543903
52.699997,3687.06,1453.1542,39.86762
101855.15,31050.3,2808562.5,9378.207
40978.9,40870.86,1129955.6,2865.7874
213969.75,87159.21,5900020.0,7018.2075
310.0,30950.25,8547.967,27.638252
2819.45,9286.38,77743.75,867.0943
266.6,33936.96,7351.2515,21.461369
101757.5,10990.71,2805870.0,26471.178
196620.6,77283.84,5421633.0,7273.2676
66110.6,40408.02,1822939.4,4676.9175
49.6,4322.16,1367.6746,31.811779
201.5,9068.01,5556.178,62.53486
82167.05,41639.07,2265681.2,5641.1636
262143.0,105370.05,7228353.5,7112.283
52377.598,45959.492,1444264.4,3257.5122
207.7,29749.65,5727.137,18.96198
46513.95,27832.17,1282579.6,4777.429
178970.75,84371.73,4934954.5,6064.046
239433.14,57299.94,6602150.0,11946.557
99398.4,52571.492,2740820.0,5405.026
169094.14,69819.24,4662616.0,6923.7227
262143.0,52623.69,7228353.5,14242.146
204296.19,97891.53,5633280.5,5966.1113
23315.1,10665.33,642892.56,6249.46
164495.3,43245.96,4535807.5,10874.693
65533.996,38963.82,1807040.0,4807.9927
121382.05,19930.83,3346999.0,17412.18
101800.9,49105.41,2807066.8,5926.496
50516.047,15477.3,1392933.8,9331.181
183210.0,26390.58,5051848.0,19848.482
104093.34,55669.56,2870278.8,5345.3105
207.7,28267.17,5727.137,20.008892
262143.0,86818.17,7228353.5,8632.296
6017.0996,17266.02,165916.02,995.4235
4763.15,25616.28,131339.5,530.6517
82.149994,4858.95,2265.211,47.340828
108445.75,51670.17,2990292.2,5999.972
262143.0,105614.52,7228353.5,7095.817
106615.195,37495.26,2939816.5,8129.022
82866.09,30922.41,2284956.8,7661.1826
262143.0,87285.36,7228353.5,8586.087
27807.0,18940.77,766752.56,4196.643
262143.0,122267.19,7228353.5,6129.238
620.0,15940.14,17095.934,110.21122
15.5,5314.83,427.39832,7.338565
158639.39,50372.13,4374336.0,9003.709
65006.996,40004.34,1792508.5,4645.2437
179.79999,12099.09,4957.8203,41.489925
59960.2,48754.8,1653347.6,3515.3708
262143.0,88472.04,7228353.5,8470.908
56799.75,49919.73,1566201.1,3252.2932
213.9,18865.95,5898.0967,31.417618
150675.5,32026.44,4154739.0,13450.88
60285.7,26718.57,1662323.0,6450.3423
43.399998,3222.48,1196.7152,37.50778
134602.0,68333.28,3711527.0,5631.0723
37858.75,23912.82,1043920.4,4525.7285
223.2,39878.19,6154.5356,15.003233
117970.5,41274.54,3252928.5,8171.222
262143.0,79247.43,7228353.5,9457.06
107351.445,37940.7,2960118.0,8089.0566
75629.15,35363.76,2085404.6,6113.7646
262143.0,77818.89,7228353.5,9630.684
136579.8,57211.2,3766063.0,6824.8135
174588.89,76112.82,4814129.0,6557.5493
29.449999,3374.73,812.05676,23.951418
15703.05,22533.871,432997.22,1991.4948
119784.0,57169.44,3302934.2,5989.7866
262143.0,102213.69,7228353.5,7331.941
57785.547,58449.21,1593383.6,2825.7642
114774.4,56329.89,3164799.0,5824.7935
350.3,35425.53,9659.202,27.273056
198370.55,110772.75,5469886.5,5119.275
32154.748,23626.59,886637.75,3890.2852
86045.15,32655.45,2372616.2,7532.8975
128659.3,62516.46,3547662.5,5883.3135
88582.5,56530.86,2442581.5,4479.3438
52534.15,24012.871,1448581.1,6254.278
201219.44,71247.78,5548442.0,8074.094
262143.0,212079.9,7228353.5,3533.1724
63935.95,23503.05,1762975.4,7777.0347
480.5,41250.18,13249.348,32.305546
262143.0,147901.73,7228353.5,5066.7363
80905.34,40206.18,2230890.8,5752.5166
136.4,29700.93,3761.105,12.130864
262143.0,100740.78,7228353.5,7439.1543
37164.348,34734.75,1024772.9,3058.224
232331.05,54904.832,6406316.0,12097.894
72.85,3366.03,2008.7721,60.881462
66.65,21020.94,1837.8129,8.06561
174337.8,62546.04,4807205.5,7968.6777
85.25,5317.44,2350.6907,44.839596
193539.19,95711.31,5336666.0,5780.6875
42829.598,42882.3,1180987.0,2854.7153
269.69998,22331.16,7436.7305,33.531754
209068.64,62191.95,5764876.5,9610.777
262143.0,74896.56,7228353.5,10006.495
112593.55,48551.22,3104664.0,6629.745
207940.25,85767.21,5733762.0,6931.1226
210654.3,54301.92,5808599.5,11090.854
262143.0,104451.33,7228353.5,7174.849
74550.35,11202.12,2055657.8,19027.232
148220.3,63700.53,4087039.0,6651.94
87604.445,25812.03,2415612.5,9703.049
68.2,6075.21,1880.5525,31.097565
83140.445,67585.08,2292521.8,3516.309
69131.55,58752.84,1906239.1,3363.3132
169401.05,35068.832,4671079.0,13810.594
205065.0,73883.88,5654480.0,7934.8022
262143.0,102159.75,7228353.5,7335.8125
265.05,27431.1,7308.5107,26.62699
82653.75,57774.96,2279101.5,4089.4575
49018.75,41917.47,1351647.2,3342.6145
177492.05,46964.34,4894181.0,10804.869
74.399994,3773.19,2051.5117,55.37846
96258.09,52480.14,2654229.0,5243.345
43699.15,24420.03,1204964.0,5115.5327
162.75,15697.41,4487.682,28.644352
271.25,42690.03,7479.4707,17.16738
102.299995,7375.86,2820.8289,38.65628
223.2,20815.62,6154.5356,29.658707
151.9,21888.33,4188.5034,18.842398
102.299995,11345.67,2820.8289,24.780685
70419.6,41718.24,1941756.1,4825.325
12542.6,53970.45,345850.72,663.4779
134095.14,25630.2,3697550.8,14958.258
92635.75,32620.65,2554346.0,8118.607
84383.55,30134.19,2326799.0,8005.583
151005.64,54503.76,4163842.5,7920.651
1128.4,61768.26,31114.598,51.233204
187.54999,11046.39,5171.5195,47.54513
554.89996,55485.12,15300.859,27.594807
215.45,24001.56,5940.8364,24.66587
249373.3,83778.39,6876240.5,8509.731
86820.15,35292.42,2393986.2,7032.7686
187384.14,73818.63,5166946.5,7256.9814
29222.148,11484.0,805774.0,7274.5854
69886.4,49054.082,1927053.5,4072.4885
145414.8,79103.01,4009680.0,5255.112
63959.2,66141.75,1763616.4,2763.8801
69619.8,38917.71,1919702.2,5113.868
106.95,21349.8,2949.0483,13.323065
37717.7,27217.95,1040031.06,3961.2217
86862.0,41574.69,2395140.2,5972.7876
169624.25,63356.88,4677233.5,7653.964
168.95,20398.02,4658.6416,22.682043
39883.047,6142.2,1099738.5,18564.785
494.44998,35531.67,13634.006,38.78833
155.0,12178.26,4273.9834,35.391125
212.34999,25594.53,5855.357,22.722153
271.25,16686.6,7479.4707,45.47837
663.39996,47920.47,18292.646,38.58251
232.5,22412.07,6410.9746,28.661285
76695.55,46914.75,2114809.5,4673.226
115115.4,71703.664,3174201.8,4589.3
237.15,25524.93,6539.1943,25.564863
182.9,15928.83,5043.3,31.830597
14348.35,19835.13,395642.62,2067.3113
49096.25,35283.72,1353784.1,3977.533
231644.39,75820.5,6387382.0,8734.427
262143.0,40810.832,7228353.5,18364.883
197727.3,50066.76,5452149.5,11290.877
5124.3,7297.56,141297.88,2006.7324
39151.45,262143.0,1079565.4,426.03018
64042.9,20593.77,1765924.4,8890.687
185375.34,55853.13,5111555.5,9488.721
262143.0,87617.7,7228353.5,8553.516
36671.45,51141.21,1011181.7,2049.2463
87420.0,58836.36,2410526.5,4247.288
164470.5,61389.81,4535123.5,7659.2104
241.79999,35792.67,6667.4136,18.315731
147.25,7080.93,4060.284,58.458504
262143.0,86226.57,7228353.5,8691.529
262143.0,67172.7,7228353.5,11157.208
43638.7,26233.11,1203297.2,4755.32
88487.945,63725.76,2439974.2,3969.252
106.95,4929.42,2949.0483,61.03459
169149.94,68540.34,4664155.0,7055.26
124892.8,50485.23,3443804.8,7072.3
300.69998,29512.14,8291.527,28.132767
172.04999,29577.39,4744.121,15.631973
143573.39,54801.3,3958905.0,7489.8667
66429.9,37604.01,1831743.6,5050.0117
271.25,33389.73,7479.4707,22.22768
262143.0,102271.11,7228353.5,7327.824
104769.15,84001.11,2888913.5,3565.1318
385.94998,30731.88,10642.218,34.907974
104820.3,39772.92,2890323.8,7534.4097
68739.4,53992.2,1895426.0,3639.187
31.0,21415.92,854.79663,3.1387954
275.9,41687.79,7607.69,17.92308
116457.695,50953.29,3211214.5,6533.9907
87168.9,52805.52,2403602.8,4718.8833
127757.195,65844.21,3522787.8,5546.7485
218793.34,83862.78,6033026.5,7458.5713
454.15,36111.09,12522.7705,34.959007
43624.75,40656.84,1202912.6,3066.9504
225979.14,85738.5,6231168.0,7535.01
226809.94,40990.92,6254076.5,15819.616
144235.25,51611.01,3977155.0,7989.575
103.85,27383.25,2863.5686,9.843525
262143.0,74461.56,7228353.5,10064.958
57246.15,46815.57,1578510.1,3495.2698
168652.39,55742.64,4650435.5,8649.754
316.19998,33747.3,8718.925,25.78994
232.5,24201.66,6410.9746,26.467981
107170.09,48367.65,2955117.2,6334.3066
20.15,3807.12,555.6178,14.133085
179717.84,73700.31,4955555.0,6971.2163
100717.445,64011.992,2777191.5,4497.755
42034.45,29619.15,1159061.5,4056.7168
205897.34,63180.27,5677431.0,9316.905
187.54999,20934.81,5171.5195,24.615156
173.59999,30555.27,4786.861,15.244732
20602.6,26345.34,568097.8,2234.9763
4299.6997,20090.91,118560.29,610.91
66.65,19831.65,1837.8129,8.609268
10465.6,53930.43,288579.34,553.8547
48.05,3857.58,1324.9348,34.614548
58070.75,37655.34,1601247.8,4408.4033
65586.695,44022.0,1808493.1,4258.857
175.15,18076.86,4829.601,26.703598
726.94995,11371.7705,20044.98,181.77863
140428.45,50935.89,3872186.2,7881.795
148.79999,21649.08,4103.0234,18.652256
1190.3999,50937.63,32824.188,65.81949
65.1,20866.08,1795.0729,7.920498
91556.945,49983.242,2524599.0,5236.4014
334.8,28314.15,9231.804,32.80889
47425.348,25243.05,1307710.6,5370.7734
262143.0,107851.29,7228353.5,6948.634
15163.649,9667.44,418123.75,4483.7803
237.15,31107.72,6539.1943,20.797361
180644.75,49979.76,4981113.5,10333.278
43.399998,4815.45,1196.7152,24.76925
17859.1,22492.11,492448.34,2269.2747
121124.75,51266.492,3339904.2,6754.3564
227.84999,4711.92,6282.755,137.26112
195.29999,15509.49,5385.2188,35.004246
91022.195,41393.73,2509853.8,6286.2646
196.84999,12356.61,5427.9585,44.54965
20708.0,11470.95,571004.2,5160.641
263.5,30287.31,7265.7715,23.875334
20125.2,47379.332,554933.94,1213.5076
181.34999,20477.19,5000.56,24.321894
85476.3,47160.96,2356930.8,5181.175
2548.2,13140.48,70264.28,553.4613
119202.75,36707.91,3286906.8,9283.865
73087.15,29435.58,2015311.2,7098.3306
93.0,7611.63,2564.39,33.93448
130697.55,49951.05,3603865.2,7480.209
243782.44,57881.97,6722077.5,12041.263
455.69998,9691.8,12565.51,133.43846
253776.84,31477.47,6997664.5,23050.605
416.94998,40388.01,11497.015,28.517561
132337.45,43109.37,3649084.2,8776.283
109189.75,52792.47,3010807.5,5912.695
170042.75,55785.27,4688773.5,8714.405
262143.0,186827.28,7228353.5,4010.871
618.44995,25034.25,17053.191,69.63484
99480.55,26916.06,2743085.0,10566.583
695.94995,20594.64,19190.184,95.62128
204.59999,18356.13,5641.6577,30.869371
485.15,19986.51,13377.567,68.40457
12378.3,13753.83,341320.28,2572.276
85.25,6610.2603,2350.6907,35.874386
350.3,28722.18,9659.202,33.87159
187.54999,19286.16,5171.5195,26.804832
35953.8,21894.42,991393.2,4694.2676
104611.05,40043.49,2884554.0,7468.553
262143.0,19952.58,7228353.5,37564.418
74.399994,6134.37,2051.5117,33.67783
100.75,10735.8,2778.089,25.832407
79101.15,76473.87,2181141.8,2956.459
199.95,22542.57,5513.4385,24.361034
94128.4,47205.332,2595504.5,5700.362
2552.8499,11868.54,70392.5,614.0026
471.19998,37281.24,12992.908,35.137985
66648.445,39511.05,1837769.9,4822.035
137299.0,23088.93,3785894.2,17001.492
123527.25,38436.6,3406151.0,9187.969
996.64996,49721.37,27481.71,56.312397
94.549995,9500.4,2607.1296,27.455654
256627.3,84448.29,7076263.0,8687.824
26680.148,20379.75,735680.7,3742.1602
174987.25,79700.7,4825113.5,6276.5947
147059.34,56811.87,4055027.0,7400.207
109750.84,54976.17,3026279.0,5706.979
127.1,8773.95,3504.6663,40.41898
266.6,13170.061,7351.2515,56.879047
61691.547,15606.93,1701088.0,11301.049
90981.9,43968.06,2508742.5,5915.5244
91006.695,78330.45,2509426.2,3320.9392
262143.0,93885.18,7228353.5,7982.443
158.09999,14316.72,4359.4624,30.574558
87396.75,54632.52,2409885.5,4572.9673
225199.5,30367.35,6209670.0,21202.596
178662.3,61838.73,4926449.5,8259.785
237.15,32556.27,6539.1943,19.827517
35200.5,25265.67,970621.56,3982.52
275.9,40749.06,7607.69,18.359009
75108.35,39244.832,2071044.1,5471.1094
341.0,21670.83,9402.763,43.991222
268.15,29143.26,7393.9907,25.308048
23823.5,54367.17,656911.25,1251.904
19908.2,27435.45,548950.4,2073.765
101940.4,42709.17,2810913.2,6823.5527
77935.55,20530.26,2149001.5,10853.009
78003.75,37898.07,2150882.0,5884.012
244611.69,64366.95,6744943.5,10864.839
262143.0,71821.98,7228353.5,10434.899
1509.7,36174.6,41628.594,118.32621
46713.9,45950.79,1288093.0,2905.713
80038.9,48444.21,2206999.5,4722.982
262143.0,92227.83,7228353.5,8125.9067
111170.65,43129.38,3065429.0,7368.9736
149931.5,25546.68,4134224.0,16779.598
223.2,32899.05,6154.5356,18.398127
262143.0,44503.98,7228353.5,16840.797
100502.0,18401.37,2771250.8,15615.136
80896.05,31281.72,2230634.5,7393.106
21075.35,22500.81,581133.5,2677.0928
178.25,28904.88,4915.0806,16.632235
34140.3,21970.98,941387.56,4441.904
182.9,25279.59,5043.3,19.686768
230781.05,35443.8,6363576.5,18615.965
195.29999,31103.371,5385.2188,16.95328
92172.3,48205.832,2541566.8,5466.0093
627.75,66562.83,17309.633,25.965221
139022.6,25961.67,3833420.8,15309.936
347.19998,35846.61,9573.722,26.693674
97.649994,19787.28,2692.6094,13.110264
240883.94,82363.77,6642154.0,8361.2
262143.0,114800.85,7228353.5,6527.932
72547.75,37945.05,2000437.9,5465.6064
112528.445,84352.59,3102869.0,3813.2827
16634.6,21093.15,458683.88,2253.8618
310.0,39905.16,8547.967,21.211693
161937.8,37280.37,4465286.5,12418.868
26653.799,19716.81,734954.1,3864.1956
262143.0,195947.48,7228353.5,3824.1423
192.2,24118.14,5299.7393,21.7855
262143.0,123747.93,7228353.5,6055.885
183285.94,78169.5,5053942.0,6703.105
262143.0,85789.83,7228353.5,8735.781
102616.195,46712.04,2829547.8,6280.1055
601.39996,58800.69,16583.055,28.243544
96.1,10738.41,2649.8696,24.587767
74460.445,75191.49,2053178.6,2830.4304
695.94995,48533.82,19190.184,39.999874
164196.14,45834.21,4527558.5,10241.883
262143.0,44669.28,7228353.5,16778.473
139.5,9967.59,3846.585,39.01594
262143.0,67201.414,7228353.5,11152.44
214211.55,69849.69,5906687.5,8767.543
50906.65,32920.8,1403704.2,4420.3315
148153.64,36667.02,4085201.0,11551.759
60295.0,44601.42,1662579.5,3864.2856
54.25,4338.69,1495.8942,34.75116
116009.75,57594.87,3198862.8,5758.167
223.2,23358.63,6154.5356,26.32095
130.2,18349.17,3590.1458,19.2882
33737.3,20223.15,930275.2,4768.9136
165.84999,14647.32,4573.1616,31.374737
158558.8,57733.2,4372114.0,7851.6045
182.9,7491.57,5043.3,68.805534
365.8,9536.07,10086.6,108.67893
204.59999,22430.34,5641.6577,25.080671
237.15,24025.92,6539.1943,27.22228
24711.648,14627.311,681401.1,4829.435
240.25,32920.8,6624.674,19.866135
224422.94,50012.82,6188257.0,12829.243
78657.84,35393.34,2168918.0,6353.3257
27163.75,31622.76,749015.56,2455.0598
133636.34,48896.61,3684900.0,7813.3857
100.75,17052.0,2778.089,15.893465
221722.84,30291.66,6113804.5,20927.416
260511.6,78869.85,7183369.0,9443.196
107025.945,37416.09,2951142.5,8177.613
263.5,28525.56,7265.7715,25.411644
262143.0,63374.28,7228353.5,11825.989
112168.84,52977.78,3092953.2,6052.7915
118320.8,49975.41,3262587.8,6768.455
74443.4,51637.11,2052708.6,4121.0503
176.7,14379.36,4872.341,34.135487
67514.9,38526.21,1861661.6,5009.63
262143.0,113033.01,7228353.5,6630.045
262143.0,66999.57,7228353.5,11186.042
262143.0,86720.734,7228353.5,8641.996
201712.34,108127.08,5562033.5,5332.9263
12373.649,19039.95,341192.06,1857.1511
181.34999,25002.06,5000.56,19.73914
66777.1,42833.582,1841317.5,4456.5083
211909.8,60352.77,5843219.0,10038.286
166311.89,96228.96,4585898.0,4940.587
551.8,55078.832,15215.38,27.644812
148.79999,21576.0,4103.0234,18.71882
262143.0,92542.77,7228353.5,8098.249
88985.5,53331.0,2453693.8,4769.77
540.95,33555.03,14916.202,45.094437
137821.34,62186.73,3800297.5,6335.767
262143.0,89598.69,7228353.5,8364.379
98115.0,43680.09,2705431.2,6421.4517
209676.25,80184.42,5781631.0,7475.6704
249269.44,88222.35,6873376.5,8077.661
147.25,10438.26,4060.284,39.334454
49727.098,18121.23,1371179.2,7845.111
176597.69,30961.56,4869519.5,16307.392
75609.0,32939.07,2084849.0,6562.1323
204.59999,17856.75,5641.6577,31.760628
545.6,10514.82,15044.42,147.36159
147581.7,97237.29,4069430.5,4338.59
753.3,41117.07,20771.559,51.383533
49544.2,30637.05,1366136.0,4622.7554
16780.299,18566.67,462701.38,2583.1318
72402.05,36077.16,1996420.2,5737.0923
142.59999,21056.61,3932.0642,18.363329
289.85,24356.52,7992.3486,33.0257
63771.65,36232.89,1758444.9,5031.383
79966.05,23913.69,2204990.5,9560.104
118333.195,45991.68,3262929.5,7355.586
59901.297,21499.44,1651723.5,7965.3267
93474.3,38235.63,2577468.2,6988.932
4064.0999,14870.91,112063.836,780.40436
222297.89,95368.53,6129661.0,6663.679
319.3,31958.58,8804.405,27.566723
421.59998,44570.97,11625.233,26.045654
97812.75,31701.93,2697097.0,8820.831
827.69995,10301.67,22823.068,228.72818
13289.699,11258.67,366451.3,3374.0256
592.1,50322.54,16326.615,32.641975
196445.44,80093.07,5416803.0,7011.873
155959.44,61094.88,4300439.0,7297.874
77.5,6763.38,2136.9917,31.763248
283.65,31193.85,7821.389,24.999369
97101.3,45512.31,2677479.5,6099.2153
51.149998,5307.87,1410.4144,26.553345
108155.9,23010.63,2982300.0,13438.116
18551.95,19617.63,511553.03,2702.9084
104595.55,62529.51,2884126.5,4781.744
173.59999,11573.61,4786.861,41.88741
187100.5,79628.49,5159125.0,6717.2393
158.09999,23499.57,4359.4624,18.23627
262143.0,63906.72,7228353.5,11727.453
217413.84,105053.37,5994988.0,5916.336
136.4,28851.81,3761.105,12.51731
262143.0,150425.61,7228353.5,4981.7085
175.15,21077.49,4829.601,22.759663
54150.797,62347.68,1493158.8,2482.325
111.6,7537.68,3077.2678,41.332653
65726.195,43167.66,1812339.8,4352.4043
199446.25,33541.98,5499548.0,17000.459
51.149998,4616.22,1410.4144,30.681673
299.15,41351.97,8248.787,19.684345
262143.0,100688.58,7228353.5,7443.0117
89.899994,15896.64,2478.9102,15.16975
108176.05,60016.95,2982855.5,5152.5464
1725.1499,18504.9,47569.43,265.55637
3369.7,4633.62,92916.39,2078.3125
90006.945,72081.24,2481859.2,3569.284
71349.6,46167.42,1967400.0,4417.8057
176591.5,65527.53,4869349.0,7704.3965
272.8,30719.7,7522.21,24.390799
138957.5,39596.31,3831626.0,10033.051
190.65,26878.65,5256.999,19.280485
166747.44,32179.56,4597908.0,14814.9
42629.65,22385.97,1175473.5,5443.836
255294.3,130728.81,7039506.5,5582.6577
196543.1,62408.582,5419496.0,9003.559
109854.695,14756.07,3029142.8,21285.139
69.75,4340.43,1923.2925,44.947346
379.75,16189.83,10471.259,66.06632
262143.0,207292.3,7228353.5,3614.7974
110842.05,54571.62,3056368.0,5806.466
138070.89,44751.93,3807178.5,8820.4375
106.95,18367.44,2949.0483,15.648731
124234.05,69825.33,3425640.2,5086.175
35.649998,6879.96,983.01605,13.815713
51861.45,12745.5,1430032.0,11633.206
154877.55,65095.14,4270606.5,6801.8184
218884.8,57920.25,6035548.0,10804.233
262143.0,64298.22,7228353.5,11656.041
55466.75,33605.49,1529444.9,4718.234
313.09998,26482.8,8633.445,32.804
58458.25,35841.39,1611932.8,4662.478
117680.65,49017.54,3244936.2,6863.3994
75367.195,49121.94,2078181.5,4385.881
186.0,26596.77,5128.78,18.995535
168125.39,80084.37,4635904.0,6001.533
262143.0,136434.27,7228353.5,5492.6855
590.55,65493.6,16283.876,24.781418
33174.65,35885.76,914760.56,2642.219
7953.05,32793.78,219298.08,692.41174
20244.549,35539.5,558224.94,1627.7177
36657.5,33571.56,1010797.0,3121.0535
44.949997,8731.32,1239.4551,13.719693
170678.25,31514.88,4706296.5,15484.011
2238.2,18970.35,61716.316,336.34363
262143.0,110825.82,7228353.5,6762.108
38514.4,20945.25,1061999.2,5256.588
143340.89,38500.98,3952494.0,10644.04
24224.95,21477.69,667980.8,3223.9597
75340.85,67285.8,2077455.1,3200.5193
157151.39,64434.81,4333306.0,6972.4336
48355.348,44321.28,1333354.5,3118.4727
165695.0,61131.42,4568888.0,7748.861
165.84999,12911.67,4573.1616,35.726707
34.1,20286.66,940.27625,3.8061
106201.34,39959.1,2928405.0,7598.12
0.0,3398.22,0.0,-1.0
250256.8,96737.914,6900602.0,7395.702
262143.0,37912.86,7228353.5,19768.73
65.1,8522.5205,1795.0729,20.840466
553.35,31343.49,15258.119,49.47793
52.699997,9832.74,1453.1542,14.324453
98714.84,48740.01,2721971.5,5789.897
52920.098,44777.16,1459223.2,3378.1936
82723.5,51815.46,2281024.8,4563.766
262143.0,111825.45,7228353.5,6701.651
76616.5,35021.85,2112630.0,6254.071
230.95,31488.78,6368.235,19.970613
43141.15,27672.09,1189577.8,4456.576
133980.45,38025.09,3694388.5,10073.423
131412.1,43657.47,3623568.2,8605.484
137260.25,35061.0,3784825.8,11192.592
92149.05,64035.48,2540925.8,4113.52
49.6,18004.65,1367.6746,6.8767304
398.34998,11646.69,10984.136,96.793785
5779.9497,27413.7,159376.83,601.84467
158.09999,10082.43,4359.4624,43.83484
119.35,8339.82,3290.967,39.91803
147987.8,14905.71,4080628.0,28386.176
67948.9,30355.17,1873628.8,6399.2764
242398.3,75672.6,6683911.5,9157.828
262143.0,144811.5,7228353.5,5174.88
64156.047,43763.61,1769044.2,4190.538
101878.4,29724.42,2809203.8,9798.812
12.4,10223.37,341.91864,2.46798
1314.3999,23130.69,36243.375,161.47552
180179.75,65084.7,4968292.0,7914.459
142.59999,18465.75,3932.0642,21.080126
57937.45,28695.21,1597572.1,5771.9653
176731.0,46618.95,4873195.5,10838.25
130595.24,47634.242,3601044.2,7837.9355
109822.15,57242.52,3028245.2,5484.5503
110660.695,44811.96,3051367.5,7059.7114
90230.15,50022.39,2488013.8,5156.4644
1495.75,19707.24,41243.938,216.01122
126015.0,72129.09,3474748.2,4994.2905
36431.2,28933.59,1004557.0,3599.146
127103.09,39204.81,3504751.5,9268.702
7267.9497,17298.21,200407.06,1200.3228
51.149998,3936.75,1410.4144,36.149826
68.2,3384.3,1880.5525,56.618835
85.25,4450.92,2350.6907,53.763798
82729.695,43225.082,2281195.8,5471.3594
54442.2,7354.98,1501193.9,21163.264
202031.64,63684.87,5570837.5,9069.518
124531.65,64336.5,3433846.2,5533.4097
262143.0,98082.93,7228353.5,7640.7676
124426.25,85889.01,3430940.0,4141.127
30028.148,19814.25,827998.75,4332.1123
3792.8499,19125.21,104584.37,566.0331
232287.64,60389.31,6405119.0,10997.033
-37.199997,3307.74,-1025.7559,-33.155888
39180.9,23817.99,1080377.4,4702.4688
141.05,19940.4,3889.3247,19.224985
151.9,20858.25,4188.5034,19.82231
244411.75,157920.66,6739430.5,4424.1924
28323.148,11407.44,780984.94,7098.0845
213975.94,64093.77,5900190.5,9544.487
223184.5,81519.87,6154108.5,7826.9775
127.1,18976.44,3504.6663,18.150488
279.0,30652.71,7693.17,25.024614
31.0,11169.93,854.79663,6.935243
76945.09,44359.56,2121690.5,4958.5547
216000.25,126477.12,5956009.5,4882.052
297.59998,38189.52,8206.047,21.281155
26757.648,41777.4,737817.7,1830.2833
107954.4,63765.78,2976743.8,4839.6274
181.34999,25108.2,5000.56,19.65147
27.9,4551.84,769.31696,16.52533
110710.3,34925.28,3052735.2,9062.524
172507.25,61336.742,4756729.5,8040.4736
60126.047,39364.89,1657920.8,4366.1953
124.0,14851.7705,3419.1865,22.8722
71.299995,19884.72,1966.0321,9.252246
94182.65,17468.73,2597000.5,15414.533
116.25,36252.03,3205.4873,8.168739
21777.5,10275.57,600494.6,6058.699
169897.05,39253.53,4684755.5,12374.31
97.649994,2958.0,2692.6094,93.389366
82790.15,46339.68,2282862.5,5107.279
259049.94,55867.92,7143065.0,13256.754
159896.44,42600.42,4408998.0,10730.833
81492.8,43669.65,2247089.2,5334.6646
259014.3,95526.87,7142082.5,7751.5967
33104.9,32862.51,912837.3,2879.3184
2483.0999,25464.03,68469.2,277.81494
45842.797,25627.59,1264073.2,5113.608
262143.0,93371.01,7228353.5,8026.406
73947.4,45670.65,2039031.9,4628.5063
163128.19,69438.18,4498110.5,6716.067
99971.9,52153.89,2756633.8,5479.753
252149.34,54639.48,6952787.5,13193.723
40907.598,28198.44,1127989.6,4146.8965
207205.55,59474.94,5713503.5,9960.308
82351.5,43338.18,2270767.2,5432.127
378.19998,20908.71,10428.519,50.71818
39945.047,34418.94,1101448.1,3317.2908
165814.34,85587.12,4572179.0,5538.3994
262143.0,143329.89,7228353.5,5228.3833
99.2,14738.67,2735.349,18.24431
514.6,52518.42,14189.624,27.016062
124.0,6132.63,3419.1865,56.812786
90656.4,36174.6,2499767.2,7164.454
108673.59,43780.14,2996575.0,7096.3447
342.55,31688.01,9445.503,29.908506
136018.7,55482.51,3750591.2,7008.572
1714.2999,64128.57,47270.254,75.43359
52465.95,24974.22,1446700.5,6005.681
262143.0,83764.47,7228353.5,8947.03
122149.3,33562.86,3368155.0,10404.933
165.84999,18286.53,4573.1616,24.931828
193773.25,104466.12,5343120.0,5302.5586
263.5,7912.65,7265.7715,94.21551
161.2,9978.03,4444.9424,45.192257
104226.65,45918.6,2873954.5,6488.9165
133.3,13478.91,3675.6257,27.276419
2821.0,36688.77,77786.49,218.84618
175878.5,77168.13,4849689.0,6515.6406
37474.348,37099.41,1033320.9,2887.1257
78648.55,24427.86,2168661.8,9204.646
362.69998,45054.69,10001.12,22.017412
75.95,11754.57,2094.2517,17.474384
237.15,28308.06,6539.1943,22.953115
262143.0,125723.7,7228353.5,5960.6997
123761.3,70601.37,3412604.5,5011.112
217781.19,45435.75,6005117.0,13703.767
237.15,24192.09,6539.1943,27.028427
42566.098,27827.82,1173721.2,4372.5454
201.5,16432.56,5556.178,34.060555
49432.598,31576.65,1363058.6,4475.065
74903.75,61951.832,2065402.4,3455.9924
86100.945,47556.81,2374154.8,5175.595
121020.9,33165.27,3337040.5,10432.399
262143.0,79529.31,7228353.5,9423.537
286.75,16201.14,7906.869,49.606567
1162.5,18055.98,32054.875,183.08606
161.2,19702.02,4444.9424,22.393934
-3.1,12406.2,-85.47966,-1.7144501
31.0,3808.86,854.79663,22.271032
41498.15,31138.17,1144273.5,3809.5232
322.4,43503.48,8889.885,20.189466
76649.05,42872.73,2113527.2,5110.8086
365.8,38733.27,10086.6,26.00278
55373.75,24047.67,1526880.5,6582.85
146516.84,24069.42,4040068.0,17403.877
262143.0,166811.19,7228353.5,4492.2656
262143.0,82414.23,7228353.5,9093.631
176450.44,55602.57,4865459.5,9072.542
125418.25,59687.22,3458293.5,6006.979
4801.9,21455.94,132408.0,638.9036
46289.2,24565.32,1276382.4,5386.7354
121952.445,54614.25,3362727.0,6383.5977
44638.45,35326.35,1230864.4,3611.928
21.699999,14237.55,598.3576,3.3578615
69037.0,38407.02,1903632.1,5138.493
46932.45,26231.371,1294119.4,5114.655
206.15,24101.61,5684.3975,23.456047
57241.5,35901.42,1578382.0,4557.7773
68283.695,32419.68,1882860.4,6021.229
106483.445,51564.9,2936183.5,5903.4155
176.7,25369.2,4872.341,18.91493
73459.15,39082.14,2025568.9,5373.2334
9.299999,4234.29,256.43896,5.279879
77.5,8739.15,2136.9917,24.356045
720.75,20781.69,19874.021,98.16372
49229.547,33093.06,1357459.8,4252.4165
63388.797,50425.2,1747888.1,3593.2966
173.59999,21406.35,4786.861,22.187614
54970.75,40366.26,1515768.1,3892.6968
2957.4,33333.18,81547.59,252.67769
294.5,39324.87,8120.568,20.412481
110398.75,68044.44,3044144.5,4637.9585
96117.05,44161.2,2650339.8,6222.1255
663.39996,22805.31,18292.646,82.174164
183802.1,91565.76,5068174.5,5738.398
3478.2,16444.74,95908.18,603.75085
137.95,17352.15,3803.845,21.73094
86691.5,24693.21,2390438.8,10037.017
27.9,6201.36,769.31696,11.86371
211288.25,110931.96,5826080.0,5444.8745
61555.15,30750.15,1697326.9,5722.5586
930.0,31748.041,25643.898,82.75582
99088.4,63451.71,2732272.0,4464.072
136.4,20954.82,3761.105,17.611416
145.7,21864.84,4017.5442,18.05295
134.84999,26148.72,3718.3652,13.745159
169136.0,33814.29,4663770.5,14300.605
97310.55,57498.3,2683249.2,4837.981
37537.9,18303.06,1035073.2,5863.017
149415.34,38902.05,4119991.5,10980.754
48214.297,32402.28,1329465.1,4253.5073
262143.0,76240.71,7228353.5,9830.06
226.29999,24056.371,6240.015,25.896973
266.6,35680.44,7351.2515,20.363821
217.0,25927.74,5983.5767,22.930075
145.7,15581.7,4017.5442,25.735832
358.05,27914.82,9872.901,35.673965
47197.5,29577.39,1301427.9,4561.555
2058.4,5307.87,56758.496,1107.8135
39222.75,15769.62,1081531.5,7110.575
75111.445,24922.02,2071129.4,8616.3125
154885.3,46009.082,4270820.5,9624.33
207465.94,46990.44,5720683.5,12622.689
33701.65,23155.92,929292.1,4160.387
102292.25,107799.96,2820615.2,2712.1458
163015.05,78352.2,4494991.0,5947.747
237.15,30458.7,6539.1943,21.261826
9.299999,3546.99,256.43896,6.496731
262143.0,90721.86,7228353.5,8260.8125
164769.64,61865.7,4543372.0,7614.111
69835.25,24286.92,1925643.1,8220.504
84726.09,51738.9,2336244.5,4681.1895
119295.75,18076.86,3289471.2,18868.092
4.6499996,6984.36,128.21948,0.9035983
256551.34,60998.31,7074168.5,12024.564
215250.05,69035.37,5935323.0,8913.984
90941.59,95853.12,2507631.2,2711.7222
280.55,32167.38,7735.909,23.936962
58.899998,5019.9,1624.1135,32.5482
115518.4,60742.53,3185314.2,5436.6
59870.297,34365.0,1650868.6,4980.3154
45526.598,42309.84,1255354.2,3075.6125
219115.75,62265.03,6041916.5,10060.862
262143.0,58059.45,7228353.5,12908.646
178.25,15445.11,4915.0806,31.99799
23.25,10319.94,641.0975,5.441615
44672.547,32304.84,1231804.6,3952.8677
136897.55,30613.56,3774824.8,12784.886
246924.3,65022.06,6808711.5,10857.057
130.2,14188.83,3590.1458,25.23695
21932.5,24255.6,604768.6,2584.3843
176055.19,97739.28,4854560.5,5149.254
152059.64,43545.242,4192905.5,9983.406
136.4,9976.29,3761.105,38.092575
131350.1,59882.97,3621858.8,6270.567
199564.05,55852.26,5502796.0,10215.227
390.59998,42312.45,10770.4375,25.394478
232484.5,63614.4,6410547.5,10448.309
128594.195,48656.492,3545867.2,7555.654
1213.6499,51878.97,33465.285,65.88844
98077.8,55506.87,2704405.5,5051.112
23792.5,54985.742,656056.44,1236.1974
109430.0,45620.19,3017432.2,6857.487
79.049995,11081.19,2179.7312,19.396912
127.1,12959.5205,3504.6663,27.041782
262143.0,77676.21,7228353.5,9648.376
294.5,32538.871,8120.568,24.878065
112097.55,84138.57,3090987.2,3808.342
272.8,13632.03,7522.21,56.218014
390.59998,30822.36,10770.4375,35.233925
1046.25,28521.21,28849.387,103.88575
153.45,23917.17,4231.243,17.34451
46726.297,33861.27,1288434.9,3944.546
164.29999,17339.97,4530.422,26.091818
98955.09,89466.45,2728596.2,3161.4739
88878.55,28745.67,2450744.8,8839.433
23.25,3524.37,641.0975,17.862116
54870.0,27327.57,1512990.0,5739.939
213.9,24363.48,5898.0967,24.1027
434.0,42860.55,11967.153,27.95216
778.1,57964.62,21455.395,37.38145
6200.0,20142.24,170959.33,879.1018
262143.0,42093.21,7228353.5,17805.363
228056.14,76217.22,6288439.5,8554.348
11931.899,17044.17,329011.22,2000.625
160491.64,24066.81,4425410.0,19066.021
157321.89,95294.58,4338007.0,4719.3037
262143.0,113713.35,7228353.5,6590.3716
111510.09,66090.42,3074788.8,4823.1924
237212.0,61888.32,6540904.0,10958.152
678.89996,20862.6,18720.045,92.043564
215.45,29152.83,5940.8364,20.130743
102.299995,19841.22,2820.8289,13.741995
449.5,43631.37,12394.552,28.456411
262143.0,101891.79,7228353.5,7355.108
251.09999,34023.96,6923.8525,20.101377
119822.75,52711.56,3304002.8,6498.537
87303.75,57037.2,2407321.0,4375.4673
179.79999,24584.46,4957.8203,19.911152
3826.95,35886.63,105524.64,303.9082
80801.5,61697.79,2228027.5,3743.543
165095.14,59554.98,4552347.5,7925.203
804.44995,44682.332,22181.97,50.476875
35.649998,6065.64,983.01605,15.804741
155598.3,57175.53,4290480.5,7780.147
613.8,11682.36,16924.973,149.22606
225380.84,51504.0,6214670.5,12510.951
302.25,37126.38,8334.268,22.277306
144.15,34341.51,3974.8042,11.00174
262143.0,84205.56,7228353.5,8900.157
89.899994,8384.19,2478.9102,29.658262
132118.89,29100.63,3643057.5,12980.1
1218.2999,9865.8,33593.508,352.07822
84896.59,46753.8,2340946.0,5190.8525
120202.5,41468.55,3314474.0,8286.884
129824.9,53673.78,3579802.8,6914.8374
95560.59,19078.23,2634996.0,14320.541
91617.4,45490.56,2526266.0,5757.451
262143.0,64231.23,7228353.5,11668.198
2983.75,8015.31,82274.18,1063.3663
365.8,4519.65,10086.6,230.41306
62792.047,38622.78,1731433.2,4647.4707
908.3,26499.33,25045.541,97.00391
215184.94,56105.43,5933528.0,10965.195
47603.598,50445.21,1312625.6,2697.1667
226.29999,30918.93,6240.015,19.927101
166432.8,28663.02,4589232.0,16601.213
26844.45,13355.37,740211.1,5746.0845
220608.39,91636.234,6083074.5,6882.412
68553.4,45684.57,1890297.2,4289.5054
262143.0,87735.15,7228353.5,8542.063
160652.84,39611.97,4429855.0,11595.073
262143.0,113419.29,7228353.5,6607.4614
206.15,26929.11,5684.3975,20.888214
407.65,57128.55,11240.575,19.402493
66181.9,33016.5,1824905.2,5730.353
181.34999,19327.92,5000.56,25.827574
3664.2,18930.33,101036.96,552.4393
85.25,5601.93,2350.6907,42.51166
117166.05,19425.36,3230746.5,17244.734
101757.5,44479.62,2805870.0,6540.1533
115802.05,69114.54,3193135.5,4789.665
4183.4497,20171.82,115354.8,591.97784
79711.84,37463.94,2197981.2,6082.5684
61011.098,46349.25,1682325.2,3762.7014
207.7,23690.1,5727.137,24.067936
32.55,3080.67,897.53644,29.210281
160141.34,13625.94,4415751.0,33602.613
91076.445,32967.78,2511349.8,7897.877
94906.5,47883.06,2616960.0,5666.1284
90442.5,28793.52,2493869.2,8980.044
96.1,7702.11,2649.8696,34.674892
-9.299999,18403.11,-256.43896,-2.4449096
81114.59,13297.08,2236660.8,17440.816
59172.797,36051.93,1631635.8,4691.9136
195602.25,40792.56,5393553.0,13709.14
262143.0,99575.85,7228353.5,7526.1963
38520.598,24772.38,1062170.2,4445.0493
337.9,29813.16,9317.283,31.40628
2518.75,24534.871,69452.23,292.5285
60.449997,6438.0,1666.8534,25.84691
18705.4,30308.19,515784.3,1763.6395
100350.09,22450.35,2767062.0,12779.377
237.15,37967.67,6539.1943,16.859041
13647.75,6492.81,376324.22,6009.04
92967.445,34811.31,2563492.2,7634.8877
145614.75,52918.62,4015193.5,7866.6646
130333.3,26296.621,3593821.5,14170.129
579.7,19875.15,15984.697,82.395355
152537.05,57822.81,4206069.5,7541.6704
78206.8,35043.6,2156481.0,6379.942
18.599998,17880.24,512.8779,1.9743259
22879.549,37975.5,630882.6,1721.6337
1663.1499,19048.65,45859.836,248.64114
51760.7,34155.332,1427253.9,4332.019
168914.34,21332.4,4657658.5,22638.969
559.55,50970.69,15429.079,30.38827
19960.898,18664.11,550403.5,3056.8896
150.34999,23552.64,4145.7637,17.2521
74996.75,25517.97,2067966.8,8402.212
92118.05,43410.39,2540071.0,6066.364
215239.19,38913.36,5935023.5,15814.088
116.25,7851.75,3205.4873,41.332653
31.0,3996.78,854.79663,21.176878
92366.05,47609.88,2546909.2,5546.078
50010.75,41372.85,1379000.6,3455.1843
261542.34,68386.35,7211791.0,10934.07
77537.195,45848.13,2138017.2,4834.4565
90847.05,48437.25,2505024.2,5361.6606
146011.55,66299.22,4026134.8,6295.914
80567.445,62995.832,2221573.5,3655.7625
58.899998,11871.15,1624.1135,13.186376
41877.9,23321.22,1154744.8,5133.316
107911.0,60030.0,2975547.0,5138.8013
70765.25,36121.53,1951287.0,5600.4814
136.4,10761.9,3761.105,35.238846
1734.45,39863.4,47825.87,123.40461
262143.0,141585.55,7228353.5,5292.81
48795.547,27804.33,1345492.6,5016.84
168.95,23624.85,4658.6416,19.447401
206.15,22793.13,5684.3975,24.85999
262143.0,104895.03,7228353.5,7144.4956
149461.84,62831.4,4121273.5,6800.4673
212.34999,28030.53,5855.357,20.660572
45322.0,20374.53,1249712.8,6359.1963
253559.84,77421.3,6991680.5,9363.164
212218.25,81218.85,5851724.0,7469.933
91.45,15441.63,2521.65,15.933218
262143.0,65184.75,7228353.5,11497.502
262143.0,41248.44,7228353.5,18170.037
262143.0,62564.31,7228353.5,11979.1045
124773.445,55169.31,3440513.5,6465.5645
699.05,45776.79,19275.664,42.66283
50985.7,24245.16,1405884.0,6011.7383
1864.6499,33003.45,51416.016,160.54257
46972.75,23751.871,1295230.6,5653.5386
105.399994,4645.8,2906.3083,63.86779
79.049995,24506.16,2179.7312,8.223071
133151.2,29119.77,3671522.5,13072.93
668.05,62742.66,18420.867,29.443531
86595.4,63218.55,2387789.0,3915.5105
41075.0,20808.66,1132605.5,5642.941
106.95,10225.11,2949.0483,28.906235
80648.05,39083.01,2223796.0,5899.038
249901.84,121947.9,6890814.5,5858.2783
92620.25,54726.48,2553918.8,4838.0205
26627.45,11230.83,734227.56,6778.017
99872.695,41064.87,2753898.2,6952.8496
2790.0,37618.8,76931.695,211.05487
52419.45,25081.23,1445418.4,5974.753
79781.59,49828.38,2199904.5,4576.991
173009.44,51212.55,4770577.0,9658.228
37.199997,3128.52,1025.7559,32.997967
165750.8,80090.46,4570426.5,5916.303
257896.73,90245.97,7111266.5,8169.8457
262143.0,107003.914,7228353.5,7003.6685
4062.5498,34565.1,112021.09,335.0546
77817.75,39444.06,2145753.2,5639.8696
79527.4,52431.42,2192895.2,4335.847
635.5,53790.36,17523.332,32.780037
146140.2,73213.98,4029682.5,5706.221
106201.34,39099.54,2928405.0,7765.178
163284.75,86419.71,4502427.5,5401.339
93974.945,30690.121,2591273.2,8754.128
80784.445,54496.8,2227557.2,4237.437
71.299995,6167.43,1966.0321,32.05478
62854.047,38988.18,1733142.9,4608.4517
1873.95,27077.88,51672.457,196.87563
1492.6499,9094.98,41158.457,468.25098
82091.09,51825.9,2263586.8,4527.957
102301.55,48445.95,2820871.5,6036.7305
127940.09,56570.01,3527831.0,6465.5015
32038.498,46311.84,883432.25,1977.0127
262143.0,81619.92,7228353.5,9182.138
125.549995,6485.85,3461.9263,54.347595
79615.75,34979.22,2195331.5,6506.855
45481.65,23704.89,1254114.9,5484.892
80973.55,42997.14,2232771.5,5383.5894
443.3,25496.22,12223.592,48.713108
105930.09,46699.86,2920925.5,6484.639
77030.34,39082.14,2124041.2,5634.5005
103733.75,52402.71,2860363.2,5658.986
213452.05,127792.56,5885745.0,4774.7734
25891.2,21217.56,713926.1,3488.0378
330.15,41474.64,9103.584,21.760283
1511.25,21662.13,41671.336,198.47299
71380.6,32599.77,1968254.8,6259.581
127729.3,80872.59,3522018.5,4514.8354
-1.55,5743.74,-42.73983,-1.7715888
121523.09,67918.29,3350888.2,5114.8887
62201.5,22456.44,1715149.5,7918.704
53006.9,28905.75,1461616.8,5242.209
217124.0,79762.47,5986995.5,7782.2007
262143.0,100630.29,7228353.5,7447.3237
170.5,16713.57,4701.3813,28.167831
147772.34,52575.84,4074687.2,8035.2964
120490.8,59731.59,3322423.5,5766.6484
118823.0,44220.36,3276435.5,7681.936
99973.445,45767.22,2756676.2,6244.671
63.55,3553.95,1752.3331,50.127346
91436.05,43336.44,2521265.2,6031.72
95204.09,17890.68,2625165.8,15214.203
23144.6,17070.27,638191.2,3875.6653
130066.695,76675.71,3586470.2,4849.174
117069.945,48285.0,3228096.8,6931.3774
255.74998,25874.67,7052.072,27.261147
127668.84,75892.71,3520351.5,4808.8755
36677.65,27711.24,1011352.6,3783.3782
118689.695,69874.05,3272759.8,4855.754
889.69995,55601.7,24532.662,44.75141
88185.695,41506.832,2431640.0,6073.7383
30961.25,23294.25,853728.1,3799.3076
257202.34,36343.38,7092119.5,20233.787
145982.1,35774.4,4025322.8,11666.458
125.549995,16617.0,3461.9263,20.60295
21912.35,18166.47,604213.0,3447.795
36260.7,37155.96,999855.6,2789.3372
262143.0,53342.31,7228353.5,14050.266
26030.7,24018.96,717772.75,3097.7078
60.449997,3312.96,1666.8534,51.17099
151972.84,29731.38,4190512.2,14614.037
136.4,8728.71,3761.105,43.68001
189574.3,62139.75,5227338.0,8721.861
288.3,15401.61,7949.6084,52.5214
82275.55,49938.0,2268673.0,4709.735
103138.55,49227.21,2843951.0,5989.5234
59909.047,39645.9,1651937.1,4319.591
74.399994,4440.48,2051.5117,46.906227
87877.25,24436.56,2423134.8,10281.185
262143.0,46431.9,7228353.5,16141.5
262143.0,62197.17,7228353.5,12049.821
75621.4,33734.25,2085190.9,6408.4775
142085.39,27697.32,3917874.8,14666.654
3582.0498,18731.1,98771.75,545.786
1971.6,25152.57,54365.066,223.12248
262143.0,74682.54,7228353.5,10035.174
158321.64,11885.07,4365574.5,38086.94
97.649994,14732.58,2692.6094,17.951448
126862.84,64896.78,3498126.8,5588.3364
184713.5,44636.22,5093306.0,11831.058
266.6,35876.19,7351.2515,20.247253
95889.195,34224.93,2644056.8,8009.8037
3913.75,17424.36,107918.08,641.2221
53453.297,61061.82,1473925.8,2501.959
110742.84,30590.07,3053632.5,10350.044
133730.89,41284.98,3687507.0,9260.656
69.75,26083.47,1923.2925,6.6458864
36821.8,35984.07,1015327.5,2924.794
7.75,3256.41,213.69916,5.804741
60818.9,32424.03,1677025.5,5362.1577
48170.9,26588.07,1328268.5,5179.2046
227468.69,71163.39,6272241.0,9138.321
288.3,31350.45,7949.6084,25.293589
132858.25,43962.84,3663444.8,8639.757
81492.8,28779.6,2247089.2,8095.241
129494.74,70545.69,3570699.0,5247.445
1329.8999,24169.47,36670.773,156.32611
108.5,30450.871,2991.7883,9.187768
44477.25,19625.46,1226419.5,6478.8813
113.149994,4135.11,3120.0076,77.23777
305.34998,31581.0,8419.746,26.64528
46.5,19889.94,1282.195,5.6844926
401.44998,32673.72,11069.616,34.1303
5513.3496,13680.75,152025.58,1151.271
21855.0,34566.84,602631.6,1806.7573
265.05,35198.46,7308.5107,20.530449
65.1,4398.72,1795.0729,41.315907
692.85,23373.42,19104.705,83.75513
144061.64,57333.0,3972368.0,7183.436
262143.0,68257.59,7228353.5,10979.858
65467.348,50951.55,1805202.2,3672.807
49.6,3675.75,1367.6746,37.581997
69652.35,45279.15,1920599.9,4397.317
87158.05,33555.9,2403303.5,7425.5586
119737.5,35839.65,3301652.0,9551.464
262143.0,117979.83,7228353.5,6352.01
282.1,15285.9,7778.6494,51.766834
92421.84,46026.48,2548447.8,5740.374
144751.39,47445.45,3991387.2,8722.227
55793.797,33862.14,1538462.9,4710.08
132650.55,42816.18,3657717.5,8857.295
90524.65,49479.51,2496134.2,5230.0684
112965.55,75655.2,3114921.5,4268.295
262143.0,57365.19,7228353.5,13064.884
116573.945,69666.99,3214420.0,4783.3555
262143.0,61847.43,7228353.5,12117.968
63.55,25292.64,1752.3331,6.184067
39861.348,23440.41,1099140.2,4861.233
141445.25,62657.4,3900223.5,6453.5356
171749.3,49098.45,4735830.0,10000.755
151.9,19107.81,4188.5034,21.729813
191381.6,60547.65,5277172.5,9036.574
709.89996,33870.84,19574.842,58.926674
286.75,39872.1,7906.869,19.562849
262143.0,109793.13,7228353.5,6825.7197
133856.45,74193.6,3690969.2,5157.481
182.9,20955.69,5043.3,23.955181
42693.2,40005.21,1177225.9,3050.3435
123924.05,54487.23,3417092.2,6501.9414
173544.19,60690.332,4785322.0,8174.9746
117.799995,14145.33,3248.227,22.811193
480.5,8861.82,13249.348,154.03133
262143.0,79514.52,7228353.5,9425.29
218991.75,74921.79,6038497.0,8356.351
72967.8,32586.72,2012020.2,6401.3525
110473.15,60061.32,3046196.0,5258.093
262143.0,67341.48,7228353.5,11129.243
536.3,15231.09,14787.981,99.675964
170101.64,61067.04,4690397.0,7963.355
221.65,4919.85,6111.796,127.81453
156945.25,46204.832,4327621.5,9711.024
125970.05,68882.25,3473508.8,5227.8833
348.75,34229.28,9616.462,28.131672
79544.445,39574.56,2193365.2,5746.0205
88.35,4638.84,2436.1704,53.456055
153377.14,33096.54,4229234.5,13249.342
37824.65,43932.39,1042980.06,2460.7222
262143.0,119363.13,7228353.5,6278.384
206.15,20600.73,5684.3975,27.612097
111457.4,25270.02,3073335.8,12610.081
24.8,4136.85,683.8373,16.14079
149142.55,93427.56,4112469.2,4563.314
317.75,25510.14,8761.666,34.614082
142.59999,15496.44,3932.0642,25.31095
57071.0,35354.19,1573680.6,4614.5513
18734.85,11135.13,516596.34,4809.652
105956.445,60060.45,2921652.0,5043.1475
85535.195,30463.92,2358554.8,8027.0127
103336.945,35149.74,2849421.8,8404.867
875.75,17645.34,24148.006,140.90546
385.94998,41549.46,10642.218,25.559177
46862.7,23976.33,1292196.1,5587.4785
210.79999,15264.15,5812.6167,38.486343
229.4,17742.78,6325.495,35.967556
71379.05,30054.15,1968211.9,6789.7114
175653.75,58347.42,4843491.5,8606.652
50379.65,27277.11,1389172.8,5279.8735
3693.65,21281.94,101849.016,495.24197
40033.4,23387.34,1103884.4,4893.3003
146938.45,64025.04,4051693.5,6560.9756
17118.2,39839.91,472018.7,1227.5383
65865.695,39223.95,1816186.2,4800.2793
262143.0,134626.4,7228353.5,5566.459
154339.69,61108.8,4255775.5,7220.4233
116121.34,74098.77,3201939.8,4479.7427
248139.5,63369.93,6842219.5,11194.969
49587.598,37779.75,1367332.6,3751.8655
6975.0,23361.24,192329.25,852.6844
122949.09,64938.54,3390208.8,5412.421
14952.85,20220.541,412311.16,2113.3662
262143.0,106152.18,7228353.5,7059.872
22696.648,14391.54,625839.3,4508.2407
56137.9,11960.76,1547951.2,13418.812
74917.695,20129.19,2065786.9,10640.6045
253660.6,101789.13,6994459.0,7124.2583
18920.85,6668.55,521725.12,8111.566
516.14996,22245.9,14232.363,65.33992
87590.5,44811.09,2415228.0,5587.825
1980.8999,55565.16,54621.504,100.93163
149815.25,57647.07,4131018.5,7429.6665
39191.75,23458.68,1080676.6,4775.8335
258899.6,76800.99,7138919.5,9637.591
55228.047,42563.01,1522862.9,3709.0208
97660.84,18998.19,2692908.5,14696.967
74206.25,40514.16,2046169.5,5236.001
89202.5,43573.95,2459677.2,5852.2773
17998.6,20951.34,496294.9,2455.2688
540.95,47564.64,14916.202,31.517857
69272.6,45696.75,1910128.6,4333.362
20889.35,23872.8,576004.7,2500.9033
262143.0,87974.4,7228353.5,8518.83
77800.695,28444.65,2145283.0,7819.4517
199.95,22695.69,5513.4385,24.189934
88325.195,27204.9,2435486.5,9281.96
62.0,7720.38,1709.5933,21.961592
199.95,31982.07,5513.4385,16.875732
333.25,8986.23,9189.063,105.033134
26425.95,42344.64,728671.4,1783.3544
262143.0,155277.6,7228353.5,4826.013
148592.3,41378.07,4097296.8,10266.745
262143.0,97259.914,7228353.5,7705.433
88605.75,44309.1,2443222.5,5716.655
239420.75,115767.42,6601808.0,5912.225
30145.95,18571.89,831247.0,4640.11
130823.09,71693.22,3607327.2,5216.4146
102.299995,22827.93,2820.8289,11.813214
51830.45,31161.66,1429177.2,4754.6885
330.15,14334.12,9103.584,64.85508
85020.59,51410.91,2344365.0,4727.4395
103.85,8278.05,2863.5686,34.869675
262143.0,86986.95,7228353.5,8615.545
119.35,21393.3,3290.967,14.951209
92042.09,50530.47,2537976.5,5207.1343
157315.69,36610.47,4337836.0,12285.147
87209.195,33441.06,2404713.8,7455.435
345.65,30038.49,9530.982,31.900875
446.4,13336.23,12309.071,94.7062
28299.898,42753.54,780343.8,1891.6129
124393.695,46627.65,3430042.2,7626.8794
99900.59,48853.98,2754667.5,5845.785
262143.0,116486.914,7228353.5,6433.4307
313.09998,21455.94,8633.445,40.72386
159978.6,27881.76,4411263.5,16404.547
51500.297,48039.66,1420073.6,3064.2
128302.8,71078.13,3537832.2,5160.181
51.149998,3979.3801,1410.4144,35.751846
232.5,20333.64,6410.9746,31.693153
20833.549,19319.22,574466.06,3082.3489
268.15,33094.8,7393.9907,22.166851
67657.5,27532.02,1865593.6,7025.3027
133935.5,56615.25,3693149.0,6763.1196
95059.945,57426.09,2621191.0,4732.0083
30434.25,29000.58,839196.6,2999.5781
66.65,8137.98,1837.8129,22.41707
90645.55,44497.02,2499468.0,5823.5786
160192.5,75571.68,4417161.5,6059.8296
115585.05,97859.34,3187152.0,3376.1343
16175.8,36363.39,446032.88,1270.8925
102321.695,48843.54,2821427.2,5988.7627
262143.0,63536.1,7228353.5,11795.868
139455.05,47067.87,3845345.2,8470.468
56378.15,27333.66,1554575.9,5896.4194
115546.3,27284.94,3186083.5,12107.269
238424.1,69755.73,6574326.5,9771.807
255551.6,108495.09,7046601.5,6733.688
40.3,3393.0,1111.2356,32.960194
216406.34,32334.42,5967207.0,19135.121
262143.0,132485.34,7228353.5,5656.433
72549.3,56135.88,2000480.5,3694.2317
71884.35,50469.57,1982145.2,4071.4312
238371.39,79977.36,6572873.0,8520.893
69630.65,30590.07,1920001.4,6507.321
37379.8,23594.4,1030713.8,4528.7793
177769.5,148999.69,4901831.5,3410.3076
654.1,16497.81,18036.209,112.361824
-23.25,4798.92,-641.0975,-14.8525095
173951.84,48783.51,4796563.0,10194.417
54318.2,21243.66,1497774.6,7309.802
262143.0,81151.86,7228353.5,9235.104
262143.0,71878.53,7228353.5,10426.688
77.5,12272.22,2136.9917,17.056252
262143.0,63886.71,7228353.5,11731.126
135893.14,79916.46,3747129.0,4860.9473
365.8,10905.45,10086.6,94.90672
262143.0,80415.84,7228353.5,9319.639
271.25,37312.56,7479.4707,19.785656
162646.14,99988.234,4484818.5,4649.973
116.25,9212.43,3205.4873,35.0801
262143.0,87848.25,7228353.5,8531.065
110958.3,14768.25,3059573.5,21481.248
1289.6,6412.77,35559.54,573.98737
65876.55,81680.82,1816485.5,2305.0022
135432.8,46847.76,3734435.5,8264.783
112822.945,48635.61,3110989.5,6631.726
30886.85,16962.39,851676.6,5205.3765
164788.25,75880.53,4543885.5,6208.332
103129.25,46955.64,2843694.8,6278.7607
225611.8,82101.9,6221039.0,7856.0156
41712.047,40849.11,1150171.5,2918.6306
5369.1997,12500.16,148050.77,1227.1261
51.149998,5772.45,1410.4144,24.335789
147298.05,28788.3,4061609.0,14628.517
161.2,21545.55,4444.9424,20.392246
225166.94,70308.18,6208772.5,9155.885
82.149994,8763.51,2265.211,25.802694
224.75,23528.28,6197.276,26.312315
51999.4,32387.49,1433835.9,4589.606
65251.9,35562.99,1799261.4,5245.1885
153.45,17549.64,4231.243,24.000439
82.149994,17853.27,2265.211,12.156451
112255.65,21366.33,3095346.8,15020.982
126343.59,53802.54,3483809.0,6713.28
158304.6,83670.51,4365104.5,5408.662
262143.0,69756.6,7228353.5,10743.889
38469.45,38348.73,1060759.9,2867.23
198362.8,47030.46,5469672.5,12058.519
138349.89,70755.36,3814871.8,5589.7295
222705.55,67846.08,6140901.5,9384.453
268.15,34465.05,7393.9907,21.245792
133269.0,39683.31,3674770.8,9601.189
81633.84,33624.63,2250978.5,6940.6343
163029.0,50004.992,4495375.5,9320.815
251.09999,34132.71,6923.8525,20.034147
471.19998,28604.73,12992.908,46.09951
80161.34,52216.53,2210375.8,4388.408
117387.695,49186.32,3236858.2,6822.8145
350.3,24212.97,9659.202,40.365765
162266.39,45962.97,4474347.5,10093.145
361.15,32029.05,9958.381,31.239815
733.14996,49372.5,20215.94,41.45772
127475.09,60110.91,3515009.0,6062.467
86638.8,45393.992,2388985.5,5456.114
218.54999,27373.68,6026.316,21.827932
4631.4,11271.72,127706.62,1173.8193
221.65,6697.2603,6111.796,93.627975
25742.398,32335.291,709823.06,2275.2566
189.09999,29573.041,5214.2593,17.282875
142564.34,21989.25,3931081.2,18536.43
198113.25,25820.73,5462791.5,21936.846
2039.7999,5380.95,56245.617,1082.871
96.1,19362.72,2649.8696,13.190772
141189.5,59050.38,3893171.2,6835.4194
91429.84,77810.19,2521094.2,3358.7
31.0,4817.19,854.79663,17.399961
6.2,5965.59,170.95932,1.9715791
243187.25,70266.42,6705666.0,9894.597
262143.0,105680.64,7228353.5,7091.3774
69.75,9904.95,1923.2925,19.134502
262143.0,52239.15,7228353.5,14346.994
914.5,15330.2705,25216.5,169.56223
334.8,10847.16,9231.804,87.25075
155477.39,50827.14,4287147.0,8745.224
57216.7,30458.7,1577698.1,5370.0654
192308.5,52688.94,5302731.0,10434.854
67645.1,37259.49,1865251.8,5189.9688
93874.195,49606.53,2588495.0,5409.736
238245.84,61829.16,6569411.0,11016.447
146470.34,49603.92,4038785.8,8441.726
106529.945,43061.52,2937465.8,7072.4507
24423.35,15831.39,673451.5,4409.981
251397.6,92335.71,6932058.5,7783.674
120751.195,53633.76,3329603.8,6436.2764
336.34998,35593.44,9274.543,26.019073
50548.598,53637.242,1393831.4,2693.5837
234.04999,24588.81,6453.7144,26.215738
84752.445,29342.49,2336971.2,8257.56
201.5,13842.57,5556.178,40.620502
63.55,4198.62,1752.3331,42.27708
146767.95,42162.81,4046992.0,9951.924
154091.69,27850.44,4248937.5,15818.624
99778.15,53933.91,2751291.2,5288.5967
137672.55,62987.13,3796194.5,6248.4893
87742.4,37063.74,2419416.2,6767.7617
173.59999,22605.21,4786.861,20.957867
262143.0,81559.02,7228353.5,9188.994
170121.8,39210.9,4690953.0,12404.154
183887.34,70777.98,5070525.5,7427.5273
147994.0,59903.85,4080799.2,7062.7993
152750.94,83551.32,4211967.5,5226.3257
15772.8,8611.26,434920.53,5236.1025
135273.14,68282.82,3730033.0,5663.337
254.2,23116.77,7009.3325,30.441076
262143.0,135398.1,7228353.5,5534.7275
237.15,19025.16,6539.1943,34.640503
254083.73,66000.81,7006126.5,11006.192
77837.9,65438.79,2146308.8,3399.986
172618.84,42873.6,4759806.5,11510.905
143009.2,47416.742,3943348.0,8622.454
129364.55,52242.63,3567109.0,7079.0977
262143.0,65122.11,7228353.5,11508.5625
262143.0,101999.67,7228353.5,7347.327
79.049995,16758.81,2179.7312,12.486759
137.95,28250.64,3803.845,12.961831
60.449997,14462.88,1666.8534,10.950622
91.45,18743.28,2521.65,12.950415
24502.398,35368.11,675631.25,1979.8235
16135.499,14168.82,444921.62,3255.0999
141155.39,39762.48,3892230.8,10149.163
262143.0,93721.62,7228353.5,7996.3755
682.0,81174.48,18805.525,23.02226
262143.0,57230.34,7228353.5,13095.672
109352.5,23808.42,3015295.2,13131.492
262143.0,139451.44,7228353.5,5373.824
262143.0,90694.02,7228353.5,8263.348
17.05,6697.2603,470.13812,6.2790747
42527.348,20697.3,1172652.8,5873.9424
553.35,21107.07,15258.119,73.95851
35.649998,4503.99,983.01605,21.63138
195.29999,28376.791,5385.2188,18.678316
132199.5,93080.43,3645280.2,4059.8826
232523.25,116839.26,6411616.0,5689.1875
56049.547,25959.93,1545515.0,6172.303
149912.89,73836.03,4133710.8,5804.2324
55869.75,45387.03,1540557.2,3518.6052
262143.0,95557.32,7228353.5,7842.742
159.65,22867.08,4402.2026,18.962145
70056.9,59223.51,1931754.9,3381.25
240.25,20220.541,6624.674,32.97188
69359.4,58811.13,1912522.0,3371.0562
113577.8,41157.09,3131803.8,7889.3774
26360.85,14488.98,726876.3,5201.0024
256005.73,39096.06,7059124.0,18721.58
86152.09,22613.91,2375565.2,10891.791
63371.75,45876.84,1747418.0,3948.5825
56220.047,29233.74,1550216.4,5497.6465
1069.5,66018.21,29490.484,45.319733
85901.0,13906.08,2368641.5,17661.105
91789.445,37216.86,2531010.0,7050.833
16129.3,38089.47,444750.7,1209.7643
189.09999,26073.03,5214.2593,19.737148
262143.0,103092.39,7228353.5,7269.4395
209.25,28671.72,5769.8774,19.867033
116389.5,55011.84,3209334.0,6048.3213
88.35,17888.94,2436.1704,13.121179
103600.445,55062.3,2856687.5,5378.6777
99.2,16641.36,2735.349,16.044012
198.4,26180.041,5470.698,20.668076
139346.55,64681.02,3842353.5,6158.824
176645.75,78583.62,4870845.0,6426.176
20580.898,11445.72,567499.44,5140.2676
105206.25,53292.72,2900966.0,5643.4634
262143.0,98296.08,7228353.5,7624.197
68328.65,50028.48,1884100.0,3904.1213
50660.2,14657.76,1396908.6,9881.078
139684.45,57657.51,3851671.0,6925.936
74741.0,22609.56,2060914.8,9450.827
100.75,10031.1,2778.089,27.717426
262143.0,45022.5,7228353.5,16646.832
63946.797,63609.18,1763274.4,2873.405
120.899994,18456.18,3333.7068,17.729815
156.54999,22519.08,4316.7227,18.877026
127693.65,60480.66,3521035.5,6035.73
208191.34,50396.492,5740686.0,11810.672
179.79999,21007.02,4957.8203,23.47227
251010.1,75882.27,6921373.5,9457.012
236612.14,104654.914,6524363.5,6463.373
262143.0,112009.02,7228353.5,6690.6655
262143.0,142518.19,7228353.5,5258.167
162.75,15285.03,4487.682,29.444136
147443.75,48468.57,4065626.5,8696.914
102634.8,51393.51,2830060.8,5708.9897
2503.25,32139.541,69024.83,221.69658
262143.0,72590.19,7228353.5,10324.458
167113.25,37775.4,4607995.0,12647.844
142937.89,40890.0,3941381.5,9993.918
206.15,17577.48,5684.3975,32.533253
124037.195,42725.7,3420212.2,8299.644
202372.64,59376.63,5580240.5,9744.077
82.149994,3270.33,2265.211,70.823235
262143.0,57957.66,7228353.5,12931.319
306.9,38258.25,8462.486,21.936163
26791.75,20708.61,738758.0,3698.126
252566.3,111392.19,6964284.5,6481.9053
19006.1,29478.21,524075.8,1842.4905
87148.75,33124.38,2403047.0,7521.5034
76326.65,51715.41,2104637.5,4218.9297
181010.55,67779.09,4991200.0,7634.845
378.19998,46176.12,10428.519,22.418175
164428.64,45794.19,4533969.5,10265.351
88140.75,47113.98,2430400.5,5348.041
142.59999,18808.53,3932.0642,20.677723
120053.695,40249.68,3310370.8,8527.292
2772.95,52628.04,76461.555,149.65163
2590.0498,16486.5,71418.26,448.18854
262143.0,79972.14,7228353.5,9371.351
177098.34,85377.45,4883325.0,5929.896
26.349998,3414.75,726.5771,21.063309
130775.05,75347.22,3606002.2,4961.5703
89.899994,7490.7,2478.9102,33.315178
179.79999,26882.13,4957.8203,18.123835
123468.34,64244.28,3404526.8,5494.0312
142768.95,23111.55,3936723.2,17661.56
204.59999,21729.99,5641.6577,25.92124
59191.4,51247.35,1632148.6,3301.4492
81111.5,14929.2,2236575.5,15533.415
158802.14,48475.53,4378824.0,9365.618
46349.65,34984.44,1278049.1,3787.0918
130265.09,62575.62,3591940.8,5951.1226
210.79999,34812.18,5812.6167,16.313639
88136.09,35856.18,2430272.2,7027.114
71.299995,27600.75,1966.0321,6.3861413
101416.5,48761.76,2796467.2,5945.73
257599.14,84616.2,7103060.5,8703.421
66220.65,18735.45,1825973.8,10104.977
63805.746,25867.71,1759385.1,7051.6245
87184.4,25573.65,2404030.0,9746.54
62.0,3087.6301,1709.5933,56.413685
117717.84,43652.25,3245961.8,7709.537
100074.195,56775.332,2759454.5,5038.7783
144.15,23303.82,3974.8042,16.68628
23840.549,17072.01,657381.3,3991.828
262143.0,65892.93,7228353.5,11373.923
129674.55,50806.26,3575657.0,7296.708
262143.0,97734.06,7228353.5,7668.046
294.5,32202.18,8120.568,25.148634
65971.1,31875.93,1819092.8,5916.522
37665.0,26832.541,1038577.94,4012.5176
124108.5,42067.98,3422178.2,8434.267
121809.84,44557.05,3358795.0,7815.547
149151.84,39121.29,4112725.8,10899.953
57249.25,38496.63,1578595.8,4251.028
24.8,3223.35,683.8373,20.998507
238.7,17437.41,6581.934,38.139874
262143.0,77307.33,7228353.5,9694.42
232225.64,34800.87,6403409.5,19078.59
108978.945,62355.51,3004994.8,4996.0854
91.45,3453.03,2521.65,74.723785
242957.84,68058.36,6699340.5,10206.008
167.4,23808.42,4615.902,19.103601
1150.1,31485.3,31712.955,103.44238
89900.0,74061.36,2478910.2,3469.6995
26604.2,16796.22,733586.44,4527.8467
84236.3,55878.36,2322738.8,4309.271
31.0,3071.97,854.79663,27.853182
38295.848,19143.48,1055973.0,5718.786
159.65,11758.05,4402.2026,37.82242
72.85,6904.32,2008.7721,29.168774
75181.195,64812.39,2073052.8,3315.6543
242531.6,101516.82,6687587.0,6829.922
145.7,21584.7,4017.5442,18.300232
141.05,15253.71,3889.3247,25.439095
34326.3,21304.56,946516.3,4605.843
130823.09,16417.77,3607327.2,22782.44
212872.34,54960.51,5869760.0,11073.33
74779.75,47415.0,2061983.2,4508.3843
127.1,21121.86,3504.6663,16.205305
100847.65,47177.492,2780781.8,6110.9517
244.9,35742.21,6752.893,18.590988
262143.0,81786.09,7228353.5,9163.4795
161.2,14420.25,4444.9424,30.962536
109301.34,49746.6,3013884.5,6281.19
19201.398,27331.92,529461.0,2007.6844
151617.89,50181.6,4180724.8,8637.83
262143.0,52996.05,7228353.5,14142.072
61891.5,13971.33,1706601.5,12665.081
175900.19,74764.32,4850287.0,6725.992
94.549995,11200.38,2607.1296,23.136692
262143.0,45799.41,7228353.5,16364.428
244.9,30104.61,6752.893,22.259735
64262.996,42730.92,1771993.4,4298.9927
117071.5,54590.76,3228139.5,6130.7017
197389.39,66589.8,5442832.0,8474.496
2218.05,20066.55,61160.7,315.04404
482.05,26142.63,13292.088,51.72199
823.05,54823.92,22694.85,41.924484
107835.05,51715.41,2973452.8,5960.9585
110.049995,26474.97,3034.5278,10.8851185
225281.64,93583.29,6211935.0,6881.9795
124.0,4059.42,3419.1865,86.33869
262143.0,126477.12,7228353.5,5925.1865
146589.7,35138.43,4042077.0,11927.068
262143.0,48386.79,7228353.5,15489.322
161688.25,51845.91,4458405.5,8915.88
261.94998,34224.06,7223.0312,20.88446
66614.35,58256.07,1836829.8,3268.4568
54110.5,23922.39,1492047.5,6466.3438
142245.05,67587.69,3922277.0,6016.5337
133.3,12735.061,3675.6257,28.928032
139667.39,63469.11,3851200.5,6290.897
100165.65,16916.28,2761976.2,16929.234
145.7,18552.75,4017.5442,21.454338
262143.0,53307.51,7228353.5,14059.4375
117862.0,41839.17,3249936.8,8053.5205
455.69998,34241.46,12565.51,37.05184
192006.25,71892.45,5294396.5,7635.266
184.45,27132.69,5086.04,18.43725
79601.8,63678.78,2194946.8,3573.1858
55646.547,33146.13,1534402.6,4799.1455
112514.5,56347.29,3102484.5,5708.321
167.4,13219.65,4615.902,35.206326
131438.45,32507.55,3624295.0,11559.781
311.55,26020.83,8590.706,33.233837
71146.55,45769.832,1961801.0,4443.5063
262143.0,85452.27,7228353.5,8770.293
31150.35,24903.75,858942.4,3575.4087
100.75,18079.47,2778.089,14.933395
66654.65,37208.16,1837941.0,5121.0195
781.19995,7644.69,21540.875,291.18057
1695.7,29841.871,46757.375,161.46954
143644.7,68609.94,3960871.2,5985.205
98454.445,47555.94,2714791.2,5918.4253
1779.3999,15934.92,49065.324,318.2807
105.399994,27492.0,2906.3083,9.961834
80866.59,42554.31,2229822.2,5432.4365
68361.195,34883.52,1884997.4,5602.2285
250208.75,72274.38,6899277.5,9897.447
488.25,64324.32,13463.047,20.702812
3400.7,18129.06,93771.19,535.3422
69463.25,35101.02,1915385.6,5657.2793
132498.64,37458.72,3653528.8,10112.641
1267.8999,46143.06,34961.18,77.56472
170.5,14734.32,4701.3813,32.085922
54722.75,37650.12,1508929.8,4154.7607
4823.5996,5999.52,133006.34,2297.8132
44213.75,55506.0,1219153.8,2276.5422
430.9,40014.78,11881.673,29.789669
262143.0,100290.12,7228353.5,7472.5874
80200.09,49160.22,2211444.2,4663.5537
60623.598,54055.71,1671640.2,3205.6318
201889.05,88627.77,5566906.0,6512.1626
1303.5499,77064.6,35944.195,47.363945
24578.35,28215.84,677725.5,2489.6272
262143.0,62698.29,7228353.5,11953.504
172372.39,76058.01,4753011.0,6478.9517
154217.25,54241.02,4252399.5,8128.318
48747.5,39046.47,1344167.8,3568.6003
153837.5,30764.07,4241928.5,14296.741
60.449997,16951.95,1666.8534,9.195902
249464.75,59841.21,6878762.5,11918.494
21318.7,6749.46,587843.6,9030.1
122369.4,52195.65,3374224.2,6702.282
204069.89,49267.23,5627040.5,11842.219
30548.95,21299.34,842359.3,4099.8994
70117.35,41094.45,1933421.9,4877.5566
136.4,4160.34,3761.105,92.742065
262143.0,99924.72,7228353.5,7499.916
151007.2,51883.32,4163885.5,8320.831
181830.5,61952.7,5013809.5,8390.807
162072.64,96899.734,4469005.0,4781.2925
2579.2,29282.46,71119.08,250.841
96941.65,38412.24,2673077.2,7214.888
-34.1,4946.82,-940.27625,-20.709576
160973.69,39790.32,4438702.0,11566.151
58706.25,28069.68,1618771.1,5978.927
55.8,15452.94,1538.6339,9.324572
205071.19,30308.19,5654650.5,19345.11
262143.0,97564.414,7228353.5,7681.381
98404.84,47814.332,2713423.5,5883.47
258693.44,93127.414,7133235.0,7941.4937
35888.7,24570.541,989598.06,4175.303
773.44995,10256.43,21327.176,214.61801
294.5,28462.92,8120.568,28.58386
164.29999,27177.06,4530.422,16.285583
58462.9,37849.35,1612061.0,4415.426
158960.25,66253.11,4383183.5,6859.1133
257.3,28517.73,7094.812,24.797274
226.29999,32083.86,6240.015,19.167261
80770.5,15976.68,2227172.8,14453.905
240873.1,77935.47,6641855.0,8835.944
2177.75,22698.3,60049.465,273.3239
1850.7,4530.09,51031.36,1167.0951
43801.45,30563.1,1207784.9,4096.699
148.79999,25458.81,4103.0234,15.711435
313.09998,41768.7,8633.445,20.432907
91.45,7402.83,2521.65,34.32115
-13.95,5779.41,-384.65848,-7.901439
77.5,16943.25,2136.9917,12.078382
68.2,8473.8,1880.5525,22.012041
66941.4,42480.36,1845847.9,4504.631
33934.15,25592.791,935703.1,3790.1267
81954.695,37960.71,2259825.8,6171.889
84160.34,60729.48,2320644.5,3961.3875
322.4,23063.7,8889.885,38.96824
83.7,3445.2,2307.951,68.464035
97067.195,72689.37,2676539.0,3817.1287
262143.0,90182.46,7228353.5,8310.228
139.5,19153.05,3846.585,19.825012
151258.3,48650.4,4170809.2,8888.592
227998.8,108495.96,6286858.5,6007.527
35206.7,29377.291,970792.5,3425.593
141527.39,51763.26,3902488.2,7816.4995
2895.4,7526.37,79838.0,1098.9475
159797.25,57015.45,4406263.0,8012.5645
58438.098,39518.88,1611377.1,4227.053
78781.84,44528.34,2172337.2,5057.697
82.149994,7073.97,2265.211,32.20422
134208.3,61255.832,3700671.0,6263.4204
131886.39,60268.38,3636646.5,6255.9033
486.69998,26354.041,13420.307,51.803547
133.3,18365.7,3675.6257,19.75256
215366.3,21820.47,5938528.5,28219.363
73338.25,58786.77,2022235.1,3565.9739
128808.09,26773.38,3551765.2,13754.897
262143.0,144221.64,7228353.5,5196.049
212.34999,22924.5,5855.357,25.485085
441.75,23760.57,12180.853,52.15801
158.09999,16146.33,4359.4624,26.996712
221884.05,37051.56,6118249.5,17121.555
72797.3,36928.89,2007318.9,5635.3506
146630.0,48064.89,4043188.0,8721.558
286.75,25799.85,7906.869,30.778637
573.5,26645.49,15813.738,60.540173
240702.6,66876.9,6637154.0,10289.907
334.8,44566.62,9231.804,20.479527
209.25,27596.4,5769.8774,20.680138
146008.45,55258.92,4026049.5,7553.828
147.25,19862.97,4060.284,20.196302
12649.55,15106.68,348799.75,2393.1702
101201.05,50357.34,2790526.2,5745.074
248.0,33344.49,6838.373,20.26555
6.2,3154.62,170.95932,4.619447
86462.09,56014.95,2384113.2,4412.3745
70842.75,34298.01,1953424.0,5904.7554
58.899998,14034.84,1624.1135,10.999325
87826.09,35424.66,2421724.2,7087.705
223.2,43500.87,6154.5356,13.67051
33106.45,13330.14,912880.06,7100.1206
118402.945,53036.94,3264853.0,6382.1206
221746.1,80710.77,6114445.5,7854.493
97964.65,69495.6,2701285.5,4029.5198
222356.8,34736.49,6131285.5,18301.63
153522.84,68666.49,4233252.0,6391.594
34307.7,52213.92,946003.44,1877.6864
162.75,21554.25,4487.682,20.589224
15.5,6808.62,427.39832,5.5091095
57501.9,28067.94,1585562.2,5856.6123
262143.0,100914.78,7228353.5,7426.326
104025.15,54940.5,2868398.2,5412.7065
125869.3,30714.48,3470730.8,11716.248
119.35,12622.83,3290.967,26.034271
172243.75,51001.14,4749464.0,9655.341
80572.09,49644.81,2221701.8,4639.447
323.94998,35324.61,8932.624,25.22102
257.3,31149.48,7094.812,22.61772
130051.195,64627.082,3586042.8,5752.7207
183574.25,26502.81,5061892.0,19803.725
56813.7,32002.08,1566585.8,5075.026
505.3,60348.42,13933.185,22.940453
262143.0,104954.19,7228353.5,7140.4683
228984.6,57031.98,6314040.5,11478.865
81458.695,22783.56,2246149.0,10221.682
199.95,25369.2,5513.4385,21.535316
354.94998,10573.98,9787.421,94.97932
98908.59,35213.25,2727314.0,8030.1343
37210.848,27224.91,1026055.06,3906.978
111637.195,36471.27,3078293.5,8750.994
110280.945,30550.05,3040896.2,10320.374
87079.0,31990.77,2401123.8,7781.8335
311.55,38725.44,8590.706,22.002783
48775.4,32316.15,1344937.0,4314.4907
-9.299999,4102.05,-256.43896,-7.4823275
223.2,13336.23,6154.5356,46.8531
44215.297,36082.38,1219196.4,3502.6956
134163.34,57165.09,3699431.5,6709.4556
63379.5,50229.45,1747631.8,3606.7744
55852.7,51209.94,1540087.1,3117.451
262143.0,86865.15,7228353.5,8627.627
80201.65,30336.9,2211487.0,7557.943
66402.0,46043.88,1830974.4,4122.4263
125384.15,47341.92,3457353.2,7571.6133
42705.598,25599.75,1177567.8,4768.777
505.3,36812.31,13933.185,38.246887
132938.84,48423.332,3665667.0,7848.5767
341.0,32845.98,9402.763,28.683912
26477.1,13371.9,730081.8,5660.4316
7892.5996,33185.28,217631.22,679.02295
262143.0,55258.05,7228353.5,13563.122
199.95,25829.43,5513.4385,21.13378
21244.299,30100.26,585792.1,2017.0
128112.15,48739.14,3532575.2,7514.5615
1449.25,20989.62,39961.742,196.41844
49817.0,32366.61,1373658.2,4399.777
262143.0,83192.01,7228353.5,9008.604
262143.0,133686.81,7228353.5,5605.589
23105.85,21368.07,637122.7,3090.759
125.549995,10379.97,3461.9263,33.583553
258.85,26940.42,7137.5522,26.47216
80454.3,58070.76,2218453.8,3960.3274
144069.39,69550.414,3972581.8,5921.7173
114365.195,25972.98,3153515.8,12588.866
192331.75,82381.17,5303372.0,6674.319
189175.94,82790.94,5216353.5,6532.2925
163380.84,34424.16,4505077.5,13569.217
148502.39,55955.79,4094817.5,7587.176
262143.0,127668.15,7228353.5,5869.9004
114.7,17960.28,3162.7476,17.25994
52608.547,44255.16,1450632.5,3397.923
429.34998,59795.1,11838.933,19.530277
114114.09,49606.53,3146591.8,6576.3267
178.25,14945.73,4915.0806,33.10055
235.59999,30856.291,6496.454,20.831347
262143.0,58761.54,7228353.5,12754.4
804.44995,99614.13,22181.97,22.090166
121518.445,58524.03,3350760.0,5935.8623
217.0,20501.55,5983.5767,29.2637
843.19995,4570.98,23250.467,526.4366
117451.25,76950.63,3238610.8,4363.0977
189.09999,15640.86,5214.2593,33.568447
88642.945,53436.27,2444248.2,4742.043
262143.0,121868.734,7228353.5,6149.2812
127688.99,61125.332,3520907.2,5971.8447
123948.84,44677.11,3417776.0,7931.433
262143.0,70388.22,7228353.5,10647.472
262143.0,58014.21,7228353.5,12918.714
595.19995,24513.99,16412.094,68.42212
150824.3,50542.65,4158842.0,8531.225
139.5,12431.43,3846.585,31.085007
108783.65,45369.63,2999609.5,6854.63
262143.0,92742.87,7228353.5,8080.7754
59738.547,34057.89,1647235.8,5014.173
235.59999,31274.76,6496.454,20.539234
203.04999,26474.97,5598.9175,20.92888
66907.3,46018.65,1844907.5,4156.082
739.35,19905.6,20386.898,105.19982
228494.8,73153.95,6300535.0,8929.741
262143.0,54162.72,7228353.5,13837.43
64262.996,38248.68,1771993.4,4802.8955
179187.75,33368.85,4940938.5,15352.806
145142.0,27114.42,4002158.0,15304.298
65813.0,39505.832,1814733.2,4762.207
1226.0499,20608.56,33807.207,169.10204
509.94998,31082.49,14061.404,45.909496
133351.14,44528.34,3677035.8,8561.671
57370.15,31600.14,1581929.4,5189.9395
80868.15,33056.52,2229865.2,6993.704
249999.5,54987.48,6893507.5,12998.43
2478.45,153914.31,68340.99,45.041573
209891.69,96315.96,5787571.5,6229.831
25418.45,31693.23,700890.5,2292.1453
82985.445,53413.65,2288247.8,4441.206
185581.5,61986.63,5117240.0,8559.234
244675.25,98772.84,6746696.0,7081.742
13461.75,13853.88,371195.44,2777.2998
99345.695,57914.16,2739366.8,4903.7095
189828.5,37513.53,5234347.0,14467.465
196770.94,94281.03,5425778.5,5966.4062
54587.9,23001.06,1505211.4,6784.7446
96275.15,52481.88,2654699.2,5244.1006
56757.9,33909.12,1565047.1,4784.8467
262143.0,69944.52,7228353.5,10715.0205
97907.3,47388.03,2699704.2,5906.3867
24.8,18750.24,683.8373,2.7817585
100959.25,46519.77,2783859.0,6204.2256
176445.8,93696.39,4865331.5,5383.402
444.84998,44085.51,12266.331,27.851387
79065.5,20204.88,2180158.8,11187.702
135111.95,29552.16,3725588.5,13071.346
53205.297,67773.87,1467087.4,2243.6138
118319.25,67168.35,3262545.0,5035.626
262143.0,88711.29,7228353.5,8448.06
262143.0,59573.25,7228353.5,12580.603
155.0,20630.31,4273.9834,20.482012
222287.05,34469.4,6129362.0,18437.664
262143.0,89604.78,7228353.5,8363.81
57664.65,46729.44,1590049.9,3527.3206
91375.59,32995.62,2519598.5,7917.1353
297.59998,32865.12,8206.047,24.89087
6144.1997,28861.38,169420.69,607.69147
51773.098,22271.13,1427595.8,6645.7734
139951.05,51162.09,3859022.0,7820.2627
902.1,16314.24,24874.582,157.10179
129970.59,22343.34,3583820.2,16631.059
217.0,24018.96,5983.5767,24.83179
75.95,15724.38,2094.2517,12.810304
158495.25,42305.49,4370361.5,10710.949
180001.5,45785.492,4963376.5,11239.8
60118.297,44634.48,1657707.0,3850.1033
44808.95,13102.2,1235565.8,9777.438
117.799995,15762.66,3248.227,20.368042
129538.15,46225.71,3571896.0,8011.4087
12.4,4866.78,341.91864,6.28499
131224.55,40139.19,3618396.8,9346.5
130.2,12518.43,3590.1458,28.737886
49747.25,35171.49,1371734.9,4043.1506
171408.3,52795.082,4726427.0,9281.979
55181.547,51276.93,1521580.6,3075.953
61152.15,26892.57,1686214.5,6500.722
255329.94,63718.8,7040489.5,11456.322
88797.945,41826.12,2448522.0,6069.2183
146749.34,81889.62,4046479.0,5122.849
262143.0,186936.9,7228353.5,4008.5183
262143.0,109809.664,7228353.5,6824.692
70514.15,53863.44,1944363.1,3742.0977
78096.75,30871.08,2153446.5,7232.1943
73683.9,52825.53,2031766.1,3987.2075
46431.797,31402.65,1280314.4,4226.6416
97648.445,94699.5,2692566.5,2947.2659
164200.8,65229.12,4527687.0,7196.5176
53058.047,36317.28,1463027.1,4176.216
381.3,31789.8,10513.998,33.294773
148821.7,67609.44,4103622.2,6292.7275
210500.84,83737.5,5804368.0,7186.582
20.15,3526.11,555.6178,15.339102
64924.848,37459.59,1790243.2,4954.6074
122.45,6614.61,3376.4465,51.9302
747.1,86511.93,20600.598,23.69174
168609.0,51089.88,4649239.0,9435.151
313.09998,44881.56,8633.445,18.94638
16936.85,23239.44,467018.12,2082.7996
41.85,4089.0,1153.9755,28.26357
407.65,13436.28,11240.575,85.74758
217.0,21666.48,5983.5767,27.636528
279.0,21472.47,7693.17,36.15106
262143.0,75797.88,7228353.5,9887.494
190848.39,70831.92,5262470.0,7702.862
212.34999,28670.85,5855.357,20.176817
353.4,36590.46,9744.682,26.615166
126263.0,67431.96,3481586.8,5352.765
90675.0,93749.46,2500280.2,2764.4626
201.5,23095.02,5556.178,23.946276
170045.84,52340.07,4688858.5,9288.251
158.09999,10430.43,4359.4624,42.338974
171451.69,68885.73,4727623.5,7115.4194
106052.55,52280.91,2924302.0,5798.9863
18024.95,59115.63,497021.5,870.80774
118477.34,58375.26,3266904.5,5802.039
2064.5999,17346.06,56929.453,339.31732
232.5,26427.99,6410.9746,24.154043
196014.55,72564.09,5404922.0,7722.525
263.5,18914.67,7265.7715,38.831886
96544.84,53219.64,2662135.8,5185.8794
121468.84,59363.582,3349392.2,5849.5107
161.2,34760.85,4444.9424,12.259392
217361.14,94432.414,5993534.5,6580.2715
469.65,32591.94,12950.169,40.201508
4.6499996,3361.68,128.21948,2.954991
175869.19,92414.01,4849432.0,5440.2783
-27.9,3128.52,-769.31696,-26.498476
137.95,26674.2,3803.845,13.786974
116.25,21815.25,3205.4873,14.236378
-4.6499996,3902.82,-128.21948,-4.406617
171741.55,65267.4,4735616.0,7522.641
58.899998,13590.2705,1624.1135,11.39185
177403.69,70229.01,4891744.5,7221.626
240.25,25603.23,6624.674,25.829811
148852.7,53187.45,4104477.0,8000.963
20292.6,45895.98,559549.9,1263.1891
33782.25,12725.49,931514.6,7589.371
40301.547,23389.08,1111278.2,4925.7163
4439.1997,33936.09,122406.875,373.01746
13040.149,62667.84,359570.2,593.95874
75.95,7792.59,2094.2517,26.867302
91380.25,44340.42,2519726.8,5891.526
259735.05,92383.56,7161956.5,8037.6816
156356.25,40183.56,4311380.5,11124.405
262143.0,95415.51,7228353.5,7854.4
57858.4,33172.23,1595392.4,4986.0156
75016.9,35479.47,2068522.4,6044.483
262143.0,128853.09,7228353.5,5815.911
113466.195,49651.77,3128726.5,6533.0244
46495.348,27067.44,1282066.6,4910.468
187.54999,25431.84,5171.5195,20.08571
262143.0,115647.36,7228353.5,6480.142
528.55,53248.35,14574.282,27.381077
97172.59,52519.29,2679445.5,5289.223
77870.445,51245.61,2147206.2,4343.7515
187.54999,24784.56,5171.5195,20.63639
103220.695,34974.87,2846216.2,8437.391
799.8,27683.4,22053.754,81.60588
126369.945,29184.15,3484535.8,12379.716
51432.098,34390.23,1418193.0,4275.1025
262143.0,99833.37,7228353.5,7506.78
262143.0,105694.56,7228353.5,7090.443
49835.598,30365.61,1374171.0,4691.526
262143.0,88772.19,7228353.5,8442.264
26996.35,10533.09,744399.6,7327.216
132170.05,77149.86,3644468.2,4897.3174
5319.5996,34508.55,146683.1,439.75903
108898.34,39188.28,3002772.2,7944.3687
175.15,17408.7,4829.601,27.766884
785.85,29434.71,21669.094,75.3359
272.8,34870.47,7522.21,21.368433
640.14996,52005.12,17651.549,34.195293
236158.0,46416.242,6511841.0,14546.277
106610.55,39585.87,2939688.2,7699.323
109659.4,48026.61,3023757.5,6527.4927
306.9,30767.55,8462.486,27.520224
106026.195,31220.82,2923575.2,9708.969
94026.09,33547.2,2592683.5,8012.848
262143.0,74820.0,7228353.5,10016.735
58510.95,55057.95,1613385.9,3037.5479
262143.0,48782.64,7228353.5,15363.625
262143.0,78747.18,7228353.5,9517.144
317.75,44241.242,8761.666,19.535593
180956.3,73290.54,4989704.5,7058.5137
92883.75,24970.74,2561184.5,10634.485
354.94998,31018.11,9787.421,31.719059
156083.44,59110.41,4303858.0,7548.9116
55738.0,27546.81,1536924.4,5784.3423
72332.3,29473.86,1994496.9,7015.8833
130.2,12317.46,3590.1458,29.223085
184401.94,71741.07,5084714.5,7348.3105
157740.39,41840.04,4349547.0,10778.53
542.5,35094.06,14958.941,43.199276
12545.699,27387.6,345936.2,1308.7545
146758.64,54386.31,4046735.2,7714.4824
115304.5,21302.82,3179416.0,15474.9795
154981.39,50967.21,4273470.0,8693.361
262143.0,91124.67,7228353.5,8224.292
262143.0,103708.35,7228353.5,7226.258
262143.0,97217.28,7228353.5,7708.8115
71597.6,34753.89,1974238.4,5889.3896
262143.0,117312.54,7228353.5,6388.1465
80285.34,23145.48,2213795.0,9916.885
158485.94,64080.72,4370104.5,7070.5127
58839.547,26456.7,1622446.6,6357.909
108371.34,93554.58,2988240.8,3311.0615
142.59999,14817.84,3932.0642,26.51589
211650.94,71202.54,5836081.0,8498.115
147801.8,40788.21,4075499.2,10359.817
159.65,24874.17,4402.2026,17.351404
387.5,43013.67,10684.958,24.75812
478.94998,48956.64,13206.607,26.972258
45607.2,32308.32,1257576.8,4035.1562
108.5,21312.39,2991.7883,13.556151
262143.0,115596.9,7228353.5,6482.971
198869.64,117300.36,5483648.5,4846.504
117668.25,28955.34,3244594.2,11618.29
32495.748,27956.58,896040.5,3322.4678
133582.1,50454.78,3683404.0,7568.983
161337.94,48488.582,4448746.0,9512.625
292.94998,30313.41,8077.8276,26.631706
176.7,13429.32,4872.341,36.6211
2718.7,15320.7,74965.664,506.37802
24511.7,17183.37,675887.7,4077.628
106229.25,81838.29,2929174.5,3710.39
222239.0,84360.42,6128037.0,7531.35
124.0,20209.23,3419.1865,16.543688
69756.195,30459.57,1923463.2,6546.9897
61882.2,38996.88,1706345.0,4536.1685
262143.0,123624.39,7228353.5,6061.9375
265.05,31241.7,7308.5107,23.25728
1360.8999,30240.33,37525.57,127.673355
182738.8,45393.992,5038855.0,11509.16
1545.35,19464.51,42611.613,226.00342
265.05,39851.22,7308.5107,18.0167
262143.0,114554.64,7228353.5,6541.965
229057.44,63825.81,6316049.5,10260.175
2170.0,115102.74,59835.766,52.904255
132120.45,50920.23,3643100.8,7417.715
60746.047,30806.7,1675016.6,5636.958
262143.0,123746.19,7228353.5,6055.97
92917.84,34233.63,2562124.5,7759.598
1114.45,15383.34,30729.938,206.13759
262143.0,98745.87,7228353.5,7589.464
204361.3,41653.86,5635076.0,14026.892
109013.05,22231.11,3005935.0,14019.591
40048.9,25722.42,1104311.8,4450.719
79.049995,4235.16,2179.7312,52.368004
243790.19,27598.14,6722291.5,25256.21
254420.1,43520.01,7015401.5,16714.193
93964.09,37204.68,2590974.0,7220.266
229.4,22093.65,6325.495,28.68759
373.55,32934.72,10300.299,31.42976
143306.8,61475.07,3951553.8,6664.2544
262143.0,103071.51,7228353.5,7270.912
32852.25,37787.582,905870.75,2484.7932
262143.0,116279.85,7228353.5,6444.8887
8557.55,77785.83,235966.61,313.55597
52980.547,38159.94,1460890.1,3968.7004
98229.695,29138.041,2708594.0,9637.988
5479.25,30350.82,151085.31,515.1783
81190.55,26914.32,2238755.0,8624.236
204914.64,76790.55,5650334.0,7628.8193
52.699997,4476.15,1453.1542,32.663166
919.14996,33769.92,25344.719,76.822525
17228.25,19490.61,475053.22,2526.3462
53005.348,38089.47,1461574.0,3977.9067
67009.6,39951.27,1847728.5,4794.7383
76080.195,49321.17,2097841.8,4409.494
106869.4,34892.22,2946826.0,8756.372
224963.89,64601.85,6203173.5,9955.732
73694.75,45206.07,2032065.4,4660.104
102208.55,36901.05,2818307.2,7918.495
2938.7998,17354.76,81034.72,483.17282
237.15,11785.89,6539.1943,56.532036
21834.85,43659.21,602076.0,1428.9581
15842.55,10539.18,436843.8,4297.0083
131.75,22512.121,3632.8857,15.733362
110835.84,46406.67,3056197.0,6827.869
150726.64,32678.07,4156149.2,13187.111
180914.44,73977.84,4988550.0,6991.308
211210.75,53854.742,5823943.0,11212.496
68554.945,49918.86,1890339.9,3925.6584
330.15,37160.31,9103.584,24.402765
113449.15,78373.08,3128256.5,4137.885
209.25,16452.57,5769.8774,35.364758
74083.8,33749.04,2042792.9,6275.403
46706.15,34312.8,1287879.4,3890.947
25559.5,33983.07,704779.8,2149.4966
226791.34,99671.55,6253564.0,6504.8535
262143.0,89014.05,7228353.5,8419.322
262143.0,35294.16,7228353.5,21235.572
370.44998,16053.24,10214.819,64.980545
66.65,5683.71,1837.8129,32.528744
416.94998,18451.83,11497.015,63.609077
144198.05,62285.04,3976129.2,6618.4917
83154.4,40270.56,2292906.5,5903.003
96715.34,44674.5,2666837.2,6188.915
528.55,17539.2,14574.282,85.163895
159.65,19171.32,4402.2026,22.810356
110767.65,49990.2,3054316.5,6334.444
63470.95,28380.27,1750153.4,6393.5127
222518.0,39477.99,6135730.5,16115.069
142.59999,19750.74,3932.0642,19.643585
233970.94,59508.87,6451534.5,11240.628
671.14996,58423.98,18506.346,31.845615
620.0,23293.38,17095.934,75.10412
262143.0,66590.67,7228353.5,11254.735
93100.75,63863.22,2567168.0,4167.227
3365.0498,9175.0205,92788.17,1047.657
138170.1,41487.69,3809914.0,9521.342
29.449999,3736.65,812.05676,21.534704
232120.25,95973.18,6400503.5,6914.318
74.399994,4021.1401,2051.5117,51.902073
57.35,4772.82,1581.3738,33.35638
153259.34,71024.19,4225986.0,6168.78
262143.0,128869.62,7228353.5,5815.165
240.25,33743.82,6624.674,19.357204
80105.55,32681.55,2208837.2,7007.2393
141012.8,74238.84,3888299.0,5429.9565
47939.95,42782.25,1321900.2,3202.9294
262143.0,55640.85,7228353.5,13469.803
119.35,6177.87,3290.967,54.237324
244.9,25532.76,6752.893,26.42458
155.0,17334.75,4273.9834,24.566021
122814.25,23411.7,3386490.5,14998.086
102850.25,19974.33,2836001.5,14721.52
49175.297,37301.25,1355963.9,3768.4033
220.09999,25283.07,6069.0557,23.89082
180178.19,112922.52,4968248.5,4561.161
64146.746,44885.04,1768787.9,4085.2227
252654.64,27838.26,6966720.5,25948.809
69867.8,31119.9,1926540.6,6418.3027
244.9,30420.42,6752.893,22.018263
108403.9,72585.84,2989138.2,4269.138
135369.25,47575.95,3732683.2,8134.4497
88841.34,48146.67,2449718.8,5274.9155
169199.55,43760.13,4665522.5,11054.275
90743.195,14412.42,2502160.5,18001.223
174548.6,88338.06,4813018.0,5648.597
53318.45,18096.0,1470207.5,8423.496
48.05,3126.78,1324.9348,42.93848
134660.89,40106.13,3713151.0,9599.188
96.1,9191.55,2649.8696,28.893974
76129.8,38909.01,2099209.5,5593.3994
127392.945,49837.95,3512744.0,7307.6
788.94995,33329.7,21754.572,66.681046
254.2,28014.0,7009.3325,24.944746
263.5,30360.39,7265.7715,23.815456
95154.5,56964.992,2623798.2,4775.0654
192.2,36741.84,5299.7393,13.956896
6809.15,49871.88,187756.08,389.37875
229023.34,43986.332,6315109.0,14886.131
3166.65,11387.43,87317.48,794.1029
68317.8,42215.88,1883800.8,4626.08
93508.4,54655.14,2578408.5,4890.799
54197.297,22873.17,1494440.9,6773.859
262143.0,46081.29,7228353.5,16264.32
189.09999,25873.8,5214.2593,19.896824
128043.945,46098.69,3530694.8,7940.809
288.3,26982.18,7949.6084,29.550377
36280.848,44454.39,1000411.2,2332.5212
1077.25,21548.16,29704.184,141.9405
27349.75,10905.45,754144.3,7169.654
184.45,20204.01,5086.04,25.10298
30536.549,50564.4,842017.4,1725.7286
144154.64,58350.03,3974932.2,7062.769
150421.3,64489.62,4147729.8,6668.1196
1763.8999,22560.84,48637.926,222.54639
37282.15,31343.49,1028021.1,3399.9683
262143.0,147204.0,7228353.5,5090.757
141144.55,42891.0,3891931.8,9408.075
262143.0,90366.9,7228353.5,8293.265
1229.1499,113033.01,33892.684,30.091991
109916.695,81494.64,3030852.2,3855.4133
90769.55,37389.12,2502887.2,6940.349
412.3,16866.69,11368.795,68.8928
172274.75,65405.73,4750318.5,7530.0376
70821.05,58052.492,1952825.6,3487.1123
191702.44,55020.54,5286019.5,9961.121
51134.5,26781.21,1409987.0,5458.247
248.0,27504.18,6838.373,24.78113
222443.6,90602.67,6133678.5,7018.8506
154490.05,60948.72,4259921.5,7246.445
379.75,18994.71,10471.259,56.162876
67304.1,25376.16,1855849.0,7582.411
122271.75,30243.81,3371531.8,11558.488
262143.0,68509.89,7228353.5,10939.42
48521.2,25907.73,1337927.6,5353.8975
210353.6,66857.76,5800308.0,8994.952
11435.899,20291.88,315334.47,1610.3765
175.15,9534.33,4829.601,51.52535
223858.75,76814.914,6172700.5,8331.543
54158.547,38848.98,1493372.4,3984.9915
204.59999,22059.72,5641.6577,25.518847
126802.4,108176.67,3496460.2,3350.528
314.65,35295.9,8676.186,24.48898
75.95,6151.77,2094.2517,34.30016
121011.59,47455.02,3336784.0,7290.1123
262143.0,184747.98,7228353.5,4056.024
49.6,5345.2803,1367.6746,25.5314
126667.55,37824.12,3492741.8,9574.148
133.3,15742.65,3675.6257,23.210363
151.9,16399.5,4188.5034,25.483545
434.0,16162.86,11967.153,75.77512
77797.59,47973.54,2145197.5,4635.747
395.25,31701.06,10898.657,34.64898
8056.9,29834.041,222161.64,771.1557
86937.945,52153.89,2397234.2,4765.1934
170926.25,86613.72,4713135.0,5641.4937
91042.34,52932.54,2510409.2,4916.7866
236785.75,57780.18,6529150.5,11716.249
262143.0,95483.37,7228353.5,7848.8174
258.85,30817.14,7137.5522,23.016232
119354.65,10145.94,3291095.2,33634.355
1077.25,13480.65,29704.184,227.4834
44714.4,33539.37,1232958.6,3810.9
84326.195,43202.46,2325217.8,5579.8843
184.45,4066.3801,5086.04,128.69394
91202.0,70038.48,2514811.8,3722.2026
29908.799,52179.992,824707.75,1637.8678
162756.19,51226.47,4487853.0,9083.3125
392.15,60183.992,10813.178,17.630316
102.299995,23911.95,2820.8289,11.232343
57949.848,77013.27,1597914.0,2150.472
205308.34,45631.5,5661190.0,12863.439
119.35,6266.61,3290.967,53.455124
277.44998,23421.27,7650.4297,32.870632
42970.65,23541.33,1184876.4,5218.0317
147854.5,38746.32,4076952.5,10909.712
134.84999,16117.62,3718.3652,22.922085
178.25,18280.44,4915.0806,26.879944
200455.3,72971.25,5527371.5,7853.4316
82134.5,47649.03,2264783.8,4927.5654
7564.0,10389.54,208570.38,2080.633
262143.0,73085.22,7228353.5,10254.5205
223241.84,61649.07,6155689.5,10352.76
67318.05,46044.75,1856233.5,4179.2314
244904.64,57306.03,6753021.5,12218.282
65591.35,16591.77,1808621.5,11302.237
107906.34,105694.56,2975418.8,2918.0623
36271.55,22524.3,1000154.8,4603.302
36804.75,16839.72,1014857.3,6248.1074
220.09999,21891.81,6069.0557,27.746655
44446.25,36042.36,1225564.6,3524.9072
89810.09,72844.23,2476431.2,3524.1616
0.0,12663.72,0.0,-1.0
130542.55,19088.67,3599591.2,19552.54
224839.89,60006.51,6199754.5,10712.318
131119.14,62709.6,3615490.2,5977.3457
22716.799,8089.2603,626394.94,8028.478
254.2,18731.97,7009.3325,37.800835
205936.1,92888.164,5678499.5,6338.005
213.9,20168.34,5898.0967,29.324219
262143.0,117454.35,7228353.5,6380.432
92555.15,42872.73,2552123.5,6171.604
99634.0,67627.71,2747316.5,4211.422
55454.348,34646.01,1529102.9,4575.4775
255.74998,31708.89,7052.072,22.061287
120576.05,73873.44,3324774.2,4665.827
33517.2,77681.43,924206.1,1232.6715
262143.0,91903.32,7228353.5,8154.6025
223076.0,67979.19,6151116.5,9381.657
202002.19,64739.31,5570025.5,8920.482
160655.94,51222.992,4429940.5,8966.694
68978.1,46771.2,1902008.0,4215.7876
116913.4,33715.11,3223780.0,9913.908
88.35,16492.59,2436.1704,14.316752
1875.5,13824.3,51715.195,386.9028
1557.75,11948.58,42953.53,371.761
65.1,5549.73,1795.0729,32.53962
41879.45,10112.88,1154787.5,11839.638
111.6,15236.311,3077.2678,19.942734
262143.0,104243.4,7228353.5,7189.1626
133424.0,30666.63,3679044.8,12438.9
262143.0,149994.95,7228353.5,4996.0146
119.35,26749.89,3290.967,11.757025
147741.34,29482.56,4073832.5,14327.009
34.1,4634.49,940.27625,20.037851
127293.74,59940.39,3510008.5,6071.066
262143.0,110744.914,7228353.5,6767.0483
129982.99,39281.37,3584162.0,9460.258
206.15,16161.12,5684.3975,35.472107
17.05,12986.49,470.13812,2.75389
674.25,71908.98,18591.826,25.809385
227592.69,70810.17,6275660.0,9188.918
423.15,8737.41,11667.974,137.47157
262143.0,54906.57,7228353.5,13649.952
262143.0,85351.35,7228353.5,8780.665
168905.05,37908.51,4657402.0,12738.572
159670.14,29231.13,4402758.0,15617.06
192065.14,63892.8,5296020.5,8593.995
262143.0,52560.18,7228353.5,14259.358
120.899994,22238.94,3333.7068,14.543944
465.0,40467.18,12821.949,31.854813
262143.0,95201.49,7228353.5,7872.059
49166.0,43003.23,1355707.5,3267.9841
2906.25,10588.7705,80137.19,783.7592
120169.945,75377.67,3313576.2,4557.292
227250.14,74616.42,6266214.5,8707.006
260.4,22423.38,7180.2915,32.20388
144594.84,49980.63,3987070.5,8270.801
221.65,29267.67,6111.796,20.653524
-10.849999,4336.95,-299.1788,-8.153099
148121.1,55094.492,4084303.8,7686.015
227366.39,51824.16,6269420.0,12543.2
305.34998,25729.38,8419.746,32.932632
98121.195,81437.22,2705602.2,3443.9976
79718.05,52359.21,2198152.2,4352.2397
257444.14,82591.71,7098786.5,8911.417
155269.69,81922.68,4281419.5,5418.1543
12192.3,4559.67,336191.5,7644.4175
76103.445,37388.25,2098483.0,5818.936
262143.0,131137.7,7228353.5,5714.572
199316.05,62279.82,5495957.5,9149.48
262143.0,71697.57,7228353.5,10453.008
170.5,14629.05,4701.3813,32.32401
285.19998,34333.68,7864.1284,22.750793
79158.5,42922.32,2182723.2,5272.068
262143.0,116625.24,7228353.5,6425.799
182.9,24355.65,5043.3,20.471527
74.399994,5347.02,2051.5117,38.78415
144988.55,30190.74,3997926.5,13730.213
271.25,18353.52,7479.4707,41.25707
47949.25,67442.4,1322156.8,2031.8148
90468.84,29036.25,2494595.5,8907.56
259384.73,50660.1,7152297.0,14638.538
94054.0,46593.72,2593453.0,5770.6353
41493.5,36502.59,1144145.2,3249.1646
62970.297,28133.19,1736348.4,6398.791
1010.6,22171.95,27866.37,129.324
12.4,5171.28,341.91864,5.856029
87933.05,35549.94,2424673.2,7071.325
7.75,3516.54,213.69916,5.301372
29941.35,62336.37,825605.3,1372.3425
83.7,9945.84,2307.951,23.06207
53736.95,25426.621,1481747.2,6041.7324
96380.55,36489.54,2657605.5,7551.14
53910.547,29614.8,1486534.0,5203.9185
116197.3,79410.12,3204034.2,4182.783
262143.0,211582.27,7228353.5,3541.4846
94835.195,49998.03,2614993.8,5422.3247
216713.25,70397.79,5975669.5,8800.88
184986.3,23926.74,5100828.0,22104.738
173710.05,64486.14,4789895.5,7701.0713
46710.797,49555.2,1288007.5,2694.1133
186793.6,67513.74,5150662.5,7909.771
40971.15,28066.2,1129742.0,4172.9146
130.2,23631.81,3590.1458,14.752989
162343.89,64585.32,4476484.5,7186.0576
133.3,20866.95,3675.6257,17.265022
8596.3,21616.02,237035.11,1136.0638
51797.9,32023.83,1428279.6,4623.7456
122012.9,25263.06,3364394.0,13808.207
169577.75,53917.38,4675951.5,8991.68
67894.65,43198.98,1872132.9,4492.7725
85.25,4072.47,2350.6907,58.852936
94935.945,44187.3,2617771.8,6142.0234
6675.8496,24535.74,184080.45,776.95844
148.79999,24250.38,4103.0234,16.54419
112029.34,52017.3,3089106.8,6156.9053
186434.0,42917.97,5140747.0,12419.382
165.84999,21079.23,4573.1616,21.496227
78566.4,30523.95,2166396.5,7358.446
187015.25,57488.73,5156774.5,9300.292
238.7,31661.041,6581.934,20.5564
262143.0,65972.97,7228353.5,11360.122
32198.148,30143.76,887834.5,3053.0945
105680.55,48406.8,2914044.5,6241.2
49032.7,68220.18,1352031.9,2054.0479
147.25,16664.85,4060.284,24.264044
144495.64,65794.62,3984335.0,6278.331
55903.848,41212.77,1541497.5,3877.4565
165.84999,17782.8,4573.1616,25.666391
198530.19,66011.25,5474288.5,8598.19
81531.55,28613.43,2248157.8,8146.1323
65.1,16028.88,1795.0729,10.612529
77104.75,35159.31,2126093.0,6269.3213
134943.0,60531.992,3720929.8,6373.034
23.25,4385.67,641.0975,14.157793
262143.0,137257.3,7228353.5,5459.744
91801.84,61314.992,2531351.8,4279.886
182267.6,74061.36,5025862.0,7035.663
96661.09,31862.88,2665341.2,8672.925
106537.695,50185.95,2937679.5,6068.7407
90626.945,31394.82,2498955.0,8252.693
159412.84,38171.25,4395663.5,11939.869
137038.6,108402.87,3778713.8,3613.5242
114.7,5053.83,3162.7476,63.89209
262143.0,113378.4,7228353.5,6609.844
28210.0,15083.19,777864.94,5346.599
33517.2,25491.871,924206.1,3758.3696
203.04999,29225.91,5598.9175,18.864786
23287.2,11140.35,642123.2,5975.782
443.3,47109.63,12223.592,25.90525
27783.75,23783.19,766111.5,3339.1792
73823.4,34275.39,2035612.6,6157.297
158110.84,69700.05,4359762.0,6485.01
3228.65,13053.48,89027.07,706.2023
193550.05,66500.19,5336965.5,8320.841
261119.19,104657.52,7200122.5,7132.7407
41220.7,18557.97,1136623.1,6349.8794
4597.3,44132.492,126766.336,296.8471
162776.34,62449.47,4488409.0,7451.664
98381.59,36495.63,2712782.5,7706.6504
161494.5,32995.62,4453063.0,13993.275
183526.19,44817.18,5060566.5,11707.533
38280.348,48350.25,1055545.6,2262.738
40371.297,24492.24,1113201.6,4711.9536
10902.699,21042.69,300631.97,1480.4323
85.25,18553.62,2350.6907,12.137561
314.65,39310.082,8676.186,21.88615
166811.0,42827.492,4599660.5,11135.559
175348.39,31350.45,4835071.5,15991.156
195955.64,35266.32,5403297.5,15886.172
133661.14,40226.19,3685583.8,9499.473
195.29999,29057.13,5385.2188,18.217571
65871.9,29514.75,1816357.4,6380.313
95297.09,13513.71,2627730.2,20161.951
119007.445,22622.61,3281521.5,15040.129
262143.0,74769.54,7228353.5,10023.496
153043.89,42448.17,4220045.5,10307.751
44.949997,7311.48,1239.4551,16.57816
1374.85,13544.16,37910.23,289.23663
65726.195,34552.05,1812339.8,5437.932
204.59999,31125.121,5641.6577,17.795053
75.95,3840.18,2094.2517,55.549034
35233.05,21843.09,971519.1,4610.956
39151.45,46994.79,1079565.4,2381.0295
243.34999,22934.07,6710.1533,29.338854
142.59999,18847.68,3932.0642,20.632692
52.699997,5363.55,1453.1542,27.093592
109735.34,45714.15,3025851.8,6862.4883
483.59998,46181.34,13334.827,28.941168
536.3,52168.68,14787.981,28.393202
262143.0,61422.0,7228353.5,12201.907
300.69998,34070.07,8291.527,24.235353
89707.8,62503.41,2473610.5,4102.6987
57563.9,20833.02,1587271.9,7899.3623
196.84999,20890.44,5427.9585,25.942434
146678.05,48622.56,4044513.0,8624.342
61745.797,41240.61,1702583.9,4279.8633
63573.246,42897.09,1752974.1,4236.362
29773.95,17964.63,820989.44,4737.7866
102.299995,3589.62,2820.8289,80.48471
179629.5,64920.27,4953119.0,7910.2725
262143.0,115706.52,7228353.5,6476.828
623.1,41728.68,17181.412,41.694515
39962.098,39682.44,1101918.2,2878.3792
262143.0,68520.33,7228353.5,10937.753
248.0,24060.72,6838.373,28.470808
50406.0,16672.68,1389899.4,8643.22
83493.84,32310.93,2302266.2,7387.4604
101937.3,58758.93,2810827.8,4959.303
69271.05,34140.54,1910085.8,5800.367
148676.0,24325.2,4099604.8,17474.656
46492.25,27884.371,1281981.2,4766.2583
46501.547,31786.32,1282237.6,4181.887
262143.0,122979.72,7228353.5,6093.72
262143.0,125193.87,7228353.5,5985.9307
164.29999,24355.65,4530.422,18.287981
26.349998,13915.65,726.5771,4.414098
43.399998,5512.32,1196.7152,21.511492
166307.25,34736.49,4585770.5,13688.08
232930.89,59249.61,6422856.0,11239.628
262143.0,185473.56,7228353.5,4040.1526
170800.69,40924.8,4709672.5,11932.064
148.79999,19114.77,4103.0234,21.25783
21518.648,17150.31,593357.06,3586.501
215.45,19119.99,5940.8364,31.218685
128842.195,48247.59,3552705.8,7634.395
158103.1,77160.3,4359548.0,5857.6216
104183.25,27960.93,2872757.8,10652.572
57509.65,33796.89,1585776.0,4864.3374
576.6,48631.26,15899.217,32.900654
103532.25,44636.22,2854807.0,6630.8887
3193.0,21196.68,88044.055,429.7052
50621.45,38153.85,1395840.1,3792.5444
53479.65,26631.57,1474652.4,5740.7036
76255.34,44525.73,2102671.2,4895.7534
262143.0,105035.1,7228353.5,7134.967
1990.2,23493.48,54877.94,241.21349
17987.75,24373.05,495995.75,2109.1626
117232.695,31783.71,3232584.2,10545.13
262143.0,99974.31,7228353.5,7496.196
125788.695,51120.332,3468508.2,7034.5317
29939.799,26937.81,825562.56,3176.866
250679.94,76371.21,6912270.0,9384.1
234.04999,17509.62,6453.7144,37.219143
2173.0999,26484.541,59921.242,233.60445
162.75,18459.66,4487.682,24.208456
163100.3,59457.54,4497341.5,7842.2637
134.84999,19708.11,3718.3652,18.563879
124714.55,41793.93,3438889.5,8531.04
150311.25,53344.92,4144695.2,8055.518
48989.297,45349.62,1350835.0,3087.7056
2444.3499,40871.73,67400.71,169.99733
168215.3,82557.78,4638383.0,5824.812
113475.5,33382.77,3128983.0,9718.159
170537.19,37665.78,4702407.0,12944.568
110962.945,64938.54,3059701.8,4884.674
234.04999,25857.27,6453.7144,24.880636
240883.94,51450.93,6642154.0,13385.393
262143.0,128141.43,7228353.5,5848.2163
20.15,4060.29,555.6178,13.189495
113108.15,43823.64,3118853.8,7378.628
223.2,41173.62,6154.5356,14.49973
211661.8,64888.082,5836380.5,9325.668
60.449997,17842.83,1666.8534,8.686827
83024.195,82341.15,2289316.2,2881.9478
8410.3,31403.52,231906.33,764.74146
195465.84,45716.76,5389792.0,12223.875
79873.05,40116.57,2202426.2,5691.794
243.34999,27822.6,6710.1533,24.008211
158211.6,51555.332,4362540.0,8773.325
361.15,52394.01,9958.381,18.708563
180906.69,84843.27,4988336.5,6095.579
262143.0,185321.31,7228353.5,4043.4724
11883.85,23762.31,327686.28,1428.9388
119534.445,36066.72,3296053.0,9475.227
336.34998,18966.0,9274.543,49.70662
623.1,28348.95,17181.412,61.84486
193542.3,21968.371,5336752.0,25188.936
144137.6,31251.27,3974462.2,13186.383
4929.0,85689.78,135912.67,163.46701
146829.95,64101.6,4048701.8,6548.2983
121831.55,47172.27,3359393.5,7383.515
30638.85,59508.87,844838.25,1471.1082
61443.547,30751.89,1694249.6,5711.8584
44204.45,17999.43,1218897.2,7020.926
261095.94,82698.72,7199481.5,9026.143
80799.945,53934.78,2227984.5,4282.425
192.2,36727.05,5299.7393,13.962918
69252.445,10927.2,1909572.9,18119.71
41871.7,54957.03,1154573.8,2177.4436
54916.5,18872.91,1514272.2,8318.802
21.699999,4176.0,598.3576,13.857585
262143.0,117763.2,7228353.5,6363.696
26143.85,23600.49,720892.75,3166.3606
141.05,24475.71,3889.3247,15.477327
148953.45,47669.04,4107255.2,8933.3545
186503.75,32201.31,5142670.5,16559.104
3349.5498,31874.19,92360.77,299.46667
78580.34,45637.59,2166781.0,4922.1177
262143.0,153709.86,7228353.5,4875.245
165.84999,20374.53,4573.1616,22.274311
193.75,27533.76,5342.479,19.11987
44198.25,18118.62,1218726.4,6973.7554
175.15,28319.371,4829.601,16.683796
153831.3,50117.22,4241757.5,8775.204
75312.945,31032.9,2076685.6,6937.99
241.79999,24073.77,6667.4136,27.718462
193426.05,51485.73,5333546.5,10740.801
84891.945,48923.582,2340817.8,4960.32
94145.445,35482.082,2595974.5,7585.461
156.54999,22585.2,4316.7227,18.818834
72626.8,31777.621,2002617.5,6533.6826
51408.848,37604.01,1417552.0,3907.8835
175.15,16841.46,4829.601,28.735783
44529.95,32919.06,1227872.6,3866.7087
218.54999,25805.94,6026.316,23.214756
262143.0,111393.93,7228353.5,6727.616
56097.598,39417.09,1546840.0,4068.197
36499.4,42094.95,1006437.5,2478.161
146236.3,44725.832,4032332.0,9347.582
43.399998,4196.0103,1196.7152,28.573462
155823.05,53714.67,4296678.0,8293.453
61827.95,15858.36,1704849.1,11146.45
186274.34,70466.52,5136344.5,7557.214
310.0,26963.041,8547.967,31.873188
161.2,19334.88,4444.9424,22.838148
94.549995,9122.82,2607.1296,28.633394
6376.6997,21033.12,175831.66,865.8446
793.6,29052.78,21882.793,77.10214
1706.5499,10159.86,47056.555,479.26425
262143.0,44177.73,7228353.5,16965.172
207.7,19597.62,5727.137,29.30276
319.3,22305.93,8804.405,39.928665
158.09999,19871.67,4359.4624,21.748169
19804.35,23991.121,546086.8,2359.2554
10.849999,5634.99,299.1788,4.5053573
89.899994,22428.6,2478.9102,10.460578
240.25,29198.07,6624.674,22.52655
316.19998,43764.48,8718.925,19.658037
40544.9,30427.38,1117988.5,3808.962
334.8,29180.67,9231.804,31.804935
79640.55,42023.61,2196015.2,5417.635
2751.25,20015.22,75863.2,392.02362
373.55,30186.39,10300.299,34.382336
209933.55,72368.34,5788725.5,8293.347
262143.0,73905.63,7228353.5,10140.676
409.19998,44700.6,11283.315,25.174068
56114.65,26046.93,1547310.1,6158.8296
149785.8,56932.8,4130206.2,7521.4116
109803.55,46187.43,3027732.2,6796.3804
320.84998,20775.6,8847.145,43.156784
624.64996,15201.51,17224.15,116.48947
193.75,11684.1,5342.479,46.412785
111395.4,52352.25,3071626.2,6082.884
139.5,19346.19,3846.585,19.61711
72347.8,34397.19,1994924.4,6012.8325
289.85,28717.83,7992.3486,27.858297
108926.25,28510.77,3003541.8,10922.771
21717.049,28656.06,598827.75,2165.8723
63226.047,39980.85,1743400.4,4520.609
215.45,14919.63,5940.8364,40.28929
762.6,59268.75,21027.996,35.78917
189379.0,93700.74,5221952.5,5777.8013
63.55,4553.58,1752.3331,38.903553
192.2,22502.55,5299.7393,23.421404
4922.8,22755.72,135741.7,617.544
112466.445,47920.47,3101159.2,6709.439
215804.94,53559.81,5950623.5,11519.5
224968.55,83617.44,6203302.0,7691.6147
65.1,4396.11,1795.0729,41.34103
23673.148,20910.45,652765.44,3235.9922
126714.05,56737.92,3494024.0,6384.5796
177289.0,51565.77,4888582.0,9829.356
206.15,25290.9,5684.3975,22.306015
57.35,11906.82,1581.3738,12.771671
1528.2999,18196.92,42141.473,239.13734
262143.0,132521.88,7228353.5,5654.8735
262143.0,55541.67,7228353.5,13493.857
255726.73,54418.5,7051431.0,13435.265
247197.1,112778.1,6816233.5,6266.1133
74356.6,82365.51,2050315.2,2580.209
35809.65,16585.68,987418.3,6172.2773
262143.0,110665.74,7228353.5,6771.8906
1398.1,31507.92,38551.33,125.87249
61009.547,32282.22,1682282.5,5402.6025
206.15,28971.0,5684.3975,19.345522
106481.9,35934.48,2936141.0,8471.536
136958.0,66628.95,3776491.5,5876.2397
144506.5,46147.41,3984634.5,8952.422
51148.45,35562.12,1410371.8,4111.3857
35.649998,6681.6,983.01605,14.255554
59360.348,42591.72,1636807.2,3983.9258
91859.195,81304.11,2532933.2,3229.4211
272.8,32298.75,7522.21,23.14947
42607.95,28145.371,1174875.2,4327.4526
159.65,10292.97,4402.2026,43.348324
147981.6,39618.93,4080457.0,10678.574
229232.6,89016.664,6320879.0,7361.9873
368.9,14890.92,10172.08,69.833084
43404.65,29724.42,1196843.5,4174.148
99305.4,45213.03,2738255.5,6278.9795
77335.695,72960.81,2132461.0,3029.6746
262143.0,168229.3,7228353.5,4454.389
82021.34,32489.28,2261663.5,7217.3145
857.14996,70166.37,23635.127,33.928253
178.25,12204.36,4915.0806,40.76029
202025.44,51317.82,5570666.5,11255.071
191099.5,63349.05,5269394.0,8624.186
272.8,33945.66,7522.21,21.977833
128205.15,42386.4,3535139.8,8647.244
283.65,32046.45,7821.389,24.307652
78566.4,25133.43,2166396.5,8936.871
162015.3,69713.1,4467423.5,6643.933
262143.0,113340.12,7228353.5,6612.077
155193.75,28728.27,4279325.5,15444.918
154645.05,110581.35,4264195.5,3997.5552
1815.0499,19869.06,50048.34,260.19223
156354.69,54986.61,4311337.5,8129.2324
217.0,20422.38,5983.5767,29.38102
117939.5,52134.75,3252073.8,6467.163
145428.75,17477.43,4010064.8,23790.492
98908.59,46720.742,2727314.0,6052.0366
221.65,28684.77,6111.796,21.093542
215.45,21955.32,5940.8364,27.057936
189.09999,21694.32,5214.2593,23.922663
443.3,17787.15,12223.592,70.2591
148.79999,13285.7705,4103.0234,31.023232
21.699999,17479.17,598.3576,2.5496693
84205.3,39625.02,2321884.0,6075.016
156.54999,19257.45,4316.7227,22.243593
225731.14,88467.69,6224329.5,7294.5117
513.05,62941.89,14146.884,22.30606
136.4,4593.6,3761.105,83.90048
22921.398,7919.61,632036.6,8274.35
193.75,60081.332,5342.479,8.220429
113830.445,51746.73,3138770.5,6288.6216
182.9,20827.8,5043.3,24.108412
193850.75,46286.61,5345257.0,11973.603
100328.4,48133.62,2766463.8,5958.699
135967.55,39259.62,3749180.8,9901.348
118953.195,52094.73,3280025.5,6527.769
229.4,11431.8,6325.495,56.375675
57601.098,27024.81,1588297.6,6093.2056
94.549995,10599.21,2607.1296,24.505686
114163.695,51290.85,3147959.5,6363.1016
203079.44,94159.234,5599729.5,6165.6885
71269.0,35074.92,1965177.5,5808.69
148634.14,129483.84,4098450.5,3281.1013
184.45,21515.1,5086.04,23.512312
61429.598,23975.46,1693865.0,7324.879
79507.25,38488.8,2192339.8,5905.38
83300.09,42643.05,2296924.0,5584.297
316.19998,27436.32,8718.925,31.95224
38.75,5547.99,1068.4958,18.97032
15748.0,49312.47,434236.7,912.0986
39497.098,13069.14,1089096.4,8640.063
44156.4,36786.21,1217572.2,3431.0815
124.0,17992.47,3419.1865,18.705156
186105.39,33738.6,5131686.0,15770.785
55569.047,32512.77,1532265.6,4885.8384
30796.95,8485.98,849197.7,10375.59
33762.098,13805.16,930958.94,6991.5723
61750.45,51802.41,1702712.1,3407.3105
254.2,27245.791,7009.3325,25.676271
262143.0,84586.62,7228353.5,8860.059
91.45,8017.05,2521.65,31.615051
80131.9,30844.11,2209563.8,7427.176
262143.0,120337.53,7228353.5,6227.5386
16168.05,7903.08,445819.2,5848.3857
134.84999,18937.291,3718.3652,19.3602
84935.34,35806.59,2342014.5,6781.2607
59701.348,31970.76,1646210.0,5338.2485
88412.0,52842.93,2437880.0,4782.803
149023.2,52315.71,4109178.5,8143.6187
238.7,27318.0,6581.934,23.983456
116.25,16793.61,3205.4873,18.792374
491.34998,34726.05,13548.526,39.45615
186127.1,51664.95,5132284.5,10299.602
105307.0,32374.44,2903744.2,9299.451
145965.05,15331.14,4024852.8,27221.213
38241.598,43068.48,1054477.1,2537.7825
41.85,3403.44,1153.9755,34.158176
110.049995,26661.15,3034.5278,10.802123
73245.25,37350.84,2019670.8,5605.9683
988.89996,47030.46,27268.012,59.120438
138211.95,59178.27,3811068.2,6676.784
62.0,14926.59,1709.5933,10.87627
67705.55,33914.34,1866918.5,5707.0776
262143.0,101869.17,7228353.5,7356.7407
240.25,13879.11,6624.674,48.493793
214400.64,61860.48,5911901.5,9908.729
262143.0,104931.57,7228353.5,7142.007
234.04999,23299.47,6453.7144,27.721792
53798.95,18921.63,1483456.8,8128.507
120166.84,58214.31,3313490.8,5901.064
393.69998,50359.95,10855.917,21.352655
840.1,46980.0,23164.988,50.12896
767.25,61488.12,21156.217,34.67752
61538.098,39597.18,1696856.8,4442.537
148383.05,43930.65,4091526.8,9656.5205
63367.098,47240.13,1747289.8,3834.321
248.0,24239.94,6838.373,28.252913
150.34999,10412.16,4145.7637,40.286835
218.54999,25730.25,6026.316,23.285988
26974.648,15753.09,743801.25,4894.973
12448.05,25106.46,343243.6,1416.6362
311.55,29383.38,8590.706,29.316214
157221.14,108890.07,4335229.0,4127.3037
230497.39,72834.664,6355754.5,9047.506
198209.34,33507.18,5465441.5,16912.568
33924.848,24780.21,935446.6,3913.37
336.34998,21784.8,9274.543,43.14554
57.35,13081.32,1581.3738,11.535188
190.65,20025.66,5256.999,26.220676
262143.0,122631.72,7228353.5,6111.0156
610.69995,53585.91,16839.492,31.58564
29927.398,48098.82,825220.6,1778.031
103.85,3697.5,2863.5686,79.30587
1300.45,40528.95,35858.72,90.74392
93491.34,38777.64,2577938.2,6892.488
164.29999,11881.59,4530.422,38.53775
116474.75,94468.95,3211684.8,3524.2642
162.75,19685.49,4487.682,22.638708
247187.8,58402.23,6815977.5,12100.706
87385.9,29740.08,2409586.2,8400.334
161717.69,26642.88,4459217.5,17354.03
147804.89,40248.81,4075584.8,10498.891
164224.05,62057.97,4528328.0,7565.381
2994.5999,91319.55,82573.35,92.76139
43475.95,34409.37,1198809.5,3611.612
86.799995,15412.92,2393.4304,15.102146
85164.75,31586.22,2348340.0,7708.2334
1168.7,11504.88,32225.832,289.449
793.6,24501.81,21882.793,91.60884
111.6,18761.55,3077.2678,16.007656
125773.195,43473.03,3468080.8,8271.126
133650.3,63423.87,3685284.8,6024.1265
131258.64,66192.21,3619337.0,5668.83
88.35,3292.95,2436.1704,75.71326
42733.5,15874.89,1178337.1,7695.739
112285.09,55651.29,3096158.8,5767.938
2362.2,15649.561,65135.504,430.58218
441.75,39167.4,12180.853,31.247856
376.65,30023.7,10385.779,34.86929
146695.1,71512.26,4044983.0,5864.2173
176354.34,18762.42,4862809.5,26873.865
213.9,26066.07,5898.0967,22.463036
252.65,29718.33,6966.5923,23.3077
109078.15,44123.79,3007730.2,7067.283
135036.0,53257.92,3723494.2,7248.6055
260041.94,63430.832,7170418.5,11720.736
314.65,19573.26,8676.186,44.96355
72687.25,22808.791,2004284.4,9110.816
187.54999,10819.32,5171.5195,48.56397
248.0,25330.92,6838.373,26.993017
38415.2,34862.64,1059264.0,3149.5894
15.5,3904.56,427.39832,10.350332
1030.75,51876.36,28421.988,55.811054
122298.09,25709.371,3372258.0,13600.2
241.79999,26708.13,6667.4136,24.88581
183898.19,35067.96,5070824.5,14992.946
60818.9,37183.8,1677025.5,4675.638
64665.996,28003.56,1783105.8,6601.5503
390.59998,23161.14,10770.4375,47.219345
168770.19,52814.22,4653683.5,9135.795
262143.0,105041.19,7228353.5,7134.553
354.94998,25972.98,9787.421,38.074585
81331.59,18548.4,2242644.2,12536.236
15101.649,15376.38,416414.16,2807.1433
262143.0,103905.84,7228353.5,7212.521
262143.0,132757.66,7228353.5,5644.8286
112021.59,70348.2,3088893.0,4552.001
176.7,30088.95,4872.341,15.791075
262143.0,44838.06,7228353.5,16715.31
230537.69,60398.88,6356866.0,10912.449
258167.98,91785.0,7118746.0,8041.289
154734.94,27458.94,4266674.5,16111.155
218.54999,26691.6,6026.316,22.41128
70346.75,61341.96,1939747.2,3277.9543
22626.898,27938.31,623916.0,2314.655
262143.0,31606.23,7228353.5,23713.531
29843.7,26626.35,822912.7,3203.7195
492.9,13544.16,13591.267,103.05326
99107.0,23534.371,2732784.8,12039.671
157290.89,62232.84,4337152.5,7225.5825
62753.297,28786.56,1730364.8,6231.9805
99382.9,85632.36,2740392.5,3317.3542
341.0,40931.76,9402.763,22.820063
37165.9,24748.02,1024815.6,4292.912
74646.445,30782.34,2058307.5,6932.564
262143.0,123717.484,7228353.5,6057.3755
28465.75,16855.38,784917.0,4827.7314
52864.297,52574.97,1457684.6,2873.964
50344.0,40004.34,1388189.8,3597.2356
240056.25,82309.83,6619331.5,8337.93
165588.05,88114.47,4565939.0,5372.1724
262143.0,133920.84,7228353.5,5595.791
262143.0,34967.91,7228353.5,21433.709
110590.945,43135.47,3049444.2,7329.5073
87508.34,16857.12,2412962.5,14841.774
105697.59,51820.68,2914514.5,5830.9126
140991.1,55903.59,3887700.5,7210.091
36767.55,39632.85,1013831.56,2651.518
262143.0,85711.53,7228353.5,8743.763
262143.0,66665.49,7228353.5,11242.103
49798.4,20709.48,1373145.2,6874.3555
226042.69,87467.19,6232920.5,7388.147
99128.695,72936.45,2733383.0,3885.0085
167.4,30061.11,4615.902,14.922066
192795.19,67253.61,5316151.0,8195.522
183450.25,28668.24,5058473.0,18295.426
51667.7,27429.36,1424689.5,5384.827
44.949997,16031.49,1239.4551,7.0168695
389.05,27307.56,10727.697,39.73535
32243.1,37989.42,889074.0,2425.739
118544.0,40709.04,3268742.2,8325.024
116406.55,80026.95,3209804.0,4158.011
23437.549,38382.66,646269.0,1744.9271
68492.945,35978.85,1888630.2,5442.115
262143.0,86519.76,7228353.5,8662.073
139.5,37940.7,3846.585,9.512787
135347.55,48135.36,3732084.8,8038.614
258.85,29623.5,7137.5522,23.983934
173.59999,7083.54,4786.861,69.07261
262143.0,250077.16,7228353.5,2996.1829
213.9,18276.96,5898.0967,32.4623
86223.4,52146.06,2377531.2,4726.7295
96434.8,54536.82,2659101.2,5054.8354
137.95,26307.93,3803.845,13.992844
135893.14,58350.03,3747129.0,6657.9453
262143.0,34983.57,7228353.5,21424.113
53010.0,46762.5,1461702.2,3240.2244
159096.64,47093.1,4386944.5,9658.457
1333.0,46657.23,36756.254,80.688354
262143.0,33107.85,7228353.5,22637.95
79415.8,47632.5,2189818.0,4766.081
57055.5,37576.17,1573253.2,4340.442
149156.5,72460.56,4112854.0,5884.5825
94.549995,16530.0,2607.1296,15.354513
167.4,19196.55,4615.902,23.933384
262143.0,88069.234,7228353.5,8509.656
128366.34,33064.35,3539584.5,11099.439
1.55,3551.34,42.73983,0.2479248
192.2,22720.05,5299.7393,23.187616
201.5,21268.89,5556.178,26.08814
54.25,4182.09,1495.8942,36.089874
81294.4,35728.29,2241618.8,6504.751
73313.445,43140.69,2021551.2,4857.985
152616.1,70563.09,4208249.0,6183.0317
144801.0,65874.664,3992755.0,6283.954
119.35,4625.79,3290.967,72.770966
49310.15,28573.41,1359682.2,4933.274
92124.25,58190.82,2540242.0,4525.5625
252.65,10736.67,6966.5923,66.28197
1770.1,16593.51,48808.887,304.0061
195.29999,37341.27,5385.2188,13.954164
102785.15,54675.15,2834206.5,5374.1353
41.85,3324.27,1153.9755,34.995495
109037.84,33008.67,3006618.8,9443.918
73443.65,48116.22,2025141.4,4363.271
82439.84,36368.61,2273203.2,6480.26
45354.547,29563.47,1250610.1,4385.4624
262143.0,262143.0,7228353.5,2858.2292
66966.195,44690.16,1846531.6,4283.427
217.0,19295.73,5983.5767,31.154926
26.349998,3368.6401,726.5771,21.36531
162.75,30369.09,4487.682,14.322802
119.35,20358.0,3290.967,15.7624035
166902.44,83309.46,4602182.0,5727.189
139445.75,67741.68,3845089.0,5884.7026
251.09999,31336.53,6923.8525,21.91104
27.9,6582.42,769.31696,11.119022
103309.05,55764.39,2848652.5,5296.0054
262143.0,93683.34,7228353.5,7999.6426
262143.0,125808.09,7228353.5,5956.7007
262143.0,77927.64,7228353.5,9617.243
98953.55,49960.62,2728553.5,5662.0776
32168.7,20846.94,887022.44,4411.048
94655.4,88444.2,2610036.0,3059.0251
691.3,50148.54,19061.965,38.41461
115419.195,46130.88,3182578.8,7152.7754
212236.84,77213.37,5852237.0,7858.1807
162303.6,56388.18,4475373.0,8228.795
110479.34,42945.81,3046366.8,7354.4507
171079.69,61642.98,4717366.0,7934.3086
249.54999,17466.99,6881.113,39.849663
87998.15,44129.88,2426468.5,5700.509
49897.598,39386.64,1375880.6,3621.2607
262143.0,114763.44,7228353.5,6530.0605
230.95,17596.62,6368.235,36.52647
49009.45,29037.121,1351390.8,4824.866
75216.85,43514.79,2074035.9,4941.279
49235.75,25198.68,1357630.8,5585.654
170182.25,62667.84,4692620.0,7763.59
139484.5,47522.01,3846157.5,8391.283
260.4,22756.59,7180.2915,31.717701
297.59998,39012.54,8206.047,20.811104
155635.5,33424.53,4291506.5,13312.503
172.04999,8706.96,4744.121,55.498524
148533.39,60056.97,4095672.2,7070.469
2338.95,9891.9,64494.406,675.06775
161455.75,38217.36,4451994.5,12078.302
161.2,14593.38,4444.9424,30.583347
90661.05,29980.2,2499895.5,8645.398
61697.75,46169.16,1701259.0,3819.9058
36843.5,18252.6,1015925.8,5770.453
145780.6,55878.36,4019766.5,7458.42
359.59998,41109.24,9915.641,24.010895
190110.6,47906.55,5242125.5,11345.46
121347.945,53529.36,3346058.5,6480.7065
98203.34,48708.69,2707867.2,5763.5947
271.25,34258.86,7479.4707,21.638407
132593.2,62752.23,3656136.2,6040.4487
105640.25,48172.77,2912933.2,6269.1333
75023.1,11717.16,2068693.4,18306.188
3124.7998,13519.8,86163.5,659.84705
70455.25,49961.492,1942739.1,4031.06
95979.09,51426.57,2646535.8,5335.274
236392.05,42765.72,6518294.5,15803.694
262143.0,203268.55,7228353.5,3686.3733
20359.25,37683.18,561387.7,1543.7678
114394.65,41901.81,3154327.8,7804.8813
227138.55,79726.8,6263137.5,8144.833
122905.695,45731.55,3389012.0,7683.3135
142283.8,37233.39,3923345.5,10925.269
220754.1,44065.5,6087092.0,14322.826
60.449997,7506.36,1666.8534,22.025862
262143.0,138410.9,7228353.5,5414.2305
108913.84,92238.27,3003199.5,3375.1436
41.85,4062.9,1153.9755,28.451563
145.7,22268.52,4017.5442,17.707561
7449.3,20040.45,205407.62,1061.8134
191722.6,34491.15,5286575.0,15892.319
92463.695,42648.27,2549601.8,6197.9595
251.09999,17598.36,6923.8525,39.796555
222121.19,42567.36,6124788.5,14918.775
224869.34,53204.85,6200566.5,12083.481
262143.0,91719.75,7228353.5,8170.9253
93843.195,43912.38,2587640.2,6109.332
109572.59,51878.97,3021364.0,6037.9243
203922.64,47613.36,5622980.5,12244.757
51.149998,4065.51,1410.4144,34.973244
260.4,26253.99,7180.2915,27.359243
193858.5,79522.35,5345471.0,6969.19
88112.84,73185.27,2429631.0,3441.4253
60699.547,32696.34,1673734.5,5307.0537
120355.945,27188.371,3318705.0,12656.074
178.25,28525.56,4915.0806,16.8667
253776.84,33233.13,6997664.5,21832.822
41398.95,59842.95,1141538.1,1976.9955
147132.2,105185.61,4057036.0,3998.4512
173.59999,17605.32,4786.861,27.193874
18.599998,3306.0,512.8779,15.086407
234.04999,11129.04,6453.7144,59.131203
237114.34,100299.69,6538211.0,6758.3857
641.69995,49460.37,17694.29,36.095703
59306.098,47303.64,1635311.4,3583.708
99.2,18510.99,2735.349,14.322549
207191.6,56623.95,5713118.5,10461.15
81137.84,52875.992,2237301.8,4386.4673
63528.297,47401.082,1751734.6,3831.0215
90947.8,50304.27,2507802.2,5168.3545
120407.09,51615.36,3320115.5,6668.9424
153879.34,97212.93,4243082.0,4524.9033
259299.48,97057.2,7149946.0,7637.7603
100081.945,29735.73,2759668.0,9622.347
39673.797,11330.01,1093968.6,10011.038
51770.0,36720.09,1427510.4,4030.0989
262143.0,35382.9,7228353.5,21182.312
5014.25,30442.17,138263.36,469.955
136799.89,35641.29,3772131.8,10973.413
262143.0,67020.45,7228353.5,11182.556
187.54999,28210.621,5171.5195,18.008743
108.5,17504.4,2991.7883,16.722765
686.64996,15571.26,18933.744,125.08418
148.79999,28515.99,4103.0234,13.919814
77935.55,26351.43,2149001.5,8455.301
58948.047,90545.25,1625438.5,1860.4558
133.3,23259.45,3675.6257,15.386255
45610.297,30541.35,1257662.2,4268.959
325.5,23570.041,8975.364,38.48568
88.35,17509.62,2436.1704,13.4270935
226.29999,28381.14,6240.015,21.798363
111.6,10837.59,3077.2678,28.442892
172386.34,54120.09,4753395.5,9106.378
176204.0,45401.82,4858664.0,11095.64
5457.55,16469.1,150486.94,946.4948
153301.19,107737.32,4227140.0,4067.444
2540.45,13313.61,70050.586,544.58673
230.95,35979.72,6368.235,17.35309
58.899998,3193.77,1624.1135,51.730343
150.34999,19154.791,4145.7637,21.442696
57288.0,44157.72,1579664.2,3708.4204
112836.9,60818.22,3111374.2,5303.7686
29440.7,39096.06,811800.4,2152.0999
130277.49,47981.37,3592282.8,7762.2886
280.55,24479.19,7735.909,31.768929
65121.7,35891.85,1795671.2,5186.7476
128761.59,39380.55,3550483.2,9347.75
110.049995,10924.59,3034.5278,27.802742
82069.4,40956.99,2262988.5,5728.3086
7698.8496,23155.92,212288.73,949.63275
44.949997,3137.22,1239.4551,39.966957
596.75,25475.34,16454.836,65.97635
125323.695,54539.43,3455686.2,6569.094
124376.65,94818.69,3429572.2,3749.5408
139735.6,65122.11,3853081.2,6134.184
221.65,14510.73,6111.796,42.67445
165.84999,21536.85,4573.1616,21.018223
190059.44,96235.92,5240715.0,5645.784
26114.398,28164.51,720080.6,2650.1042
232.5,22958.43,6410.9746,27.955412
114383.8,102791.37,3154028.5,3180.6826
72797.3,56942.37,2007318.9,3654.348
68589.05,25230.0,1891280.2,7771.9614
83.7,20977.44,2307.951,10.408327
57444.547,78656.7,1583980.9,2087.1519
150257.0,74904.39,4143199.2,5734.568
114690.695,39411.0,3162491.0,8319.697
135325.84,55376.37,3731486.2,6986.233
56162.7,40428.03,1548635.0,3971.0469
43.399998,3944.58,1196.7152,30.458492
127986.59,20572.02,3529113.2,17787.387
231046.1,81985.32,6370884.5,8056.708
76985.4,53427.57,2122802.0,4118.95
262143.0,30262.95,7228353.5,24766.148
116945.945,48646.92,3224677.5,6872.5137
283.65,34503.332,7821.389,22.505568
183186.75,58290.87,5051207.0,8984.505
147.25,25682.4,4060.284,15.393387
469.65,50809.742,12950.169,25.428734
30194.0,33980.46,832571.94,2539.6238
61331.95,26941.291,1691172.4,6508.0464
310.0,32037.75,8547.967,26.66615
59665.7,32350.08,1645227.1,5272.493
168846.14,43633.11,4655778.0,11063.302
120634.945,90951.54,3326398.2,3791.3818
160893.1,54466.35,4436480.0,8445.137
465.0,34956.6,12821.949,37.034065
132938.84,49720.5,3665667.0,7643.787
247586.14,44132.492,6826961.5,16039.463
40548.0,18240.42,1118074.0,6354.9956
28382.049,14627.311,782609.06,5546.8955
81874.09,55328.52,2257603.2,4230.033
75991.85,34173.6,2095405.8,6357.0693
236562.55,78366.12,6522996.0,8630.109
25432.398,14464.62,701275.1,5026.2363
83.7,19849.05,2307.951,11.056874
220.09999,20629.44,6069.0557,29.505741
243756.1,75261.09,6721351.5,9259.49
193354.75,87762.12,5331580.5,6298.3647
262143.0,116580.87,7228353.5,6428.245
50624.547,79407.51,1395925.6,1821.8402
262143.0,127641.18,7228353.5,5871.141
142.59999,23107.2,3932.0642,16.64498
195.29999,23409.96,5385.2188,22.853413
21.699999,3338.19,598.3576,17.586502
246547.64,72793.77,6798325.5,9683.019
118012.34,55090.14,3254082.5,6123.95
62389.047,39862.53,1720320.9,4473.994
254902.14,40312.32,7028693.5,18078.43
209.25,12254.82,5769.8774,47.821095
285.19998,18002.91,7864.1284,44.295574
137.95,22481.67,3803.845,16.544546
72110.65,38975.13,1988385.1,5289.063
288.3,26421.9,7949.6084,30.198202
63123.75,40407.15,1740579.6,4465.667
60104.348,45888.15,1657322.4,3744.0215
26.349998,3386.91,726.5771,21.244669
44055.65,27751.26,1214794.2,4538.081
193.75,12107.79,5342.479,44.75366
957.89996,18745.02,26413.215,145.11111
262143.0,92701.11,7228353.5,8084.415
68.2,9377.73,1880.5525,19.793884
238571.34,128556.42,6578386.5,5305.076
117.799995,11800.68,3248.227,27.542185
179.79999,12955.17,4957.8203,38.682182
104736.59,49856.22,2888015.8,6005.592
262143.0,135198.0,7228353.5,5542.9204
158.09999,16297.71,4359.4624,26.736664
232893.69,51184.71,6421830.5,13008.676
106.95,8325.9,2949.0483,35.728107
63.55,3339.93,1752.3331,53.403545
98290.15,63468.242,2710261.0,4426.948
172.04999,19842.09,4744.121,23.792267
176.7,16913.67,4872.341,28.870857
39272.348,24861.99,1082899.0,4515.4785
5457.55,30986.791,150486.94,502.58188
189196.1,50883.69,5216909.0,10630.206
44824.45,30146.371,1235993.1,4250.37
128415.945,18301.32,3540952.2,20061.521
109789.59,36517.38,3027347.5,8595.28
136282.2,34237.11,3757857.0,11380.278
27777.549,16171.561,765940.5,4910.2383
489.8,41893.98,13505.786,32.428444
97237.695,38929.89,2681240.5,7140.681
41879.45,25823.34,1154787.5,4636.005
172634.34,47258.4,4760234.0,10443.7295
168.95,17134.65,4658.6416,27.192394
66908.85,27437.19,1844950.4,6971.5713
259655.98,55617.36,7159776.0,13347.638
31736.25,25943.4,875098.06,3496.6611
168.95,24750.63,4658.6416,18.517351
262143.0,116147.61,7228353.5,6452.2275
413.84998,25020.33,11411.534,46.29322
198198.5,72705.03,5465142.5,7793.44
120783.75,47614.23,3330501.5,7252.0513
249.54999,11971.2,6881.113,58.603104
20627.398,16545.66,568781.6,3563.588
11372.35,24341.73,313582.12,1334.8193
159.65,20277.96,4402.2026,21.510939
4529.1,28478.58,124885.79,453.71844
68694.445,34465.92,1894186.5,5697.7646
262143.0,55987.11,7228353.5,13386.492
92428.05,32217.84,2548618.8,8201.69
660.3,18798.96,18207.168,99.428375
63601.15,41770.44,1753743.5,4352.5635
55827.9,23938.05,1539403.2,6667.244
155.0,22844.46,4273.9834,18.399914
212.34999,23250.75,5855.357,25.113453
2734.2,22510.38,75393.06,346.2933
36852.8,21741.3,1016182.25,4845.564
128429.9,89170.65,3541337.0,4117.0654
4029.9998,15031.86,111123.555,765.5514
2472.25,27271.89,68170.03,258.1947
964.1,32297.88,26584.176,84.348724
94570.15,57675.78,2607685.2,4687.2373
137074.25,43089.36,3779697.0,9094.673
79.049995,18578.85,2179.7312,11.165557
368.9,28716.09,10172.08,35.73097
103.85,15082.32,2863.5686,18.687353
198553.44,49288.11,5474929.5,11517.19
20109.7,38867.25,554506.56,1478.3494
447.94998,44458.742,12351.811,27.808546
72.85,19853.4,2008.7721,9.491647
262143.0,54089.64,7228353.5,13856.127
103809.695,50643.57,2862457.5,5859.877
1917.35,14262.78,52869.17,383.3671
685.1,44647.53,18891.006,42.87383
61674.5,40395.84,1700617.9,4364.3394
1630.6,14273.22,44962.3,325.64383
112928.34,34011.78,3113895.8,9492.417
35653.098,40536.78,983101.56,2513.7627
90513.8,27634.68,2495835.2,9364.034
174082.05,55813.98,4800153.0,8916.846
43.399998,15330.2705,1196.7152,7.0944786
204299.3,81735.63,5633366.0,7145.6816
452.59998,32580.63,12480.03,38.71952
1551.5499,16932.81,42782.57,260.9906
262143.0,43867.14,7228353.5,17085.297
191293.25,80689.89,5274736.5,6777.4365
57618.15,29632.2,1588767.8,5558.611
112833.8,54297.57,3111288.8,5940.66
365.8,57108.54,10086.6,17.314354
50776.45,28012.26,1400114.1,5181.785
262143.0,41933.13,7228353.5,17873.34
203.04999,23510.01,5598.9175,23.694437
198.4,23041.95,5470.698,23.619059
207374.5,58865.94,5718162.0,10071.569
262143.0,77808.45,7228353.5,9631.977
182749.64,75364.62,5039154.0,6932.268
257268.98,49669.17,7093957.0,14808.811
62.0,3816.69,1709.5933,45.446587
58712.45,23871.93,1618942.1,7031.2075
69784.1,23443.02,1924232.8,8510.223
238.7,18055.11,6581.934,36.800827
271.25,32771.16,7479.4707,22.666113
269.69998,35739.6,7436.7305,20.576462
20824.25,13003.89,574209.6,4577.7305
114.7,19613.28,3162.7476,15.720999
44734.547,23209.86,1233514.2,5509.8623
38956.15,29965.41,1074180.1,3716.1045
144387.14,53652.03,3981343.2,7693.6934
243.34999,32398.8,6710.1533,20.4759
114596.15,42526.47,3159884.0,7703.77
239761.75,30594.42,6611211.0,22406.152
60200.45,44065.5,1659972.4,3905.16
112224.65,49168.92,3094492.0,6524.992
138924.95,16917.15,3830728.5,23479.215
197719.55,63636.15,5451935.5,8882.717
57329.848,38865.51,1580818.1,4216.6
80919.3,34877.43,2231275.5,6632.712
137.95,17865.45,3803.845,21.077848
111.6,16672.68,3077.2678,18.138494
172.04999,22248.51,4744.121,21.11071
239149.5,73885.62,6594328.5,9253.619
224627.55,30696.21,6193899.0,20922.158
382.84998,11661.48,10556.738,92.86938
16071.949,29088.45,443169.3,1578.7814
272.8,29473.86,7522.21,25.464052
170854.94,62124.09,4711168.5,7862.5107
95559.05,60408.45,2634953.2,4521.964
163859.8,65756.34,4518284.0,7123.9814
171186.64,127404.54,4720315.0,3840.7932
56376.598,45746.34,1554533.1,3522.64
150511.2,17542.68,4150208.8,24530.375
4043.95,17334.75,111508.22,666.0174
262143.0,96735.3,7228353.5,7747.2266
395.25,47923.082,10898.657,22.581757
176.7,25216.95,4872.341,19.035168
87443.25,57034.59,2411167.8,4382.661
632.39996,84201.21,17437.85,20.47447
186987.34,55830.51,5156005.0,9575.121
98919.445,58055.1,2727613.2,4870.8096
120.899994,18993.84,3333.7068,17.199629
49818.547,27463.291,1373700.9,5185.6562
306.9,30111.57,8462.486,28.141537
109164.945,60100.47,3010123.5,5192.4307
33160.7,17982.03,914375.94,5271.711
23160.1,30322.98,638618.56,2182.8235
1503.5,17983.77,41457.637,238.04062
262143.0,79971.27,7228353.5,9371.452
87802.84,36141.54,2421083.0,6945.2583
73855.945,60364.95,2036510.1,3497.2402
173846.44,71994.24,4793656.5,6903.258
38388.848,21519.45,1058537.4,5099.6196
31401.45,15695.67,865866.25,5719.3003
52.699997,5657.61,1453.1542,25.6334
112024.695,75021.84,3088978.5,4268.4805
196143.19,71914.2,5408469.0,7797.437
4130.75,33697.71,113901.66,349.49152
203.04999,18602.34,5598.9175,30.209324
65.1,3218.1301,1795.0729,56.83975
240456.14,57429.57,6630358.0,11970.52
83886.0,36710.52,2313079.8,6532.5312
592.1,33475.86,16326.615,49.572254
211736.19,52281.78,5838431.5,11578.604
159338.44,76824.48,4393611.5,5929.208
322.4,33643.77,8889.885,26.399294
75.95,4505.73,2094.2517,47.196068
246.45,25979.94,6795.6333,26.123123
6417.0,12503.64,176942.9,1466.3867
176858.1,90192.9,4876700.0,5605.626
111654.25,55607.79,3078763.8,5740.014
187819.69,109455.57,5178956.0,4905.279
262143.0,108455.07,7228353.5,6909.9443
20320.5,15758.311,560319.2,3686.005
2210.3,14870.04,60947.0,423.99915
92018.84,56365.56,2537335.5,4666.7974
115357.195,57336.48,3180869.2,5751.58
262143.0,73045.2,7228353.5,10260.139
4.6499996,15793.98,128.21948,-0.15819728
683.55,8368.53,18848.266,232.54474
353.4,46774.68,9744.682,20.602535
734.69995,22369.44,20258.68,92.90829
209000.44,114467.64,5762996.0,5219.5166
35.649998,7038.3,983.01605,13.482407
150.34999,6526.74,4145.7637,64.86521
172.04999,11568.39,4744.121,41.52367
262143.0,131943.33,7228353.5,5679.674
570.39996,25604.1,15728.257,62.697
66908.85,57138.12,1844950.4,3347.163
230.95,25792.02,6368.235,24.602455
28371.2,19943.01,782309.9,4066.5789
288.3,21095.76,7949.6084,38.07495
94830.55,41607.75,2614865.5,6515.629
262143.0,163364.25,7228353.5,4587.0723
112884.945,57764.52,3112699.0,5586.581
29141.549,26214.84,803551.56,3177.443
141817.25,68556.0,3910481.0,5913.698
271.25,28721.31,7479.4707,26.003155
28552.549,35123.64,787310.44,2323.3118
85136.84,62013.6,2347570.5,3924.3606
517.7,21773.49,14275.1045,66.98281
150.34999,23034.99,4145.7637,17.662266
255.74998,17669.7,7052.072,40.384285
168016.89,50138.1,4632912.0,9580.513
378.19998,17667.96,10428.519,60.2046
223950.19,70429.11,6175221.5,9090.766
75.95,6652.89,2094.2517,31.64122
129593.945,49130.64,3573434.5,7540.9087
299.15,10804.53,8248.787,78.164795
80728.65,49966.71,2226018.8,4618.5103
303.8,31201.68,8377.007,26.839329
246.45,17370.42,6795.6333,39.566498
99017.09,82383.78,2730305.8,3435.5085
161351.89,51694.53,4449131.0,8923.389
353.4,27936.57,9744.682,35.169495
138415.0,48018.78,3816667.0,8240.78
165764.75,44289.96,4570811.5,10700.284
262143.0,153659.4,7228353.5,4876.8467
1625.95,27824.34,44834.082,166.08263
52690.7,29677.44,1452897.9,5075.408
466.55,17347.8,12864.689,75.89582
118657.15,52969.082,3271862.2,6404.019
54212.797,10724.49,1494868.2,14452.536
83991.4,55656.51,2315986.0,4313.871
213554.34,48472.05,5888565.5,12595.967
26760.75,7863.93,737903.2,9728.883
209.25,33132.21,5769.8774,17.057768
330.15,37378.68,9103.584,24.254358
173494.6,69727.89,4783954.5,7113.2383
7878.65,55857.48,217246.56,402.29184
35225.3,83285.97,971305.44,1208.2938
160697.8,25165.621,4431094.5,18256.918
234456.1,65898.15,6464912.5,10171.726
69464.8,35803.11,1915428.2,5546.4453
114211.75,48982.742,3149284.5,6665.7886
120342.0,44095.95,3318320.5,7802.106
930.0,14055.72,25643.898,188.18156
103.85,5228.7,2863.5686,55.788673
137268.0,21812.64,3785039.5,17992.27
262143.0,77259.48,7228353.5,9700.424
283.65,28036.621,7821.389,27.92718
2473.7998,18358.74,68212.766,384.27484
46817.75,24798.48,1290956.6,5397.0195
320.84998,31688.88,8847.145,27.949701
129944.24,46401.45,3583093.5,8006.0854
204184.6,137773.2,5630203.5,4236.4756
262143.0,112668.484,7228353.5,6651.4995
483.59998,44704.95,13334.827,29.929981
262143.0,96058.44,7228353.5,7801.8228
599.85,59013.84,16540.314,28.06282
138602.55,58651.92,3821838.5,6755.752
106345.5,36706.17,2932380.0,8282.789
238.7,32380.53,6581.934,20.077421
82188.75,43501.742,2266279.5,5401.0015
258.85,38461.832,7137.5522,18.242754
53338.598,34452.0,1470763.0,4425.6597
235.59999,20252.73,6496.454,32.261414
115749.34,35145.39,3191682.2,9415.709
334.8,42532.56,9231.804,21.506758
203.04999,32070.81,5598.9175,17.102644
150.34999,21147.96,4145.7637,19.327497
145021.1,65032.5,3998824.0,6375.0205
180365.75,27376.291,4973420.5,18836.725
186.0,12596.73,5128.78,41.218628
121713.75,56824.05,3356145.2,6123.3
156184.19,81237.99,4306636.0,5496.014
248.0,20502.42,6838.373,33.58562
262143.0,72996.48,7228353.5,10266.988
215.45,23697.93,5940.8364,24.994715
51618.098,24377.4,1423321.9,6053.2954
15079.949,19030.38,415815.8,2264.6948
144701.8,57938.52,3990019.8,7139.942
485.15,56154.15,13377.567,23.70263
108769.695,35762.22,2999224.8,8695.259
202419.14,87564.63,5581522.5,6608.549
165.84999,11771.1,4573.1616,39.285374
682.0,49078.44,18805.525,38.732197
115693.55,56422.11,3190143.8,5861.8506
79121.3,30436.08,2181697.5,7431.8213
166327.39,49941.48,4586325.5,9521.508
60234.547,45147.78,1660912.5,3813.681
252.65,29363.371,6966.5923,23.601543
95427.3,39445.8,2631320.5,6916.049
262143.0,107393.67,7228353.5,6978.2466
154431.14,48187.56,4258297.5,9162.238
85856.05,94669.92,2367402.0,2592.032
20074.049,27808.68,553523.56,2062.9712
262143.0,87527.22,7228353.5,8562.359
159364.8,42174.12,4394338.5,10803.269
173.59999,13072.62,4786.861,36.9696
46.5,22865.34,1282.195,4.8146596
138213.5,63801.45,3811110.8,6192.9673
34.1,3429.54,940.27625,27.429384
112233.945,57010.23,3094748.2,5627.8594
44695.797,44464.832,1232445.8,2873.0813
24655.85,39966.06,679862.5,1762.915
109943.05,35724.81,3031579.0,8798.274
74601.5,24065.07,2057068.1,8862.585
262143.0,107791.26,7228353.5,6952.504
64309.496,43488.69,1773275.5,4227.1245
104057.695,23136.78,2869295.8,12858.388
112881.84,50370.39,3112613.5,6406.635
225008.84,49148.91,6204413.0,13088.851
73868.35,36409.5,2036852.2,5799.8643
262143.0,48302.4,7228353.5,15516.386
71.299995,11260.41,1966.0321,17.104406
249441.5,78480.09,6878121.0,9086.788
88660.0,48691.29,2444718.5,5205.2554
300.69998,11977.29,8291.527,70.78337
29.449999,3614.85,812.05676,22.293995
262143.0,65998.2,7228353.5,11355.778
102007.05,34388.49,2812751.0,8480.371
262143.0,71144.25,7228353.5,10534.313
432.44998,34827.84,11924.413,34.502453
58264.5,24949.86,1606590.2,6676.0547
49378.348,27683.4,1361562.8,5098.952
240.25,28582.98,6624.674,23.032827
262143.0,78739.35,7228353.5,9518.09
137970.14,66617.64,3804400.5,5920.679
35202.05,25584.96,970664.4,3932.9807
262143.0,89120.19,7228353.5,8409.294
415.4,17025.9,11454.274,68.75983
262143.0,120989.164,7228353.5,6193.9927
116758.4,60860.85,3219506.0,5484.2837
108.5,13214.43,2991.7883,22.476336
268.15,27619.89,7393.9907,26.759066
136.4,23516.1,3761.105,15.584335
142.59999,26790.78,3932.0642,14.218896
63184.2,16616.13,1742246.5,10871.454
215.45,13925.22,5940.8364,43.23779
2946.5498,28495.11,81248.414,294.6599
128445.4,43384.29,3541764.2,8464.157
83436.5,42784.86,2300685.2,5574.9
147879.3,63272.492,4077636.2,6681.5376
262143.0,115184.52,7228353.5,6506.1846
159281.1,52860.332,4392030.5,8614.557
151993.0,73757.73,4191068.0,5891.0312
164290.69,31839.39,4530165.5,14752.572
262143.0,60304.05,7228353.5,12428.132
4753.85,29975.85,131083.06,452.44327
182159.1,53176.14,5022870.5,9793.518
313.09998,31882.89,8633.445,27.07853
82669.25,35404.65,2279529.0,6675.2515
6226.3496,7852.62,171685.89,2266.0854
40033.4,11162.97,1103884.4,10252.962
91767.75,64346.07,2530411.8,4076.7166
262143.0,145666.7,7228353.5,5144.4927
94.549995,22415.55,2607.1296,11.060383
203143.0,77363.88,5601482.5,7506.7983
262143.0,89697.87,7228353.5,8355.129
158.09999,22821.84,4359.4624,18.807524
224626.0,84632.73,6193856.5,7587.7573
2424.2,26236.59,66845.09,263.18613
109248.65,52297.44,3012431.5,5971.8916
24085.45,47187.93,664134.25,1458.3949
91228.34,47833.47,2515538.2,5452.1436
161452.64,69108.45,4451909.0,6678.7925
635.5,13874.76,17523.332,129.96013
23787.85,26688.121,655928.2,2547.509
117.799995,17708.85,3248.227,18.01971
260717.73,74684.28,7189053.0,9980.375
141.05,19069.53,3889.3247,20.148623
1567.0499,58822.44,43209.97,75.17085
124041.84,16957.17,3420340.2,20914.287
288.3,30151.59,7949.6084,26.33905
232.5,12625.44,6410.9746,51.65328
65199.2,24703.65,1797808.2,7545.231
154863.6,47185.32,4270222.0,9383.074
38683.348,19703.76,1066657.9,5612.3735
184281.05,55696.53,5081381.5,9459.227
54.25,9518.67,1495.8942,15.295679
606.05,40227.93,16711.273,42.07544
193.75,19789.02,5342.479,26.994093
262143.0,88163.19,7228353.5,8500.587
262143.0,105069.03,7228353.5,7132.662
109288.945,47609.01,3013542.8,6562.509
112979.5,34408.5,3115306.2,9387.212
158.09999,33484.56,4359.4624,12.500077
106446.25,34090.082,2935158.0,8926.941
306.9,25781.58,8462.486,33.035828
477.4,27934.83,13163.868,47.86359
79487.09,35507.31,2191784.0,6399.706
93122.445,37514.4,2567766.2,7096.5
77.5,3487.83,2136.9917,62.53242
58555.9,30214.23,1614625.4,5540.255
125.549995,19919.52,3461.9263,17.02133
46805.348,45680.22,1290614.6,2928.6538
174695.84,86332.71,4817078.0,5784.7036
52515.547,34987.05,1448068.1,4290.7017
161469.69,61417.65,4452379.0,7516.039
108481.4,37657.082,2991275.2,8235.782
196.84999,20385.84,5427.9585,26.609325
46.5,4327.38,1282.195,29.72394
262143.0,87040.02,7228353.5,8610.291
50534.65,28552.53,1393446.8,5059.503
85343.0,24711.48,2353255.2,9873.569
262143.0,68986.65,7228353.5,10863.8125
132091.0,49040.16,3642288.5,7700.4116
195055.1,85193.01,5378466.0,6545.3975
43.399998,5701.98,1196.7152,20.76271
109802.0,41048.34,3027689.8,7647.2773
217.0,25580.61,5983.5767,23.254808
262143.0,91039.414,7228353.5,8231.994
43.399998,18470.1,1196.7152,5.718456
193506.64,32977.35,5335768.5,16776.57
262143.0,93237.9,7228353.5,8037.866
310.0,16958.91,8547.967,51.26522
194290.94,112027.29,5357395.0,4957.813
71245.75,40248.81,1964536.4,5060.217
262143.0,37663.17,7228353.5,19899.791
76346.8,41927.04,2105193.0,5205.497
76534.34,38334.81,2110364.5,5707.369
25010.799,12255.69,689649.9,5833.9717
262143.0,182472.94,7228353.5,4106.606
147705.7,82237.62,4072849.8,5134.4175
84344.8,23897.16,2325730.5,10090.622
61609.4,77638.8,1698822.8,2267.9094
155.0,12922.11,4273.9834,33.2963
254768.84,108223.65,7025018.0,6729.9
50148.7,13091.76,1382804.5,10951.435
61590.797,20257.08,1698309.9,8692.366
262143.0,48967.082,7228353.5,15305.752
262143.0,97000.65,7228353.5,7726.0303
262143.0,88172.76,7228353.5,8499.663
133172.89,60776.46,3672120.8,6264.1206
87032.5,28770.03,2399841.5,8648.482
216380.0,152542.33,5966480.5,4054.7925
158792.84,76097.164,4378567.5,5965.3877
984.25,23625.72,27139.793,118.11579
120.899994,21669.09,3333.7068,14.952716
82088.0,38976.0,2263501.5,6020.87
130310.05,72574.53,3593180.2,5132.8438
205953.14,30885.0,5678969.5,19065.45
262143.0,67635.54,7228353.5,11080.852
20001.2,42421.2,551514.75,1347.0999
258801.94,54515.94,7136226.5,13572.535
296.05,30848.46,8163.3076,26.439774
19131.648,30389.1,527537.7,1799.0458
46893.7,20720.791,1293050.9,6469.788
212694.1,77356.05,5864845.0,7860.586
52290.797,24556.621,1441870.9,6087.4346
1914.25,16945.86,52783.69,321.98624
186914.5,68099.25,5153996.5,7846.8315
65526.246,25950.36,1806826.2,7218.729
68306.945,45834.21,1883501.5,4260.123
204161.34,101066.164,5629562.5,5774.861
127.1,6598.08,3504.6663,54.077847
66036.195,50824.53,1820887.6,3713.9897
4994.0996,23947.621,137707.73,595.27124
71912.25,44364.78,1982914.5,4633.614
103367.945,50387.79,2850276.5,5864.561
1019.89996,13579.83,28122.809,213.73965
200793.19,66675.93,5536688.5,8609.51
322.4,45090.36,8889.885,19.443737
191511.8,67264.92,5280762.5,8139.5894
235.59999,26853.42,6496.454,24.08561
96.1,13532.85,2649.8696,19.304071
144.15,27909.6,3974.8042,13.767604
226.29999,22530.39,6240.015,27.718702
317.75,31956.84,8761.666,27.4296
94133.05,45086.01,2595632.8,5968.6562
203006.6,123275.52,5597721.0,4707.4966
137529.95,68146.23,3792262.8,5769.381
187081.89,16717.05,5158612.0,31996.871
3627.0,29200.68,100011.21,354.14328
988.89996,83387.76,27268.012,32.907757
139721.64,30588.33,3852696.5,13059.413
69.75,4852.86,1923.2925,40.09561
262143.0,50775.81,7228353.5,14760.497
289.85,21488.13,7992.3486,37.567696
15902.999,58730.22,438510.66,773.22363
131897.25,63640.5,3636946.0,5924.8564
262143.0,118870.71,7228353.5,6304.3965
172.04999,23152.44,4744.121,20.247454
348.75,21482.041,9616.462,45.41813
167297.69,53304.03,4613080.5,8972.852
37.199997,3265.11,1025.7559,31.575722
152261.14,32364.871,4198461.5,13450.297
310.0,35537.76,8547.967,23.94139
127.1,10080.69,3504.6663,35.04992
89676.8,45833.34,2472755.8,5593.3237
114534.15,26261.82,3158174.2,12468.79
1102.0499,57046.77,30388.02,54.235615
164.29999,23584.83,4530.422,18.918367
93085.25,40066.98,2566740.5,6641.678
25254.148,29855.791,696360.06,2417.5393
195425.55,126126.51,5388680.5,4429.206
485.15,46671.15,13377.567,28.721897
175813.39,62484.27,4847893.5,8044.0776
260.4,35480.34,7180.2915,19.98467
98028.195,53423.22,2703037.8,5245.503
19235.5,19499.31,530401.3,2819.5461
262143.0,120943.05,7228353.5,6196.355
262143.0,42261.99,7228353.5,17734.25
748.64996,16824.06,20643.338,126.232185
189.09999,19848.18,5214.2593,26.240797
82232.15,46041.27,2267476.2,5105.7354
218.54999,29960.19,6026.316,19.857162
640.14996,56733.57,17651.549,31.261948
173474.44,61907.46,4783399.0,8011.0103
70614.9,52279.17,1947141.2,3861.0388
60389.547,83087.61,1665186.5,2077.1387
113182.55,65374.41,3120905.2,4949.177
262143.0,108928.35,7228353.5,6879.917
85237.59,39585.0,2350348.8,6155.722
142029.6,77322.99,3916336.0,5250.9326
337.9,37305.6,9317.283,24.897816
277.44998,20705.13,7650.4297,37.313843
96248.8,40706.43,2653972.5,6759.538
107700.195,53226.6,2969734.2,5784.4443
237.15,31952.49,6539.1943,20.221077
74702.25,43419.09,2059846.2,4918.2847
262143.0,83037.15,7228353.5,9025.405
41.85,3655.74,1153.9755,31.731743
63.55,3062.4,1752.3331,58.333866
262143.0,53193.54,7228353.5,14089.563
82247.65,41906.16,2267903.8,5610.7026
67570.695,48573.84,1863200.1,3976.452
178584.8,37318.65,4924312.5,13681.566
124.0,12877.74,3419.1865,26.53157
159753.84,58152.54,4405066.0,7853.7363
127967.99,51827.64,3528600.2,7058.743
125802.65,20994.84,3468893.0,17131.717
230454.0,59694.18,6354558.0,11037.276
184068.69,51467.46,5075525.5,10224.773
41.85,11541.42,1153.9755,9.367766
163239.8,50880.21,4501188.0,9172.312
126042.9,38053.8,3475517.5,9469.422
39407.2,56961.51,1086617.5,1977.0764
66964.65,53296.2,1846488.9,3591.513
111.6,12257.43,3077.2678,25.032373
200132.89,118028.55,5518481.5,4847.1987
107314.25,59543.67,2959092.2,5152.126
262143.0,44014.17,7228353.5,17028.219
212053.94,114591.18,5847193.5,5290.0776
69182.695,50792.34,1907649.5,3893.469
262143.0,61148.82,7228353.5,12256.423
71152.75,56691.81,1961972.0,3587.5615
119.35,22276.35,3290.967,14.3188925
75269.55,31514.88,2075488.9,6827.929
262143.0,119660.67,7228353.5,6262.77
953.25,22295.49,26284.996,121.247154
615.35,34213.62,16967.713,50.424744
262143.0,48863.55,7228353.5,15338.184
782.75,43516.53,21583.615,50.430153
123541.195,61422.87,3406535.5,5749.832
262143.0,42072.332,7228353.5,17814.2
146602.1,40936.11,4042418.8,10238.591
1012.14996,10393.0205,27909.11,277.45312
325.5,14388.93,8975.364,63.68022
88.35,4225.59,2436.1704,58.781693
20253.85,12768.12,558481.4,4534.5464
179.79999,14789.13,4957.8203,33.761303
91217.5,51335.22,2515239.0,5079.562
68.2,3894.99,1880.5525,49.064167
262143.0,75112.32,7228353.5,9977.748
46.5,6135.24,1282.195,20.670572
74105.5,32526.69,2043391.4,6513.1772
80308.59,46921.71,2214436.0,4892.6978
122978.55,60130.05,3391021.0,5846.7227
185180.05,44129.88,5106170.5,11997.044
744.0,20725.14,20515.12,101.64184
1407.3999,30253.38,38807.766,132.01254
186756.39,41133.6,5149636.5,12980.585
133059.75,51678.0,3669001.0,7360.902
102.299995,7458.5103,2820.8289,38.21683
460.34998,26748.15,12693.7295,48.208866
262143.0,126217.86,7228353.5,5937.359
492.9,29106.72,13591.267,47.418858
32629.049,26520.21,899716.2,3516.8428
52799.2,36352.95,1455889.6,4151.759
116126.0,50847.15,3202068.2,6528.98
94249.3,61509.0,2598838.2,4380.1533
164143.44,51872.01,4526105.0,9046.726
25520.75,39779.01,703711.3,1833.3762
47380.4,27259.71,1306471.1,4968.657
21924.75,15200.64,604554.94,4123.03
164.29999,19167.84,4530.422,23.508308
262143.0,83865.39,7228353.5,8936.263
93344.09,51952.05,2573878.0,5136.279
454.15,30442.17,12522.7705,41.65527
34735.5,63441.27,957799.6,1564.4913
171383.5,54709.082,4725743.0,8955.917
103171.09,41432.88,2844848.5,7118.704
181528.25,92265.24,5005475.5,5624.422
115281.25,49697.01,3178775.0,6631.502
96036.445,33372.332,2648117.2,8227.08
61094.797,37457.85,1684633.1,4662.4824
61962.797,28777.86,1708567.5,6155.3247
79042.25,60223.14,2179517.8,3751.7087
87598.25,31734.121,2415441.5,7891.561
109405.195,48380.7,3016748.2,6464.689
151675.25,42992.79,4182306.2,10086.142
102.299995,19017.33,2820.8289,14.380663
122451.55,61664.73,3376489.5,5676.7524
89703.15,49103.67,2473482.2,5222.273
67581.55,60980.04,1863499.4,3167.7605
35474.848,26284.44,978186.5,3857.965
71.299995,3609.6301,1966.0321,55.47754
44695.797,12145.2,1232445.8,10521.309
262143.0,262143.0,7228353.5,2858.2292
45649.047,31782.84,1258730.8,4105.6533
75929.85,81739.11,2093696.2,2655.022
217.0,11306.5205,5983.5767,53.87566
52.699997,6000.39,1453.1542,24.11193
262143.0,80693.37,7228353.5,9287.582
147651.45,58490.97,4071353.8,7216.6846
262143.0,137748.84,7228353.5,5440.258
62.0,4364.79,1709.5933,39.614147
262143.0,90285.99,7228353.5,8300.697
16688.85,55749.6,460179.75,854.92084
151969.75,58915.53,4190426.8,7374.243
128082.695,53963.492,3531763.2,6785.4
213.9,21769.14,5898.0967,27.094316
86507.05,44246.46,2385352.8,5589.1304
54558.45,27667.74,1504399.4,5637.159
198.4,24639.27,5470.698,22.023046
262143.0,136184.58,7228353.5,5502.758
113.149994,7026.99,3120.0076,45.03988
20807.2,30879.78,573739.5,1925.5863
1219.85,25120.38,33636.246,137.84467
3087.5999,23704.02,85137.74,371.43286
174091.34,20669.46,4800409.5,24081.248
255765.48,35406.39,7052499.5,20653.244
100.75,11724.99,2778.089,23.568665
98597.05,43178.97,2718723.2,6527.909
601.39996,18886.83,16583.055,90.04442
116467.0,114384.99,3211471.0,2910.2725
146978.75,87140.94,4052804.5,4821.6006
235872.8,99203.49,6503976.5,6797.2935
200363.84,87249.69,5524849.5,6565.054
226.29999,20875.65,6240.015,29.995132
142.59999,10144.2,3932.0642,39.19302
46194.65,25050.78,1273775.1,5271.534
61035.9,37758.0,1683009.1,4620.951
221953.8,83314.68,6120173.0,7616.107
3520.0498,52163.46,97062.16,191.94406
52098.598,36400.8,1436571.1,4091.2678
71783.6,47397.6,1979367.1,4329.299
72.85,4700.61,2008.7721,43.312305
212.34999,27873.06,5855.357,20.782946
895.89996,40250.55,24703.621,62.640953
449.5,32584.11,12394.552,38.443264
167297.69,57976.8,4613080.5,8249.583
112238.59,54029.61,3094876.5,5938.63
27.9,4541.4,769.31696,16.565619
262143.0,84982.47,7228353.5,8818.784
88.35,23077.621,2436.1704,9.946228
50145.598,31089.45,1382719.0,4610.782
705.25,56119.35,19446.623,34.93184
230.95,17525.28,6368.235,36.67923
243207.39,37294.29,6706221.5,18644.904
157213.39,93577.2,4335015.5,4802.618
257.3,10548.75,7094.812,68.74094
137872.5,58182.12,3801708.0,6774.433
74.399994,4872.0,2051.5117,42.663105
102695.25,53143.082,2831727.5,5524.2583
1534.5,17364.33,42312.434,251.67244
45790.098,23262.06,1262620.0,5627.237
258.85,15547.7705,7137.5522,46.60242
246987.84,57913.29,6810464.0,12193.005
115320.0,62799.21,3179843.5,5249.4854
185643.5,98873.76,5118949.5,5367.4346
120280.0,41831.34,3316611.0,8220.303
262143.0,113570.67,7228353.5,6598.653
161.2,21464.64,4444.9424,20.472885
213.9,36974.13,5898.0967,15.541002
69168.75,24525.3,1907265.0,8062.8896
155950.14,27328.44,4300182.5,16315.235
268.15,30707.52,7393.9907,23.967901
141411.14,76786.2,3899282.8,5264.6187
203056.19,89524.74,5599088.5,6484.1816
147902.55,54305.4,4078277.5,7786.2056
62747.098,39234.39,1730193.9,4571.732
54.25,8487.72,1495.8942,17.275015
121485.9,42701.34,3349862.5,8133.547
173672.84,69681.78,4788870.0,7125.2607
121315.4,56854.5,3345161.2,6099.987
308.44998,15420.75,8505.227,56.19108
44.949997,2978.01,1239.4551,42.157127
69447.75,40099.17,1914958.1,4950.899
262143.0,136021.89,7228353.5,5509.341
144.15,11036.82,3974.8042,36.343895
97319.84,32903.4,2683505.8,8455.87
262143.0,120736.86,7228353.5,6206.9385
182080.05,35443.8,5020690.5,14687.283
138813.34,80006.94,3827651.0,4959.8096
32.55,8764.38,897.53644,9.618881
26903.35,9895.38,741835.25,7772.6123
159632.94,73842.12,4401732.0,6180.1226
42707.15,30675.33,1177610.5,3979.7078
124568.84,56332.5,3434872.0,6321.654
40668.9,16386.45,1121407.6,7095.211
184.45,10382.58,5086.04,49.795162
832.35,64767.15,22951.29,35.745163
262143.0,158259.95,7228353.5,4735.0493
562.64996,53567.64,15514.558,29.032034
285.19998,37010.67,7864.1284,21.032892
26835.148,15165.84,739954.7,5058.255
361.15,11911.17,9958.381,85.692635
100653.9,36771.42,2775439.2,7825.5283
410.75,30033.27,11326.056,38.10425
173889.84,127237.5,4794853.5,3906.582
94247.75,31411.35,2598795.5,8577.936
7729.8496,42003.6,213143.53,525.179
146096.8,76222.44,4028485.5,5479.3315
195856.44,73894.32,5400562.0,7577.369
57252.348,31420.92,1578681.1,5208.828
544.05,13758.18,15001.681,112.064644
232036.55,87091.35,6398195.5,7616.814
123784.55,62283.3,3413245.8,5681.557
25478.898,17157.27,702557.3,4245.0146
81249.445,44254.29,2240379.2,5248.453
199.95,19114.77,5513.4385,28.90896
150047.75,41438.97,4137429.5,10352.08
217824.6,90050.22,6006314.0,6915.258
77190.0,37225.56,2128443.8,5927.8276
262143.0,121672.984,7228353.5,6159.176
262143.0,108127.95,7228353.5,6930.852
35.649998,13336.23,983.01605,6.6432033
341.0,35392.47,9402.763,26.548153
159386.5,36483.45,4394937.0,12490.214
53634.65,32732.01,1478926.4,4684.1313
177072.0,49260.27,4882598.5,10276.846
432.44998,44171.64,11924.413,26.99248
137478.8,73051.29,3790852.0,5379.924
101631.945,63461.28,2802408.0,4577.9976
64109.547,27940.05,1767762.1,6559.6143
158.09999,20282.31,4359.4624,21.287605
15813.1,11025.51,436031.75,4099.7876
126769.84,56686.59,3495562.5,6393.1763
256294.05,76751.4,7067074.0,9546.754
117581.445,56281.17,3242200.8,5972.442
88.35,26039.1,2436.1704,8.701292
198454.25,60914.79,5472194.5,9314.081
226.29999,22936.68,6240.015,27.209993
101802.445,75917.07,2807109.2,3833.138
145858.1,83650.5,4021903.5,4984.526
141625.05,22754.85,3905181.0,17794.7
70173.15,35835.3,1934960.4,5597.98
119466.25,64035.48,3294172.5,5333.252
85.25,8725.23,2350.6907,26.936144
238445.8,69439.92,6574924.5,9817.145
10856.199,30468.27,299349.75,1017.7767
55972.047,59681.13,1543378.0,2680.5332
121073.59,55452.06,3338493.5,6241.819
858.69995,37067.22,23677.865,65.23696
247170.75,75821.37,6815507.5,9319.827
262143.0,80981.34,7228353.5,9254.551
102526.3,44409.15,2827068.8,6600.0317
184033.05,41011.8,5074543.0,12829.275
127738.59,59388.81,3522274.8,6148.878
43.399998,9660.48,1196.7152,11.845173
131103.64,64475.7,3615063.0,5812.9014
186.0,12621.96,5128.78,41.134235
81313.0,21595.14,2242131.5,10764.964
42834.25,14526.39,1181115.2,8430.065
279.0,16617.87,7693.17,47.00405
31199.95,14397.63,860310.06,6195.007
96799.05,42114.96,2669145.2,6570.79
155750.19,49444.71,4294669.0,9005.535
251.09999,31447.02,6923.8525,21.830542
148448.14,64076.37,4093321.8,6623.0845
350.3,9735.3,9659.202,101.882095
164059.75,62981.04,4523797.5,7447.0264
262143.0,59133.9,7228353.5,12674.081
64656.7,61212.332,1782849.4,3019.1157
222073.14,62675.67,6123463.5,10129.854
138486.3,50516.55,3818633.0,7837.304
69399.695,46056.06,1913633.1,4307.4375
218494.19,87435.87,6024777.5,7143.9517
24397.0,19819.47,672724.94,3518.6
185645.05,96557.82,5118992.5,5496.2427
438.65,27359.76,12095.372,44.84108
56423.098,59787.27,1555815.2,2697.3433
389.05,36299.88,10727.697,29.644266
11787.75,36339.03,325036.44,926.4843
199781.05,42684.81,5508779.5,13381.274
117342.75,54914.4,3235619.0,6108.688
94.549995,6493.68,2607.1296,40.631268
29.449999,6618.96,812.05676,11.721682
108.5,4645.8,2991.7883,65.77567
33114.2,13375.38,913093.75,7077.7593
406.09998,9824.04,11197.835,117.193016
703.69995,44538.78,19403.883,44.175003
263.5,16314.24,7265.7715,45.18094
49.6,3723.6,1367.6746,37.086197
259499.44,85110.36,7155459.5,8716.722
503.74997,36936.72,13890.444,37.994713
86.799995,5907.3,2393.4304,41.01261
988.89996,16186.35,27268.012,173.68373
393.69998,33039.99,10855.917,33.070187
122620.5,49997.16,3381148.0,7011.401
10333.85,22726.14,284946.44,1299.126
262143.0,105685.86,7228353.5,7091.027
37263.55,41141.43,1027508.3,2588.726
63835.2,29449.5,1760197.2,6196.711
130.2,20483.28,3590.1458,17.174416
38.75,3833.22,1068.4958,27.903934
235.59999,12539.311,6496.454,52.721806
197446.75,46596.332,5444413.5,12114.665
156353.14,58490.1,4311295.0,7642.165
90786.59,50792.34,2503357.2,5109.607
105.399994,17891.55,2906.3083,15.843859
102104.695,26563.71,2815443.5,10989.209
248779.64,76875.81,6859871.0,9251.82
106.95,9612.63,2949.0483,30.811749
279.0,28522.08,7693.17,26.968681
187641.44,44678.85,5174041.0,12007.14
154717.89,66220.05,4266204.5,6679.363
23936.648,28095.78,660031.2,2434.9663
73518.05,21798.72,2027192.9,9641.995
30198.648,15639.12,832700.1,5520.082
262143.0,202261.95,7228353.5,3704.7239
396.8,42890.13,10941.396,25.45229
3861.0498,10026.75,106464.914,1100.0175
299.15,20892.18,8248.787,39.9406
59940.047,51536.19,1652792.0,3324.4756
145.7,8328.51,4017.5442,49.01972
262143.0,100243.14,7228353.5,7476.0894
158630.1,57733.2,4374079.5,7855.135
277.44998,25517.1,7650.4297,30.088688
262143.0,67956.57,7228353.5,11028.499
232.5,23599.621,6410.9746,27.168707
2422.65,43862.79,66802.35,156.92227
74310.1,39664.17,2049033.1,5355.714
178339.89,34887.87,4917559.5,14614.814
48499.5,42136.71,1337329.4,3289.983
530.1,19977.81,14617.021,74.86804
40451.9,43294.68,1115424.1,2670.489
378.19998,69231.99,10428.519,14.619376
76543.65,26618.52,2110621.0,8220.938
53126.25,46784.25,1464907.8,3245.822
40.3,15138.87,1111.2356,6.61133
171882.6,85530.57,4739505.5,5744.9194
272.8,23483.91,7522.21,32.214134
30629.549,41539.89,844581.8,2107.2605
454.15,46464.09,12522.7705,26.946722
31714.549,21091.41,874499.7,4298.3413
151.9,9748.35,4188.5034,43.552868
409.19998,15245.01,11283.315,75.74621
181542.19,62517.332,5005860.0,8301.83
156.54999,29408.61,4316.7227,14.220452
50903.547,13073.49,1403618.8,11131.828
296.05,25918.17,8163.3076,31.659512
164574.34,72734.61,4537987.0,6468.4893
262143.0,147846.94,7228353.5,5068.6143
56426.2,32639.791,1555900.9,4941.907
328.59998,41035.29,9060.844,21.89597
101418.05,48142.32,2796509.8,6022.3374
78498.195,30426.51,2164516.0,7375.605
837.0,62334.63,23079.51,37.392384
227.84999,21534.24,6282.755,29.252998
17.05,16251.6,470.13812,1.9996958
113.149994,11375.25,3120.0076,27.44085
246.45,27687.75,6795.6333,24.450138
146399.05,57800.19,4036819.8,7240.9907
126683.05,53882.582,3493169.2,6721.319
84014.65,29273.76,2316627.0,8204.887
49248.15,33878.67,1357972.6,4155.354
204.59999,21112.291,5641.6577,26.708897
74.399994,3407.79,2051.5117,61.423634
192207.75,70726.65,5299953.0,7769.2827
78223.84,26441.041,2156951.0,8457.816
61897.7,56113.26,1706772.4,3152.973
145.7,21221.91,4017.5442,18.63017
99151.945,45929.91,2734024.2,6171.408
41561.7,42609.99,1146025.9,2787.8867
262143.0,90685.32,7228353.5,8264.142
193436.89,71266.05,5333845.5,7759.7847
209.25,24988.14,5769.8774,22.94311
158898.25,83091.09,4381474.0,5466.8125
51.149998,13923.48,1410.4144,9.503809
65968.0,27202.291,1819007.2,6932.888
97271.8,40384.53,2682180.8,6885.8545
1083.45,3932.4,29875.14,786.7713
494.44998,31983.81,13634.006,43.201923
241147.44,45748.082,6649420.0,15070.578
226166.69,70600.5,6236339.5,9158.46
262143.0,84021.99,7228353.5,8919.6045
39931.098,22883.61,1101063.5,4988.2554
152019.34,41325.87,4191794.2,10516.821
262143.0,95133.63,7228353.5,7877.675
66384.945,54467.22,1830504.1,3483.8442
364.25,35612.582,10043.86,28.24456
64214.95,45196.5,1770668.5,4061.3782
223.2,20135.28,6154.5356,30.694618
155.0,7971.81,4273.9834,54.59347
27.9,3866.28,769.31696,19.632881
95813.25,22126.71,2641962.8,12380.057
29566.25,12145.2,815262.3,6959.502
262143.0,51831.12,7228353.5,14459.944
189.09999,29541.72,5214.2593,17.30226
35116.8,13685.1,968313.7,7335.9575
145.7,20138.76,4017.5442,19.685966
136829.34,49776.18,3772944.0,7858.7134
29.449999,3085.02,812.05676,26.29457
249.54999,37354.32,6881.113,18.101423
279.0,35756.13,7693.17,21.310162
90344.84,48860.07,2491176.5,5285.866
207.7,22343.34,5727.137,25.578924
121713.75,48143.19,3356145.2,7227.593
71985.1,43580.91,1984923.4,4721.754
146591.25,42326.37,4042119.5,9901.525
192.2,29681.791,5299.7393,17.514513
30212.6,28986.66,833084.8,2979.1553
213106.39,91772.82,5876214.0,6638.4395
117717.84,55392.9,3245961.8,6075.272
196302.84,60900.0,5412871.5,9215.336
0.0,20818.23,0.0,-1.0
146231.64,60426.72,4032203.8,6918.2866
161979.64,104902.86,4466440.5,4413.9126
157152.94,56988.48,4333348.5,7883.686
144221.3,39397.082,3976770.2,10465.81
26.349998,3482.61,726.5771,20.633396
375.09998,21442.02,10343.039,49.018463
105914.59,38328.72,2920498.0,7899.971
86181.55,48251.94,2376377.2,5105.7954
135070.1,50734.92,3724434.2,7611.042
2087.8499,36007.56,57570.55,164.78857
70923.35,49039.29,1955646.5,4134.177
176.7,12447.96,4872.341,39.58704
101563.75,42046.23,2800527.5,6905.542
514.6,42991.05,14189.624,33.224785
2126.5999,6066.5103,58639.047,1001.29565
101328.15,51695.4,2794031.0,5603.375
15850.3,19021.68,437057.53,2381.526
165629.89,80121.78,4567092.5,5909.6753
147.25,22800.96,4060.284,17.465076
80.6,29674.83,2222.4712,6.7659717
130.2,8503.38,3590.1458,42.779255
120579.15,50525.25,3324859.8,6822.587
2371.5,14213.19,65391.94,476.06827
107123.59,52994.31,2953835.0,5778.6943
124.0,16091.5205,3419.1865,21.032999
94019.9,50167.68,2592512.8,5357.519
166524.25,85199.97,4591754.0,5587.3945
48854.45,27551.16,1347116.8,5069.0615
1979.35,20383.23,54578.766,276.65057
147.25,17695.8,4060.284,22.79217
262143.0,109397.28,7228353.5,6850.422
88.35,4511.82,2436.1704,54.98914
75170.35,39001.23,2072753.6,5509.833
49488.4,74958.33,1364597.4,1886.698
48.05,3928.92,1324.9348,33.967873
77965.0,33304.47,2149813.5,6692.39
2104.9,17560.95,58040.688,341.71448
-13.95,3090.24,-384.65848,-13.907168
77.5,6320.55,2136.9917,34.058704
757.94995,20217.93,20899.777,106.18965
11260.75,21852.66,310504.88,1472.3706
100810.445,27492.871,2779755.8,10483.179
130.2,23606.58,3590.1458,14.769825
237.15,30210.75,6539.1943,21.444536
57863.047,27067.44,1595520.6,6111.279
262143.0,98990.34,7228353.5,7570.7183
785.85,9355.98,21669.094,239.15924
217564.19,88986.21,5999133.5,6989.588
81227.75,33785.582,2239781.0,6873.198
392.15,31152.09,10813.178,34.99267
1343.85,40174.86,37055.434,94.64129
56937.7,35595.18,1570005.0,4572.595
336.34998,27813.9,9274.543,33.576298
261.94998,20560.71,7223.0312,35.42749
162.75,14426.34,4487.682,31.256245
262143.0,87442.83,7228353.5,8570.623
705.25,42148.89,19446.623,46.841625
29680.95,26725.53,818425.0,3174.4146
64999.246,31060.74,1792294.8,5982.365
1429.1,14379.36,39406.125,283.16595
1565.5,14723.01,43167.23,303.02234
1711.2,16784.041,47184.773,290.50986
1120.65,15603.45,30900.898,204.35173
100128.445,57218.16,2760950.2,5002.4844
21307.85,46943.46,587544.44,1296.8171
222854.34,75255.87,6145004.5,8466.003
262143.0,79412.73,7228353.5,9437.373
188242.84,54454.17,5190624.0,9883.081
74.399994,4491.81,2051.5117,46.35878
262143.0,86622.42,7228353.5,8651.806
10.849999,5101.68,299.1788,5.080867
41467.15,25596.27,1143418.6,4631.0845
35386.5,44199.48,975750.4,2288.1245
262143.0,84205.56,7228353.5,8900.157
262143.0,81878.31,7228353.5,9153.157
90072.05,38694.99,2483654.2,6654.555
54449.95,31005.06,1501407.5,5020.2734
2879.9,15397.26,79410.6,533.78955
148.79999,23432.58,4103.0234,17.156485
86595.4,46626.78,2387789.0,5309.17
262143.0,73414.95,7228353.5,10208.459
-4.6499996,5089.5,-128.21948,-3.6123223
80.6,3641.82,2222.4712,62.279865
37.199997,11631.9,1025.7559,8.144106
111964.25,34756.5,3087311.8,9209.693
364.25,41298.03,10043.86,24.218496
69382.65,34647.75,1913163.0,5724.6504
674.25,14827.41,18591.826,129.01836
39478.5,26702.91,1088583.5,4226.183
15.5,3500.8801,427.39832,11.659118
71238.0,38717.61,1964322.6,5259.804
426.25,44976.39,11753.454,26.097473
20866.1,29086.71,575363.6,2050.1416
217068.19,62410.32,5985456.5,9943.633
171936.84,58185.6,4741001.0,8447.943
52064.5,46792.95,1435631.0,3180.3416
169895.5,51090.75,4684713.0,9506.987
32511.248,11881.59,896467.94,7822.626
149044.89,130305.99,4109776.5,3269.4062
69240.05,43730.55,1909231.0,4526.114
157884.55,131034.18,4353522.0,3444.1174
320.84998,30188.13,8847.145,29.388885
42817.2,19607.19,1180645.1,6242.8423
15763.5,27284.94,434664.1,1650.8805
181405.8,58743.27,5002099.0,8828.62
130437.15,60630.3,3596685.0,6150.21
88.35,24304.32,2436.1704,9.393744
43.399998,18918.15,1196.7152,5.559338
517.7,35265.45,14275.1045,40.97375
564.2,35442.93,15557.299,44.514782
67697.8,32572.8,1866704.9,5941.4897
56875.7,42572.582,1568295.4,3818.845
241469.84,76941.93,6658310.0,8972.23
517.7,30501.33,14275.1045,47.529785
72352.445,45474.9,1995052.5,4548.152
2309.5,40554.18,63682.35,161.82886
41668.65,39051.69,1148974.9,3049.834
143716.0,41426.79,3962837.2,9918.113
223.2,3172.02,6154.5356,200.1904
161.2,25183.02,4444.9424,17.302322
1002.85,47613.36,27652.67,59.22213
336.34998,34893.09,9274.543,26.56138
173897.6,37604.88,4795067.0,13221.037
69739.15,56344.68,1922993.2,3537.936
350.3,35123.64,9659.202,27.516066
107167.0,46071.72,2955032.0,6649.8267
122.45,23811.03,3376.4465,13.7038
236051.05,82931.01,6508891.5,8137.38
87142.55,17785.41,2402876.0,14008.266
21808.5,10828.89,601349.44,5757.2544
1705.0,16489.11,47013.816,294.64886
145.7,20321.46,4017.5442,19.499989
178932.0,93948.69,4933886.0,5444.6064
305.34998,30537.0,8419.746,27.590418
194532.75,108456.81,5364062.5,5127.435
134.84999,5688.93,3718.3652,66.77497
685.1,61621.23,18891.006,30.788687
99.2,4990.32,2735.349,55.837147
59907.5,32642.4,1651894.5,5246.4478
49551.95,44553.57,1366349.6,3179.0007
347.19998,34196.22,9573.722,28.030237
111048.195,60717.3,3062052.5,5228.354
36778.4,40416.72,1014130.7,2600.841
191934.94,96932.79,5292430.5,5660.5107
117122.65,107972.22,3229550.0,3100.5435
378.19998,22666.11,10428.519,46.708256
262143.0,69847.95,7228353.5,10729.837
210880.6,67660.77,5814839.5,8910.455
131827.5,79110.84,3635022.8,4763.518
82867.65,28910.97,2284999.5,8194.422
104902.445,40598.55,2892589.0,7386.9526
1576.35,52302.66,43466.41,85.174324
112116.15,46703.34,3091500.2,6862.8726
584.35,47340.18,16112.916,34.29329
176.7,20585.07,4872.341,23.543312
59780.4,43222.47,1648389.8,3953.5603
237.15,17045.91,6539.1943,38.77882
32912.7,17387.82,907537.56,5411.119
94184.195,45701.1,2597043.0,5891.5103
93412.3,109147.59,2575758.8,2446.0278
51.149998,4325.64,1410.4144,32.80993
71476.695,55328.52,1970904.5,3692.7239
13176.55,46246.59,363331.3,813.64984
95559.05,27690.36,2634953.2,9866.16
182.9,27244.92,5043.3,18.194515
94661.59,34924.41,2610206.8,7748.857
52521.75,29576.52,1448239.2,5076.397
745.55,23229.0,20557.86,90.768845
166090.25,54459.39,4579786.5,8719.077
104817.195,39327.48,2890238.2,7619.534
55.8,20451.09,1538.6339,6.8012958
227.84999,23654.43,6282.755,26.541367
87032.5,67873.92,2399841.5,3665.2957
154745.8,50398.23,4266974.0,8778.152
2089.4,28304.58,57613.29,210.06383
93.0,27662.52,2564.39,8.612585
105.399994,12339.21,2906.3083,23.423182
79998.59,40790.82,2205888.0,5606.495
191249.84,62466.87,5273539.5,8752.875
139.5,13415.4,3846.585,28.731688
20841.299,77965.05,574679.75,763.31757
105593.75,43887.15,2911651.0,6878.3887
262143.0,102740.04,7228353.5,7294.3735
122687.15,50781.03,3382986.0,6906.908
29746.049,22340.73,820220.06,3805.9827
187537.6,72839.88,5171177.5,7360.5303
190842.19,107093.52,5262298.5,5094.1875
126484.65,45188.67,3487698.5,8002.0815
212280.25,112856.4,5853433.5,5377.143
262143.0,85762.86,7228353.5,8738.528
547.14996,27014.371,15087.16,56.910927
75581.1,31401.78,2084079.8,6880.893
135082.5,41644.29,3724776.2,9273.545
36403.3,12177.39,1003787.7,8546.43
131.75,9786.63,3632.8857,37.491642
60.449997,5659.35,1666.8534,29.540682
58912.4,51472.68,1624455.5,3271.4944
5358.3496,73059.99,147751.6,208.70096
52749.598,28378.53,1454521.9,5313.694
105.399994,21726.51,2906.3083,12.870739
72.85,10083.3,2008.7721,19.65741
81342.445,28106.22,2242943.5,8273.919
337.9,8410.29,9317.283,113.87518
94.549995,7107.0303,2607.1296,37.03841
117885.25,49809.242,3250578.0,6766.0366
135147.6,57995.07,3726571.2,6661.9453
31215.45,23430.84,860737.44,3808.1733
96420.84,63266.4,2658716.5,4356.594
54753.75,33201.81,1509784.6,4714.2114
146419.2,74853.06,4037375.5,5591.9053
203008.14,67679.914,5597764.0,8575.354
21.699999,3372.12,598.3576,17.399485
179060.64,108300.21,4937433.5,4726.3726
50716.0,44270.82,1398447.2,3274.491
55431.098,36251.16,1528461.8,4371.004
196.84999,26102.61,5427.9585,20.562569
137.95,19810.77,3803.845,18.909912
486.69998,31429.621,13420.307,43.276283
151275.34,57814.98,4171279.2,7480.2944
153412.8,32430.99,4230217.5,13524.407
189.09999,26546.31,5214.2593,19.367434
262143.0,88354.59,7228353.5,8482.17
161.2,13090.89,4444.9424,34.208282
68.2,3276.42,1880.5525,58.516006
49.6,3104.16,1367.6746,44.68636
224.75,21810.03,6197.276,28.46405
186043.39,98847.664,5129976.5,5380.4194
40498.4,20682.51,1116706.2,5597.6533
51.149998,10918.5,1410.4144,12.394658
83526.4,48459.87,2303164.0,4927.2246
172978.44,62392.92,4769722.0,7925.941
16874.85,18716.31,465308.53,2576.9153
378.19998,33271.41,10428.519,31.50119
22411.45,12193.05,617975.2,5254.4097
262143.0,86064.75,7228353.5,8707.873
148573.7,62571.27,4096784.0,6788.159
132507.95,29601.75,3653785.5,12797.927
74404.65,36479.1,2051640.1,5830.831
208490.5,94688.19,5748935.0,6294.6343
96978.84,45900.332,2674103.0,6040.0186
262143.0,80317.53,7228353.5,9331.047
150773.14,56516.07,4157431.5,7626.8306
86.799995,3621.81,2393.4304,67.52405
1663.1499,39997.38,45859.836,117.89096
71199.25,46913.01,1963254.2,4338.414
110426.65,53989.59,3044913.8,5847.0737
-31.0,2940.6,-854.79663,-31.142185
192488.3,25264.8,5307688.5,21782.99
69.75,9220.26,1923.2925,20.629679
168861.64,33692.49,4656205.5,14329.025
435.55,54602.07,12009.893,21.80751
263.5,30666.63,7265.7715,23.567646
559.55,59163.48,15429.079,26.041712
236282.0,45758.52,6515260.0,14763.124
48629.7,24376.53,1340919.5,5702.9897
218.54999,28789.17,6026.316,20.705542
49703.848,58294.35,1370538.1,2436.881
57233.75,39300.51,1578168.2,4162.926
124886.59,47288.85,3443633.5,7550.027
254683.6,31029.42,7022667.0,23467.012
204.59999,25057.74,5641.6577,22.346012
105973.5,35157.57,2922122.2,8617.415
207.7,24674.07,5727.137,23.068258
651.0,12043.41,17950.729,153.55408
81272.695,53341.44,2241020.2,4355.4116
88849.09,50106.78,2449932.5,5068.971
279.0,35065.35,7693.17,21.749666
123011.09,54527.25,3391918.5,6449.2964
110.049995,23031.51,3034.5278,12.662072
262143.0,60569.4,7228353.5,12373.681
56571.9,29792.28,1559918.4,5428.3276
104373.9,45017.28,2878014.8,6628.2075
73324.3,41802.63,2021850.4,5014.2583
91513.55,49170.66,2523402.2,5320.4297
32255.498,19314.0,889415.9,4774.0786
50413.75,40415.85,1390113.0,3565.533
379.75,34737.36,10471.259,30.257193
26092.7,22071.03,719482.3,3379.2236
69275.695,62525.16,1910213.9,3166.9263
93.0,5294.82,2564.39,49.220467
17.05,7174.89,470.13812,5.794509
5834.1997,19405.35,160872.72,858.6245
203.04999,17624.46,5598.9175,31.940948
145797.64,72327.45,4020236.5,5762.633
159532.19,69486.9,4398954.0,6563.39
48043.797,30112.44,1324763.8,4560.8438
165295.1,73185.27,4557861.0,6456.8096
213205.6,69446.88,5878949.0,8776.984
26970.0,73492.38,743673.06,1048.2708
174723.75,44513.55,4817847.5,11221.993
43451.15,33769.92,1198125.6,3677.9187
128022.24,53149.17,3530096.2,6886.124
297.59998,26716.83,8206.047,30.849083
93437.09,33730.77,2576442.5,7919.3086
149923.75,55715.67,4134010.2,7692.821
142737.95,69023.19,3935868.5,5911.8037
-26.349998,4156.86,-726.5771,-19.124422
189963.34,78747.18,5238065.5,6896.3745
87568.8,19449.72,2414629.5,12872.155
27.9,3606.15,769.31696,21.121237
133149.64,37410.0,3671479.5,10175.566
24720.95,8521.65,681657.56,8293.504
51520.45,28616.041,1420629.2,5146.7695
45467.7,22919.28,1253730.2,5671.1934
101577.695,35355.93,2800912.0,8213.574
158433.25,58127.31,4368652.0,7792.187
40.3,9650.04,1111.2356,10.940566
141.05,6080.43,3889.3247,65.32661
171713.64,81908.76,4734846.5,5993.0923
156860.0,69307.68,4325271.0,6470.126
62.0,3205.08,1709.5933,54.309765
75984.1,24885.48,2095192.1,8729.23
136158.2,45324.39,3754438.0,8588.36
262143.0,61404.6,7228353.5,12205.365
199550.1,46396.23,5502411.5,12296.54
191981.44,82031.43,5293712.5,6690.5693
119697.195,57478.29,3300540.8,5953.2783
253558.3,75201.93,6991638.0,9639.462
42070.098,23063.7,1160044.5,5214.471
262143.0,78586.23,7228353.5,9536.638
262143.0,93273.57,7228353.5,8034.792
98268.445,29963.67,2709662.5,9376.09
6799.8496,29819.25,187499.62,651.006
104803.25,26472.36,2889853.8,11318.601
262143.0,122739.6,7228353.5,6105.6436
232121.8,55725.242,6400546.0,11909.032
226272.1,94852.62,6239246.0,6819.727
184.45,21310.65,5086.04,23.747478
365.8,60115.26,10086.6,16.398344
94.549995,3468.69,2607.1296,76.93724
104496.34,49671.78,2881391.0,6014.065
48505.7,21582.09,1337500.2,6425.1113
66843.75,38157.332,1843155.2,5007.7783
262143.0,54514.2,7228353.5,13748.206
172.04999,5256.54,4744.121,92.58445
258.85,32614.56,7137.5522,21.692673
2083.2,47582.91,57442.332,124.17826
142.59999,25774.621,3932.0642,14.818897
262143.0,74732.13,7228353.5,10028.515
208884.19,90637.47,5759790.5,6588.414
141732.0,77610.09,3908130.2,5220.541
75153.3,34356.3,2072283.4,6253.4717
245769.55,42515.16,6776870.5,16527.492
6004.6997,15849.66,165574.1,1082.2291
185221.89,63232.47,5107324.0,8374.314
221730.6,149116.27,6114018.5,4250.5728
168.95,40093.95,4658.6416,11.048371
48.05,6467.58,1324.9348,20.242252
953.25,69249.39,26284.996,38.358616
106746.945,34762.59,2943449.2,8778.955
176447.34,74587.71,4865374.0,6762.895
102563.5,39524.1,2828094.8,7418.5884
134679.5,34539.0,3713664.0,11148.123
262143.0,104279.94,7228353.5,7186.643
262143.0,81097.92,7228353.5,9241.246
162.75,24734.97,4487.682,17.813023
75849.25,31699.32,2091473.6,6840.484
158732.39,48874.86,4376900.5,9285.008
189671.94,80662.05,5230030.0,6722.305
20325.148,9314.22,560447.4,6238.3057
173.59999,24728.88,4786.861,19.072165
658.75,18340.47,18164.428,101.69732
71785.15,50578.32,1979409.8,4057.0667
168.95,21329.791,4658.6416,21.647516
262143.0,97276.44,7228353.5,7704.1235
54821.95,16431.69,1511665.1,9538.404
261.94998,30322.98,7223.0312,23.699917
262143.0,99528.0,7228353.5,7529.815
64977.547,33062.61,1791696.4,5618.209
40315.5,29069.31,1111663.0,3964.3938
45041.45,35832.69,1241976.8,3593.032
140044.05,40353.21,3861586.5,9921.829
111187.695,35054.91,3065899.0,9067.947
70238.25,51258.66,1936755.5,3916.9187
83.7,4370.88,2307.951,53.752705
17752.15,16054.98,489499.3,3160.4783
71343.4,45240.87,1967229.0,4507.913
262143.0,81649.5,7228353.5,9178.811
262143.0,78435.72,7228353.5,9554.939
262143.0,57246.87,7228353.5,13091.89
128752.3,53234.43,3550226.8,6914.305
11823.399,120379.29,326019.44,279.82745
2478.45,6616.35,68340.99,1070.0522
9634.8,18251.73,265670.78,1508.3418
73248.35,33886.5,2019756.2,6179.45
109085.9,34995.75,3007943.8,8911.557
128253.195,51227.34,3536464.5,7157.39
262143.0,65178.66,7228353.5,11498.576
10405.149,37764.09,286912.47,786.8042
237.15,18987.75,6539.1943,34.71072
49.6,9399.48,1367.6746,14.087831
387.5,25881.63,10684.958,41.808407
564.2,54796.082,15557.299,28.439644
49654.25,39027.332,1369170.5,3636.7808
151.9,22738.32,4188.5034,18.10066
18572.1,34987.92,512108.66,1516.7207
61739.598,19667.22,1702412.9,8974.73
147958.34,61141.86,4079816.0,6918.103
128.65,19886.46,3547.406,17.497
424.69998,25780.71,11710.714,46.101677
32.55,5089.5,897.53644,17.286259
64622.598,42300.27,1781909.0,4367.0767
59079.797,46306.62,1629071.4,3646.9165
102193.05,68524.68,2817879.8,4263.06
18959.6,19000.8,522793.62,2852.0293
262143.0,69238.95,7228353.5,10824.221
12100.85,21175.8,333669.84,1632.8982
73161.55,29030.16,2017362.8,7204.8037
182813.19,57601.832,5040906.5,9073.448
4.6499996,3583.53,128.21948,2.7101448
140888.8,44619.69,3884879.8,9027.152
262143.0,132032.08,7228353.5,5675.855
1160.95,66541.95,32012.133,48.88465
110.049995,17301.69,3034.5278,17.186558
90191.4,46757.28,2486945.2,5514.2456
63.55,5503.62,1752.3331,32.015366
113.149994,4308.24,3120.0076,74.09372
209265.5,92233.92,5770304.5,6486.1797
62.0,3961.11,1709.5933,43.753166
322.4,19906.47,8889.885,45.30733
184.45,28017.48,5086.04,17.823421
62.0,6847.77,1709.5933,24.887583
195191.5,91505.734,5382227.0,6098.0415
282.1,37967.67,7778.6494,20.24409
54.25,3292.95,1495.8942,46.104633
13596.6,27103.98,374913.78,1433.3206
72137.0,50868.9,1989111.8,4053.6628
1255.5,22874.041,34619.266,155.9361
52867.4,28318.5,1457770.1,5336.854
199884.89,72201.3,5511643.0,7914.602
279.0,34398.06,7693.17,22.19099
29871.6,28039.23,823682.06,3045.0808
139.5,21654.3,3846.585,17.419552
76322.0,56869.29,2104509.2,3836.2573
45097.25,25282.2,1243515.4,5099.1646
168266.44,34912.23,4639793.0,13779.625
103.85,6623.31,2863.5686,43.831203
50384.297,36551.31,1389300.9,3940.316
262143.0,86729.43,7228353.5,8641.129
21352.799,16518.69,588783.9,3694.968
205779.55,39963.45,5674183.0,14721.727
33909.348,18176.91,935019.25,5332.943
725.39996,66843.84,20002.24,30.028809
39755.95,19300.08,1096233.9,5888.6836
110263.9,57934.17,3040426.2,5440.8623
32811.95,35882.28,904759.5,2613.5742
80784.445,44967.69,2227557.2,5135.605
114720.15,54963.12,3163303.2,5966.8423
74578.25,51884.19,2056427.0,4108.8516
206.15,26677.68,5684.3975,21.094503
161107.0,53845.17,4442378.0,8553.933
53490.5,40922.19,1474951.6,3736.376
38666.297,24594.03,1066187.8,4494.2295
835.44995,27553.77,23036.768,85.69387
257.3,29473.86,7094.812,23.960413
82128.3,72783.33,2264612.8,3225.3384
976.5,26308.8,26926.094,105.1256
41.85,9653.5205,1153.9755,11.395349
84972.55,60404.97,2343040.2,4021.1196
175.15,26436.69,4829.601,17.943146
262143.0,137001.52,7228353.5,5469.939
150154.7,65909.46,4140378.5,6512.886
121261.15,41273.67,3343665.2,8399.354
164030.3,93481.5,4522985.5,5016.038
262143.0,105630.18,7228353.5,7094.7656
76562.25,41220.6,2111134.0,5309.6704
89036.65,51343.05,2455104.2,4957.3384
155074.39,82334.19,4276034.5,5384.2876
142838.7,90976.77,3938646.5,4488.1523
1136.15,11832.0,31328.297,273.5532
109794.25,86509.32,3027476.0,3627.8223
170878.19,27988.77,4711809.5,17455.285
24361.35,12769.86,671741.94,5453.616
167462.0,90198.99,4617611.5,5307.3994
231356.1,73054.77,6379432.5,9053.852
170151.25,74443.29,4691765.0,6534.196
161.2,19106.94,4444.9424,23.122532
190457.8,52025.13,5251699.5,10466.298
-17.05,4283.88,-470.13812,-12.379837
262143.0,94540.29,7228353.5,7927.122
193515.94,70530.03,5336025.0,7843.9766
101191.75,36119.79,2790270.0,8009.3022
69801.15,42145.41,1924702.9,4734.45
258.85,16024.53,7137.5522,45.18616
262143.0,47465.46,7228353.5,15789.997
1305.1,31062.48,35986.938,119.131424
59879.598,34592.94,1651125.1,4948.261
164924.64,43188.54,4547646.0,10917.576
98776.84,63205.5,2723681.0,4467.371
327.05,37828.47,9018.1045,23.719767
446.4,27734.73,12309.071,45.020275
56849.348,29573.91,1567568.8,5495.2407
206405.75,119770.29,5691449.5,4926.444
137936.05,63375.15,3803460.2,6222.1143
51639.797,26028.66,1423920.1,5671.5938
154178.5,64744.53,4251331.0,6807.7866
55181.547,40437.6,1521580.6,3900.7322
2907.7998,21402.0,80179.92,387.47147
108622.445,68535.99,2995164.5,4530.5825
378.19998,52213.92,10428.519,19.710194
128.65,26229.63,3547.406,13.0238285
25788.898,26291.4,711105.3,2803.5818
130691.34,67263.18,3603694.2,5554.4395
311.55,30330.81,8590.706,28.36924
58221.098,53592.87,1605393.5,3105.1494
447.94998,24038.1,12351.811,52.28174
262143.0,69265.92,7228353.5,10820.006
9067.5,17895.03,250028.02,1447.7856
29242.299,25478.82,806329.6,3280.5662
206.15,22094.52,5684.3975,25.677662
262143.0,127498.5,7228353.5,5877.712
236641.6,70651.83,6525175.5,9575.718
166178.6,86291.82,4582222.5,5505.231
-6.2,13062.18,-170.95932,-2.357141
131906.55,41616.45,3637202.2,9061.548
44.949997,3133.74,1239.4551,40.01245
70650.55,44996.4,1948124.2,4488.3843
84113.84,39148.26,2319362.2,6142.332
43818.5,38147.76,1208255.0,3283.2593
86533.4,52084.29,2386079.2,4749.3545
262143.0,58886.82,7228353.5,12727.264
25522.299,14186.22,703754.06,5143.0137
107484.75,53453.67,2963793.8,5748.344
97090.445,47716.02,2677180.2,5816.8335
90388.25,26877.78,2492373.2,9614.405
1897.2,20385.84,52313.555,265.09302
176672.1,35511.66,4871571.5,14223.794
223.2,27343.23,6154.5356,22.339598
33486.2,19335.75,923351.3,4950.6943
68350.35,30530.91,1884698.4,6400.0317
56987.297,48282.39,1571372.6,3373.724
140058.0,56435.16,3861971.2,7094.8945
463.44998,46655.492,12779.209,27.40201
262143.0,112024.68,7228353.5,6689.7305
78443.945,39436.23,2163020.0,5686.39
409.19998,34301.49,11283.315,33.10921
68894.4,42976.26,1899700.0,4582.574
116863.8,71229.51,3222412.2,4690.039
339.44998,27857.4,9360.022,33.840485
153.45,13668.57,4231.243,31.099094
134592.7,37885.89,3711270.8,10156.6455
129531.945,48287.61,3571725.0,7668.9087
79.049995,17830.65,2179.7312,11.676041
67876.05,45157.35,1871619.9,4296.7095
38841.45,69653.94,1071017.4,1593.4053
88906.445,33274.89,2451514.0,7638.5117
184.45,19830.78,5086.04,25.594257
147.25,10570.5,4060.284,38.829857
198.4,15464.25,5470.698,35.68274
2411.7998,71673.21,66503.17,95.21291
183079.8,51472.68,5048258.0,10168.806
240195.75,58698.03,6623178.0,11699.132
139593.0,31311.3,3849149.2,12746.1045
262143.0,76486.05,7228353.5,9798.525
21118.75,19066.92,582330.2,3165.9167
7154.8,41652.12,197287.06,490.1446
191080.89,74414.58,5268881.0,7340.8965
29967.7,91652.76,826331.9,933.88214
35378.75,18623.22,975536.7,5430.7114
56218.5,42603.9,1550173.8,3771.9316
142322.55,58022.91,3924414.0,7012.313
100215.25,36571.32,2763343.8,7834.0566
201.5,24886.35,5556.178,22.150633
82177.9,38440.082,2265980.5,6111.512
71.299995,18887.7,1966.0321,9.793428
164802.19,62767.02,4544269.5,7506.2427
34292.2,25902.51,945576.0,3784.3188
262143.0,88680.84,7228353.5,8450.96
262143.0,43359.93,7228353.5,17285.166
33782.25,12615.87,931514.6,7655.3247
80500.8,20544.18,2219735.8,11202.672
3836.25,24207.75,105781.086,452.10776
180021.64,56940.63,4963932.0,9038.646
138478.55,54956.16,3818419.2,7203.6865
68914.55,20117.01,1900255.6,9793.82
240662.3,66000.81,6636042.5,10424.761
59537.047,31403.52,1641679.6,5419.7324
66471.75,53290.98,1832897.8,3565.4194
262143.0,93215.28,7228353.5,8039.816
146540.1,18322.2,4040709.0,22866.982
156427.55,59342.7,4313346.5,7535.938
136.4,9066.2705,3761.105,42.01646
74280.65,43316.43,2048220.9,4902.1143
147259.3,84350.85,4060540.5,4990.6284
134718.25,49703.1,3714732.5,7748.825
115988.05,44321.28,3198264.2,7481.555
231239.84,80025.21,6376227.0,8260.993
262143.0,136084.53,7228353.5,5506.804
34585.15,60460.65,953653.8,1634.5575
160578.44,61013.97,4427803.5,7524.008
109837.65,59853.39,3028672.8,5246.005
127836.24,58852.02,3524967.5,6209.7153
144.15,6102.18,3974.8042,66.54273
55395.45,39182.19,1527478.9,4041.3542
135919.5,75916.2,3747856.0,5118.132
262143.0,71329.56,7228353.5,10506.943
257.3,21265.41,7094.812,33.595135
262143.0,99697.65,7228353.5,7517.0005
84862.5,54669.06,2340005.8,4437.367
91161.695,30432.6,2513700.2,8563.9
83617.84,51135.992,2305685.5,4674.427
78115.34,52351.38,2153959.2,4265.3574
103732.195,47381.94,2860320.5,6258.6455
262143.0,109509.51,7228353.5,6843.401
191716.39,104378.25,5286404.0,5250.6797
19046.398,19882.11,525187.0,2738.0464
67353.695,58767.63,1857216.5,3275.9683
246.45,26082.6,6795.6333,26.016365
41555.5,23122.86,1145854.9,5137.495
80001.695,45193.89,2205973.5,5060.374
208592.8,115401.15,5751755.5,5167.1865
88762.3,38331.332,2447539.2,6620.001
70556.0,32885.13,1945517.1,6133.5596
198.4,28204.53,5470.698,19.112766
74103.945,43502.61,2043348.5,4869.5166
161.2,23864.1,4444.9424,18.313856
100422.945,49262.01,2769070.8,5827.6743
114191.59,41391.99,3148728.8,7886.9985
262143.0,98115.12,7228353.5,7638.261
126728.0,34048.32,3494408.8,10641.064
169370.05,60546.78,4670224.0,7997.2417
103313.695,57271.23,2848780.8,5156.87
156550.0,37285.59,4316723.0,12003.969
71839.4,33506.31,1980905.8,6129.3477
784.3,25807.68,21626.355,85.892494
217765.69,95302.414,6004689.5,6532.329
138484.75,49302.9,3818590.2,8030.1636
179798.44,75426.39,4957777.5,6814.718
221136.94,70119.39,6097649.0,9016.21
138218.14,38987.31,3811238.8,10135.564
5747.4,16421.25,158479.3,999.7237
34420.848,13183.98,949123.4,7463.9
175260.05,55230.21,4832635.5,9072.09
80.6,4494.42,2222.4712,50.275555
262143.0,100159.62,7228353.5,7482.325
158394.5,81954.0,4367583.5,5525.1025
129638.9,72985.17,3574674.0,5077.6665
202691.94,56082.81,5589045.0,10332.697
116581.695,41257.14,3214633.5,8078.421
262143.0,73317.51,7228353.5,10222.028
-9.299999,3348.6301,-256.43896,-8.940807
60758.45,39597.18,1675358.6,4386.24
244760.5,73910.85,6749047.0,9467.5205
341.0,39786.84,9402.763,23.50552
146998.89,63645.72,4053360.0,6602.7993
168.95,21528.15,4658.6416,21.438843
-46.5,16630.05,-1282.195,-8.994814
178276.34,129020.13,4915807.0,3949.8018
79586.3,66106.95,2194519.2,3441.2317
98660.59,48858.332,2720475.5,5772.698
114.7,23434.32,3162.7476,12.994585
0.0,3365.16,0.0,-1.0
82.149994,12194.79,2265.211,18.261148
251.09999,28859.64,6923.8525,23.877388
187388.8,42870.992,5167074.5,12496.67
42981.5,50874.992,1185175.5,2414.6067
94548.445,36471.27,2607087.0,7411.292
161798.3,53453.67,4461440.0,8653.568
189.09999,19509.75,5214.2593,26.713335
238841.05,58656.27,6585823.5,11641.427
440.19998,52900.35,12138.111,22.792519
59408.4,39349.23,1638132.2,4315.7866
262143.0,45941.22,7228353.5,16313.912
225080.14,46081.29,6206379.0,13964.662
239957.05,84573.57,6616596.0,8111.3716
51224.4,15285.9,1412465.9,9580.529
241435.75,44530.082,6657370.0,15501.334
310.0,17234.7,8547.967,50.42887
105.399994,11942.49,2906.3083,24.234499
705.25,49964.97,19446.623,39.357704
45838.15,44457.0,1263945.0,2947.0571
3361.95,13946.97,92702.695,688.22394
2681.5,14566.41,73939.91,525.34955
76937.34,34580.76,2121476.8,6360.384
55849.598,18323.07,1540001.6,8714.069
393.69998,42427.29,10855.917,25.531946
75274.195,47801.28,2075617.1,4501.519
83893.75,28743.93,2313293.5,8344.118
26918.85,46484.1,742262.6,1654.7739
209722.75,80066.1,5782913.0,7488.3794
76043.0,38566.23,2096816.1,5636.688
262143.0,118154.7,7228353.5,6342.607
94266.34,43205.94,2599308.2,6237.2417
68.2,10537.44,1880.5525,17.505388
221126.1,85344.39,6097350.0,7407.2227
195.29999,12182.61,5385.2188,44.83644
102868.84,32224.8,2836514.2,9126.306
262143.0,73460.19,7228353.5,10202.173
262143.0,103253.34,7228353.5,7258.106
81810.55,53631.15,2255851.0,4360.553
570.39996,7358.46,15728.257,220.63664
6158.15,38738.49,169805.34,453.52374
100295.84,52370.52,2765566.2,5474.7686
3109.2998,18871.17,85736.1,470.09967
122.45,9776.19,3376.4465,34.812786
262143.0,99488.85,7228353.5,7532.7783
83.7,22787.91,2307.951,9.50195
156356.25,49958.01,4311380.5,8947.682
68.2,6545.88,1880.5525,28.789642
173931.69,52625.43,4796007.0,9449.005
50013.848,34107.48,1379086.1,4191.66
196972.44,87535.92,5431335.0,6432.809
166465.34,55321.56,4590129.5,8602.564
37.199997,20238.81,1025.7559,4.2554135
461.9,36653.1,12736.47,35.031822
178.25,11339.58,4915.0806,43.94502
124.0,18350.041,3419.1865,18.321178
75571.8,79023.84,2083823.1,2733.328
151763.6,30162.9,4184742.2,14385.113
62688.2,33586.35,1728569.8,5335.69
361.15,27717.33,9958.381,36.25506
196.84999,20749.5,5427.9585,26.125437
106900.4,48144.93,2947680.8,6347.597
152750.94,54405.45,4211967.5,8026.6885
265.05,27273.63,7308.5107,26.786497
73015.85,38837.67,2013345.4,5374.4272
188813.25,98288.25,5206352.5,5491.6235
93373.55,50109.39,2574690.2,5326.8716
69.75,4902.45,1923.2925,39.679913
124474.3,35275.89,3432264.8,10088.06
128.65,7406.31,3547.406,48.665737
72.85,3992.43,2008.7721,51.17245
121413.05,41470.29,3347853.8,8369.999
3757.2,11282.16,103601.35,951.1843
3349.5498,23640.51,92360.77,404.11526
218365.55,66271.38,6021230.0,9420.218
94723.59,55639.98,2611916.5,4866.6597
262143.0,77744.07,7228353.5,9639.953
420.05,53123.07,11582.494,21.608242
262143.0,153789.03,7228353.5,4872.735
262143.0,65724.15,7228353.5,11403.134
64788.45,34106.61,1786482.2,5430.353
95966.695,62635.65,2646193.8,4379.7446
29442.25,20394.541,811843.1,4126.6807
168.95,20298.84,4658.6416,22.797754
262143.0,116840.13,7228353.5,6413.9785
7695.75,17588.791,212203.27,1250.0192
730.05,48312.84,20130.46,42.205498
216674.5,95988.84,5974601.0,6453.105
262143.0,48863.55,7228353.5,15338.184
200734.3,37716.24,5535064.5,15216.461
358.05,23858.01,9872.901,41.909996
42550.598,23910.21,1173293.8,5087.2827
178.25,16837.11,4915.0806,29.2699
168.95,16934.55,4658.6416,27.525517
9493.75,40760.37,261781.47,664.96075
112691.195,51838.95,3107356.5,6214.5957
138918.75,62916.66,3830557.5,6312.122
849.39996,53746.86,23421.428,44.186443
94391.9,55163.22,2602770.2,4891.537
68973.445,42703.082,1901879.6,4617.189
79459.195,59792.492,2191014.5,3798.675
84468.8,49239.39,2329149.8,4903.9277
157281.6,60793.86,4336896.0,7396.197
99.2,9221.13,2735.349,29.759304
27645.799,18044.67,762307.6,4379.5557
70652.1,41613.84,1948167.1,4853.408
58820.95,61758.69,1621933.9,2722.2214
240.25,22598.25,6624.674,29.39748
74229.5,38772.42,2046810.5,5472.972
116203.5,70456.95,3204205.2,4714.68
152924.55,65252.61,4216754.5,6699.826
77655.0,60437.16,2141265.5,3672.7903
130.2,11730.21,3590.1458,30.736145
93034.09,52931.67,2565330.0,5024.4565
182.9,25563.21,5043.3,19.45725
24734.898,16269.87,682042.2,4345.8535
224161.0,35418.57,6181034.5,18094.81
106.95,15639.99,2949.0483,18.552094
233213.0,81352.83,6430635.0,8195.512
1227.6,68366.34,33849.945,50.3409
167787.5,49881.45,4626587.0,9616.663
18.599998,3148.53,512.8779,15.890949
75181.195,15676.53,2073052.8,13711.236
23704.148,22067.55,653620.2,3070.2786
262143.0,67159.65,7228353.5,11159.376
29670.1,40304.49,818125.9,2103.8184
206.15,20243.16,5684.3975,28.117495
262143.0,45255.66,7228353.5,16561.06
9075.25,15287.64,250241.72,1696.3335
261068.05,85039.02,7198712.5,8776.774
129049.9,17292.99,3558433.0,21336.158
11138.3,17554.86,307128.44,1813.139
151.9,10459.14,4188.5034,40.52511
173759.64,59888.19,4791263.0,8294.7705
262143.0,144160.73,7228353.5,5198.2446
179.79999,9074.97,4957.8203,55.649162
6155.05,17861.97,169719.88,984.2608
75957.75,37258.62,2094465.5,5828.0034
135183.25,71459.19,3727554.5,5407.9604
221676.34,92750.7,6112522.5,6832.625
44681.848,27813.03,1232061.1,4592.3745
316.19998,28691.73,8718.925,30.51041
85763.05,33310.56,2364837.5,7360.516
203.04999,28556.01,5598.9175,19.330797
243697.19,49686.57,6719727.0,14022.632
262143.0,128306.734,7228353.5,5840.6807
83735.65,69533.01,2308934.0,3442.2488
4081.15,19450.59,112533.98,598.9275
262143.0,78038.13,7228353.5,9603.625
499.09998,5149.53,13762.226,276.1207
97219.09,56989.35,2680727.5,4876.607
93500.65,47014.8,2578194.8,5685.29
38094.348,25082.1,1050416.8,4341.558
76277.05,36985.44,2103269.8,5895.7407
121799.0,49024.5,3358496.0,7102.617
90775.75,26159.16,2503058.2,9920.904
262143.0,90032.82,7228353.5,8324.041
57.35,18708.48,1581.3738,7.764838
194872.19,37396.082,5373422.5,14898.537
124416.945,78150.36,3430683.5,4550.9507
378.19998,38944.68,10428.519,26.766577
55403.2,21684.75,1527692.5,7304.155
47952.348,44209.92,1322242.1,3100.2666
65.1,18982.53,1795.0729,8.805639
91750.695,45564.51,2529941.5,5756.469
268.15,17861.97,7393.9907,41.923725
249.54999,19229.61,6881.113,36.105312
262143.0,78574.05,7228353.5,9538.116
130606.09,99201.75,3601343.5,3763.377
330.15,28589.94,9103.584,32.017715
54893.25,33772.53,1513631.1,4646.3384
144680.1,76564.35,3989421.2,5401.9526
420.05,37202.07,11582.494,31.283665
150.34999,21017.46,4145.7637,19.453712
105989.0,45086.01,2922549.8,6720.528
89986.8,35449.02,2481303.5,7257.11
392.15,42451.65,10813.178,25.412327
81263.4,39546.72,2240764.0,5874.347
199436.94,66830.79,5499291.0,8531.533
131433.8,16936.291,3624166.8,22188.0
282.1,27401.52,7778.6494,28.435907
13937.6,49979.76,384316.56,796.3386
129220.4,43130.25,3563134.2,8565.395
119030.695,75208.02,3282162.5,4524.2627
232.5,16030.62,6410.9746,40.46881
790.5,18496.2,21797.314,121.19921
34704.5,32623.26,956944.8,3040.6372
31.0,8343.3,854.79663,9.623628
168807.39,75055.77,4654709.5,6429.672
152913.69,60286.65,4216455.0,7251.274
175421.25,48719.13,4837080.5,10294.126
77637.945,52167.81,2140795.2,4254.204
76960.59,39784.23,2122118.0,5530.0356
262143.0,116928.0,7228353.5,6409.1577
262143.0,69620.01,7228353.5,10764.971
110497.945,50366.91,3046879.8,6271.7485
4581.8,23117.64,126338.94,565.6848
199390.44,13126.561,5498009.0,43430.254
477.4,53771.22,13163.868,24.385254
117313.3,29034.51,3234806.8,11551.653
72522.945,31576.65,1999753.9,6565.869
110198.8,62510.37,3038631.0,5039.502
110493.3,42057.54,3046751.5,7510.749
299.15,30887.61,8248.787,26.69196
277.44998,27963.541,7650.4297,27.368835
79924.195,17429.58,2203836.5,13110.136
159679.44,86968.68,4403014.5,5248.7075
117.799995,19114.77,3248.227,16.620783
94221.4,76885.38,2598068.8,3502.9243
72278.05,46539.78,1993001.0,4439.4917
262143.0,107564.19,7228353.5,6967.183
198.4,18369.18,5470.698,29.881678
124824.59,38176.47,3441924.0,9347.746
49116.4,45987.332,1354339.8,3052.7769
32.55,7726.47,897.53644,11.045333
126157.59,53914.77,3478680.2,6689.4395
58100.2,45203.46,1602059.9,3673.9797
773.44995,30262.95,21327.176,72.07519
920.69995,80534.164,25387.459,31.687897
103408.25,37765.832,2851388.0,7827.9795
169810.25,49783.14,4682362.5,9751.829
262143.0,90514.8,7228353.5,8279.712
99313.15,35322.0,2738469.2,8038.1562
80.6,31745.43,2222.4712,6.259435
222043.69,96429.06,6122651.5,6582.8433
122178.75,39112.59,3368967.2,8930.576
172738.19,46926.93,4763097.5,10523.833
1232.25,32421.42,33978.168,107.67154
120126.55,43475.64,3312379.8,7899.271
221459.34,56947.59,6106539.0,11118.05
147460.8,43564.38,4066096.5,9677.1875
182444.3,59849.04,5030734.5,8715.098
70867.55,51414.39,1954107.8,3940.0476
91733.65,50961.992,2529471.5,5145.729
85437.55,22568.67,2355862.2,10823.1
212.34999,30362.13,5855.357,18.997192
161.2,24108.57,4444.9424,18.118004
262143.0,52432.29,7228353.5,14294.142
23961.45,26876.91,660715.06,2548.076
162.75,13953.93,4487.682,32.34828
201758.84,90993.3,5563315.5,6338.7505
57089.598,48234.54,1574193.4,3383.136
117370.65,41873.97,3236388.2,8013.2773
262143.0,83044.98,7228353.5,9024.555
226.29999,41061.39,6240.015,14.757956
122374.05,34211.88,3374352.5,10226.31
77431.8,74510.28,2135111.0,2970.3386
253840.39,96509.1,6999416.5,7519.408
262143.0,110216.82,7228353.5,6799.4766
59330.9,55806.15,1635995.2,3038.82
590.55,56769.242,16283.876,28.743536
43398.45,40145.28,1196672.5,3089.9265
17505.7,5858.58,482703.66,8542.505
175.15,11047.26,4829.601,44.331966
262143.0,39795.54,7228353.5,18833.447
61113.4,53993.94,1685146.0,3235.2375
599.85,33397.56,16540.314,50.354313
101498.65,50724.48,2798732.5,5720.26
262143.0,73417.56,7228353.5,10208.097
1598.0499,74533.77,44064.766,60.30364
63182.65,40436.73,1742203.8,4466.564
131.75,34336.29,3632.8857,9.971001
92052.945,46732.05,2538275.8,5631.119
41902.7,28734.36,1155428.6,4168.5527
262143.0,87364.53,7228353.5,8578.306
2115.75,17624.46,58339.87,342.2397
122291.9,57091.14,3372087.2,6123.6035
184355.44,73065.21,5083432.5,7213.302
40251.95,22315.5,1109910.6,5156.3813
1260.1499,36714.0,34747.48,97.13852
69607.4,32786.82,1919360.4,6069.2295
173111.75,30979.83,4773398.0,15976.046
72124.6,40108.74,1988769.9,5140.5425
41955.4,26086.08,1156881.8,4597.6255
139572.84,51577.95,3848593.5,7736.2363
52760.45,45418.35,1454821.1,3320.4377
262143.0,39939.09,7228353.5,18765.752
51915.7,29350.32,1431527.9,5056.488
823.05,27399.78,22694.85,84.88714
81102.195,15820.08,2236318.8,14656.939
97809.65,34868.73,2697011.5,8019.372
159.65,29126.73,4402.2026,14.672063
257.3,29048.43,7094.812,24.325972
126094.05,30287.31,3476928.0,11902.724
43051.25,19915.17,1187098.9,6179.886
69016.85,37778.01,1903076.5,5222.5415
163794.69,39162.18,4516488.5,11957.644
238.7,28252.38,6581.934,23.157187
11397.149,30813.66,314265.97,1056.5525
585.89996,20738.19,16155.655,79.77959
32.55,10709.7,897.53644,7.6900578
107619.59,46953.03,2967511.8,6552.551
262143.0,70389.96,7228353.5,10647.208
262143.0,54327.15,7228353.5,13795.545
109991.09,39556.29,3032903.8,7949.4365
1218.2999,7677.75,33593.508,452.7005
164.29999,11322.18,4530.422,40.491245
142592.25,53708.582,3931850.8,7590.039
152299.89,32136.06,4199530.0,13549.519
136.4,18564.93,3761.105,20.00729
262143.0,128640.81,7228353.5,5825.51
209538.3,94417.62,5777827.0,6344.4053
83163.695,42376.832,2293162.8,5610.1807
238.7,22425.99,6581.934,29.433352
1213.6499,23112.42,33465.285,149.1402
350.3,20031.75,9659.202,49.000027
198406.19,105893.79,5470869.0,5356.149
152206.89,92119.95,4196966.0,4723.2144
66.65,3976.77,1837.8129,46.920208
140062.64,64258.2,3862099.2,6231.2197
-26.349998,9602.19,-726.5771,-8.846198
-1.55,4035.93,-42.73983,-2.0980878
365.8,15784.41,10086.6,65.26196
134.84999,26171.34,3718.3652,13.732416
173148.94,35492.52,4774423.5,13947.645
262143.0,107083.08,7228353.5,6998.4907
133393.0,40382.79,3678190.0,9443.646
195.29999,20622.48,5385.2188,26.077608
256893.89,93916.5,7083614.0,7819.9746
17727.35,15148.44,488815.44,3344.992
620.0,71283.45,17095.934,23.868637
219348.25,71455.71,6048327.5,8776.003
199.95,22255.47,5513.4385,24.688196
262143.0,69369.45,7228353.5,10803.856
38.75,9240.2705,1068.4958,10.990465
163993.1,70349.07,4521959.5,6664.2456
70035.195,51853.742,1931156.5,3860.7598
123888.4,44660.582,3416109.2,7930.4985
149623.05,59534.1,4125718.8,7184.9087
228700.94,92674.14,6306219.0,7054.9966
962.55,29712.24,26541.436,91.62685
132574.6,40352.34,3655623.2,9392.784
128518.24,69405.12,3543773.0,5293.4673
189403.8,70690.98,5222636.5,7659.793
85015.945,41797.41,2344237.0,5814.674
6262.0,26394.93,172668.92,677.3308
35101.3,27837.39,967886.25,3604.3188
115901.25,40254.9,3195871.0,8231.247
24590.75,14773.47,678067.44,4758.247
20867.648,15091.0205,575406.3,3952.7014
239713.69,72536.25,6609885.5,9448.02
69581.05,50128.53,1918633.8,3967.7612
82.149994,25364.85,2265.211,8.2602825
185826.39,52742.01,5123992.5,10072.947
134532.25,68217.57,3709603.8,5637.702
130489.84,48477.27,3598138.0,7695.3984
2363.75,120793.414,65178.242,54.950924
62.0,4224.72,1709.5933,40.9607
69579.5,50677.5,1918591.1,3924.6824
27851.95,23355.15,767992.0,3408.745
138746.7,44063.76,3825813.5,9002.059
123600.09,54843.06,3408159.5,6442.8604
43265.15,23890.2,1192996.9,5177.064
262143.0,63021.93,7228353.5,11892.113
480.5,16334.25,13249.348,83.10914
82.149994,20103.09,2265.211,10.684058
80443.445,40801.26,2218154.5,5636.234
86297.8,35535.15,2379582.8,6942.6934
66986.35,37500.48,1847087.4,5106.384
73237.5,39472.77,2019457.1,5303.994
254.2,23981.55,7009.3325,29.307302
118275.84,30657.93,3261348.2,11029.679
1106.7,14686.47,30516.238,214.45741
171022.34,46835.582,4715784.5,10439.61
288.3,33387.99,7949.6084,23.688993
95145.195,59065.17,2623541.8,4604.7925
40827.0,22232.85,1125767.1,5249.508
31604.5,39899.07,871465.2,2263.8276
262143.0,99160.86,7228353.5,7557.6973
251.09999,32578.02,6923.8525,21.037941
344.09998,15044.04,9488.242,64.398705
323.94998,25344.84,8932.624,35.54579
130032.59,36422.55,3585529.8,10206.77
58050.598,40612.47,1600692.1,4085.9216
108165.195,27766.05,2982556.2,11137.39
65687.445,24552.27,1811271.2,7648.6177
113.149994,18076.86,3120.0076,16.897013
19906.648,16226.37,548907.6,3506.7268
246.45,28332.42,6795.6333,23.871052
556.45,9121.08,15343.6,173.43309
170.5,12628.05,4701.3813,37.604424
87730.0,36699.21,2419074.5,6834.0293
39439.75,37358.67,1087515.0,3017.5037
330.15,42407.28,9103.584,21.259727
193.75,21583.83,5342.479,24.666237
226.29999,12243.51,6240.015,51.84788
111.6,19223.52,3077.2678,15.598936
88.35,25089.06,2436.1704,9.068647
279.0,23362.98,7693.17,33.144833
88005.9,36836.67,2426682.2,6829.9395
262143.0,102881.85,7228353.5,7284.318
43922.348,19055.61,1211118.5,6589.3984
151326.5,53454.54,4172689.8,8093.302
110.049995,15839.22,3034.5278,18.865763
127.1,17343.45,3504.6663,19.95362
88.35,7494.18,2436.1704,32.70788
86186.195,32020.35,2376505.5,7694.9214
189.09999,23570.91,5214.2593,21.938454
202555.55,78295.65,5585284.0,7395.998
147944.39,84307.35,4079431.2,5016.4385
90036.4,27561.6,2482671.2,9339.34
156.54999,20972.22,4316.7227,20.343105
207.7,24361.74,5727.137,23.376827
23.25,4376.97,641.0975,14.1879225
607.6,4040.28,16754.014,428.98697
129886.9,66427.11,3581512.5,5589.736
147606.5,54270.6,4070114.2,7775.6016
131.75,28428.99,3632.8857,12.25068
99339.5,36818.4,2739195.8,7713.469
130745.59,53625.93,3605190.2,6970.099
60386.45,36941.07,1665101.1,4672.896
80547.3,59557.59,2221018.0,3865.8992
88539.09,40258.38,2441384.5,6287.2207
59137.15,43887.15,1630652.8,3851.7603
203119.75,46938.242,5600841.5,12371.98
60316.7,56911.92,1663177.8,3029.2837
262143.0,25693.71,7228353.5,29170.611
160060.75,51103.8,4413529.0,8954.311
59253.4,34254.51,1633858.2,4944.8906
-29.449999,3838.44,-812.05676,-22.937115
186.0,20504.16,5128.78,24.937014
31012.398,27828.69,855138.5,3185.3362
54741.348,21585.57,1509442.6,7250.051
54370.9,38070.332,1499227.8,4082.4648
133374.39,35903.16,3677676.8,10620.571
60.449997,8231.07,1666.8534,19.998535
74365.9,78096.42,2050571.6,2721.6492
11654.449,12929.07,321360.78,2576.3503
10.849999,15790.5,299.1788,0.9646393
202414.5,48195.39,5581394.5,12007.398
95357.55,36533.04,2629397.2,7462.083
12254.3,70856.28,337901.1,493.49185
187.54999,5252.19,5171.5195,101.09997
172.04999,19255.71,4744.121,24.547245
47299.797,34192.74,1304248.6,3954.2542
100343.9,89108.01,2766891.2,3218.758
70329.695,61164.48,1939277.0,3286.6716
76283.25,40106.13,2103440.8,5437.353
238005.6,101122.71,6562786.5,6728.572
151115.7,74985.3,4166877.2,5761.122
61116.5,28917.06,1685231.6,6042.0103
96633.195,68565.57,2664572.0,4028.6677
152752.5,54895.26,4212010.5,7955.141
81652.445,43319.91,2251491.5,5388.279
262143.0,96734.43,7228353.5,7747.2954
1793.35,125569.71,49449.984,39.83468
59523.098,70244.67,1641295.0,2421.82
165460.94,50507.85,4562434.0,9365.678
127828.49,37682.31,3524753.8,9698.272
179.79999,23471.73,4957.8203,20.902493
91643.75,43764.48,2526992.5,5986.2866
53247.15,22020.57,1468241.4,6912.8
60.449997,4628.4,1666.8534,36.34345
16482.7,18539.7,454495.34,2540.9946
238734.1,75176.7,6582874.0,9078.881
45876.9,32464.92,1265013.5,4039.4402
172930.39,36608.73,4768397.5,13505.278
262143.0,95382.45,7228353.5,7857.122
30783.0,38365.26,848813.06,2293.1497
354.94998,15810.51,9787.421,63.19043
218.54999,26413.2,6026.316,22.65804
248.0,38795.04,6838.373,17.277822
133281.39,58303.05,3675112.5,6535.229
201814.64,78293.914,5564854.0,7369.1045
189.09999,26643.75,5214.2593,19.29295
314.65,45635.85,8676.186,18.713808
69525.25,55180.62,1917095.1,3601.5078
1297.35,3657.48,35773.24,1013.2013
174283.55,60560.7,4805709.5,8227.383
262143.0,134772.58,7228353.5,5560.4204
109462.55,37185.54,3018329.5,8415.673
118103.8,18628.44,3256604.2,18126.438
70760.6,26184.39,1951158.9,7725.771
120769.8,58377.87,3330116.8,5914.059
94463.195,51066.39,2604736.2,5288.035
294.5,27255.36,8120.568,29.894585
390.59998,44279.52,10770.4375,24.22193
262143.0,45417.48,7228353.5,16502.049
79462.3,36162.42,2191100.2,6281.791
22829.95,22508.64,629514.94,2899.0444
68944.0,56780.55,1901067.8,3470.7295
262143.0,81434.61,7228353.5,9203.035
80724.0,49333.35,2225890.5,4677.5474
1477.1499,112812.9,40731.06,36.438187
106773.3,49101.93,2944176.0,6216.4614
153.45,17262.541,4231.243,24.416231
134.84999,25047.3,3718.3652,14.393557
238.7,31963.8,6581.934,20.352219
262143.0,101140.984,7228353.5,7409.7144
83208.65,52567.14,2294402.2,4524.8804
40.3,5454.0303,1111.2356,20.126934
34.1,3188.55,940.27625,29.578072
6.2,3596.58,170.95932,3.9289103
192.2,36195.48,5299.7393,14.182666
46.5,6245.73,1282.195,20.28721
54414.297,61194.93,1500424.5,2541.416
195.29999,20605.08,5385.2188,26.100477
77287.65,32477.1,2131136.2,6803.275
478.94998,33331.44,13206.607,40.085167
1272.5499,115057.5,35089.4,30.62342
88605.75,49561.29,2443222.5,5110.735
-27.9,3908.04,-769.31696,-21.412405
166285.55,63021.06,4585172.0,7543.2803
2334.3,16383.84,64366.188,406.37088
384.4,20394.541,10599.479,52.89127
153660.8,76679.19,4237056.0,5728.736
630.85,66396.664,17395.111,26.166195
160003.39,81506.82,4411947.0,5611.86
54091.9,81146.64,1491534.6,1904.9464
41223.797,58361.34,1136708.5,2018.6295
4513.6,54417.63,124458.39,236.15509
38165.65,42924.06,1052382.9,2541.2654
87065.05,61161.87,2400739.0,4069.1655
327.05,34405.02,9018.1045,26.179493
58543.5,37844.13,1614283.5,4422.125
262143.0,38556.66,7228353.5,19438.625
194686.19,69138.03,5368293.5,8050.3203
3352.65,23095.89,92446.26,414.052
223406.14,34104.0,6160220.0,18729.045
53138.65,27588.57,1465249.6,5506.193
145576.0,64179.9,4014125.0,6484.4443
262143.0,89434.26,7228353.5,8379.76
28997.398,13849.53,799576.75,5985.5
262143.0,118011.15,7228353.5,6350.323
95354.445,32049.06,2629311.5,8505.965
139.5,21038.34,3846.585,17.95884
79172.445,32393.58,2183107.8,6987.18
26252.35,24998.58,723884.5,3001.6301
125405.84,29515.621,3457951.5,12147.281
262143.0,67259.7,7228353.5,11142.774
262143.0,138820.69,7228353.5,5398.2456
102282.945,39983.46,2820358.8,7313.284
43761.15,27381.51,1206673.6,4568.6226
206571.6,50178.992,5696022.5,11769.573
401.44998,44728.44,11069.616,24.662365
64290.9,54919.62,1772762.8,3346.1177
243367.05,66136.53,6710623.5,10520.299
55023.45,42637.832,1517221.2,3688.79
112249.445,42375.09,3095175.8,7572.9526
1850.7,18013.35,51031.36,292.75858
241.79999,34268.43,6667.4136,19.174885
114713.945,53099.582,3163132.0,6175.95
164.29999,38186.04,4530.422,11.302175
260.4,28123.621,7180.2915,25.473948
36004.95,17980.291,992803.56,5724.514
94528.3,24834.15,2606531.2,10882.322
257.3,16408.2,7094.812,43.836105
502.19998,16161.99,13847.705,87.84456
140916.7,78955.11,3885649.2,5102.0664
49057.5,30972.871,1352715.6,4527.6934
243.34999,29933.22,6710.1533,22.244856
100856.945,65305.68,2781038.0,4414.7437
358.05,13722.51,9872.901,73.60349
57289.547,19973.46,1579706.9,8200.08
130110.09,46259.64,3587666.8,8040.8823
158.09999,18247.38,4359.4624,23.773096
111489.945,61758.69,3074233.2,5160.627
220582.05,58457.04,6082348.0,10788.028
24617.1,32346.6,678794.0,2174.992
2238.2,18837.24,61716.316,338.72742
138506.45,88529.46,3819188.8,4472.3325
87700.55,50407.8,2418262.2,4973.547
221901.1,36228.54,6118719.5,17511.883
499.09998,32651.97,13762.226,42.7046
122446.9,53683.35,3376361.2,6520.645
262143.0,76550.43,7228353.5,9790.283
26066.35,47033.94,718755.75,1583.5934
37279.05,23615.28,1027935.75,4512.576
2149.8499,26473.23,59280.145,231.19356
54.25,5942.1,1495.8942,25.104101
59126.297,41177.97,1630353.5,4104.4873
905.19995,18698.041,24960.06,137.41954
262143.0,123386.01,7228353.5,6073.6514
26832.049,20813.01,739869.2,3685.1072
72960.05,41632.11,2011806.5,5009.7837
52994.5,41338.92,1461274.9,3664.3938
14387.1,22670.46,396711.12,1813.5208
4722.85,24935.94,130228.27,540.53613
193.75,26581.11,5342.479,19.840954
124477.4,57326.04,3432350.5,6207.5127
35256.3,34904.4,972160.25,2887.056
134473.34,40252.29,3707979.5,9551.007
174774.89,60316.23,4819257.5,8284.025
105510.05,41877.45,2909343.0,7202.816
18713.15,15538.2,515998.0,3442.4612
193159.44,80678.58,5326195.0,6844.5244
71650.3,31787.19,1975691.4,6443.8804
115087.5,50685.332,3173432.5,6491.244
262143.0,95893.14,7228353.5,7815.2734
310.0,26221.8,8547.967,32.80245
145741.84,48351.12,4018698.0,8617.401
244376.1,72474.48,6738447.0,9640.012
26253.898,21684.75,723927.25,3460.6917
159.65,25069.92,4402.2026,17.208115
262143.0,82415.1,7228353.5,9093.534
227.84999,16196.79,6282.755,39.2225
127034.9,30506.55,3502871.0,11905.357
186655.64,41191.89,5146858.5,12955.222
73679.25,34079.64,2031637.9,6180.575
262143.0,123947.164,7228353.5,6046.149
35436.098,21609.93,977118.0,4687.5825
33413.348,47928.3,921342.5,1992.3197
49418.65,30720.57,1362674.0,4598.4995
36862.098,91851.12,1016438.6,1146.4786
178606.5,65244.78,4924911.0,7826.0923
105965.75,53507.61,2921908.5,5661.379
262143.0,120943.05,7228353.5,6196.355
17404.95,23625.72,479925.56,2105.38
66198.945,26846.46,1825375.4,7049.388
177177.39,45703.71,4885504.5,11083.238
45032.15,16199.4,1241720.2,7947.272
60315.15,43486.082,1663135.0,3964.7478
183662.6,25545.81,5064328.0,20555.54
68145.75,32151.72,1879056.8,6059.153
114673.65,72731.13,3162021.0,4507.087
100706.59,45966.45,2776892.2,6263.205
137.95,19291.38,3803.845,19.445953
142995.25,93802.53,3942963.2,4357.691
331.69998,34358.91,9146.323,26.602922
188980.64,63473.46,5210968.5,8511.834
229083.8,70147.23,6316776.0,9336.548
181.34999,23505.66,5000.56,21.059418
145084.64,75603.87,4000576.2,5485.892
90831.55,26498.46,2504596.8,9799.88
81502.09,60018.69,2247345.8,3881.677
230.95,24373.05,6368.235,26.092999
84087.5,46825.14,2318636.0,5133.5376
173167.55,16819.71,4774936.5,29436.232
6229.4497,35071.44,171771.38,506.86124
164613.1,72080.37,4539055.5,6528.7476
134298.2,82346.37,3703150.0,4662.1
97603.5,39656.34,2691327.2,7036.2305
269.69998,3720.12,7436.7305,206.28743
50612.15,45964.71,1395583.8,3147.3228
41685.7,33065.22,1149445.0,3603.6628
85758.4,15773.97,2364709.5,15543.783
144844.39,58303.05,3993951.5,7102.2876
158304.6,66675.93,4365104.5,6787.4937
144301.89,50804.52,3978992.8,8120.172
2962.0498,33247.05,81675.81,253.73477
91716.59,36523.47,2529001.2,7179.008
112711.34,39010.8,3107912.2,8259.983
53738.5,36551.31,1481790.0,4202.6987
235.59999,9725.73,6496.454,68.263115
18285.35,24070.291,504201.78,2171.0554
217006.19,39236.13,5983747.0,15812.752
262143.0,80656.83,7228353.5,9291.79
50647.797,23617.02,1396566.6,6130.75
74984.35,44177.73,2067624.9,4852.0664
24472.95,20291.01,674819.2,3447.5112
151706.25,62860.98,4183161.0,6899.353
49.6,4573.59,1367.6746,30.007977
159743.0,44224.71,4404767.0,10326.752
262143.0,132056.44,7228353.5,5674.808
145.7,23420.4,4017.5442,16.787472
53106.098,33086.97,1464352.1,4588.194
73868.35,36323.37,2036852.2,5813.6187
130544.09,41630.37,3599634.0,8964.942
43359.7,75985.8,1195604.0,1630.5592
77974.3,60753.84,2150070.0,3668.6677
182.9,15560.82,5043.3,32.607033
632.39996,68164.5,17437.85,25.526657
234.04999,25822.47,6453.7144,24.915514
100289.65,37692.75,2765395.2,7606.593
262143.0,58738.92,7228353.5,12759.312
141595.6,53056.95,3904369.0,7629.5605
197962.89,66236.58,5458645.5,8544.449
1980.8999,31318.26,54621.504,179.84808
25525.398,22052.76,703839.5,3308.471
230.95,25082.97,6368.235,25.326189
79.049995,3398.22,2179.7312,65.511894
71882.8,49537.8,1982102.4,4147.941
427.8,37777.14,11796.193,31.378796
31719.2,21694.32,874627.9,4179.47
262143.0,84296.914,7228353.5,8890.512
313.09998,30362.13,8633.445,28.484907
193365.6,77746.68,5331879.5,7110.2563
113.149994,9636.12,3120.0076,32.573864
41211.4,47400.21,1136366.6,2484.9138
29037.7,46433.64,800688.0,1787.0452
61415.65,43483.47,1693480.4,4037.3494
66566.3,38423.55,1835504.8,4952.4287
54349.2,21388.95,1498629.5,7264.286
262143.0,139249.6,7228353.5,5381.615
644.8,46281.39,17779.77,38.835255
364.25,31966.41,10043.86,31.580273
38032.348,42676.11,1048707.2,2547.105
84223.9,30224.67,2322397.0,7966.513
193630.64,30777.99,5339188.0,17986.998
97.649994,16262.04,2692.6094,16.169046
77.5,6149.16,2136.9917,35.035862
105680.55,43781.88,2914044.5,6900.598
49255.9,19034.73,1358186.4,7397.7866
39038.297,26708.13,1076445.4,4178.231
129967.49,60762.54,3583734.8,6114.723
342.55,43127.64,9445.503,21.710007
241.79999,24674.07,6667.4136,27.019764
516.14996,12752.46,14232.363,114.726
93063.55,53717.28,2566142.2,4952.5273
361.15,35590.832,9958.381,28.013388
136630.95,45688.92,3767473.5,8549.415
761.05,30935.46,20985.258,69.34052
195.29999,11641.47,5385.2188,46.967094
157108.0,60212.7,4332109.5,7459.3506
82249.195,52915.14,2267946.2,4443.2725
152140.25,33041.73,4195128.0,13164.286
93.0,15358.11,2564.39,16.31387
32979.348,30508.291,909375.3,3089.8162
249404.3,76892.34,6877095.5,9273.059
7688.0,7231.44,211989.56,3038.748
230.95,27898.291,6368.235,22.669516
886.6,42891.87,24447.184,58.101936
18516.299,31514.01,510570.0,1678.9623
130.2,5438.37,3590.1458,67.4528
96831.59,54487.23,2670042.5,5080.259
262143.0,43720.11,7228353.5,17142.758
228091.8,87849.12,6289422.5,7422.714
91.45,10845.42,2521.65,23.109394
42505.65,24524.43,1172054.4,4954.6055
2283.15,240360.98,62955.77,26.159355
292.94998,30360.39,8077.8276,26.588945
90786.59,27622.5,2503357.2,9396.4
56964.047,29632.2,1570731.5,5495.4966
217500.64,96752.7,5997381.0,6426.564
88.35,8564.28,2436.1704,28.496105
130244.945,37985.94,3591385.2,9802.631
128873.195,54533.34,3553560.5,6755.9307
1943.7,19980.42,53595.75,277.1465
195041.14,35446.41,5378081.0,15731.688
190.65,24525.3,5256.999,21.226519
233822.14,115424.64,6447431.5,5791.1006
196.84999,26547.18,5427.9585,20.201471
262143.0,71910.72,7228353.5,10422.021
179.79999,21522.93,4957.8203,22.885662
291.4,12615.0,8035.0884,65.04672
618.44995,21864.84,17053.191,79.87369
262143.0,79840.77,7228353.5,9386.772
218559.3,46042.14,6026572.5,13571.591
176.7,23062.83,4872.341,20.906498
418.5,41766.96,11539.755,27.64914
63049.348,26544.57,1738528.1,6790.316
116336.8,66750.75,3207880.8,4982.2188
262143.0,103351.65,7228353.5,7251.2017
119269.4,55761.78,3288744.5,6114.6323
160039.05,53609.4,4412930.5,8534.6
195021.0,72901.65,5377525.5,7647.795
331.69998,22385.97,9146.323,41.3661
153336.84,49375.98,4228123.0,8878.321
262143.0,127354.08,7228353.5,5884.3784
233820.6,30389.1,6447389.0,21998.557
253862.1,60619.86,7000015.0,11972.798
262143.0,155756.97,7228353.5,4811.1567
96814.55,49512.57,2669572.5,5589.8022
262143.0,173106.52,7228353.5,4328.86
73809.445,48824.4,2035227.9,4321.3906
164386.8,53498.91,4532815.5,8784.591
262143.0,167603.77,7228353.5,4471.0176
21070.7,9851.88,581005.25,6114.174
32689.498,42566.49,901383.0,2194.783
172108.89,114257.1,4745745.0,4305.9424
65.1,3767.97,1795.0729,48.399498
105.399994,5497.5303,2906.3083,53.81784
201252.0,19690.71,5549340.0,29222.205
176701.55,60835.62,4872383.5,8303.843
245169.69,134763.0,6760330.0,5200.6978
130128.695,57289.5,3588179.8,6493.5195
142207.84,52599.332,3921251.2,7729.228
46575.95,13506.75,1284289.2,9858.612
277.44998,19856.88,7650.4297,38.950542
204.59999,25921.65,5641.6577,21.567944
189870.34,93039.54,5235501.0,5833.969
119669.3,57028.5,3299771.5,5998.842
81277.34,59135.64,2241148.5,3928.789
181.34999,16765.77,5000.56,29.927372
262143.0,140547.62,7228353.5,5331.904
320.84998,25029.03,8847.145,35.652786
186217.0,38542.74,5134763.5,13813.201
229.4,22626.96,6325.495,27.987864
262143.0,97399.984,7228353.5,7694.35
187432.19,70252.5,5168271.0,7627.364
262143.0,94018.29,7228353.5,7971.1396
103040.9,84836.31,2841258.5,3471.7766
178.25,17448.72,4915.0806,28.208883
458.8,19222.65,12650.99,67.24316
12113.25,22984.53,334011.78,1505.864
213349.75,49070.61,5882924.0,12430.39
226.29999,15820.95,6240.015,39.897896
155333.25,74427.63,4283172.5,5966.319
83.7,7496.79,2307.951,30.922663
135248.34,75883.14,3729349.2,5095.073
112649.34,60280.56,3106202.5,5342.187
62379.75,20459.791,1720064.5,8716.489
110558.4,24082.47,3048546.8,13125.221
372.0,34036.14,10257.56,30.250116
249.54999,20381.49,6881.113,34.008266
195233.34,55851.39,5383381.0,9993.683
63097.4,33546.332,1739853.0,5376.933
51906.4,41273.67,1431271.5,3594.8103
68034.15,45317.43,1875979.4,4291.5034
1877.0499,18130.8,51757.934,295.011
137486.55,65261.31,3791065.8,6022.5625
92888.4,34180.56,2561312.5,7769.184
77603.84,40194.87,2139855.0,5519.286
95162.25,50441.73,2624012.0,5393.1587
224918.94,36603.51,6201934.0,17568.21
234.04999,25792.89,6453.7144,24.945234
211948.55,59666.34,5844287.5,10155.64
117782.945,68215.83,3247757.0,4935.808
23.25,3168.54,641.0975,19.98035
255.74998,28150.59,7052.072,24.976288
20.15,3347.76,555.6178,16.209558
103.85,13883.46,2863.5686,20.387388
125771.65,49005.36,3468038.2,7337.177
275.9,31862.01,7607.69,23.758682
154539.64,79062.99,4261289.0,5587.762
226341.84,108686.49,6241169.5,5953.404
144331.34,44965.082,3979804.8,9176.708
228547.5,71215.59,6301988.0,9174.936
34901.348,28957.08,962372.75,3445.168
36744.3,51216.03,1013190.5,2050.3184
198.4,7367.16,5470.698,75.99997
153894.84,23816.25,4243509.5,18474.648
147011.3,44575.32,4053702.0,9428.859
235.59999,22292.88,6496.454,29.217466
130.2,19408.83,3590.1458,18.18053
244.9,29299.86,6752.893,22.898586
262143.0,38338.29,7228353.5,19549.35
201872.0,54458.52,5566435.5,10597.861
88.35,16063.68,2436.1704,14.725719
188314.14,79375.32,5192590.0,6782.384
123018.84,62452.95,3392132.0,5631.0654
126520.3,86605.89,3488681.5,4175.9736
65.1,13867.8,1795.0729,12.42216
37120.95,28442.91,1023576.2,3730.5908
121414.59,50338.2,3347896.2,6895.396
131.75,25596.27,3632.8857,13.717124
137.95,25184.76,3803.845,14.661483
91067.15,41020.5,2511093.2,6346.603
105153.55,46920.84,2899512.8,6406.773
155534.75,122236.74,4288728.5,3637.1003
28303.0,29364.24,780429.3,2754.895
1872.3999,13759.92,51629.715,388.07355
130.2,17540.07,3590.1458,20.224068
93675.8,42023.61,2583024.5,6372.574
163613.34,60289.26,4511488.5,7758.393
72082.75,71433.09,1987615.9,2884.233
109200.59,41830.47,3011106.5,7463.166
74.399994,8740.0205,2051.5117,23.339375
262143.0,78206.914,7228353.5,9582.896
180909.8,77138.55,4988422.0,6704.6304
52134.25,27743.43,1437554.2,5371.94
167843.3,30805.83,4628125.5,15577.302
153597.25,30401.28,4235303.5,14444.765
136.4,23714.46,3761.105,15.445614
3521.5999,11982.51,97104.89,839.3132
193.75,22090.17,5342.479,24.077929
9041.149,45340.92,249301.42,569.14105
79001.945,41098.8,2178406.2,5495.1377
135446.75,124649.25,3734820.2,3105.9045
1827.45,36589.59,50390.26,141.80287
120106.4,45552.332,3311824.0,7537.84
48493.297,21836.13,1337158.2,6348.726
193.75,13301.43,5342.479,40.64783
120151.34,63312.51,3313063.5,5425.1035
229.4,19491.48,6325.495,32.65097
150512.75,81517.26,4150251.5,5278.2563
9234.899,10326.03,254643.9,2556.1003
39568.4,26521.08,1091062.4,4264.8564
164.29999,17568.78,4530.422,25.738985
153305.84,57607.05,4227268.5,7608.0786
189327.84,63453.45,5220542.0,8530.163
262143.0,83095.44,7228353.5,9019.073
60761.547,27168.36,1675444.1,6393.615
86.799995,16420.38,2393.4304,14.114209
215.45,27545.07,5940.8364,21.364107
503.74997,32772.9,13890.444,42.949017
373.55,41273.67,10300.299,24.877636
161.2,25207.38,4444.9424,17.284636
16521.45,23205.51,455563.84,2034.6636
175543.69,48338.94,4840456.5,10382.34
252634.5,110356.02,6966165.0,6544.5415
533.2,44728.44,14702.503,33.084377
159329.14,31155.57,4393355.5,14621.06
94.549995,4222.11,2607.1296,63.029633
76210.4,31835.041,2101432.0,6843.754
671.14996,33554.16,18506.346,56.190273
106723.695,90282.51,2942808.2,3378.9187
172.04999,8202.36,4744.121,58.974247
130607.65,69216.33,3601386.5,5394.2188
170021.05,32533.65,4688175.0,14941.351
28995.85,26913.45,799534.0,3079.4592
1005.94995,11016.811,27738.15,260.0775
785.85,15608.67,21669.094,142.95366
49626.348,45802.89,1368401.1,3096.9072
106.95,21651.69,2949.0483,13.123359
87671.09,25775.49,2417450.2,9724.198
65.1,3352.98,1795.0729,54.51355
136311.64,64950.72,3758668.8,5999.6455
262143.0,89428.17,7228353.5,8380.33
22411.45,17487.87,617975.2,3663.224
258.85,32735.49,7137.5522,21.608843
67445.15,40966.56,1859738.2,4706.2817
802.89996,11869.41,22139.232,192.41106
1841.3999,34476.36,50774.918,151.71289
48829.65,48818.31,1346432.9,2858.8936
395.25,30638.791,10898.657,35.884956
788.94995,46900.832,21754.572,47.09699
25292.898,13230.96,697428.56,5464.8315
262143.0,122266.32,7228353.5,6129.2817
116749.09,55734.81,3219249.5,5988.299
108594.55,52850.76,2994395.2,5873.9717
240.25,25190.85,6624.674,26.26902
126839.59,33689.01,3497485.8,10764.038
353.4,15574.74,9744.682,63.877594
262143.0,150517.83,7228353.5,4978.656
2202.55,16474.32,60733.305,381.26743
37350.348,19217.43,1029901.7,5556.102
59699.797,49593.48,1646167.2,3440.892
52.699997,5588.0103,1453.1542,25.965122
95397.84,34396.32,2630508.2,7929.043
242037.14,51400.47,6673952.5,13462.685
57672.4,29398.17,1590263.6,5608.1455
169080.19,72694.59,4662231.5,6649.275
191795.44,86202.21,5288583.5,6360.636
98146.0,38879.43,2706286.2,7216.748
52000.95,25354.41,1433878.6,5863.173
36462.2,24972.48,1005411.8,4173.747
892.8,13802.55,24618.143,183.94553
262143.0,28330.68,7228353.5,26455.371
128494.99,35808.332,3543131.8,10259.088
142375.25,57138.992,3925867.2,7123.443
303.8,27735.6,8377.007,30.318373
68.2,10982.88,1880.5525,16.754854
57227.547,43355.582,1577997.2,3773.0625
3420.8499,21163.62,94326.805,461.16074
809.1,46524.12,22310.191,48.724796
215031.5,97117.234,5929297.0,6329.7446
74928.55,67667.73,2066086.1,3165.0278
84707.5,26902.14,2335731.8,9001.933
262143.0,125357.43,7228353.5,5978.119
4.6499996,16734.45,128.21948,-0.20550627
156.54999,17093.76,4316.7227,25.185713
37736.3,24473.97,1040544.0,4407.6323
71.299995,10126.8,1966.0321,19.131042
262143.0,84531.81,7228353.5,8865.804
65.1,6220.5,1795.0729,28.92297
262143.0,70030.65,7228353.5,10701.842
38982.5,31554.03,1074906.8,3531.3508
262143.0,109836.63,7228353.5,6823.016
75946.9,48868.77,2094166.2,4442.5254
32.55,7125.3,897.53644,12.061614
243.34999,27690.36,6710.1533,24.127642
104728.84,35085.36,2887802.0,8533.722
73142.945,31389.6,2016849.8,6661.476
85223.65,37111.59,2349964.2,6564.98
35.649998,15407.7,983.01605,5.615622
207.7,34338.03,5727.137,16.294582
107799.4,38267.82,2972469.8,8053.37
734.69995,11922.48,20258.68,175.19452
288.3,20334.51,7949.6084,39.537777
199798.1,60691.2,5509249.5,9411.709
210.79999,19601.1,5812.6167,29.749577
38040.098,29747.041,1048920.9,3655.3423
151912.39,70421.28,4188845.2,6166.9136
226379.05,56592.63,6242195.0,11436.349
107165.445,43538.28,2954989.0,7036.728
1036.95,19916.041,28592.947,147.86884
251.09999,28818.75,6923.8525,23.912685
199.95,29178.06,5513.4385,18.59359
160817.14,75663.03,4434385.5,6076.1167
49.6,3246.84,1367.6746,42.678703
54866.9,55858.35,1512904.5,2807.4797
95979.09,41780.01,2646535.8,6567.3623
40933.95,24666.24,1128716.2,4743.929
102382.15,69946.26,2823094.0,4184.128
262143.0,125626.26,7228353.5,5965.3237
604.5,37262.97,16668.535,45.383965
213.9,21663.0,5898.0967,27.231968
3572.75,21105.33,98515.31,483.0157
121361.9,29275.5,3346443.2,11851.966
164493.75,65487.51,4535764.5,7180.909
59163.5,28648.23,1631379.4,5903.798
7.75,3620.94,213.69916,5.119689
149995.05,76419.93,4135976.2,5611.021
37942.45,8572.98,1046228.3,12653.428
254.2,36745.32,7009.3325,18.779827
240772.34,57292.98,6639077.0,12014.841
128450.05,37918.95,3541892.5,9684.61
41.85,4927.68,1153.9755,23.282978
63157.848,28072.291,1741519.9,6431.7764
161826.19,56713.56,4462209.0,8157.5107
54910.297,35359.41,1514101.2,4439.1514
69641.5,57586.17,1920300.6,3456.7922
38157.9,36910.62,1052169.1,2954.848
9.299999,3580.05,256.43896,6.427502
678.89996,35880.54,18720.045,53.09982
262143.0,92819.43,7228353.5,8074.1084
86.799995,14639.49,2393.4304,15.95285
103.85,16951.08,2863.5686,16.516933
745.55,55760.04,20557.86,37.22986
125422.9,33467.16,3458421.8,10714.364
84750.9,52147.8,2336928.5,4645.8354
79282.5,52917.75,2186142.5,4282.759
174334.69,73312.29,4807119.5,6798.1724
34546.4,27614.67,952585.3,3575.942
107078.65,72444.03,2952595.8,4225.1924
160245.19,64104.21,4418614.5,7146.3887
27.9,3715.77,769.31696,20.468632
61967.45,18217.8,1708695.8,9724.606
155.0,18457.05,4273.9834,23.01145
393.69998,20872.17,10855.917,52.93203
24414.049,25033.38,673195.06,2787.4912
188244.39,83866.26,5190667.0,6416.7646
49415.547,28171.47,1362588.5,5014.371
152788.14,91281.27,4212993.0,4784.826
104511.84,19200.03,2881818.5,15562.691
86.799995,29624.371,2393.4304,7.377599
162.75,21545.55,4487.682,20.597942
137.95,7823.04,3803.845,49.419106
184287.25,121941.81,5081552.5,4320.073
100.75,10247.73,2778.089,27.110355
215.45,30590.94,5940.8364,19.137365
4353.9497,45491.43,120056.18,272.65463
262143.0,80642.914,7228353.5,9293.394
218.54999,36138.93,6026.316,16.291174
262143.0,50474.79,7228353.5,14848.53
274.35,21850.92,7564.9507,34.899155
64518.746,35161.05,1779045.4,5245.541
75.95,15865.32,2094.2517,12.68762
13950.0,43493.91,384658.5,916.0537
191714.84,37015.02,5286361.5,14808.035
60910.348,21068.791,1679547.1,8265.097
11676.149,25103.85,321959.12,1328.8672
56049.547,24761.07,1545515.0,6471.197
232.5,36383.4,6410.9746,17.271267
155719.19,45211.29,4293814.0,9846.914
-35.649998,3498.27,-983.01605,-30.137691
17.05,6970.44,470.13812,5.993799
122.45,6270.09,3376.4465,54.83853
202685.75,58489.23,5588874.0,9907.235
67465.3,47609.88,1860293.9,4050.6543
262143.0,141789.12,7228353.5,5285.209
137516.0,54052.23,3791878.0,7273.2563
71913.8,48138.84,1982957.1,4270.3545
50437.0,21686.49,1390754.1,6648.8057
44198.25,21687.36,1218726.4,5826.032
83.7,4730.19,2307.951,49.593636
15048.949,13190.07,414961.0,3261.1812
29.449999,8820.06,812.05676,8.546908
68364.3,20420.64,1885083.0,9571.139
42051.5,22899.27,1159531.6,5249.599
3371.25,25870.32,92959.13,371.59595
134225.34,56504.76,3701141.0,6791.0127
134862.39,48806.13,3718707.0,7899.698
29209.75,18536.22,805432.1,4504.631
199737.64,71468.76,5507582.5,7989.8438
74.399994,18179.52,2051.5117,10.701445
72710.5,53098.71,2004925.5,3914.2737
80.6,14255.82,2222.4712,15.1656
25592.049,15272.85,705677.3,4790.086
105661.945,35755.26,2913531.5,8448.435
139.5,20772.99,3846.585,18.201015
125322.15,48476.4,3455643.5,7390.7363
71809.945,45980.37,1980093.5,4464.4077
262143.0,109729.62,7228353.5,6829.6714
65687.445,21339.36,1811271.2,8800.364
39621.098,14117.49,1092515.5,8023.5
44618.297,51420.48,1230308.8,2479.9949
57.35,7220.13,1581.3738,21.71106
40585.2,32210.88,1119099.8,3601.584
262143.0,92645.43,7228353.5,8089.275
163811.75,57268.62,4516959.0,8177.5684
49830.95,34775.64,1374042.9,4096.0664
262143.0,66348.81,7228353.5,11295.766
262143.0,146387.08,7228353.5,5119.1714
63508.15,34205.79,1751179.1,5307.5854
22950.85,20585.94,632848.7,3186.6973
272.8,27705.15,7522.21,27.153526
215319.8,89021.88,5937246.5,6914.7007
262143.0,70035.87,7228353.5,10701.045
52086.2,38059.02,1436229.2,3912.0378
206.15,26120.01,5684.3975,21.566227
207.7,25972.11,5727.137,21.86537
102929.3,63454.32,2838181.2,4636.958
94.549995,19065.18,2607.1296,13.179784
412.3,32993.88,11368.795,34.729664
316.19998,6974.79,8718.925,128.62228
188892.3,94052.22,5208532.5,5741.41
153677.84,90435.63,4237526.0,4857.7065
69.75,7033.08,1923.2925,27.356174
239250.25,26186.13,6597107.0,26122.422
125134.59,36698.34,3450472.0,9748.446
2137.45,20015.22,58938.227,304.3406
32148.549,22799.22,886466.8,4030.7197
50850.848,45253.92,1402165.6,3211.8538
70459.9,47518.53,1942867.2,4238.6304
1026.1,34802.61,28293.768,83.29986
262143.0,115537.74,7228353.5,6486.291
182.9,23229.871,5043.3,21.512093
375.09998,38036.4,10343.039,27.196592
37365.848,36299.88,1030329.06,2942.1924
62489.797,45150.39,1723099.0,3956.2786
70850.5,33147.0,1953637.8,6110.498
262143.0,72907.74,7228353.5,10279.485
262143.0,69253.74,7228353.5,10821.909
193720.55,78594.06,5341667.0,7046.4976
0.0,6945.21,0.0,-1.0
294.5,35171.49,8120.568,22.941069
71059.75,55621.71,1959407.6,3651.8206
152972.6,56017.56,4218079.5,7806.976
71.299995,10709.7,1966.0321,18.035364
65578.945,51638.85,1808279.4,3630.0884
85084.15,51732.81,2346117.5,4701.5303
147586.34,51228.21,4069558.5,8236.321
121448.695,42121.92,3348836.8,8242.918
69.75,10850.64,1923.2925,17.379677
100849.195,42818.79,2780824.2,6733.216
2466.0498,102401.61,67999.07,67.85636
40610.0,8040.54,1119783.6,14439.983
2275.4,17928.96,62742.07,361.87045
316.19998,30825.84,8718.925,28.328909
145777.5,58658.88,4019681.2,7104.6816
65053.496,28499.46,1793790.6,6525.5396
215391.1,74944.414,5939212.5,8216.458
113680.09,21678.66,3134624.5,14992.43
24059.1,26074.77,663407.7,2637.2012
96698.3,55807.89,2666367.0,4953.1846
-31.0,3361.68,-854.79663,-27.366611
262143.0,120969.15,7228353.5,6195.0176
40354.25,21912.69,1112731.5,5264.536
262143.0,111537.484,7228353.5,6718.956
61885.297,49402.95,1706430.5,3580.6538
168.95,22844.46,4658.6416,20.145905
573.5,33888.24,15813.738,47.387527
31.0,4034.19,854.79663,20.971228
85.25,15461.64,2350.6907,14.764777
393.69998,20734.71,10855.917,53.28957
47509.047,38188.65,1310018.5,3556.0586
262143.0,96297.69,7228353.5,7782.4365
110.049995,19521.93,3034.5278,15.118189
706.8,22814.88,19489.363,87.5783
34303.05,26279.22,945875.25,3731.2373
61164.547,31760.22,1686556.4,5505.3677
23153.898,7771.71,638447.56,8517.371
262143.0,98014.2,7228353.5,7646.1265
396.8,36913.23,10941.396,29.73538
149530.05,59863.832,4123154.2,7140.8867
197826.5,99078.21,5454885.0,5707.938
96408.445,57591.39,2658374.8,4785.3726
217.0,28949.25,5983.5767,20.43243
50232.4,48420.72,1385112.4,2965.2085
85544.5,18109.92,2358811.2,13504.932
58.899998,4431.78,1624.1135,37.00022
47623.75,34505.07,1313181.4,3945.2964
152076.7,73903.89,4193376.0,5882.6167
123657.445,52384.44,3409741.0,6748.4277
3461.15,30602.25,95438.04,322.38214
168587.3,66492.36,4648640.5,7248.4004
95720.25,57488.73,2639398.2,4759.692
180244.84,36188.52,4970086.5,14240.017
72.85,10207.71,2008.7721,19.405642
205795.05,103673.55,5674610.0,5674.6543
183938.5,43562.64,5071936.0,12071.785
97.649994,15519.061,2692.6094,16.99102
175026.0,56107.17,4826182.0,8918.35
660.3,45427.05,18207.168,40.56002
117654.3,72112.56,3244209.5,4663.9375
100574.84,55621.71,2773259.2,5169.0415
75.95,5330.49,2094.2517,39.73893
155289.84,56310.75,4281975.5,7883.983
151624.1,44175.992,4180895.8,9812.657
105438.75,55945.35,2907377.0,5387.715
107692.445,22190.22,2969520.8,13875.267
102439.5,60159.63,2824675.5,4867.6807
151484.6,75854.43,4177049.0,5709.0054
216938.0,110954.58,5981867.0,5589.355
3231.75,18156.03,89112.55,507.93915
124509.945,55812.242,3433247.8,6377.573
43683.65,22905.36,1204536.6,5451.9404
262143.0,168946.17,7228353.5,4435.484
96.1,37326.48,2649.8696,6.361314
218700.34,74124.87,6030462.0,8434.961
122215.945,79033.414,3369993.0,4420.4644
57.35,3613.11,1581.3738,44.38384
201.5,25960.8,5556.178,21.192486
262143.0,67121.37,7228353.5,11165.741
169912.55,13726.86,4685183.0,35390.848
446.4,22843.59,12309.071,54.87388
175373.19,76286.82,4835755.0,6571.9854
258.85,31215.6,7137.5522,22.70967
152144.89,74611.2,4195256.0,5829.453
69846.1,42418.59,1925942.4,4706.984
89267.59,40886.52,2461472.2,6241.559
211063.5,110690.97,5819883.0,5450.926
94250.84,52920.36,2598880.8,5091.27
435.55,40535.04,12009.893,29.72249
32438.398,29672.22,894459.2,3124.7798
109665.59,47644.68,3023928.5,6580.198
54050.047,25194.33,1490380.6,6132.979
72631.445,44596.2,2002745.6,4655.674
63.55,4751.94,1752.3331,37.23786
123328.84,42629.13,3400680.0,8270.937
48191.047,55484.25,1328824.0,2482.394
6398.4,40032.18,176430.03,455.9947
93392.15,32007.3,2575203.0,8341.7705
122.45,8165.82,3376.4465,41.875378
198.4,24773.25,5470.698,21.898533
195.29999,27141.39,5385.2188,19.574018
189994.34,87337.56,5238920.0,6218.974
6187.5996,29629.59,170617.4,596.09796
150331.39,71687.13,4145250.5,5994.9424
45495.598,39486.69,1254499.5,3293.334
73688.55,30396.93,2031894.2,6930.3726
1350.0499,88673.01,37226.39,42.531876
106779.5,27191.85,2944347.0,11226.889
74293.05,44915.492,2048562.8,4728.3447
83543.445,58265.64,2303634.0,4098.669
310.0,25131.69,8547.967,34.268665
77915.4,39916.47,2148445.8,5580.1045
159.65,12332.25,4402.2026,36.014816
232729.39,55941.87,6417300.0,11893.967
156469.39,52317.45,4314500.5,8550.294
24065.299,28591.68,663578.6,2405.5815
179.79999,22823.58,4957.8203,21.524487
74565.85,43040.64,2056085.1,4952.478
150384.1,67225.77,4146703.8,6395.0977
269.69998,13163.1,7436.7305,57.583023
806.0,58256.94,22224.713,38.558186
47178.9,28989.27,1300915.0,4652.2837
5877.5996,74355.42,162069.44,225.01453
12655.75,49791.84,348970.72,725.7394
56387.45,27042.21,1554832.4,5960.9624
127385.195,55619.97,3512530.2,6547.4307
262143.0,88389.39,7228353.5,8478.829
87984.195,47681.22,2426083.8,5275.0186
227674.84,75595.17,6277925.5,8610.325
136843.3,22835.76,3773328.8,17132.934
212.34999,28697.82,5855.357,20.156914
154535.0,94697.76,4261161.5,4664.908
87898.945,45024.242,2423733.0,5580.954
74319.4,45996.03,2049289.4,4618.881
93497.55,43772.31,2578109.2,6106.3066
88195.0,57992.46,2431896.5,4347.3193
262143.0,121071.81,7228353.5,6189.7637
63.55,5581.92,1752.3331,31.552246
128174.15,47891.76,3534285.0,7651.2407
35952.25,36997.62,991350.4,2777.4414
68990.5,35831.82,1902349.9,5504.1533
339.44998,24598.38,9360.022,38.45647
121544.8,80439.33,3351486.5,4319.33
128473.3,82574.31,3542533.8,4447.534
169278.6,61609.05,4667702.5,7855.0913
89.899994,10319.94,2478.9102,23.907576
86722.5,47277.54,2391293.5,5243.763
248.0,30788.43,6838.373,22.03102
118561.05,52843.8,3269212.5,6414.005
2495.5,74209.26,68811.13,95.149826
201588.34,81356.31,5558614.0,7083.727
219583.84,118057.26,6054823.5,5317.102
230.95,20099.61,6368.235,31.853325
151476.84,85020.75,4176835.5,5093.1333
138091.05,23314.26,3807734.2,16934.299
111.6,19501.92,3077.2678,15.361979
31110.049,20720.791,857831.1,4291.8267
167.4,23168.1,4615.902,19.659225
35941.4,20545.05,991051.2,5000.92
94.549995,8137.98,2607.1296,32.219563
116783.195,61703.88,3220189.8,5410.49
106196.695,47976.15,2928276.8,6327.993
132356.05,39286.59,3649597.0,9631.709
70108.05,51169.92,1933165.2,3916.4377
27836.45,21362.85,767564.6,3724.6636
52.699997,4118.58,1453.1542,35.58576
113202.695,55207.59,3121460.8,5861.8257
109248.65,48398.1,3012431.5,6453.1157
262143.0,97868.914,7228353.5,7657.478
189811.44,84003.72,5233877.0,6459.6006
262143.0,123574.8,7228353.5,6064.3706
280.55,32246.55,7735.909,23.875738
733.14996,11323.05,20215.94,184.13068
110.049995,7595.1,3034.5278,40.4291
80674.4,26456.7,2224522.8,8717.646
225376.19,139881.2,6214542.0,4605.7817
204.59999,27293.64,5641.6577,20.433502
63052.45,89922.33,1738613.6,2003.857
262143.0,134967.45,7228353.5,5552.3906
60068.7,28205.4,1656339.4,6088.266
258290.44,121150.11,7122122.5,6094.8394
124151.9,46110.0,3423375.0,7697.52
262143.0,86832.09,7228353.5,8630.912
102.299995,12006.0,2820.8289,23.36275
262143.0,86545.86,7228353.5,8659.46
29377.148,66876.9,810048.0,1254.9794
140678.0,59075.61,3879067.2,6807.7437
166897.8,72024.69,4602054.0,6624.493
154159.89,120510.664,4250818.0,3656.589
82.149994,18856.38,2265.211,11.456562
107647.5,66658.53,2968281.2,4616.3965
241.79999,39172.62,6667.4136,16.649103
-6.2,3749.7,-170.95932,-5.7276373
121134.05,55613.01,3340160.5,6226.8594
229.4,10860.21,6325.495,59.395447
87916.0,28220.19,2424203.2,8906.523
164295.34,24966.39,4530294.0,18814.62
38639.95,19588.05,1065461.2,5639.1978
173.59999,20905.23,4786.861,22.743444
217.0,25255.23,5983.5767,23.567299
94212.09,57144.21,2597812.2,4712.9326
274.35,29091.06,7564.9507,25.964628
102507.695,24901.14,2826556.0,11769.265
81218.445,46657.23,2239524.2,4976.1953
91.45,9761.4,2521.65,25.786783
150.34999,17396.52,4145.7637,23.710985
223720.8,79401.42,6168896.5,8055.1416
66357.05,45504.48,1829734.9,4168.48
105.399994,13221.39,2906.3083,21.793577
48893.2,31236.48,1348185.2,4474.436
3647.15,21697.8,100566.82,479.60342
63751.496,35275.02,1757889.1,5166.4004
59082.9,41765.22,1629156.9,4043.7905
252.65,21184.5,6966.5923,33.09966
196372.6,52662.84,5414794.5,10660.679
67979.9,40060.89,1874483.5,4850.867
45946.65,26193.09,1266936.8,5014.5215
1531.3999,34503.332,42226.953,125.90437
48290.25,29854.05,1331559.5,4623.93
43739.45,24277.35,1206075.2,5150.349
148.79999,22218.06,4103.0234,18.148985
19638.5,18671.07,541513.7,3006.3784
75956.195,30115.05,2094422.6,7210.55
503.74997,11889.42,13890.444,120.144394
38.75,3900.21,1068.4958,27.40748
6511.55,8181.48,179550.03,2274.6292
243005.89,64973.34,6700665.0,10692.765
119635.195,62397.27,3298831.0,5481.042
156281.84,57741.9,4309329.0,7737.6724
128090.445,28286.31,3531976.8,12946.6045
5383.15,20503.291,148435.44,749.6922
48767.65,10518.3,1344723.2,13255.695
210.79999,11411.79,5812.6167,51.816032
1960.75,6272.7,54065.887,892.75134
19379.648,37409.13,534376.06,1480.2122
28538.6,30645.75,786925.75,2661.6335
229533.3,65511.0,6329170.5,10016.987
206.15,22038.84,5684.3975,25.74506
99.2,21511.621,2735.349,12.185224
21376.049,26655.93,589425.0,2291.8867
34245.7,39934.74,944293.8,2450.9082
229395.34,100050.87,6325367.0,6554.6045
105400.0,38268.69,2906308.5,7873.917
147.25,19366.2,4060.284,20.740019
190.65,17813.25,5256.999,29.601494
12615.449,67827.81,347859.47,530.79456
173.59999,5193.9,4786.861,94.566376
262143.0,45153.87,7228353.5,16598.396
2145.2,81930.51,59151.926,73.86367
683.55,67157.04,18848.266,28.102327
100.75,16773.6,2778.089,16.173855
189.09999,19412.31,5214.2593,26.852442
185504.0,25471.86,5115103.0,20821.92
176.7,7138.35,4872.341,69.776276
103.85,17157.27,2863.5686,16.306423
179.79999,24150.33,4957.8203,20.287056
262143.0,95439.0,7228353.5,7852.467
203496.39,50694.9,5611227.0,11476.346
72690.35,25894.68,2004370.0,8025.297
291.4,37015.02,8035.0884,21.509226
85.25,17149.44,2350.6907,13.213252
64162.246,21087.93,1769215.2,8698.506
160688.5,50013.69,4430838.5,9185.391
262143.0,118177.32,7228353.5,6341.3926
129852.8,60314.492,3580572.0,6154.717
339.44998,31758.48,9360.022,29.560825
111693.0,41658.21,3079832.2,7665.097
1133.0499,25703.28,31242.814,125.04031
192226.34,89389.89,5300465.5,6147.561
262143.0,74380.65,7228353.5,10075.908
63184.2,44276.91,1742246.5,4079.188
164169.8,43315.56,4526832.0,10835.732
167.4,31454.85,4615.902,14.216572
262143.0,53760.78,7228353.5,13940.892
164137.25,95137.984,4525934.5,4931.899
30124.25,30435.21,830648.6,2829.016
41456.297,34520.73,1143119.5,3432.678
35913.5,44131.62,990281.94,2325.7883
262143.0,62399.88,7228353.5,12010.674
262143.0,116292.03,7228353.5,6444.2134
64106.45,39114.332,1767676.8,4685.1353
198514.69,64172.94,5473861.0,8843.834
150.34999,21766.53,4145.7637,18.749825
130.2,16576.11,3590.1458,21.458324
190.65,21221.91,5256.999,24.686285
45785.45,40916.1,1262491.9,3198.5007
7429.15,54642.09,204852.02,387.74142
165.84999,16965.0,4573.1616,26.951849
4.6499996,4816.32,128.21948,1.7604926
47430.0,22189.35,1307838.9,6110.637
29.449999,17118.12,812.05676,3.919016
148223.39,70799.73,4087124.5,5984.965
130468.15,63354.27,3597539.8,5887.133
261133.14,93447.57,7200507.5,7988.93
183650.19,71998.59,5063986.0,7292.1704
43.399998,7831.74,1196.7152,14.844568
118178.195,54368.91,3258655.8,6213.9224
22780.35,29151.96,628147.3,2233.3008
102126.4,72032.52,2816042.0,4052.7634
189.09999,36459.09,5214.2593,13.829779
102582.09,40280.13,2828607.5,7280.6484
196462.5,101840.46,5417273.5,5514.7974
127324.74,25212.6,3510863.2,14438.234
89.899994,17375.64,2478.9102,13.793395
382.84998,40703.82,10556.738,25.8932
64693.9,29175.45,1783875.1,6339.0806
232498.44,138409.17,6410931.5,4801.9067
12680.55,26159.16,349654.56,1385.0001
120.899994,17908.08,3333.7068,18.303064
262143.0,59719.41,7228353.5,12549.811
150.34999,22198.92,4145.7637,18.365137
4096.65,30485.67,112961.375,383.2219
225249.1,81339.78,6211037.5,7916.882
156923.55,28154.07,4327023.5,15935.61
65701.4,28268.041,1811656.0,6644.5034
262143.0,59040.81,7228353.5,12694.066
9250.399,17757.57,255071.3,1488.4501
337.9,45384.42,9317.283,20.28778
302.25,10875.87,8334.268,78.4605
111724.0,58836.36,3080687.0,5428.373
132711.0,41176.23,3659384.5,9214.297
1133.0499,28315.02,31242.814,113.41453
40639.45,31092.06,1120595.6,3736.2083
66400.445,69621.75,1830931.5,2725.9365
255675.6,125556.664,7050020.5,5821.352
130.2,13050.0,3590.1458,27.526564
285.19998,20064.81,7864.1284,39.640907
36336.65,49375.98,1001949.8,2103.157
119898.695,48428.55,3306096.8,7077.8384
271.25,29795.76,7479.4707,25.029408
94971.59,32230.02,2618754.8,8424.237
52343.5,48645.18,1443324.1,3075.6064
86.799995,8084.91,2393.4304,29.696829
45370.047,37991.16,1251037.5,3413.567
119.35,13431.061,3290.967,24.407452
262143.0,104719.29,7228353.5,7156.4873
134966.25,40014.78,3721571.0,9642.923
51233.7,32484.93,1412722.4,4508.442
143982.6,60154.41,3970188.2,6842.7085
30959.7,32106.48,853685.4,2756.103
392.15,56183.73,10813.178,18.956789
69.75,12468.84,1923.2925,14.994371
175801.0,44583.15,4847552.0,11273.561
221.65,26160.9,6111.796,23.225014
262143.0,82597.8,7228353.5,9073.418
160686.94,81559.02,4430795.5,5632.231
117.799995,4828.5,3248.227,68.75607
223.2,22899.27,6154.5356,26.86901
-23.25,6464.1,-641.0975,-11.284043
496.0,55827.03,13676.746,24.403065
1470.95,84231.664,40560.098,48.93114
37.199997,16133.28,1025.7559,5.5927896
22160.35,48024.87,611051.4,1318.3481
89738.8,36340.77,2474465.2,7059.4946
705.25,52868.16,19446.623,37.14151
261.94998,34629.48,7223.0312,20.62825
195701.44,71056.38,5396288.0,7873.8066
171085.89,58116.0,4717537.0,8416.197
361.15,41010.93,9958.381,24.178913
86497.75,13976.55,2385096.2,17694.133
262143.0,97853.25,7228353.5,7658.704
63587.2,40534.17,1753358.9,4484.361
84092.15,43995.03,2318764.0,5464.134
192.2,27358.89,5299.7393,19.086483
44932.95,28513.38,1238985.0,4504.7305
180960.94,48625.17,4989832.5,10639.762
155345.64,39070.832,4283514.0,11367.297
282.1,30985.05,7778.6494,25.03154
49.6,3469.56,1367.6746,39.87486
78084.34,102538.2,2153104.2,2176.345
451.05,53232.69,12437.291,23.226755
25523.85,25689.36,703796.8,2839.808
33221.15,41715.63,916042.75,2276.0095
262143.0,76321.62,7228353.5,9819.638
142758.1,47635.11,3936423.8,8567.851
117.799995,9830.13,3248.227,33.263756
190.65,19717.68,5256.999,26.645853
77261.3,37029.81,2130409.5,5964.674
604.5,17554.86,16668.535,97.457306
2748.15,36899.31,75777.72,211.94682
93235.59,68020.08,2570886.2,3918.1655
292.94998,34909.62,8077.8276,22.993706
80299.3,46122.18,2214179.8,4976.9546
143895.8,45593.22,3967795.0,9022.954
102410.05,78349.59,2823863.2,3736.2727
77.5,9478.65,2136.9917,22.37783
190784.84,63298.59,5260717.5,8616.848
95036.695,51580.56,2620550.0,5267.1035
108797.59,36456.48,2999994.0,8531.839
0.0,4008.09,0.0,-1.0
188915.55,74370.21,5209173.5,7262.0273
78608.25,39310.95,2167550.5,5716.466
74300.8,41035.29,2048776.5,5176.081
62.0,3488.7,1709.5933,49.81326
262143.0,124733.64,7228353.5,6008.0205
145943.34,39602.4,4024254.2,10535.874
32362.45,16751.85,892364.94,5522.669
125.549995,13794.72,3461.9263,25.022728
909.85,97912.414,25088.281,25.569357
64117.297,17912.43,1767975.8,10233.572
186897.44,65827.68,5153526.0,8116.902
110.049995,14896.14,3034.5278,20.12347
262143.0,120089.58,7228353.5,6240.399
364.25,39558.03,10043.86,25.327759
74975.05,63369.06,2067368.4,3381.8948
217.0,35345.49,5983.5767,16.553946
262143.0,59595.0,7228353.5,12576.011
107470.8,41258.88,2963409.0,7446.698
410.75,101368.92,11326.056,10.585686
1004.39996,130107.63,27695.41,21.07257
211480.44,49591.742,5831379.5,12191.9795
29.449999,3674.01,812.05676,21.91891
131283.45,60647.7,3620021.2,6188.3447
129517.99,61513.35,3571340.2,6019.183
77275.25,61888.32,2130794.2,3569.1028
98824.9,52735.05,2725006.2,5357.164
5846.5996,42119.31,161214.64,395.8909
3513.8499,14084.43,96891.195,712.334
65.1,3648.78,1795.0729,50.01317
55383.047,18850.291,1527136.9,8399.552
45174.75,24213.84,1245652.4,5333.3447
262143.0,113956.08,7228353.5,6576.332
680.44995,19496.7,18762.785,98.78932
251769.6,99754.2,6942316.0,7215.4077
1264.7999,86991.3,34875.7,40.57143
8058.4497,15780.061,222204.38,1459.131
15162.1,50338.2,418081.03,860.2132
48356.9,23010.63,1333397.2,6007.6777
78575.695,50116.35,2166653.0,4481.887
39225.848,38875.95,1081616.9,2883.9636
262143.0,130961.1,7228353.5,5722.2793
333.25,45088.62,9189.063,20.132563
96481.3,23780.58,2660383.5,11599.3125
82596.4,52987.35,2277520.2,4455.9517
94.549995,21768.27,2607.1296,11.419
97986.34,61159.26,2701883.8,4579.9155
106914.34,86663.31,2948065.2,3526.359
91688.695,53720.76,2528232.0,4879.0317
137585.75,38545.35,3793801.2,10204.88
179254.39,69106.71,4942776.0,7415.4927
57390.297,69092.79,1582485.0,2373.9517
2162.25,27911.34,59622.066,220.50024
24533.398,22432.08,676486.0,3126.0667
57.35,3808.86,1581.3738,42.05141
262143.0,64557.48,7228353.5,11609.227
70083.25,46182.21,1932481.5,4337.9883
7401.25,32545.83,204082.7,649.2176
79701.0,52239.15,2197682.2,4361.3115
66676.35,15706.11,1838539.4,12137.141
262143.0,83027.58,7228353.5,9026.446
291.4,38220.84,8035.0884,20.799088
104502.55,52981.26,2881562.2,5638.6685
66549.25,54552.48,1835034.8,3487.0095
19714.45,25183.02,543607.9,2237.3389
262143.0,159197.83,7228353.5,4707.1484
85.25,15243.2705,2350.6907,14.990617
102.299995,17953.32,2820.8289,15.292204
93.0,15947.1,2564.39,15.6744
38362.5,26036.49,1057810.9,4211.8257
167595.3,89432.52,4621287.0,5357.156
113652.195,85443.57,3133855.2,3802.185
262143.0,97585.29,7228353.5,7679.738
62.0,4734.54,1709.5933,36.44233
196468.69,41778.27,5417444.5,13444.962
27593.1,29479.95,760854.5,2675.2258
220334.05,50522.64,6075510.0,12468.371
306.9,33790.8,8462.486,24.96853
69.75,6147.42,1923.2925,31.441456
262143.0,128446.8,7228353.5,5834.3105
27898.45,11696.28,769274.2,6818.9517
364.25,38175.6,10043.86,26.28115
262143.0,63157.65,7228353.5,11866.557
53228.547,30065.46,1467728.5,5061.042
134.84999,14125.32,3718.3652,26.296162
201331.05,71018.1,5551519.5,8104.703
254.2,33440.19,7009.3325,20.734808
226521.64,102083.19,6246127.0,6343.603
163748.19,86456.25,4515206.5,5414.3823
179747.3,54047.88,4956367.5,9507.954
107656.8,29847.96,2968537.8,10311.78
6930.05,9333.36,191089.78,2121.9868
130651.05,19193.07,3602583.0,19462.342
181887.84,66205.26,5015391.0,7854.254
262143.0,74037.87,7228353.5,10122.5625
82949.8,40196.61,2287264.8,5899.311
242096.05,47471.55,6675577.0,14580.535
18023.4,16924.11,496978.78,3043.9482
722.3,13505.01,19916.762,151.9226
249594.94,63028.89,6882352.0,11321.572
66406.65,47286.242,1831102.6,4014.3718
55.8,3640.08,1538.6339,42.83008
85126.0,50536.56,2347271.5,4815.2114
313.09998,26732.49,8633.445,32.488262
94272.55,41517.27,2599479.2,6491.403
262143.0,160317.52,7228353.5,4674.2656
133.3,27423.27,3675.6257,12.898244
72327.65,45795.93,1994368.8,4514.7144
89.899994,11582.311,2478.9102,21.19287
162787.19,62909.7,4488708.0,7397.6357
118551.75,46744.23,3268956.0,7250.518
18.599998,5327.88,512.8779,8.981768
195.29999,15850.53,5385.2188,34.22958
194737.34,82296.78,5369704.0,6764.741
345.65,36544.35,9530.982,26.04365
99300.75,37556.16,2738127.2,7558.974
322.4,33893.46,8889.885,26.197443
90688.945,50425.2,2500664.8,5141.28
38.75,3574.83,1068.4958,29.993122
35863.9,24016.35,988914.2,4268.721
210524.1,47076.57,5805009.5,12785.333
207241.19,98950.32,5714486.0,5987.3594
204.59999,23865.84,5641.6577,23.511951
60.449997,9661.35,1666.8534,16.889883
103935.25,38134.71,2865919.5,7791.762
63824.348,40936.11,1759898.0,4456.885
220394.5,61754.34,6077176.5,10203.277
107720.34,27967.89,2970290.0,11011.527
262143.0,59890.8,7228353.5,12513.893
60646.848,49191.54,1672281.4,3524.0625
193.75,18861.6,5342.479,28.370558
262143.0,69345.96,7228353.5,10807.517
262143.0,94001.76,7228353.5,7972.5425
40864.2,33031.29,1126792.9,3536.2559
125.549995,20202.27,3461.9263,16.769104
354.94998,35979.72,9787.421,27.207098
26066.35,11698.0205,718755.75,6370.1357
691.3,66491.49,19061.965,28.726889
286.75,24732.36,7906.869,32.150253
354.94998,54230.582,9787.421,17.714226
262143.0,100576.35,7228353.5,7451.3184
234.04999,25477.08,6453.7144,25.26685
219731.1,121533.78,6058884.0,5168.44
65978.85,35759.61,1819306.5,5274.4683
134981.75,87916.11,3721998.2,4388.9097
73408.0,76960.2,2024158.5,2726.2578
82.149994,9575.22,2265.211,23.530577
227149.39,87794.31,6263436.5,7396.657
203688.6,58383.09,5616526.5,9974.361
67733.445,18928.59,1867687.8,10230.372
147.25,33397.56,4060.284,11.606356
65859.5,32446.65,1816015.5,5802.6016
245564.94,114648.6,6771228.5,6123.1606
90873.4,43747.082,2505750.8,5938.319
126377.695,66387.09,3484749.2,5441.968
105.399994,13397.13,2906.3083,21.494576
106664.8,53644.2,2941184.2,5684.2207
112829.15,31941.18,3111160.5,10098.952
185524.14,81102.27,5115658.5,6539.582
106218.4,43232.04,2928875.2,7023.947
73854.4,44530.082,2036467.5,4741.113
104573.84,68736.09,2883528.0,4348.9795
59882.7,16310.76,1651210.6,10496.265
390.59998,32043.84,10770.4375,33.85272
262143.0,71977.71,7228353.5,10412.32
262143.0,151333.89,7228353.5,4951.803
157853.55,106040.82,4352667.0,4255.2803
157938.8,84127.26,4355018.0,5366.859
186.0,14765.64,5128.78,35.017178
123048.3,63663.992,3392944.2,5525.2524
262143.0,53292.72,7228353.5,14063.341
131.75,25030.77,3632.8857,14.049617
83208.65,81708.664,2294402.2,2910.718
51.149998,3824.52,1410.4144,37.239983
104350.65,58104.69,2877373.8,5133.9116
204877.44,48517.29,5649308.0,12072.873
133864.2,39513.66,3691183.0,9685.485
262143.0,86274.42,7228353.5,8686.708
97.649994,5291.34,2692.6094,51.766174
150921.95,24392.19,4161534.8,17689.928
57.35,9521.28,1581.3738,16.222137
262143.0,103114.14,7228353.5,7267.9062
582.8,51884.19,16070.177,31.11689
77.5,4794.57,2136.9917,45.216927
268.15,26724.66,7393.9907,27.688946
154837.25,96421.234,4269495.5,4590.4697
53924.5,46832.97,1486918.8,3291.1787
81390.5,23016.72,2244268.5,10109.653
36930.3,27248.4,1018319.25,3874.1707
85618.9,41925.3,2360862.8,5838.053
19736.148,15268.5,544206.25,3694.856
134143.2,47964.84,3698876.0,7995.4023
262143.0,83446.05,7228353.5,8981.175
204.59999,21096.63,5641.6577,26.729465
76664.55,31536.63,2113954.8,6949.6953
105.399994,11484.0,2906.3083,25.241966
189.09999,25932.09,5214.2593,19.849852
116873.09,55831.38,3222668.8,5984.29
5919.4497,23858.01,163223.4,708.408
167065.19,72425.76,4606669.5,6594.4116
97180.34,49250.7,2679659.0,5640.765
215.45,25230.0,5940.8364,23.416208
147166.3,35435.1,4057976.0,11873.729
249.54999,15743.5205,6881.113,44.321545
262143.0,145019.44,7228353.5,5167.4585
427.8,44242.11,11796.193,26.647377
124499.09,59160.87,3432948.5,6016.0083
231486.3,82620.42,6383023.0,8010.003
262143.0,96048.87,7228353.5,7802.6006
144.15,18150.81,3974.8042,21.70741
80.6,5032.95,2222.4712,44.789024
84679.59,57676.65,2334962.2,4196.8574
251327.84,76790.55,6930135.5,9356.974
39748.2,23240.31,1096020.2,4889.1763
262143.0,45009.45,7228353.5,16651.658
201.5,11727.6,5556.178,48.126396
128688.74,44573.582,3548474.2,8253.903
48967.598,28529.041,1350236.8,4906.6167
148.79999,19501.05,4103.0234,20.81694
105.399994,23365.59,2906.3083,11.8977165
27.9,4860.69,769.31696,15.411764
403.0,39273.54,11112.356,28.339586
60529.047,44725.832,1669033.1,3868.4958
262143.0,78651.48,7228353.5,9528.726
297.59998,39839.04,8206.047,20.358612
247945.75,81264.96,6836877.0,8722.731
44156.4,32038.621,1217572.2,3939.6584
97.649994,12032.97,2692.6094,22.203228
262143.0,65968.62,7228353.5,11360.872
122016.0,136897.98,3364479.5,2547.4065
175.15,29941.05,4829.601,15.726
243.34999,25772.88,6710.1533,25.997116
2979.0999,15661.74,82145.95,542.86865
68.2,23193.33,1880.5525,7.407565
172246.84,46680.72,4749549.0,10549.249
157207.19,25084.71,4334844.5,17917.94
52548.098,34477.23,1448965.8,4356.864
100.75,4791.09,2778.089,59.12564
72.85,4811.97,2008.7721,42.28681
158.09999,22416.42,4359.4624,19.16576
199888.0,99003.39,5511728.5,5771.788
250239.75,63168.96,6900132.0,11325.651
119100.445,52150.41,3284085.8,6528.8716
107811.8,30587.46,2972811.8,10076.942
65109.297,39253.53,1795329.2,4741.565
68696.0,32796.39,1894229.4,5988.001
127101.55,65997.33,3504709.0,5505.4727
122.45,18103.83,3376.4465,18.339146
840.1,19702.02,23164.988,120.91839
-3.1,6831.24,-85.47966,-2.297511
96943.195,41421.57,2673120.0,6690.751
44125.4,24966.39,1216717.5,5052.3794
209.25,20708.61,5769.8774,27.891064
24.8,13464.12,683.8373,4.266507
105091.55,48298.05,2897803.2,6220.386
129916.34,85164.3,3582324.2,4360.6943
69278.8,59229.6,1910299.5,3343.3408
172.04999,24451.35,4744.121,19.118742
115930.695,46573.71,3196682.8,7116.157
193542.3,82833.57,5336752.0,6679.647
49750.348,44058.54,1371820.4,3227.606
7562.4497,27940.05,208527.62,772.899
152496.75,31097.28,4204958.5,14020.265
178649.89,73214.85,4926107.5,6975.74
13.95,3423.45,384.65848,10.650893
262143.0,132514.05,7228353.5,5655.2075
130128.695,94046.13,3588179.8,3955.2263
148424.89,73594.17,4092680.5,5765.5
97.649994,25507.53,2692.6094,9.945934
373.55,28735.23,10300.299,36.169186
262143.0,97149.42,7228353.5,7714.1978
237726.6,102111.9,6555093.5,6655.569
164472.05,63949.35,4535166.0,7352.683
47791.15,35251.53,1317797.2,3875.3098
78515.25,47020.02,2164986.2,4773.4155
262143.0,74287.56,7228353.5,10088.535
130370.49,31625.371,3594847.0,11785.712
17.05,8532.96,470.13812,4.713124
128525.99,77283.84,3543986.8,4754.0083
37.199997,16174.17,1025.7559,5.5761223
57325.2,23629.2,1580689.9,6935.582
1895.6499,34973.13,52270.812,153.97893
148.79999,23868.45,4103.0234,16.824924
108439.55,23886.72,2990121.2,12979.163
133960.3,32476.23,3693832.8,11792.956
78323.05,36475.62,2159686.2,6138.5405
103005.25,36505.2,2840275.5,8066.7725
153.45,17700.15,4231.243,23.787853
86173.8,25957.32,2376163.5,9491.145
114349.695,61920.51,3153088.2,5279.189
5070.05,8454.66,139801.98,1713.6088
176.7,23150.7,4872.341,20.82335
262143.0,85957.74,7228353.5,8718.715
150323.64,60682.5,4145037.0,7081.928
97761.59,37770.18,2695686.5,7399.6216
136291.5,44952.9,3758113.5,8667.821
220224.0,57123.332,6072475.5,11022.008
20.15,3393.87,555.6178,15.975744
98812.5,40622.04,2724664.2,6954.032
221415.94,55005.75,6105342.0,11508.323
114106.34,48085.77,3146378.0,6783.881
59253.4,33919.56,1633858.2,4993.7305
134.84999,15181.5,3718.3652,24.397165
76092.6,51000.27,2098184.0,4264.9814
229477.5,79924.29,6327632.0,8208.379
171129.3,87120.06,4718734.0,5615.3633
785.85,28743.93,21669.094,77.170425
262143.0,41303.25,7228353.5,18145.926
262143.0,44296.05,7228353.5,16919.854
142.59999,26194.83,3932.0642,14.565136
279.0,28034.01,7693.17,27.455614
91.45,4952.91,2521.65,51.792496
55748.848,20475.45,1537223.5,7783.8716
218576.34,48566.01,6027042.5,12867.256
262143.0,62777.46,7228353.5,11938.428
72.85,4003.74,2008.7721,51.025066
89461.34,47036.55,2466814.8,5437.122
452.59998,12272.22,12480.03,104.4485
133765.0,39258.75,3688447.5,9741.154
165.84999,35529.06,4573.1616,12.34691
46696.848,29406.871,1287622.9,4539.3335
260.4,17564.43,7180.2915,41.389267
120256.75,44738.01,3315969.8,7684.67
255987.14,83179.83,7058611.0,8798.32
288.3,26501.94,7949.6084,30.10398
262143.0,82991.914,7228353.5,9030.325
15377.55,14358.48,424021.88,3061.1584
230948.44,73513.26,6368192.0,8981.523
262143.0,82794.42,7228353.5,9051.868
262143.0,31079.88,7228353.5,24115.146
45566.9,33685.53,1256465.5,3866.7202
114693.8,21633.42,3162576.5,15157.762
35623.65,31080.75,982289.5,3276.1467
2005.7,22691.34,55305.34,251.72885
78797.34,58711.082,2172764.8,3836.4302
222829.55,61340.22,6144321.0,10385.673
108.5,13552.86,2991.7883,21.890104
-12.4,3538.29,-341.91864,-11.02022
85628.195,60230.97,2361119.2,4063.8635
147722.75,32574.541,4073319.8,12965.36
125.549995,25856.4,3461.9263,12.883457
26571.648,22227.63,732688.9,3417.0178
45980.75,35404.65,1267877.1,3712.3403
28654.85,16502.16,790131.25,4963.852
262143.0,102513.84,7228353.5,7310.471
181.34999,19372.291,5000.56,25.766127
260.4,36488.67,7180.2915,19.40478
111.6,24000.69,3077.2678,12.295033
300.69998,42390.75,8291.527,19.282024
67990.75,48046.62,1874782.8,4045.094
381.3,18765.03,10513.998,57.098713
92349.0,52625.43,2546439.2,5016.479
71783.6,31829.82,1979367.1,6447.223
106.95,18718.05,2949.0483,15.336882
151180.8,89882.31,4168672.2,4808.184
88743.695,15821.82,2447026.2,16036.256
73594.0,25389.21,2029287.2,8286.855
155.0,23465.64,4273.9834,17.886362
133155.84,55634.76,3671650.5,6842.2593
170.5,4312.59,4701.3813,112.04079
86.799995,3447.81,2393.4304,70.98224
262143.0,46256.16,7228353.5,16202.831
69903.445,38035.53,1927523.5,5253.8228
65506.098,29484.3,1806270.8,6351.43
73552.15,41260.62,2028133.2,5095.929
55.8,3681.84,1538.6339,42.33295
262143.0,37198.59,7228353.5,20148.338
232.5,29690.49,6410.9746,21.390024
41.85,10687.08,1153.9755,10.19658
274.35,31610.58,7564.9507,23.815413
117820.15,52321.8,3248782.8,6437.5176
145710.84,66464.52,4017843.2,6267.3174
55579.9,39753.78,1532564.9,3996.4983
81592.0,46791.21,2249824.8,4984.7705
262143.0,62355.51,7228353.5,12019.22
224.75,25972.98,6197.276,23.74155
78851.59,47334.09,2174260.5,4762.0527
334.8,24495.72,9231.804,38.07907
100421.4,35075.79,2769028.2,8184.926
260680.55,63658.77,7188027.5,11707.449
200917.19,57892.41,5540107.5,9922.033
39742.0,40361.91,1095849.2,2814.315
283.65,30182.91,7821.389,25.870186
185659.0,88173.63,5119377.0,6019.4126
187.54999,24072.03,5171.5195,21.276827
356.5,13569.39,9830.161,74.11873
160442.05,81279.75,4424042.5,5642.9717
102920.0,49946.7,2837924.8,5890.7183
85.25,23604.84,2350.6907,9.326242
132453.7,31045.95,3652289.8,12197.549
3727.75,16524.78,102789.3,644.0006
262143.0,189095.38,7228353.5,3962.751
3733.95,8895.75,102960.26,1199.1483
116490.25,54417.63,3212112.0,6119.67
86.799995,19072.14,2393.4304,12.012755
116.25,6953.04,3205.4873,46.80433
179265.25,69839.25,4943075.5,7338.1465
1793.35,25221.3,49449.984,202.30429
150188.8,14007.0,4141318.8,30656.828
111.6,17644.47,3077.2678,17.084417
224545.39,80950.02,6191633.5,7930.15
57548.4,42624.78,1586844.5,3859.2913
156715.84,85300.02,4321296.0,5252.0645
644.8,79347.48,17779.77,22.234905
28504.5,17843.7,785985.5,4566.4893
243517.39,52231.32,6714769.5,13329.547
197597.1,53742.51,5448559.0,10511.635
49655.797,29138.91,1369213.1,4871.43
187190.39,42232.41,5161604.0,12672.212
45219.7,25061.22,1246891.9,5158.106
32165.6,28855.291,886937.0,3186.2432
266.6,38682.81,7351.2515,18.705667
74130.3,48973.17,2044075.1,4326.992
98877.59,43551.332,2726459.2,6490.506
78312.195,31412.22,2159387.2,7127.198
136866.55,32544.09,3773969.8,12023.698
165293.55,39097.8,4557818.5,12086.948
262143.0,100283.164,7228353.5,7473.1055
474.3,43960.23,13078.389,29.849077
97445.4,44378.7,2686967.8,6277.209
119698.75,67786.05,3300583.5,5047.9175
101207.25,52052.1,2790697.2,5558.3286
144.15,23436.06,3974.8042,16.586483
200314.25,53181.36,5523482.0,10768.6455
68072.9,35103.63,1877047.9,5543.613
412.3,37299.51,11368.795,30.605244
110.049995,23501.31,3034.5278,12.388963
120183.9,52554.96,3313961.0,6537.5513
89934.09,49884.06,2479850.2,5153.797
43037.297,22571.28,1186714.1,5450.7734
62435.547,29890.59,1721603.1,5971.3667
75.95,4089.87,2094.2517,52.096664
262143.0,65499.69,7228353.5,11442.214
28496.75,22111.92,785771.8,3683.8335
184335.3,57823.68,5082877.0,9113.897
44908.15,37498.74,1238301.1,3423.1873
227.84999,24390.45,6282.755,25.710264
262143.0,211823.25,7228353.5,3537.4548
92958.15,60291.87,2563236.0,4407.3667
224038.55,62677.41,6177658.0,10219.23
190989.44,76005.81,5266359.0,7183.7476
83.7,15763.53,2307.951,14.18172
164.29999,22245.03,4530.422,20.118036
226978.89,72156.93,6258735.5,8993.073
773.44995,30540.48,21327.176,71.41113
70390.15,42260.25,1940944.0,4761.432
189.09999,28073.16,5214.2593,18.259686
57921.95,39154.35,1597144.8,4228.7246
262143.0,68907.48,7228353.5,10876.295
86.799995,9477.78,2393.4304,25.185572
128276.445,41284.11,3537105.8,8883.091
181219.8,80195.73,4996970.0,6460.0547
62875.75,21254.97,1733741.2,8457.077
41.85,5004.24,1153.9755,22.911472
50703.598,28454.22,1398105.4,5093.9634
61936.45,46563.27,1707840.9,3802.2234
38.75,4228.2,1068.4958,25.203854
120.899994,15355.5,3333.7068,21.511858
60011.348,48795.69,1654758.0,3515.4211
102.299995,18859.86,2820.8289,14.509084
144131.39,51286.5,3974291.2,8034.3447
72285.8,82940.58,1993214.8,2490.9248
103890.3,32611.95,2864680.0,9107.508
83216.4,72157.8,2294616.0,3296.4226
213.9,34411.98,5898.0967,16.772566
4395.8,24330.42,121210.16,515.57965
49.6,28428.99,1367.6746,3.9884915
513.05,18257.82,14146.884,79.34516
83627.15,36451.26,2305942.0,6558.6953
182585.34,52739.4,5034624.0,9897.736
182027.34,33715.98,5019237.5,15435.536
86302.445,74641.65,2379711.0,3304.9087
92858.945,52521.03,2560500.5,5054.2134
88.35,6247.47,2436.1704,39.43443
181.34999,10608.78,5000.56,47.87661
105544.15,44620.56,2910283.2,6762.136
81379.65,31135.56,2243969.2,7472.2256
35366.348,24609.69,975194.7,4107.971
58.899998,17832.39,1624.1135,8.443972
100044.75,40287.96,2758642.5,7099.1577
62533.2,25029.03,1724295.8,7142.5757
182103.3,49400.34,5021332.0,10538.909
128349.3,66401.88,3539114.5,5525.652
95858.195,46129.14,2643202.0,5940.593
37014.0,30555.27,1020627.2,3462.6091
429.34998,33681.18,11838.933,35.447952
-41.85,5469.69,-1153.9755,-22.876696
280.55,27530.28,7735.909,28.137253
62.0,3014.55,1709.5933,57.805534
162340.8,24129.45,4476399.0,19235.643
66016.05,51343.92,1820332.1,3675.2874
364.25,39392.73,10043.86,25.438236
85070.195,52165.2,2345732.8,4661.7866
229097.75,67768.65,6317161.0,9664.871
262143.0,92614.984,7228353.5,8091.9336
169619.6,53752.95,4677105.0,9021.413
62519.25,14717.79,1723911.1,12144.633
171141.69,48587.76,4719075.5,10070.123
41020.75,21517.71,1131109.6,5449.753
21250.5,24317.371,585963.1,2497.6277
202431.55,31263.45,5581864.5,18512.574
209.25,9628.29,5769.8774,61.13915
127151.15,49053.21,3506076.5,7410.4272
184.45,20763.42,5086.04,24.399712
80.6,4479.63,2222.4712,50.44485
372.0,40884.78,10257.56,25.015383
247886.84,73897.8,6835253.0,9590.156
785.85,26971.74,21669.094,82.30665
92682.25,64366.082,2555628.2,4116.0723
231326.64,82789.2,6378620.5,7988.1567
347.19998,43810.59,9573.722,21.659462
65555.695,32269.17,1807638.4,5807.6025
47473.4,9171.54,1309035.5,14798.841
218.54999,37561.38,6026.316,15.636356
91.45,4291.71,2521.65,59.92595
131016.84,45407.91,3612669.5,8248.822
114.7,19291.38,3162.7476,16.000008
9.299999,8915.76,256.43896,1.9824526
74462.0,29083.23,2053221.5,7319.505
92398.59,79002.96,2547806.8,3343.0361
163743.55,78430.5,4515078.5,5968.3657
68401.5,27403.26,1886108.8,7135.9453
34747.9,32495.371,958141.5,3056.4265
1663.1499,44072.46,45859.836,106.89792
15845.649,18575.37,436929.28,2438.055
418.5,44975.52,11539.755,25.605305
2284.7,16867.56,62998.51,386.28073
262143.0,71720.19,7228353.5,10449.711
135634.3,60041.31,3739991.8,6458.046
359.59998,36212.88,9915.641,27.392628
121352.59,35558.64,3346186.8,9756.822
1410.5,25979.94,38893.246,154.23296
164416.25,56619.6,4533627.5,8301.845
28814.5,22001.43,794533.5,3743.6323
25413.799,27810.42,700762.25,2611.829
36927.2,25366.59,1018233.75,4161.2993
64901.598,34405.02,1789602.1,5392.6475
243904.89,94432.414,6725454.0,7383.9644
220520.05,123387.75,6080638.5,5109.0483
62136.4,58116.87,1713354.4,3055.982
339.44998,24522.69,9360.022,38.578255
161088.39,77051.55,4441865.0,5976.6694
104510.3,71052.03,2881775.8,4204.635
49131.9,29496.48,1354767.1,4761.5806
145369.84,49656.992,4008440.5,8369.336
3865.7,10888.05,106593.14,1014.14264
181.34999,11370.9,5000.56,44.600716
50113.047,38744.582,1381821.4,3697.1865
129910.15,60977.43,3582153.5,6090.482
16431.549,59365.32,453084.94,790.3975
23.25,5442.72,641.0975,11.213944
38.75,3091.98,1068.4958,34.833073
79442.15,54476.79,2190544.5,4168.543
141020.55,70862.37,3888512.5,5689.045
171155.64,44028.96,4719460.0,11113.803
1601.1499,44215.14,44150.242,102.54043
262143.0,105121.234,7228353.5,7129.1196
68257.35,43622.67,1882134.0,4472.899
17918.0,41339.79,494072.47,1238.2825
220107.75,90043.26,6069270.0,6988.2915
77472.09,43764.48,2136222.0,5060.4214
229621.64,116709.63,6331606.5,5624.422
471.19998,61592.52,12992.908,20.873903
131130.0,109526.914,3615789.8,3422.1838
95303.3,57244.26,2627901.2,4759.1973
165516.75,35800.5,4563973.0,13218.099
219669.1,84991.17,6057174.5,7388.995
263.5,26444.52,7265.7715,27.490099
123483.84,79451.01,3404954.0,4442.8535
113.149994,3666.18,3120.0076,87.244934
147384.84,65811.15,4064002.2,6402.278
262143.0,137747.1,7228353.5,5440.327
262143.0,56117.61,7228353.5,13355.359
60584.848,46132.62,1670571.8,3753.9563
151.9,6885.18,4188.5034,62.079967
122.45,23115.03,3376.4465,14.146536
272.8,29319.871,7522.21,25.60304
77.5,21879.63,2136.9917,9.127698
60966.15,40922.19,1681085.8,4258.698
194463.0,61469.85,5362139.5,9044.318
32.55,4416.99,897.53644,20.070436
193.75,26709.0,5342.479,19.741161
94.549995,18064.68,2607.1296,13.965122
3583.5999,112802.46,98814.484,89.834305
89.899994,33253.14,2478.9102,6.729938
168.95,12282.66,4658.6416,38.329166
52853.45,50920.23,1457385.5,2966.7817
190470.19,73009.53,5252041.0,7458.272
-21.699999,2884.92,-598.3576,-22.506758
110975.34,43103.28,3060043.5,7360.4805
72253.25,42803.13,1992317.2,4825.484
63029.2,38746.32,1737972.5,4650.15
97402.0,46373.61,2685771.0,6004.4556
116595.65,29330.31,3215018.2,11365.184
112641.59,48253.68,3105989.0,6673.4785
195943.25,80564.61,5402956.0,6953.005
262143.0,69460.8,7228353.5,10789.647
211911.34,84999.0,5843261.5,7127.3564
49082.297,27406.74,1353399.5,5119.549
1625.95,31499.22,44834.082,146.5898
105620.09,51827.64,2912377.5,5825.8535
788.94995,94027.86,21754.572,22.990643
356.5,28128.84,9830.161,35.237373
146459.5,81413.73,4038486.8,5142.6206
64445.9,21750.871,1777036.8,8470.643
505.3,48401.582,13933.185,28.849613
683.55,68385.48,18848.266,27.57955
299.15,24139.02,8248.787,34.43385
262143.0,122270.67,7228353.5,6129.063
1004.39996,19096.5,27695.41,149.3841
51.149998,13244.01,1410.4144,10.042696
54814.2,30838.89,1511451.4,5081.101
121501.4,30169.86,3350290.0,11513.815
262143.0,104721.9,7228353.5,7156.3086
262143.0,91189.05,7228353.5,8218.484
228104.19,78115.56,6289764.5,8348.197
173172.19,69523.44,4775064.5,7120.9
80787.55,38318.28,2227642.8,6027.1963
108.5,17614.02,2991.7883,16.61247
1060.2,50692.29,29234.043,58.799126
126831.84,53655.51,3497272.0,6757.697
76870.695,32167.38,2119639.0,6831.727
225717.19,72471.0,6223945.0,8904.316
271.25,47076.57,7479.4707,15.474564
81914.4,48240.63,2258714.5,4854.0786
71831.65,35055.78,1980692.0,5857.753
29823.549,22436.43,822357.06,3799.6208
55510.15,33989.16,1530641.6,4668.614
121220.84,51482.25,3342554.0,6731.383
51331.348,25156.05,1415415.0,5833.306
262143.0,67413.69,7228353.5,11117.32
124051.15,68428.98,3420597.0,5182.341
262143.0,88254.54,7228353.5,8491.786
509.94998,20007.39,14061.404,71.87627
5066.9497,40661.19,139716.5,355.2997
262143.0,71620.14,7228353.5,10464.311
13176.55,18286.53,363331.3,2059.2476
111545.75,51795.45,3075772.0,6156.585
235.59999,13156.14,6496.454,50.203045
18427.95,24731.49,508133.84,2129.4714
226.29999,22011.0,6240.015,28.396374
61435.797,38013.78,1694035.9,4619.93
255517.48,60769.5,7045661.0,12021.2
57329.848,28176.69,1580818.1,5816.546
117494.65,26958.69,3239807.5,12460.442
85556.9,56777.07,2359153.2,4307.5493
94.549995,18797.22,2607.1296,13.38192
69.75,6939.12,1923.2925,27.740137
223.2,31960.32,6154.5356,18.967884
167113.25,35944.92,4607995.0,13291.98
29724.35,29592.18,819621.75,2870.9998
64307.95,30857.16,1773232.9,5957.7847
262143.0,80672.49,7228353.5,9289.986
158820.75,31868.1,4379337.0,14248.515
111613.945,49550.85,3077652.5,6439.452
24276.1,23951.97,669391.25,2896.9219
262143.0,70127.22,7228353.5,10687.104
28200.7,28216.71,777608.5,2856.607
147752.2,59760.3,4074131.8,7068.1987
114.7,11812.86,3162.7476,26.76242
260.4,30630.96,7180.2915,23.306887
72633.0,45520.14,2002788.5,4561.253
654.1,46156.11,18036.209,39.51949
136310.1,100437.15,3758626.2,3879.4548
106133.15,42954.51,2926524.5,7063.6597
127.1,28007.91,3504.6663,11.975194
114.7,8824.41,3162.7476,36.164368
34716.9,37017.63,957286.7,2680.5217
148.79999,11097.72,4103.0234,37.336998
195.29999,34511.16,5385.2188,15.180489
962.55,14915.28,26541.436,183.5189
401.44998,44758.02,11069.616,24.645405
353.4,39897.332,9744.682,24.326296
127563.445,46804.26,3517445.2,7791.734
736.25,26486.28,20301.42,78.47917
30838.799,20714.7,850351.7,4255.649
198978.14,83620.92,5486640.0,6802.6094
127267.4,54845.67,3509282.0,6633.738
88889.4,41337.18,2451043.8,6147.343
505.3,47057.43,13933.185,29.70224
143516.05,49402.95,3957323.8,8305.09
112251.0,70733.61,3095218.8,4536.4663
2357.55,21490.74,65007.285,312.65955
4828.25,17125.08,133134.58,805.13196
262143.0,51085.53,7228353.5,14671.0
182.9,26127.84,5043.3,19.015163
120256.75,37407.39,3315969.8,9190.81
129242.09,49900.59,3563732.5,7404.3794
194728.05,75421.17,5369448.0,7381.1733
134.84999,30892.83,3718.3652,11.480794
90701.34,22520.82,2501006.5,11514.386
262143.0,93663.33,7228353.5,8001.352
50125.45,37764.96,1382163.4,3794.0562
120.899994,27303.21,3333.7068,11.660812
152135.6,49737.03,4195000.0,8744.81
169046.1,57433.92,4661291.5,8414.611
240577.05,42531.69,6633692.0,16171.998
120379.195,24123.36,3319346.2,14266.986
262143.0,72538.86,7228353.5,10331.765
2104.9,26304.45,58040.688,227.79747
32.55,20592.9,897.53644,3.5194178
45118.95,54640.35,1244113.8,2359.9917
303.8,26338.38,8377.007,31.979774
125.549995,20549.4,3461.9263,16.468939
3963.3499,113582.85,109285.75,98.76969
60804.95,36322.5,1676640.9,4785.4355
154727.19,67306.68,4266460.5,6571.9062
1001.3,20629.44,27609.932,137.77965
4502.75,20680.77,124159.21,621.5298
54217.45,36819.27,1494996.6,4209.299
159769.34,62224.14,4405493.5,7340.4785
266.6,8887.92,7351.2515,84.764786
262143.0,62078.85,7228353.5,12072.789
2931.0498,11794.59,80821.016,709.5413
407.65,61340.22,11240.575,18.00164
235.59999,19094.76,6496.454,34.278496
137.95,29312.041,3803.845,12.456267
113511.15,56790.12,3129966.0,5713.98
159.65,22860.99,4402.2026,18.967463
97273.34,60731.22,2682223.5,4578.635
89799.25,53748.6,2476132.2,4775.992
168198.25,61084.44,4637913.0,7871.9927
133.3,10167.69,3675.6257,36.484943
67336.65,33386.25,1856746.5,5765.773
234775.39,41335.44,6473716.5,16238.736
134.84999,9479.5205,3718.3652,39.673687
54414.297,30322.11,1500424.5,5130.007
1816.6,19343.58,50091.082,267.51678
262143.0,110540.46,7228353.5,6779.567
41.85,3771.45,1153.9755,30.727518
71478.25,32951.25,1970947.4,6201.275
132058.45,48427.68,3641391.0,7795.8926
198776.64,76215.48,5481084.0,7456.12
116209.695,20224.02,3204376.0,16428.482
68947.1,38612.34,1901153.2,5104.5073
178.25,25839.871,4915.0806,18.72369
262143.0,97285.14,7228353.5,7703.4346
121927.65,46081.29,3362043.2,7564.307
262143.0,46684.2,7228353.5,16054.26
407.65,19634.16,11240.575,58.36413
1013.69995,74884.38,27951.85,37.70501
79.049995,13625.94,2179.7312,15.587629
171250.19,58665.84,4722067.5,8345.315
107935.8,36795.78,2976230.8,8386.189
88.35,18912.93,2436.1704,12.356625
151548.14,45354.84,4178801.2,9552.796
864.89996,61348.05,23848.826,39.31012
41580.297,29515.621,1146538.6,4026.9553
127944.74,59656.77,3527959.2,6131.1353
61101.0,29974.98,1684804.1,5827.253
136.4,9625.68,3761.105,39.5165
168046.34,77170.74,4633724.0,6225.233
8752.85,40392.36,241351.83,618.5827
94881.695,49101.06,2616276.0,5524.1055
207624.05,73065.21,5725043.0,8123.8623
175.15,24703.65,4829.601,19.272066
114.7,21415.05,3162.7476,14.314165
4079.5999,23857.14,112491.234,487.93167
300.69998,35250.66,8291.527,23.390188
139231.84,32538.0,3839190.8,12233.796
38932.9,27798.24,1073539.0,4003.5007
262143.0,56057.582,7228353.5,13369.662
97.649994,3765.36,2692.6094,73.15061
373.55,35483.82,10300.299,29.100058
530.1,45803.76,14617.021,32.090675
186663.39,53660.73,5147072.0,9945.071
57.35,21341.1,1581.3738,6.6836157
189.09999,24993.36,5214.2593,20.632957
173598.44,65182.14,4786818.0,7613.9346
83160.59,39014.28,2293077.2,6093.5684
79992.4,39432.75,2205717.2,5799.169
8966.75,24685.38,247249.92,1037.5902
34473.55,26057.371,950576.6,3781.722
351.84998,16646.58,9701.941,59.43402
30068.45,21122.73,829110.0,4069.146
210.79999,21215.82,5812.6167,27.409248
262143.0,63602.22,7228353.5,11783.604
133889.0,71782.83,3691866.8,5332.0215
246.45,37012.41,6795.6333,18.0384
119.35,14457.66,3290.967,22.603336
156323.69,33669.0,4310482.5,13274.274
192489.84,48840.06,5307731.5,11267.877
193.75,27620.76,5342.479,19.056498
123888.4,47263.62,3416109.2,7493.672
227250.14,94963.11,6266214.5,6841.239
177033.25,96347.28,4881530.0,5252.689
116.25,6681.6,3205.4873,48.74638
71.299995,3198.12,1966.0321,62.744644
70224.3,36368.61,1936370.8,5519.898
166798.6,54235.8,4599318.5,8792.369
148.79999,16388.19,4103.0234,24.96097
466.55,49925.82,12864.689,25.719109
115028.59,53057.82,3171808.2,6197.768
232.5,32642.4,6410.9746,19.365255
262143.0,72196.95,7228353.5,10380.698
79062.4,42596.94,2180073.2,5305.8955
100384.195,51662.34,2768002.2,5554.7188
13.95,6676.38,384.65848,4.974233
39926.45,23215.08,1100935.4,4916.4453
15163.649,23720.55,418123.75,1826.797
71848.695,80382.78,1981162.0,2554.6704
3831.5999,23378.64,105652.86,467.60822
598.3,49102.8,16497.574,33.83868
177371.14,83842.77,4890847.0,6047.7593
253538.14,110582.22,6991082.5,6554.518
4361.6997,31465.291,120269.88,395.34467
216539.64,63717.93,5970882.5,9715.834
52366.75,23724.9,1443965.2,6310.03
827.69995,35801.37,22823.068,65.103165
78547.8,50979.39,2165883.8,4404.4307
51174.797,47528.1,1411098.2,3077.6099
262143.0,97756.68,7228353.5,7666.2715
164.29999,19024.291,4530.422,23.693237
285.19998,34840.89,7864.1284,22.405031
99206.195,54078.332,2735520.0,5244.2295
22285.898,24333.9,614513.25,2617.5894
89644.25,29742.69,2471858.2,8616.696
56849.348,48519.03,1567568.8,3349.1353
181484.84,56540.43,5004278.5,9176.623
29124.5,17993.34,803081.44,4627.025
201138.84,55860.96,5546219.5,10294.241
132608.7,51035.07,3656563.8,7428.375
100.75,3532.2,2778.089,80.55466
262143.0,58629.3,7228353.5,12783.17
112213.8,71218.2,3094192.8,4504.0977
322.4,25289.16,8889.885,35.45101
1184.2,46349.25,32653.23,72.051865
137.95,14462.01,3803.845,26.273573
57.35,14189.7,1581.3738,10.556045
256284.73,85708.05,7066817.0,8548.686
99353.445,41636.46,2739580.2,6821.7285
131860.05,43483.47,3635920.2,8669.378
53961.7,15032.73,1487944.5,10262.53
131601.2,32946.9,3628782.8,11419.741
72242.4,29744.43,1992018.0,6943.4126
105855.695,45631.5,2918874.0,6631.824
279.0,14504.64,7693.17,53.997917
54124.45,22193.7,1492432.1,6971.889
225729.6,55767.0,6224287.0,11572.38
146068.89,95702.61,4027716.0,4362.982
262143.0,100392.78,7228353.5,7464.9453
240491.8,57484.38,6631341.5,11960.88
178.25,25806.81,4915.0806,18.748957
39824.15,40953.51,1098114.5,2779.381
261505.14,126882.54,7210765.0,5891.877
50680.348,38373.96,1397464.2,3775.1736
274.35,29506.92,7564.9507,25.584597
94444.59,51533.582,2604223.2,5239.0537
137.95,26287.05,3803.845,14.004752
370.44998,21781.32,10214.819,47.62889
262143.0,35620.41,7228353.5,21041.064
17.05,5131.2603,470.13812,8.500563
218060.19,56859.72,6012810.0,10964.303
1294.25,11491.83,35687.76,321.01642
143770.25,54803.04,3964333.2,7499.9004
288.3,30799.74,7949.6084,25.763725
68582.85,62010.12,1891109.4,3161.292
87371.945,41253.66,2409201.5,6054.6187
262143.0,88703.46,7228353.5,8448.806
182.9,19592.4,5043.3,25.691626
142654.25,47985.72,3933560.5,8499.055
323.94998,30516.121,8932.624,29.35272
49995.25,33120.9,1378573.2,4314.9424
40.3,7705.59,1111.2356,13.953682
38285.0,22796.61,1055673.9,4800.837
68527.05,48607.77,1889570.6,4029.9307
212.34999,28757.85,5855.357,20.112753
21013.35,26124.36,579423.9,2298.8455
44333.098,22544.31,1222444.6,5621.638
42804.797,30213.36,1180303.1,4049.8152
38.75,5260.89,1068.4958,20.060152
40879.7,35321.13,1127220.2,3308.1929
33670.65,22977.57,928437.3,4188.8296
192195.34,35286.332,5299611.0,15572.47
78656.3,28861.38,2168875.5,7791.2954
151.9,27362.371,4188.5034,14.872781
171160.3,58852.02,4719588.5,8314.543
37069.8,34037.01,1022165.9,3112.9944
118232.445,69981.06,3260151.5,4829.645
85277.9,47675.13,2351460.0,5113.3867
183222.39,58045.53,5052190.0,9024.24
255.74998,26173.08,7052.072,26.938929
75291.25,44657.1,2076087.4,4819.621
169463.05,58192.56,4672788.5,8325.386
76658.34,49394.25,2113783.8,4436.435
192285.25,65051.64,5302090.0,8450.557
156393.44,76914.96,4312406.0,5812.7544
175.15,32290.92,4829.601,14.508819
57866.15,25614.541,1595606.1,6458.3228
17135.25,22434.69,472488.84,2182.8328
86.799995,4462.23,2393.4304,54.618176
203750.6,45104.28,5618236.0,12915.061
39971.4,21863.1,1102174.8,5226.41
191105.69,113829.93,5269564.5,4799.2754
81636.945,26110.44,2251064.0,8938.671
17135.25,14940.51,472488.84,3278.246
173844.89,42858.81,4793614.0,11596.673
437.09998,15877.5,12052.632,77.71321
833.89996,19842.96,22994.03,119.15906
206.15,21374.16,5684.3975,26.57676
266.6,12608.91,7351.2515,59.454918
53727.65,50901.09,1481490.8,3017.0037
38181.15,20862.6,1052810.2,5231.7446
1291.1499,83301.63,35602.277,43.317184
