FITC-A_raw,FSC-A,Normalised_FITC_A,FITC_fluorescence
2844.25,8717.4,78427.59,931.8886
24714.75,35618.67,681486.6,1982.9352
31182.898,49569.992,859839.9,1797.6498
13213.75,41924.43,364357.06,900.1724
21558.95,26805.57,594468.3,2298.596
11356.85,28868.34,313154.75,1123.8253
16017.699,27716.46,441673.4,1651.3854
19618.35,37917.21,540958.06,1478.3641
96444.09,123584.37,2659357.8,2230.3162
19894.25,21474.21,548565.75,2647.8623
68274.4,59603.7,1882604.1,3274.1687
4160.1997,22050.15,114713.7,538.45056
14005.8,48606.9,386197.12,822.8706
2221.15,23737.08,61246.176,266.54666
26698.75,30991.14,736193.6,2462.2153
21273.75,32123.01,586604.2,1892.5502
58208.7,129480.36,1605051.6,1284.3843
75.95,15284.16,2094.2517,13.208073
11781.55,23144.61,324865.47,1454.4644
593.64996,13516.32,16369.3545,124.58014
9264.35,28262.82,255455.97,936.2349
23090.35,36446.04,636695.25,1810.4617
35039.3,53672.04,966176.7,1865.6217
31991.998,19478.43,882150.06,4695.09
24392.35,28242.81,672596.75,2468.4187
19917.5,29905.38,549206.8,1903.2961
12562.75,21118.38,346406.34,1699.8777
27789.95,33722.07,766282.44,2355.256
7827.5,24624.48,215836.16,907.8768
37057.4,57596.61,1021823.9,1838.6154
98814.05,54171.42,2724707.0,5214.518
15033.449,45505.35,414533.62,943.594
13626.05,29729.64,375725.84,1309.4767
15408.55,22574.76,424876.66,1950.5856
25069.7,17917.65,691274.0,3999.5254
22400.6,39118.68,617676.06,1636.2858
16426.9,24157.291,452956.75,1943.2692
14314.25,18253.47,394702.34,2241.1885
23282.549,48486.84,641995.0,1371.953
24680.648,33371.46,680546.3,2113.6104
17629.7,30242.94,486122.84,1665.7479
11993.899,16828.41,330720.8,2036.8224
184879.34,190484.77,5097879.0,2774.0903
33991.5,57593.13,937284.5,1686.5189
12.4,13220.5205,341.91864,1.6817737
6556.5,14231.46,180789.48,1316.2603
6.2,6725.97,170.95932,1.6356378
165571.0,118480.08,4565469.0,3994.6545
22299.85,55562.55,614897.94,1146.5424
9518.55,19841.22,262465.3,1370.6757
21276.85,31155.57,586689.7,1951.633
74330.25,27237.96,2049588.6,7801.6113
990.44995,24574.89,27310.752,114.23647
14117.399,22565.19,389274.38,1787.8121
9960.3,22711.35,274646.16,1252.945
7455.5,13825.17,205578.6,1540.8967
10212.949,20371.92,281612.72,1432.4026
13164.149,26316.63,362989.38,1429.2485
14328.199,21038.34,395087.0,1946.2833
26777.799,36700.082,738373.3,2085.2043
17704.1,16652.67,488174.34,3038.7576
158830.05,171422.19,4379593.5,2648.1995
19416.85,24057.24,535401.9,2306.7139
1418.25,17261.67,39106.945,233.91943
68302.3,128587.74,1883373.4,1517.7445
22082.85,35721.332,608914.4,1766.5695
20957.549,32448.39,577885.25,1845.7
31503.75,73818.63,868687.06,1219.24
21693.799,33112.2,598186.7,1872.2537
4744.55,11872.0205,130826.62,1141.6661
368.9,64383.48,10172.08,15.382614
65543.3,103990.234,1807296.5,1801.1241
52.699997,17440.02,1453.1542,7.6399775
13348.6,20979.18,368075.44,1818.266
22490.5,51773.7,620154.94,1241.0494
11285.55,18537.09,311188.72,1739.725
22304.5,33793.41,615026.2,1886.1632
10995.699,21241.05,303196.34,1479.1163
37.199997,66761.19,1025.7559,0.5931909
24217.2,27362.371,667767.1,2529.5747
25034.049,27605.97,690291.0,2591.8481
25286.7,36645.27,697257.6,1971.9824
33842.7,35746.56,933181.5,2705.947
21222.6,28142.76,585193.75,2155.1594
18162.9,25858.14,500825.38,2007.3384
58552.797,58817.22,1614539.8,2845.3752
33596.25,33397.56,926385.9,2875.2397
10885.649,33960.45,300161.8,915.4946
17569.25,21050.52,484456.0,2385.379
21999.148,63496.95,606606.4,989.60834
15944.85,22162.38,439664.66,2056.0886
41013.0,68581.23,1130896.0,1708.8788
16507.5,28599.51,455179.22,1649.3335
75082.0,87266.22,2070317.5,2459.0203
20064.75,26744.67,553267.1,2144.09
23804.898,27054.39,656398.3,2514.8083
18277.6,42361.17,503988.1,1232.6733
12905.3,62617.38,355851.84,588.2807
43156.65,48787.86,1190005.1,2528.2102
11046.85,21286.291,304606.78,1482.8412
10836.05,15557.34,298794.16,1990.5199
26458.5,23151.57,729568.94,3266.6367
42989.25,31419.18,1185389.2,3911.137
10119.949,19984.77,279048.34,1446.8655
81760.945,72769.414,2254483.2,3211.5212
18488.4,26401.89,509800.72,2001.2268
3729.2998,22123.23,102832.03,480.97858
8506.399,19879.5,234556.19,1222.4587
24331.898,29620.02,670929.8,2347.7654
75373.4,79515.39,2078352.5,2709.2908
16135.499,25299.6,444921.62,1822.5503
13700.449,19473.21,377777.34,2010.6213
15974.3,16234.2,440476.72,2812.4548
13432.3,32052.541,370383.38,1197.221
17546.0,35850.96,483814.9,1398.3499
18339.6,39142.17,505697.7,1338.658
134.84999,33671.61,3718.3652,10.450806
8453.7,17651.43,233103.05,1368.3547
16967.85,30987.66,467872.94,1564.6223
66425.25,92082.54,1831615.5,2061.552
6892.8496,26585.46,190064.02,740.31635
25040.25,30225.541,690462.0,2367.7192
12437.199,23370.81,342944.4,1520.5907
31088.35,37898.94,857232.8,2344.4143
9510.8,18580.59,262251.6,1462.5465
20213.549,34144.89,557370.1,1691.6448
5800.0996,5324.4,159932.44,3113.6824
44030.848,68274.12,1214110.4,1842.9535
10042.449,24867.21,276911.34,1153.6797
19419.95,29767.92,535487.3,1864.2994
5984.55,7635.99,165018.48,2239.862
16499.75,28261.08,454965.5,1668.3123
114.7,8912.28,3162.7476,35.797947
10535.35,23701.41,290502.62,1269.9362
5454.4497,17690.58,150401.47,880.57214
12262.05,19206.12,338114.8,1824.4606
4321.4,9144.57,119158.65,1350.1705
22332.398,32785.082,615795.44,1946.6372
221.65,13310.13,6111.796,46.61397
34051.95,42088.86,938951.4,2312.2566
22673.398,37375.2,625198.25,1733.5311
28664.148,38599.29,790387.7,2122.287
30989.148,51173.4,854497.44,1730.4677
63952.996,126616.32,1763445.4,1443.1763
8385.5,20786.91,231222.48,1152.4214
15867.35,24909.84,437527.66,1820.3041
98793.9,106712.46,2724151.5,2646.0613
18714.7,26284.44,516040.72,2034.7908
52927.848,49116.72,1459437.0,3080.0864
4970.8496,31038.99,137066.62,456.90143
3272.0498,31751.52,90223.78,293.64862
10065.699,14602.95,277552.44,1969.8442
13519.1,26728.14,372776.8,1445.1989
20297.25,32662.41,559678.1,1775.7977
60990.95,87580.29,1681769.6,1990.1685
12421.699,16289.01,342517.0,2179.3958
3304.5999,32645.01,91121.32,288.435
9158.95,22071.9,252549.67,1185.4651
9651.85,16282.92,266140.94,1693.8344
106976.34,101777.82,2949774.8,3004.2705
14439.8,24440.91,398164.28,1688.2456
12086.899,23515.23,333285.2,1468.6525
47974.047,31088.58,1322840.5,4411.193
17976.9,34118.79,495696.6,1505.5038
30789.2,30538.74,848984.0,2881.679
31784.299,50540.04,876422.94,1797.1504
18045.1,25616.28,497577.12,2013.1519
16003.749,22305.06,441288.75,2050.48
36640.45,49513.44,1010326.9,2114.859
5859.0,31346.1,161556.56,533.42773
1081.9,6927.81,29832.404,445.51923
2876.7998,26213.1,79325.125,312.79086
34375.9,49080.18,947883.94,2001.6123
34278.25,58949.46,945191.4,1661.6001
17694.799,28037.49,487917.9,1803.4941
27388.5,35399.43,755212.8,2211.1826
27118.799,25346.58,747776.06,3058.145
23907.2,34240.59,659219.1,1995.3489
14880.0,24437.43,410302.38,1739.9904
13948.449,32791.17,384615.72,1215.2363
105.399994,26723.791,2906.3083,10.276946
29090.398,53077.832,802141.1,1566.0594
41465.598,69372.93,1143375.9,1708.019
58588.45,68487.27,1615522.9,2444.97
30074.648,34397.19,829280.94,2498.9226
25891.2,34914.84,713926.1,2119.2698
4557.0,15178.89,125655.11,857.3966
39955.9,22668.72,1101747.4,5038.679
30367.6,25247.4,837358.75,3438.084
16022.35,33300.99,441801.62,1374.682
8049.15,18537.96,221947.95,1240.4723
33340.5,58002.03,919333.8,1642.531
17167.799,24221.67,473386.34,2025.5603
12544.149,24469.621,345893.44,1464.7603
18448.1,18450.96,508689.47,2857.786
1581.0,17531.37,43594.63,256.84875
209.25,13802.55,5769.8774,42.34661
17353.799,21936.18,478515.12,2260.9478
9501.5,22390.32,261995.17,1212.3353
62387.5,71767.17,1720278.2,2484.5398
18815.45,37028.07,518818.8,1451.8893
9357.35,19895.16,258020.36,1343.7899
22366.5,29309.43,616735.75,2180.924
10.849999,20153.55,299.1788,0.5393137
31711.45,40462.832,874414.2,2239.8293
44.949997,9590.88,1239.4551,12.4004755
18637.2,25203.03,513903.72,2113.35
9947.899,15876.63,274304.22,1790.5215
13316.05,28190.61,367177.9,1349.579
37620.05,56582.19,1037338.5,1900.0284
42719.547,25948.621,1177952.4,4706.186
30603.2,41853.96,843855.25,2089.6401
32219.85,31761.09,888432.9,2899.5283
38223.0,55091.88,1053964.2,1982.7465
21117.2,35154.09,582287.44,1716.5502
30070.0,36491.28,829152.75,2355.0977
19703.6,29763.57,543308.75,1891.821
51120.547,56723.13,1409602.4,2575.8213
23417.398,109256.34,645713.3,611.8313
13362.55,24367.83,368460.1,1566.9113
19477.299,27345.84,537068.7,2035.5095
34.1,8173.65,940.27625,10.928541
10416.0,21127.08,287211.66,1408.6473
3236.4,8978.4,89240.766,1029.6523
262143.0,240782.08,7228353.5,3111.8853
16541.6,26389.71,456119.47,1791.2222
8500.2,21937.05,234385.25,1106.8983
11448.3,22051.89,315676.4,1483.3768
36690.05,30352.56,1011694.56,3455.2246
32863.098,40795.17,906169.9,2302.2905
14875.35,36303.36,410174.16,1170.573
14534.35,22116.27,400771.4,1878.0258
23369.35,34055.28,644388.44,1961.0548
34216.25,21573.39,943481.8,4533.8506
25234.0,45494.91,695804.44,1584.8871
16846.95,21461.16,464539.22,2243.4868
131410.55,127622.914,3623525.5,2943.0864
232.5,23015.85,6410.9746,27.883173
2949.65,8653.0205,81333.9,973.65686
19170.398,31972.5,528606.2,1713.366
99558.05,80282.73,2745222.0,3544.71
29546.1,25714.59,814706.7,3284.2585
21982.1,45477.51,606136.3,1381.0427
51.149998,16554.36,1410.4144,7.834506
5857.4497,16516.08,161513.81,1013.0294
19227.75,26393.19,530187.6,2081.9824
28785.049,41637.332,793721.4,1975.665
2793.0999,13812.12,77017.17,577.19604
32723.6,51437.01,902323.3,1818.007
25203.0,33961.32,694949.7,2120.8599
80383.0,116195.46,2216487.8,1976.9897
12784.399,36921.93,352518.12,989.0222
20734.35,27739.95,571730.75,2136.1438
27413.299,29538.24,755896.6,2652.5403
13979.449,47149.65,385470.53,846.736
29845.25,37956.36,822955.44,2247.2244
23939.75,33140.91,660116.7,2064.4
-6.2,11728.47,-170.95932,-2.5114694
48527.4,83484.33,1338098.6,1661.0
85586.34,97753.2,2359965.2,2502.3552
13629.149,21804.81,375811.3,1786.1682
13957.75,22981.92,384872.2,1735.5133
4668.6,13802.55,128732.375,966.111
2104.9,12279.18,58040.688,489.12976
19506.75,23148.09,537880.8,2408.4546
4335.35,18599.73,119543.31,665.44836
20345.299,23944.14,561003.0,2428.4827
12789.05,18764.16,352646.34,1947.7589
182614.8,181571.61,5035436.0,2874.6565
1284.95,10062.42,35431.32,364.1176
16854.7,30667.5,464752.9,1570.4176
17091.85,44818.92,471292.12,1089.377
16710.549,21458.55,460778.1,2225.5852
2723.3499,68252.37,75093.88,113.086624
33878.348,45701.97,934164.44,2118.5142
4656.1997,4561.41,128390.445,2917.6462
49624.797,46714.65,1368358.4,3036.3486
13698.899,25810.291,377734.62,1516.5457
24589.2,33575.91,678024.7,2092.9465
66527.55,117502.2,1834436.2,1617.8422
10633.0,19897.77,293195.25,1526.9193
16026.999,27796.5,441929.84,1647.5841
19023.15,25598.88,524546.0,2123.763
21543.45,23546.55,594040.9,2614.995
22295.2,26378.4,614769.75,2415.64
27162.2,39643.29,748972.8,1958.0442
45895.5,42936.242,1265526.4,3055.2935
10450.1,12046.89,288151.94,2479.2444
19122.35,25292.64,527281.3,2160.7034
17014.35,26731.621,469155.12,1818.8645
21070.7,37988.55,581005.25,1584.8978
21208.648,49775.31,584809.06,1217.2826
4668.6,17125.95,128732.375,778.437
8427.35,25763.31,232376.45,934.2728
11755.199,26345.34,324138.88,1274.7782
33297.098,27963.541,918137.0,3403.5771
36676.098,47966.582,1011309.8,2185.2173
33101.8,61446.36,912751.9,1539.297
30228.1,32936.46,833512.2,2623.1152
3737.0498,14007.0,103045.73,761.8387
14968.35,47675.13,412738.56,896.69965
4060.9998,15432.061,111978.35,751.416
16546.25,28970.13,456247.72,1632.0449
4316.75,67948.74,119030.43,180.64543
45241.4,31082.49,1247490.1,4160.685
17945.9,24106.83,494841.78,2127.5024
12748.75,16177.65,351535.12,2252.2073
10947.649,21931.83,301871.4,1426.2333
13714.399,38962.95,378162.03,1005.4078
102837.84,71300.85,2835659.5,4122.8916
11826.5,24368.7,326104.9,1386.6274
2969.7998,19532.37,81889.516,433.73166
14890.85,25793.76,410601.56,1649.6455
1901.85,8962.74,52441.773,605.7146
14466.149,28251.51,398890.84,1463.0647
31198.398,33474.12,860267.3,2663.846
15927.8,25730.25,439194.5,1768.9491
43632.5,45908.16,1203126.2,2716.4978
37517.75,47970.06,1034517.6,2235.225
24376.85,18441.39,672169.3,3778.487
24342.75,30689.25,671229.06,2266.944
9850.25,20788.65,271611.62,1353.7836
11132.1,21436.8,306957.47,1483.7937
32588.748,50277.3,898604.94,1852.2957
14125.149,22941.03,389488.06,1759.4719
25816.799,28182.78,711874.6,2618.1936
385.94998,7626.42,10642.218,143.69693
20491.0,44646.66,565020.56,1311.2698
26799.5,35529.06,738971.7,2155.711
29550.75,54559.44,814834.9,1547.6296
19077.398,29068.44,526041.8,1875.4907
13130.05,21282.81,362049.12,1762.9504
20983.898,33926.52,578611.8,1767.4625
3916.8499,33870.84,108003.555,329.6435
22932.25,35154.09,632335.8,1864.176
17676.2,23415.18,487405.03,2157.442
16563.299,40247.07,456717.8,1175.6887
15853.399,20076.99,437143.0,2256.7341
12486.8,22164.121,344312.1,1609.8297
9189.95,28405.5,253404.47,924.0383
27906.2,37504.832,769487.94,2126.4653
124399.9,133896.48,3430213.5,2655.439
11287.1,23467.38,311231.44,1374.2026
23697.95,44450.91,653449.25,1523.3303
48654.5,65003.79,1341603.4,2139.0964
16239.35,37411.74,447785.22,1240.1085
89.899994,6124.8,2478.9102,40.967854
54.25,26475.84,1495.8942,4.8586698
16674.9,18136.02,459795.12,2627.877
38227.65,48951.42,1054092.4,2231.8586
33070.8,34916.582,911897.06,2707.083
12813.85,22489.5,353330.2,1628.104
13013.8,32351.82,358843.62,1149.1498
12982.8,27744.3,357988.84,1336.9614
65940.1,71280.84,1818238.0,2644.0005
32367.1,41497.26,892493.2,2229.1462
4003.65,25216.08,110396.984,452.97037
3360.4,14935.29,92659.95,642.3189
3183.7,11663.22,87787.62,779.4816
16991.1,28758.72,468514.03,1688.2772
11601.75,21863.97,319907.66,1516.2023
31385.95,45898.59,865438.8,1954.1718
55429.547,51669.3,1528419.0,3066.3103
66952.25,86896.47,1846147.0,2201.9875
31593.648,46111.742,871165.94,1958.0126
21822.45,27291.03,601734.06,2285.2966
32943.7,35522.97,908392.4,2650.625
19571.85,34472.88,539675.9,1622.317
11014.3,22290.27,303709.25,1411.8323
1734.45,14846.55,47825.87,333.02982
30060.7,28646.49,828896.3,2999.3828
60832.848,68709.12,1677410.1,2530.47
10629.899,27696.45,293109.75,1096.3724
14177.85,24230.371,390941.22,1672.013
7805.8,36832.32,215237.8,604.9508
12547.25,24815.01,345978.94,1444.7164
12586.0,18823.32,347047.44,1910.7913
11558.35,26484.541,318710.9,1246.8212
41380.348,14206.23,1141025.2,8327.452
22361.85,34286.7,616607.56,1863.7949
23994.0,26230.5,661612.6,2614.4421
26398.049,32378.791,727902.06,2330.0962
55917.797,68756.97,1541882.1,2324.3179
25898.95,48518.16,714139.8,1525.2539
162.75,31179.93,4487.682,13.924331
66107.5,103727.49,1822853.9,1821.2412
28563.398,35890.98,787609.56,2274.4827
20129.85,29333.791,555062.2,1961.1008
13333.1,20506.77,367648.03,1858.0148
23.25,17143.35,641.0975,2.8777184
11070.1,24467.88,305247.88,1292.6124
32405.85,55178.88,893561.7,1678.189
105451.15,107553.75,2907719.0,2802.3335
16674.9,36153.72,459795.12,1317.7402
105345.75,103244.64,2904812.8,2916.417
14773.05,28121.01,407353.34,1501.0634
18677.5,32216.1,515014.97,1656.6573
4079.5999,14112.2705,112491.234,825.551
10947.649,18924.24,301871.4,1653.0605
24849.6,37135.082,685205.0,1912.3041
17589.4,35348.1,485011.62,1421.7675
18699.2,24972.48,515613.3,2139.9688
21876.7,20971.35,603230.0,2981.6648
7.75,8424.21,213.69916,1.6303983
14455.3,25235.22,398591.66,1636.8306
8179.3496,18468.36,225538.08,1265.3083
51.149998,15506.01,1410.4144,8.4318
14548.3,28774.38,401156.06,1444.6237
5175.4497,9835.35,142708.3,1503.5524
141.05,23615.28,3889.3247,16.077684
17555.299,23345.58,484071.3,2149.0698
19960.898,39591.96,550403.5,1440.5245
4600.4,22043.19,126851.82,595.71936
18981.299,24533.13,523391.94,2211.1875
29837.5,80315.79,822741.75,1061.2102
28633.148,42657.84,789532.9,1918.1956
23129.1,34104.0,637763.75,1938.1097
28688.95,31220.82,791071.5,2626.3584
23263.95,64279.082,641482.1,1033.8151
44123.848,63207.242,1216674.8,1994.977
31618.45,42810.96,871849.8,2110.7114
31657.2,63076.742,872918.3,1434.0011
25320.799,28598.64,698197.9,2530.5178
48556.848,71368.71,1338910.6,1944.3225
8988.45,18171.69,247848.3,1413.2902
4409.75,26545.44,121594.82,473.97748
69095.9,77575.29,1905256.2,2545.7007
20883.148,24527.91,575833.7,2433.3577
38553.15,94903.95,1063067.8,1160.5142
31908.299,51343.92,879842.1,1775.9026
13694.25,26731.621,377606.4,1463.7448
7509.75,16419.51,207074.48,1306.7185
12215.55,20871.3,336832.62,1672.449
6674.3,12387.93,184037.72,1539.4797
10262.55,20928.72,282980.44,1401.044
21941.799,27156.18,605025.0,2309.2156
20190.299,23299.47,556729.0,2476.6826
24857.35,28848.33,685418.7,2462.6733
19832.25,26849.07,546856.1,2110.9893
24077.7,29509.53,663920.5,2331.93
28783.5,18349.17,793678.7,4484.1416
3189.9,11154.2705,87958.57,816.6828
30054.5,47801.28,828725.4,1796.7072
320.84998,10962.0,8847.145,82.68762
34968.0,29995.86,964210.6,3332.1777
38881.75,56744.01,1072128.8,1958.182
7387.3,27943.53,203698.03,754.88104
35550.8,51591.0,980280.8,1969.2642
23449.95,32085.6,646610.9,2088.6846
17.05,8076.21,470.13812,5.0362296
23935.1,31399.17,659988.5,2178.5464
3985.0498,14530.74,109884.1,783.1425
22234.75,46345.77,613102.9,1370.7379
7787.1997,21707.371,214724.9,1024.7064
9388.35,21842.22,258875.16,1227.9705
19018.5,39206.55,524417.75,1385.9686
23276.35,48829.62,641824.06,1361.9518
166925.69,111217.32,4602823.0,4290.407
17090.299,34888.74,471249.34,1399.5975
22070.45,29400.78,608572.44,2145.3538
21058.299,35499.48,580663.3,1695.0955
17251.5,125410.5,475694.34,392.3163
19009.2,31326.96,524161.28,1733.9803
14729.649,18429.21,406156.6,2284.255
9854.899,14349.78,271739.84,1962.6133
99.2,13150.92,2735.349,20.567734
2841.15,10031.1,78342.11,808.83136
26546.85,24699.3,732005.1,3072.1047
17336.75,10555.71,478045.03,4695.0127
22599.0,36232.02,623146.75,1782.3873
28848.6,35401.17,795473.75,2329.001
11146.05,22473.84,307342.12,1417.0537
25387.45,32397.06,700035.7,2239.5903
24499.299,49005.36,675545.75,1428.4174
79515.0,116643.51,2192553.5,1948.1151
28930.75,38408.76,797738.94,2152.666
8180.9,25428.36,225580.83,918.88116
7.75,25430.97,213.69916,-0.12865978
33331.2,46344.9,919077.3,2055.3545
2740.4,13885.2,75564.02,563.301
63894.098,81766.95,1761821.2,2233.2507
1790.25,26770.77,49364.508,190.20613
23964.549,42362.04,660800.5,1616.4893
18607.75,29824.47,513091.7,1782.8983
14773.05,22334.64,407353.34,1890.2119
17324.35,19044.3,477703.1,2600.0032
13195.149,23570.91,363844.2,1599.6154
16763.25,24835.02,462231.28,1928.935
2540.45,28193.22,70050.586,256.641
23744.45,31097.28,654731.44,2182.1758
20190.299,26868.21,556729.0,2147.5872
4200.5,16060.2,115824.945,746.82336
22619.148,43239.87,623702.3,1494.6875
10250.149,36446.91,282638.5,803.1156
23.25,7005.24,641.0975,8.489622
34.1,15341.58,940.27625,5.355259
3323.2,12946.47,91634.195,732.9291
20644.45,37286.46,569251.8,1582.0737
25485.1,35391.6,702728.3,2057.8994
12691.399,24599.25,349953.72,1474.1515
89.899994,12882.09,2478.9102,18.95365
21985.2,26496.72,606221.75,2371.3965
16504.4,18853.77,455093.75,2501.9407
16905.85,29218.95,466163.34,1653.3271
7052.5,14426.34,194466.23,1396.7706
74.399994,37476.12,2051.5117,4.676325
2909.3499,4764.99,80222.664,1744.7535
85654.55,65220.42,2361845.8,3754.0505
9940.149,23631.81,274090.53,1201.6658
8366.899,20718.18,230709.6,1153.6808
64664.45,107180.52,1783063.0,1724.0381
4594.1997,15607.8,126680.85,840.6222
-21.699999,20084.82,-598.3576,-4.0891623
33066.15,68136.664,911768.8,1386.5599
289.85,15322.44,7992.3486,53.08718
13573.35,23238.57,374272.7,1669.039
14518.85,23878.02,400344.0,1737.5328
8211.899,15726.12,226435.61,1492.0386
40132.598,45984.72,1106619.6,2494.3572
49803.047,63643.98,1373273.5,2236.4204
8027.4497,21329.791,221349.58,1075.0686
17378.6,26433.21,479199.0,1878.8096
5144.4497,29466.9,141853.5,498.17572
7049.4,19115.64,194380.75,1053.4166
10881.0,22899.27,300033.62,1357.6143
34842.45,47808.242,960748.7,2082.7947
32900.3,33666.39,907195.7,2793.1665
20063.2,24091.17,553224.4,2380.1748
1196.6,14141.85,32995.15,240.93114
20931.2,28443.78,577158.7,2103.0488
15087.699,13667.7,416029.5,3155.2876
20398.0,25326.57,562456.2,2301.821
25726.898,55017.06,709395.7,1336.0236
14601.0,24825.45,402609.22,1680.6455
24524.1,42067.98,676229.6,1665.8267
7909.65,27117.9,218101.36,832.96954
1501.95,12800.311,41414.895,334.49335
52025.75,122723.07,1434562.5,1211.1075
57.35,8383.32,1581.3738,18.559889
55242.0,50463.48,1523247.6,3128.9773
34716.9,61562.94,957286.7,1611.3916
15704.6,16797.96,433039.97,2672.1252
17691.7,34692.12,487832.44,1457.1013
30240.5,65939.914,833854.1,1310.2623
31685.1,47284.5,873687.6,1914.955
571.95,22142.371,15770.998,72.855515
6020.1997,14955.3,166001.5,1149.972
26957.6,32317.89,743331.1,2383.9934
77.5,38050.32,2136.9917,4.8236117
76441.34,75538.62,2107800.2,2892.399
21357.45,35643.03,588912.1,1712.262
119.35,14018.311,3290.967,23.343092
24927.1,24116.4,687342.0,2954.3457
19232.398,60436.29,530315.8,908.8811
19412.2,29101.5,535273.6,1906.2533
29804.95,41978.37,821844.2,2029.0736
43869.65,48180.6,1209665.4,2602.4001
5547.4497,5783.7603,152965.84,2741.408
1570.1499,9633.51,43295.445,465.02106
24697.7,33734.25,681016.44,2092.3142
3859.5,14000.04,106422.18,787.226
10814.35,53126.55,298195.8,581.01984
19706.7,45501.87,543394.2,1237.322
17701.0,31004.19,488088.88,1631.3993
23801.799,32034.27,656312.8,2123.4375
23589.45,45823.77,650457.5,1470.8922
23491.799,21730.86,647764.9,3089.9243
18984.4,22295.49,523477.47,2433.607
2340.5,34236.24,64537.15,194.46617
12190.75,17163.36,336148.78,2029.8467
14340.6,29922.78,395428.9,1369.2959
16101.399,23251.621,443981.38,1978.9736
121805.195,151127.7,3358666.8,2303.4683
24617.1,35639.55,678794.0,1973.9388
31988.898,39945.18,882064.6,2288.728
55276.098,51450.06,1524187.9,3070.8535
31857.148,34351.082,878431.75,2650.6455
17604.9,16021.05,485439.03,3140.8945
9720.05,20208.36,268021.47,1374.2651
21024.2,40351.47,579723.06,1488.7354
89.899994,20819.1,2478.9102,11.346581
20057.0,26247.03,553053.44,2183.9163
24734.898,49680.48,682042.2,1422.552
176526.39,132191.28,4867553.5,3817.1748
20956.0,57176.4,577842.5,1046.9501
129039.05,71487.9,3558133.8,5160.045
26748.35,31338.27,737561.25,2439.4558
47637.7,29902.77,1313566.0,4554.0
80040.445,112852.92,2207042.0,2026.8959
34177.5,49183.71,942413.3,1985.8633
89.899994,10307.76,2478.9102,23.93701
31962.549,68419.414,881338.06,1334.7065
27817.85,27638.16,767051.75,2876.8186
35234.598,46105.65,971561.8,2184.0642
66586.445,66805.56,1836060.4,2848.8513
67423.445,112037.734,1859139.9,1719.6622
223.2,13056.96,6154.5356,47.876614
32139.248,70744.92,886210.4,1297.941
28355.7,27573.78,781882.44,2939.3093
85.25,16665.72,2350.6907,13.625788
121272.0,125534.04,3343964.5,2761.155
5902.4,11417.01,162753.28,1477.173
30567.549,54720.39,842872.2,1596.2041
12883.6,28906.621,355253.47,1273.3505
68200.0,58883.34,1880552.6,3310.6233
46324.848,36151.98,1277365.2,3662.7925
23107.398,36470.4,637165.4,1810.5885
13419.899,19164.36,370041.44,2001.1837
711.44995,17564.43,19617.582,114.81352
12917.699,26590.68,356193.75,1388.0079
62215.45,101537.7,1715534.1,1750.9427
6668.0996,17312.13,183866.75,1100.2871
10984.85,24509.64,302897.2,1280.4634
8481.6,25018.59,233872.34,968.3127
52856.547,69181.53,1457470.9,2183.5278
12739.449,19648.95,351278.66,1852.7892
30218.799,37453.5,833255.75,2305.9265
8221.2,19205.25,226692.08,1222.9517
13632.25,37521.36,375896.8,1037.8143
4079.5999,29625.24,112491.234,392.7356
20225.95,26809.92,557712.06,2156.061
30482.299,37358.67,840521.5,2331.9492
35566.3,55425.09,980708.2,1833.7684
43294.598,53060.43,1193808.9,2331.9849
32146.998,33611.582,886424.06,2733.6418
133172.89,127217.49,3672120.8,2992.078
18542.65,17018.94,511296.62,3114.217
19982.6,30142.89,551001.9,1894.4663
292.94998,10930.68,8077.8276,75.62938
5516.4497,14383.71,152111.05,1095.5735
71658.05,150211.6,1975905.1,1362.9879
24824.799,58067.28,684521.1,1221.3716
31223.2,44457.87,860951.2,2007.0648
40210.098,47388.9,1108756.6,2425.0933
24866.648,34250.16,685675.06,2074.8867
14745.149,27632.94,406584.0,1524.7068
55150.547,60652.05,1520725.9,2598.8801
21132.7,59029.5,582714.9,1022.6109
3906.0,6839.94,107704.375,1631.7848
28182.1,55328.52,777095.6,1455.3752
115185.15,185893.77,3176125.0,1770.661
26883.2,38827.23,741279.6,1978.6732
21593.049,34831.32,595408.56,1771.5277
4465.55,50058.06,123133.45,254.06445
15687.55,25479.69,432569.84,1759.3944
103788.0,104027.64,2861859.2,2851.643
24338.1,40214.01,671100.8,1729.4467
39622.65,45853.35,1092558.2,2469.708
21744.95,35971.89,599597.06,1727.3994
4558.55,31200.81,125697.84,416.74362
258.85,10441.74,7137.5522,69.8801
38199.75,51765.87,1053323.1,2108.92
11683.899,14088.78,322172.84,2370.174
26793.299,32730.27,738800.7,2339.5913
41701.2,90265.984,1149872.4,1319.9105
117584.55,112449.24,3242286.2,2988.804
13157.949,27590.31,362818.4,1362.58
11048.399,19709.85,304649.5,1601.7473
26255.45,35014.89,723970.0,2142.955
118878.8,130964.58,3277974.0,2594.3716
27262.95,43928.04,751750.9,1773.5164
18300.85,48001.38,504629.2,1089.1005
15368.25,27498.96,423765.44,1596.9277
18369.049,25955.58,506509.72,2022.5079
20376.299,31425.27,561857.8,1852.9385
20230.6,33911.73,557840.25,1704.7201
106621.4,136417.73,2939987.5,2233.717
103171.09,107692.08,2844848.5,2738.1968
17310.4,34895.7,477318.47,1417.3527
19630.75,32325.72,541300.0,1735.3517
20515.799,25064.7,565704.4,2339.3184
10726.0,18979.05,295759.62,1614.8917
19449.398,27149.22,536299.4,2047.3201
420.05,8528.61,11582.494,139.82237
8390.149,17919.39,231350.69,1337.7375
18052.85,28757.85,497790.8,1793.8921
31592.1,48609.51,871123.25,1857.2589
-20.15,10386.93,-555.6178,-6.546727
136.4,16024.53,3761.105,23.337616
22484.299,37597.92,619984.0,1708.8756
31353.398,66496.71,864541.25,1347.1351
141.05,29470.38,3889.3247,12.684733
22561.799,22037.1,622120.94,2926.307
14957.5,33720.332,412439.38,1267.283
3741.7,7495.92,103173.95,1426.2269
21278.398,38733.27,586732.4,1569.738
9783.6,14640.36,269773.8,1909.715
24121.1,31353.93,665117.25,2198.6526
168.95,12226.98,4658.6416,38.508263
24255.95,42441.21,668835.6,1633.1033
13943.8,22966.26,384487.53,1734.9606
63.55,12864.69,1752.3331,13.124244
115865.59,103102.83,3194887.8,3212.164
23245.35,26686.38,640969.25,2489.5508
10217.6,21607.32,281740.97,1351.0631
7037.0,15896.64,194038.84,1264.7013
40920.0,64945.5,1128331.6,1800.5054
11122.8,20248.38,306701.03,1569.6261
22882.648,35106.24,630968.1,1862.6786
11204.949,32234.371,308966.22,992.8931
24533.398,47399.34,676486.0,1478.907
6.2,6976.5303,170.95932,1.5409796
12406.199,25844.22,342089.6,1371.5377
10355.55,22342.47,285544.8,1324.229
14703.3,24837.63,405430.03,1691.5973
13216.85,62209.35,364442.53,606.465
31953.248,40844.76,881081.56,2235.8025
26067.898,53246.61,718798.44,1398.7905
53124.7,52781.16,1464865.0,2876.8394
18018.75,25785.93,496850.56,1996.9788
12310.1,20558.1,339439.75,1711.0941
9286.05,29265.93,256054.33,906.2306
15097.0,27314.52,416285.97,1579.3237
33763.65,43302.51,931001.75,2228.3862
20788.6,23389.08,573226.6,2540.33
74.399994,17036.34,2051.5117,11.48664
15909.199,37308.21,438681.62,1218.2504
35577.15,46045.62,981007.3,2208.1836
18021.85,26886.48,496936.03,1915.5247
48795.547,65690.22,1345492.6,2122.8728
17532.049,27117.9,483430.22,1847.5262
34611.5,42615.21,954380.44,2321.2275
18635.65,28161.9,513861.0,1891.0455
2157.5999,14067.03,59493.844,437.54837
29606.549,25937.31,816373.5,3262.7122
13316.05,38641.05,367177.9,984.3159
102.299995,11636.25,2820.8289,24.136892
28620.75,31635.81,789191.0,2585.7297
27159.1,19416.66,748887.3,3998.3538
13274.199,42115.832,366023.9,900.18085
17776.95,39382.29,490183.12,1289.6404
44556.297,75446.4,1228599.1,1687.5719
12032.649,23847.57,331789.3,1441.6671
7725.1997,19810.77,213015.31,1113.9551
29837.5,36952.38,822741.75,2307.708
19739.25,29201.55,544291.75,1931.7413
35527.55,44240.37,979639.7,2295.1248
15757.3,60763.41,434493.12,740.4616
12830.899,32973.0,353800.3,1111.622
24176.898,38505.332,666655.9,1794.2656
3836.25,7514.19,105781.086,1458.734
21315.6,23197.68,587758.2,2626.2537
9518.55,22253.73,262465.3,1221.9733
6753.3496,17696.67,186217.44,1090.1304
64514.098,123874.08,1778917.2,1488.0977
14824.199,44752.8,408763.72,946.1091
37.199997,11450.07,1025.7559,8.289316
24866.648,49974.54,685675.06,1421.7134
23051.6,47778.66,635626.75,1378.482
4608.15,10138.11,127065.516,1298.6266
27304.799,32013.39,752904.9,2437.6885
16667.15,29910.6,459581.44,1592.2548
41501.25,57122.46,1144359.0,2076.3193
55.8,20063.07,1538.6339,6.9521723
33697.0,31168.621,929163.94,3090.1682
32680.2,48637.35,901126.6,1920.161
48336.75,73503.69,1332841.6,1879.2573
2700.0999,30255.99,74452.78,254.16286
20258.5,27375.42,558609.6,2114.9016
2938.7998,11363.07,81034.72,738.47473
82.149994,29518.23,2265.211,6.957309
29375.6,44655.36,810005.3,1879.8848
29.449999,14497.68,812.05676,4.808122
101428.9,141976.17,2796809.0,2041.656
20284.85,30060.24,559336.2,1928.427
17984.65,27315.39,495910.28,1881.5371
14218.149,34804.35,392052.47,1167.0422
2419.5498,43492.17,66716.875,158.06421
9042.7,7130.52,249344.19,3624.9841
18595.35,29224.17,512749.75,1818.3287
58386.95,90554.82,1609966.8,1842.5428
2697.0,22819.23,74367.305,336.93167
62389.047,66778.59,1720320.9,2670.2842
10462.5,18759.81,288493.88,1593.6157
105.399994,16777.95,2906.3083,16.961834
24832.549,34612.082,684734.8,2050.3633
20442.95,23071.53,563695.6,2532.4724
20111.25,40180.95,554549.3,1430.093
17164.7,21694.32,473300.88,2261.2424
40949.45,62471.22,1129143.6,1873.205
48.05,9734.43,1324.9348,13.113408
11612.6,22252.86,320206.8,1491.0818
35330.7,57146.82,974211.7,1766.7023
8115.8,16876.26,223785.75,1374.0044
20456.898,25491.871,564080.25,2293.4946
113.149994,32129.97,3120.0076,9.069159
8197.95,35148.0,226050.98,665.8892
30936.45,52574.1,853044.3,1681.4711
32421.35,48592.11,893989.06,1906.7186
235130.34,231145.08,6483504.0,2907.5266
15362.05,24187.74,423594.47,1814.9457
15788.3,26929.98,435347.94,1675.2867
3811.45,13642.47,105097.24,797.815
14249.149,24732.36,392907.25,1646.2987
16459.45,29950.621,453854.25,1570.2976
15118.699,25418.791,416884.3,1699.6249
32846.05,37155.96,905699.8,2526.5728
12196.949,23242.92,336319.72,1499.4086
32644.549,71604.48,900143.56,1302.5254
17921.1,28523.82,494157.94,1795.4121
17541.35,26334.03,483686.66,1903.5602
17857.549,43258.14,492405.56,1179.3287
33523.4,50508.72,924377.06,1896.7136
13119.199,21841.35,361749.9,1716.4213
11797.05,38452.26,325292.84,876.20386
46777.45,60939.15,1289845.4,2193.7708
9247.3,24078.99,254985.83,1097.059
34667.3,53714.67,955919.1,1844.3386
64143.65,89544.75,1768702.4,2047.1536
18795.299,35355.93,518263.2,1518.9734
40751.047,74117.914,1123672.9,1571.0436
16495.1,62831.4,454837.28,749.63226
10857.75,33877.8,299392.53,915.37585
11890.05,22105.83,327857.25,1536.892
9971.149,21786.541,274945.3,1307.597
11299.5,24664.5,311573.38,1308.8932
28749.398,46289.22,792738.4,1774.8158
28544.799,33061.74,787096.7,2467.5974
20002.75,41691.27,551557.56,1370.8088
15083.05,58761.54,415901.3,732.91376
13095.949,25163.88,361108.8,1487.0186
24548.898,47878.71,676913.44,1465.0155
19289.75,25207.38,531897.2,2187.0027
76804.05,228495.94,2117801.2,960.06903
10941.449,17651.43,301700.47,1771.3275
4000.5498,8883.57,110311.5,1286.6005
1075.7,17273.85,29661.441,177.05371
27921.7,46759.02,769915.3,1706.3612
82236.8,98883.33,2267604.5,2376.8918
12916.149,21624.72,356151.0,1706.7786
1365.5499,11384.82,37653.79,341.94965
23524.35,47143.56,648662.44,1425.738
27686.1,43973.28,763418.9,1799.2047
21312.5,44190.78,587672.7,1377.9601
13649.3,31233.871,376366.97,1248.4922
2258.3499,7083.54,62271.93,910.56964
43438.75,83365.14,1197783.8,1488.8474
30021.95,45260.01,827827.8,1895.5891
131.75,18625.83,3632.8857,19.224789
15109.399,21423.75,416627.88,2015.5116
1154.75,20788.65,31841.176,157.822
-6.2,12105.18,-170.95932,-2.4644327
59231.7,68372.43,1633259.9,2475.978
46.5,13725.99,1282.195,8.686308
8587.0,11995.561,236778.67,2045.7742
19781.1,25288.291,545445.75,2235.557
30031.25,49739.64,828084.25,1725.3138
10282.699,15683.49,283536.03,1873.6207
17398.75,26539.35,479754.62,1873.4626
9118.649,15872.28,251438.42,1641.6317
153.45,17193.81,4231.243,24.51783
1319.0499,10446.96,36371.594,360.01086
9658.05,26195.7,266311.88,1053.1646
30252.898,56429.07,834196.0,1531.8975
420.05,9663.96,11582.494,123.27817
19522.25,29907.121,538308.2,1865.3981
28320.049,28549.92,780899.44,2835.2083
6131.8,16985.01,169078.77,1031.2174
24449.7,28903.14,674178.06,2417.6748
23670.049,44938.11,652679.94,1505.029
10764.75,24661.02,296828.12,1247.0785
32091.2,21532.5,884885.44,4260.2837
10462.5,19135.65,288493.88,1562.2961
3290.65,3486.96,90736.664,2697.2595
19137.85,38455.74,527708.7,1421.9216
23511.95,40086.99,648320.5,1676.0045
14768.399,25236.09,407225.1,1672.248
16509.049,42256.77,455221.9,1116.0554
29406.6,31601.01,810860.06,2659.6812
33180.848,24326.07,914931.5,3898.9993
120.899994,22398.15,3333.7068,14.4334545
50032.45,48989.7,1379599.0,2919.0881
6516.1997,17157.27,179678.25,1084.9135
14800.949,24726.27,408122.62,1710.512
45343.7,62909.7,1250311.0,2059.8591
43276.0,49222.86,1193296.1,2512.7917
30502.45,47168.79,841077.1,1847.9661
16132.399,21482.041,444836.16,2146.1995
12672.8,18922.5,349440.88,1913.8867
24387.7,50000.64,672468.5,1393.5826
19268.049,45769.832,531298.8,1202.6699
23848.299,31053.78,657595.0,2194.7957
11662.199,19785.541,321574.47,1684.3167
13719.05,21060.96,378290.25,1861.4939
55105.598,60577.23,1519486.5,2599.97
20484.799,28977.09,564849.56,2020.2775
9078.35,32203.05,250327.19,805.04425
146391.3,78703.68,4036606.0,5317.256
32596.498,32567.58,898818.6,2860.7683
14782.35,30538.74,407609.78,1383.0167
8945.05,58449.21,246651.56,436.5756
55.8,11874.63,1538.6339,12.435786
6821.55,10506.99,188098.0,1855.3239
26663.1,32357.041,735210.56,2355.0842
4507.4,3726.21,124287.43,3457.6592
28165.049,28692.6,776625.44,2805.6587
31466.549,31017.24,867661.3,2899.6477
16674.9,22885.35,459795.12,2082.314
2721.7998,20446.74,75051.14,379.61078
43.399998,13713.811,1196.7152,8.048583
16417.6,28849.2,452700.28,1626.1398
16730.7,25082.1,461333.72,1906.2129
21075.35,29157.18,581133.5,2065.704
28361.898,29545.2,782053.4,2743.7156
2672.2,25828.56,73683.47,294.81332
14780.8,24130.32,407567.03,1750.3939
14100.35,33960.45,388804.25,1186.1497
12768.899,41807.85,352090.72,872.26215
14118.949,32773.77,389317.1,1230.7568
23986.25,29649.6,661398.9,2312.0898
82.149994,33569.82,2265.211,5.9969296
1621.2999,14361.96,44705.863,321.77408
17372.4,24361.74,479028.06,2037.9216
6471.25,14117.49,178438.8,1309.6287
57.35,34257.12,1581.3738,3.7866488
5239.0,11540.55,144460.62,1296.9885
22487.398,34961.82,620069.44,1838.0527
11525.8,15660.87,317813.38,2103.283
24973.6,19601.97,688624.2,3641.7588
33573.0,30897.18,925744.75,3105.85
10967.8,20281.44,302427.03,1545.2144
4770.9,30162.03,131553.2,451.26062
17476.25,25607.58,481891.6,1950.3208
20912.6,31392.21,576645.8,1903.7375
8470.75,16224.63,233573.19,1491.7809
669.6,12324.42,18463.607,154.34525
26828.95,41246.7,739783.75,1858.7881
19731.5,20830.41,544078.06,2707.3904
88.35,17995.95,2436.1704,13.0372095
54177.15,78092.94,1493885.2,1982.5966
18640.299,28377.66,513989.2,1877.1285
96.1,13170.93,2649.8696,19.862001
24920.898,32589.33,687171.0,2185.4385
12023.35,26392.32,331532.88,1301.5575
4247.0,13845.18,117107.14,876.0668
6415.4497,17007.63,176900.16,1077.53
10177.3,18662.37,280629.72,1558.2465
61220.348,103398.63,1688095.1,1691.8949
10118.399,21193.2,279005.6,1364.0994
16140.149,11857.23,445049.84,3891.004
14883.1,25678.05,410387.84,1656.2206
94.549995,21072.27,2607.1296,11.829188
23606.5,17954.19,650927.6,3758.3677
742.44995,13260.54,20472.379,159.0866
44567.15,39036.03,1228898.4,3263.361
4164.85,29307.69,114841.93,405.31866
26052.398,53159.61,718371.06,1400.2478
40.3,11812.86,1111.2356,8.754364
29364.75,30210.75,809706.1,2778.1616
223.2,43221.6,6154.5356,13.765302
17232.9,27934.83,475181.47,1762.8488
17158.5,18480.541,473129.94,2653.689
12892.899,23269.02,355509.9,1583.242
55610.9,50029.35,1533419.6,3177.2205
7429.15,9904.95,204852.02,2143.5483
13702.0,34272.78,377820.12,1142.0984
25168.898,71079.0,694009.4,1011.4461
71.299995,15146.7,1966.0321,12.459237
105.399994,35216.73,2906.3083,7.557375
17941.25,26444.52,494713.56,1938.8406
1652.2999,34825.23,45560.66,134.65752
12846.399,19169.58,354227.72,1915.0985
19627.648,43842.78,541214.44,1279.0271
13883.35,33018.24,382820.66,1201.235
117.799995,14593.38,3248.227,22.080137
6114.75,30455.22,168608.64,573.0714
22220.799,36386.01,612718.2,1745.1204
14948.199,43290.332,412182.9,986.295
113942.05,91940.734,3141847.8,3542.4395
66592.65,157685.77,1836231.4,1206.4879
21171.45,38654.1,583783.4,1565.0442
3602.2,19861.23,99327.37,517.5739
26029.148,23536.11,717729.94,3161.0903
13474.149,21697.8,371537.34,1774.557
17744.4,27712.98,489285.6,1829.7417
17533.6,27619.89,483472.97,1814.09
65241.047,133150.89,1798962.1,1399.9603
33476.9,35354.19,923094.9,2706.4055
63745.297,119694.6,1757718.2,1521.7289
16118.449,24172.95,444451.5,1905.5254
28287.5,43533.93,780001.94,1856.8717
23040.75,22225.89,635327.6,2963.0562
3530.9,52906.44,97361.336,189.82086
63334.547,68274.99,1746392.2,2651.3328
33509.45,37697.1,923992.44,2540.6067
4862.3496,14073.99,134074.84,986.82025
17184.85,31949.88,473856.5,1536.8907
9554.199,20706.0,263448.3,1318.3107
38708.15,52304.4,1067341.8,2114.9878
49283.797,109420.77,1358955.6,1286.8147
7.75,19913.43,213.69916,0.112768054
508.4,11411.79,14018.665,126.37985
16939.95,18142.98,467103.6,2668.6387
5149.0996,9125.43,141981.72,1612.344
13867.85,37892.85,382393.28,1045.4075
83898.4,72042.09,2313421.5,3328.786
32830.55,49060.17,905272.4,1912.3662
28750.95,38168.64,792781.1,2152.7458
24840.299,49329.87,684948.5,1438.7789
23305.799,18366.57,642636.06,3627.1475
19694.299,31160.791,543052.25,1806.0951
55.8,4575.33,1538.6339,33.87071
28033.299,50505.242,772992.56,1586.0359
10677.949,18704.13,294434.7,1631.2976
16082.8,49966.71,443468.5,919.301
5034.4,26689.86,138818.97,538.3248
24617.1,38306.1,678794.0,1836.4602
20545.25,31739.34,566516.5,1849.813
8018.15,10722.75,221093.16,2137.0457
23445.299,52451.43,646482.7,1277.0488
29814.25,39357.93,822100.7,2164.9114
13436.949,26983.05,370511.6,1422.8317
17465.4,38062.5,481592.44,1310.9891
29143.1,34920.93,803594.3,2385.1567
1889.45,24875.91,52099.855,216.17279
18548.85,27462.42,511467.56,1930.1996
4129.1997,11126.43,113858.91,1060.1067
52087.75,50597.46,1436272.0,2942.4443
99012.445,100159.62,2730177.5,2825.4812
34744.8,38186.91,958056.1,2600.503
7573.3,16683.12,208826.81,1296.9468
55280.75,59192.19,1524316.1,2669.2905
39542.047,63890.19,1090335.8,1768.5952
14537.449,25328.31,400856.88,1640.0847
60.449997,16195.05,1666.8534,9.672421
17598.7,17278.2,485268.03,2911.2664
10639.199,39460.59,293366.2,769.8935
59265.797,83232.03,1634200.1,2034.929
37.199997,12141.72,1025.7559,7.760153
48652.95,58794.6,1341560.6,2365.0325
27923.25,81021.36,769958.06,984.4065
24077.7,42314.19,663920.5,1625.9639
2678.4,8686.08,73854.43,880.6589
10017.649,13930.44,276227.53,2055.1272
16702.799,27942.66,460564.4,1708.1119
23578.6,52031.22,650158.3,1294.6957
13209.1,16492.59,364228.84,2288.9888
10422.199,17239.05,287382.62,1727.6022
226.29999,12688.95,6240.015,49.99268
27298.6,60433.68,752733.94,1290.5474
68.2,11049.87,1880.5525,16.647215
60792.547,76613.94,1676298.9,2267.7756
6319.3496,17779.32,174250.28,1015.26324
6438.6997,17553.12,177541.25,1047.8004
4101.3,32186.52,113089.59,363.3313
14971.449,23753.61,412824.03,1801.118
13610.55,25338.75,375298.47,1534.817
31319.299,56105.43,863601.0,1595.0854
22932.25,26006.91,632335.8,2520.1978
21433.398,32652.84,591006.4,1875.8048
198.4,17852.4,5470.698,30.775618
67283.945,92857.71,1855293.2,2070.7744
23.25,5980.38,641.0975,10.115863
73865.25,75149.73,2036766.8,2809.359
14909.449,27703.41,411114.44,1537.783
2131.25,11387.43,58767.27,534.128
14486.3,28521.21,399446.47,1451.2404
43.399998,27353.67,1196.7152,3.5365229
22301.398,31505.31,614940.7,2022.9387
213.9,20046.541,5898.0967,29.508463
4594.1997,13183.98,126680.85,995.3508
25268.1,31317.39,696744.75,2305.9385
21372.95,23647.47,589339.5,2583.2156
16837.65,43913.25,464282.8,1095.3138
93.0,23398.65,2564.39,10.36426
2878.3499,7566.39,79367.87,1086.6868
13475.699,22173.69,371580.1,1736.6501
573.5,18130.8,15813.738,89.44102
19209.148,27130.08,529674.7,2023.4452
14385.55,20121.36,396668.38,2043.1754
21360.549,31936.83,588997.6,1911.3599
21427.2,32746.8,590835.44,1869.8783
28172.799,24331.291,776839.1,3309.6543
26401.148,33990.9,727987.5,2219.7983
25702.1,30129.84,708711.9,2438.0503
4346.1997,40405.41,119842.484,306.55243
19643.148,28961.43,541641.9,1938.2783
40828.547,77568.33,1125809.9,1503.9723
10358.649,40005.21,285630.28,739.3474
21901.5,14564.67,603913.8,4298.542
2140.55,25773.75,59023.71,236.46346
28337.1,39665.91,781369.6,2041.6173
19773.35,52381.832,545232.0,1078.3158
13495.85,20619.0,372135.72,1870.4647
30434.25,34029.18,839196.6,2556.173
7083.5,20413.68,195321.03,991.146
38.75,5171.28,1068.4958,20.425093
5116.55,12822.93,141084.19,1139.8774
32390.35,73515.0,893134.25,1258.7625
5206.4497,5913.39,143563.1,2516.4111
31840.1,24734.1,877961.6,3679.6738
6324.0,22898.4,174378.52,788.652
52907.7,70822.35,1458881.4,2134.9817
89.899994,7902.21,2478.9102,31.528206
151.9,14073.12,4188.5034,29.86145
20450.7,27939.18,563909.3,2091.876
19621.45,39912.99,541043.5,1404.6132
75.95,11619.72,2094.2517,17.688787
7150.15,19674.18,197158.84,1038.1243
23721.2,35134.082,654090.4,1929.4431
19720.648,76284.21,543778.8,738.15497
4326.05,16657.89,119286.87,741.5411
15526.35,22746.15,428124.88,1950.6882
17243.75,36041.49,475480.62,1366.9745
26408.898,44625.78,728201.2,1691.0508
19796.6,42639.57,545873.1,1326.4763
16186.649,22325.94,446332.06,2071.9854
56181.297,110818.86,1549147.9,1448.5295
12847.949,26434.08,354270.44,1388.6921
19218.45,24885.48,529931.2,2207.113
78157.195,64379.13,2155113.2,3470.1462
8472.3,23878.89,233615.92,1013.46295
20424.35,50353.86,563182.75,1158.7501
2647.4,10952.43,72999.63,690.1273
1359.35,12141.72,37482.832,319.1106
18305.5,12984.75,504757.4,4029.853
19903.549,29192.85,548822.1,1948.409
13981.0,21707.371,385513.28,1840.535
17896.299,30885.0,493474.06,1655.779
20937.398,25404.871,577329.6,2355.431
5283.9497,12261.78,145700.08,1231.1232
37017.098,44236.89,1020712.6,2391.5818
14266.199,30435.21,393377.4,1339.235
10986.399,39807.72,302939.9,788.1092
23.25,14963.13,641.0975,3.4427257
10640.75,17305.17,293408.94,1757.107
13777.949,22563.45,379914.34,1744.935
16070.399,26839.5,443126.56,1710.99
15780.55,15009.24,435134.22,3005.162
13030.85,23740.56,359313.75,1568.3895
36335.098,61569.9,1001907.06,1686.3566
19706.7,25178.67,543394.2,2236.8455
20105.049,35555.16,554378.3,1615.7821
10305.949,19357.5,284177.12,1521.2561
16248.649,15037.08,448041.66,3088.6035
15538.75,31551.42,428466.8,1407.141
27549.7,41400.69,759657.75,1901.6472
63.55,4442.22,1752.3331,39.903877
4746.1,9590.88,130869.37,1413.9055
220.09999,28781.34,6069.0557,20.865427
30690.0,31064.22,846248.7,2823.7852
9510.8,21587.31,262251.6,1258.701
565.75,15238.05,15600.039,105.155914
10691.899,21358.5,294819.34,1430.3081
15.5,4320.42,427.39832,9.257812
23048.5,42055.8,635541.3,1565.9883
10228.449,18840.72,282040.12,1551.2487
12119.449,21852.66,334182.72,1584.7238
50551.7,60873.03,1393916.9,2373.4326
57.35,22512.121,1581.3738,6.283934
75.95,16966.74,2094.2517,11.799068
33323.45,26135.67,918863.6,3644.5688
25358.0,35808.332,699223.6,2023.7896
35611.25,50817.57,981947.6,2002.6521
12426.35,17307.78,342645.22,2051.8215
23676.25,50838.45,652850.94,1330.5872
27975.95,40348.86,771411.2,1981.4514
15599.199,13511.97,430133.66,3299.902
948.6,9833.61,26156.777,274.8158
25199.898,34270.17,694864.1,2101.478
21462.85,37267.32,591818.44,1645.6763
18255.9,53077.832,503389.75,982.4201
21216.398,29870.58,585022.75,2029.846
22116.95,34008.3,609854.6,1858.4703
20122.1,33988.29,554848.5,1691.7506
27146.7,42843.15,748545.4,1810.6931
15174.5,36932.37,418422.97,1173.7792
24962.75,29171.1,688325.0,2445.7446
6818.4497,21855.27,188012.52,891.028
41667.098,29506.05,1148932.1,4036.6733
25874.148,36752.28,713456.0,2011.9397
57.35,10468.71,1581.3738,14.663516
8968.3,20094.39,247292.66,1275.0988
4291.9497,10366.92,118346.586,1182.7333
6051.1997,35067.96,166856.3,492.3782
11403.35,26934.33,314436.94,1209.5292
74.399994,13639.86,2051.5117,14.595955
9050.45,21925.74,249557.89,1179.2253
300.69998,5527.98,8291.527,154.53064
7249.3496,17259.93,199894.19,1199.906
25376.6,35298.51,699736.5,2054.5403
125.549995,22960.17,3461.9263,14.634738
11319.649,22480.8,312128.97,1438.694
11249.899,19261.8,310205.7,1668.9395
9828.55,38107.74,271013.28,736.43756
9205.45,18002.91,253831.88,1461.0133
11042.199,26139.15,304478.53,1206.8502
31957.898,38634.09,881209.8,2364.1382
683.55,16041.93,18848.266,120.83237
17573.9,27322.35,484584.22,1838.0736
7706.5996,24250.38,212502.44,907.64294
16988.0,23512.621,468428.56,2064.809
3182.15,22254.6,87744.875,407.83667
4553.9,12525.39,125569.625,1038.5402
1870.85,12952.561,51586.977,411.98315
146819.1,118983.81,4048402.2,3527.1223
46529.45,71369.58,1283007.0,1863.0768
-3.1,12669.811,-85.47966,-1.6995851
30350.549,37657.95,836888.6,2303.4053
15627.1,25007.28,430902.97,1785.7383
34399.15,40418.46,948525.06,2432.4192
48992.4,71788.05,1350920.6,1950.3069
12187.649,22017.96,336063.28,1581.6754
18316.35,43064.13,505056.6,1215.1083
65.1,16152.42,1795.0729,10.523711
26852.2,29296.38,740424.8,2619.6853
29122.95,51825.9,803038.7,1605.7101
11612.6,24717.57,320206.8,1342.299
20816.5,49650.03,573995.94,1197.7737
10161.8,22708.74,280202.34,1278.4596
30750.45,48193.65,847915.5,1823.3604
16643.9,42398.582,458940.3,1121.4131
15865.8,37928.52,437484.9,1195.0383
20890.898,24879.39,576047.44,2399.8574
8969.85,20237.94,247335.39,1266.2662
46097.0,47648.16,1271082.6,2765.1487
21833.299,17553.99,602033.25,3555.252
83.7,8571.24,2307.951,26.920986
20763.799,36061.5,572542.75,1645.3115
88.35,7003.5,2436.1704,35.069523
9255.05,27925.26,255199.53,946.61194
16070.399,29258.97,443126.56,1569.423
1376.3999,15979.29,37952.97,245.28398
12313.199,23259.45,339525.22,1512.6327
18524.049,27582.48,510783.7,1919.2225
99.2,13834.74,2735.349,19.501688
97911.945,109554.75,2699832.2,2554.368
83597.695,91072.47,2305130.0,2623.558
37141.098,84339.54,1024131.8,1258.1356
3692.0999,20642.49,101806.27,510.39954
27134.299,38778.51,748203.44,1999.6744
27318.75,21133.17,753289.56,3695.1128
26621.25,35019.24,734056.6,2172.5557
17133.7,18631.05,472446.1,2628.4373
12767.35,17540.94,352048.0,2080.119
9878.149,20063.07,272380.94,1406.7554
27532.648,21219.3,759187.6,3708.932
15600.75,27938.31,430176.4,1595.5934
26477.1,35087.97,730081.8,2156.5515
95281.59,78036.39,2627302.8,3490.0881
31916.049,39396.21,880055.9,2315.3474
12179.899,19974.33,335849.6,1742.4941
22540.1,46798.17,621522.6,1376.1332
35158.65,45502.742,969467.56,2208.2434
29316.7,46465.832,808381.2,1802.9744
10507.449,21538.59,289733.3,1393.8549
24522.549,30017.61,676186.9,2334.8154
10950.75,27128.34,301956.9,1153.1696
155.0,5066.88,4273.9834,86.46616
13474.149,27892.2,371537.34,1380.235
18099.35,26318.371,499073.0,1965.3143
25289.799,32141.28,697343.06,2248.7341
44216.848,62526.9,1219239.1,2020.9475
6150.4,18373.53,169591.66,956.10547
25939.25,52948.2,715251.06,1399.7324
18689.9,28060.11,515356.9,1903.4371
23473.2,32343.99,647252.0,2074.0457
49.6,29203.291,1367.6746,3.856226
150.34999,11583.18,4145.7637,36.112877
15284.55,21957.06,421457.47,1989.3408
18617.049,23977.2,513348.1,2219.043
35574.05,44187.3,980921.94,2300.8916
35502.75,31257.36,978955.9,3246.5713
23969.2,32243.07,660928.75,2124.5247
18280.7,26873.43,504073.56,1943.9961
3365.0498,18865.08,92788.17,509.0137
18683.7,27201.42,515185.9,1962.9042
10592.699,17080.71,292084.0,1772.1674
20070.95,22174.56,553438.06,2586.9858
59366.547,67055.25,1636978.2,2530.3838
274.35,11225.61,7564.9507,68.87857
50878.75,67287.54,1402935.0,2160.9756
10434.6,20814.75,287724.53,1432.3544
16868.65,25932.09,465137.6,1858.9094
145.7,47613.36,4017.5442,7.7494297
2002.6,18724.14,55219.863,304.8027
13595.05,29193.72,374871.06,1330.4976
27484.6,49095.84,757862.7,1599.6401
16540.049,23542.2,456076.72,2007.8094
11008.1,22730.49,303538.28,1383.69
84541.65,95550.36,2331158.5,2528.807
24220.299,21348.93,667852.56,3242.7874
71007.05,100059.57,1957954.4,2028.0455
12906.85,25504.05,355894.56,1445.9718
46518.598,66458.43,1282707.8,2000.3613
18311.7,22102.35,504928.34,2367.859
12781.3,24967.26,352432.66,1462.7036
21651.95,39753.78,597032.7,1556.2831
11025.149,23171.58,304008.4,1359.435
25974.898,57533.97,716234.06,1289.8582
1126.85,8746.98,31071.857,367.34683
97.649994,8787.0,2692.6094,30.774637
23645.25,43486.082,651996.1,1553.6857
25771.85,29225.91,710635.2,2520.3118
3600.65,9228.96,99284.625,1114.5194
29935.148,38082.51,825434.3,2246.5266
8362.25,17210.34,230581.39,1388.2573
45757.547,59093.01,1261722.5,2212.9897
18043.549,23735.34,497534.34,2172.5793
18553.5,31458.33,511595.78,1685.3169
29233.0,47173.14,806073.25,1770.8527
14091.05,24395.67,388547.8,1650.5039
47642.348,73608.09,1313694.1,1849.6172
37209.3,61847.43,1026012.44,1719.1996
43.399998,11263.89,1196.7152,10.016669
33171.55,46472.79,914675.2,2039.8733
37.199997,20699.041,1025.7559,4.1385627
8287.85,40143.54,228529.88,589.3033
15255.1,27077.01,420645.4,1609.8805
17604.9,22983.66,485439.03,2189.0972
26069.45,32767.68,718841.2,2273.7576
15431.8,23033.25,425517.75,1914.6243
6460.4,18671.07,178139.62,988.32544
33743.5,40069.59,930446.1,2406.821
37796.75,50581.8,1042210.8,2135.5308
11873.0,21167.97,327387.12,1602.7262
7657.0,17352.15,211134.77,1260.6948
15383.75,25702.41,424192.84,1710.3442
23209.7,31970.76,639986.25,2074.7048
22758.648,30365.61,627548.94,2141.9573
8134.4,12651.54,224298.64,1837.3624
15912.3,27505.92,438767.12,1653.0773
34975.75,56025.39,964424.3,1783.971
18327.2,30005.43,505355.75,1745.4061
49.6,4632.75,1367.6746,29.612007
145.7,20480.67,4017.5442,19.34063
17485.549,27030.03,482148.0,1848.6166
80688.34,81110.1,2224907.2,2843.3618
26526.7,66801.21,731449.44,1134.3972
15261.3,20042.19,420816.38,2176.185
15382.199,42236.76,424150.06,1040.3022
8044.4995,20666.85,221819.72,1111.9451
6468.15,11701.5,178353.31,1579.4746
38678.7,54220.14,1066529.8,2038.6714
12131.85,29848.83,334524.66,1161.1139
28445.6,37274.28,784361.4,2181.0002
21520.2,32411.85,593399.8,1897.4164
21120.299,47341.05,582372.94,1274.5902
6258.9,13761.66,172583.44,1299.3976
77.5,11396.13,2136.9917,18.444345
189.09999,13591.14,5214.2593,38.78182
34031.8,44945.94,938395.75,2163.928
1991.7499,19517.58,54920.68,290.78156
89.899994,9068.88,2478.9102,27.343601
18620.15,34866.12,513433.62,1525.9631
40769.65,40542.87,1124185.8,2874.2224
3279.7998,27662.52,90437.48,338.0038
58.899998,12568.89,1624.1135,12.398844
20680.1,45289.59,570234.8,1304.5792
28053.45,31387.86,773548.2,2554.4863
4924.3496,6396.24,135784.44,2200.269
7396.5996,31743.69,203954.47,665.22925
10809.699,32730.27,298067.56,943.3065
23792.5,30465.66,656056.44,2231.9473
13139.35,28444.65,362305.53,1319.7549
28470.398,29385.99,785045.2,2769.143
19722.2,32805.96,543821.6,1717.9039
14120.5,35387.25,389359.88,1139.9124
24806.2,32082.99,684008.25,2209.7231
30195.549,74599.89,832614.6,1156.3207
65409.996,59997.81,1803620.8,3116.1501
16445.5,31857.66,453469.62,1474.9858
28981.898,43397.34,799149.3,1908.4694
42656.0,69094.53,1176200.1,1764.1654
14805.6,24649.71,408250.88,1716.3672
30615.6,32545.83,844197.1,2688.6538
35347.75,36413.85,974681.9,2774.5186
31308.45,60118.742,863301.9,1488.0205
19801.25,33364.5,546001.4,1695.903
37179.848,55712.19,1025200.3,1907.123
-6.2,6300.54,-170.95932,-3.8136034
44119.2,58511.85,1216546.5,2154.9204
12551.899,20286.66,346107.16,1768.0818
13288.149,17897.64,366408.56,2121.842
30409.45,28592.55,838512.75,3039.9175
18379.9,28825.71,506808.94,1822.1068
20889.35,48222.36,576004.7,1237.584
150.34999,33300.99,4145.7637,11.90908
20503.398,29802.72,565362.44,1966.0659
19883.398,32825.1,548266.5,1730.9426
22310.7,30719.7,615197.1,2075.5635
10296.649,19010.37,283920.7,1547.6539
11834.25,44055.93,326318.62,767.0427
5260.6997,31643.64,145058.98,474.34186
20264.7,32390.97,558780.56,1787.8141
25348.7,40836.06,698967.2,1773.8467
44024.65,36950.64,1213939.4,3405.614
35958.45,35633.46,991521.3,2884.3064
14655.25,13561.561,404105.12,3088.8157
2717.15,30409.11,74922.92,254.48116
10352.449,17171.19,285459.3,1722.8191
18201.65,18502.291,501893.84,2811.77
10628.35,19543.68,293067.03,1553.9216
26717.35,99764.64,736706.5,764.7125
12531.75,35619.54,345551.53,1004.9408
11446.75,21241.92,315633.66,1539.7686
16389.7,23505.66,451930.97,1992.6437
17205.0,22009.26,474412.12,2234.1064
82678.55,125701.95,2279785.2,1879.6145
56212.297,68713.47,1550002.6,2338.0444
23887.049,33213.12,658663.5,2055.3726
2760.5498,13304.91,76119.63,592.243
20390.25,32452.74,562242.5,1795.471
74.399994,24468.75,2051.5117,7.6938095
108314.0,120533.28,2986659.5,2568.3699
96.1,23242.92,2649.8696,10.821749
14969.899,24020.7,412781.28,1780.8955
15166.75,28916.19,418209.25,1498.6864
6736.3,15656.5205,185747.31,1229.1984
4340.0,11795.46,119671.53,1051.0197
15560.449,25315.26,429065.16,1756.4733
30910.1,47175.75,852317.75,1872.4004
3456.5,14376.75,95309.83,686.42426
11215.8,20016.09,309265.4,1601.1382
9.299999,15223.26,256.43896,0.7467239
15.5,8004.0,427.39832,4.5369883
32032.299,56643.96,883261.3,1615.9011
226.29999,30474.36,6240.015,20.232393
14012.0,31698.45,386368.1,1262.8953
47991.098,70209.0,1323310.6,1953.4154
35729.05,105116.88,985195.9,970.8472
12601.5,23477.82,347474.84,1533.6646
9084.55,17444.37,250498.16,1488.0084
42846.65,66559.35,1181457.1,1839.5889
4929.0,25111.68,135912.67,560.2186
7997.9995,8951.43,220537.52,2553.6885
28726.148,42899.7,792097.25,1913.5739
9828.55,17730.6,271013.28,1583.948
1675.5499,23012.371,46201.758,207.18286
18848.0,29286.81,519716.34,1839.1031
27.9,6537.18,769.31696,11.202891
16605.15,20589.42,457871.84,2304.9385
10386.55,25517.1,286399.62,1162.8285
13511.35,18844.2,372563.1,2049.0762
117508.59,122853.57,3240192.0,2733.833
8600.95,16653.541,237163.33,1475.6884
19142.5,26025.18,527836.94,2102.0708
14256.899,43754.91,393120.97,930.6382
37812.25,71230.38,1042638.2,1516.8059
17764.549,29299.86,489841.2,1732.5552
20675.45,20781.69,570106.6,2843.6125
11618.8,23570.91,320377.78,1408.3989
3623.9,19058.22,99925.73,542.6793
6260.4497,13746.0,172626.17,1301.2014
20342.2,21896.16,560917.56,2655.3113
29654.6,27667.74,817698.44,3063.5544
19737.7,48622.56,544249.0,1159.6671
26250.799,31733.25,723841.75,2364.2495
60327.547,71519.22,1663476.9,2410.8032
16581.9,20115.27,457230.75,2355.9883
134873.25,115828.32,3719006.5,3328.3547
21059.85,28657.8,580706.06,2100.171
4.6499996,4576.2,128.21948,1.9053395
10851.55,36897.57,299221.56,839.89734
2290.9,21996.21,63169.47,296.78802
13475.699,26959.56,371580.1,1428.1819
54.25,12053.85,1495.8942,11.868353
10185.05,21888.33,280843.44,1329.453
11428.149,24215.58,315120.78,1348.3668
15695.3,20323.2,432783.53,2207.1396
91281.05,105878.13,2516991.2,2464.0361
14649.05,22259.82,403934.16,1880.6412
28718.398,39049.082,791883.56,2101.802
22377.35,39036.03,617034.94,1638.0491
52013.348,72313.53,1434220.5,2055.5735
17831.2,23421.27,491679.0,2175.803
51139.15,60587.67,1410115.2,2412.3384
41788.0,68663.88,1152265.9,1739.0922
44147.098,30828.45,1217315.9,4093.487
5273.0996,28678.68,145400.89,524.7216
38.75,20791.26,1068.4958,4.3289285
6889.75,15371.16,189978.55,1280.5802
39872.2,63945.0,1099439.4,1781.8408
33952.75,54080.07,936216.0,1794.092
5491.65,16542.18,151427.22,948.20294
2848.9,7421.97,78555.81,1096.5062
18029.6,25084.71,497149.72,2054.067
44.949997,17067.66,1239.4551,6.5301685
15642.6,26563.71,431330.38,1682.7173
17282.5,28839.63,476549.12,1712.4281
15090.8,49296.81,416115.0,874.2709
31514.6,56799.69,868986.25,1585.4077
26723.549,34508.55,736877.44,2213.1978
83678.3,91648.414,2307352.5,2609.579
26388.75,64822.832,727645.6,1162.9647
2517.2,3889.77,69409.484,1849.3027
8444.399,21428.97,232846.6,1125.7212
25550.2,34782.6,704523.4,2099.2993
403.0,81344.13,11112.356,13.165366
34740.15,52057.32,957927.8,1907.0901
16152.55,24148.59,445391.78,1911.4861
19111.5,42642.18,526982.1,1280.458
7391.9497,22259.82,203826.25,948.4811
22213.049,37599.66,612504.5,1688.1696
26529.799,20853.03,731534.94,3636.5906
18184.6,27930.48,501423.7,1860.5483
10203.649,21896.16,281356.3,1331.406
31461.898,36371.22,867533.06,2472.296
34994.348,42555.18,964937.1,2350.2266
5164.5996,6283.14,142409.11,2349.2222
14836.6,31755.0,409105.66,1334.8916
14690.899,22118.88,405088.12,1898.0405
19072.75,54785.64,525913.6,994.39526
9512.35,18564.06,262294.34,1464.0884
9227.149,20277.09,254430.2,1300.1007
9521.649,17992.47,262550.78,1512.1096
5595.5,36763.59,154290.8,434.18106
25776.5,26717.7,710763.44,2757.5059
15865.8,33184.41,437484.9,1366.0262
5879.15,25865.97,162112.19,648.8824
24265.25,51185.582,669092.06,1354.4581
8084.8,12486.24,222930.95,1850.3417
21278.398,17654.041,586732.4,3445.2266
31472.75,29648.73,867832.3,3034.132
13723.699,18209.1,378418.44,2153.9229
13365.649,24058.98,368545.56,1587.4071
28620.75,34863.51,789191.0,2346.2473
111.6,11563.17,3077.2678,26.595373
4462.4497,12011.22,123047.97,1061.2708
22946.2,39999.99,632720.44,1639.2115
22135.549,22210.23,610367.5,2848.6152
2245.95,28838.76,61930.016,221.67552
31485.148,16276.83,868174.2,5529.761
23555.35,34107.48,649517.2,1973.6443
41.85,3930.66,1153.9755,29.442406
101087.9,121043.1,2787406.2,2386.8557
15591.449,29905.38,429919.94,1489.6858
19471.1,25238.7,536897.75,2204.8323
81207.59,96985.86,2239225.0,2393.072
21400.85,34617.3,590108.9,1766.6116
4136.9497,4415.25,114072.6,2678.0076
9817.699,17812.38,270714.06,1574.9292
24178.45,30989.4,666698.6,2229.8186
24905.398,36473.01,686743.56,1951.4092
3720.0,26603.73,102575.59,398.80606
38453.95,76521.72,1060332.5,1435.8295
10832.949,21963.15,298708.66,1409.2661
99928.5,72186.51,2755437.0,3957.0598
14467.699,42934.5,398933.56,962.4786
32607.35,18344.82,899117.8,5081.1914
27450.5,54562.92,756922.44,1437.4728
23.25,13283.16,641.0975,4.0046134
17318.15,18929.46,477532.16,2614.8464
412.3,10529.61,11368.795,110.95668
24536.5,34143.15,676571.56,2053.7456
9906.05,29532.15,273150.25,958.0791
99.2,17598.36,2735.349,15.117157
21687.6,32257.86,598015.75,1921.3168
36851.25,58070.76,1016139.5,1813.4446
8734.25,18003.78,240838.95,1386.1101
22371.148,25143.871,616863.94,2542.9297
66090.445,61403.73,1822383.6,3076.4636
42904.0,46565.01,1183038.5,2633.4324
17342.95,27314.52,478215.97,1814.4253
4420.6,18136.89,121894.0,695.895
26453.85,36891.48,729440.7,2049.2734
22178.95,22579.11,611564.25,2807.5564
41123.047,72671.1,1133930.4,1616.9777
40589.848,49378.59,1119227.9,2349.3237
17192.6,26225.28,474070.22,1873.4352
21822.45,44306.492,601734.06,1407.2673
5366.0996,10626.18,147965.28,1442.8782
6305.4,15688.71,173865.64,1148.1439
57.35,7862.19,1581.3738,19.856379
12131.85,21549.03,334524.66,1608.7124
20675.45,24534.0,570106.6,2408.548
320.84998,14082.69,8847.145,64.14265
28112.35,38139.93,775172.3,2106.4934
4919.6997,17976.81,135656.22,781.48303
18370.6,24742.8,506552.47,2121.8704
33019.65,65462.28,910486.6,1441.216
13441.6,31411.35,370639.8,1222.5265
31046.5,50543.52,856078.8,1755.2897
22155.7,20036.97,610923.1,3160.5671
23304.25,44870.25,642593.4,1483.9972
96.1,21961.41,2649.8696,11.51158
32317.498,64128.57,891125.44,1439.9043
111.6,12736.8,3077.2678,24.052603
7480.3,18179.52,206262.42,1175.4828
3857.95,32782.47,106379.44,335.4836
1329.8999,10870.65,36670.773,348.79407
35341.55,39702.45,974510.94,2544.1729
49099.348,65307.42,1353869.6,2148.6226
9523.199,13957.41,262593.5,1949.8641
3606.8499,18934.68,99455.586,543.65204
12863.449,20184.87,354697.84,1821.1348
21476.799,37985.07,592203.06,1615.6112
7235.4,16346.43,199509.53,1264.5771
21035.049,30642.27,580022.25,1961.7798
18248.15,30192.48,503176.06,1727.1008
19061.898,32556.27,525614.44,1673.0968
42752.098,54060.06,1178850.0,2260.1528
14845.899,18758.07,409362.1,2261.9104
23443.75,21862.23,646439.94,3065.0667
19316.1,29764.44,532623.75,1854.5416
116045.4,123299.88,3199845.8,2690.0037
23449.95,40085.25,646610.9,1671.6548
20768.45,29930.61,572671.0,1982.9811
79096.5,95239.77,2181013.8,2373.586
440.19998,10391.28,12138.111,120.123924
14892.399,28241.94,410644.28,1506.7146
4806.55,4034.19,132536.22,3405.639
15348.1,13783.41,423209.8,3182.8083
30772.148,22716.57,848513.9,3872.1477
13846.149,24412.2,381794.9,1620.7021
1117.5499,23925.0,30815.416,132.55618
6435.5996,28183.65,177455.77,651.8911
17164.7,35583.0,473300.88,1378.2488
4.6499996,9503.01,128.21948,0.39907408
3594.45,25711.98,99113.67,398.71082
19418.398,21083.58,535444.56,2632.4072
3055.0498,19055.61,84240.2,457.39984
11153.8,23316.0,307555.8,1366.7848
61812.45,75431.61,1704421.8,2341.996
11857.5,24596.64,326959.72,1377.3717
446.4,17942.88,12309.071,70.13462
40.3,17241.66,1111.2356,5.6830535
25094.5,41525.97,691957.9,1726.8569
14979.199,18131.67,413037.72,2361.1082
76255.34,92286.12,2102671.2,2361.56
26850.648,32045.58,740382.06,2394.7175
118463.4,126736.38,3266519.8,2671.5872
25672.648,26488.89,707899.8,2770.1235
9058.2,42643.92,249771.58,606.34265
30583.049,39684.18,843299.6,2202.4966
45494.047,49649.16,1254456.8,2618.942
31275.898,48243.242,862404.3,1852.6267
10335.399,24286.05,284989.2,1215.8004
17432.85,25163.88,480694.88,1979.796
6015.55,9683.97,165873.28,1775.1143
14920.3,22138.89,411413.62,1925.9512
40331.0,42897.96,1112090.4,2687.1365
22628.45,23649.21,623958.8,2734.8176
29524.398,45229.56,814108.25,1865.4127
43.399998,6464.1,1196.7152,18.196878
66.65,4146.42,1837.8129,44.959564
114.7,20847.81,3162.7476,14.730841
16958.549,25163.01,467616.47,1925.9706
77693.75,92229.57,2142334.0,2407.601
69523.695,83694.0,1917052.2,2374.1306
48583.2,60653.79,1339637.2,2289.2197
7212.15,16801.44,198868.44,1226.3467
18325.65,28192.35,505313.03,1857.5623
4949.15,44234.28,136468.28,318.90472
6750.25,28822.23,186131.97,668.6398
41729.098,36179.82,1150641.8,3296.7795
20785.5,13040.43,573141.1,4556.4043
13512.899,24328.68,372605.84,1587.1042
13156.399,24042.45,362775.7,1563.6145
39456.797,27036.99,1087985.1,4171.6553
18741.049,36960.21,516767.28,1448.8011
46.5,17165.97,1282.195,6.7452164
44.949997,23454.33,1239.4551,4.479686
27109.5,43916.73,747519.7,1763.9829
50694.297,88636.47,1397848.9,1634.2933
13471.05,23784.06,371451.88,1618.4385
14165.449,35621.28,390599.3,1136.0245
13337.75,18754.59,367776.25,2032.4055
8906.3,18964.26,245583.06,1341.7971
12711.55,16000.17,350509.34,2270.553
19593.549,32286.57,540274.2,1734.1627
70320.4,152178.66,1939020.6,1320.2244
68379.8,78211.26,1885510.4,2498.8132
3245.7,16540.44,89497.21,560.06134
32971.598,46595.46,909161.6,2022.2305
1531.3999,20544.18,42226.953,212.1321
35316.75,23953.71,973827.06,4214.5757
20503.398,34432.86,565362.44,1701.5574
21000.95,26359.26,579081.94,2277.0051
20627.398,28234.98,568781.6,2087.8438
54256.2,66785.55,1496065.0,2321.8215
48098.047,78139.05,1326259.6,1758.9824
44494.297,50000.64,1226889.5,2543.3552
1570.1499,24319.98,43295.445,183.59795
24426.45,34414.59,673537.0,2028.3959
49138.098,57061.56,1354938.1,2461.2021
10879.449,19559.34,299990.88,1589.383
3802.15,13050.0,104840.805,832.0436
2515.65,15468.6,69366.74,463.9949
27.9,12179.13,769.31696,5.5499344
4132.3,19630.68,113944.39,600.8739
106243.195,98432.67,2929559.0,3085.106
15030.35,21393.3,414448.16,2007.8167
34318.55,39882.54,946302.6,2459.34
15448.85,25403.13,425987.9,1737.833
4188.1,13151.79,115483.03,909.5026
4163.3,21124.47,114799.19,562.50903
16433.1,19374.9,453127.7,2424.0964
8876.85,23624.85,244771.0,1073.3328
17370.85,24890.7,478985.28,1994.4138
72.85,4180.35,2008.7721,48.827133
26901.799,36179.82,741792.5,2125.0032
9324.8,145102.95,257122.83,182.74362
14880.0,20988.75,410302.38,2026.0541
28366.549,36493.89,782181.6,2221.467
51013.598,57554.85,1406653.2,2533.2705
31863.35,58536.21,878602.7,1555.3806
6665.0,16021.05,183781.28,1188.4828
995.1,12439.26,27438.97,227.72896
28399.1,37804.98,783079.2,2146.853
35009.848,47848.26,965364.5,2091.0547
1537.6,24123.36,42397.914,181.24457
215.45,20542.44,5940.8364,28.98772
15434.899,32534.52,425603.22,1355.4644
13106.8,34705.17,361408.0,1078.8202
23222.1,33126.99,640328.1,2003.3267
33489.3,41220.6,923436.8,2321.9548
14111.199,22884.48,389103.4,1762.0792
116.25,3513.93,3205.4873,93.59078
27776.0,53025.63,765897.8,1496.7278
13350.149,20605.08,368118.16,1851.5111
3489.0498,8836.59,96207.36,1127.9417
120.899994,14375.88,3333.7068,23.04589
6297.65,14509.86,173651.94,1239.9785
85663.84,130543.5,2362102.2,1875.2526
21503.148,40481.1,592929.6,1517.7935
21217.95,47594.22,585065.56,1273.6714
13247.85,21280.2,365297.34,1778.9946
7754.65,16730.97,213827.38,1324.2263
55.8,13081.32,1538.6339,11.196399
23389.5,38006.82,644944.06,1758.5774
28673.45,46499.76,790644.1,1762.1051
31244.898,39118.68,861549.5,2282.7256
6182.9497,16673.55,170489.19,1059.2704
-6.2,7549.86,-170.95932,-3.3480198
75.95,9320.31,2094.2517,22.29949
24412.5,40959.6,673152.4,1703.141
90960.195,111611.43,2508144.2,2329.192
25402.95,36315.54,700463.06,1999.049
24195.5,40699.47,667168.75,1698.7883
26094.25,32920.8,719525.06,2265.3315
16853.15,24750.63,464710.22,1945.9009
23804.898,44875.47,656398.3,1515.7233
68823.1,75848.34,1897734.1,2593.4014
7432.25,8259.78,204937.5,2571.769
14601.0,24441.78,402609.22,1707.043
38.75,10841.94,1068.4958,9.219125
21041.25,21917.91,580193.25,2743.8677
17741.299,27993.121,489200.1,1811.1039
28582.0,66193.95,788122.5,1233.5916
17530.5,24471.36,483387.5,2047.2605
48403.4,47562.03,1334679.4,2908.8086
67173.9,159613.69,1852258.8,1202.3152
6909.9,16804.05,190534.17,1174.7278
12675.899,17686.23,349526.34,2048.2385
13190.5,19150.44,363715.97,1968.389
44771.75,60242.28,1234540.0,2123.9644
23236.049,44709.3,640712.8,1484.9814
107353.0,129672.63,2960160.8,2366.0906
43807.65,108573.39,1207955.9,1152.6539
24366.0,39069.96,671870.2,1782.1598
18012.549,27984.42,496679.56,1839.3816
29383.35,27748.65,810219.0,3026.6694
9794.449,35138.43,270072.97,795.9786
6621.5996,8380.71,182584.55,2258.0771
1379.5,18866.82,38038.45,208.06049
17494.85,23382.121,482404.47,2138.3179
8216.55,34475.49,226563.84,680.44073
28298.35,38479.23,780301.1,2101.7312
24319.5,34382.4,670587.94,2021.4017
34960.25,35574.3,963996.94,2808.876
43141.15,68893.56,1189577.8,1789.4496
10285.8,42543.0,283621.53,690.2879
13581.1,39937.35,374486.4,971.3098
-10.849999,3453.03,-299.1788,-9.984178
9532.5,18432.69,262849.97,1477.6558
18962.7,24596.64,522879.1,2203.3135
18593.799,35495.13,512707.0,1496.7811
21673.648,33371.46,597631.0,1855.9738
24404.75,23322.09,672938.7,2990.961
33958.95,28654.32,936386.94,3387.5437
7376.4497,23600.49,203398.86,892.66626
6618.5,10425.21,182499.08,1814.1969
20484.799,33374.07,564849.56,1753.9773
23694.85,75443.79,653363.8,897.0064
5485.4497,15445.11,151256.25,1014.47723
25725.35,39344.01,709353.0,1868.5265
2411.7998,16841.46,66503.17,408.45905
16419.15,30415.2,452743.06,1542.5085
110834.3,94017.42,3056154.2,3369.6592
21.699999,7252.32,598.3576,7.555231
40205.45,19108.68,1108628.5,6014.9365
37871.15,117218.58,1044262.25,922.7639
12291.5,26504.55,338926.88,1324.9692
26196.549,21338.49,722345.9,3509.18
8822.6,17137.26,243275.11,1470.9877
21227.25,25611.93,585322.0,2368.7385
12041.949,18901.62,332045.72,1820.5736
29016.0,32447.52,800089.7,2555.8486
37610.75,90935.01,1037082.0,1181.5782
1381.0499,17176.41,38081.188,228.89311
19331.6,26948.25,533051.2,2050.0972
2366.8499,14896.14,65263.72,453.30338
71.299995,26000.82,1966.0321,6.8406386
4140.05,34619.91,114158.086,340.92325
38055.598,46650.27,1049348.2,2331.4556
2887.65,19274.85,79624.305,427.3537
59140.25,70059.36,1630738.2,2412.6038
57336.047,82713.51,1580989.0,1980.9846
23028.35,17169.45,634985.7,3833.9126
1371.75,10807.14,37824.75,361.9219
3602.2,29147.61,99327.37,352.35712
60109.0,89548.234,1657450.8,1918.2496
41423.75,108635.164,1142222.0,1089.2548
7602.75,13552.86,209638.88,1602.9424
5663.6997,35520.36,156171.34,454.9024
20179.45,24661.02,556429.9,2338.6306
17243.75,27174.45,475480.62,1813.3453
13309.85,27271.89,367006.94,1394.4263
49609.297,48145.8,1367931.0,2945.1418
2856.65,14103.57,78769.51,578.13116
132097.2,92755.05,3642459.5,4070.9746
9591.399,37218.6,264474.06,735.8361
29862.299,39455.37,823425.56,2163.044
4091.9998,8810.49,112833.15,1326.9586
19009.2,32936.46,524161.28,1649.1974
17673.1,22099.74,487319.56,2285.5176
21447.35,27740.82,591391.06,2209.5652
29.449999,12565.41,812.05676,5.7012777
30541.2,32223.06,842145.6,2708.994
10194.35,20775.6,281099.88,1401.9913
18618.6,22878.39,513390.84,2325.8613
9692.149,17819.34,267252.16,1554.1686
37900.598,41603.4,1045074.3,2603.7512
35831.348,49376.85,988016.6,2073.8596
3123.25,10450.44,86120.76,853.5178
5572.25,30795.39,153649.7,516.3612
51292.598,67388.46,1414346.5,2175.297
13554.75,22804.44,373759.84,1698.4998
21242.75,20901.75,585749.4,2904.876
6971.9,29153.7,192243.77,682.7644
6816.9,10536.57,187969.78,1848.8506
11510.3,22081.47,317386.0,1489.4165
16101.399,22232.85,443981.38,2069.7017
27599.299,39020.37,761025.44,2021.347
12108.6,24541.83,333883.56,1409.7042
220.09999,9991.08,6069.0557,61.987816
6965.6997,23593.53,192072.8,843.15234
95834.945,106189.59,2642561.0,2579.4233
23453.049,30645.75,646696.4,2187.1548
27247.45,29928.871,751323.5,2602.062
24190.85,28713.48,667040.56,2407.875
9264.35,13927.83,255455.97,1900.8684
27617.898,42318.54,761538.3,1864.9885
6243.4,8443.35,172156.05,2113.2454
22616.049,6324.0303,623616.9,10224.199
71.299995,9978.03,1966.0321,19.43119
29045.45,50096.34,800901.7,1656.7578
7348.55,17414.791,202629.53,1205.514
18251.25,11935.53,503261.53,4371.1987
42129.0,41801.76,1161668.6,2880.6123
-13.95,13043.04,-384.65848,-4.0580482
29158.6,32681.55,804021.7,2550.015
18184.6,53950.44,501423.7,962.73517
29.449999,10903.71,812.05676,6.7225366
32350.049,53123.94,892023.0,1740.1398
10609.75,26567.19,292554.16,1140.8486
961.0,12833.37,26498.695,213.10738
5155.3,20687.73,142152.67,711.5085
10439.25,30567.45,287852.78,975.47046
24502.398,42608.25,675631.25,1643.235
14298.75,23991.99,394274.94,1703.044
186.0,15748.74,5128.78,32.768837
15813.1,26738.58,436031.75,1689.938
7261.75,43293.81,200236.11,478.5838
6100.8,12917.76,168223.97,1349.3568
13261.8,22982.791,365682.0,1648.8661
2883.0,13219.65,79496.086,622.5534
28923.0,52568.01,797525.25,1572.1523
39728.047,52115.61,1095464.5,2178.608
17790.9,21394.17,490567.8,2376.6694
33177.75,45594.09,914846.1,2079.5942
15014.85,18429.21,414020.75,2328.5027
31973.398,57093.75,881637.2,1600.2134
6393.75,8579.07,176301.81,2129.9067
1066.4,27262.32,29405.006,110.84237
168.95,10479.15,4658.6416,45.097897
9436.399,22405.98,260200.08,1203.1798
5270.0,6072.6,145315.42,2480.3323
1072.6,17127.69,29575.963,178.05563
5190.9497,12445.35,143135.69,1191.5833
24725.6,54770.85,681785.8,1289.7626
8692.399,14598.6,239684.97,1701.4623
19133.2,30024.57,527580.44,1821.0477
12624.75,24470.49,348115.94,1474.126
1026.1,20399.76,28293.768,142.81813
20687.85,26705.52,570448.5,2213.9468
17102.7,20332.77,471591.28,2404.0112
354.94998,22012.74,9787.421,45.104362
91.45,16792.74,2521.65,14.5708065
8731.149,19019.07,240753.45,1311.5962
34538.65,45463.59,952371.6,2171.154
12956.449,29651.34,357262.25,1248.3689
12003.199,28026.18,330977.25,1223.5658
79.049995,14136.63,2179.7312,14.988398
10471.8,50240.76,288750.3,594.95593
42688.547,46301.4,1177097.6,2635.1265
5978.3496,20237.07,164847.52,843.6613
10484.199,14197.53,289092.2,2110.4045
6479.0,13735.561,178652.5,1347.6852
12150.449,24642.75,335037.53,1408.7827
7391.9497,33300.99,203826.25,633.6742
6775.05,16965.87,186815.8,1140.7877
18668.2,23438.67,514758.53,2276.2908
51680.098,34000.47,1425031.4,4344.9766
9527.85,18009.87,262721.75,1511.6322
27024.25,34058.76,745169.0,2267.6829
279.0,33802.98,7693.17,22.59925
336.34998,34519.86,9274.543,26.859375
45776.15,64781.94,1262235.4,2019.3856
10099.8,23965.89,278492.75,1203.9476
11293.3,23278.59,311402.4,1386.1172
13511.35,18949.47,372563.1,2037.6874
12320.949,34730.4,339738.9,1013.33966
23206.6,46719.0,639900.75,1419.2571
22234.75,59071.26,613102.9,1075.2297
12682.1,37162.05,349697.28,974.7542
27284.648,42766.59,752349.25,1823.1592
7850.75,32914.71,216477.25,680.9776
4715.1,30877.17,130014.57,435.6188
29036.148,33371.46,800645.25,2486.7847
11046.85,22339.86,304606.78,1412.8619
14641.3,28926.63,403720.44,1446.2073
91.45,14244.51,2521.65,17.3563
29308.95,37052.43,808167.44,2260.6873
30567.549,59466.242,842872.2,1468.7352
18744.15,28226.28,516852.8,1897.721
30428.049,39290.94,839025.6,2213.2705
13378.05,23443.89,368887.5,1630.5941
24015.7,60589.41,662210.94,1132.3069
6103.9,25705.89,168309.45,677.92804
12471.3,25370.94,343884.7,1404.4784
31550.25,39975.63,869969.3,2255.61
4344.65,7127.04,119799.75,1741.9888
3473.5498,13979.16,95779.96,709.463
49.6,12768.12,1367.6746,10.107177
18086.95,39510.18,498731.1,1307.8965
16085.899,24340.86,443553.97,1888.5502
26618.148,50174.64,733971.1,1515.8499
40.3,12729.84,1111.2356,8.05172
20432.1,31733.25,563396.44,1839.9729
9216.3,23044.56,254131.03,1142.5026
21969.7,26225.28,605794.4,2394.2617
14994.699,23327.31,413465.12,1836.9009
20345.299,24327.81,561003.0,2390.1677
8207.25,9019.29,226307.4,2600.8022
37692.9,56981.52,1039347.2,1890.3612
199.95,18232.59,5513.4385,30.3561
42873.0,36705.3,1182183.8,3338.674
32.55,12826.41,897.53644,6.255959
9389.899,20330.16,258917.89,1319.5934
14311.149,21612.541,394616.84,1892.2924
29437.6,41435.49,811714.9,2030.3228
140185.1,164450.88,3865475.8,2436.3318
21211.75,37537.89,584894.6,1614.6812
16161.85,34013.52,445648.22,1357.5902
9300.0,24062.46,256439.0,1104.0754
33359.098,51805.02,919846.6,1840.1597
20258.5,27893.07,558609.6,2075.634
3633.2,11551.86,100182.164,898.2622
38016.848,46867.77,1048279.8,2318.2673
1605.7999,27746.041,44278.465,164.47768
17262.35,24564.45,475993.5,2008.2865
58735.7,104521.8,1619583.1,1605.7351
20407.299,34411.11,562712.6,1694.6486
11401.8,28003.56,314394.2,1163.1505
19858.6,29709.63,547582.7,1910.1744
35302.8,34901.79,973442.44,2891.081
20261.6,34240.59,558695.06,1690.9264
10577.199,22849.68,291656.6,1322.5476
120.899994,23824.08,3333.7068,13.509725
2929.5,9222.0,80778.28,907.275
1953.0,25726.77,53852.188,216.05309
55463.65,65616.27,1529359.4,2415.8286
28335.549,35050.56,781326.8,2310.456
117.799995,26791.65,3248.227,11.571722
38006.0,39223.95,1047980.7,2769.447
2672.2,20084.82,73683.47,379.40833
162168.75,126460.59,4471655.0,3665.5781
24229.6,43505.22,668109.06,1591.4064
4188.1,4533.57,115483.03,2640.3489
24082.35,33667.26,664048.75,2044.2201
25495.95,23128.95,703027.5,3150.8408
16853.15,23355.15,464710.22,2062.229
24460.549,31206.9,674477.25,2240.1172
11792.399,37939.832,325164.62,887.7012
14960.6,32400.541,412524.84,1319.2183
24.8,5586.27,683.8373,11.693422
103147.84,103376.01,2844207.5,2851.9187
87461.84,180658.11,2411680.2,1383.236
1013.69995,39533.67,27951.85,72.314735
51863.0,80699.46,1430074.8,1836.5365
140535.39,151949.84,3875134.8,2643.4443
34975.75,42847.5,964424.3,2332.9446
24499.299,34518.99,675545.75,2028.2922
147673.14,123579.15,4071951.8,3415.688
69.75,9689.19,1923.2925,19.58286
44877.15,54239.28,1237446.4,2364.7036
56917.547,70622.25,1569449.2,2303.3774
15357.399,25433.58,423466.25,1725.4706
40.3,9517.8,1111.2356,11.106468
18268.299,30970.26,503731.62,1685.5618
11891.6,16047.15,327899.97,2117.8066
18136.549,37609.23,500098.75,1377.8252
13306.75,20857.38,366921.47,1823.1528
25974.898,30852.81,716234.06,2406.1775
11860.6,23921.52,327045.2,1416.643
10868.6,12840.33,299691.7,2419.1729
21579.1,30454.35,595023.94,2024.9698
11105.75,30970.26,306230.9,1024.3026
2642.75,10901.1,72871.414,692.16205
31277.45,56670.06,862447.06,1577.0715
101528.09,107178.78,2799544.2,2707.4849
113932.75,171629.25,3141591.2,1897.044
22915.2,26691.6,631865.7,2453.6978
93.0,18983.4,2564.39,13.007413
23079.5,39365.76,636396.1,1675.3193
29947.549,54806.52,825776.25,1561.3489
13134.699,30639.66,362177.3,1224.7028
40.3,25179.541,1111.2356,3.576213
52.699997,17657.52,1453.1542,7.533552
106407.5,89385.54,2934089.5,3402.7212
29711.95,45358.32,819279.8,1871.937
15097.0,18021.18,416285.97,2394.2808
15893.699,32619.78,438254.22,1392.1343
5542.8,9965.85,152837.64,1589.2444
15952.6,23622.24,439878.34,1929.8982
58599.297,35161.92,1615822.0,4764.065
40668.9,59867.31,1121407.6,1941.3239
25925.299,50523.51,714866.4,1466.1659
32491.1,40392.36,895912.4,2298.9277
173.59999,14802.18,4786.861,32.533047
29425.2,49496.04,811372.94,1698.8005
25026.299,36397.32,690077.3,1964.967
28135.6,30169.86,775813.44,2665.4404
19122.35,26769.03,527281.3,2041.4792
19263.398,33437.582,531170.56,1646.2026
29257.799,17501.791,806757.06,4778.783
558.0,10747.11,15386.34,147.45386
17042.25,34358.91,469924.47,1417.1969
19302.148,39345.75,532239.06,1401.6742
25216.95,30124.621,695334.3,2392.4255
36990.75,42964.95,1019986.06,2460.6587
96.1,11156.01,2649.8696,23.629948
4944.5,30724.05,136340.06,459.14307
13325.35,21771.75,367434.3,1748.9847
17536.7,14870.04,483558.44,3370.9778
16572.6,25358.76,456974.28,1867.5797
1466.2999,6141.33,40431.88,681.6677
19781.1,43801.89,545445.75,1290.2388
45227.45,53170.92,1247105.5,2431.0745
13481.899,24399.15,371751.03,1578.8846
4947.5996,39440.582,136425.53,357.67426
503.74997,32692.86,13890.444,43.056614
86.799995,19915.17,2393.4304,11.461911
26438.35,34164.03,729013.3,2211.6577
1129.95,31235.61,31157.336,102.432785
26622.799,28305.45,734099.3,2688.259
19429.25,28328.07,535743.8,1960.0472
18189.25,22555.621,501551.94,2304.733
33156.05,49284.63,914247.75,1922.5359
559.55,11896.38,15429.079,133.48476
16082.8,31988.16,443468.5,1436.5448
19077.398,33294.03,526041.8,1637.3314
5349.05,14475.93,147495.16,1055.5236
26015.2,70938.93,717345.3,1047.5557
111272.945,115449.0,3068249.8,2754.8044
22113.85,23746.65,609769.2,2661.631
113.149994,14020.92,3120.0076,22.074219
46.5,9589.14,1282.195,12.865078
30686.898,38078.16,846163.1,2303.231
2064.5999,4541.4,56929.453,1298.8557
17316.6,46123.92,477489.4,1072.4589
15997.55,21793.5,441117.8,2097.8215
14881.55,50421.72,410345.12,842.87775
117271.445,101857.86,3233652.8,3290.9006
10956.949,21202.77,302127.84,1476.5631
18744.15,43125.03,516852.8,1241.7545
35361.7,46044.75,975066.5,2194.8467
11025.149,19544.55,304008.4,1611.9012
23219.0,28560.36,640242.7,2323.496
15228.75,32627.61,419918.84,1333.5289
10896.5,31922.041,300461.03,974.99
27554.35,25618.89,759786.0,3074.2388
96.1,33287.07,2649.8696,7.254615
27652.0,49340.31,762478.6,1601.4102
99.2,20156.16,2735.349,13.071904
14038.35,31089.45,387094.66,1290.0767
28995.85,44124.66,799534.0,1877.899
16304.449,18931.2,449580.28,2461.5044
18186.15,30746.67,501466.47,1690.1871
13551.649,41255.4,373674.34,938.20496
11279.35,38712.39,311017.75,832.07306
8630.399,14452.44,237975.38,1706.4135
4783.3,22548.66,131895.11,605.535
16690.4,23018.46,460222.53,2072.192
111634.09,123465.18,3078208.0,2584.243
-7.75,12959.5205,-213.69916,-2.7098646
13371.85,25764.18,368716.53,1482.9668
32334.549,43815.81,891595.6,2109.0122
9337.2,21659.52,257464.75,1231.5848
27472.2,45945.57,757520.75,1708.6167
73358.4,99905.58,2022790.8,2098.4673
22377.35,29759.22,617034.94,2148.9883
162.75,9322.92,4487.682,48.913498
35.649998,20837.37,983.01605,3.891765
19486.6,27665.13,537325.2,2012.9669
23575.5,26193.09,650072.9,2572.4941
46920.047,74620.77,1293777.4,1796.826
20188.75,30041.97,556686.3,1920.4541
16727.6,20769.51,461248.25,2301.8008
25027.85,29633.07,690120.06,2413.8818
18400.049,23737.95,507364.5,2215.2805
21118.75,29078.01,582330.2,2075.5984
15112.5,23525.67,416713.38,1835.7214
206.15,14716.05,5684.3975,39.053555
63715.848,101017.44,1756906.2,1802.4335
12542.6,33020.85,345850.72,1085.0463
13900.399,24209.49,383290.8,1640.6881
21117.2,23773.621,582287.44,2538.7441
6789.0,13846.05,187200.47,1400.9384
78820.59,87185.31,2173405.8,2583.9097
16363.35,51047.25,451204.4,915.53455
27219.549,38298.27,750554.2,2031.1267
5087.0996,9083.67,140272.12,1600.2455
15100.1,25882.5,416371.44,1667.1019
20044.6,21683.01,552711.5,2642.1804
54105.848,68683.89,1491919.2,2251.3625
144.15,9103.68,3974.8042,44.27377
58.899998,23623.98,1624.1135,6.1287136
6771.9497,11005.5,186730.31,1758.3527
1799.5499,11488.35,49620.94,446.87335
7523.6997,15909.69,207459.14,1351.1309
66.65,8418.12,1837.8129,21.63779
30663.648,43526.97,845522.06,2013.2548
13503.6,45045.992,372349.4,856.12146
5183.1997,22290.27,142921.98,663.8621
28868.75,38965.56,796029.4,2117.3418
9225.6,23316.0,254387.47,1130.3307
34.1,11149.05,940.27625,7.7451143
85.25,17979.42,2350.6907,12.557128
35003.65,42208.05,965193.56,2370.1936
23994.0,31300.86,661612.6,2190.7722
4071.8499,26514.99,112277.53,438.0857
55.8,30857.16,1538.6339,4.170437
35512.05,134725.6,979212.3,752.65857
23811.1,19236.57,656569.3,3538.1653
12883.6,46429.29,355253.47,792.4036
26416.648,35346.36,728414.94,2135.8894
17280.95,23114.16,476506.38,2136.6592
120.899994,16945.86,3333.7068,19.399132
12878.949,24230.371,355125.25,1518.7402
100.75,39075.18,2778.089,6.3721313
34179.05,46302.27,942456.06,2109.6038
266.6,23374.291,7351.2515,31.611496
4482.6,9288.99,123603.59,1378.782
24438.85,50217.27,673878.94,1390.479
3456.5,12507.99,95309.83,789.129
9031.85,19236.57,249044.98,1341.4497
21194.7,31013.76,584424.44,1952.9877
17361.549,29258.1,478728.8,1695.6464
4805.0,27987.9,132493.48,489.8763
29975.45,30730.14,826545.56,2788.0105
3411.5498,33445.41,94070.37,290.6515
8306.45,12724.62,229042.77,1865.4641
22197.549,34287.57,612077.1,1850.0465
6362.75,9962.37,175447.02,1825.1279
6598.3496,19589.791,181943.45,962.0626
11070.1,24960.3,305247.88,1267.0919
36508.7,32907.75,1006694.0,3171.1023
119.35,15976.68,3290.967,20.359196
21811.6,31638.42,601434.94,1970.1595
18412.45,22440.78,507706.44,2344.971
54849.848,47436.75,1512434.4,3305.0505
22860.95,25557.121,630369.75,2556.5923
79050.0,99291.36,2179731.5,2275.352
16195.949,17289.51,446588.47,2677.383
17287.15,23579.61,476677.34,2095.2146
20367.0,31120.77,561601.4,1870.2236
30527.25,41291.94,841761.0,2112.8364
12827.8,18292.62,353714.84,2004.0503
86.799995,13424.1,2393.4304,17.487728
29539.898,48101.43,814535.7,1754.9009
35402.0,57889.8,976177.75,1747.5366
21208.648,47827.38,584809.06,1266.9011
36463.75,29670.48,1005454.56,3512.8706
15884.399,19512.36,437997.78,2326.609
56362.65,53242.26,1554148.5,3025.801
23746.0,36363.39,654774.25,1866.1324
29265.549,31949.88,806970.75,2618.0056
79112.0,70751.01,2181441.0,3196.1184
29248.5,30246.42,806500.6,2763.8948
19418.398,29907.121,535444.56,1855.4694
23098.1,36024.96,636908.94,1832.2501
10730.649,31307.82,295887.84,978.9912
17369.299,27572.041,478942.53,1800.2018
20779.299,24631.44,572970.2,2411.071
17335.2,36284.22,478002.25,1365.0293
13423.0,24068.55,370126.94,1593.5885
198.4,24543.57,5470.698,22.112818
13547.0,19936.92,373546.12,1941.8267
4445.4,22717.44,122577.836,558.5004
27577.6,42738.75,760427.06,1843.9459
26505.0,29894.07,730851.1,2534.0806
11040.649,35179.32,304435.8,896.33826
10028.5,38857.68,276526.72,736.918
416.94998,8077.08,11497.015,146.59735
22862.5,47265.36,630412.5,1382.024
9915.35,25272.63,273406.7,1120.7771
83.7,38294.79,2307.951,5.2493486
16133.949,30714.48,444878.9,1500.9191
24348.95,72109.08,671400.0,964.47107
5411.05,12166.08,149204.75,1270.6859
37947.098,32760.72,1046356.5,3310.8762
22947.75,27632.07,632763.2,2373.519
17961.4,29234.61,495269.2,1755.677
26568.549,77457.84,732603.44,979.7345
8476.95,11992.95,233744.14,2019.9828
30204.85,40663.8,832871.1,2122.82
17666.9,21602.97,487148.62,2337.2766
15219.449,21886.59,419662.38,1987.2445
31937.748,52118.22,880654.2,1751.1196
17490.2,25563.21,482276.25,1955.268
117.799995,16409.94,3248.227,19.525194
5011.15,18209.1,138177.88,785.86084
6489.8496,25102.11,178951.67,738.21954
48507.25,39798.15,1337543.0,3483.92
8780.75,26998.71,242121.16,928.9029
11863.699,23619.63,327130.66,1435.1375
7571.75,25657.17,208784.08,842.7942
25477.35,33773.4,702514.6,2155.8923
933.1,21524.67,25729.379,122.94833
16381.949,30353.43,451717.25,1542.1451
65.1,14455.05,1795.0729,11.876871
9588.3,28328.07,264388.6,966.7732
17420.45,27390.21,480352.94,1817.4987
14205.75,22106.7,391710.56,1836.339
24283.85,24864.6,669604.94,2791.4478
11685.449,19153.05,322215.56,1743.4417
38236.95,80978.73,1054348.9,1349.0854
9602.25,17437.41,264773.25,1573.4904
21207.1,25361.371,584766.4,2389.8787
11271.6,23768.4,310804.06,1354.9218
8294.05,15205.86,228700.84,1558.5692
16786.5,18892.05,462872.38,2539.5632
21543.45,27311.91,594040.9,2254.3406
21859.648,30503.94,602759.8,2047.9731
19292.85,45824.64,531982.7,1202.7777
10.849999,7916.13,299.1788,2.9189146
9044.25,18102.09,249386.92,1427.5414
10132.35,17564.43,279390.28,1648.3966
13072.699,22572.15,360467.72,1654.9275
40400.75,111477.45,1114013.8,1035.2186
56891.2,59838.6,1568722.8,2717.3955
27966.648,25966.02,771154.75,3078.527
2836.5,31655.82,78213.89,255.19946
21788.35,33253.14,600793.8,1872.4437
30406.35,36620.91,838427.25,2373.0186
16186.649,26119.14,446332.06,1770.9321
17042.25,24892.44,469924.47,1956.5303
15937.1,113668.984,439450.94,399.88174
32505.049,48731.31,896297.0,1906.1803
10006.8,24533.13,275928.34,1165.2489
30809.35,39866.88,849539.6,2208.6284
78685.75,99921.24,2169687.5,2250.579
6988.9497,54949.2,192713.89,362.66333
23637.5,61611.66,651782.44,1095.952
20315.85,30354.3,560191.0,1912.6555
19412.2,40762.98,535273.6,1360.6259
16769.45,27288.42,462402.22,1756.0713
13269.55,23121.99,365895.7,1639.8918
22399.049,36357.3,617633.3,1760.5173
13340.85,21422.01,367861.72,1779.6241
18445.0,36163.29,508604.0,1457.3431
19643.148,35924.91,541641.9,1562.3795
5469.9497,15666.09,150828.86,997.32446
12271.35,23061.96,338371.25,1520.4059
5773.75,26066.07,159205.88,632.332
80.6,17430.45,2222.4712,12.221338
11138.3,34078.77,307128.44,933.51013
7861.5996,21467.25,216776.42,1046.0887
14684.699,22321.59,404917.16,1880.0006
10312.149,27979.2,284348.1,1052.8115
10425.3,15463.38,287468.1,1926.6719
15800.699,31420.05,435689.8,1436.866
4225.3,8319.81,116508.77,1451.0886
13319.149,25912.95,367263.38,1468.6322
15707.699,23362.98,433125.44,1921.3538
43606.15,47892.63,1202399.6,2602.3228
8842.75,15921.87,243830.75,1586.97
-9.299999,12830.76,-256.43896,-3.0724282
243.34999,12970.83,6710.1533,52.642937
31122.45,33785.582,858173.06,2632.8518
28644.0,39367.5,789832.1,2079.3904
44.949997,29828.82,1239.4551,3.3086634
13144.0,20713.83,362433.78,1813.3295
22622.25,30041.97,623787.9,2152.0613
21182.299,22742.67,584082.5,2662.0579
4206.6997,22297.23,115995.9,538.43555
61958.15,101861.34,1708439.2,1738.1538
1202.7999,16133.28,33166.11,212.16687
15830.149,28096.65,436501.88,1609.9403
16419.15,28876.17,452743.06,1624.7737
34227.098,96644.82,943780.94,1011.606
36508.7,43701.84,1006694.0,2387.612
16524.549,23710.11,455649.3,1991.7144
17015.9,26833.41,469197.88,1812.1262
10606.649,18670.2,292468.66,1623.3448
28183.648,30589.2,777138.3,2633.378
43229.5,49765.742,1192013.9,2482.6975
29262.45,31038.99,806885.25,2694.579
10693.449,24587.94,294862.1,1242.4968
4118.35,11432.67,113559.734,1028.97
2402.5,18418.77,66246.74,371.95102
49333.4,65487.51,1360323.4,2152.93
80.6,14495.07,2222.4712,14.898776
16138.6,33791.67,445007.12,1364.5424
106.95,38194.74,2949.0483,7.006196
14695.55,89304.63,405216.34,469.50134
8472.3,14013.09,233615.92,1727.6873
2724.9,38762.85,75136.625,199.99434
34885.848,29730.51,961945.3,3354.026
16141.699,29543.46,445092.6,1561.2009
17330.549,27711.24,477874.03,1787.1558
32770.098,53930.43,903605.44,1736.3721
9410.05,32151.72,259473.52,835.8289
29267.1,29017.11,807013.5,2882.8623
61905.45,67419.78,1706986.1,2624.37
4496.55,14514.21,123988.25,884.79865
4073.4,16625.7,112320.27,699.529
2630.3499,15472.95,72529.49,485.05945
138444.45,132997.77,3817479.2,2975.324
364.25,22236.33,10043.86,45.836605
20737.45,54736.05,571816.2,1082.2554
21476.799,40451.52,592203.06,1517.0416
30542.75,44169.03,842188.4,1976.1484
20506.5,34016.13,565448.0,1722.6761
21053.648,33922.17,580535.1,1773.5684
16857.799,22654.8,464838.38,2126.5981
11107.3,20460.66,306273.62,1551.1648
12971.949,34156.2,357689.62,1084.8871
30900.799,56490.84,852061.25,1563.0142
25246.398,38706.3,696146.3,1863.948
14173.199,21995.34,390813.0,1841.4095
20554.549,25134.3,566772.9,2337.2456
35335.348,53538.06,974339.9,1886.1036
28896.648,41818.29,796798.6,1974.7418
10.849999,5035.56,299.1788,5.1607122
20926.549,28650.84,577030.44,2087.3787
26401.148,35499.48,727987.5,2125.4238
37917.65,51325.65,1045544.5,2111.3018
148579.89,229330.27,4096954.5,1851.455
33590.05,57184.23,926214.94,1678.5131
21472.148,57289.5,592074.9,1070.6414
10371.05,23673.57,285972.22,1251.5872
1714.2999,27272.76,47270.254,178.72427
2300.2,10290.36,63425.91,638.1224
55651.2,81930.51,1534530.9,1941.128
13379.6,27040.47,368930.22,1413.744
9988.199,18055.98,275415.47,1580.6672
11964.449,17290.38,329908.75,1977.505
31051.148,46344.9,856207.0,1914.6877
18266.75,32454.48,503688.9,1608.2948
18629.45,27383.25,513690.03,1944.199
18389.2,26720.31,507065.34,1966.7518
24758.148,35971.89,682683.3,1966.904
37.199997,15951.45,1025.7559,5.6679406
16578.799,15195.42,457145.22,3118.5312
25303.75,29503.44,697727.75,2451.2302
6293.0,14656.0205,173523.72,1226.6956
15052.05,50581.8,415046.5,849.8448
13767.1,24762.81,379615.2,1588.6134
10350.899,17116.38,285416.6,1728.0802
21703.1,37861.53,598443.1,1637.976
19734.6,34485.93,544163.56,1635.1963
20935.85,22855.77,577286.9,2618.0496
19499.0,32692.86,537667.06,1704.3298
3042.65,11430.93,83898.29,760.0609
37193.8,40996.14,1025585.06,2593.0396
22704.398,30215.97,626053.0,2147.436
9685.949,10450.44,267081.2,2649.0652
19565.648,22579.98,539504.9,2476.5344
12438.75,21965.76,342987.16,1618.1218
16898.1,31110.33,465949.62,1552.0386
289.85,10164.21,7992.3486,80.535866
17.05,21922.26,470.13812,1.2237606
319.3,10693.17,8804.405,84.377106
25413.799,48352.86,700762.25,1501.7836
18813.9,25115.16,518776.1,2140.864
15760.399,25241.31,434578.6,1784.2717
15252.0,74777.37,420559.94,582.184
142553.5,151877.64,3930782.2,2682.6943
33822.55,30100.26,932625.9,3211.8103
20928.1,51258.66,577073.2,1166.378
7822.8496,14618.61,215707.92,1529.058
12071.399,20948.73,332857.78,1646.589
14295.649,19144.35,394189.47,2134.0708
15478.3,23244.66,426799.97,1902.9215
40166.7,37685.79,1107560.0,3046.4565
3921.5,38798.52,108131.77,287.99216
39312.65,42459.48,1084010.4,2646.3213
7632.1997,19298.34,210450.92,1129.7817
6553.4,11446.59,180704.0,1635.9656
20765.35,39799.02,572585.5,1490.818
26551.5,44420.46,732133.3,1708.0509
15782.1,37204.68,435176.97,1211.8755
23327.5,32251.77,643234.5,2067.0625
24738.0,28329.81,682127.75,2495.7205
103.85,15678.2705,2863.5686,17.939013
8985.35,27842.61,247762.8,921.72876
5338.1997,18297.84,147195.97,833.14966
19698.95,49852.742,543180.5,1128.8037
12537.949,24570.541,345722.47,1458.0184
66.65,13356.24,1837.8129,13.268062
8980.7,17093.76,247634.6,1501.1787
13362.55,22755.72,368460.1,1677.9886
18296.2,22152.81,504500.97,2360.4624
14835.05,29795.76,409062.94,1422.5856
13370.3,14704.74,368673.78,2598.757
37767.3,54812.61,1041398.75,1969.0826
13719.05,25396.17,378290.25,1543.56
48.05,21924.871,1324.9348,5.2662153
21204.0,34989.66,584680.9,1731.7146
14813.35,17001.541,408464.56,2490.231
23597.2,25798.98,650671.2,2614.2122
28998.95,41020.5,799619.5,2020.2979
11301.05,19079.97,311616.12,1692.5192
27466.0,39435.36,757349.8,1990.4005
27421.049,33830.82,756110.3,2316.5042
14508.0,24625.35,400044.84,1683.5121
20452.25,29872.32,563952.06,1956.5872
27926.35,42894.48,770043.56,1860.4945
2662.9,12459.2705,73427.03,610.0986
17716.5,28827.45,488516.28,1756.1981
51.149998,22873.17,1410.4144,5.3939357
5257.5996,13846.05,144973.5,1084.702
17769.2,24327.81,489969.4,2087.4006
4285.75,12627.18,118175.63,969.4417
38216.797,74859.15,1053793.2,1458.6826
50204.5,70173.33,1384343.1,2044.5946
25785.799,28550.791,711019.8,2581.3281
19655.549,39742.47,541983.75,1413.0973
5130.5,16857.12,141468.84,869.21246
4946.05,9439.5,136382.8,1497.161
17059.299,22808.791,470394.56,2137.4934
13088.199,26205.27,360895.12,1427.0397
26852.2,33699.45,740424.8,2277.2744
11226.649,22795.74,309564.6,1407.1388
127.1,9072.36,3504.6663,39.056618
5821.8,14094.0,160530.8,1180.06
19283.549,21977.94,531726.25,2507.7017
5459.0996,25330.92,150529.67,615.1962
19819.85,28756.11,546514.25,1969.6943
21810.049,31877.67,601392.1,1955.2261
11773.8,21667.35,324651.75,1552.6738
11432.8,20140.5,315249.0,1622.048
40.3,29183.28,1111.2356,2.9483888
25711.398,48297.18,708968.3,1521.1342
17209.65,33221.82,474540.38,1480.1451
26212.049,29399.91,722773.25,2548.2002
26642.95,50257.29,734654.94,1514.7661
6128.6997,25761.57,168993.28,679.2131
18311.7,21308.041,504928.34,2456.1638
33782.25,39262.23,931514.6,2459.1558
19032.45,28281.96,524802.4,1923.1289
12810.75,15123.21,353244.72,2421.0303
-31.0,9524.76,-854.79663,-10.305863
308.44998,45754.17,8505.227,18.275387
4389.6,31600.14,121039.21,396.1778
22547.85,40557.66,621736.3,1588.5757
17195.7,27137.91,474155.7,1810.7257
62.0,14723.01,1709.5933,11.040487
67919.445,96806.64,1872816.6,2005.0325
8780.75,17127.69,242121.16,1464.8241
25085.2,42036.66,691701.44,1705.2332
9135.7,32022.96,251908.58,814.6979
12331.8,20309.28,340038.1,1735.1249
22095.25,23317.74,609256.3,2708.3274
142.59999,6020.4,3932.0642,66.72408
12472.85,24987.27,343927.4,1426.2362
19260.299,42971.04,531085.1,1280.5518
2675.2998,25564.08,73768.945,298.22046
75777.945,97747.984,2089507.5,2215.583
9785.149,23568.3,269816.53,1186.1024
30263.75,63076.742,834495.25,1370.8369
10715.149,9315.96,295460.44,3287.6648
10188.149,21897.03,280928.9,1329.3291
235296.19,231870.66,6488077.0,2900.47
9140.35,23303.82,252036.78,1120.4623
18680.6,20490.24,515100.44,2605.7102
14754.449,23456.94,406840.44,1797.4594
2957.4,20767.77,81547.59,406.16382
28081.35,73546.32,774317.5,1090.7068
2461.4,12508.86,67870.85,561.61774
37080.65,45622.8,1022464.94,2322.8835
9036.5,18310.89,249173.22,1410.0414
14845.899,79842.51,409362.1,530.6445
5716.4,6375.36,157624.5,2562.6982
6846.3496,25233.48,188781.83,774.7663
19375.0,25433.58,534247.9,2177.127
61203.297,111601.86,1687624.9,1567.0228
86426.445,115167.12,2383130.2,2144.691
10440.8,17075.49,287895.5,1747.2744
16622.2,30171.6,458341.94,1574.2125
4642.25,21328.05,128005.8,621.3381
683.55,30985.05,18848.266,62.076427
15940.199,26735.97,439536.4,1703.6954
9721.6,14848.29,268064.22,1871.0192
11611.05,18611.91,320164.06,1782.7316
7635.3,13109.16,210536.4,1664.3296
59445.598,115504.68,1639158.0,1470.5299
6661.9,18456.18,183695.8,1031.0608
29972.35,39514.53,826460.1,2167.767
27633.398,52648.92,761965.7,1499.6997
25539.35,45584.52,704224.2,1600.9222
5880.6997,30945.9,162154.92,542.344
4245.4497,12360.96,117064.39,981.0203
17494.85,61921.38,482404.47,806.8274
33154.5,50761.89,914205.0,1866.4702
3.1,4978.14,85.47966,0.7805064
30984.5,36453.87,854369.25,2429.2437
18113.299,48325.89,499457.66,1070.6838
23059.35,29452.98,635840.5,2237.55
88022.945,65938.17,2427152.2,3815.8755
31734.7,26669.85,875055.3,3401.2234
9561.949,30057.63,263662.0,908.5795
20556.1,35199.332,566815.6,1668.7646
13139.35,21957.06,362305.53,1709.9946
25091.398,43149.39,691872.4,1661.6438
20387.148,31901.16,562156.94,1826.2543
10657.8,16546.53,293879.1,1840.6608
17036.049,42328.11,469753.47,1149.7712
1782.5,15445.11,49150.81,328.97995
2035.1499,9506.49,56117.4,611.104
67789.25,43373.85,1869226.5,4467.706
26777.799,84137.7,738373.3,908.98285
22420.75,21931.83,618231.7,2921.9695
11694.75,16235.94,322472.03,2058.5032
19779.549,35393.34,545402.94,1596.8787
23054.7,32204.791,635712.25,2045.8593
6055.8496,31411.35,166984.52,550.2359
22355.648,29004.93,616436.56,2202.7607
17820.35,30998.1,491379.84,1642.7288
40.3,10473.93,1111.2356,10.001308
87040.25,84817.17,2400055.2,2933.1704
1805.75,20504.16,49791.906,250.80518
26181.049,34230.15,721918.5,2185.8916
5589.3,23587.44,154119.83,676.52545
6068.25,24384.36,167326.44,710.5429
11725.75,34786.95,323326.84,962.7698
6640.1997,14810.88,183097.44,1280.8857
26621.25,32250.03,734056.6,2359.192
16310.649,32290.92,449751.25,1443.2416
33517.2,33233.13,924206.1,2882.6697
25399.85,27629.46,700377.6,2627.4985
21219.5,29949.75,585108.3,2024.7737
26002.799,52926.45,717003.4,1403.7412
0.0,12853.38,0.0,-1.0
7168.75,18329.16,197671.72,1117.2782
18375.25,23217.69,506680.72,2261.889
7151.6997,33197.46,197201.58,614.96124
31902.1,41284.11,879671.2,2208.4558
18133.45,26427.99,500013.28,1960.8477
18257.45,76578.27,503432.47,680.6847
9848.699,27592.92,271568.88,1019.54047
26974.648,37170.75,743801.25,2073.93
18116.4,29019.72,499543.16,1783.9567
24211.0,44684.07,667596.2,1548.2054
31823.049,38893.35,877491.44,2338.4587
44051.0,40146.15,1214666.0,3136.335
9174.45,18962.52,252977.08,1382.353
82996.3,101727.36,2288547.0,2331.7593
84998.9,107518.08,2343766.8,2259.3765
90096.84,114057.87,2484338.0,2257.5686
17856.0,26929.98,492362.88,1894.8201
5147.55,11510.97,141938.98,1277.6088
45545.2,38191.26,1255867.2,3408.7898
17488.65,29486.91,482233.53,1694.8054
6341.05,15898.38,174848.64,1139.4001
16081.249,26512.38,443425.72,1733.2832
13399.75,22858.38,369485.84,1675.1011
27526.45,41292.81,759016.7,1905.0083
38655.45,31579.26,1065888.6,3498.9172
13423.0,21251.49,370126.94,1804.9645
496.0,12985.62,13676.746,108.2114
6544.0996,31052.041,180447.56,601.5717
17332.1,36886.26,477916.78,1342.4933
30187.799,43059.78,832400.94,2003.5118
1413.6,28116.66,38978.727,142.7513
14779.25,27866.97,407524.3,1515.3926
4198.9497,21861.36,115782.195,548.17725
85333.695,65801.58,2352998.5,3706.9446
11663.75,19247.01,321617.25,1731.7023
28746.299,33077.4,792652.9,2483.8464
20473.95,40100.91,564550.44,1458.8102
8357.6,16438.65,230453.16,1452.6652
16104.499,19822.95,444066.84,2321.8862
6244.9497,31819.38,172198.78,560.1594
28924.549,55846.17,797568.0,1479.888
17639.0,24287.791,486379.28,2075.5142
37362.75,40154.85,1030243.6,2659.4175
38235.4,40018.26,1054306.1,2730.8472
9889.0,18544.05,272680.12,1523.7434
27653.549,52354.86,762521.3,1509.2291
15450.399,17239.92,426030.62,2561.4385
593.64996,29628.72,16369.3545,56.28838
21777.5,18194.31,600494.6,3421.3262
44364.098,52832.492,1223299.4,2399.9302
49823.2,58136.01,1373829.1,2449.3909
3589.7998,24823.71,98985.445,412.47812
21930.95,20370.18,604725.9,3077.3044
21419.45,25120.38,590621.7,2436.985
63537.598,76539.12,1751991.1,2372.5388
7863.15,11110.7705,216819.17,2022.4916
10581.85,19407.96,291784.8,1557.9445
29835.95,43870.62,822699.0,1943.5319
716.1,17257.32,19745.803,117.644966
19199.85,27748.65,529418.3,1977.3584
18458.95,29939.31,508988.62,1761.8451
3.1,10651.41,85.47966,-0.16784632
24409.398,43941.09,673066.8,1587.3098
10478.0,18476.19,288921.25,1620.4926
30942.648,45695.01,853215.25,1935.144
18500.799,37265.582,510142.6,1418.4874
53774.15,54506.37,1482773.0,2819.8196
29259.35,35590.832,806799.8,2349.5828
165.84999,15902.73,4573.1616,28.818975
73978.4,69138.03,2039886.6,3058.4043
12288.399,21823.08,338841.38,1609.0089
9698.35,22968.0,267423.12,1206.3235
84806.695,112304.82,2338467.0,2158.1396
29715.049,72421.414,819365.3,1172.1633
99926.945,100592.01,2755394.0,2839.3254
20845.95,31502.7,574808.0,1891.0078
75711.3,123368.61,2087669.8,1753.7087
24345.85,29147.61,671314.56,2387.2017
5310.3,12907.32,146426.66,1175.3375
6578.1997,14330.64,181387.84,1311.4734
16380.399,27464.16,451674.53,1704.325
7492.6997,34192.74,206604.34,625.5467
9721.6,56469.09,268064.22,491.23892
10045.55,19627.2,276996.84,1462.4044
10394.3,23898.03,286613.3,1242.6041
25751.7,41220.6,710079.56,1785.2432
15070.649,35215.86,415559.38,1222.609
9208.55,16847.55,253917.34,1561.8003
12541.05,37114.2,345807.97,965.14606
20008.95,42443.82,551728.5,1346.9036
17442.15,25902.51,480951.34,1924.3389
7520.5996,19598.49,207373.66,1096.1824
72.85,7735.17,2008.7721,25.928284
44.949997,12256.561,1239.4551,9.486005
9000.85,27873.06,248190.19,922.3106
14117.399,25738.08,389274.38,1567.2942
25460.299,40354.082,702044.44,1802.952
18993.7,29924.52,523733.88,1813.8108
9868.85,17246.01,272124.5,1635.1642
32384.148,61208.85,892963.25,1511.7502
31444.85,20649.45,867062.94,4353.016
26.349998,5226.09,726.5771,13.416264
7241.5996,16819.71,199680.48,1230.0197
135510.3,138425.7,3736572.5,2798.0107
12057.449,21883.11,332473.12,1574.4165
11519.6,20118.75,317642.4,1636.1383
19860.148,43704.45,547625.44,1298.2893
11239.05,17202.51,309906.53,1867.0426
16163.399,32588.46,445690.97,1417.136
6492.9497,35070.57,179037.16,528.35645
32469.398,36879.3,895313.94,2516.3323
14697.1,27848.7,405259.06,1507.9529
22611.398,46231.8,623488.6,1397.4136
10634.55,20857.38,293237.97,1456.8348
5742.75,7855.23,158351.08,2089.3066
31217.0,33066.09,860780.25,2698.3384
3842.45,13936.53,105952.04,787.32
31392.148,46907.79,865609.75,1912.4851
29105.898,31961.19,802568.5,2602.7966
2022.7499,19026.03,55775.477,302.9786
53320.0,74979.21,1470250.2,2032.2852
14528.149,28915.32,400600.44,1435.5848
10098.25,20850.42,278450.0,1383.7784
19161.1,29753.13,528349.8,1840.3518
12210.899,26355.78,336704.38,1323.7098
49663.547,60337.98,1369426.9,2352.4011
29140.0,31105.11,803508.9,2677.5935
18629.45,32557.14,513690.03,1635.0734
1382.6,6978.27,38123.93,565.4972
6099.25,19970.85,168181.23,872.23047
27898.45,29804.46,769274.2,2675.3801
3834.7,17795.85,105738.34,615.1148
10527.6,11338.71,290288.94,2653.6956
35874.75,44127.27,989213.44,2323.5068
6069.8,17447.85,167369.17,993.67554
2335.8499,8219.76,64408.92,811.52136
30133.549,71659.29,830905.06,1201.3386
37.199997,22943.64,1025.7559,3.6358519
15741.8,24759.33,434065.72,1816.877
20808.75,26352.3,573782.25,2256.7532
150.34999,34434.6,4145.7637,11.484104
13007.6,16161.12,358672.66,2300.3076
26802.6,36901.05,739057.2,2075.7642
32813.5,41592.96,904802.25,2254.702
17346.049,31535.76,478301.44,1571.7014
17601.799,28572.541,485353.5,1760.3967
31125.549,35235.0,858258.56,2524.758
3518.5,8006.61,97019.42,1255.4867
15004.0,19547.16,413721.56,2193.6858
25136.35,34329.332,693111.9,2092.562
23274.799,22041.45,641781.3,3018.2202
3690.5498,17894.16,101763.53,588.6967
131.75,14073.99,3632.8857,25.765932
28766.45,32570.19,793208.5,2524.3115
14822.649,24688.86,408721.0,1715.6187
49.6,15959.28,1367.6746,7.8862267
49004.797,78983.82,1351262.5,1772.9832
4614.35,7111.38,127236.484,1854.2638
12505.399,21857.88,344824.94,1634.8313
52957.297,78293.914,1460249.0,1932.9569
12579.8,23278.59,346876.47,1544.1337
25912.898,46410.15,714524.5,1595.438
20562.299,26195.7,566986.56,2243.3503
2464.5,12277.44,67956.336,572.94464
49652.7,100275.33,1369127.8,1414.7864
7050.9497,16846.68,194423.48,1195.6918
6320.9,12846.42,174293.03,1405.8435
16121.55,27156.18,444537.0,1696.4114
18187.7,31081.621,501509.16,1672.1045
85208.15,31981.2,2349536.8,7616.902
6368.9497,6912.15,175617.97,2633.5332
3822.2998,23654.43,105396.42,461.0205
24682.2,37425.66,680589.06,1884.6599
15269.05,25609.32,421030.1,1703.7589
9408.5,18287.4,259430.78,1470.016
1610.45,22528.65,44406.684,203.39066
29659.25,53675.52,817826.7,1578.912
11406.449,22783.56,314522.4,1430.4556
14849.0,31464.42,409447.6,1348.3557
11266.949,21937.92,310675.8,1467.4524
26588.7,38347.86,733159.06,1981.4625
23423.6,28543.83,645884.3,2345.337
10871.699,40889.13,299777.16,759.2187
9225.6,23670.09,254387.47,1113.4066
44974.797,78534.03,1240138.9,1636.4208
19703.6,30222.93,543308.75,1863.052
36637.348,41243.22,1010241.4,2538.9226
11496.35,20916.541,317001.3,1570.517
6376.6997,25684.14,175831.66,708.87177
95092.5,96924.09,2622088.8,2804.198
20007.398,27941.791,551685.7,2046.3182
11707.149,21073.14,322813.94,1587.4403
18677.5,38483.582,515014.97,1386.6893
49.6,10235.55,1367.6746,12.8554125
100.75,9744.87,2778.089,28.560925
37587.5,61802.19,1036440.94,1737.9558
4857.6997,28129.71,133946.62,492.7583
19765.6,30754.5,545018.3,1836.597
2559.0498,15972.33,70563.46,457.09912
16684.2,23330.791,460051.53,2043.678
24049.799,61929.21,663151.2,1109.3627
15999.1,24751.5,441160.53,1847.1746
32.55,11120.34,897.53644,7.3691607
26598.0,33862.14,733415.5,2244.8645
31044.95,39987.81,856036.06,2218.7922
2311.05,11082.061,63725.09,595.26294
18179.95,13858.23,501295.47,3749.886
45081.75,77542.23,1243088.0,1661.308
19669.5,43364.28,542368.5,1295.9111
12401.55,31257.36,341961.4,1133.4169
22081.299,38520.99,608871.6,1637.9896
24.8,9309.87,683.8373,6.6165276
80.6,14207.97,2222.4712,15.220043
111.6,6938.25,3077.2678,44.989983
37782.8,73336.65,1041826.2,1472.0656
119.35,11221.26,3290.967,29.410936
22270.398,39535.41,614085.9,1609.6113
14604.1,22079.73,402694.7,1890.1676
20170.148,33113.94,556173.4,1740.595
10589.6,19910.82,291998.53,1519.6855
27157.549,48284.13,748844.56,1607.1819
24552.0,40769.94,676998.94,1720.8518
59254.95,83399.07,1633901.0,2030.4794
4302.8,58255.2,118645.766,210.18616
11502.55,19829.041,317172.28,1657.599
4031.5498,20367.57,111166.3,564.9549
34019.4,67552.89,938053.8,1438.8978
13068.05,21470.73,360339.53,1739.2552
9644.1,24988.14,265927.22,1102.5112
28413.049,47274.06,783463.8,1717.4778
18234.2,24670.59,502791.38,2112.2756
10102.899,16951.08,278578.22,1703.1101
7157.9,27495.48,197372.55,743.3434
51461.547,75184.53,1419005.1,1956.0564
8904.75,17367.81,245540.33,1464.9719
6923.8496,10101.57,190918.81,1958.7817
40.3,12650.67,1111.2356,8.108366
23457.7,26662.89,646824.6,2514.5166
18654.25,27309.3,514373.88,1952.0629
8740.45,27152.7,241009.92,919.3856
24691.5,27213.6,680845.5,2593.242
9496.85,17603.58,261866.94,1541.5084
15710.8,26908.23,433210.94,1668.4066
4428.35,13728.6,122107.7,921.28406
8914.05,17212.95,245796.77,1479.7058
19683.45,44456.13,542753.1,1264.9558
28394.45,88179.72,782950.94,919.6907
21977.45,33875.19,606008.06,1854.0027
19181.25,25460.55,528905.44,2153.0615
384.4,7634.25,10599.479,142.96802
5865.1997,27127.47,161727.52,617.19073
29450.0,41827.86,812056.8,2012.1154
23291.85,33080.01,642251.44,2012.2018
17629.7,19892.55,486122.84,2532.9814
28186.75,35557.77,777223.9,2265.5198
14112.75,31459.2,389146.16,1281.6642
30313.35,41872.23,835862.9,2068.9355
61015.75,65103.84,1682453.5,2678.6887
77.5,17231.22,2136.9917,11.859813
19060.35,26775.121,525571.7,2034.3937
72.85,26952.6,2008.7721,6.728192
38004.45,89502.99,1047937.94,1213.076
10837.6,21455.94,298836.9,1443.224
8464.55,19923.87,233402.22,1213.7284
7443.0996,10442.61,205236.66,2036.9509
17141.45,33401.91,472659.78,1466.3213
11012.75,22958.43,303666.5,1370.5214
24668.25,32040.36,680204.44,2200.3542
15896.8,24604.47,438339.72,1846.3309
28000.75,47317.56,772095.06,1690.9844
4645.35,26889.96,128091.28,492.9435
131773.25,139472.31,3633526.8,2700.396
2700.0999,20803.44,74452.78,370.10233
12.4,7111.38,341.91864,3.9855928
20422.799,44488.32,563140.0,1311.5573
1740.6499,8188.44,47996.83,606.798
34210.05,31800.24,943310.9,3074.9006
16595.85,15534.72,457615.38,3053.5347
19923.7,35258.49,549377.75,1614.6797
28989.648,45788.97,799363.06,1809.2189
53279.7,73730.76,1469139.0,2065.1511
66028.445,88129.26,1820674.0,2141.1997
35863.9,51119.46,988914.2,2004.9506
14052.3,34565.97,387479.3,1161.3788
1598.0499,9581.31,44064.766,475.8859
113.149994,6548.49,3120.0076,48.404026
16383.499,37746.69,451760.0,1240.0143
72815.9,78961.2,2007831.8,2635.7043
25776.5,23263.8,710763.44,3167.052
9399.2,21721.291,259174.34,1236.2408
20453.799,38032.05,563994.8,1536.7058
18784.45,26202.66,517964.0,2048.7554
5491.65,6480.63,151427.22,2421.895
21721.7,29265.93,598956.0,2121.1714
6141.0996,33349.71,169335.2,525.5057
305.34998,10152.03,8419.746,84.999115
11865.25,23739.69,327173.4,1428.0613
18454.299,19859.49,508860.4,2655.92
16831.45,26387.1,464111.8,1822.8068
17054.65,36227.67,470266.38,1345.0195
5138.25,17278.2,141682.55,849.2874
3808.3499,9461.25,105011.766,1149.8993
17649.85,28012.26,486678.47,1800.5315
23014.398,37804.98,634601.0,1739.6025
16977.15,28344.6,468129.4,1711.5509
28630.049,62064.93,789447.44,1317.9395
347.19998,37895.46,9573.722,25.196394
46191.547,60925.23,1273689.6,2166.7756
30995.35,62809.65,854668.44,1409.9746
3991.2498,12015.57,110055.06,948.75916
9089.2,29543.46,250626.38,878.65686
29853.0,39608.49,823169.2,2154.007
74.399994,30437.82,2051.5117,5.9888916
6403.05,22832.28,176558.23,800.8379
15045.85,21573.39,414875.53,1993.1017
52241.2,40443.69,1440503.2,3692.2722
16242.449,25508.4,447870.7,1819.6115
4663.9497,27610.32,128604.15,481.9825
21879.799,38629.74,603315.44,1618.4612
33222.7,52111.26,916085.56,1821.8558
18362.85,26297.49,506338.78,1995.5251
5846.5996,21351.541,161214.64,781.93036
16874.85,23825.82,465308.53,2024.0746
26391.85,39350.1,727731.1,1916.6661
17468.5,19160.88,481677.9,2605.6885
23104.299,34457.22,637079.9,1916.1741
9833.199,18606.69,271141.47,1510.0356
15103.199,28611.69,416456.9,1508.296
-10.849999,9971.07,-299.1788,-4.111264
21098.6,41952.27,581774.56,1436.961
49319.45,84142.92,1359938.8,1674.906
25592.049,39413.61,705677.3,1855.555
8985.35,16839.72,247762.8,1524.6295
24564.398,32851.2,677340.8,2136.9812
7779.4497,16702.26,214511.2,1330.7498
73212.695,46047.36,2018773.1,4545.013
86.799995,9731.82,2393.4304,24.502022
23693.299,24845.46,653321.06,2725.638
33307.95,42302.01,918436.25,2250.313
6798.3,30637.05,187456.89,633.4572
723.85,28921.41,19959.5,70.56127
3155.7998,15671.311,87018.29,574.7754
50615.25,70391.7,1395669.2,2054.9329
21475.25,35584.74,592160.4,1724.5337
16499.75,37890.24,454965.5,1244.0851
24634.148,91144.68,679264.1,771.7789
19765.6,50982.0,545018.3,1107.5164
21152.85,27991.38,583270.5,2159.6956
158.09999,20608.56,4359.4624,20.934774
22005.35,52932.54,606777.4,1187.6515
20157.75,26509.77,555831.5,2173.1277
20520.45,34784.34,565832.6,1685.7554
10285.8,16547.4,283621.53,1776.2859
22344.799,20412.81,616137.4,3128.8438
26348.45,30963.3,726534.4,2432.0823
31716.1,24876.78,874542.44,3644.3115
49979.75,73317.51,1378145.9,1948.1057
9391.45,25559.73,258960.64,1049.5709
58273.797,63710.1,1606846.6,2614.255
34985.05,68007.9,964680.75,1469.8627
31089.898,41213.64,857275.5,2155.8867
57464.7,94662.09,1584536.5,1734.6975
51522.0,65730.24,1420672.0,2240.1787
93406.09,69049.29,2575587.5,3866.8086
5301.0,7784.7603,146170.22,1945.9801
18.599998,7264.5,512.8779,6.3207603
10569.449,25457.94,291442.9,1186.0748
24999.95,32275.26,689350.75,2213.7178
10591.149,11800.68,292041.25,2565.168
31826.148,66659.4,877576.94,1364.1227
33907.8,42032.31,934976.56,2305.5632
11995.449,22022.31,330763.53,1556.4087
22912.1,20799.09,631780.2,3148.7026
26332.95,95731.32,726107.0,785.49225
23750.648,44961.6,654902.4,1509.3677
13802.75,31044.21,380598.22,1270.2589
19492.799,40209.66,537496.1,1385.0944
7.75,8889.66,213.69916,1.4926744
28966.398,20857.38,798721.94,3969.852
7610.5,20647.71,209852.58,1052.8778
3101.5498,14945.73,85522.4,592.34955
16126.199,22533.0,444665.2,2045.2655
24135.049,28208.88,665501.9,2445.309
1043.15,23361.24,28763.908,126.67323
4842.1997,13876.5,133519.23,996.72705
47761.7,69241.56,1316985.1,1971.2496
24821.7,53713.8,684435.6,1320.2792
6103.9,8840.94,168309.45,1973.0491
17857.549,36038.01,492405.56,1415.8048
840.1,11836.35,23164.988,201.93744
12372.1,35627.37,341149.34,991.9071
34.1,25479.69,940.27625,2.826566
27523.35,34501.59,758931.2,2279.926
26267.85,51101.19,724311.94,1468.7467
25891.2,31946.4,713926.1,2316.284
437.09998,47503.742,12052.632,25.308855
28888.898,40730.79,796584.94,2026.9495
234.04999,17832.39,6453.7144,36.527363
33493.95,45450.54,923565.0,2106.0571
28382.049,35495.13,782609.06,2285.2515
40653.4,59153.91,1120980.2,1963.9993
23814.2,29349.45,656654.75,2318.9841
28723.049,36693.12,792011.8,2237.1794
2272.3,9278.55,62656.594,699.2201
31536.299,39763.35,869584.56,2266.6536
29694.898,42302.01,818809.7,2006.1039
10016.1,21254.97,276184.78,1346.3707
24068.398,28515.121,663664.06,2412.3538
10202.1,20265.78,281313.56,1438.3793
33098.7,53096.97,912666.4,1781.3385
101215.0,94863.06,2790911.0,3049.6804
19122.35,33021.72,527281.3,1654.734
35648.45,38018.13,982973.4,2680.0127
16236.249,21697.8,447699.72,2138.533
28425.45,39555.42,783805.75,2053.7087
62111.598,84150.75,1712670.5,2109.3948
762.6,10240.7705,21027.996,211.91837
14814.899,25969.5,408507.3,1630.1133
15568.199,23916.3,429278.84,1860.2013
1556.2,10070.25,42910.79,440.84924
15515.5,31862.01,427825.72,1391.3281
18772.049,24080.73,517622.06,2227.902
29546.1,31785.45,814706.7,2656.7908
159698.05,182692.17,4403527.5,2498.3591
2799.2998,12603.69,77188.13,634.0394
49319.45,110597.88,1359938.8,1274.03
23012.85,31978.59,634558.25,2056.5957
9619.3,20724.27,265243.4,1326.1293
9924.649,16115.88,273663.12,1759.8004
2123.5,10228.59,58553.57,592.5885
10955.399,26676.81,302085.12,1173.2034
20759.148,25554.51,572414.5,2321.6882
9817.699,19815.99,270714.06,1415.5859
38931.348,54990.09,1073496.2,2023.2493
16154.1,30215.97,445434.53,1527.6047
41829.848,37416.96,1153419.8,3195.4414
31533.2,45367.02,869499.1,1986.3611
2565.25,33676.832,70734.42,216.79478
22617.6,34147.5,623659.6,1892.8109
51163.95,71902.89,1410799.1,2033.5422
15972.749,20993.1,440433.94,2174.4648
13640.0,23846.7,376110.53,1634.4419
31.0,14529.87,854.79663,5.100269
14754.449,32431.86,406840.44,1299.7689
40.3,6239.64,1111.2356,17.46692
4406.65,21368.07,121509.34,588.6472
35174.15,58785.9,969894.94,1709.8005
17.05,15990.6,470.13812,2.0486572
14394.85,20382.36,396924.8,2018.3038
3044.2,16802.31,83941.03,517.02795
13519.1,22914.93,372776.8,1685.8569
52343.5,80106.99,1443324.1,1867.2772
15129.55,38904.66,417183.5,1110.9196
61136.65,79813.8,1685787.1,2189.1438
14613.399,27891.33,402951.12,1497.0663
42054.598,54580.32,1159617.0,2202.0603
12475.949,20939.16,344012.88,1702.5831
13351.699,15573.87,368160.9,2450.2578
12263.6,22186.74,338157.53,1579.4233
59326.25,89712.664,1635867.1,1889.785
17874.6,24433.95,492875.72,2090.6626
13751.6,28685.64,379187.78,1369.685
36285.5,58862.46,1000539.5,1761.5591
243630.55,157416.94,6717889.5,4424.163
34470.45,33789.93,950491.1,2915.8135
207.7,9608.28,5727.137,60.807304
6451.0996,35508.18,177883.17,518.46265
23.25,18026.4,641.0975,2.6877623
2173.0999,8728.71,59921.242,710.83386
14151.5,24537.48,390214.66,1648.0032
23093.45,44596.2,636780.75,1479.6075
42445.2,50020.65,1170387.5,2425.209
96785.09,94638.6,2668760.5,2923.0793
4296.6,11528.37,118474.82,1064.629
123099.445,100208.34,3394354.5,3511.3777
14136.0,22367.7,389787.28,1805.9836
13238.55,25020.33,365040.9,1511.8518
35811.2,45195.63,987461.06,2264.5383
13370.3,21820.47,368673.78,1750.9675
-6.2,6169.17,-170.95932,-3.873518
110.049995,26319.24,3034.5278,10.955442
17121.299,22580.85,472104.16,2166.931
18674.4,55811.37,514929.5,955.6938
31437.1,39282.24,866849.25,2287.2065
161.2,48943.59,4444.9424,8.417122
39463.0,56547.39,1088156.1,1994.3842
4817.4,35757.87,132835.39,384.2033
20672.35,43669.65,570021.1,1352.5027
32419.799,48635.61,893946.3,1904.9213
74272.9,136195.89,2048007.2,1558.2487
31534.75,37731.03,869541.9,2388.6797
2850.45,8664.33,78598.55,939.64856
14859.85,31399.17,409746.75,1352.1478
27109.5,45455.76,747519.7,1704.2246
7669.4,32448.39,211476.69,674.7985
4839.0996,17487.0,133433.75,790.2218
11212.699,29848.83,309179.94,1073.0682
37446.45,49446.45,1032551.56,2164.3323
25678.85,32611.08,708070.8,2250.4348
22408.35,24476.58,617889.75,2616.6294
23073.299,24797.61,636225.1,2659.4119
38542.297,102486.87,1062768.6,1074.2722
33303.3,42396.84,918308.06,2244.9639
16771.0,22688.73,462444.97,2112.478
7376.4497,72003.81,203398.86,291.91452
21752.7,35214.99,599810.8,1765.1786
70072.4,79986.93,1932182.2,2503.8225
18458.95,25590.18,508988.62,2061.446
4710.4497,15710.46,129886.34,856.2796
86886.8,70996.35,2395824.0,3498.1838
6035.6997,11333.49,166428.89,1521.6951
13371.85,22230.24,368716.53,1718.8728
22729.2,21802.2,626736.9,2979.7998
25796.648,25344.84,711319.0,2909.1992
4163.3,50373.0,114799.19,235.3137
49130.348,61657.77,1354724.4,2277.3005
51043.047,80554.17,1407465.4,1810.7471
3712.25,15124.95,102361.9,700.7659
24459.0,28195.83,674434.56,2479.292
68.2,8935.7705,1880.5525,20.822342
66949.15,63430.832,1846061.5,3016.8223
33222.7,55143.21,916085.56,1721.6295
13492.75,13254.45,372050.25,2909.635
15862.699,37533.54,437399.4,1207.3884
-7.75,10140.72,-213.69916,-3.1851532
9653.399,21566.43,266183.66,1278.8262
10574.1,14342.82,291571.12,2106.938
19150.25,29207.64,528050.6,1873.6792
11970.649,22556.49,330079.72,1516.3829
111.6,23971.98,3077.2678,12.310956
19365.7,29555.64,533991.44,1872.4486
9270.55,19278.33,255626.94,1373.9442
16236.249,34667.76,447699.72,1338.0873
128460.9,134381.94,3542191.8,2732.248
189.09999,25855.53,5214.2593,19.91159
3327.8499,17012.85,91762.414,558.28815
69.75,12327.9,1923.2925,15.177227
2864.4,19051.26,78983.21,428.89163
37432.5,39597.18,1032166.94,2701.9224
12387.6,16270.74,341576.72,2175.8516
3.1,12716.79,85.47966,-0.30299938
11150.699,21497.7,307470.34,1482.0614
10646.949,28774.38,293579.88,1056.9574
1.55,18461.4,42.73983,-0.75994205
28733.898,30011.52,792310.94,2736.5088
20328.25,28972.74,560532.9,2005.1316
12675.899,19368.81,349526.34,1870.2198
30198.648,33002.582,832700.1,2615.3064
20416.6,27352.8,562969.06,2133.1777
8892.35,20208.36,245198.4,1257.1559
16846.95,37644.9,464539.22,1278.5702
52.699997,13209.21,1453.1542,10.407297
32712.748,44343.9,902024.1,2108.2698
12880.5,39618.93,355168.0,928.5633
14357.649,22192.83,395899.06,1848.7782
20990.1,17051.13,578782.8,3518.7378
216452.84,95948.82,5968489.0,6449.192
10958.5,19311.39,302170.62,1621.507
3158.9,11887.68,87103.77,758.77985
28392.898,31113.81,782908.2,2608.189
12265.149,19905.6,338200.28,1760.7593
43694.5,67652.94,1204835.9,1845.6693
113404.195,99762.9,3127017.0,3249.1924
3642.5,8109.27,100438.61,1283.3009
29327.549,29916.69,808680.3,2801.9233
23095.0,39271.8,636823.5,1680.4585
15513.949,21855.27,427782.97,2028.6223
11256.1,9375.12,310376.66,3431.8916
19330.049,29524.32,533008.44,1870.9838
505.3,5394.0,13933.185,266.84732
8912.5,18685.86,245754.03,1362.7521
32078.799,48785.25,884543.56,1879.0896
26176.398,21975.33,721790.25,3404.834
9568.149,46901.7,263832.97,582.29517
33565.25,40741.23,925531.06,2354.6174
29074.898,65223.03,801713.75,1273.5775
11290.199,11808.51,311316.9,2732.7292
117.799995,40672.5,3248.227,7.2812023
17248.4,30080.25,475608.88,1638.5187
13182.75,29791.41,363502.28,1264.2139
119.35,18545.791,3290.967,17.400349
13063.399,21408.09,360211.28,1743.7262
15306.25,25444.02,422055.84,1719.0145
1607.35,18808.53,44321.207,243.34566
31629.299,40514.16,872149.0,2231.193
70652.1,81362.4,1948167.1,2481.849
72.85,11684.1,2008.7721,16.827206
968.75,4083.78,26712.395,677.26337
53467.25,78057.27,1474310.5,1957.4995
9363.55,23406.48,258191.33,1142.8087
6548.75,31501.83,180575.8,593.3902
170171.39,178541.4,4692320.5,2724.189
40239.547,42847.5,1109568.8,2684.1997
2180.8499,11855.49,60134.94,524.9631
38322.2,70920.664,1056699.6,1543.9934
33883.0,36780.99,934292.75,2632.9495
11959.8,21601.23,329780.53,1582.0492
19917.5,20101.35,549206.8,2832.0784
1351.6,14723.01,37269.133,261.4826
34044.2,62719.17,938737.6,1551.0002
12040.399,20406.72,332003.0,1686.0061
26804.148,43908.9,739099.9,1744.4141
7943.7495,43504.35,219041.62,521.08575
15661.199,25975.59,431843.25,1722.8862
-24.8,7578.57,-683.8373,-10.3565
20027.549,26615.91,552241.3,2150.4707
7543.8496,21146.22,208014.75,1019.0213
14613.399,30940.68,402951.12,1349.4248
31688.2,34803.48,873773.1,2602.2979
23375.549,30665.76,644559.4,2178.501
18119.5,30745.8,499628.62,1684.0369
14835.05,40765.59,409062.94,1039.5052
28363.45,39402.3,782096.2,2057.1946
27247.45,40556.79,751323.5,1919.9288
4392.6997,22395.541,121124.68,559.81415
8667.6,19923.0,239001.12,1242.9218
14128.25,17935.92,389573.56,2251.235
8032.0996,17865.45,221477.8,1284.4764
10195.899,21112.291,281142.6,1379.8267
22406.799,33639.42,617847.0,1903.4971
21650.398,31238.22,596989.94,1980.6576
23499.549,31618.41,647978.56,2124.0469
14168.55,29108.46,390684.8,1390.7306
26137.648,33393.21,720721.75,2236.9858
27743.45,47458.5,765000.25,1670.458
111.6,12671.55,3077.2678,24.181606
29005.148,72119.52,799790.44,1148.9296
8387.05,16616.13,231265.22,1442.2059
24511.7,37664.91,675887.7,1859.739
10495.05,19922.13,289391.4,1505.2523
17882.35,34407.63,493089.44,1485.0001
21080.0,46679.85,581261.7,1290.1898
15518.6,28606.47,427911.2,1550.091
74.399994,7587.27,2051.5117,27.037312
22907.45,32410.11,631651.94,2019.9019
38946.848,49500.39,1073923.8,2248.6382
20311.2,20517.21,560062.75,2829.52
19562.549,27770.4,539419.4,2013.1521
32661.6,24521.82,900613.75,3807.3228
-1.55,11606.67,-42.73983,-1.3818326
23139.95,34532.91,638062.94,1914.9237
18857.299,28171.47,519972.75,1912.8986
9839.399,22509.51,271312.44,1248.8317
22084.398,39029.07,608957.06,1616.8801
25699.0,41294.55,708626.44,1778.3955
12434.1,24350.43,342858.94,1459.0131
14717.25,22768.77,405814.72,1847.1454
361.15,16195.05,9958.381,62.76088
169802.5,159701.55,4682148.5,3039.0725
404.55,35204.55,11155.096,31.856583
12260.5,11575.35,338072.06,3027.4683
122.45,32177.82,3376.4465,9.880557
71.299995,14867.43,1966.0321,12.712056
25796.648,43621.8,711319.0,1689.8641
10126.149,24498.33,279219.3,1180.8351
5947.3496,11616.24,163992.72,1462.8846
2639.65,8627.79,72785.93,873.77374
24676.0,28912.71,680418.1,2439.2534
9168.25,10506.12,252806.11,2494.1294
3724.65,15466.86,102703.81,687.5449
11597.1,20951.34,319779.4,1581.6561
9468.95,21150.57,261097.64,1279.0553
23462.35,22954.95,646952.8,2921.4302
19142.5,26244.42,527836.94,2084.5022
6756.4497,16012.35,186302.92,1205.4587
38525.25,62015.34,1062298.5,1775.2141
30331.95,33274.02,836375.75,2605.418
18975.1,39451.89,523221.0,1374.198
4347.75,13706.85,119885.23,905.9344
19336.25,41699.97,533179.4,1324.8229
19582.7,45556.68,539975.0,1228.0498
55034.297,85472.28,1517520.4,1840.014
71.299995,10094.61,1966.0321,19.195236
16231.6,25886.85,447571.5,1791.797
26038.45,32334.42,717986.44,2301.4968
40583.65,36771.42,1119057.0,3154.656
35220.65,43980.242,971177.2,2288.7534
5601.6997,35289.81,154461.75,452.8575
22874.898,53069.13,630754.4,1231.4412
66.65,10583.55,1837.8129,17.006023
12375.199,18960.78,341234.8,1865.1436
6305.4,20291.88,173865.64,887.46295
6892.8496,41197.98,190064.02,477.37872
26723.549,52846.41,736877.44,1444.8647
13010.699,25080.36,358758.12,1482.2551
16030.1,22337.25,442015.34,2050.8967
16893.45,27293.64,465821.4,1768.7252
7184.25,16483.89,198099.12,1245.1511
24632.6,27292.77,679221.4,2579.5461
26005.898,30344.73,717088.9,2449.4036
9512.35,17967.24,262294.34,1512.7545
27545.049,42675.24,759529.5,1844.5107
246.45,15810.51,6795.6333,43.5689
16195.949,31515.75,446588.47,1468.3584
28591.299,44316.06,788378.94,1843.683
17147.65,33398.43,472830.78,1467.0051
4185.0,12112.14,115397.55,986.92413
22065.799,29567.82,608444.2,2132.7786
168.95,32034.27,4658.6416,14.079688
20926.549,35035.77,577030.44,1706.7917
15.5,17427.84,427.39832,1.5429459
34975.75,49966.71,964424.3,2000.4062
16921.35,37087.23,466590.75,1303.5466
12691.399,22131.93,349953.72,1638.6049
4185.0,20622.48,115397.55,579.2345
13212.199,20598.99,364314.3,1832.9106
20036.85,31734.99,552497.8,1804.2614
19480.398,26890.83,537154.2,2070.2983
26.349998,12119.1,726.5771,5.2166905
192.2,9111.51,5299.7393,59.313152
22730.75,35250.66,626779.6,1842.7223
19195.2,23960.67,529290.06,2289.5652
26260.1,36729.66,724098.25,2043.224
3499.9,20056.11,96506.54,497.95105
29245.398,31808.94,806415.1,2627.7988
14656.8,23543.07,404147.84,1779.0208
10496.6,20185.74,289434.12,1485.8013
6204.65,16839.72,171087.55,1052.4923
29482.549,43839.3,812954.3,1921.8722
17071.7,28470.75,470736.5,1713.4579
9489.1,18385.71,261653.23,1474.6847
17380.15,32042.1,479241.75,1549.8921
18902.25,27224.041,521212.25,1984.2258
27342.0,38527.95,753930.6,2028.0995
10784.899,30081.99,297383.75,1024.0818
13162.6,26949.99,362946.66,1395.4714
39311.098,37276.89,1083967.5,3014.2578
16240.899,38385.27,447827.94,1208.7467
18130.35,26861.25,499927.8,1928.8739
100058.695,109133.67,2759027.0,2620.471
11581.6,20205.75,319352.0,1637.8625
4958.4497,13565.04,136724.72,1044.1385
7446.1997,17797.59,205322.14,1195.2513
29845.25,54589.89,822955.44,1562.1908
15541.85,28836.15,428552.28,1540.0417
47961.65,79212.63,1322498.6,1730.2057
39565.297,66670.71,1090976.9,1695.791
4801.9,17531.37,132408.0,782.1524
2072.3499,13231.83,57143.152,446.80835
60775.5,83600.04,1675828.9,2077.6006
34709.15,80743.83,957073.0,1228.0897
17122.85,14362.83,472146.9,3407.6704
26022.95,34651.23,717559.0,2146.271
30527.25,48051.84,841761.0,1815.4635
663.39996,19410.57,18292.646,96.7206
22223.898,40137.45,612803.7,1582.1405
32642.998,51191.67,900100.8,1822.2228
13516.0,32403.15,372691.34,1191.6416
-40.3,3039.78,-1111.2356,-38.90634
12382.949,27049.17,341448.5,1307.9382
11237.5,56447.34,309863.78,568.2135
5685.4,13455.42,156769.7,1207.1274
13.95,6930.42,384.65848,4.755243
5673.0,15912.3,156427.78,1018.3629
23694.85,31273.89,653363.8,2165.3123
14430.5,18204.75,397907.84,2265.4475
37311.598,38710.65,1028833.2,2754.8933
52061.4,58477.05,1435545.5,2544.5369
15574.399,25295.25,429449.8,1759.4403
14353.0,23399.52,395770.84,1752.8188
25336.299,32145.63,698625.25,2252.5654
19009.2,25350.93,524161.28,2142.9712
26622.799,50363.43,734099.3,1510.4279
61756.65,94353.24,1702883.1,1870.4401
31672.7,32872.95,873345.7,2753.8337
14591.699,24618.39,402352.75,1693.7092
4349.3,18592.77,119927.96,667.8431
28521.549,41793.06,786455.6,1950.2725
21524.85,34217.1,593528.06,1797.6469
12992.1,19173.06,358245.25,1936.4785
15360.5,16467.36,423551.75,2666.0454
36905.5,55593.0,1017635.4,1897.1039
19928.35,23598.75,549506.0,2413.5227
36335.098,55151.91,1001907.06,1882.7131
13967.05,23040.21,385128.62,1732.274
3644.0498,13340.58,100481.34,780.0136
51.149998,7071.36,1410.4144,19.68196
74934.75,101060.07,2066257.1,2119.082
6612.3,16637.01,182328.12,1135.3871
24187.75,43407.78,666955.06,1592.224
27732.6,56094.992,764701.06,1412.564
33001.05,29208.51,909973.8,3229.4824
8475.399,14821.32,233701.39,1634.017
12381.399,26458.44,341405.75,1336.995
7275.6997,11820.69,200620.77,1758.8713
52210.2,88635.6,1439648.5,1683.2097
28661.049,34562.49,790302.2,2370.0247
30761.299,34658.19,848214.7,2536.744
26443.0,35502.09,729141.56,2128.6382
91.45,16964.13,2521.65,14.413492
30593.898,53999.16,843598.75,1618.9321
181548.39,154980.06,5006031.0,3348.389
2740.4,10977.66,75564.02,712.7616
1705.0,31675.83,47013.816,152.90239
17304.2,23834.52,477147.47,2074.841
144.15,7435.02,3974.8042,54.434673
26508.1,36170.25,730936.6,2094.444
10.849999,15500.79,299.1788,1.0013583
32.55,9051.48,897.53644,9.282065
-3.1,4769.34,-85.47966,-2.8584566
16290.499,23646.6,449195.6,1968.7661
17600.25,25573.65,485310.78,1966.7736
55317.95,57340.832,1525341.9,2757.3608
18807.7,31018.11,518605.1,1732.6815
26567.0,34239.72,732560.75,2217.5098
12987.449,27214.47,358117.03,1363.4982
6142.65,27157.05,169377.95,645.72876
2650.5,12217.41,73085.11,619.29407
15230.3,25490.13,419961.6,1707.3835
22893.5,32222.19,631267.3,2030.45
14681.6,22869.69,404831.7,1834.5326
24503.95,30242.07,675674.0,2315.7202
14528.149,21020.07,400600.44,1975.1737
14791.649,12893.4,407866.2,3279.1833
127.1,12033.84,3504.6663,29.198845
16022.35,27730.38,441801.62,1651.0354
22234.75,30728.4,613102.9,2067.9084
10735.3,23824.08,296016.06,1287.389
6107.0,9588.2705,168394.94,1820.1118
117.799995,21388.95,3248.227,14.747253
14078.649,22889.7,388205.88,1757.6115
22459.5,30093.3,619300.2,2132.9255
30424.95,40759.5,838940.1,2133.2732
27173.049,28045.32,749271.94,2769.3008
82.149994,11642.34,2265.211,19.175125
24837.2,36662.67,684863.06,1935.9906
19936.1,25544.07,549719.7,2230.5112
19407.549,33341.88,535145.4,1663.2924
19497.45,26877.78,537624.3,2073.1177
59051.9,76567.83,1628302.1,2204.1418
9813.05,21620.371,270585.88,1296.7465
40538.7,54305.4,1117817.5,2133.4
20249.2,47338.44,558353.1,1222.0463
12801.449,20890.44,352988.25,1751.1067
19940.75,19970.85,549847.94,2853.92
5404.8496,17320.83,149033.78,891.2034
4787.9497,18320.46,132023.33,746.2435
15087.699,24036.36,416029.5,1793.7473
34318.55,52077.332,946302.6,1883.2096
16493.549,15268.5,454794.53,3087.636
11302.6,31846.35,311658.84,1013.7701
7615.15,25111.68,209980.8,866.06506
11849.75,21158.4,326746.03,1600.3098
31049.6,53013.45,856164.3,1673.6304
237317.39,164724.06,6543810.0,4118.282
3730.8499,10860.21,102874.77,981.2421
26319.0,37899.81,725722.4,1984.5526
16002.199,28270.65,441246.0,1617.426
135049.95,138735.42,3723879.0,2782.2747
23594.1,40754.28,650585.7,1654.3092
13409.05,25031.64,369742.28,1530.6436
13303.649,15573.87,366835.97,2441.4363
14501.8,21136.65,399873.88,1960.7097
5505.5996,30643.14,151811.88,512.71277
6313.15,17667.09,174079.33,1020.71564
3572.75,8522.5205,98515.31,1197.6256
6953.3,21825.69,191730.88,909.90265
18944.1,29032.77,522366.22,1864.6687
40403.848,88820.04,1114099.1,1299.651
32097.398,74519.85,885056.4,1230.5352
19003.0,22988.01,523990.34,2362.5771
6671.1997,19442.76,183952.23,980.05884
37.199997,9393.39,1025.7559,10.32321
10577.199,22088.43,291656.6,1368.162
5297.9,52738.53,146084.75,286.22665
44.949997,6748.59,1239.4551,18.044327
5121.1997,25299.6,141212.39,577.77136
14717.25,16423.86,405814.72,2561.126
21256.7,28435.95,586134.06,2136.3572
20207.35,55280.67,557199.2,1044.1654
2672.2,55903.59,73683.47,135.67159
13720.6,29716.59,378332.97,1319.1494
92383.09,123662.67,2547379.2,2135.0078
20618.1,34938.332,568525.25,1686.3123
20277.1,26199.18,559122.5,2211.9272
32320.6,36119.79,891210.94,2557.4868
897.44995,12928.2,24746.361,197.48203
23732.049,31767.18,654389.56,2135.0212
37080.65,40214.88,1022464.94,2635.3894
-23.25,16288.14,-641.0975,-5.0813184
114137.34,111490.5,3147232.8,2926.109
12387.6,22058.85,341576.72,1604.6588
11837.35,33525.45,326404.1,1008.5524
88.35,13040.43,2436.1704,18.371517
6068.25,15869.67,167326.44,1092.3131
24970.5,25618.02,688538.7,2785.9597
885.05,9242.88,24404.443,272.78488
36116.55,41389.38,995880.9,2493.9758
3957.15,12481.89,109114.79,905.4653
18082.299,17030.25,498602.84,3034.8591
15923.149,30783.21,439066.28,1477.986
23519.7,30227.28,648534.2,2223.7524
3450.2998,10872.39,95138.86,906.3625
196.84999,7084.41,5427.9585,78.447586
12874.3,25665.871,354997.03,1433.2227
4863.9,69509.52,134117.6,199.0734
11826.5,23721.42,326104.9,1424.4912
139.5,4344.78,3846.585,90.8027
95520.3,102833.13,2633884.8,2654.8992
80048.195,87087.87,2207255.8,2627.106
5460.65,25329.18,150572.42,615.4136
2709.4,19134.78,74709.23,403.85422
10784.899,18766.77,297383.75,1642.1439
52977.45,85914.24,1460804.8,1762.0917
13692.699,24630.57,377563.66,1588.5111
39559.098,61152.3,1090805.9,1848.6201
26959.148,43409.52,743373.9,1774.7024
59440.95,47173.14,1639029.8,3601.7983
6029.5,11061.18,166257.95,1557.5792
15574.399,22828.8,429449.8,1949.6404
151834.89,128585.13,4186708.2,3375.2126
20250.75,45487.082,558395.94,1271.9227
23880.85,31505.31,658492.56,2166.2798
8804.0,18114.27,242762.25,1388.6588
5694.6997,15961.0205,157026.14,1019.1386
12192.3,15258.93,336191.5,2283.602
28788.148,41145.78,793806.9,1999.4948
28905.95,33249.66,797055.1,2484.702
5824.9,18310.02,160616.28,908.5962
5445.15,9607.41,150145.03,1619.513
17119.75,46199.61,472061.44,1058.5175
43754.95,55871.4,1206502.8,2238.168
19875.648,25604.97,548052.8,2218.4534
17835.85,25089.06,491807.25,2031.6302
27493.898,47446.32,758119.1,1655.8485
260.4,13927.83,7180.2915,52.457233
10755.449,36880.17,296571.7,832.8437
24353.6,34480.71,671528.25,2018.4633
10230.0,21396.78,282082.9,1366.0244
23938.2,53157.87,660073.94,1286.576
117914.695,103148.07,3251389.8,3267.555
15163.649,18466.62,418123.75,2346.823
6217.05,14611.65,171429.47,1215.5616
74257.4,98137.74,2047579.9,2162.479
22723.0,21496.83,626565.94,3021.3184
387.5,37169.88,10684.958,28.807774
14639.75,25825.95,403677.72,1619.7886
14416.55,27172.71,397523.2,1515.9713
2004.1499,9523.89,55262.6,600.679
18770.5,33066.96,517579.38,1622.045
20560.75,29105.85,566943.9,2018.7966
23546.049,33374.07,649260.75,2016.2413
20478.6,34402.41,564678.6,1701.0032
173.59999,18136.02,4786.861,26.368862
20649.1,28055.76,569380.06,2103.3992
18572.1,32330.94,512108.66,1641.4481
31840.1,41756.52,877961.6,2179.214
37944.0,52983.87,1046271.06,2046.6155
5562.9497,22780.08,153393.25,697.23065
15431.8,21558.6,425517.75,2045.6567
41335.4,72872.94,1139785.8,1620.8281
4140.05,40437.6,114158.086,291.7313
6621.5996,10142.46,182584.55,1865.6746
2182.4,19969.11,60177.68,311.48175
29995.6,62906.22,827101.25,1362.3677
32328.35,74953.98,891424.7,1232.2123
23581.7,28294.14,650243.8,2382.0195
111.6,19252.23,3077.2678,15.574184
2662.9,19245.27,73427.03,394.62146
9831.649,25738.08,271098.75,1091.1926
23163.2,39855.57,638704.0,1660.7224
36406.4,52192.17,1003873.1,1993.4418
914.5,12189.57,25216.5,213.5084
15318.649,23609.19,422397.75,1854.19
32458.549,68638.65,895014.8,1351.1017
170.5,12359.22,4701.3813,38.444122
27154.45,33947.4,748759.1,2286.0916
793.6,25028.16,21882.793,89.661255
49.6,18937.291,1367.6746,6.4888096
56669.547,65887.71,1562610.9,2458.2026
10033.149,21858.75,276654.9,1311.384
11544.399,34782.6,318326.25,947.9826
13441.6,22015.35,370639.8,1744.7191
16423.799,21031.38,452871.22,2231.8257
22414.549,36413.85,618060.7,1758.9989
11637.399,25062.09,320890.66,1326.6624
5370.75,11625.811,148093.52,1319.8718
4316.75,15504.2705,119030.43,795.07605
134.84999,8199.75,3718.3652,46.02181
14680.05,28263.69,404788.94,1484.0725
38517.5,59261.79,1062084.9,1857.3706
34489.05,36466.05,951004.0,2703.2168
13167.25,20204.88,363074.88,1862.3214
1683.2999,6230.94,46415.457,771.4261
11310.35,26066.07,311872.53,1239.6505
123708.59,66639.39,3411151.2,5306.8403
27298.6,40649.88,752733.94,1919.1278
35133.848,21451.59,968783.7,4681.9033
31117.799,34531.17,858044.8,2575.5972
30535.0,69620.88,841974.7,1253.0284
95193.25,123778.38,2624866.8,2197.9246
21033.5,29634.81,579979.5,2028.3567
10998.8,21833.52,303281.84,1439.3583
16152.55,42203.7,445391.78,1093.308
18784.45,57473.94,517964.0,933.4939
44.949997,7160.1,1239.4551,16.949799
21190.049,29121.51,584296.2,2079.4966
10234.649,20525.041,282211.1,1424.732
48.05,4706.7,1324.9348,28.189445
34045.75,35465.55,938780.44,2743.7651
23648.35,37449.15,652081.6,1804.5432
21236.549,36888.0,585578.44,1645.0682
18238.85,28097.52,502919.6,1855.0021
7960.8,17612.28,219511.77,1291.3796
15887.499,22583.46,438083.25,2010.4722
9295.35,35110.59,256310.77,755.9664
21534.148,40347.12,593784.44,1525.0337
10064.149,23530.02,277509.72,1221.9362
21577.549,9168.06,594981.2,6728.359
117.799995,22749.63,3248.227,13.805391
17714.95,29761.83,488473.53,1700.8813
14219.699,26345.34,392095.2,1542.2476
25173.549,29145.871,694137.56,2468.5417
106886.445,89438.61,2947296.0,3416.0127
39109.598,45567.12,1078411.4,2453.0352
19430.799,29660.91,535786.5,1872.0751
2022.7499,12175.65,55775.477,474.00586
22165.0,31804.59,611179.6,1991.6312
10296.649,16111.53,283920.7,1826.2928
29301.2,25930.35,807953.75,3229.9185
234.04999,25008.15,6453.7144,25.75938
53175.848,54347.16,1466275.4,2796.606
2400.95,10346.04,66204.0,662.526
8061.55,20411.94,222289.86,1128.2322
9603.8,22038.84,264816.0,1244.9579
16792.7,32931.24,463043.3,1457.0131
8597.85,21294.12,237077.84,1153.4607
14641.3,27299.73,403720.44,1532.4523
13503.6,24420.03,372349.4,1580.0746
17617.299,27131.82,485780.9,1855.5618
11525.8,16095.0,317813.38,2046.5243
12241.899,32186.52,337559.2,1086.4863
23505.75,39589.35,648149.56,1696.6365
33972.9,39597.18,936771.6,2452.1118
14591.699,21162.75,402352.75,1970.4364
71224.05,107411.07,1963938.0,1894.9489
46200.848,63379.5,1273946.1,2083.2515
18266.75,28726.53,503688.9,1817.139
5125.8496,18740.67,141340.61,781.0414
16882.6,32370.09,465522.25,1490.2292
10631.449,22318.11,293152.5,1361.0219
30500.898,67772.13,841034.4,1285.7983
889.69995,11761.53,24532.662,215.28615
13579.55,33078.27,374443.66,1172.7932
19450.95,26192.22,536342.1,2122.3298
24282.299,33523.71,669562.2,2070.0315
10912.0,16656.15,300888.4,1872.1765
12.4,8495.55,341.91864,3.1732955
71.299995,6946.95,1966.0321,28.34569
15906.1,50010.21,438596.16,908.398
558.0,30692.73,15386.34,50.981365
49.6,6781.65,1367.6746,19.911987
551.8,11678.01,15215.38,134.10202
9496.85,19162.62,261866.94,1416.0125
97.649994,9010.59,2692.6094,29.986177
18314.799,34283.22,505013.8,1526.4589
13100.6,19334.01,361237.06,1936.3953
38102.098,42912.75,1050630.5,2537.701
10704.3,21379.38,295161.28,1430.5685
12489.899,30913.71,344397.56,1154.199
13691.149,32503.2,377520.9,1203.3779
5986.0996,16711.83,165061.22,1023.1626
17497.95,33617.67,482489.94,1487.2247
480.5,7966.59,13249.348,171.45267
-3.1,9441.24,-85.47966,-1.9388185
26830.5,23196.81,739826.5,3306.1165
18840.25,24275.61,519502.66,2218.042
13314.5,25028.16,367135.16,1520.055
9580.55,20268.39,264174.9,1350.5128
215.45,12086.04,5940.8364,49.969627
4136.9497,15700.89,114072.6,752.36414
21631.799,30540.48,596477.06,2024.1898
14748.25,22247.64,406669.5,1894.4202
11386.3,17890.68,313966.8,1818.7208
25480.45,49518.66,702600.06,1470.2524
71968.05,78571.44,1984453.0,2617.9307
35885.598,39188.28,989512.5,2617.261
11129.0,18490.11,306872.0,1719.9397
8664.5,34984.44,238915.66,707.13745
11738.149,20659.02,323668.72,1623.5718
3225.5498,11089.89,88941.586,830.62115
25678.85,52122.57,708070.8,1407.6359
26966.898,39218.73,743587.56,1965.0133
29825.1,31025.07,822399.8,2747.6416
17057.75,18376.14,470351.84,2653.0947
23783.2,50371.26,655799.94,1349.0083
85.25,30115.92,2350.6907,7.0937023
41034.7,104790.63,1131494.2,1118.6383
3884.2998,14096.61,107106.016,786.8563
34214.7,47800.41,943439.06,2045.5864
4175.6997,10178.13,115141.1,1172.0331
18469.799,25985.16,509287.8,2031.2905
39013.5,41086.62,1075761.6,2713.9604
34496.8,46371.87,951217.75,2126.0278
50468.0,78895.08,1391608.9,1828.0062
15487.6,20421.51,427056.4,2167.4294
19440.1,21152.31,536042.94,2626.7837
3008.5498,33063.48,82958.01,259.17026
18829.4,25882.5,519203.5,2079.0762
16448.6,20103.09,453555.1,2338.4573
43.399998,12767.25,1196.7152,8.719441
38655.45,52065.15,1065888.6,2121.8171
17956.75,37385.64,495140.97,1372.3206
29279.5,39946.92,807355.44,2094.7012
20331.35,29070.18,560618.4,1998.7122
54.25,13859.1,1495.8942,10.192155
5696.25,23735.34,157068.89,685.1872
108207.05,62761.8,2983710.2,4928.571
8755.95,20230.98,241437.31,1236.4719
30181.6,33194.85,832230.0,2598.6836
114538.8,134142.69,3158302.5,2440.3757
10439.25,20786.91,287852.78,1434.9138
16964.75,26654.19,467787.47,1818.8307
13221.5,24769.77,364570.78,1525.1871
14497.149,28153.2,399745.62,1471.3256
17530.5,20087.43,483387.5,2494.2778
15117.149,20500.68,416841.56,2107.3884
26.349998,16584.81,726.5771,3.5427523
86.799995,12561.061,2393.4304,18.757973
74.399994,9880.59,2051.5117,20.52975
46.5,24875.91,1282.195,4.344695
7872.4497,13388.43,217075.6,1680.2382
23222.1,28315.02,640328.1,2343.95
29840.6,31289.55,822827.25,2725.8247
12322.5,22451.22,339781.66,1568.3068
5449.8,16759.68,150273.25,928.74493
15972.749,25616.28,440433.94,1781.8411
17759.9,25743.3,489713.0,1971.5376
48032.95,60797.34,1324464.6,2257.9346
18111.75,33981.332,499414.94,1522.944
8221.2,20223.15,226692.08,1161.346
10135.449,18233.46,279475.75,1588.3622
26289.549,49604.79,724910.25,1514.3345
15926.249,29491.26,439151.75,1543.0778
2686.15,11912.04,74068.125,643.75256
16609.799,23516.1,458000.0,2018.5195
1844.5,8784.39,50860.4,599.3659
22952.398,47083.53,632891.4,1392.8242
947.05,11976.42,26114.037,225.09703
19512.95,27412.83,538051.75,2034.2515
31575.049,19675.05,870653.06,4587.568
32771.65,32904.27,903648.25,2846.7053
27551.25,39035.16,759700.5,2017.0612
12302.35,23181.15,339226.03,1516.407
40892.098,60271.86,1127562.1,1938.8751
15734.05,28628.22,433852.03,1570.4304
34276.7,49953.66,945148.6,1960.9171
16053.35,22824.45,442656.44,2010.0106
32922.0,32384.01,907794.06,2905.7292
22059.6,41873.1,608273.25,1505.2999
212.34999,17681.01,5855.357,33.33952
18192.35,35103.63,501637.4,1480.787
86184.65,78746.31,2376462.8,3128.3105
71890.55,90480.87,1982316.1,2270.7683
20287.95,25815.51,559421.6,2246.0173
17891.65,25430.97,493345.9,2010.576
22110.75,28320.24,609683.7,2231.3152
120256.75,69383.37,3315969.8,4954.678
15317.1,24505.291,422355.0,1786.1692
19162.648,21222.78,528392.5,2580.6792
27280.0,29475.6,752221.06,2645.2493
33921.75,46141.32,935361.25,2101.022
1443.0499,10374.75,39790.78,396.69736
9933.949,18217.8,273919.56,1558.1036
8644.35,15298.95,238360.03,1614.5474
15701.5,27230.13,432954.5,1647.6953
26799.5,33913.47,738971.7,2258.4539
13847.699,21626.46,381837.62,1829.801
25393.648,41043.12,700206.6,1768.024
21148.2,37388.25,583142.25,1616.2876
17085.65,18618.0,471121.2,2622.9011
11561.449,20503.291,318796.38,1611.2697
1359.35,10437.39,37482.832,371.38174
429.34998,22952.34,11838.933,52.485184
33701.65,45529.71,929292.1,2115.4365
17515.0,24119.01,482960.1,2075.3457
20562.299,45989.94,566986.56,1277.3735
21132.7,23057.61,582714.9,2619.5334
38145.5,54571.62,1051827.2,1997.598
15800.699,24125.1,435689.8,1871.6481
9214.75,15163.23,254088.3,1736.564
14129.8,30390.84,389616.3,1328.3591
226.29999,20986.14,6240.015,29.831947
12221.75,23958.06,337003.56,1457.5815
24480.7,22613.041,675032.9,3094.3792
68.2,16396.02,1880.5525,10.893096
35637.598,45234.78,982674.1,2251.6042
92138.195,113599.38,2540626.5,2318.064
59292.15,69741.81,1634926.8,2429.8208
15098.55,24815.01,416328.7,1738.6815
14876.899,16510.86,410216.9,2575.2722
13182.75,31396.56,363502.28,1199.5298
18088.5,39570.21,498773.84,1306.0228
14918.75,37737.12,411370.88,1129.3492
38509.75,30858.03,1061871.1,3567.2192
1815.0499,15352.89,50048.34,337.02393
21889.1,18545.791,603571.9,3373.6716
27442.75,54145.32,756708.75,1448.158
51887.797,68662.14,1430758.5,2159.712
103.85,18178.65,2863.5686,15.334049
19016.95,26608.08,524375.0,2042.5078
23293.398,36118.05,642294.1,1842.9857
10467.149,18919.02,288622.06,1580.899
12606.149,27082.23,347603.03,1329.9049
32484.898,46594.59,895741.4,1992.4026
19419.95,24442.65,535487.3,2270.6885
38751.547,64754.1,1068538.5,1710.0818
9927.75,11720.64,273748.62,2420.8572
19720.648,41803.5,543778.8,1347.8309
42787.75,61731.72,1179833.1,1980.8014
27354.398,27646.86,754272.5,2827.9832
40148.098,31560.99,1107047.1,3636.1682
10611.3,53062.17,292596.88,570.7847
27535.75,48832.23,759273.1,1611.2758
14388.649,21334.14,396753.84,1927.3855
16957.0,32239.59,467573.75,1502.8638
20043.049,21873.541,552668.75,2618.954
17781.6,34167.51,490311.34,1487.0121
9896.75,24805.44,272893.8,1139.7609
5446.6997,16590.03,150187.77,937.7183
42860.598,35849.22,1181841.8,3417.4363
26725.1,55838.34,736920.2,1367.4717
25540.898,30349.95,704266.94,2405.175
5257.5996,16643.1,144973.5,902.23816
86.799995,21164.49,2393.4304,10.726296
4956.9,23781.45,136681.98,594.9651
18849.549,22124.1,519759.06,2435.0396
29822.0,56328.15,822314.4,1512.7714
30404.799,32497.98,838384.5,2674.0676
41853.098,49367.28,1154060.9,2423.0266
2695.45,26073.9,74324.57,294.57947
345.65,57935.91,9530.982,16.058376
33735.75,57591.39,930232.44,1673.8727
38137.75,34058.76,1051613.6,3200.6602
13.95,5327.88,384.65848,6.4863267
8940.399,16474.32,246523.33,1550.6665
19331.6,26627.22,533051.2,2074.826
11595.55,23470.86,319736.7,1411.5745
16019.249,29866.23,441716.12,1532.5952
22978.75,39999.99,633618.0,1641.5385
6716.15,20237.07,185191.69,947.90283
27498.549,47502.0,758247.3,1654.1862
16078.149,28096.65,443340.25,1635.1777
20039.95,19936.92,552583.25,2873.0051
28061.2,46987.832,773761.9,1706.5356
54792.5,65085.57,1510853.1,2406.0518
145320.25,134756.9,4007073.0,3082.3591
23808.0,35681.31,656483.8,1906.7924
13554.75,17749.74,373759.84,2182.4766
158.09999,14803.92,4359.4624,29.535433
11719.55,43221.6,323155.88,774.2809
18786.0,16291.62,518006.75,3296.0007
13872.5,17232.96,382521.5,2300.674
33929.5,35266.32,935574.94,2749.8462
3608.4,5149.53,99498.33,2002.531
46.5,8229.33,1282.195,15.156136
28544.799,34124.01,787096.7,2390.7505
12331.8,26041.71,340038.1,1352.9603
11163.1,21856.14,307812.25,1459.3612
19878.75,35016.63,548138.4,1622.1691
17386.35,46700.73,479412.7,1063.4707
12152.0,17878.5,335080.28,1942.4156
11249.899,47363.67,310205.7,678.12897
26531.35,30594.42,731577.7,2478.5115
5648.1997,16746.63,155743.94,963.34314
5364.55,5467.08,147922.55,2804.607
1049.35,10928.07,28934.865,273.5528
9176.0,28850.07,253019.81,908.4012
4550.8,11140.35,125484.14,1166.9867
6951.75,12573.24,191688.14,1579.869
12156.649,23602.23,335208.5,1471.6849
9806.85,22412.94,270414.9,1250.0645
13384.25,26275.74,369058.44,1455.4248
14384.0,44096.82,396625.66,931.6558
15758.85,25124.73,434535.88,1792.379
19260.299,25211.73,531085.1,2183.2852
14875.35,24640.14,410174.16,1725.1279
4476.4,12481.89,123432.63,1024.4099
10417.55,19771.62,287254.4,1505.5111
17079.45,22549.53,470950.2,2164.6355
20546.799,28228.02,566559.2,2080.1948
25074.35,32866.86,691402.25,2180.3254
107191.8,122838.78,2955715.8,2494.026
21332.648,32569.32,588228.25,1871.7727
7285.0,13991.34,200877.22,1487.7413
28769.549,28992.75,793294.0,2836.2175
7072.65,13036.95,195021.84,1550.1548
16616.0,23184.63,458171.0,2048.1572
20542.148,30978.09,566430.94,1895.0082
9565.05,22605.21,263747.5,1208.8392
18789.1,23005.41,518092.22,2334.2046
28625.398,29074.53,789319.2,2814.0613
21169.898,40940.46,583740.56,1477.4785
59290.598,107197.05,1634884.0,1580.4374
20216.648,18508.38,557455.56,3122.1274
5550.55,9716.16,153051.33,1632.3916
66911.945,101061.81,1845035.6,1892.0651
10364.85,25003.8,285801.25,1184.2391
-12.4,6317.07,-341.91864,-6.6124825
19357.95,29305.95,533777.75,1887.6547
3324.75,12925.59,91676.94,734.4575
31106.95,47783.88,857745.7,1860.3372
56387.45,112385.734,1554832.4,1433.5652
21233.45,28335.9,585492.94,2141.5576
39187.098,50540.91,1080548.4,2215.915
56333.2,66418.414,1553336.4,2424.0735
30057.6,43773.18,828810.8,1962.3385
24832.549,35699.582,684734.8,1987.8735
2484.65,9705.72,68511.945,730.95844
4694.9497,63643.98,129458.945,209.92236
14830.399,42901.44,408934.7,987.3936
21033.5,53852.13,579979.5,1115.7543
93.0,19568.041,2564.39,12.588908
62161.2,97552.234,1714038.2,1820.9279
21338.85,26298.36,588399.25,2319.0178
55324.15,32778.12,1525512.8,4824.915
30282.35,44478.75,835008.06,1945.6416
16524.549,24992.49,455649.3,1889.4669
13156.399,19347.06,362775.7,1943.3348
22360.299,26575.02,616564.8,2404.764
71.299995,13040.43,1966.0321,14.633153
43751.848,75008.79,1206417.1,1666.7588
424.69998,24072.03,11710.714,49.44505
71366.65,71512.26,1967870.0,2852.4075
10.849999,7473.3,299.1788,3.1511292
353.4,27099.63,9744.682,36.28655
16355.6,24562.71,450990.7,1902.8782
9406.95,18547.53,259388.05,1449.1461
17056.2,44386.53,470309.1,1097.7023
15211.699,25842.48,419448.7,1682.0326
6438.6997,13447.59,177541.25,1367.9976
31573.5,45219.12,870610.4,1995.4094
62.0,31363.5,1709.5933,4.652182
34351.098,61773.48,947200.1,1588.965
15796.05,24989.88,435561.62,1806.3127
2912.45,7274.07,80308.14,1143.8009
5372.3,19049.52,148136.25,805.35297
16612.9,17409.57,458085.53,2727.3896
31434.0,27432.84,866763.8,3275.2563
2266.0999,14378.49,62485.63,449.62445
5127.4,11057.7,141383.36,1324.8102
3230.2,14977.05,89069.81,615.66907
24407.85,33612.45,673024.1,2075.244
19212.25,44223.84,529760.25,1241.1407
5862.0996,16287.2705,161642.03,1028.0912
31767.248,11605.8,875952.8,7825.246
25190.6,28590.81,694607.75,2518.1907
20306.549,26664.63,559934.5,2176.4568
12376.75,20912.19,341277.56,1691.2172
11003.449,24924.63,303410.03,1261.2607
60.449997,14278.44,1666.8534,11.104992
6192.25,15283.29,170745.62,1157.4589
73966.0,92766.36,2039544.8,2278.7678
18090.049,21246.27,498816.56,2433.4792
29800.299,77910.24,821716.0,1092.6417
12999.85,26052.15,358458.97,1425.7365
26360.85,38848.98,726876.3,1939.1208
13503.6,18434.43,372349.4,2093.4443
10791.1,50821.05,297554.7,606.1151
11615.699,14734.32,320292.28,2253.0537
1240.0,20084.82,34191.867,175.52359
5268.4497,19278.33,145272.69,780.38025
15451.949,22185.0,426073.38,1990.4657
5927.1997,6440.61,163437.11,2630.3071
8903.2,18243.03,245497.6,1394.3982
23042.299,22938.42,635370.3,2871.1777
18395.4,20177.041,507236.34,2605.7583
12575.149,25243.05,346748.25,1423.3618
11411.1,19038.21,314650.62,1712.7614
5756.6997,9526.5,158735.73,1726.783
30271.5,39981.72,834708.94,2163.8186
23564.648,42446.43,649773.6,1586.3357
7982.4995,16951.95,220110.12,1345.3818
25364.2,39318.78,699394.56,1843.4635
32146.998,38463.57,886424.06,2388.6804
23321.299,57063.3,643063.5,1167.5433
99046.55,110940.664,2731118.0,2551.687
127.1,6604.17,3504.6663,54.02706
29136.898,30183.78,803423.3,2759.061
30583.049,38758.5,843299.6,2255.1233
142.59999,17676.66,3932.0642,22.065786
26610.398,43456.5,733757.4,1749.8365
24418.7,46306.62,673323.3,1506.7468
22363.398,35305.47,616650.25,1810.1099
31533.2,18610.17,869499.1,4843.6978
24866.648,29003.19,685675.06,2450.4355
23679.35,47575.082,652936.4,1422.1124
13819.8,39812.07,381068.34,991.5126
29163.25,35556.03,804149.94,2344.1555
52.699997,12050.37,1453.1542,11.504294
39351.4,62298.96,1085078.9,1805.0443
20077.148,35280.24,553609.0,1626.1198
29144.648,47765.61,803637.0,1743.5864
6987.4,32833.8,192671.16,607.47595
4312.1,28386.36,118902.22,433.33832
19967.1,50676.63,550574.5,1125.565
31623.1,44001.992,871978.06,2053.8545
27140.5,44028.96,748374.44,1761.497
4146.25,22794.871,114329.055,519.07666
34096.9,33719.46,940190.8,2890.2341
565.75,27289.291,15600.039,58.276333
21382.25,37946.79,589596.0,1610.1182
43547.25,51130.77,1200775.6,2434.1594
25826.1,23278.59,712131.06,3171.131
8526.55,17659.26,235111.81,1379.5427
203.04999,12655.89,5598.9175,44.873222
40675.098,26533.26,1121578.6,4382.1567
12308.55,16656.15,339397.0,2111.9111
72.85,8496.42,2008.7721,23.515604
8538.95,16536.96,235453.73,1475.3787
1987.1,6765.99,54792.465,838.7255
9906.05,21271.5,273150.25,1330.5312
13993.399,23455.2,385855.2,1704.8196
8966.75,10868.91,247249.92,2357.8376
87254.15,117073.29,2405953.2,2129.9697
3840.9,14612.5205,105909.305,750.5483
18520.95,22864.47,510698.22,2315.0667
6547.1997,17681.88,180533.05,1057.7079
20876.95,30296.88,575662.75,1969.2352
17995.5,28546.44,496209.44,1801.4407
5071.5996,13235.311,139844.72,1094.6196
17961.4,37039.38,495269.2,1385.518
7990.2495,21652.56,220323.83,1054.1157
113.149994,12287.88,3120.0076,25.328527
15588.35,27543.33,429834.47,1617.2018
8941.95,17816.73,246566.1,1434.0043
20.15,14548.14,555.6178,2.9601948
16088.999,25252.621,443639.44,1820.6777
26712.7,39178.71,736578.25,1948.4703
5637.3496,16135.0205,155444.77,997.9747
23237.6,41141.43,640755.56,1613.9567
27867.45,36232.89,768419.44,2198.091
23.25,6075.21,641.0975,9.942351
10185.05,16293.36,280843.44,1786.3165
17668.45,30084.6,487191.3,1678.203
25517.648,49083.66,703625.8,1485.4583
8182.4497,27440.67,225623.56,851.58484
19729.95,29697.45,544035.3,1898.5724
54913.4,69870.57,1514186.8,2246.155
108.5,61901.37,2991.7883,4.011624
26486.398,28446.39,730338.2,2661.2246
-21.699999,6069.12,-598.3576,-11.223108
8850.5,12259.17,244044.44,2063.2188
71.299995,16513.47,1966.0321,11.345257
21844.148,32022.09,602332.44,1949.4484
10812.8,15472.08,298153.06,1997.1978
41143.2,47096.582,1134486.1,2496.8
37692.9,18538.83,1039347.2,5812.346
6330.1997,15723.51,174549.47,1150.1102
23715.0,25687.621,653919.44,2638.6616
16860.9,23176.8,464923.9,2079.062
6936.25,17925.48,191260.75,1105.3765
10330.75,24721.92,284860.97,1193.8093
37734.75,56144.582,1040501.2,1920.6868
33292.45,62116.26,918008.8,1531.4609
14015.1,52219.14,386453.56,766.38885
15109.399,31228.65,416627.88,1382.3848
110.049995,25332.66,3034.5278,11.421047
12217.1,13481.5205,336875.34,2590.0645
49.6,7415.88,1367.6746,18.123526
3154.25,23920.65,86975.555,376.0267
6006.25,10242.51,165616.84,1675.664
36483.9,37003.71,1006010.1,2818.0642
7215.25,17594.88,198953.92,1171.5033
9028.75,18430.08,248959.52,1399.7137
53502.9,62267.64,1475293.5,2455.7666
25534.7,40477.62,704096.0,1802.7019
75.95,24106.83,2094.2517,8.008172
3985.0498,10324.29,109884.1,1102.6276
45472.348,47805.63,1253858.4,2718.677
12396.899,17020.68,341833.16,2081.5007
16757.049,30501.33,462060.28,1569.8248
108.5,15364.2,2991.7883,19.19151
31540.95,48466.832,869712.8,1859.7118
153.45,33316.65,4231.243,12.169054
12897.55,22889.7,355638.12,1610.0763
23284.1,35062.74,642037.75,1897.7274
2923.2998,11558.82,80607.32,722.1175
28141.799,38091.21,775984.4,2111.3997
10753.899,20602.47,296528.94,1491.4358
29363.2,44595.332,809663.4,1881.6215
37590.598,39391.86,1036526.4,2727.4863
33084.75,45854.22,912281.7,2061.992
17535.15,22628.7,483515.72,2214.6384
64560.598,81374.58,1780199.4,2267.4426
9493.75,17529.63,261781.47,1547.51
7336.15,37136.82,202287.62,563.8231
41487.297,43058.91,1143974.2,2753.8699
11065.449,28565.58,305119.62,1106.5797
13347.05,19716.81,368032.7,1934.5197
97.649994,20314.5,2692.6094,12.744062
34937.0,49844.04,963355.8,2003.1091
51.149998,12308.76,1410.4144,10.881747
17592.5,26855.16,485097.1,1872.0476
6531.6997,14410.68,180105.64,1294.9574
32956.098,30858.9,908734.25,3052.545
9672.0,25461.42,266696.56,1085.1322
26618.148,42207.18,733971.1,1802.186
21388.45,47348.01,589766.94,1290.5956
28557.2,55046.64,787438.6,1482.3163
34100.0,29800.11,940276.3,3270.7908
19790.398,19904.73,545702.1,2841.8062
13058.75,24482.67,360083.1,1524.0773
24139.7,31460.07,665630.1,2192.9219
16715.2,34040.49,460906.3,1402.9924
12175.25,27203.16,335721.38,1278.6981
184842.14,252316.53,5096853.0,2093.6152
10860.85,87936.12,299478.0,352.13885
32788.7,54766.5,904118.4,1710.8203
15692.199,23578.74,432698.03,1901.8835
27326.5,31282.59,753503.25,2496.6428
43.399998,10178.13,1196.7152,11.19188
24.8,15735.69,683.8373,3.5062456
3332.5,18320.46,91890.64,519.0951
29.449999,11510.1,812.05676,6.315688
4484.15,16559.58,123646.33,773.24744
10453.199,27446.76,288237.4,1087.948
13145.55,23329.92,362476.5,1610.0702
5239.0,11796.33,144460.62,1268.8442
16560.2,28823.97,456632.34,1641.7094
35696.5,55259.79,984298.3,1845.9937
120.899994,11330.88,3333.7068,29.50785
13765.55,19628.07,379572.44,2004.2335
12434.1,22558.23,342858.94,1575.0077
35676.348,28196.7,983742.6,3616.6877
4992.55,17964.63,137665.0,793.60834
22953.95,59475.81,632934.1,1102.484
64202.547,51214.29,1770326.5,3583.3477
50018.5,48291.09,1379214.4,2960.5063
29.449999,6987.84,812.05676,11.050118
19559.45,24877.65,539333.94,2246.9998
23586.35,34833.06,650372.0,1935.0569
9.299999,10434.78,256.43896,1.5482886
30772.148,36398.19,848513.9,2416.2803
17527.4,30554.4,483302.03,1639.1847
5097.9497,10211.19,140571.3,1426.4739
25610.648,33451.5,706190.2,2188.0415
12888.25,31247.791,355381.72,1178.2982
4400.4497,14298.45,121338.375,878.9482
19085.148,33006.93,526255.5,1652.2533
11001.899,21003.541,303367.3,1496.6976
7320.65,16351.65,201860.22,1279.0798
14590.149,57534.84,402310.03,724.06647
27948.049,36431.25,770641.9,2192.4434
19068.1,27025.68,525785.4,2016.343
41034.7,18725.88,1131494.2,6264.532
15699.949,36728.79,432911.75,1221.1954
6702.1997,18173.43,184807.03,1053.4585
13857.0,49139.34,382094.1,805.2856
23984.7,34062.24,661356.1,2012.3074
438.65,21637.77,12095.372,56.9635
7374.9,13817.34,203356.12,1525.0919
17085.65,21958.8,471121.2,2223.7021
21910.799,65913.81,604170.25,949.4533
15207.05,20752.11,419320.5,2094.2302
24.8,11589.2705,683.8373,5.1184945
12114.8,19923.87,334054.53,1737.5676
4899.55,24303.45,135100.61,575.41766
2365.3,13077.84,65220.984,516.1294
2965.15,17574.0,81761.3,481.41968
15679.8,26003.43,432356.12,1723.0857
5290.15,20669.46,145871.05,730.7923
14498.699,34644.27,399788.38,1195.5934
31305.35,50578.32,863216.4,1768.7144
2382.3499,13241.4,65691.12,513.4233
28520.0,69221.55,786412.94,1177.0323
11423.5,16776.21,314992.56,1945.9478
17781.6,19534.98,490311.34,2601.5967
83459.75,148290.62,2301326.2,1608.2087
6161.25,18358.74,169890.83,958.5662
40529.4,54025.26,1117561.1,2143.9753
19917.5,34327.59,549206.8,1657.9774
20184.1,24262.56,556558.06,2377.6018
38041.65,71069.43,1048963.6,1529.4724
71458.1,62448.6,1970391.8,3270.7322
39525.0,56630.04,1089865.8,1994.6025
22030.148,31356.541,607461.2,2007.8074
13804.3,23206.38,380640.94,1699.8107
33839.598,19248.75,933095.94,5025.569
17908.7,22826.19,493816.0,2242.26
17225.15,25742.43,474967.75,1912.2091
14759.1,19937.791,406968.66,2115.566
7932.9,16511.73,218742.45,1372.6888
7450.8496,23789.28,205450.36,894.5163
33089.4,31450.5,912409.9,3007.2249
9712.3,15686.1,267807.78,1769.3376
48998.598,72618.03,1351091.5,1928.2485
31421.6,62242.41,866421.9,1442.414
12706.899,34888.74,350381.12,1040.3658
22284.35,28262.82,614470.56,2253.413
17794.0,28263.69,490653.28,1799.088
13919.0,22555.621,383803.7,1763.421
2278.5,18303.06,62827.555,354.93796
17724.25,33618.54,488729.97,1506.433
9389.899,18150.81,258917.89,1478.1558
37.199997,11434.41,1025.7559,8.302038
16261.05,19342.71,448383.56,2402.6997
31849.398,60009.12,878218.0,1516.5148
14308.05,25568.43,394531.38,1599.0198
18389.2,27681.66,507065.34,1898.4142
3620.7998,13697.28,99840.24,754.82135
22468.799,26949.121,619556.56,2382.8792
48845.15,26374.05,1346860.2,5294.337
41583.4,30064.59,1146624.1,3953.7012
16592.75,25750.26,457529.9,1841.4078
25370.398,41747.82,699565.5,1736.5707
32213.648,39021.24,888261.9,2359.4124
30790.75,39447.54,849026.75,2230.7695
11310.35,22612.17,311872.53,1429.1538
44.949997,15580.83,1239.4551,7.248749
27714.0,34217.97,764188.2,2314.7622
5107.25,12125.19,140827.75,1203.3357
133611.55,98645.82,3684216.2,3871.7039
14878.449,87905.67,410259.62,482.93802
5744.3,27601.621,158393.81,594.0473
16324.6,20032.62,450135.9,2328.9888
18215.6,62949.72,502278.5,826.3679
21261.35,35081.88,586262.25,1731.8341
3600.65,3765.36,99284.625,2733.1565
15262.85,25237.83,420859.12,1728.1498
58466.0,79857.3,1612146.5,2092.3303
229.4,24646.23,6325.495,25.612883
11859.05,34126.62,327002.44,992.5863
45309.598,58805.04,1249370.8,2202.0515
75.95,4862.43,2094.2517,43.66048
33650.5,56715.3,927881.75,1695.4469
20382.5,46052.582,562028.8,1264.4718
3138.75,15065.79,86548.16,594.681
19765.6,42012.3,545018.3,1344.1865
102069.05,90873.24,2814460.5,3210.4934
14019.75,20495.46,386581.78,1954.8322
7387.3,13952.19,203698.03,1512.883
15084.6,27248.4,415944.03,1581.8573
27154.45,36604.38,748759.1,2120.0796
30770.6,29947.14,848471.1,2936.8499
36200.25,37796.28,998188.75,2737.492
714.55,29149.35,19703.062,69.08947
3485.95,11641.47,96121.88,855.1746
18170.65,29893.2,501039.06,1736.9891
24651.2,40612.47,679734.25,1734.5122
27056.799,57829.77,746066.5,1336.747
141.05,26443.65,3889.3247,14.251082
12914.6,20630.31,356108.28,1788.8811
22651.7,36091.082,624599.9,1793.5265
21135.799,40749.06,582800.3,1482.0304
30669.85,35836.17,845693.06,2446.0286
16087.449,28978.83,443596.7,1586.2865
20821.148,28612.56,574124.1,2079.6401
13928.3,21215.82,384060.12,1876.0995
14570.0,15970.59,401754.44,2607.4805
31736.25,54835.23,875098.06,1653.7977
17798.65,29208.51,490781.5,1741.315
12024.899,17673.18,331575.6,1944.4305
21690.7,47501.13,598101.2,1304.6255
40944.797,40480.23,1129015.4,2891.0432
13.95,20280.57,384.65848,0.96672225
16206.8,23003.67,446887.7,2013.4159
13209.1,25883.371,364228.84,1458.1548
184.45,19276.59,5086.04,26.358824
11164.649,9717.9,307855.0,3283.8962
25911.35,30581.371,714481.75,2421.602
9259.7,21021.81,255327.77,1258.435
23150.799,20760.81,638362.1,3187.3845
53245.598,55002.27,1468198.6,2766.9106
33405.598,56345.55,921128.8,1694.1519
22643.95,52518.42,624386.2,1231.7911
4343.1,11106.42,119757.016,1117.0848
16752.4,42683.07,461932.12,1121.2003
8943.5,19286.16,246608.83,1324.8999
11798.6,23532.63,325335.6,1432.5372
10910.449,14308.0205,300845.66,2179.279
20670.799,40521.99,569978.4,1457.5305
6398.4,14026.14,176430.03,1303.3142
21980.549,30068.07,606093.5,2089.1716
108.5,17344.32,2991.7883,16.88634
21204.0,27667.74,584680.9,2190.2559
48.05,17282.55,1324.9348,6.949404
21673.648,25504.92,597631.0,2428.7246
15165.199,53778.18,418166.5,805.28955
6006.25,4257.78,165616.84,4032.3804
120.899994,18800.7,3333.7068,17.386593
49.6,27555.51,1367.6746,4.146621
21847.25,33811.68,602417.94,1846.4768
25134.799,36146.76,693069.06,1987.1768
201.5,7917.0,5556.178,71.77185
12125.649,46789.47,334353.7,739.97894
48539.797,41379.81,1338440.5,3352.9646
21763.549,25692.84,600109.94,2420.9578
1114.45,14994.45,30729.938,211.50983
18359.75,29195.46,506253.3,1797.0444
168.95,14488.98,4658.6416,32.34029
33788.45,43416.48,931685.56,2224.1672
20306.549,30075.9,559934.5,1929.4852
8996.2,17335.62,248061.98,1482.7773
13435.399,21725.64,370468.84,1767.1821
19148.7,33053.04,528007.9,1655.4445
15402.35,23273.371,424705.7,1891.242
21388.45,29398.17,589766.94,2079.2139
20255.398,33903.03,558524.06,1707.2493
55090.098,30063.72,1519059.0,5238.379
3847.0999,11078.58,106080.26,991.8836
18869.7,30412.59,520314.7,1773.0284
18555.049,30231.63,511638.5,1753.8884
25410.7,28256.73,700676.8,2570.2466
38467.9,114179.67,1060717.1,962.29364
17869.95,25396.17,492747.5,2010.8893
24372.2,35577.78,672041.1,1957.6863
5688.5,28102.74,156855.19,577.75946
15974.3,25008.15,440476.72,1825.3722
66608.15,91641.45,1836658.8,2077.1858
39046.047,38275.65,1076659.0,2915.7788
10543.1,27153.57,290716.3,1109.1721
12451.149,21858.75,343329.06,1627.6702
74387.6,61181.01,2051170.1,3475.4253
14661.449,22858.38,404276.06,1832.9202
15761.949,12432.3,434621.34,3623.9954
70641.25,40608.99,1947867.9,4972.7646
77389.945,90279.03,2133957.0,2450.019
29498.049,35368.98,813381.7,2383.623
13994.949,22883.61,385897.94,1747.6215
27290.85,24041.58,752520.2,3244.6602
134.84999,33159.18,3718.3652,10.627762
21954.2,49268.97,605366.94,1273.0695
37675.848,37672.74,1038877.06,2858.4656
19664.85,53898.242,542240.25,1042.1938
21281.5,37476.99,586817.9,1622.6279
12889.8,24353.041,355424.44,1512.359
28688.95,29329.44,791071.5,2795.79
19468.0,25082.97,536812.3,2218.174
16309.1,30942.42,449708.5,1506.0397
28564.95,37010.67,787652.4,2205.762
88.35,17006.76,2436.1704,13.853677
1745.2999,27494.61,48125.05,180.49786
1698.7999,28035.75,46842.855,172.25232
4355.5,17101.59,120098.93,727.19977
9704.55,23572.65,267594.1,1176.1072
9947.899,20013.48,274304.22,1420.2084
39977.598,58136.01,1102345.6,1965.1672
31251.1,32982.57,861720.5,2708.1296
21594.6,20558.97,595451.3,3002.2588
29859.2,35652.6,823340.1,2393.6162
15600.75,23721.42,430176.4,1879.4154
23944.398,40109.61,660244.9,1705.886
26.349998,3687.06,726.5771,19.43381
13057.199,23782.32,360040.3,1568.8016
17129.049,31456.59,472317.84,1555.9354
18384.549,23584.83,506937.12,2227.7905
22800.5,49364.67,628702.94,1319.6178
18153.6,21788.28,500568.9,2381.258
13543.899,31635.81,373460.62,1223.0911
4911.9497,24195.57,135442.52,579.45294
1780.95,33094.8,49108.066,152.86539
157645.84,118523.58,4346940.0,3802.0037
25418.45,31882.02,700890.5,2278.5664
1.55,15104.94,42.73983,-0.706599
18.599998,8404.2,512.8779,5.3279862
16518.35,34740.84,455478.38,1358.4878
61003.348,75412.47,1682111.5,2311.914
11305.699,24841.98,311744.3,1300.2484
24631.049,39258.75,679178.6,1792.8883
18925.5,25285.68,521853.34,2139.039
25836.95,32196.09,712430.25,2293.4949
92279.25,112293.51,2544516.0,2348.6243
9211.649,21576.0,254002.81,1219.7183
16195.949,21236.7,446588.47,2179.5618
55.8,10247.73,1538.6339,14.568813
21066.049,27256.23,580877.0,2208.8677
28346.398,63072.39,781626.0,1284.0132
28039.5,36701.82,773163.56,2183.3975
6178.3,32497.98,170360.97,542.5777
28205.35,35498.61,777736.7,2270.795
39799.348,48379.832,1097430.6,2351.1262
11198.75,21335.88,308795.28,1499.7485
12522.449,18041.19,345295.1,1983.6007
60335.297,65377.89,1663690.6,2637.6973
34224.0,65491.86,943695.5,1493.144
1612.0,10472.19,44449.426,439.12546
24793.799,37668.39,683666.3,1880.98
61229.65,112518.84,1688351.5,1554.9136
13808.949,21495.09,380769.16,1835.836
13219.949,23521.32,364528.0,1606.0044
16009.949,27029.16,441459.72,1692.5826
5628.05,10480.89,155188.33,1534.3549
2845.7998,40810.832,78470.33,198.3783
41490.4,56758.8,1144059.8,2089.0823
21824.0,39136.95,601776.8,1593.3966
21267.549,52113.0,586433.2,1165.8643
14554.5,22308.541,401327.03,1864.4136
10.849999,16950.21,299.1788,0.8302213
30049.85,58722.39,828597.1,1462.1456
8604.05,18445.74,237248.8,1332.6929
28078.25,48146.67,774232.06,1666.4498
43917.7,77065.47,1210990.4,1628.4039
12586.0,21275.85,347047.44,1690.4136
2165.3499,18974.7,59707.543,325.28882
49491.5,51084.66,1364682.9,2769.0596
20531.299,32796.39,566131.8,1788.9438
25900.5,57897.63,714182.6,1278.076
22070.45,21625.59,608572.44,2917.0464
299.15,23323.83,8248.787,35.672295
13002.949,17217.3,358544.44,2158.3635
17652.95,31133.82,486763.94,1620.1897
13491.199,22311.15,372007.47,1727.9307
6275.9497,39558.9,173053.58,452.61172
11253.0,27963.541,310291.2,1149.602
21644.2,26588.94,596819.0,2326.499
27239.7,36319.89,751109.8,2143.4048
17553.75,27485.041,484028.6,1825.0913
112872.55,80393.22,3112357.2,4013.3748
38405.9,60374.52,1059007.5,1817.8346
20914.148,26734.23,576688.5,2235.7708
100.75,8191.92,2778.089,34.164814
13.95,15613.89,384.65848,1.5545363
22471.898,36225.93,619642.06,1772.6554
27272.25,28263.69,752007.4,2757.9329
81863.25,87742.11,2257304.2,2666.6565
26677.049,19521.93,735595.2,3906.1853
88133.0,97199.88,2430186.8,2591.518
1083.45,33809.94,29875.14,90.624886
13641.55,25708.5,376153.25,1516.176
13818.25,24447.871,381025.6,1615.073
6076.0,35793.54,167540.14,484.3579
6182.9497,13960.0205,170489.19,1265.3643
22829.95,31913.34,629514.94,2044.416
15455.05,20215.32,426158.88,2184.9429
12020.25,22218.93,331447.4,1545.8185
48133.7,70426.5,1327242.8,1953.169
31127.1,50478.27,858301.3,1762.1254
5283.9497,11310.87,145700.08,1334.7084
88.35,19035.6,2436.1704,12.270553
41264.098,53558.07,1137819.8,2201.9084
34701.4,37876.32,956859.3,2618.559
12031.1,21867.45,331746.56,1572.0995
49601.547,41136.21,1367717.2,3446.624
34992.8,40855.2,964894.5,2447.9526
9430.2,17732.34,260029.14,1519.561
12892.899,20123.1,355509.9,1830.9125
36423.45,49207.2,1004343.3,2115.418
7209.05,17908.95,198782.95,1149.9512
12415.5,20825.19,342346.06,1703.6069
9543.35,20996.58,263149.12,1298.5747
5136.6997,14966.61,141639.8,980.31793
6175.1997,17330.4,170275.48,1017.8058
15602.3,53867.79,430219.16,827.149
1712.75,13183.11,47227.516,370.47116
27448.95,30174.21,756879.7,2599.9907
8869.1,25410.09,244557.31,996.98114
75.95,8365.92,2094.2517,24.957512
105455.8,137437.38,2907847.2,2192.8887
144.15,14469.84,3974.8042,27.483927
21844.148,39597.18,602332.44,1576.3202
294.5,28451.61,8120.568,28.59562
33662.9,51753.69,928223.6,1858.7698
47964.75,56513.46,1322584.1,2425.7178
23792.5,32751.15,656056.44,2076.1245
14529.699,30485.67,400643.16,1361.7301
13512.899,23623.98,372605.84,1634.4772
23604.95,29227.65,650884.9,2308.182
13426.1,16494.33,370212.4,2326.3633
3070.5498,13525.89,84667.6,648.0816
12345.75,21636.03,340422.75,1630.5068
29040.799,62143.23,800773.44,1335.1761
37917.65,37577.04,1045544.5,2884.1465
6916.0996,14733.45,190705.12,1341.1646
24733.35,31012.89,681999.5,2279.2878
66.65,17810.64,1837.8129,9.699651
3188.3499,12080.82,87915.83,753.60297
322.4,67880.01,8889.885,12.580073
34853.3,28997.97,961047.9,3435.571
2619.5,12274.83,72230.31,609.17145
16248.649,40562.88,448041.66,1144.348
11119.699,20269.26,306615.53,1567.5708
45672.297,63127.2,1259371.8,2067.6418
32849.15,34692.12,905785.25,2706.3367
34961.8,38080.77,964039.7,2624.0469
5604.8,19080.84,154547.23,838.8692
18600.0,26449.74,512878.0,2009.6688
11263.85,24189.48,310590.34,1330.4022
21106.35,43989.81,581988.3,1370.8608
24231.148,22773.99,668151.75,3041.1726
9468.95,17720.16,261097.64,1526.8588
120838.0,114495.484,3331997.2,3016.6172
18716.25,27819.99,516083.47,1922.5826
27506.299,32863.38,758461.0,2392.1445
20055.45,40258.38,553010.7,1423.3776
12823.149,22901.01,353586.62,1599.9917
15676.699,26992.621,432270.62,1659.5753
30152.148,33791.67,831417.94,2550.2769
27954.25,41752.17,770812.9,1913.3344
10913.55,22276.35,300931.16,1399.7834
43355.047,25788.541,1195475.8,4805.8643
14363.85,22959.3,396070.0,1787.7975
23738.25,39096.93,654560.5,1735.0212
19350.2,17520.93,533564.06,3156.7468
29978.549,28424.64,826631.06,3014.5366
10938.35,21857.88,301615.0,1429.8456
11018.949,33381.03,303837.44,942.8205
36099.5,43607.01,995410.7,2365.9758
8321.95,20512.86,229470.16,1158.973
15368.25,37457.85,423765.44,1172.0879
12885.149,34808.7,355296.22,1057.402
35797.25,42868.38,987076.44,2386.6003
24857.35,32296.14,685418.7,2199.6614
31037.2,61132.29,855822.4,1450.6465
15172.949,21739.56,418380.2,1994.5758
8018.15,18394.41,221093.16,1245.3422
6082.1997,4636.23,167711.1,3749.9795
4062.5498,13180.5,112021.09,880.2838
13122.3,27976.59,361835.4,1340.1093
2645.8499,11642.34,72956.89,648.7913
3061.25,5284.38,84411.17,1655.3563
26842.898,49668.3,740168.4,1544.2512
13888.0,24475.71,382948.9,1621.383
10640.75,20488.5,293408.94,1483.9473
5293.25,10292.97,145956.53,1469.3838
11522.699,20009.13,317727.88,1645.5503
12460.449,22526.041,343585.5,1580.6042
58624.098,101923.984,1616505.9,1643.5564
568.85,21393.3,15685.518,75.02719
3458.0498,11327.4,95352.56,871.8708
74.399994,6243.99,2051.5117,33.06902
21763.549,31385.25,600109.94,1981.6823
15540.3,32228.28,428509.56,1377.7047
669.6,11629.29,18463.607,163.63086
54.25,6732.93,1495.8942,22.037992
16423.799,22155.42,452871.22,2118.545
54925.797,63216.81,1514528.6,2483.2358
17222.049,16511.73,474882.25,2981.2307
11904.0,40751.67,328241.9,834.2115
8835.0,24666.24,243617.05,1023.12415
6483.65,19062.57,178780.72,971.4944
44.949997,3998.52,1239.4551,31.142479
32255.498,26060.85,889415.9,3537.8665
5314.9497,28495.98,146554.88,532.2913
89425.695,89139.33,2465831.8,2867.415
16901.2,29118.9,466035.1,1658.5546
14035.25,28682.16,387009.2,1398.1274
68.2,19657.65,1880.5525,8.919773
12827.8,31956.84,353714.84,1146.7236
17270.1,36185.04,476207.2,1363.6295
32894.098,68640.39,907024.6,1369.2103
71.299995,14030.49,1966.0321,13.530002
20866.1,27329.31,575363.6,2182.0396
13443.149,31035.51,370682.56,1237.4862
6049.65,10482.63,166813.56,1649.0951
5893.0996,32554.53,162496.83,516.5846
52825.547,100302.3,1456616.1,1504.8513
11439.0,19841.22,315419.97,1647.423
30669.85,38851.59,845693.06,2256.1055
143032.45,130777.53,3943989.0,3126.1624
9501.5,21858.75,261995.17,1241.8418
49124.15,78815.914,1354553.5,1781.092
10.849999,3192.9,299.1788,8.716132
6094.5996,6393.63,168053.02,2724.5032
31372.0,34874.82,865054.2,2571.0488
4216.0,28982.31,116252.34,414.9265
18747.25,28761.33,516938.28,1862.7069
482.05,4764.12,13292.088,288.30664
18737.95,36001.47,516681.8,1487.1642
28853.25,26432.34,795602.0,3120.1033
26064.799,40659.45,718713.0,1831.9131
14594.8,27795.63,402438.25,1500.3108
27678.35,42488.19,763205.2,1861.6058
12288.399,19739.43,338841.38,1778.9578
83.7,13366.68,2307.951,16.904036
79251.5,126113.46,2185287.5,1795.7804
7407.4497,14287.14,204253.66,1481.424
22476.549,47503.742,619770.25,1351.8535
22554.049,34323.24,621907.25,1877.8203
11843.55,51336.96,326575.06,658.63055
7585.6997,18906.84,209168.73,1146.1644
15653.449,14949.21,431629.53,2992.924
64145.2,77980.71,1768745.2,2350.9385
3906.0,23891.94,107704.375,466.4442
31.0,13479.78,854.79663,5.575486
13771.75,21750.0,379743.4,1809.418
162829.05,117979.83,4489862.0,3945.1455
20453.799,38210.4,563994.8,1529.5286
4507.4,39644.16,124287.43,324.0842
8256.85,16429.95,227675.08,1435.902
25106.898,75147.12,692299.75,954.2779
3067.45,10940.25,84582.125,800.67664
1027.65,5441.85,28336.51,538.9427
27591.549,42732.66,760811.75,1845.1422
12077.6,29852.31,333028.75,1155.7823
19874.1,33829.95,548010.1,1678.713
20250.75,26749.02,558395.94,2163.623
34.1,11896.38,940.27625,7.1957474
13323.8,24448.74,367391.6,1557.1908
17039.15,26383.621,469839.0,1845.5562
54.25,21032.25,1495.8942,6.3750167
14509.55,30282.09,400087.56,1368.989
44731.45,48384.18,1233428.8,2642.3738
81241.695,117272.52,2240165.5,1979.7594
21800.75,41795.67,601135.75,1490.3828
13379.6,10617.48,368930.22,3602.053
12378.3,20779.95,341320.28,1702.1993
13469.5,18740.67,371409.16,2054.0168
44109.9,35967.54,1216290.1,3505.5042
13319.149,64239.93,367263.38,591.8167
8966.75,17875.89,247249.92,1433.2219
12351.949,29764.44,340593.7,1185.552
20132.95,18565.8,555147.7,3099.5784
17091.85,85929.9,471292.12,567.7138
10442.35,16853.64,287938.25,1770.5504
13708.199,21964.89,377991.06,1783.4336
22422.299,23432.58,618274.4,2734.9556
21256.7,43182.45,586134.06,1406.465
2983.75,14055.72,82274.18,605.95764
25700.549,32219.58,708669.1,2279.7175
30378.45,57345.18,837657.94,1513.6688
21093.95,36914.1,581646.4,1632.8591
26908.0,44168.16,741963.5,1740.8915
28910.6,44921.582,797183.3,1839.1406
12488.35,19162.62,344354.8,1862.3702
34036.45,58611.9,938523.94,1659.3799
75457.1,96652.65,2080660.5,2231.2114
38973.2,49508.22,1074650.4,2249.8044
15524.8,19439.28,428082.16,2282.4675
79.049995,30175.08,2179.7312,6.4903545
17284.049,26361.871,476591.84,1873.6416
20049.25,30855.42,552839.75,1856.8715
29815.799,31749.78,822143.4,2684.0645
20664.6,26706.39,569807.44,2211.3855
5652.8496,20547.66,155872.16,785.6002
26019.85,46569.36,717473.56,1596.5466
20331.35,28156.68,560618.4,2063.5898
21721.7,34425.9,598956.0,1803.0872
13557.85,19394.91,373845.3,1997.7205
15949.499,29378.16,439792.84,1551.2849
45802.5,40116.57,1262962.0,3263.4827
33458.3,19894.291,922582.06,4807.6636
26379.45,41941.832,727389.2,1797.3215
150.34999,9469.95,4145.7637,44.394657
44717.5,42028.832,1233044.1,3041.14
35405.098,39626.76,976263.2,2553.6194
65924.6,89700.484,1817810.6,2100.366
14335.949,20731.23,395300.7,1976.1991
16254.85,15111.9,448212.6,3074.4795
6438.6997,21308.041,177541.25,862.9799
5280.8496,15927.09,145614.6,947.01746
21574.45,27318.871,594895.7,2257.0105
-7.75,16008.0,-213.69916,-2.384247
13536.149,17467.86,373246.94,2214.6667
36869.848,52652.4,1016652.3,2001.1757
27283.1,39118.68,752306.5,1993.1532
4129.1997,15271.11,113858.91,772.1153
296.05,10749.72,8163.3076,77.7439
85157.0,95515.56,2348126.5,2548.1492
60361.65,55126.68,1664417.2,3129.749
15940.199,27276.24,439536.4,1669.9299
24074.6,26943.9,663835.06,2553.745
16374.199,21150.57,451503.56,2212.538
1844.5,11562.3,50860.4,455.1245
14205.75,24565.32,391710.56,1652.4487
51859.9,64335.63,1429989.2,2303.7778
16738.45,28442.041,461547.44,1681.6874
24641.898,44164.68,679477.8,1594.321
12345.75,21142.74,340422.75,1668.5721
14421.199,19617.63,397651.38,2100.86
94556.195,139079.08,2607300.5,1942.9146
14291.0,27150.96,394061.25,1503.965
5398.65,11664.09,148862.83,1322.3761
5817.15,8236.29,160402.6,2018.4247
19871.0,19699.41,547924.6,2883.1343
20298.799,31568.82,559720.8,1837.4888
11621.899,19728.99,320463.25,1683.307
34112.4,38886.39,940618.2,2507.2085
29184.95,40102.65,804748.25,2079.8215
210.79999,32623.26,5812.6167,17.47533
26131.45,30971.13,720550.8,2411.4338
40129.5,72825.09,1106534.2,1574.5481
52971.25,114391.95,1460633.8,1323.0176
21157.5,29864.49,583398.7,2024.6212
127055.05,103043.67,3503426.8,3524.4907
15047.399,18905.97,414918.28,2274.6814
21321.799,29733.121,587929.1,2049.3706
45272.4,67727.76,1248345.0,1910.2427
23217.45,28954.47,640199.94,2291.7034
40954.098,28784.82,1129271.8,4067.0176
27117.25,44177.73,747733.4,1754.057
11288.649,18715.44,311274.2,1723.6102
3233.2998,11131.65,89155.28,829.49194
20407.299,30724.05,562712.6,1898.1361
17.05,10326.03,470.13812,3.7210646
15259.75,32213.49,420773.66,1353.4365
7097.4497,16991.97,195705.69,1193.2839
17496.4,34743.45,482447.25,1438.875
80536.445,72462.3,2220718.8,3176.8203
2724.9,6989.58,75136.625,1113.6755
410.75,15075.36,11326.056,76.90384
7698.8496,16700.52,212288.73,1317.0894
6976.55,34204.05,192371.98,582.1928
27971.299,61510.742,771283.0,1299.2015
12235.699,19073.01,337388.22,1833.25
15176.05,25791.15,418465.7,1681.4302
4073.4,17267.76,112320.27,673.4815
30043.648,38025.09,828426.1,2258.0789
14422.75,21484.65,397694.12,1918.4144
16208.35,22117.14,446930.4,2094.3606
21120.299,80557.65,582372.94,748.62195
23814.2,21681.27,656654.75,3139.5105
2493.95,20452.83,68768.39,347.64493
31812.2,47970.93,877192.3,1895.1144
81331.59,84750.18,2242644.2,2742.896
22270.398,24369.57,614085.9,2611.938
2414.9,9506.49,66588.66,725.3198
40482.9,61355.88,1116278.9,1885.5331
44049.45,88833.96,1214623.2,1416.7852
5178.55,13938.2705,142793.78,1061.3027
254.2,39474.51,7009.3325,17.412289
23541.398,31161.66,649132.5,2159.0344
17789.35,18742.41,490525.03,2712.836
26433.7,47512.44,728885.06,1589.7415
11262.3,22624.35,310547.62,1422.3116
5411.05,15636.51,149204.75,988.4429
23.25,21346.32,641.0975,2.1142173
11674.6,17414.791,321916.4,1915.782
12739.449,17180.76,351278.66,2119.1045
23708.799,26460.18,653748.44,2560.9211
16577.25,17721.9,457102.5,2673.5527
30645.049,91129.02,845009.2,960.5073
10354.0,38485.32,285502.1,768.2404
8418.05,17230.35,232120.02,1395.9034
18038.9,55931.43,497406.2,921.1533
2600.9,16984.14,71717.44,436.85373
6872.6997,15409.44,189508.4,1274.2328
7029.25,19869.06,193825.14,1010.53436
3974.2,14954.43,109584.93,758.85175
18144.299,24517.47,500312.44,2114.9895
100.75,18982.53,2778.089,14.175394
35620.55,18075.12,982204.1,5633.6694
19185.898,27219.69,529033.6,2014.3384
15686.0,25952.1,432527.1,1727.179
16354.05,26869.08,450947.97,1739.2894
25325.45,18423.99,698326.1,3929.2708
18589.15,25164.75,512578.8,2111.107
17998.6,37196.85,496294.9,1382.5074
26258.549,35497.74,724055.44,2114.0422
105919.25,110680.53,2920626.5,2735.2305
3873.45,16295.1,106806.836,678.65717
-17.05,12428.82,-470.13812,-4.922324
23766.148,38974.26,655329.8,1742.5319
21831.75,64089.42,601990.56,972.98267
20504.95,30040.23,565405.2,1950.6611
5249.8496,8368.53,144759.8,1792.687
31234.049,35204.55,861250.3,2535.7546
9627.05,14015.7,265457.1,1962.9364
19841.549,22013.61,547112.56,2576.112
32466.299,27441.541,895228.5,3381.7761
7455.5,15993.21,205578.6,1331.8772
48.05,22571.28,1324.9348,5.0867605
52.699997,3963.72,1453.1542,37.015144
74.399994,7232.31,2051.5117,28.413372
20258.5,19939.53,558609.6,2903.9683
37330.2,40321.02,1029346.1,2646.1455
2560.5999,25549.291,70606.195,285.55753
21709.299,25908.6,598614.06,2394.8018
51546.797,65453.582,1421355.8,2250.7349
100.75,20059.59,2778.089,13.360581
41464.047,40946.55,1143333.1,2894.3652
7585.6997,10196.4,209168.73,2126.1484
8377.75,30675.33,231008.8,779.88513
22175.85,29550.42,611478.75,2144.683
15134.199,31689.75,417311.7,1364.4934
36076.25,33610.71,994769.56,3067.9702
26785.549,35735.25,738587.0,2142.151
25609.1,44129.01,706147.5,1658.2778
17993.95,27509.4,496166.7,1869.227
21081.549,23564.82,581304.44,2556.9226
28382.049,40291.44,782609.06,2013.095
3794.4,30820.621,104627.11,351.00653
16389.7,23774.49,451930.97,1970.1006
20098.85,36389.49,554207.4,1578.2258
14509.55,26733.36,400087.56,1550.8488
4003.65,13551.99,110396.984,843.69904
5252.9497,29575.65,144845.28,506.8295
11169.3,19076.49,307983.22,1673.0809
25275.85,39018.63,696958.44,1851.1782
24229.6,26356.65,668109.06,2627.4822
40994.4,45748.95,1130383.0,2561.0781
17262.35,28305.45,475993.5,1742.7284
20.15,13862.58,555.6178,3.156042
22859.398,42099.3,630327.0,1551.5261
998.19995,8216.28,27524.451,346.3692
29637.549,33870.84,817228.3,2500.8733
121334.0,131276.9,3345674.0,2641.6714
81959.34,98152.53,2259954.0,2386.5142
7540.75,38942.94,207929.28,552.64935
24221.85,30027.18,667895.4,2305.438
28710.648,45780.27,791669.9,1792.1377
11235.949,20566.8,309821.03,1561.0396
9041.149,19814.25,249301.42,1303.653
21769.75,63487.38,600280.94,979.42645
2687.7,55505.13,74110.87,137.45119
8542.05,8008.35,235539.2,3048.7766
3541.75,12842.94,97660.516,787.5013
7798.05,15615.63,215024.1,1426.8267
6711.5,16876.26,185063.47,1136.0835
13133.149,27840.0,362134.6,1347.8035
12392.25,20735.58,341704.97,1707.7676
21207.1,37524.84,584766.4,1614.8887
2056.8499,3449.55,56715.754,1703.8617
16459.45,42183.69,453854.25,1114.6288
30637.299,39712.02,844795.5,2204.8577
11747.449,22040.58,323925.16,1522.9459
34400.7,57773.22,948567.8,1701.5101
42417.297,48827.01,1169618.1,2482.887
102.299995,13349.28,2820.8289,20.91123
31528.549,32717.22,869370.9,2754.3486
15011.75,20457.18,413935.28,2097.1404
420.05,17177.28,11582.494,68.91906
12272.899,31426.14,338413.97,1115.6193
48.05,16217.67,1324.9348,7.4713755
37655.7,47079.18,1038321.44,2285.9192
8884.6,13849.53,244984.7,1833.2216
393.69998,30794.52,10855.917,35.55451
29772.398,48402.45,820946.6,1757.7151
20535.95,27974.85,566260.0,2097.9204
29928.95,28761.33,825263.4,2974.305
21921.648,26781.21,604469.4,2339.4102
32954.55,39414.48,908691.56,2389.6091
12313.199,21557.73,339525.22,1632.1154
57185.7,43457.37,1576843.4,3761.4695
32205.898,57420.87,888048.2,1602.6686
14047.649,21187.98,387351.1,1894.6716
26844.45,31059.0,740211.1,2470.2463
32405.85,54512.46,893561.7,1698.7172
5012.6997,6814.71,138220.61,2102.1648
21146.648,25159.53,583099.5,2402.1897
22214.6,26311.41,612547.25,2413.034
23434.45,28903.14,646183.5,2317.2417
15568.199,50039.79,429278.84,888.5531
20246.1,33375.81,558267.7,1733.4373
13412.149,31902.03,369827.75,1201.0681
19812.1,41146.65,546300.5,1375.718
16600.5,21419.4,457743.6,2214.9648
6471.25,15547.7705,178438.8,1189.0605
11532.0,37677.09,317984.34,874.13745
15083.05,28085.34,415901.3,1534.5306
38829.047,47151.39,1070675.5,2353.5679
14224.35,31941.18,392223.44,1272.2993
12728.6,20314.5,350979.5,1790.5276
14453.75,20587.68,398548.94,2006.3456
37530.15,59892.54,1034859.5,1790.664
3995.9,6336.21,110183.28,1802.1589
32272.549,56987.61,889886.0,1618.205
17197.25,26825.58,474198.44,1831.9849
17414.25,34031.79,480182.0,1462.083
235232.64,137954.16,6486325.0,4874.4175
27644.25,48525.12,762264.9,1627.8727
8052.2495,35278.5,222033.42,651.61365
8275.45,25444.02,228187.97,928.93994
3724.65,9869.28,102703.81,1078.0684
25762.549,30758.85,710378.7,2393.7915
30671.398,38624.52,845735.75,2269.4893
17418.9,37285.59,480310.25,1334.7609
20429.0,23851.92,563311.0,2447.9097
9579.0,14316.72,264132.16,1912.047
15656.55,32333.55,431715.03,1383.4957
13616.75,22675.68,375469.44,1715.9679
23285.648,24058.11,642080.44,2766.4248
20258.5,52086.9,558609.6,1111.0588
32966.95,76954.98,909033.44,1223.8729
5353.6997,14291.49,147623.38,1070.0889
28586.648,52681.98,788250.7,1550.4941
26218.25,39132.6,722944.25,1914.6403
12795.25,21047.91,352817.3,1737.156
13412.149,26207.88,369827.75,1462.2397
14830.399,19007.76,408934.7,2229.8528
40.3,18313.5,1111.2356,5.2919126
24327.25,26896.05,670801.7,2585.1487
17981.549,31655.82,495824.75,1623.1365
22833.049,24388.71,629600.44,2675.85
144808.75,131026.35,3992968.8,3158.9858
15162.1,32940.81,418081.03,1315.055
9377.5,16489.11,258575.98,1625.0686
52.699997,27401.52,1453.1542,4.4990153
18032.7,30170.73,497235.2,1707.9286
29321.35,46410.15,808509.4,1805.4253
37031.05,105129.93,1021097.4,1006.13727
14963.699,41521.62,412610.3,1029.4185
31575.049,52714.17,870653.06,1711.6382
25867.95,32531.91,713285.06,2272.534
21414.799,36325.11,590493.5,1684.6061
22070.45,38715.87,608572.44,1628.9381
21524.85,29633.94,593528.06,2075.8242
14977.649,26987.4,412994.97,1585.8344
11880.75,18981.66,327600.8,1788.611
21543.45,25278.72,594040.9,2435.7395
11604.85,22807.92,319993.12,1453.7986
988.89996,34797.39,27268.012,80.25586
11449.85,21181.89,315719.12,1544.5535
28630.049,29009.28,789447.44,2820.8516
19946.95,33689.88,550018.9,1691.8793
21340.398,31462.68,588441.94,1938.3481
14560.699,31572.3,401497.97,1317.6362
18406.25,38037.27,507535.5,1382.5823
30318.0,32558.01,835991.1,2661.513
22515.299,29112.81,620838.75,2210.274
14390.199,36058.02,396796.6,1140.0743
22831.5,31843.74,629557.75,2049.0261
12122.55,17608.8,334268.22,1967.3993
5620.3,10312.11,154974.62,1557.3353
1593.3999,24551.4,43936.543,184.56561
7605.8496,25872.93,209724.34,839.5259
4164.85,10738.41,114841.93,1107.9408
48.05,7219.2603,1324.9348,18.030478
12333.35,14312.37,340080.84,2462.874
1777.85,11805.03,49022.586,429.60294
150.34999,11959.0205,4145.7637,34.946518
110662.25,110433.45,3051410.2,2864.153
30231.2,36466.05,833597.7,2369.3672
14914.1,33667.26,411242.66,1265.5963
29845.25,40187.04,822955.44,2122.4312
54.25,12855.99,1495.8942,11.065442
28657.95,47796.06,790216.75,1713.36
48280.95,91075.08,1331303.0,1514.7418
13020.0,24291.27,359014.6,1531.5328
14089.5,34191.0,388505.06,1177.2373
24897.648,33582.0,686529.9,2118.8286
11752.1,18598.86,324053.4,1805.6671
23930.45,28348.95,659860.25,2412.5864
30155.25,42396.84,831503.44,2032.6605
11102.649,62127.57,306145.4,509.96512
18322.549,25173.45,505227.53,2080.0962
18076.1,32184.78,498431.9,1604.8434
275.9,24942.03,7607.69,30.627794
63501.95,165900.3,1751008.1,1093.4323
20371.648,58316.97,561729.56,997.8039
2870.5999,7989.21,79154.164,1026.3486
14232.1,30777.99,392437.12,1321.1409
22231.648,22383.36,613017.4,2838.8499
41363.297,53507.61,1140555.1,2209.2866
10443.899,13672.92,287980.97,2182.9888
3.1,3344.28,85.47966,1.6503792
11879.199,14716.92,327558.06,2306.9119
52833.297,63482.16,1456829.9,2378.606
15744.899,27927.871,434151.2,1610.9481
32401.2,29239.83,893433.44,3167.3652
7125.3496,23559.6,196475.0,863.7434
3138.75,20354.52,86548.16,439.9048
7292.75,24392.19,201090.9,853.8492
37.199997,4505.73,1025.7559,22.606236
691.3,11089.89,19061.965,177.2331
-7.75,17479.17,-213.69916,-2.267739
25387.45,31652.34,700035.7,2292.3071
63.55,12212.19,1752.3331,13.878904
23353.85,30377.791,643961.06,2197.1194
18407.799,24799.35,507578.22,2121.3184
20607.25,46669.41,568226.06,1261.5155
20523.549,22169.34,565918.06,2645.9678
32619.748,40310.582,899459.7,2312.7185
24020.35,47852.61,662339.2,1434.2339
20224.398,29146.74,557669.3,1982.9678
7519.05,30768.42,207330.92,697.72577
110.049995,8657.37,3034.5278,35.3457
16916.7,16366.44,466462.5,2954.3599
7116.05,16626.57,196218.56,1222.7291
22188.25,27561.6,611820.7,2300.8003
36363.0,41196.24,1002676.44,2522.7778
28560.299,36373.832,787524.1,2244.0327
73899.35,57922.86,2037707.0,3646.8723
16019.249,29714.85,441716.12,1540.408
67669.9,80129.61,1865935.5,2413.635
3707.5999,26826.45,102233.67,394.16516
20728.148,34090.95,571559.75,1737.483
9394.55,23925.871,259046.11,1121.6831
0.0,9395.13,0.0,-1.0
11285.55,28721.31,311188.72,1122.4855
14932.699,21881.371,411755.53,1950.2494
19692.75,28075.77,543009.56,2004.5046
38692.65,35520.36,1066914.4,3113.5842
21924.75,40140.06,604554.94,1560.7289
1591.85,7322.79,43893.81,620.54785
13743.85,33055.65,378974.1,1187.808
26601.1,28268.041,733501.0,2689.6233
19181.25,27877.41,528905.44,1966.3131
15589.899,30426.51,429877.22,1464.0087
143759.39,149500.8,3964033.8,2748.424
11589.35,21908.34,319565.72,1511.5111
49877.45,49827.51,1375325.0,2861.0947
24798.45,82874.46,683794.56,854.5646
36008.05,33059.13,992889.06,3113.2766
3733.95,4397.85,102960.26,2426.5996
31117.799,18564.06,858044.8,4791.751
27509.398,23034.99,758546.5,3413.6177
99.2,26708.13,2735.349,9.61982
18192.35,30101.13,501637.4,1727.0447
375.09998,39365.76,10343.039,26.24441
33235.098,34788.69,916427.44,2730.542
5583.0996,21806.55,153948.86,731.0443
53521.5,80345.37,1475806.4,1903.6554
8077.05,25486.65,222717.27,905.1269
44.949997,16586.55,1239.4551,6.7485886
19176.6,31370.46,528777.2,1746.8319
-18.599998,4132.5,-512.8779,-13.869125
15.5,11375.25,427.39832,2.896007
24435.75,34859.16,673793.44,2003.277
57.35,17587.92,1581.3738,8.323263
22070.45,28820.49,608572.44,2188.5698
11184.8,24647.97,308410.62,1296.4662
12691.399,33924.78,349953.72,1068.6493
29560.049,44060.28,815091.3,1917.2574
15518.6,20247.51,427911.2,2190.4417
170.5,30614.43,4701.3813,14.923817
17175.549,45774.18,473600.06,1071.8502
20012.049,30190.74,551813.94,1894.2513
20360.799,29628.72,561430.4,1963.8567
5569.15,44353.47,153564.22,358.01312
26456.95,40207.05,729526.2,1880.4235
13601.25,20578.98,375042.03,1888.7483
14123.6,19500.18,389445.34,2069.884
1765.45,36935.85,48680.668,135.66467
21882.898,39993.03,603400.94,1563.4783
47462.547,63267.27,1308736.4,2143.9688
7072.65,29208.51,195021.84,691.3437
116.25,36969.78,3205.4873,7.990732
4288.85,13363.2,118261.12,916.65485
64033.598,68414.19,1765667.9,2675.1516
29298.1,56119.35,807868.3,1491.7113
25905.148,36237.24,714310.75,2042.9956
49215.598,39641.55,1357075.1,3548.7776
39354.5,56872.77,1085164.4,1977.5134
25449.45,43262.492,701745.3,1680.9608
20069.398,27997.47,553395.3,2048.5784
22733.85,40155.72,626865.1,1617.7306
14720.35,36343.38,405900.2,1157.0887
16242.449,29198.07,447870.7,1589.5465
23682.45,23594.4,653021.9,2868.8992
5694.6997,25872.93,157026.14,628.32385
96.1,14634.2705,2649.8696,17.775925
13605.899,25460.55,375170.22,1526.9475
41388.098,45147.78,1141238.9,2620.1267
27390.049,26342.73,755255.56,2971.905
14599.449,22161.51,402566.47,1882.589
51932.75,57545.28,1431998.1,2579.3618
20847.5,20970.48,574850.75,2841.4614
91070.25,72009.9,2511178.8,3615.0408
56460.297,65114.28,1556841.0,2478.2246
2338.95,10674.9,64494.406,625.4784
35837.55,43661.82,988187.7,2345.8508
20973.049,25150.83,578312.6,2383.2854
15275.25,25815.51,421201.03,1690.8295
89.899994,14534.22,2478.9102,16.685484
16509.049,21930.09,455221.9,2151.4377
37258.9,53133.51,1027380.06,2003.982
106027.75,87654.24,2923618.2,3457.5623
7.75,3947.19,213.69916,4.6138744
8914.05,27445.02,245796.77,927.668
15933.999,29499.09,439365.44,1543.4191
79645.195,84430.02,2196143.5,2696.191
43258.95,32015.13,1192826.0,3862.4001
28898.2,35193.24,796841.44,2346.797
12547.25,19367.07,345978.94,1851.395
13898.85,32707.65,383248.06,1214.0062
4840.65,11886.811,133476.5,1163.3602
27935.648,36122.4,770299.94,2210.2158
71.299995,11176.89,1966.0321,17.239693
15686.0,23338.621,432527.1,1920.7018
5259.15,18670.2,145016.25,804.40735
48.05,3949.8,1324.9348,33.78302
30519.5,42000.12,841547.3,2076.6667
17899.4,29812.291,493559.6,1715.691
12396.899,38095.56,341833.16,929.43854
123705.5,93347.52,3411066.0,3788.0925
21475.25,33658.56,592160.4,1823.2809
35329.15,49235.04,974168.94,2050.6716
14915.649,35175.84,411285.38,1211.402
3120.15,14659.5,86035.28,607.5627
28941.6,50219.88,798038.1,1646.7672
8083.2495,13122.21,222888.22,1760.2784
19922.148,25848.57,549335.0,2202.6807
55145.9,65827.68,1520597.8,2394.2656
19292.85,28683.03,531982.7,1922.1819
18894.5,36826.23,520998.56,1465.99
41367.95,60759.06,1140683.4,1945.7131
28797.45,36889.74,794063.3,2231.0166
26117.5,32834.67,720166.2,2273.301
36584.65,55355.492,1008788.2,1888.6752
12717.75,21422.88,350680.3,1696.389
21289.25,29980.2,587031.6,2029.3685
27841.1,34729.53,767692.9,2291.1155
146239.39,136787.48,4032417.5,3055.7998
65687.445,67935.69,1811271.2,2763.607
30442.0,28423.77,839410.3,3061.249
25643.2,36891.48,707087.75,1986.445
18662.0,28086.21,514587.6,1898.8269
3994.3499,15186.72,110140.55,751.023
40013.25,36592.2,1103328.8,3125.5422
29756.898,38326.11,820519.25,2218.9434
19340.898,25347.45,533307.56,2180.6814
7446.1997,17657.52,205322.14,1204.7408
13734.55,26381.88,378717.66,1487.5303
30564.45,45765.48,842786.75,1908.5347
15647.25,23973.72,431458.6,1865.1716
38970.098,41206.68,1074564.8,2703.0383
38.75,11685.84,1068.4958,8.481145
18026.5,20342.34,497064.25,2532.725
9892.1,25837.26,272765.6,1093.6896
53795.848,81646.02,1483371.2,1882.921
28985.0,26938.68,799234.9,3075.4226
26945.2,27492.0,742989.25,2801.361
18009.45,19069.53,496594.1,2699.2842
409.19998,13437.15,11283.315,86.07178
22819.1,35790.06,629215.8,1821.9933
22120.049,32946.9,609940.1,1918.6433
15083.05,21567.3,415901.3,1998.5966
36766.0,42281.13,1013788.8,2485.273
43545.7,89498.64,1200732.9,1390.1625
28926.1,27137.041,797610.75,3046.7292
24156.75,29569.56,666100.3,2334.8376
41022.297,45371.37,1131152.2,2584.1577
25356.45,55708.71,699180.9,1300.4105
12396.899,28524.69,341833.16,1241.628
88.35,8713.05,2436.1704,27.99248
24649.648,31568.82,679691.5,2231.5508
13796.55,23261.19,380427.25,1694.8506
14278.6,22481.67,393719.3,1814.959
4436.1,19732.47,122321.4,641.7896
26706.5,33381.03,736407.3,2286.5269
30632.648,51249.96,844667.25,1707.992
18138.1,33020.85,500141.5,1569.5526
27497.0,32421.42,758204.6,2423.947
4598.85,34391.97,126809.086,381.3325
13582.649,22540.83,374529.12,1721.914
534.75,16899.75,14745.242,89.47311
4598.85,15037.95,126809.086,873.3989
48.05,17275.59,1324.9348,6.9526067
25717.6,23956.32,709139.3,3068.4412
17547.549,26753.371,483857.6,1874.3699
12409.3,41695.62,342175.1,849.9534
31314.648,51084.66,863472.8,1751.6937
1497.2999,11336.97,41286.676,376.62506
37060.5,50645.31,1021909.4,2091.2861
31314.648,58154.28,863472.8,1538.6246
2858.2,12721.14,78812.25,641.41486
15196.199,27826.08,419021.28,1560.4639
38.75,16565.67,1068.4958,5.688238
26278.7,46217.01,724611.06,1624.7395
10636.1,45979.5,293280.72,660.40454
25646.299,35536.02,707173.25,2062.5022
16068.85,27182.28,443083.84,1689.2382
18068.35,26128.71,498218.22,1976.195
8845.85,17614.89,243916.22,1434.8484
3875.0,12421.86,106849.58,890.9367
12820.05,26425.38,353501.16,1386.131
15679.8,28729.14,432356.12,1559.5111
20487.898,22585.2,564935.06,2592.7163
3675.0498,11397.0,101336.13,920.98035
11395.6,47117.46,314223.25,690.51935
21977.45,32802.48,606008.06,1914.6652
20611.898,29692.23,568354.25,1983.8339
30037.45,47640.332,828255.2,1801.7573
9034.95,17818.47,249130.48,1448.7875
6993.5996,13552.86,192842.11,1474.4307
18362.85,22354.65,506338.78,2347.6658
6392.1997,20107.44,176259.06,907.9554
27777.549,13616.37,765940.5,5831.8604
88244.59,146401.86,2433264.0,1722.4176
6141.0996,18435.3,169335.2,951.456
10846.899,17222.52,299093.34,1799.7688
4257.85,28886.61,117406.32,420.4468
42693.2,109336.38,1177225.9,1115.4595
13734.55,25500.57,378717.66,1538.9745
6945.55,17740.17,191517.19,1118.4324
114098.59,59389.68,3146164.2,5492.11
9002.399,22539.96,248232.92,1140.9684
33363.75,36064.98,919974.9,2644.076
5838.8496,27337.14,161000.94,609.69336
8300.25,13974.811,228871.8,1697.2211
45833.5,32645.88,1263816.9,4013.243
19897.35,43988.07,548651.2,1292.3298
14632.0,21366.33,403464.0,1957.0453
43.399998,13090.89,1196.7152,8.479153
23181.799,33796.02,639216.9,1960.2391
103670.195,118117.29,2858610.8,2508.513
106339.3,87971.79,2932208.8,3455.2036
5096.4,6913.02,140528.56,2106.874
32836.75,33094.8,905443.3,2835.9348
3906.0,17411.31,107704.375,640.4307
8777.649,17262.541,242035.66,1452.8597
38477.2,22678.291,1060973.6,4850.1216
3969.5498,34647.75,109456.7,326.57834
26193.45,39066.48,722260.4,1916.0674
9747.949,27120.51,268790.78,1026.6954
12099.3,14786.5205,333627.12,2338.609
11417.3,23480.43,314821.6,1389.2931
22871.799,43437.36,630668.94,1504.5178
4473.3,17731.47,123347.15,720.3271
14692.449,24240.81,405130.84,1731.9899
41.85,12427.08,1153.9755,8.628871
4716.65,13465.86,130057.305,1000.4943
32060.2,37832.82,884030.7,2421.9614
68.2,6835.59,1880.5525,27.52708
16871.75,32935.59,465223.06,1463.6831
114.7,34409.37,3162.7476,8.530938
13064.949,28741.32,360254.03,1298.7206
13892.649,20289.27,383077.1,1956.797
58.899998,10014.57,1624.1135,15.816359
59027.098,90747.09,1627618.2,1858.8063
13812.05,19276.59,380854.62,2047.6931
5201.8,17252.97,143434.88,861.06256
28882.7,52129.53,796414.0,1583.1742
8755.95,22719.18,241437.31,1100.9442
89.899994,15578.22,2478.9102,15.500263
7686.4497,12680.25,211946.81,1732.193
27559.0,49537.8,759914.2,1589.6539
75573.35,102078.84,2083866.0,2115.8103
6020.1997,5755.92,166001.5,2989.5093
38.75,10912.41,1068.4958,9.153132
19745.45,33371.46,544462.7,1690.7678
20873.85,27465.03,575577.3,2172.0588
26404.25,37112.46,728073.06,2033.2441
27314.1,29926.26,753161.3,2608.657
13427.649,22375.53,370255.16,1714.8356
22155.7,31606.23,610923.1,2003.2954
8325.05,10338.21,229555.64,2301.4514
129304.09,96771.84,3565442.0,3819.43
20238.35,18098.61,558054.0,3196.2668
17883.9,36923.67,493132.2,1383.8615
24524.1,32394.45,676229.6,2163.569
21930.95,25206.51,604725.9,2486.6755
26884.75,78582.75,741322.4,977.20026
18658.9,22254.6,514502.12,2396.2607
153.45,12400.98,4231.243,34.380165
75909.695,138864.19,2093140.4,1561.9893
15425.6,36809.7,425346.8,1197.1986
22811.35,21335.88,629002.1,3055.9575
82689.4,111600.99,2280084.5,2117.5112
21329.549,25494.48,588142.8,2391.1287
41033.15,103133.28,1131451.5,1136.588
116.25,9585.66,3205.4873,33.675274
9947.899,20229.24,274304.22,1405.0502
104632.75,90205.08,2885152.2,3315.543
29234.549,32623.26,806115.94,2561.2295
27563.648,33354.06,760042.4,2361.8547
11439.0,23065.44,315419.97,1416.9971
16047.149,38146.02,442485.47,1201.8118
85578.59,83261.61,2359751.5,2937.7954
6460.4,30718.83,178139.62,600.3174
17361.549,24752.371,478728.8,2004.4906
175.15,21053.13,4829.601,22.787151
1763.8999,18645.84,48637.926,269.48364
18147.4,37271.67,500397.97,1391.1453
18226.45,25581.48,502577.66,2036.1611
43951.797,75129.72,1211930.6,1671.6838
8211.899,14086.17,226435.61,1665.8622
106.95,4955.52,2949.0483,60.707863
27875.2,38177.34,768633.1,2086.6672
1.55,24559.23,42.73983,-0.8195462
6558.05,16409.94,180832.22,1141.6592
6962.5996,11891.16,191987.31,1673.1571
19264.95,25432.71,531213.4,2164.829
24693.049,52015.56,680888.25,1356.3456
18573.65,28527.3,512151.4,1860.5966
3938.5498,7943.97,108601.91,1416.5804
3964.9,5459.25,109328.484,2075.578
9730.899,22458.18,268320.66,1237.8748
24328.799,37107.24,670844.4,1873.6104
31.0,7221.87,854.79663,11.273291
68.2,13746.87,1880.5525,13.185005
17045.35,30083.73,470009.94,1619.0306
62816.848,43368.63,1732117.1,4140.422
3620.7998,14309.76,99840.24,722.47107
9298.45,8380.71,256396.27,3171.3328
22484.299,25351.8,619984.0,2534.8264
12387.6,19607.19,341576.72,1805.4286
93.0,8111.0103,2564.39,31.783627
94147.0,91404.81,2596017.5,2944.0076
34658.0,61648.2,955662.6,1606.43
2924.8499,8114.49,80650.06,1029.6028
20036.85,27652.95,552497.8,2070.7483
54167.848,71023.32,1493628.9,2179.6682
41.85,13954.8,1153.9755,7.5747375
31292.95,28260.21,862874.44,3165.067
13502.05,21892.68,372306.7,1762.3956
46946.4,36196.35,1294504.0,3707.399
45174.75,97848.03,1245652.4,1319.0569
10540.0,24100.74,290630.84,1249.4294
30187.799,9346.41,832400.94,9233.973
11093.35,21013.98,305888.97,1508.3966
2676.8499,12814.23,73811.69,596.28345
32.55,12229.59,897.53644,6.6100597
7573.3,12159.99,208826.81,1779.7416
11477.75,32966.04,316488.47,994.4949
60138.45,69425.13,1658262.8,2475.7632
21748.049,26931.72,599682.56,2307.9004
17852.9,27110.07,492277.4,1881.8995
1207.45,18288.27,33294.33,187.77545
72.85,12378.36,2008.7721,15.827337
31898.998,37610.1,879585.7,2424.0547
19706.7,38428.77,543394.2,1465.2444
1.55,16570.02,42.73983,-0.7325407
17155.4,42986.7,473044.47,1140.0791
14659.899,24715.83,404233.3,1694.9178
1875.5,29845.35,51715.195,178.67572
12572.05,22674.81,346662.78,1584.2999
20977.7,39194.37,578440.9,1529.3231
5705.55,14533.35,157325.31,1121.4855
6922.3,28705.65,190876.08,688.4964
26195.0,32709.39,722303.2,2288.7864
40957.2,57747.992,1129357.2,2026.8805
16681.1,19433.19,459966.06,2453.311
22485.85,38581.02,620026.75,1665.4205
18629.45,34374.57,513690.03,1548.572
15109.399,23010.63,416627.88,1876.4469
39621.098,49405.56,1092515.5,2291.9768
19491.25,25297.86,537453.4,2201.9514
46748.0,56464.742,1289033.4,2366.1987
17093.4,22181.52,471334.88,2202.3635
22234.75,28385.49,613102.9,2238.674
3248.7998,12481.0205,89582.68,743.2551
6956.4,15430.32,191816.36,1288.0167
16017.699,18442.26,441673.4,2482.3333
9468.95,17050.26,261097.64,1586.888
34253.45,32392.71,944507.5,3022.4724
9682.85,34331.94,266995.72,805.4061
16402.1,24404.371,452272.9,1920.679
10143.199,9347.28,279689.44,3101.6921
12164.399,27350.19,335422.2,1270.6844
25863.299,21896.16,713156.8,3376.2637
122367.84,91777.17,3374181.2,3811.2522
22013.1,65765.914,606991.06,956.0383
25984.2,44498.76,716490.5,1668.5922
31137.95,71223.42,858600.44,1249.0176
51410.4,64766.28,1417594.8,2268.609
5225.05,51096.84,144075.97,291.37848
24703.898,30371.7,681187.4,2324.6555
15202.399,32688.51,419192.25,1328.7378
13991.85,23998.95,385812.47,1665.9858
100.75,24459.18,2778.089,10.777474
5220.4,12633.2705,143947.75,1180.5088
22330.85,33888.24,615752.75,1883.1056
1650.75,16877.13,45517.92,278.66086
26446.1,34811.31,729227.0,2171.1523
12970.399,19450.59,357646.9,1905.6439
11656.0,20966.13,321403.53,1588.572
12488.35,14831.76,344354.8,2406.4727
16916.7,26899.53,466462.5,1797.1254
11178.6,19712.46,308239.66,1620.42
18283.799,44687.55,504159.03,1168.8466
60104.348,61668.21,1657322.4,2785.7212
13824.449,30358.65,381196.53,1301.0101
2033.6,8315.46,56074.66,698.2432
17.05,13846.05,470.13812,2.5208497
8773.0,8032.71,241907.45,3121.7344
61728.75,85788.96,1702113.9,2056.3352
20539.049,38499.24,566345.5,1524.377
10684.149,18254.34,294605.66,1672.4888
8464.55,19169.58,233402.22,1261.5258
18407.799,31921.17,507578.22,1647.8154
9355.8,13138.74,257977.62,2034.9926
68.2,10754.94,1880.5525,17.13115
16333.899,20740.8,450392.34,2250.7146
2932.5999,12258.3,80863.76,683.02435
2610.2,21456.81,71973.875,346.82245
9070.6,18190.83,250113.48,1424.7142
13539.25,22731.36,373332.44,1702.0139
18355.1,22475.58,506125.1,2334.0427
23180.25,31190.371,639174.2,2123.9395
18570.549,28927.5,512065.9,1834.5358
25692.799,35246.31,708455.44,2083.2356
27828.7,30406.5,767350.94,2615.8298
20377.85,40517.64,561900.56,1437.0143
11851.3,20453.7,326788.75,1655.6971
21286.148,33204.42,586946.06,1831.9481
7895.6997,20739.06,217716.7,1087.5554
2985.2998,12321.811,82316.914,691.7275
26642.95,33318.39,734654.94,2285.374
10746.149,29044.08,296315.25,1056.8992
22862.5,22077.99,630412.5,2959.828
16228.499,27585.09,447486.0,1681.1044
9.299999,12503.64,256.43896,1.1266472
20305.0,28085.34,559891.8,2066.1514
11119.699,31306.95,306615.53,1014.5499
6618.5,13316.22,182499.08,1420.1097
10146.3,12575.85,279774.94,2305.85
3220.9,22499.07,88813.37,408.31876
19953.148,24264.3,550189.8,2350.2166
15523.25,25767.66,428039.4,1721.4896
30579.95,51741.51,843214.1,1688.844
116870.0,120430.62,3222583.2,2773.694
23318.2,48264.992,642978.0,1380.3755
9558.85,12618.48,263576.53,2164.9458
25317.7,35349.84,698112.4,2046.7915
4601.9497,12660.24,126894.555,1038.3191
53333.95,85380.93,1470634.9,1785.0428
16930.65,24619.26,466847.2,1965.2902
12475.949,19490.61,344012.88,1829.1942
10925.949,24422.64,301273.06,1278.1326
29.449999,15900.99,812.05676,4.295538
16000.649,22664.371,441203.28,2017.5659
16273.449,28233.24,448725.47,1647.0405
10843.8,5178.24,299007.88,5986.5386
24584.549,43542.63,677896.44,1613.3458
14841.25,35746.56,409233.9,1186.0944
26756.1,32461.44,737775.0,2355.6987
33331.2,58447.47,919077.3,1629.5504
10798.85,19815.12,297768.4,1557.2236
16864.0,51902.46,465009.38,928.0127
20542.148,20955.69,566430.94,2801.8052
587.45,9344.67,16198.396,178.74463
24787.6,42106.26,683495.4,1682.204
3583.5999,24923.76,98814.484,410.10706
24431.1,37905.03,673665.25,1841.872
13106.8,18977.31,361408.0,1973.7449
12059.0,20882.61,332515.9,1650.1083
31224.75,34284.96,860993.94,2603.02
31122.45,91646.67,858173.06,969.9706
134482.64,114748.65,3708235.8,3349.9478
32467.85,67725.15,895271.25,1369.732
13182.75,21789.15,363502.28,1728.8751
14407.25,32595.42,397266.75,1262.7859
22115.398,34083.12,609811.9,1854.2584
13370.3,17402.61,368673.78,2195.7253
4933.65,11392.65,136040.89,1237.2051
25595.148,45810.72,705762.8,1596.4951
13773.3,24519.21,379786.16,1605.1294
-4.6499996,15061.44,-128.21948,-1.8827453
9923.1,21643.86,273620.4,1309.8762
11907.1,19520.19,328327.38,1743.0983
22898.148,43882.8,631395.5,1490.9526
18314.799,25542.33,505013.8,2049.1736
39391.7,63985.02,1086190.1,1759.2544
1012.14996,9831.0,27909.11,293.37177
7957.6997,21140.13,219426.3,1075.289
9377.5,21213.21,258575.98,1262.9493
9227.149,57831.51,254430.2,455.19653
38497.348,47311.47,1061529.1,2325.5552
22064.25,31780.23,608401.5,1984.0941
27718.648,32536.26,764316.4,2434.8662
5376.9497,17179.89,148264.47,893.8796
18879.0,30817.14,520571.16,1750.6028
16250.199,27356.28,448084.38,1697.4417
21774.398,32240.46,600409.1,1930.0518
22695.1,37309.082,625796.6,1738.2682
38818.2,42525.6,1070376.4,2608.9604
23542.95,37048.95,649175.3,1815.9125
7210.5996,16914.541,198825.69,1217.8778
43424.797,45535.8,1197399.0,2725.6775
1971.6,8853.99,54365.066,635.69104
101435.09,124602.27,2796980.0,2326.6157
27.9,3194.6401,769.31696,23.97073
4831.3496,22316.371,133220.05,618.00464
4059.45,15108.42,111935.62,767.24036
16523.0,28727.4,455606.62,1643.5292
24614.0,25944.27,678708.56,2711.625
18474.45,27994.86,509416.03,1885.8708
43.399998,13698.15,1196.7152,8.058928
85823.5,93426.69,2366504.5,2625.5415
3639.4,23281.2,100353.125,445.9649
49514.75,57047.64,1365323.9,2480.6804
2035.1499,27144.871,56117.4,213.36684
1305.1,18207.36,35986.938,203.949
13134.699,19139.13,362177.3,1961.2163
16023.899,30819.75,441844.38,1485.5793
68716.15,102077.97,1894784.9,1923.7565
32714.299,71935.08,902066.9,1299.307
2865.95,42523.86,79025.945,191.70142
8173.15,17660.13,225367.12,1322.2579
29445.35,24969.0,811928.56,3370.8213
2278.5,30418.68,62827.555,213.16954
7137.75,14842.2,196816.92,1374.0295
3561.9,15907.08,98216.13,639.2362
18277.6,32747.67,503988.1,1594.8341
37993.598,50947.2,1047638.7,2131.255
21193.148,37116.81,584381.7,1631.5778
63097.4,66523.68,1739853.0,2710.9656
18427.95,31833.3,508133.84,1654.1765
11217.35,15383.34,309308.16,2083.9163
17301.1,29375.55,477062.0,1682.9791
20926.549,27712.98,577030.44,2158.0532
29577.1,39517.14,815561.44,2139.026
20535.95,35797.02,566260.0,1639.2759
17820.35,28148.85,491379.84,1809.1083
81998.09,89837.94,2261022.5,2608.7144
29552.299,35753.52,814877.6,2362.3142
1067.95,23574.39,29447.742,128.52673
14892.399,21917.91,410644.28,1941.7391
3896.7,12275.7,107447.94,906.6109
18985.95,32236.98,523520.2,1682.9414
19359.5,34886.13,533820.5,1585.6836
660.3,35845.74,18207.168,51.668716
77.5,30400.41,2136.9917,6.2890563
9095.399,22913.19,250797.31,1133.9722
6133.3496,39089.1,169121.5,447.63278
18973.549,31248.66,523178.25,1735.0658
232.5,6934.77,6410.9746,94.86054
6.2,5744.61,170.95932,2.0858877
48485.547,71789.79,1336944.6,1930.0726
10482.649,39937.35,289049.47,749.48285
20514.25,22898.4,565661.7,2560.5303
6551.8496,12079.08,180661.27,1549.8832
39841.2,63155.91,1098584.6,1802.7129
122.45,15336.36,3376.4465,21.828924
8438.2,21567.3,232675.66,1117.6726
19054.148,34992.27,525400.7,1555.9204
10279.6,19021.68,283450.56,1544.1702
15710.8,23220.3,433210.94,1933.5479
23741.35,37932.0,654646.0,1788.5698
116852.945,121846.11,3222113.0,2741.06
7505.0996,18327.42,206946.25,1169.8577
44526.848,56413.41,1227787.1,2255.7769
579.7,41433.75,15984.697,39.003506
24939.5,32089.95,687683.9,2221.121
61961.25,71462.67,1708524.8,2478.0764
19844.648,29546.07,547198.0,1919.4043
14366.949,21328.92,396155.47,1924.9485
8304.899,23068.05,229000.0,1028.3722
105.399994,16028.88,2906.3083,17.801237
22902.799,36839.28,631523.75,1776.5688
7384.1997,14317.59,203612.55,1473.628
19771.799,47475.03,545189.25,1189.7755
26004.35,25730.25,717046.1,2888.6882
24637.25,32607.6,679349.6,2159.3416
49.6,15739.17,1367.6746,8.010499
160358.34,137192.05,4421734.5,3341.0398
9848.699,28054.89,271568.88,1002.7356
5347.5,12846.42,147452.42,1189.1937
34592.9,20666.85,953867.5,4784.8784
3115.5,13620.72,85907.06,652.9984
28792.799,42191.52,793935.06,1950.2267
11476.199,18651.93,316445.7,1758.2327
35936.75,70219.44,990923.0,1462.2902
-9.299999,3379.95,-256.43896,-8.867226
11070.1,17023.291,305247.88,1858.3323
83.7,19595.01,2307.951,11.213185
30060.7,27545.94,828896.3,3119.2578
22244.049,25359.63,613359.3,2506.956
41293.547,32804.22,1138631.8,3598.1626
7739.15,20478.06,213399.98,1079.5713
18345.799,13529.37,505868.62,3876.1091
21473.7,33987.42,592117.6,1805.4987
1001.3,14450.7,27609.932,197.11816
21402.398,40428.9,590151.56,1512.6293
15929.35,25272.63,439237.25,1801.1735
813.75,19681.14,22438.412,117.219666
20999.398,43047.6,579039.2,1393.7837
14514.199,22587.81,400215.78,1836.2488
8755.95,18205.62,241437.31,1374.1396
14492.5,22197.18,399617.44,1865.7859
26487.95,23434.32,730381.0,3230.8037
13999.6,21791.76,386026.16,1835.8441
178.25,24634.92,4915.0806,19.688421
13835.3,21604.71,381495.75,1830.0033
27543.5,25269.15,759486.8,3115.5742
13525.3,22429.47,372947.78,1723.1573
10908.899,16948.47,300802.94,1839.3458
38.75,15732.21,1068.4958,6.042567
12462.0,21897.03,343628.25,1626.2396
56283.598,71022.45,1551968.8,2264.871
16378.85,25801.59,451631.78,1814.0387
21276.85,63337.742,586689.7,959.492
17546.0,25401.39,483814.9,1974.0115
17631.25,28474.23,486165.6,1769.4354
84411.445,57290.37,2327568.5,4211.7793
125.549995,11200.38,3461.9263,31.050362
52748.047,65827.68,1454479.1,2290.1147
22039.45,32369.22,607717.6,1945.7826
8021.2495,15824.43,221178.62,1448.3157
168.95,28814.4,4658.6416,15.7647705
90106.15,108375.03,2484594.5,2376.246
77850.3,58477.05,2146650.8,3805.4822
31881.95,56436.03,879115.56,1614.2412
16602.049,23631.81,457786.3,2007.6936
93.0,17894.16,2564.39,13.860062
21825.549,26688.121,601819.56,2337.278
22936.898,41753.91,632464.0,1569.6758
10490.399,21594.27,289263.16,1388.0007
52703.098,69061.47,1453239.8,2180.973
36730.348,60277.082,1012805.75,1741.2955
21924.75,21406.35,604554.94,2927.472
12437.199,25734.6,342944.4,1380.8286
10473.35,20350.17,288793.03,1470.5212
415.4,15344.19,11454.274,76.40544
14659.899,18477.06,404233.3,2267.5435
24569.049,31190.371,677469.06,2251.251
17631.25,26219.19,486165.6,1921.7058
57546.848,80981.34,1586801.6,2030.8214
76399.5,93533.7,2106646.2,2334.4543
16288.949,28686.51,449152.88,1622.545
9882.8,23604.84,272509.16,1196.0931
34830.05,49129.77,960406.8,2026.0217
11115.05,22318.98,306487.34,1422.9215
20337.549,54780.42,560789.3,1060.5054
7849.1997,15204.12,216434.5,1475.0908
13.95,14218.41,384.65848,1.8052537
4476.4,17649.69,123432.63,724.17163
14893.949,21152.31,410687.03,2012.2654
4020.7,42957.992,110867.125,266.61267
15724.75,23081.1,433595.6,1946.9429
27430.35,35764.832,756366.8,2191.927
19229.299,53099.582,530230.3,1034.4314
12479.05,25362.24,344098.38,1405.8341
6041.9,23954.58,166599.86,720.1639
17201.9,24853.291,474326.66,1977.9805
27603.95,25740.69,761153.6,3065.1968
22733.85,49208.07,626865.1,1319.9479
3402.25,13728.6,93813.93,707.58014
12641.8,34418.94,348586.06,1049.1719
55534.95,80707.29,1531325.4,1966.4451
39230.5,69759.21,1081745.1,1606.9453
6316.25,15666.96,174164.81,1151.7192
7540.75,27494.61,207929.28,783.1804
34907.55,39635.46,962543.75,2517.1665
18404.7,28169.73,507492.75,1867.0782
37010.9,79979.97,1020541.7,1322.1144
13082.0,38403.54,360724.2,972.98413
91129.15,100954.8,2512803.0,2579.9485
16640.799,30206.4,458854.8,1574.1583
43124.098,45036.42,1189107.5,2736.8213
8523.45,37453.5,235026.34,649.6868
10603.55,15932.311,292383.2,1901.9243
9076.8,19788.15,250284.45,1310.5249
7830.5996,23916.3,215921.62,935.15985
18066.799,18083.82,498175.44,2855.538
32063.299,32940.81,884116.1,2782.0623
27205.6,35290.68,750169.5,2203.181
1408.95,19708.11,38850.508,203.40881
7041.65,26253.99,194167.05,765.88116
14771.5,25283.94,407310.6,1669.4321
4229.9497,15480.78,116636.99,780.2524
2171.55,19108.68,59878.508,323.92877
19965.549,24106.83,550531.75,2367.0461
11896.25,23365.59,328028.22,1454.735
2035.1499,15113.64,56117.4,384.01385
35856.15,47841.3,988700.5,2141.9382
80.6,22947.121,2222.4712,9.042824
6638.65,19425.36,183054.7,976.1466
85989.34,93351.87,2371077.5,2632.7263
113.149994,26097.39,3120.0076,11.396709
13257.149,25840.74,365553.78,1465.8787
4797.25,36886.26,132279.78,370.85764
21186.95,37698.84,584210.75,1605.9022
29532.148,19895.16,814322.0,4243.2075
16119.999,32295.27,444494.22,1426.168
13661.699,24500.94,376708.84,1593.3033
16327.699,25096.89,450221.38,1859.1761
97.649994,15024.03,2692.6094,17.583813
61555.15,50286.87,1697326.9,3498.9253
5429.65,31879.41,149717.62,485.97934
27340.45,28723.92,753887.9,2720.5164
238.7,11520.54,6581.934,58.241844
4868.55,53244.87,134245.81,260.4393
18.599998,34763.46,512.8779,0.52981484
17414.25,27442.41,480182.0,1813.3936
21882.898,29774.01,603400.94,2100.4377
3848.65,30087.21,106123.0,364.74252
31616.898,46723.35,871807.06,1933.7919
34075.2,38768.94,939592.44,2512.0635
9718.5,16422.99,267978.75,1690.983
32136.148,55954.05,886124.9,1641.1442
30713.25,38783.73,846889.75,2263.2542
30834.148,21835.26,850223.44,4036.5935
12860.35,19374.03,354612.38,1896.9371
19858.6,28116.66,547582.7,2018.4535
86.799995,25818.99,2393.4304,8.612348
3211.5999,20276.22,88556.93,451.8803
17949.0,22600.86,494927.25,2269.7236
2298.65,11955.54,63383.168,548.734
33602.45,46817.31,926556.8,2051.1707
9685.949,21853.53,267081.2,1266.2712
22524.6,31721.07,621095.25,2029.2908
25294.45,31825.47,697471.3,2271.4763
26199.648,18730.23,722431.3,3998.4597
83844.15,122201.07,2311925.8,1960.764
20673.898,35529.93,570063.8,1662.7076
37117.848,59598.48,1023490.7,1779.7238
52107.9,61069.65,1436827.6,2438.6477
31.0,11613.63,854.79663,6.6320767
25818.35,38732.4,711917.4,1904.9131
7083.5,28148.85,195321.03,718.50903
14356.1,28723.92,395856.3,1428.0314
23305.799,25924.26,642636.06,2569.4348
20742.1,33171.36,571944.44,1786.8804
20328.25,23128.95,560532.9,2512.0034
45180.95,54723.0,1245823.4,2359.6655
96.1,24225.15,2649.8696,10.342425
33585.4,36943.68,926086.6,2598.3176
18500.799,26954.34,510142.6,1961.5049
19209.148,28725.66,529674.7,1910.9963
49759.65,77920.68,1372076.8,1824.8856
35332.25,46823.4,974254.5,2156.5327
16287.399,14809.14,449110.12,3143.64
7387.3,21282.81,203698.03,991.44336
7577.9497,23332.53,208955.03,927.6219
10893.399,36760.11,300375.53,846.29694
13306.75,27093.541,366921.47,1403.2849
31176.7,55852.26,859668.94,1595.02
21985.2,33615.93,606221.75,1868.9684
13326.899,16530.0,367477.06,2304.1821
15109.399,28321.11,416627.88,1524.4077
9410.05,19890.81,259473.52,1351.6593
19636.95,35775.27,541470.94,1568.4233
401.44998,28521.21,11069.616,39.245052
6554.9497,10856.73,180746.73,1725.3119
5690.05,19457.55,156897.92,835.1359
25409.148,34256.25,700634.0,2119.7976
23606.5,23337.75,650927.6,2891.1553
16895.0,29629.59,465864.16,1629.3527
23087.25,28519.47,636609.8,2313.62
26235.299,35893.59,723414.4,2088.8645
23804.898,45720.242,656398.3,1487.6987
30031.25,28858.77,828084.25,2974.3948
44982.547,65988.63,1240352.6,1948.0542
11634.3,3826.26,320805.2,8692.902
41625.25,72250.89,1147778.2,1646.262
10310.6,14795.22,284305.34,1991.5603
13813.6,27720.81,380897.38,1423.787
21510.898,29398.17,593143.4,2091.1233
40.3,29988.9,1111.2356,2.8423195
32892.55,60547.65,906982.0,1552.2782
21112.549,30879.78,582159.25,1953.8593
20866.1,38355.69,575363.6,1554.4657
9907.6,13144.83,273193.0,2154.0754
89.899994,4116.84,2478.9102,61.43738
62370.45,53512.832,1719808.1,3331.4983
29704.2,65444.88,819066.1,1296.7505
27913.95,65758.08,769701.6,1212.7274
12632.5,16237.68,348329.62,2223.4072
55.8,3591.36,1538.6339,43.42467
4450.05,8171.04,122706.055,1556.1718
11651.35,11959.0205,321275.3,2784.6697
8463.0,33513.27,233359.48,721.03217
12725.5,20672.07,350894.03,1759.1104
20568.5,13110.9,567157.56,4484.585
37593.7,63336.0,1036611.9,1696.1234
37686.7,25362.24,1039176.25,4247.6357
32632.148,50660.1,899801.6,1840.7411
13509.8,28014.871,372520.38,1377.8254
109668.695,90340.8,3024014.0,3469.9453
71145.0,85086.0,1961758.2,2389.756
13125.399,20008.26,361920.88,1874.6517
15887.499,27777.36,438083.25,1634.3607
21055.2,46887.78,580577.9,1282.9517
9921.55,13302.3,273577.66,2131.5625
16028.55,18082.08,441972.6,2533.515
4829.8,20050.89,133177.31,687.7228
65.1,33922.17,1795.0729,4.4871435
4374.1,16231.59,120611.81,769.5071
5035.9497,16955.43,138861.7,848.2226
40239.547,44627.52,1109568.8,2577.0977
36521.098,39876.45,1007035.9,2617.6433
55.8,35894.46,1538.6339,3.4448361
21049.0,33073.05,580406.94,1818.7268
5071.5996,13802.55,139844.72,1049.5934
13926.75,12802.05,384017.4,3109.4216
25244.85,26197.44,696103.6,2754.2622
69852.3,41939.22,1926113.2,4761.219
9478.25,15521.67,261354.08,1744.9778
30304.049,36878.43,835606.44,2348.5095
20512.7,30271.65,565618.94,1936.4734
27479.95,45059.91,757734.44,1742.7112
19623.0,22767.03,541086.25,2463.3818
6793.65,8396.37,187328.69,2312.4524
17752.15,26744.67,489499.3,1896.8536
4065.65,11501.4,112106.58,1009.714
27.9,4174.2603,769.31696,18.11057
34609.95,25995.6,954337.7,3805.713
12237.25,29579.13,337430.97,1181.8983
22124.7,30425.64,610068.3,2078.1538
21352.799,24198.18,588783.9,2522.0225
27684.549,31282.59,763376.1,2529.3684
11397.149,22674.81,314265.97,1436.1482
4755.4,35314.17,131125.8,384.0233
137.95,20359.74,3803.845,18.37307
130.2,7773.45,3590.1458,46.890144
1153.2,27615.541,31798.434,118.39882
5469.9497,15620.85,150828.86,1000.21576
18121.049,27545.07,499671.34,1879.9984
35012.95,45140.82,965450.06,2216.728
11711.8,22947.121,322942.16,1458.2994
5570.6997,10269.48,153606.95,1549.9946
5062.3,16816.23,139588.28,859.7325
26815.0,33778.62,739399.1,2268.786
14714.149,23822.34,405729.22,1765.0369
2208.75,7840.44,60904.26,804.4807
13571.8,22526.041,374229.97,1721.6678
94.549995,22709.61,2607.1296,10.904217
11677.699,22707.871,322001.88,1469.381
2741.95,20757.33,75606.76,376.6913
48615.75,69125.85,1340534.9,2009.8771
44.949997,10241.64,1239.4551,11.549002
31447.95,30228.15,867148.44,2973.6082
9932.399,24122.49,273876.8,1176.2833
11604.85,27565.95,319993.12,1202.6926
20109.7,45853.35,554506.56,1252.9595
16634.6,42577.8,458683.88,1116.0641
43.399998,13973.07,1196.7152,7.8806934
14047.649,21060.09,387351.1,1906.1832
31483.6,14408.07,868131.44,6246.806
8486.25,16028.01,234000.58,1512.8582
2256.8,5824.65,62229.195,1106.8278
26923.5,39985.2,742390.9,1924.224
5900.8496,20509.38,162710.53,821.6422
49517.848,54095.73,1365409.4,2616.2654
9992.85,23060.22,275543.7,1238.0101
46856.5,56884.95,1292025.1,2354.1655
21207.1,31360.02,584766.4,1932.5435
12672.8,21992.73,349440.88,1646.5646
15298.5,24332.16,421842.16,1796.6998
12311.649,20839.98,339482.47,1688.1488
7030.8,29548.68,193867.88,679.3237
42899.348,61357.62,1182910.2,1998.0846
55982.9,69436.44,1543677.2,2304.2444
20796.35,39373.59,573440.3,1509.1882
17417.35,31685.4,480267.47,1570.708
20379.398,29967.15,561943.25,1943.4414
20847.5,23734.47,574850.75,2510.4436
215.45,23398.65,5940.8364,25.327198
6666.55,26003.43,183824.02,732.0262
1692.6,7823.91,46671.895,617.5566
25150.299,34655.582,693496.5,2074.004
12937.85,28688.25,356749.38,1288.4575
23181.799,25815.51,639216.9,2566.5293
13827.55,19977.81,381282.03,1978.0023
5607.9,14556.84,154632.7,1100.494
22529.25,27304.08,621223.44,2358.2185
2848.9,14629.92,78555.81,555.7808
6869.5996,15887.94,189422.92,1235.2684
11694.75,16543.92,322472.03,2020.164
22450.2,25444.89,619043.7,2521.7175
4701.15,22016.22,129629.91,609.5346
12596.85,19730.73,347346.6,1824.4408
6252.6997,17940.27,172412.47,995.5236
31299.148,44894.61,863045.4,1992.3672
19530.0,25652.82,538521.9,2175.7878
14887.75,42848.37,410516.1,992.44476
144.15,29070.18,3974.8042,13.178031
16203.699,28448.13,446802.2,1627.5812
74358.15,100955.67,2050357.9,2104.944
43.399998,22790.52,1196.7152,4.4448314
5266.9,24680.16,145229.95,609.17737
96374.34,153176.55,2657434.2,1797.946
2785.3499,40302.75,76803.48,196.60324
24083.898,23731.86,664091.44,2900.643
16450.15,21942.27,453597.84,2142.5684
54456.15,78758.49,1501578.5,1975.9629
29386.45,47535.06,810304.44,1766.5922
37108.55,62079.72,1023234.3,1708.1227
13959.3,30198.57,384914.94,1320.6798
52735.65,51363.93,1454137.2,2934.5874
42352.2,40086.99,1167823.1,3019.7969
15241.149,26325.33,420260.75,1654.3617
16972.5,26318.371,468001.16,1842.8933
10009.899,13981.7705,276013.8,2045.9937
5857.4497,29644.38,161513.81,563.95667
7072.65,36299.88,195021.84,556.09076
11408.0,14741.28,314565.16,2211.7039
19077.398,28048.8,526041.8,1943.7054
4846.8496,13150.05,133647.44,1052.8556
99.2,14076.6,2735.349,19.149437
11682.35,22381.621,322130.1,1491.4082
25482.0,31862.88,702642.8,2285.6382
9255.05,22787.91,255199.53,1160.2434
9272.1,19995.21,255669.67,1324.8705
5446.6997,12244.38,150187.77,1270.8785
36530.4,39955.62,1007292.3,2613.1199
3566.5498,37617.93,98344.35,270.08307
7097.4497,17090.28,195705.69,1186.414
19055.7,29156.31,525443.5,1867.7075
35972.4,59143.47,991906.0,1738.0482
77377.55,26055.63,2133615.0,8490.068
69.75,19761.18,1923.2925,9.0920725
31539.398,60037.832,869670.06,1501.0259
22461.049,32584.98,619342.9,1969.8861
86879.05,77398.68,2395610.2,3208.449
91.45,10055.46,2521.65,25.003437
13760.899,23278.59,379444.22,1689.2042
21324.898,53191.8,588014.56,1145.2815
50759.4,70240.32,1399644.0,2065.2317
17528.95,21973.59,483344.75,2279.8875
32953.0,25661.52,908648.8,3670.6526
44111.45,107705.13,1216332.9,1170.0189
62917.598,80494.14,1734895.2,2233.8936
20828.898,26851.68,574337.8,2216.9094
24510.148,29684.4,675844.94,2359.8406
4473.3,16998.93,123347.15,751.41144
24651.2,26359.26,679734.25,2672.9534
2053.75,22254.6,56630.277,262.86194
24065.299,26460.18,663578.6,2599.4438
26539.1,41833.95,731791.4,1812.8706
86263.695,85126.02,2378642.5,2896.4417
62.0,28217.58,1709.5933,5.2823324
25009.25,33495.87,689607.2,2133.8057
24713.2,32640.66,681443.9,2163.8064
15256.649,22565.19,420688.16,1932.1661
15467.449,46411.89,426500.75,951.88043
20069.398,24567.06,553395.3,2334.7705
2780.7,38226.06,76675.26,206.99055
11211.149,36720.09,309137.2,871.9621
8971.399,18679.77,247378.12,1372.2123
8464.55,20765.16,233402.22,1164.5142
22206.85,31871.58,612333.56,1991.1974
15202.399,33352.32,419192.25,1302.272
9549.55,21323.7,263320.1,1279.4698
1.55,16066.29,42.73983,-0.72415507
9357.35,20390.19,258020.36,1311.1412
15107.85,23886.72,416585.12,1807.4025
18086.95,29868.84,498731.1,1730.3942
42693.2,53119.59,1177225.9,2297.0156
30009.549,30402.15,827485.9,2821.3064
130.2,5205.21,3590.1458,70.51904
3658.0,10374.75,100866.0,1007.1265
3713.7998,13135.26,102404.63,807.40466
37316.25,50097.21,1028961.44,2128.7734
20954.45,37398.69,577799.75,1601.0233
4681.0,4811.1,129074.3,2780.9111
14650.6,30022.83,403976.88,1394.2523
14836.6,32124.75,409105.66,1319.5157
71008.6,45597.57,1957997.2,4451.6465
26641.398,31886.371,734612.2,2387.9163
23890.148,41888.76,658749.0,1629.6859
6599.9,17789.76,181986.2,1059.7578
4942.9497,26780.34,136297.31,526.7389
102907.59,79480.59,2837582.8,3700.9907
17569.25,24831.541,484456.0,2022.0123
29313.6,37563.99,808295.7,2230.2407
6824.65,29913.21,188183.48,651.3285
35479.5,58035.96,978314.75,1746.9512
16771.0,40565.49,462444.97,1181.0919
14892.399,18859.86,410644.28,2256.7468
58707.797,76962.81,1618813.8,2180.041
16936.85,33899.55,467018.12,1427.5244
44999.598,50125.05,1240822.8,2565.8635
2425.75,59507.13,66887.836,115.55369
35612.8,36182.43,981990.4,2813.2156
25116.2,54621.21,692556.2,1313.7451
251552.6,202560.36,6936332.5,3549.7764
36432.75,35361.15,1004599.75,2944.877
22225.45,46116.96,612846.44,1376.9672
30025.049,41358.93,827913.25,2074.6943
44723.7,54779.55,1233215.1,2333.3623
31071.299,53385.81,856762.6,1663.1122
52486.098,75785.7,1447256.1,1979.186
8779.2,18619.74,242078.42,1347.1256
34392.95,51261.27,948354.1,1917.3553
10126.149,22981.92,279219.3,1258.8158
44300.547,15318.09,1221547.0,8268.009
10037.8,11186.46,276783.16,2564.635
15017.949,26013.0,414106.22,1649.704
15121.8,33849.96,416969.78,1276.3041
15376.0,19589.791,423979.12,2243.205
21518.648,27709.5,593357.06,2219.421
641.69995,17895.9,17694.29,101.52445
31931.549,48994.92,880483.25,1862.4508
3825.4,22329.42,105481.91,488.83344
49968.9,89713.53,1377846.6,1591.5417
17714.95,33339.27,488473.53,1518.2626
69.75,13802.55,1923.2925,13.448871
60.449997,5760.27,1666.8534,29.00561
12026.449,26185.26,331618.34,1312.1959
21493.85,34746.93,592673.25,1767.6698
6248.05,12430.561,172284.27,1436.1523
82.149994,7861.32,2265.211,28.878654
20515.799,31031.16,565704.4,1889.3378
1697.25,15439.89,46800.117,313.30453
15320.199,37060.26,422440.47,1180.9658
4250.1,17663.61,117192.625,686.96875
13805.85,13637.25,380683.7,2893.5786
3946.2998,18884.22,108815.61,596.50287
140350.95,102012.72,3870049.2,3932.7798
37015.55,36353.82,1020669.94,2910.2744
1.55,11137.74,42.73983,-0.6020912
4185.0,25946.88,115397.55,460.16815
4811.1997,16426.47,132664.44,836.4486
11166.199,20500.68,307897.72,1556.3495
26687.898,46205.7,735894.4,1650.4591
34417.75,33243.57,949038.0,2959.219
14492.5,24982.05,399617.44,1657.6862
10913.55,18057.72,300931.16,1727.0332
87590.5,116406.0,2415228.0,2150.447
12868.1,14930.94,354826.06,2463.2017
35.649998,8926.2,983.01605,10.419363
17209.65,20607.69,474540.38,2386.7659
12964.199,27392.82,357475.94,1352.1874
16181.999,26030.4,446203.8,1776.4619
20900.2,30822.36,576303.9,1937.8024
97.649994,20551.14,2692.6094,12.585803
19778.0,29943.66,545360.25,1887.5413
10893.399,20306.67,300375.53,1532.8176
54670.047,75436.83,1507476.5,2071.1206
25274.299,29713.98,696915.7,2431.0208
16313.749,23997.21,449836.72,1942.7572
18851.1,32076.03,519801.8,1679.3706
29897.95,26254.86,824408.6,3254.9724
9058.2,23280.33,249771.58,1111.5045
28337.1,34439.82,781369.6,2351.5754
70187.1,97730.58,1935345.1,2052.411
43055.9,52041.66,1187227.0,2364.541
25024.75,34550.31,690034.56,2069.9365
24240.45,53917.38,668408.2,1284.4668
11315.0,36687.03,312000.78,880.8424
19189.0,33497.61,529119.1,1636.9005
131.75,8659.11,3632.8857,42.50371
30910.1,36185.91,852317.75,2441.3613
30235.85,47835.21,833725.9,1806.2717
44818.25,75027.06,1235822.2,1706.9926
26125.25,33982.2,720379.9,2197.1533
15540.3,25542.33,428509.56,1738.5939
15810.0,19336.62,435946.28,2336.7622
6754.9,12659.37,186260.19,1524.6532
4344.65,23469.99,119799.75,528.28656
14717.25,35538.63,405814.72,1183.0635
13285.05,16637.88,366323.1,2282.0432
3034.9,13912.17,83684.586,622.73267
19274.25,31869.84,531469.8,1728.2054
37764.2,26816.01,1041313.25,4025.5688
10423.75,18513.6,287425.38,1608.8378
23482.5,30697.08,647508.44,2186.239
25508.35,27136.17,703369.44,2686.7124
3174.4,18857.25,87531.17,480.31815
137782.6,135657.36,3799229.0,2903.0225
62413.848,85328.73,1721004.8,2090.3884
24056.0,28763.94,663322.2,2390.2449
10504.35,22296.36,289647.84,1346.0515
23426.7,23774.49,645969.8,2816.4026
20249.2,25529.28,558353.1,2266.8706
33467.598,50786.25,922838.4,1883.2017
23891.7,29430.36,658791.75,2320.1353
4972.4,9670.05,137109.38,1469.2335
22881.1,35519.49,630925.4,1840.8708
5880.6997,13915.65,162154.92,1207.2992
437.09998,17438.28,12052.632,70.668144
14044.55,27605.97,387265.62,1453.6343
19871.0,30666.63,547924.6,1851.6895
30652.799,37925.91,845222.9,2309.9104
2137.45,19759.44,58938.227,308.29315
11420.399,15377.25,314907.06,2122.4968
22045.648,25274.371,607888.56,2492.9717
15884.399,27305.82,437997.78,1662.2769
63.55,5146.05,1752.3331,34.309418
16764.799,22120.621,462274.0,2165.9558
12534.85,23313.39,345637.0,1536.3143
24080.799,30246.42,664006.0,2275.386
9434.85,22733.97,260157.34,1185.6118
15250.449,26431.47,420517.2,1648.7202
437.09998,41929.65,12052.632,28.806334
520.8,43310.34,14360.583,33.381783
24800.0,37234.26,683837.3,1903.3989
10913.55,15740.04,300931.16,1981.4817
37004.7,32756.371,1020370.75,3229.0564
8387.05,31381.77,231265.22,763.1538
74886.695,73869.09,2064932.1,2897.6174
25503.7,38716.74,703241.2,1882.4471
14449.1,21808.291,398420.72,1893.3846
20422.799,26309.67,563140.0,2218.4678
61955.047,72022.95,1708353.8,2458.545
5890.0,5519.2803,162411.36,3050.2783
7815.0996,18967.74,215494.22,1177.0614
64813.246,75254.13,1787166.0,2461.535
83772.84,78406.14,2309959.5,3053.9365
76337.5,101530.74,2104936.8,2148.757
24751.95,24177.3,682512.4,2926.1877
33994.598,31254.75,937369.94,3108.8745
20991.648,25584.09,578825.5,2344.9868
11468.449,27065.7,316232.0,1210.5308
15696.85,24366.96,432826.28,1840.875
2850.45,9784.0205,78598.55,832.00006
52.699997,16158.51,1453.1542,8.325202
32587.2,76594.8,898562.2,1215.457
11260.75,25551.03,310504.88,1259.1084
12245.0,34021.35,337644.7,1028.0968
28371.2,33388.86,782309.9,2428.546
21352.799,29117.16,588783.9,2095.7893
23332.148,33914.34,643362.6,1966.0724
19666.398,31817.64,542282.94,1766.282
36243.65,50846.28,999385.44,2037.0823
88.35,11468.34,2436.1704,21.026981
111127.25,113545.44,3064232.2,2797.3362
131.75,19517.58,3632.8857,18.300726
18770.5,29293.77,517579.38,1831.1018
19592.0,38190.39,540231.5,1465.8094
60806.5,45915.992,1676683.6,3785.4744
35180.348,39015.15,970065.9,2577.1956
19058.799,43004.1,525528.94,1266.1693
9834.75,23181.15,271184.25,1212.0463
19018.5,22881.871,524417.75,2375.4775
9561.949,16570.02,263662.0,1648.9562
14211.949,23887.59,391881.5,1700.1018
24999.95,25938.18,689350.75,2754.806
23446.85,27507.66,646525.44,2436.1365
2320.3499,3906.3,63981.523,1697.3878
29184.95,31451.371,804748.25,2652.19
70306.445,69934.08,1938635.9,2873.4534
29865.398,39175.23,823511.06,2178.7454
20808.75,35366.37,573782.25,1681.3042
31895.898,51053.34,879500.25,1785.3218
48608.0,67652.94,1340321.1,2053.3296
21346.6,30223.8,588612.94,2018.429
21421.0,32819.01,590664.5,1865.2218
12970.399,16164.6,357646.9,2293.2324
28586.648,41914.86,788250.7,1949.0431
19919.049,31872.45,549249.56,1785.908
10.849999,11483.13,299.1788,1.7015836
13835.3,22225.02,381495.75,1778.8993
20348.398,21020.94,561088.5,2766.7517
15403.899,24276.48,424748.44,1813.2367
3016.2998,13585.92,83171.71,633.7964
44849.25,62202.39,1236677.0,2060.5652
118688.15,151107.69,3272717.0,2244.7932
6559.5996,18149.07,180874.95,1032.4083
2865.95,9581.31,79025.945,854.24927
31846.299,30059.371,878132.56,3028.201
-10.849999,4611.0,-299.1788,-7.727963
20518.898,33069.57,565789.9,1773.0854
20757.6,30148.98,572371.8,1967.5819
40684.4,51602.31,1121835.1,2253.2798
18451.2,26553.27,508774.94,1985.8065
25195.25,35627.37,694736.0,2021.0128
37891.3,55033.59,1044817.94,1967.6145
8171.5996,27568.56,225324.39,846.5045
30404.799,36295.53,838384.5,2394.179
19641.6,29355.541,541599.1,1912.0914
8416.5,14885.7,232077.28,1615.6322
27377.648,31902.03,754913.6,2452.7302
18693.0,37608.36,515442.38,1420.162
2156.05,11359.59,59451.11,541.6817
13463.3,58620.6,371238.2,655.6746
16884.15,38206.92,465565.0,1262.5317
16487.35,29795.76,454623.6,1581.1417
33255.25,55377.242,916983.1,1716.03
258.85,10242.51,7137.5522,71.258804
13725.25,25426.621,378461.22,1542.4075
21433.398,32069.94,591006.4,1909.9174
14067.8,29674.83,387906.72,1354.4607
21847.25,40246.2,602417.94,1551.1044
21686.049,30961.56,597972.94,2001.657
60279.5,45125.16,1662152.1,3818.442
18153.6,55192.8,500568.9,939.43616
34778.9,26442.78,958996.3,3759.605
17338.299,26072.16,478087.72,1900.4218
9744.85,24978.57,268705.3,1114.4666
63968.496,79436.22,1763872.8,2301.4836
148350.5,116848.83,4090629.2,3629.0588
14745.149,24460.05,406584.0,1722.6172
103.85,12026.01,2863.5686,23.69073
11200.3,27024.81,308838.03,1183.9935
8752.85,29703.541,241351.83,841.5395
36497.848,59247.87,1006394.75,1760.3412
9.299999,10582.68,256.43896,1.5126746
8624.2,18253.47,237804.44,1349.8975
17267.0,20080.47,476121.72,2457.6233
17913.35,23668.35,493944.22,2163.0027
3937.0,14739.54,108559.17,762.7135
13136.25,17152.05,362220.06,2188.7993
11676.149,58648.44,321959.12,568.2357
24240.45,22919.28,668408.2,3023.048
3540.2,13722.51,97617.77,736.6379
2100.25,11239.53,57912.473,533.28357
685.1,14555.1,18891.006,133.58224
82475.5,110861.49,2274186.5,2126.126
42829.598,48675.63,1180987.0,2514.8308
24407.85,30033.27,673024.1,2322.6777
23893.25,39359.67,658834.5,1734.6924
5677.65,28314.15,156556.0,572.3424
12920.8,21541.2,356279.25,1714.0175
62.0,17184.24,1709.5933,9.315976
15802.25,22347.69,435732.6,2020.7865
15255.1,24950.73,420645.4,1747.1583
16030.1,26587.2,442015.34,1722.9022
10319.899,21589.05,284561.78,1365.7557
15259.75,15686.97,420773.66,2780.361
11091.8,19668.96,305846.22,1611.3881
10722.899,21750.871,295674.16,1408.5634
34132.55,58971.21,941173.9,1653.9227
2196.3499,9966.72,60562.34,629.08374
14450.649,27120.51,398463.44,1522.4861
28306.1,29429.49,780514.8,2749.0862
59919.9,73171.35,1652236.4,2340.418
28690.5,54888.3,791114.3,1493.5393
66.65,18403.98,1837.8129,9.354697
40417.797,34589.46,1114483.8,3340.0103
31093.0,36288.57,857361.06,2448.863
43029.547,19208.73,1186500.4,6403.9697
28833.1,113972.61,795046.4,722.33563
23184.898,31681.92,639302.4,2091.3904
9028.75,19250.49,248959.52,1340.0187
39793.15,43924.56,1097259.6,2589.2988
2896.95,31471.38,79880.74,262.1929
16716.75,23614.41,460949.1,2023.0618
1643.0,31628.85,45304.223,147.52623
4195.85,36950.64,115696.73,323.6736
17959.85,34031.79,495226.44,1507.9225
41.85,24837.63,1153.9755,3.8176394
5466.8496,11136.87,150743.38,1402.534
16701.25,47812.59,460521.7,997.7475
142.59999,16854.51,3932.0642,23.190918
80697.65,95075.34,2225163.8,2425.8445
43183.0,74113.56,1190731.8,1664.9584
263.5,12872.5205,7265.7715,57.528316
23620.45,58587.54,651312.25,1151.7413
14742.05,30094.17,406498.53,1399.6334
1.55,16384.71,42.73983,-0.7295158
15495.35,25265.67,427270.1,1752.5557
2858.2,13799.94,78812.25,591.1945
13689.6,30143.76,377478.2,1297.5011
17473.15,23685.75,481806.12,2108.2742
10612.85,12573.24,292639.62,2412.4248
11722.649,39233.52,323241.34,853.314
25678.85,44561.4,708070.8,1646.6531
7475.65,11351.76,206134.2,1881.9325
28188.299,47142.69,777266.56,1708.6353
31.0,4784.13,854.79663,17.527111
14531.25,26935.2,400685.94,1541.5234
12176.8,18892.05,335764.12,1841.9054
5773.75,15110.16,159205.88,1091.5415
19464.898,20184.87,536726.75,2756.244
13908.149,34766.07,383504.5,1142.8333
49021.848,89445.57,1351732.6,1566.0392
23.25,50914.14,641.0975,0.30567038
2428.8499,16992.84,66973.31,407.6803
19373.45,24090.3,534205.1,2298.3955
28597.5,37427.4,788549.9,2183.6777
11046.85,20879.13,304606.78,1511.7775
72.85,4863.3,2008.7721,41.82994
27909.299,43802.76,769573.4,1820.7821
10.849999,15533.85,299.1788,0.99709904
21963.5,38334.81,605623.44,1637.1636
8185.55,35610.84,225709.05,656.2258
8325.05,24222.541,229555.64,981.68915
35259.4,45768.96,972245.7,2201.6873
17.05,18303.93,470.13812,1.6633546
24455.898,29208.51,674349.0,2392.9949
7106.75,65718.93,195962.12,308.1929
49308.598,66118.26,1359639.5,2131.3096
2298.65,9897.99,63383.168,663.0103
1807.2999,13321.44,49834.64,386.90735
9239.55,23925.0,254772.14,1103.2003
734.69995,6871.2603,20258.68,304.71915
13450.899,23198.55,370896.25,1656.828
5786.15,11316.96,159547.8,1460.8705
60.449997,17780.19,1666.8534,8.720954
11290.199,15348.54,311316.9,2102.2144
7822.8496,13712.94,215707.92,1630.1105
5649.75,14943.12,155786.69,1080.028
17938.15,18132.541,494628.1,2827.577
11917.949,16891.92,328626.56,2016.3048
23735.148,48582.54,654475.0,1395.8853
12111.699,18669.33,333969.03,1853.9207
44026.2,55903.59,1213982.1,2250.7515
28812.95,34330.2,794490.7,2398.719
9318.6,18557.97,256951.86,1434.718
11615.699,22195.44,320292.28,1495.3411
27667.5,33804.72,762906.0,2339.1387
2875.25,16528.26,79282.39,496.39047
12158.199,19422.75,335251.22,1788.8125
45156.15,54890.91,1245139.5,2351.1526
110.049995,17770.62,3034.5278,16.706652
31863.35,39829.47,878602.7,2286.3672
15655.0,24828.06,431672.3,1801.8486
32291.148,62939.28,890398.9,1465.9344
3989.7,15007.5,110012.33,759.1178
14204.199,33058.26,391667.8,1227.5299
13734.55,35282.85,378717.66,1112.0117
41859.297,50964.6,1154231.9,2347.4011
16837.65,35779.62,464282.8,1344.5342
176628.69,213006.45,4870374.5,2369.923
11620.35,23382.99,320420.5,1419.9152
66.65,14823.061,1837.8129,11.85616
27813.2,20451.09,766923.5,3887.5122
29.449999,13853.01,812.05676,5.078412
13722.149,25397.91,378375.72,1543.8031
14931.149,26438.43,411712.78,1613.7548
10037.8,21956.19,276783.16,1306.1655
11855.949,6133.5,326916.97,5525.8413
1932.85,20739.06,53296.57,265.47598
6917.65,13476.3,190747.88,1466.6987
22149.5,21624.72,610752.2,2927.6157
21937.148,28843.98,604896.8,2173.573
883.5,7873.5,24361.705,319.83942
19385.85,26987.4,534547.06,2052.8691
16929.1,22635.66,466804.44,2137.4038
2270.75,4871.13,62613.855,1331.8726
39001.098,78838.53,1075419.6,1413.4491
998.19995,8499.9,27524.451,334.77838
21465.95,24625.35,591903.94,2491.394
11964.449,20149.2,329908.75,1696.7898
9069.05,18747.63,250070.75,1382.1344
124.0,12171.3,3419.1865,28.129545
65.1,37822.38,1795.0729,3.9213142
7949.9497,35202.81,219212.6,644.7079
18169.1,29593.05,500996.3,1754.4669
18251.25,26583.72,503261.53,1962.025
14013.55,25002.06,386410.8,1601.5859
757.94995,7855.23,20899.777,274.88663
24359.799,37299.51,671699.2,1866.3235
30781.45,25689.36,848770.3,3424.9795
14929.6,22097.13,411670.06,1930.7961
24789.148,35089.71,683538.06,2018.9043
11761.399,21588.18,324309.84,1556.7294
18311.7,25899.03,504928.34,2020.5948
30679.148,54569.01,845949.44,1606.4823
91426.75,100498.05,2521009.0,2600.1455
19970.2,43613.97,550660.0,1308.1995
16688.85,29670.48,460179.75,1607.2397
39838.098,38781.12,1098499.1,2936.1575
26094.25,31735.86,719525.06,2349.9507
19029.35,28134.06,524716.94,1932.9292
11549.05,22145.85,318454.47,1490.0867
9503.05,19444.5,262037.9,1396.3822
26686.35,40246.2,735851.7,1894.8907
14635.1,27922.65,403549.47,1497.6079
49417.098,99969.96,1362631.2,1412.3728
21882.898,32414.46,603400.94,1929.2566
15706.149,38430.51,433082.7,1167.5371
77797.59,58825.05,2145197.5,3780.402
27859.7,28520.34,768205.75,2791.9985
41769.4,66373.17,1151753.0,1798.346
23349.2,30871.95,643832.8,2161.5042
70805.55,72020.34,1952398.1,2810.0015
18341.15,21120.12,505740.44,2482.0142
14551.399,25183.02,401241.53,1651.1366
23989.35,39428.4,661484.4,1738.6359
8721.85,38873.34,240497.03,640.5134
27323.398,28715.22,753417.7,2719.6428
22820.648,30296.88,629258.5,2152.6694
15695.3,21588.18,432783.53,2077.7515
12162.85,8959.26,335379.44,3880.6125
89859.695,85604.52,2477799.0,3000.3542
4755.4,24734.1,131125.8,548.71796
23715.0,34967.04,653919.44,1938.1582
6770.4,15055.35,186687.58,1284.7971
6584.4,25789.41,181558.8,729.0015
39100.297,44215.14,1078154.9,2527.4712
12813.85,23650.95,353330.2,1548.1022
62128.65,95055.33,1713140.6,1867.8068
25964.049,39374.46,715934.9,1884.4142
33526.5,42464.7,924462.56,2256.4033
4.6499996,15816.6,128.21948,-0.15940112
20539.049,32602.38,566345.5,1800.2749
22682.7,29020.59,625454.7,2233.794
4784.8496,30207.27,131937.84,451.90363
17724.25,25445.76,488729.97,1990.5969
21886.0,44852.85,603486.44,1394.1642
14258.449,26883.871,393163.7,1515.4548
37668.098,50657.492,1038663.3,2125.077
34.1,2970.18,940.27625,31.826199
17868.4,25580.61,492704.78,1996.2102
12320.949,21295.86,339738.9,1653.2379
9771.199,18651.93,269431.88,1496.8663
30953.5,44466.57,853514.44,1989.3301
42198.75,66713.34,1163591.9,1807.5721
2072.3499,6935.64,57143.152,853.3297
6361.1997,14777.82,175404.27,1229.7721
463.44998,5039.91,12779.209,261.92328
16558.65,29543.46,456589.62,1601.5536
10708.949,18327.42,295289.47,1669.6847
7689.55,21120.12,212032.3,1040.0067
3592.9,13551.99,99070.93,757.0381
4977.05,15372.9,137237.6,924.6891
16391.25,24299.97,451973.72,1927.6584
69069.55,53430.18,1904529.6,3695.1448
12148.899,20224.02,334994.78,1716.5858
24542.7,39031.68,676742.5,1796.8525
6345.6997,10205.97,174976.86,1776.7644
145.7,30523.95,4017.5442,12.647963
1125.2999,12543.66,31029.115,255.50333
26759.2,35342.88,737860.44,2163.812
6272.8496,26425.38,172968.1,677.7231
8504.85,20124.84,234513.45,1207.3235
31691.299,44483.1,873858.56,2036.0138
24164.5,26353.17,666314.0,2620.766
21662.799,38509.68,597331.9,1607.3986
27881.398,40300.14,768804.06,1977.1399
3692.0999,9329.88,101806.27,1130.4786
7691.0996,24326.94,212075.03,902.9615
17987.75,24375.66,495995.75,2108.9368
14825.75,20076.99,408806.5,2110.3833
14049.199,21005.28,387393.8,1911.3707
19821.398,16919.76,546556.94,3348.5703
13206.0,17901.12,364143.38,2108.3086
26080.299,28679.55,719140.4,2599.095
30130.45,28517.73,830819.56,3019.9229
37.199997,5137.35,1025.7559,19.703926
23284.1,17743.65,642037.75,3751.023
43911.5,72152.58,1210819.5,1739.105
84653.25,163708.77,2334236.0,1477.4979
2478.45,46495.41,68340.99,151.41197
9840.949,20351.041,271355.2,1381.609
1860.0,22043.19,51287.797,240.26122
42418.848,71734.98,1169660.9,1689.7401
45760.65,52071.242,1261808.0,2511.715
21551.2,21697.8,594254.6,2838.911
84036.34,100005.63,2317225.2,2401.6565
11567.649,18823.32,318967.34,1756.1056
7347.0,24419.16,202586.8,859.25714
151.9,44514.42,4188.5034,8.756769
34605.3,30057.63,954209.5,3290.826
13467.949,25634.55,371366.38,1501.1896
23184.898,34737.36,639302.4,1907.3472
18186.15,33849.96,501466.47,1535.1428
18465.15,28475.97,509159.62,1853.0579
36014.25,34194.48,993060.0,3010.3923
92316.445,133706.83,2545541.5,1973.1241
14897.05,21137.52,410772.53,2014.0938
49412.45,36088.47,1362503.1,3913.8662
20312.75,16761.42,560105.5,3464.0293
33597.8,54937.89,926428.6,1747.5895
13985.649,34881.78,385641.5,1145.3916
13029.3,19200.03,359271.03,1939.2969
22177.398,26334.9,611521.5,2406.8416
13488.1,22517.34,371922.0,1711.7054
33326.55,35346.36,918949.1,2694.8433
14596.35,20125.71,402481.0,2072.6814
1886.35,13628.55,52014.375,394.7506
19427.7,31631.46,535701.06,1755.1075
12207.8,17618.37,336618.9,1980.165
18170.65,29541.72,501039.06,1757.6672
23432.898,27338.01,646140.75,2449.8013
5914.8,19650.69,163095.19,859.61957
10011.449,21057.48,276056.56,1358.3759
97.649994,24848.07,2692.6094,10.236435
16468.75,27980.07,454110.72,1681.9098
32153.2,31274.76,886595.06,2938.5388
12032.649,37675.35,331789.3,912.17285
58467.547,102599.97,1612189.1,1628.3585
27983.7,43399.95,771624.94,1842.5925
21.699999,10263.39,598.3576,5.0453
2090.95,15444.24,57656.03,386.10257
437.09998,11282.16,12052.632,109.77392
24181.549,30866.73,666784.06,2238.9714
71493.75,83908.02,1971374.8,2435.2036
29553.85,31600.14,814920.4,2673.078
14818.0,28034.88,408592.78,1510.2623
21056.75,24405.24,580620.6,2465.9324
985.8,17489.61,27182.533,160.16016
443.3,12800.311,12223.592,98.02075
15582.149,34537.26,429663.53,1288.9963
10206.75,14867.43,281441.78,1961.9108
17539.799,19693.32,483643.9,2545.5642
1929.75,4818.93,53211.09,1143.984
124342.55,139165.2,3428632.0,2553.6895
18947.2,15566.91,522451.7,3479.099
203.04999,17722.77,5598.9175,31.758224
9909.149,19846.44,273235.72,1426.5875
14153.05,37693.62,390257.4,1072.572
58.899998,5293.08,1624.1135,30.81675
106.95,12165.21,2949.0483,24.13681
89365.25,62751.36,2464165.0,4070.8757
22645.5,34123.14,624428.94,1896.5005
7968.55,19073.01,219725.47,1193.563
5294.8,12533.22,145999.27,1206.9137
13641.55,17135.52,376153.25,2275.2263
26351.549,25644.121,726619.9,2937.1052
15532.55,14057.46,428295.84,3158.2563
123039.0,113734.234,3392687.8,3092.147
24412.5,29600.01,673152.4,2357.139
344.09998,20112.66,9488.242,47.917484
8666.05,5355.72,238958.39,4625.497
32773.2,39404.04,903691.0,2377.0835
7653.9,12675.03,211049.28,1725.5643
80438.8,114271.89,2218026.2,2011.682
15992.899,25213.47,440989.56,1812.6085
16527.65,22327.68,455734.84,2115.4915
9236.45,18474.45,254686.67,1428.4949
4533.75,17516.58,125014.01,739.04346
23439.1,31817.64,646311.75,2105.3083
147234.5,138097.7,4059856.8,3047.4011
23268.6,31299.99,641610.4,2124.5684
13520.649,23878.89,372819.53,1617.946
15086.149,30005.43,415986.78,1436.5653
3964.9,27805.2,109328.484,406.7136
31193.75,51073.35,860139.1,1745.3136
58.899998,15061.44,1624.1135,10.18144
18159.799,33904.77,500739.84,1530.4373
33532.7,48085.77,924633.5,1992.8887
36394.0,35906.64,1003531.25,2897.0376
3932.3499,13519.8,108430.95,830.6314
46380.65,47142.69,1278904.0,2812.0112
177264.19,186153.03,4887898.0,2721.7007
17074.799,18315.24,470821.97,2664.5815
16538.5,25036.86,456034.0,1887.7098
65.1,22593.03,1795.0729,7.238639
148.79999,12739.41,4103.0234,32.396626
31547.148,41459.85,869883.75,2174.6116
16478.049,27462.42,454367.12,1714.5997
11425.05,23007.15,315035.3,1418.856
9579.0,16684.86,264132.16,1640.5216
9002.399,19638.51,248232.92,1309.6863
11491.699,28841.371,316873.1,1138.2455
15752.649,15828.78,434364.9,2844.4775
14256.899,28917.93,393120.97,1408.6357
3634.75,11203.86,100224.91,926.58954
545.6,11998.17,15044.42,129.01945
49.6,3391.26,1367.6746,40.818607
18545.75,30788.43,511382.1,1721.2883
18737.95,30152.46,516681.8,1775.8398
27932.549,32407.5,770214.5,2463.416
11793.949,31114.68,325207.38,1082.7845
35367.9,47729.07,975237.44,2117.7283
20199.6,35258.49,556985.5,1637.0535
6916.0996,13502.4,190705.12,1463.5333
33735.75,47153.13,930232.44,2044.6383
15444.199,36444.3,425859.66,1210.6711
23318.2,28908.36,642978.0,2305.3252
9166.7,17669.7,252763.38,1482.3132
13503.6,32084.73,372349.4,1202.3727
73349.1,82418.58,2022534.4,2543.595
3374.3499,54415.02,93044.61,176.30472
9410.05,23137.65,259473.52,1161.8445
72.85,13531.11,2008.7721,14.393773
16129.3,31492.26,444750.7,1463.4032
28444.049,41581.65,784318.6,1954.8644
8478.5,22766.16,233786.88,1063.825
14861.399,29296.38,409789.5,1449.4232
11869.899,33873.45,327301.62,1000.9283
26.349998,11510.1,726.5771,5.5456157
17417.35,45699.36,480267.47,1088.7351
25652.5,32024.7,707344.25,2289.3066
5101.05,34633.832,140656.78,420.12204
6114.75,22566.06,168608.64,773.7685
18547.299,19604.58,511424.8,2704.0303
8661.399,19086.93,238830.17,1296.481
8289.399,20962.65,228572.61,1129.6439
4388.05,15456.42,120996.46,810.7301
82.149994,22583.46,2265.211,9.400783
128.65,16975.44,3547.406,20.668945
1683.2999,16745.76,46415.457,286.4125
16454.799,25340.49,453726.03,1855.6351
28490.549,32822.49,785600.8,2480.8657
17.05,12762.03,470.13812,2.8199139
22223.898,35763.96,612803.7,1775.739
700.6,18814.62,19318.404,105.46913
8676.899,17135.52,239257.56,1446.8257
19836.898,31615.8,546984.3,1792.984
20201.148,27484.17,557028.2,2100.563
5372.3,17603.58,148136.25,871.586
41417.547,43939.35,1142051.0,2694.1301
159.65,18149.07,4402.2026,24.151478
182.9,21936.18,5043.3,22.839748
22329.299,28282.83,615710.0,2256.362
16106.05,23559.6,444109.6,1953.6552
15110.949,19938.66,416670.6,2165.9294
21467.5,28393.32,591946.7,2160.794
13007.6,20125.71,358672.66,1846.97
51430.547,64174.68,1418150.2,2290.4292
30423.398,32613.69,838897.4,2666.2073
24319.5,43361.67,670587.94,1602.6057
45965.25,38221.71,1267449.8,3437.4958
7495.8,4417.86,206689.83,4850.2656
10336.949,19088.67,285031.9,1547.3378
18142.75,19982.16,500269.75,2595.03
26481.75,45476.64,730210.06,1663.9735
-1.55,14333.25,-42.73983,-1.3091975
43666.598,51095.97,1204066.5,2442.4963
10386.55,18594.51,286399.62,1596.1128
10828.3,18965.13,298580.47,1631.5009
18582.95,66168.72,512407.8,801.9914
17961.4,34412.85,495269.2,1491.3425
252.65,9428.19,6966.5923,75.619606
16586.549,12465.36,457358.9,3803.5227
35034.65,34450.26,966048.4,2906.731
52720.15,107717.31,1453709.9,1398.3943
9363.55,24844.59,258191.33,1076.6003
26221.35,48151.02,723029.75,1556.0356
19959.35,49628.28,550360.8,1148.916
54467.0,78291.3,1501877.8,1988.1567
55429.547,62078.85,1528419.0,2551.9756
9958.75,18783.3,274603.4,1514.9396
92860.5,94238.4,2560543.2,2816.4233
17.05,7717.77,470.13812,5.3165727
75.95,14453.311,2094.2517,14.024825
77994.445,102009.24,2150625.5,2185.1157
248.0,5515.8,6838.373,127.55594
19984.148,34379.79,551044.6,1661.0016
34028.7,49854.48,938310.25,1950.597
23222.1,36044.1,640328.1,1841.1129
10092.05,36575.67,278279.03,787.9256
50390.5,70620.51,1389472.0,2039.1724
32117.549,79507.56,885612.0,1154.0026
17776.95,13893.03,490183.12,3657.5522
6023.3,13081.32,166086.98,1315.5334
34698.3,52364.43,956773.9,1893.6143
15628.649,35401.17,430945.72,1261.2716
29243.85,29179.8,806372.4,2864.5051
12032.649,16102.83,331789.3,2135.5254
16794.25,39054.3,463086.1,1228.5345
75802.75,98536.2,2090191.5,2198.5718
106708.195,53144.82,2942380.8,5739.977
145.7,24995.97,4017.5442,15.666275
13788.8,20048.28,380213.53,1965.5198
47726.047,62781.81,1316002.1,2172.555
32.55,3592.23,897.53644,24.908117
33380.8,42318.54,920445.06,2254.356
19218.45,17985.51,529931.2,3054.2349
49.6,23216.82,1367.6746,5.108406
11911.75,22104.09,328455.62,1539.8201
5307.1997,9222.87,146341.17,1644.3121
8563.75,19227.0,236137.58,1272.5073
6503.8,27278.85,179336.33,680.695
6406.15,20284.05,176643.72,902.0075
39396.348,34944.42,1086318.2,3222.4956
10464.05,26062.59,288536.6,1146.9718
11098.0,23981.55,306017.2,1322.1725
19075.85,29229.39,525999.1,1865.0065
30973.648,30939.81,854070.0,2861.3564
27752.75,45231.3,765256.7,1753.3488
12826.25,16005.39,353672.12,2290.3027
10057.949,18778.08,277338.75,1530.4656
10998.8,25491.0,303281.84,1232.694
15123.35,79032.54,417012.53,546.1307
26334.5,34110.09,726149.75,2206.4517
96.1,15095.37,2649.8696,17.202398
11349.1,17880.24,312941.03,1813.8346
11739.699,25892.94,323711.47,1295.357
16304.449,36456.48,449580.28,1277.7345
25024.75,28586.46,690034.56,2501.9856
7227.65,17149.44,199295.83,1204.0253
15427.149,32291.791,425389.53,1364.9744
12716.199,26467.14,350637.56,1372.7234
27373.0,25387.47,754785.44,3081.847
31251.1,49218.51,861720.5,1814.4564
25263.45,37978.11,696616.5,1900.9902
1328.35,29309.43,36628.035,128.58482
31799.799,49145.43,876850.4,1849.0789
65386.746,39408.39,1802979.8,4743.0586
35.649998,4074.21,983.01605,24.018719
11733.5,19836.87,323540.53,1690.233
85905.65,90351.24,2368769.8,2717.5454
262143.0,191496.58,7228353.5,3913.049
20387.148,25683.27,562156.94,2268.6304
48.05,27789.541,1324.9348,3.9438014
21555.85,37456.98,594382.8,1644.4374
111.6,11852.88,3077.2678,25.920881
17332.1,30564.84,477916.78,1620.3547
83.7,4301.28,2307.951,54.638668
113.149994,13912.17,3120.0076,22.254587
20163.95,26850.81,556002.44,2146.1736
10363.3,23311.65,285758.5,1270.0834
21512.45,27988.77,593186.1,2196.6326
103121.5,124983.33,2843481.0,2358.0989
24.8,17022.42,683.8373,3.165617
14056.949,15696.54,387607.53,2559.567
9393.0,21690.84,259003.38,1237.1604
28702.898,48696.51,791456.2,1684.2987
28202.25,40964.82,777651.25,1967.4379
10791.1,25222.17,297554.7,1222.298
11824.949,21515.1,326062.16,1570.4657
12331.8,29646.121,340038.1,1188.3442
4605.05,14936.16,126980.04,880.54474
13534.6,11952.93,373204.22,3236.5767
17423.549,38735.88,480438.4,1285.0924
11804.8,21091.41,325506.56,1599.3022
89.899994,4016.79,2478.9102,62.992565
50991.9,74341.5,1406055.0,1960.1863
13839.949,25719.81,381623.94,1537.5646
12784.399,20803.44,352518.12,1756.0907
14249.149,25574.52,392907.25,1592.0537
11851.3,20083.95,326788.75,1686.1971
6320.9,14621.22,174293.03,1235.0735
26356.2,56046.27,726748.06,1343.5751
28202.25,29961.93,777651.25,2690.3054
58244.348,90369.51,1606034.6,1841.8113
76418.09,95727.84,2107159.0,2281.4797
5606.3496,12417.51,154589.97,1289.9061
13401.3,25065.57,369528.6,1527.6863
11567.649,31390.47,318967.34,1052.6498
25627.7,42786.6,706660.4,1711.5798
136.4,15699.15,3761.105,23.842035
19003.0,24206.01,523990.34,2243.6465
506.84998,70237.71,13975.925,19.632797
2315.7,15732.21,63853.31,419.8638
17082.549,21722.16,471035.66,2247.5298
15438.0,27492.0,425688.72,1604.5864
4025.3499,10860.21,110995.34,1058.7769
54668.5,78302.61,1507433.9,1995.2268
68.2,25879.89,1880.5525,6.534786
25596.7,45915.992,705805.56,1592.9291
148677.55,134049.6,4099647.2,3170.2383
31982.7,48532.95,881893.7,1883.2019
10.849999,14959.65,299.1788,1.0737541
-3.1,14508.99,-85.47966,-1.6109047
26374.799,25466.64,727260.94,2960.1914
28839.299,33352.32,795217.3,2471.337
9320.149,16590.9,256994.6,1605.2085
26753.0,49129.77,737689.5,1555.9575
35953.8,62065.8,991393.2,1655.3093
23674.7,27548.55,652808.2,2456.1672
49725.547,88883.55,1371136.5,1598.5845
12269.8,23375.16,338328.5,1499.8313
24271.45,28165.38,669263.0,2462.934
108.5,24164.25,2991.7883,11.838239
48890.098,70421.28,1348099.8,1984.0251
8535.85,26623.74,235368.25,915.6988
18307.049,46391.88,504800.12,1127.3021
20367.0,28900.53,561601.4,2013.9778
52546.547,72597.15,1448923.0,2068.539
10447.0,14941.38,288066.47,1998.1708
139.5,31642.77,3846.585,11.60517
6076.0,29641.77,167540.14,585.0877
8718.75,20460.66,240411.56,1217.3823
5776.8496,13936.53,159291.34,1184.183
8776.1,37982.46,241992.92,659.6439
12795.25,21804.81,352817.3,1676.8203
22637.75,59439.27,624215.25,1087.9521
12350.399,22393.8,340550.97,1575.8928
57540.65,35008.8,1586630.8,4698.4443
19078.95,44148.15,526084.56,1234.6371
40386.797,31386.121,1113629.0,3678.1777
2066.15,15659.13,56972.195,376.26215
25229.35,27726.03,695676.25,2600.761
20452.25,30988.53,563952.06,1886.0748
5843.5,23210.73,161129.17,718.8355
52.699997,9844.05,1453.1542,14.306849
22588.148,28363.74,622847.5,2276.016
32373.299,36814.92,892664.1,2513.271
22964.799,30843.24,633233.3,2127.8823
31.0,20083.95,854.79663,3.4132805
13441.6,38244.332,370639.8,1003.9232
21155.95,29861.01,583355.94,2024.7089
38311.348,50520.03,1056400.4,2167.2673
5322.6997,3831.48,146768.58,3971.0474
13991.85,16393.41,385812.47,2439.3652
12479.05,15745.26,344098.38,2265.1084
2957.4,10024.14,81547.59,842.5521
16674.9,22722.66,459795.12,2097.23
144636.7,147200.52,3988224.8,2808.4297
6392.1997,13940.01,176259.06,1310.1013
17468.5,26249.64,481677.9,1901.7479
52286.15,93874.74,1441742.8,1591.5273
28506.049,45796.8,786028.25,1778.7167
20627.398,31552.291,568781.6,1868.2291
19672.6,27345.84,542453.94,2055.93
4983.25,16213.32,137408.56,877.7993
21904.6,24119.88,603999.3,2595.6248
18401.6,34479.84,507407.28,1524.9467
10978.649,25842.48,302726.22,1213.6852
21941.799,38505.332,605025.0,1628.2972
20396.45,22837.5,562413.44,2552.6125
37155.05,58947.72,1024516.56,1801.1871
14649.05,24656.67,403934.16,1697.7288
12238.8,11597.97,337473.72,3016.2122
19748.549,39564.12,544548.2,1426.1929
5235.9,25487.52,144375.16,586.37134
25672.648,36040.62,707899.8,2035.7015
1584.1,43090.23,43680.11,104.112114
17293.35,28726.53,476848.28,1720.2539
21507.799,26037.36,593057.9,2360.8267
23504.2,29831.43,648106.8,2251.7883
11631.199,19621.11,320719.7,1693.923
7794.9497,21033.99,214938.61,1058.5968
30758.2,42879.69,848129.2,2049.9648
4538.4,17058.96,125142.23,759.67505
17769.2,32671.98,489969.4,1554.0393
4566.3,20949.6,125911.54,622.2147
29874.7,36116.31,823767.5,2364.0981
14050.75,22134.541,387436.56,1814.0056
16240.899,21067.92,447827.94,2203.131
31677.35,45438.36,873473.94,1992.3116
1013.69995,11560.561,27951.85,249.71455
7960.8,18715.44,219511.77,1215.2018
25750.148,51509.22,710036.8,1428.3671
15389.949,14006.13,424363.78,3140.724
159.65,30558.75,4402.2026,13.937651
28382.049,78319.14,782609.06,1035.1553
12361.25,17283.42,340850.16,2043.9453
30561.35,36532.17,842701.25,2390.9165
45249.15,66499.32,1247703.9,1944.5491
21335.75,41789.582,588313.8,1458.785
61170.75,84061.14,1686727.5,2079.6428
26866.148,26011.26,740809.44,2952.201
40242.65,62011.86,1109654.2,1854.4993
24868.2,35737.86,685717.9,1988.5956
11987.699,34117.05,330549.84,1003.6466
16129.3,22979.31,444750.7,2005.9082
47454.797,80106.12,1308522.6,1692.8052
39593.2,55925.34,1091746.2,2023.2352
24838.75,18203.01,684905.8,3900.5352
23888.6,35559.51,658706.3,1919.8077
2193.25,3559.17,60476.863,1760.929
14788.55,42267.21,407780.72,999.39374
3372.7998,25762.44,93001.87,373.32822
41057.95,54543.78,1132135.4,2151.291
21566.7,27297.121,594682.0,2257.9978
1.55,8905.32,42.73983,-0.50234187
1728.25,10845.42,47654.914,454.62674
9382.149,18516.21,258704.19,1447.7693
13946.899,23483.91,384573.0,1697.0726
14751.35,24357.39,406754.97,1730.6096
12553.449,31000.71,346149.88,1156.8182
22022.398,28689.121,607247.5,2193.8071
18353.549,24629.7,506082.3,2129.6394
36562.95,33588.09,1008189.9,3111.468
17342.95,26009.52,478215.97,1905.5125
3056.5999,18399.63,84282.945,473.98343
5748.9497,18007.26,158522.03,911.82996
43.399998,25982.55,1196.7152,3.7759185
24773.648,37469.16,683110.7,1889.4491
47764.797,59132.16,1317070.6,2308.581
28757.148,28365.48,792952.06,2897.7095
15.5,16361.22,427.39832,1.7087257
33631.9,54314.97,927368.8,1769.4384
97.649994,11511.84,2692.6094,23.253616
12751.85,22746.15,351620.6,1601.929
60.449997,7172.2803,1666.8534,23.09839
113766.9,125054.67,3137018.2,2600.1477
840.1,34036.14,23164.988,69.57317
2356.0,7162.71,64964.543,939.4742
24254.398,38974.26,668792.9,1778.3511
9902.949,32861.64,273064.78,860.6369
6254.25,21634.291,172455.22,825.57367
22092.148,30289.05,609170.8,2084.4573
25148.75,30043.71,693453.75,2392.3809
13489.649,23505.66,371964.75,1639.8815
12063.649,18521.43,332644.1,1861.3152
10876.35,21983.16,299905.4,1413.6273
16321.499,27132.69,450050.4,1718.9514
43241.9,50489.582,1192355.8,2447.7922
42566.098,50554.832,1173721.2,2406.4106
27974.398,29194.59,771368.44,2738.7275
9913.8,17898.51,273363.97,1582.6976
93.0,10158.99,2564.39,25.17468
18739.5,39812.94,516724.56,1344.8069
16871.75,32739.84,465223.06,1472.4404
24860.45,33184.41,685504.1,2141.0217
79.049995,24507.03,2179.7312,8.222744
31029.45,36767.94,855608.7,2411.98
11375.449,26283.57,313667.6,1236.4657
4322.9497,17590.53,119201.38,701.66815
17608.0,30823.23,485524.5,1632.3561
42215.797,56222.88,1164062.0,2145.8955
15551.149,22665.24,428808.72,1960.7838
13390.449,24092.041,369229.38,1588.1705
2038.2499,9294.21,56202.875,626.0381
-12.4,7549.86,-341.91864,-5.6960397
4584.9,61894.41,126424.42,210.80072
93.0,8466.84,2564.39,30.405853
12703.8,14680.38,350295.66,2473.26
-9.299999,5440.11,-256.43896,-5.887922
7271.05,11365.68,200492.55,1828.1559
14565.35,37276.89,401626.2,1116.1982
8334.35,13250.97,229812.06,1797.3451
22752.45,29112.81,627378.0,2233.5652
3282.9,24271.26,90522.96,385.73575
22578.85,27588.57,622591.1,2339.031
3785.0999,11636.25,104370.664,929.06494
19677.25,25250.01,542582.2,2227.1882
23.25,13096.98,641.0975,4.075756
5550.55,13480.65,153051.33,1176.2646
85914.945,80808.21,2369026.0,3038.9204
17384.799,28459.44,479369.94,1745.5955
5150.65,5971.68,142024.45,2465.1216
5611.0,12039.93,154718.19,1331.4941
2419.5498,15627.811,66716.875,441.67545
8112.6997,18006.39,223700.27,1287.2131
19850.85,40682.94,547369.0,1394.1334
9090.75,17038.08,250669.11,1524.5555
86.799995,25228.26,2393.4304,8.837424
19206.049,34407.63,529589.25,1594.9978
1922.0,12946.47,52997.39,423.4739
40.3,14134.89,1111.2356,7.151952
93110.05,118801.984,2567424.2,2239.8967
27269.148,67547.67,751921.8,1153.2773
22747.799,34046.582,627249.75,1909.3584
18200.1,47675.13,501851.1,1090.518
25677.299,56830.14,708028.0,1290.8723
70311.1,113585.46,1938764.2,1768.9058
27709.35,36319.89,764059.94,2180.3774
28971.049,32197.83,798850.2,2571.685
263.5,26802.09,7265.7715,27.110006
53120.047,34663.41,1464736.8,4380.635
113.149994,7602.06,3120.0076,41.55712
99060.5,78594.06,2731502.8,3602.7927
1412.0499,27906.99,38935.984,143.67252
80.6,23133.3,2222.4712,8.961997
30018.85,45980.37,827742.3,1865.6829
6754.9,34889.61,186260.19,552.5691
29612.75,39525.84,816544.5,2141.134
16763.25,20201.4,462231.28,2371.6067
3155.7998,9531.72,87018.29,945.64496
22270.398,25761.57,614085.9,2470.7507
99485.195,146068.66,2743213.2,1946.3787
25192.148,29270.28,694650.44,2459.8623
37875.8,48378.09,1044390.56,2237.526
3349.5498,11493.57,92360.77,832.25995
17.05,13300.561,470.13812,2.6652484
31482.049,28539.48,868088.7,3153.0308
17.05,7047.87,470.13812,5.916963
53115.4,86022.99,1464608.5,1764.4479
5214.1997,10725.36,143776.78,1389.0317
28571.148,39605.01,787823.3,2061.6548
11094.899,14067.03,305931.7,2254.1213
19384.299,20821.71,534504.3,2660.8445
451.05,10010.22,12437.291,127.83386
16907.4,29685.27,466206.1,1627.4889
17887.0,22191.96,493217.66,2303.5747
8731.149,15312.87,240753.45,1629.286
25627.7,34004.82,706660.4,2153.8555
40989.75,53544.15,1130254.9,2187.8313
34019.4,50366.04,938053.8,1930.2471
17595.6,23724.9,485182.56,2119.5508
37240.3,57586.17,1026867.25,1848.03
28997.398,46180.47,799576.75,1794.3524
1664.7,7482.0,45902.58,635.1613
7393.5,12983.01,203869.0,1627.2598
14360.75,21436.8,395984.53,1914.4292
88.35,12389.67,2436.1704,19.388994
15893.699,25273.5,438254.22,1797.0782
11203.399,40571.582,308923.5,788.545
22180.5,24600.99,611607.0,2576.91
18133.45,29455.59,500013.28,1759.1986
51086.45,76209.39,1408662.1,1915.6652
40002.4,73635.93,1103029.5,1552.2638
23442.2,42817.05,646397.2,1564.419
16823.7,26069.55,463898.12,1844.1724
18497.7,35604.75,510057.12,1484.4524
18615.5,17691.45,513305.38,3007.571
57300.4,51974.67,1580006.1,3151.2083
14453.75,52024.26,398548.94,793.3714
23319.75,27940.05,643020.75,2385.4133
1526.75,11687.58,42098.734,372.50146
28675.0,65716.32,790686.9,1246.611
62.0,16755.33,1709.5933,9.5800495
31416.95,59845.56,866293.6,1500.0013
8314.2,32621.52,229256.47,727.7277
124.0,6255.3,3419.1865,55.67905
19311.45,31901.16,532495.56,1729.8418
35811.2,51050.73,987461.06,2004.6996
66.65,23167.23,1837.8129,7.2257414
33247.5,62148.45,916769.4,1528.5994
21738.75,22911.45,599426.1,2711.8826
20452.25,30621.39,563952.06,1908.7
16595.85,20057.85,457615.38,2364.724
35513.598,61281.93,979255.0,1655.957
24617.1,31821.121,678794.0,2210.9248
19421.5,22136.28,535530.1,2507.5754
6155.05,11000.28,169719.88,1598.8411
16558.65,19895.16,456589.62,2378.7234
19416.85,30147.24,535401.9,1840.536
16834.549,20314.5,464197.28,2368.4326
20847.5,25659.78,574850.75,2322.0046
108.5,7926.57,2991.7883,38.13753
19145.6,30161.16,527922.4,1813.9718
208014.64,207301.86,5735813.5,2868.0605
14413.449,23416.92,397437.7,1758.8966
11065.449,23649.21,305119.62,1336.8313
23524.35,30696.21,648662.44,2190.1992
10535.35,21803.94,290502.62,1380.5385
3544.8499,15846.18,97745.99,638.62036
17181.75,31375.68,473771.03,1564.7529
20084.898,18553.62,553822.7,3094.209
15484.5,28038.36,426970.94,1578.0416
17718.049,22575.63,488559.0,2243.011
23835.898,42125.4,657253.1,1616.8435
299.15,31686.27,8248.787,25.993977
30521.049,36336.42,841590.0,2400.631
11040.649,20425.86,304435.8,1544.4796
3286.0,11220.39,90608.445,836.353
27004.1,35768.31,744613.4,2157.6404
10681.05,18786.78,294520.2,1624.5884
43601.5,37372.59,1202271.5,3334.7786
27498.549,23841.48,758247.3,3296.8093
38446.2,50519.16,1060118.8,2174.9368
71.299995,11038.561,1966.0321,17.468264
17381.7,26752.5,479284.47,1856.7056
22580.398,28979.7,622633.8,2226.854
21098.6,30183.78,581774.56,1997.6143
28564.95,25946.01,787652.4,3146.8345
25655.6,55348.53,707429.7,1324.3331
16634.6,27085.71,458683.88,1754.9863
17690.15,23744.91,487789.72,2129.1492
4856.15,11228.22,133903.89,1235.6027
15920.05,30629.22,438980.8,1485.1323
73225.1,154712.97,2019115.2,1352.2632
27.9,10078.08,769.31696,6.9154463
9647.199,18210.84,266012.7,1513.6779
16988.0,23253.36,468428.56,2087.8418
34354.2,43869.75,947285.6,2238.0493
25409.148,50314.71,700634.0,1442.9232
29983.2,35148.0,826759.3,2438.0818
154821.75,181854.36,4269068.0,2433.2053
19612.148,24434.82,540787.06,2293.9067
98457.55,106172.19,2714876.8,2650.4731
5034.4,21861.36,138818.97,657.44507
23866.898,33998.73,658107.9,2006.1613
14926.5,25646.73,411584.6,1663.083
54146.15,72723.3,1493030.5,2127.84
18787.549,31132.95,518049.47,1724.4359
20463.1,28913.58,564251.25,2022.5714
6448.0,23453.46,177797.7,785.08057
19774.898,30290.791,545274.75,1865.606
16468.75,28150.59,454110.72,1671.7157
7089.6997,14407.2,195491.98,1406.0103
36547.45,54177.51,1007762.5,1927.7992
27779.1,42997.14,765983.25,1846.258
11338.25,21435.06,312641.88,1511.4126
10147.85,15975.811,279817.66,1815.185
5456.0,43226.82,150444.2,359.88602
22729.2,73979.58,626736.9,877.45856
616.89996,56124.57,17010.453,30.427567
4547.6997,23112.42,125398.66,561.5943
28938.5,25584.09,797952.7,3233.112
19322.299,28458.57,532794.7,1940.3091
12860.35,89113.234,354612.38,411.6288
10538.449,16923.24,290588.1,1779.5007
7864.6997,38547.96,216861.9,582.3507
14827.3,28777.86,408849.22,1472.169
21644.2,33896.07,596819.0,1824.7494
31243.35,42067.98,861506.8,2122.513
10243.949,14314.11,282467.53,2045.2189
6674.3,13993.08,184037.72,1362.7709
34910.65,61040.94,962629.2,1634.2557
16608.25,27726.03,457957.3,1711.7155
30166.1,27364.11,831802.6,3151.0046
36779.95,60240.54,1014173.44,1744.7067
26785.549,44263.86,738587.0,1729.2157
22323.1,32778.99,615539.06,1946.1884
124.0,25783.32,3419.1865,12.750923
8582.35,17353.02,236650.44,1413.1001
162.75,6216.15,4487.682,73.859764
26387.2,41387.64,727602.9,1821.9368
11349.1,14299.32,312941.03,2268.3162
56612.2,53029.11,1561029.6,3051.4229
8776.1,8350.26,241992.92,3004.0422
16481.15,19100.85,454452.66,2466.0835
9352.7,19169.58,257892.16,1393.9974
8028.9995,14280.18,221392.31,1606.5953
49.6,16001.04,1367.6746,7.8630342
18634.1,20987.01,513818.25,2537.6733
15836.35,30232.5,436672.84,1496.7179
27808.549,30667.5,766795.3,2591.6802
9555.75,21148.83,263491.06,1290.8956
40848.7,75113.19,1126365.5,1553.9307
22439.35,31032.03,618744.56,2066.517
8779.2,35428.14,242078.42,707.52563
17127.5,28408.11,472275.16,1722.8547
33714.05,35142.78,929634.1,2741.9873
6.2,17741.91,170.95932,-0.0008279085
14552.949,19040.82,401284.25,2184.3164
8390.149,20391.06,231350.69,1175.4646
53678.047,36332.94,1480123.0,4223.2065
11254.55,17697.541,310333.9,1817.2943
193.75,10274.7,5342.479,52.91648
10453.199,20188.35,288237.4,1479.4625
67387.8,77013.27,1858156.9,2500.8696
14211.949,27177.06,391881.5,1494.203
14850.55,28573.41,409490.3,1485.0364
14281.699,21049.65,393804.78,1938.9207
33892.3,44676.242,934549.2,2168.069
151.9,21086.19,4188.5034,19.597223
21607.0,25276.98,595793.25,2443.0962
9645.649,14503.7705,265969.97,1900.5142
80.6,22475.58,2222.4712,9.253524
25621.5,35487.3,706489.44,2063.337
21819.35,31470.51,601648.6,1981.3806
15005.55,18020.31,413764.3,2379.8862
1119.1,74336.28,30858.158,42.044437
3374.3499,8534.7,93044.61,1129.4486
25173.549,40776.9,694137.56,1764.1403
51644.45,83030.19,1424048.5,1777.4294
11124.35,27993.99,306743.75,1135.2106
23645.25,37634.46,651996.1,1795.4171
21695.35,48784.38,598229.44,1270.5542
12908.399,25227.39,355937.3,1462.0159
1864.6499,12836.85,51416.016,414.32477
66964.65,98992.08,1846488.9,1933.1677
38426.047,55173.66,1059563.1,1990.3285
23260.85,36984.57,641396.6,1797.2661
32151.648,35674.35,886552.3,2575.8916
19993.45,29791.41,551301.06,1917.8704
13573.35,21957.93,374272.7,1766.4398
42778.45,93478.02,1179576.6,1307.4723
28351.049,16014.09,781754.25,5060.927
10355.55,22849.68,285544.8,1294.8121
24014.148,28669.11,662168.2,2393.9805
106.95,11350.89,2949.0483,25.94014
24970.5,49815.332,688538.7,1432.2212
24841.85,29247.66,684991.25,2427.5205
17564.6,34452.87,484327.78,1456.6788
5545.9,13942.62,152923.11,1136.3042
18900.7,28139.28,521169.5,1919.4983
7798.05,17236.44,215024.1,1292.5626
10412.899,19107.81,287126.2,1557.1517
44822.9,62307.66,1235950.4,2055.8728
2810.15,10915.0205,77487.31,735.12897
9405.399,22083.21,259345.28,1216.7665
33080.098,33646.38,912153.44,2810.1074
7095.9,18967.74,195662.95,1068.6481
40410.047,49793.582,1114270.1,2319.4114
3216.25,44188.17,88685.15,207.1099
36482.348,60295.35,1005967.4,1729.0074
10160.25,19011.24,280159.6,1527.0688
13663.25,23736.21,376751.62,1644.8551
1390.35,17702.76,38337.63,223.55988
7773.25,22666.11,214340.27,979.56116
11418.85,18566.67,314864.34,1757.4797
65.1,18849.42,1795.0729,8.874884
17663.799,28148.85,487063.1,1793.2065
17809.5,22528.65,491080.66,2259.297
485.15,17958.541,13377.567,76.24208
11231.3,19576.74,309692.8,1639.3579
12651.1,21141.87,348842.5,1709.9365
73597.1,85276.53,2029372.8,2466.6306
27807.0,22286.791,766752.56,3566.431
24.8,3214.65,683.8373,21.058043
1384.1499,15061.44,38166.668,261.76385
14655.25,27083.97,404105.12,1546.141
26441.45,45542.76,729098.75,1659.0259
4922.8,15881.85,135741.7,885.2578
9451.899,22073.64,260627.48,1223.3176
-24.8,36934.98,-683.8373,-2.9198298
2766.75,19821.21,76290.6,398.10645
154641.94,144928.08,4264110.0,3049.8704
24928.648,46263.992,687384.7,1539.6522
26878.549,25119.51,741151.4,3058.452
5386.25,11449.2,148520.92,1344.118
10491.949,22170.21,289305.9,1352.1171
39813.297,67612.05,1097815.2,1682.6548
8371.55,19662.87,230837.83,1216.329
11505.649,24527.91,317257.75,1340.2186
31691.299,36719.22,873858.56,2466.7183
24133.5,27124.86,665459.2,2542.9104
21118.75,21181.02,582330.2,2849.8235
15.5,46597.2,427.39832,-0.04891163
62.0,17207.73,1709.5933,9.301894
3668.8499,29220.69,101165.18,357.99506
17465.4,40350.6,481592.44,1236.5922
43878.95,61752.6,1209921.9,2030.655
22989.6,29499.09,633917.2,2227.2905
21155.95,27051.78,583355.94,2235.0715
3899.7998,8171.91,107533.414,1363.4817
96.1,13492.83,2649.8696,19.364292
2723.3499,6788.61,75093.88,1146.0216
2574.5498,13288.38,70990.86,552.95984
22217.7,31770.66,612632.75,1998.5021
9.299999,4350.0,256.43896,5.1128345
14551.399,19009.5,401241.53,2187.684
13826.0,20135.28,381239.3,1962.3055
18291.549,44922.45,504372.72,1163.2227
61900.797,92255.67,1706857.9,1917.4574
1678.6499,5378.34,46287.234,891.40265
21934.049,22898.4,604811.3,2737.8147
12869.649,21337.62,354868.8,1723.526
26430.6,43816.68,728799.6,1723.7119
33980.65,43445.19,936985.3,2235.3457
12559.649,22517.34,346320.84,1593.8118
22389.75,32987.79,617376.9,1939.6401
19807.45,45581.91,546172.3,1241.4675
18035.799,27640.77,497320.66,1864.6675
52969.7,111097.26,1460591.0,1362.2427
42772.25,48138.84,1179405.6,2539.478
13140.899,23926.74,362348.28,1569.3286
30046.75,44046.36,828511.6,1949.4575
1145.45,9141.96,31584.734,357.24966
32.55,15797.46,897.53644,4.891321
196.84999,52637.61,5427.9585,9.692721
2952.75,16824.06,81419.38,500.8164
19134.75,18427.47,527623.25,2967.972
11724.199,19005.15,323284.06,1762.8468
4868.55,10984.62,134245.81,1266.2538
77.5,24210.36,2136.9917,8.152705
134.84999,11242.14,3718.3652,33.296593
71503.05,83702.7,1971631.1,2441.497
23327.5,51157.742,643234.5,1302.7845
23842.1,62646.96,657424.06,1087.1617
21762.0,29892.33,600067.25,2080.5557
28713.75,29861.88,791755.4,2748.2976
54.25,22184.13,1495.8942,5.9920793
18347.35,21071.4,505911.38,2488.5964
22721.45,35335.92,626523.2,1837.5211
99753.34,66307.05,2750607.2,4300.4688
19396.7,24461.791,534846.25,2266.1934
8202.6,29975.85,226179.19,781.4003
22994.25,28634.31,634045.44,2295.051
209.25,15221.5205,5769.8774,38.30578
26836.7,31882.02,739997.44,2405.7573
17.05,4064.6401,470.13812,10.993647
18789.1,21690.84,518092.22,2475.7295
25446.35,31082.49,701659.8,2339.7695
17656.049,32017.74,486849.4,1575.7101
209.25,15116.25,5769.8774,38.579506
19474.2,22669.59,536983.25,2455.2068
28254.95,39752.91,779104.4,2031.238
15803.8,18742.41,435775.3,2409.9326
30398.6,42862.29,838213.56,2026.8097
25875.7,38544.48,713498.75,1918.4594
449.5,19865.58,12394.552,63.696007
29848.35,44226.45,823040.94,1928.6886
31130.2,67090.92,858386.75,1325.6829
6102.3496,4308.24,168266.7,4048.9172
13009.149,19382.73,358715.4,1918.0353
11917.949,8075.34,328626.56,4218.7793
41394.297,34726.92,1141409.9,3407.1855
45577.75,41480.73,1256764.8,3140.6333
7632.1997,16922.37,210450.92,1288.5481
26077.2,32187.39,719054.94,2315.4568
15885.949,26714.22,438040.53,1699.277
9579.0,19646.34,264132.16,1393.0795
21.699999,14495.94,598.3576,3.2801828
39638.15,57129.42,1092985.6,1982.821
11311.899,55704.36,311915.28,579.62445
21100.148,24004.17,581817.3,2512.3203
138382.45,162886.62,3815769.5,2428.0955
88718.9,98838.09,2446342.5,2565.497
48807.95,54118.35,1345834.5,2577.6653
11583.149,37887.63,319394.75,873.1344
51.149998,5377.47,1410.4144,26.196724
14991.6,24712.35,413379.66,1733.5345
11215.8,21950.1,309265.4,1459.9749
17398.75,12169.561,479754.62,4086.824
8459.899,19488.0,233273.98,1240.2147
53541.65,57255.57,1476362.0,2672.7634
133.3,10989.84,3675.6257,33.680695
10429.949,21045.3,287596.3,1416.0203
5006.5,12656.76,138049.66,1129.9949
29372.5,79364.88,809919.8,1057.1848
12885.149,59546.28,355296.22,617.70526
11359.949,18955.56,313240.22,1712.5184
11307.25,23438.67,311787.06,1378.3453
21780.6,29379.03,600580.1,2118.7341
51137.598,32070.81,1410072.5,4558.1025
8876.85,18537.96,244771.0,1368.1338
3710.7,33775.14,102319.16,313.12872
23307.35,13741.65,642678.9,4848.5674
84268.84,119781.6,2323636.2,2010.5272
11629.649,19706.37,320676.94,1686.3649
8419.6,29352.06,232162.75,819.1661
13830.649,17678.4,381367.5,2235.9104
6021.75,35114.94,166044.25,489.32016
6866.5,13406.7,189337.45,1463.4094
110.049995,11374.38,3034.5278,26.663763
32635.248,40451.52,899887.1,2305.753
10318.35,21018.33,284519.06,1402.6571
5125.8496,12823.8,141340.61,1141.8734
6813.8,15439.89,187884.3,1260.8107
6.2,8297.19,170.95932,1.136533
35316.75,53142.21,973827.06,1899.1598
5268.4497,42005.34,145272.69,357.6141
26177.95,21753.48,721833.0,3439.7717
12.4,8501.64,341.91864,3.1703067
3788.2,15890.55,104456.15,680.621
110.049995,15458.16,3034.5278,19.355473
25536.25,28547.31,704138.75,2556.649
2549.75,16702.26,70307.02,435.48703
20018.25,27329.31,551984.94,2093.3364
12167.5,21240.18,335507.7,1636.918
34699.848,61368.93,956816.56,1615.6947
17659.15,26913.45,486934.9,1875.0715
63.55,10286.88,1752.3331,16.663668
105618.55,94619.46,2912334.8,3190.6018
9.299999,3139.83,256.43896,7.468875
13791.899,21356.76,380299.0,1845.4506
25209.2,32251.77,695120.6,2233.8816
35291.95,50268.6,973143.2,2006.3718
13531.5,20657.28,373118.72,1871.931
13153.3,15575.61,362690.22,2413.5635
108097.0,80495.88,2980676.0,3838.6262
31802.898,53455.41,876935.8,1700.0773
9521.649,17026.77,262550.78,1597.9281
19117.7,33690.75,527153.06,1621.4598
1779.3999,3720.99,49065.324,1366.3008
38901.9,101519.43,1072684.2,1094.6469
11518.05,22077.121,317599.7,1490.7137
2540.45,20020.44,70050.586,361.8157
17649.85,25507.53,486678.47,1977.4342
25550.2,19994.34,704523.4,3652.728
100.75,17501.791,2778.089,15.459307
14588.6,22763.55,402267.28,1831.4097
39910.95,54361.082,1100507.9,2098.1958
18696.1,21988.38,515527.84,2430.122
-1.55,12687.21,-42.73983,-1.3493128
27700.049,41194.5,763803.5,1921.606
11462.25,21192.33,316061.06,1545.4653
5983.0,12711.57,164975.75,1344.7637
8348.3,14386.32,230196.73,1658.1946
10749.25,20195.31,296400.75,1520.8668
20050.799,28495.11,552882.44,2010.9183
34744.8,36064.98,958056.1,2753.5657
15138.85,11404.83,417439.94,3794.3608
37536.348,24761.07,1035030.44,4333.4263
23897.898,34801.74,658962.7,1962.3953
6085.3,8676.51,167796.58,2004.3304
27591.549,31765.44,760811.75,2482.5347
27021.148,45454.89,745083.44,1698.6995
5725.6997,11363.07,157880.94,1439.7277
27469.1,27321.48,757435.3,2873.678
33377.7,49965.84,920359.5,1908.9949
24925.549,26790.78,687299.2,2659.1636
22774.148,38561.88,627976.3,1687.6239
11553.699,23067.18,318582.7,1431.1073
14187.149,22741.8,391197.66,1782.6895
680.44995,6135.24,18762.785,316.11267
3217.7998,7732.56,88727.88,1188.8295
66.65,15804.42,1837.8129,11.057871
16634.6,28635.18,458683.88,1659.9686
29691.799,31316.52,818724.2,2709.8906
20677.0,25323.09,570149.4,2333.6394
36102.598,51769.35,995496.1,1992.9523
30373.799,37684.92,837529.7,2303.52
23236.049,40503.72,640712.8,1639.2739
9062.85,17005.89,249899.78,1522.7522
8470.75,25051.65,233573.19,965.7953
41.85,12191.311,1153.9755,8.815085
20549.898,36620.91,566644.6,1603.4623
125965.4,83956.74,3473380.8,4288.8755
12466.649,56616.12,343756.47,628.5912
16412.95,27347.58,452572.06,1714.9978
24789.148,36439.082,683538.06,1944.1053
20016.7,49077.57,551942.2,1165.1608
184.45,28534.26,5086.04,17.482513
28909.049,38717.61,797140.56,2133.8838
9862.649,16269.0,271953.53,1732.3319
27636.5,47041.77,762051.2,1678.7645
67265.35,97204.234,1854780.5,1977.5873
16922.9,11144.7,466633.5,4340.6562
45711.047,55078.832,1260440.2,2371.9326
16161.85,25340.49,445648.22,1822.5809
-21.699999,10161.6,-598.3576,-7.105857
22676.5,28582.98,625283.75,2267.389
26917.299,40669.02,742219.9,1891.4165
37217.05,36077.16,1026226.1,2948.569
11383.199,29736.6,313881.3,1093.5157
-21.699999,11421.36,-598.3576,-6.432389
25953.2,26323.59,715635.75,2817.998
2749.7,18916.41,75820.46,414.61917
14115.85,28490.76,389231.62,1415.6155
20715.75,30807.57,571217.9,1921.6145
14525.05,31758.48,400514.97,1306.6964
39895.45,37594.44,1100080.5,3033.2314
21583.75,42359.43,595152.2,1455.8867
31244.898,38186.04,861549.5,2338.5024
8754.399,17132.91,241394.56,1459.9799
21613.2,18922.5,595964.2,3264.7996
38799.598,78860.28,1069863.4,1405.7532
49993.7,95174.52,1378530.5,1500.9088
16775.65,24039.84,462573.22,1994.2477
94044.695,70342.98,2593196.5,3821.6328
18657.35,26938.68,514459.34,1979.2618
33052.2,56916.27,911384.2,1659.4009
16899.65,20630.31,465992.4,2341.1836
24434.2,34023.09,673750.7,2052.399
128436.09,113283.57,3541507.8,3240.6726
10319.899,13942.62,284561.78,2115.3137
1233.7999,4584.9,34020.906,768.4208
52791.45,36869.73,1455675.9,4092.9507
5924.0996,15319.83,163351.62,1104.6493
8216.55,19430.58,226563.84,1208.0735
33605.55,58408.32,926642.3,1644.0734
120.899994,7963.98,3333.7068,42.405537
13759.35,19846.44,379401.47,1981.2767
6542.55,18020.31,180404.83,1037.087
22152.6,33100.02,610837.7,1912.5748
39945.047,31226.91,1101448.1,3656.4883
17068.6,19550.64,470651.03,2495.2375
6709.9497,14424.6,185020.72,1329.0393
91.45,15439.0205,2521.65,15.936081
57080.297,61203.63,1573937.0,2665.601
28983.45,36245.94,799192.1,2285.3342
41394.297,45962.1,1141409.9,2574.0735
26846.0,27822.6,740253.9,2757.8677
7066.4497,30694.47,194850.89,657.24884
640.14996,19250.49,17651.549,94.07994
2552.8499,31722.81,70392.5,229.09256
19274.25,24614.91,531469.8,2237.8667
28141.799,28683.03,775984.4,2804.2776
22919.85,30718.83,631993.9,2132.3206
530.1,26073.9,14617.021,57.130062
20225.95,46312.71,557712.06,1247.6989
11108.85,33046.95,306316.38,960.14014
26019.85,37709.28,717473.56,1971.9021
16360.249,45055.56,451118.9,1037.2227
6900.5996,13932.18,190277.72,1415.1744
13444.699,22885.35,370725.28,1678.7417
24448.148,47945.7,674135.3,1456.959
5669.9,15495.57,156342.3,1045.2051
22420.75,27840.871,618231.7,2301.5886
18423.299,27498.96,508005.62,1914.5791
6522.4,13202.25,179849.2,1411.5651
37922.3,51709.32,1045672.75,2095.8862
28673.45,49893.63,790644.1,1642.175
6430.9497,12417.51,177327.56,1479.7769
85113.59,82241.97,2346929.5,2958.0645
31774.998,41010.93,876166.5,2214.312
22448.648,23903.25,619000.94,2684.2346
19914.398,32901.66,549121.3,1729.6067
5313.4,15811.38,146512.14,959.8414
37928.5,56757.06,1045843.7,1909.7101
204.59999,23955.45,5641.6577,23.420261
15079.949,33916.95,415815.8,1270.2533
81415.3,82298.52,2244952.2,2827.5442
6429.4,29766.18,177284.83,616.5844
13943.8,19665.48,384487.53,2026.3353
70794.695,75225.42,1952099.0,2689.8228
689.75,14831.76,19019.225,131.96828
396.8,34675.59,10941.396,31.718758
14277.05,23410.83,393676.6,1742.6957
6579.75,25370.07,181430.6,740.54364
38909.65,23901.51,1072898.0,4653.585
3030.25,9316.83,83556.375,928.94934
16856.25,12298.32,464795.7,3917.8997
9848.699,13059.57,271568.88,2155.2495
11587.8,26294.01,319522.97,1259.0656
26985.5,49402.082,744100.5,1560.8317
99.2,10767.12,2735.349,25.342749
6303.8496,14600.34,173822.89,1233.5022
29.449999,13611.15,812.05676,5.1864204
42770.7,70517.85,1179362.9,1733.1882
8049.15,32176.08,221947.95,714.26324
21507.799,27780.84,593057.9,2212.6023
53079.75,48920.1,1463625.5,3101.348
33266.098,50547.87,917282.2,1880.6895
311.55,9687.45,8590.706,90.953285
14711.05,21451.59,405643.75,1959.7994
94740.65,111946.38,2612386.8,2418.7769
100381.09,77096.79,2767916.8,3721.7566
16836.1,29897.55,464240.03,1609.1074
110.049995,16133.28,3034.5278,18.50367
41169.547,82909.26,1135212.6,1418.7833
17970.7,35277.63,495525.6,1455.5138
22380.45,27871.32,617120.44,2294.9387
23907.2,31281.72,659219.1,2184.1792
42575.4,41209.29,1173977.6,2953.0142
10033.149,20568.541,276654.9,1393.7064
17719.6,21630.81,488601.75,2341.2332
18627.9,32363.13,513647.3,1644.7444
9597.6,25414.44,264645.03,1078.7695
271.25,26218.32,7479.4707,28.58107
35708.9,29735.73,984640.2,3432.5774
85212.8,97850.64,2349665.0,2488.9473
60.449997,10140.72,1666.8534,16.044195
27346.648,36698.34,754058.8,2129.6233
20421.25,22470.36,563097.3,2597.4915
663.39996,13491.96,18292.646,139.58836
26377.898,23957.19,727346.44,3147.135
28045.7,48875.73,773334.5,1639.6729
4087.3499,23284.68,112704.93,500.90384
13384.25,25584.09,369058.44,1494.7983
-7.75,20384.97,-213.69916,-2.0870275
16144.8,7559.43,445178.1,6105.5034
119.35,16359.48,3290.967,19.859404
7.75,13870.41,213.69916,0.5975754
13759.35,36848.85,379401.47,1066.6353
15810.0,17901.99,435946.28,2524.1055
98363.0,91280.4,2712269.8,3080.0818
9895.199,23340.36,272851.06,1211.1769
47386.598,74644.26,1306642.1,1814.1316
17564.6,22935.81,484327.78,2188.6423
11226.649,17440.89,309564.6,1839.4775
23367.799,29801.85,644345.7,2240.938
116.25,3962.85,3205.4873,82.87534
16755.5,22921.02,462017.6,2089.126
2559.0498,10051.11,70563.46,726.9704
52563.598,82128.0,1449393.1,1828.9652
18145.85,30259.47,500355.22,1713.6086
7953.05,8672.16,219298.08,2621.1372
10941.449,12702.0,301700.47,2461.9282
22296.75,36328.59,614812.5,1753.8582
17533.6,23374.291,483472.97,2143.7747
32036.95,37808.46,883389.56,2421.7642
40303.098,37405.65,1111321.0,3079.7058
10292.0,27108.33,283792.5,1084.5405
88890.945,92601.93,2451086.5,2743.647
2721.7998,15228.48,75051.14,510.03262
15656.55,29941.05,431715.03,1494.1267
15997.55,18355.26,441117.8,2490.9648
34823.848,25675.44,960235.75,3877.0005
11463.8,18818.1,316103.78,1740.8142
4028.45,5922.96,111080.82,1943.6799
15806.899,22116.27,435860.78,2042.5431
15284.55,29059.74,421457.47,1502.8687
18989.049,17819.34,523605.66,3045.917
37227.9,52538.43,1026525.25,2025.0045
38085.05,49565.64,1050160.4,2195.9631
35245.45,35061.0,971861.0,2873.2712
10800.399,20319.72,297811.12,1518.7462
12727.05,22200.66,350936.75,1638.1204
26474.0,42169.77,729996.3,1794.0118
35781.75,56656.14,986649.0,1804.7748
28107.7,52414.02,775044.1,1532.299
8232.05,18026.4,226991.25,1304.7137
20252.299,32138.67,558438.6,1800.7538
22806.7,16010.61,628873.9,4071.898
18133.45,24399.15,500013.28,2123.9792
23.25,15608.67,641.0975,3.2589846
7818.1997,19195.68,215579.7,1163.5342
21.699999,14844.811,598.3576,3.179593
3272.0498,21268.02,90223.78,438.88773
19499.0,48747.84,537667.06,1142.6837
16936.85,25341.36,467018.12,1909.9604
6697.55,26848.2,184678.81,712.2631
11665.3,19620.24,321659.97,1698.9673
12475.949,21320.22,344012.88,1672.1345
27300.148,45360.93,752776.6,1719.8065
23108.95,31610.58,637208.1,2089.243
20501.85,22863.6,565319.75,2562.8784
17153.85,37281.24,473001.72,1314.5891
38371.797,39477.99,1058067.2,2778.1125
19038.65,29154.57,524973.4,1866.1471
21052.1,30403.89,580492.4,1978.7723
14675.399,26905.621,404660.72,1558.5378
42346.0,42079.29,1167652.2,2876.352
221.65,12956.91,6111.796,47.911983
13928.3,15552.99,384060.12,2559.5496
19026.25,30209.88,524631.44,1799.749
19878.75,30566.58,548138.4,1858.4788
32689.498,58738.92,901383.0,1590.2239
8323.5,17962.02,229512.9,1323.951
26971.549,30877.17,743715.8,2496.5686
31677.35,47994.42,873473.94,1886.153
18104.0,25892.94,499201.25,1998.1354
8662.95,20445.0,238872.92,1210.512
10149.399,18298.71,279860.4,1584.8746
15937.1,23206.38,439450.94,1962.5901
16589.65,25823.34,457444.44,1835.8506
29192.7,49755.3,804962.0,1676.5826
30017.299,44811.96,827699.56,1914.2551
32356.248,78569.7,892193.94,1176.476
1788.7,16039.32,49321.766,317.86038
23496.45,44773.68,647893.06,1499.4738
4487.25,16064.55,123731.81,797.6577
31268.148,35904.9,862190.56,2488.989
76934.25,64112.91,2121391.5,3430.0198
5314.9497,12062.55,146554.88,1258.8215
65958.695,73618.53,1818750.6,2560.7332
108486.05,112320.484,2991403.5,2760.6199
2397.8499,10130.28,66118.516,675.78314
15771.25,36323.37,434877.78,1240.4492
29380.25,40127.88,810133.5,2092.4292
9544.899,12001.65,263191.88,2272.942
28797.45,26108.7,794063.3,3152.681
155793.6,120026.07,4295866.0,3710.274
8059.9995,17579.22,222247.11,1309.9447
18341.15,28863.121,505740.44,1815.9052
23119.799,34263.21,637507.3,1928.3231
41518.297,68665.62,1144829.0,1727.8176
52.699997,20671.2,1453.1542,6.2894354
14900.149,20283.18,410858.0,2099.4077
33365.3,58311.75,920017.6,1635.0176
19291.299,13774.71,531939.94,4003.313
18316.35,21626.46,505056.6,2420.6003
19940.75,23522.19,549847.94,2422.8892
52907.7,83378.19,1458881.4,1813.3263
15944.85,26348.82,439664.66,1729.2477
44.949997,13610.28,1239.4551,8.443035
36091.75,55152.78,995197.0,1870.0677
41.85,7338.45,1153.9755,15.305725
27323.398,26515.86,753417.7,2945.307
17428.2,52972.56,480566.66,939.6988
14182.5,35974.5,391069.47,1126.2157
18042.0,20344.95,497491.66,2534.5786
14912.55,24682.77,411199.9,1726.456
6849.4497,15914.91,188867.31,1229.5535
76692.445,139285.27,2114724.0,1573.3323
14149.949,27228.39,390171.9,1484.8737
23135.299,30636.18,637934.7,2158.1833
24121.1,55556.46,665117.25,1240.3993
5841.9497,8813.97,161086.42,1894.1136
23153.898,49537.8,638447.56,1335.3998
14566.899,17095.5,401668.94,2435.3198
11731.949,39815.55,323497.78,841.4933
77038.09,39562.38,2124255.0,5566.6523
21211.75,45266.1,584894.6,1338.8384
22747.799,37596.18,627249.75,1728.9941
20478.6,36493.02,564678.6,1603.4989
25827.648,54711.69,712173.75,1348.7511
8269.25,17596.62,228017.0,1342.649
16947.7,18912.93,467317.3,2561.1287
13697.35,18001.17,377691.88,2174.6287
22710.6,30549.18,626224.0,2124.5828
36538.15,34564.23,1007506.0,3021.516
10084.3,21957.93,278065.34,1312.1168
19764.049,34779.12,544975.56,1623.824
22320.0,25717.2,615453.56,2480.5298
15831.699,22999.32,436544.62,1967.1652
4456.25,9276.81,122877.016,1372.4722
15168.3,26025.18,418252.0,1665.4495
1179.5499,14099.22,32525.01,238.20499
5866.75,41339.79,161770.27,404.7685
15354.3,38393.97,423380.78,1142.4469
18869.7,31954.23,520314.7,1687.4398
23102.75,48586.89,637037.2,1358.5449
38.75,16449.09,1068.4958,5.735639
32590.299,55958.4,898647.7,1664.2217
34203.848,46969.56,943139.8,2081.1282
28250.299,37258.62,778976.1,2166.93
13826.0,23739.69,381239.3,1664.2157
4095.0999,11777.19,112918.63,993.19556
19469.549,53605.92,536855.0,1037.4656
15518.6,25905.99,427911.2,1711.7789
32514.35,55574.73,896553.44,1671.8102
16882.6,31515.75,465522.25,1530.6539
10293.55,33796.02,283835.22,869.8605
113.149994,13294.47,3120.0076,23.335064
5042.15,31803.72,139032.67,452.30112
5389.3496,23487.39,148606.39,655.0706
21256.7,27658.17,586134.06,2196.4622
23206.6,20766.9,639900.75,3194.132
8132.8496,6353.61,224255.89,3658.9165
7054.05,18515.34,194508.97,1088.3208
29358.549,34757.37,809535.1,2414.1086
42011.2,44952.9,1158420.4,2671.1226
10380.35,25477.95,286228.66,1163.9211
17457.65,27053.52,481378.75,1844.0621
17389.45,22178.041,479498.16,2240.8762
92474.55,113636.79,2549901.0,2325.7634
3087.5999,18093.39,85137.74,486.92163
7753.0996,18377.01,213784.62,1205.2838
13781.05,19503.66,379999.84,2019.2969
4.6499996,13364.94,128.21948,-0.0052021146
12785.949,25064.7,352560.84,1457.5437
28651.75,43276.41,790045.8,1891.9927
27672.148,30557.88,763034.2,2588.218
18269.85,20726.01,503774.38,2519.3928
37406.15,83036.28,1031440.3,1287.0244
18.599998,20633.791,512.8779,1.5774062
13942.25,20558.1,384444.78,1938.0941
16588.1,23098.5,457401.7,2052.3447
14594.8,27910.47,402438.25,1494.1334
3076.75,16268.13,84838.57,539.7588
10691.899,18236.94,294819.34,1675.3005
13853.899,24282.57,382008.6,1630.2719
22729.2,35944.05,626736.9,1807.032
2352.9,12979.53,64879.062,517.31464
7734.5,12507.12,213271.77,1767.1697
77.5,9667.44,2136.9917,21.921297
3732.4,13458.9,102917.516,791.91675
22358.75,43316.43,616522.06,1474.8556
28988.1,54254.07,799320.3,1526.6941
5359.9,53000.4,147794.34,288.15225
11231.3,32906.01,309692.8,974.89655
25917.549,26219.19,714652.7,2825.3352
10164.899,17333.01,280287.8,1675.788
3743.25,10174.65,103216.695,1050.9094
4522.9,21681.27,124714.83,595.4599
18874.35,40288.832,520442.94,1338.4802
7.75,13848.66,213.69916,0.60008454
35543.05,36832.32,980067.1,2758.1455
57977.75,74036.13,1598683.4,2238.0647
13839.949,23573.52,381623.94,1677.6459
17415.799,28870.08,480224.72,1723.8225
13114.55,36707.04,361621.72,1020.5345
31947.049,107904.36,880910.6,845.5269
4150.9,20926.98,114457.266,566.1327
1.55,13285.7705,42.73983,-0.66642463
1399.6499,13009.98,38594.066,306.60385
10769.399,27500.7,296956.34,1118.6873
26074.1,29736.6,718969.44,2506.0732
20126.75,14603.82,554976.75,3939.5442
27893.799,38547.96,769146.0,2067.975
48573.9,70495.23,1339380.9,1969.1182
13519.1,28253.25,372776.8,1367.133
9532.5,17129.43,262849.97,1590.1566
67801.65,84433.5,1869568.4,2295.0137
13069.6,29138.041,360382.25,1281.481
14746.699,23285.55,406626.75,1809.7451
9825.449,21778.71,270927.78,1288.9392
59572.7,66959.55,1642662.6,2542.8047
21179.2,25035.99,583997.06,2417.7654
14063.149,19916.041,387778.47,2017.964
19463.35,20265.78,536684.06,2745.0173
18330.299,27697.32,505441.22,1891.2599
13923.649,28328.07,383931.9,1404.3519
2503.25,9995.43,69024.83,715.06384
23794.049,23629.2,656099.1,2878.1768
31469.648,31170.36,867746.75,2885.6826
12978.149,31289.55,357860.6,1184.9392
31841.648,43206.81,878004.3,2106.1348
7719.0,21022.68,212844.36,1048.8373
19520.7,42328.11,538265.44,1317.6074
21912.35,37965.93,604213.0,1649.2278
27582.25,27451.98,760555.3,2871.7976
28146.45,19366.2,776112.56,4154.547
34361.95,60235.32,947499.3,1630.0812
11945.85,36146.76,329395.88,943.9235
7030.8,31005.06,193867.88,647.3674
10490.399,33618.54,289263.16,891.1998
15690.649,20067.42,432655.3,2234.622
16857.799,23684.01,464838.38,2034.1415
18255.9,26631.57,503389.75,1958.9973
25779.6,44977.26,710848.9,1637.8234
13280.399,24507.03,366194.88,1548.4211
17859.1,26463.66,492448.34,1928.5616
13488.1,23807.55,371922.0,1618.8882
14058.5,35322.87,387650.28,1136.973
12114.8,38262.6,334054.53,904.2963
17454.549,26412.33,481293.22,1888.5176
15902.999,22968.0,438510.66,1978.7249
17857.549,23981.55,492405.56,2128.088
77225.65,47120.07,2129426.5,4685.0254
38.75,12975.18,1068.4958,7.539006
12327.149,20929.59,339909.88,1683.0343
28808.299,34515.51,794362.5,2385.4497
12145.8,18091.65,334909.3,1918.5388
14678.5,30521.34,404746.22,1374.0771
3180.5999,21113.16,87702.13,429.72968
23894.799,44837.19,658877.25,1522.751
4473.3,16890.18,123347.15,756.256
49733.297,77550.93,1371350.1,1832.6195
29828.2,32464.92,822485.3,2626.01
163297.14,153582.84,4502769.5,3039.079
20982.35,16789.26,578569.1,3572.3174
32.55,13402.35,897.53644,5.944149
26588.7,33928.26,733159.06,2239.704
10068.8,50048.492,277637.94,574.2222
117669.8,117508.29,3244637.0,2862.1592
13154.85,19255.71,362732.94,1952.3286
1173.35,19743.78,32354.053,168.9207
15002.449,42712.65,413678.8,1003.27966
54.25,17141.61,1495.8942,8.048928
83707.75,85370.49,2308164.8,2802.541
9033.399,26854.291,249087.72,960.8039
8042.9497,5914.2603,221776.98,3887.3372
12.4,9514.32,341.91864,2.7264295
4880.9497,10272.96,134587.72,1357.494
36941.15,51251.7,1018618.4,2059.8723
21.699999,27399.78,598.3576,1.2644444
42855.95,70686.63,1181713.6,1732.496
14962.149,23684.01,412567.6,1805.2911
19880.299,29608.71,548181.06,1918.784
8748.2,31511.4,241223.62,792.7797
4095.0999,41059.65,112918.63,284.16635
5048.3496,17003.28,139203.62,847.918
63326.797,108093.15,1746178.5,1674.0908
76370.05,59622.84,2105834.2,3661.3464
269.69998,35938.832,7436.7305,20.45685
14633.55,40408.02,403506.75,1034.4547
5510.25,23958.93,151940.11,656.5865
42294.848,69189.36,1166241.8,1746.8219
68.2,9973.68,1880.5525,18.551401
86.799995,7658.61,2393.4304,31.405502
21837.95,32055.15,602161.5,1946.8838
8906.3,20398.02,245583.06,1247.4131
12855.699,18735.45,354484.16,1960.917
10346.25,30118.53,285288.38,981.19604
587.45,32990.4,16198.396,49.91343
34233.3,39358.8,943951.94,2485.8862
31864.898,35082.75,878645.44,2595.9758
139.5,5489.7,3846.585,71.65652
55417.15,81378.06,1528077.1,1946.0891
23693.299,29320.74,653321.06,2309.4663
25144.1,40983.96,693325.56,1753.168
145.7,13495.44,4017.5442,29.868923
5195.5996,16730.97,143263.9,886.89886
36645.098,49987.59,1010455.06,2095.0552
167.4,9812.73,4615.902,47.776943
16896.549,20814.75,465906.88,2320.0034
127.1,14763.03,3504.6663,23.616089
102.299995,15909.69,2820.8289,17.384968
6578.1997,14787.39,181387.84,1270.9338
13846.149,24624.48,381794.9,1606.7219
8241.35,17908.08,227247.67,1314.8254
100106.75,118050.3,2760352.0,2423.629
8357.6,23744.91,230453.16,1005.3754
5766.0,14566.41,158992.17,1130.8036
57821.2,47237.52,1594366.6,3498.8464
5578.4497,9261.15,153820.64,1721.2555
20633.6,35077.53,568952.6,1680.8799
21636.45,24440.91,596605.3,2530.1484
15345.0,29774.88,423124.34,1472.5533
11738.149,20574.63,323668.72,1630.2351
23708.799,34789.56,653748.44,1947.5414
29231.45,34392.84,806030.5,2429.1401
27247.45,41770.44,751323.5,1864.1157
12052.8,24281.7,332344.94,1418.2467
59454.9,37435.23,1639414.4,4540.0483
15630.199,31339.14,430988.44,1425.0226
15165.199,42798.78,418166.5,1012.1312
13588.85,16909.32,374700.1,2296.7646
12663.5,19495.83,349184.44,1856.2101
111.6,6644.19,3077.2678,47.025417
11181.699,15090.15,308325.12,2117.6697
17090.299,41336.31,471249.34,1181.1346
12725.5,28336.77,350894.03,1283.0251
13288.149,21243.66,366408.56,1787.4802
20277.1,28657.8,559122.5,2022.0751
11321.199,21433.32,312171.72,1509.2609
16096.749,24684.51,443853.12,1863.5012
2692.3499,12714.18,74239.086,604.46936
21210.2,27901.77,584851.8,2172.5117
14990.05,41352.84,413336.9,1035.446
12717.75,13217.04,350680.3,2750.2185
8886.149,18723.27,245027.44,1356.0033
23679.35,28279.35,652936.4,2393.1387
23037.648,27130.95,635242.06,2426.8516
7889.5,16861.47,217545.75,1336.8365
93633.945,119643.27,2581870.5,2236.66
57.35,11213.43,1581.3738,13.623252
27548.148,44430.03,759615.0,1771.8206
26773.148,22402.5,738245.06,3416.0547
10584.949,19824.69,291870.28,1525.6215
18130.35,27959.19,499927.8,1853.0891
16163.399,26177.43,445690.97,1764.447
2554.4,12264.39,70435.24,594.514
26731.299,34497.24,737091.1,2214.5662
19903.549,30376.05,548822.1,1872.4762
2064.5999,16599.6,56929.453,354.6209
22338.6,38868.99,615966.44,1642.2426
4177.25,9031.47,115183.84,1321.4553
12931.649,19162.62,356578.4,1928.5145
26170.2,85807.234,721619.3,871.03143
25303.75,25905.121,697727.75,2791.854
17601.799,25764.18,485353.5,1952.3934
14027.5,27316.26,386795.47,1467.2771
20250.75,33301.86,558395.94,1737.6879
26187.25,41937.48,722089.44,1784.4042
22075.1,28967.52,608700.7,2177.9153
27579.148,48626.04,760469.8,1620.6643
22223.898,46447.56,612803.7,1367.0638
3087.5999,13681.62,85137.74,644.25665
31.0,11265.63,854.79663,6.867834
16425.35,23296.86,452914.0,2014.8873
13520.649,38619.3,372819.53,1000.0186
1097.4,30006.3,30259.803,103.56865
13759.35,24306.06,379401.47,1617.573
12440.3,26297.49,343029.88,1351.588
838.55,25762.44,23122.248,92.06598
124826.15,123072.81,3441966.8,2898.9626
20773.1,31568.82,572799.25,1880.447
137241.64,144569.64,3784312.8,2713.2996
44477.25,74470.26,1226419.5,1706.6705
22718.35,38359.17,626437.7,1692.3882
38.75,4575.33,1068.4958,23.21577
23560.0,29794.02,649645.44,2259.972
8690.85,36764.46,239642.23,674.9009
18410.9,26662.02,507663.75,1973.3811
13077.35,34966.17,360595.94,1068.3519
14387.1,28310.67,396711.12,1452.0217
21562.049,41635.59,594553.75,1479.7246
16947.7,70925.88,467317.3,682.21124
4346.1997,22475.58,119842.484,551.90155
9797.55,19094.76,270158.47,1466.0748
14585.5,55954.05,402181.8,744.3131
11688.55,19762.92,322301.06,1690.058
2741.95,19846.44,75606.76,394.02618
17668.45,42462.09,487191.3,1188.7235
33845.8,41047.47,933267.0,2356.5852
22736.95,27171.84,626950.56,2391.5562
193.75,35211.51,5342.479,14.7328005
939.3,5893.38,25900.338,454.7103
903.64996,30465.66,24917.32,83.80835
179.79999,13388.43,4957.8203,37.398037
11931.899,22696.56,329011.22,1502.1368
20966.85,32468.4,578141.7,1845.3807
21078.45,28971.871,581218.94,2079.2288
19998.1,30530.91,551429.3,1871.8284
2397.8499,9054.96,66118.516,756.15436
12596.85,18735.45,347346.6,1921.4136
37858.75,47721.242,1043920.4,2267.3157
2862.8499,11597.97,78940.47,704.7739
12406.199,21623.85,342089.6,1639.4188
25252.6,28909.23,696317.3,2496.5752
35388.05,53807.76,975793.1,1879.4453
24454.35,35164.53,674306.3,1987.384
26649.148,40843.89,734825.9,1864.5428
29987.85,58132.53,826887.5,1473.9424
16984.9,29031.03,468343.1,1671.8213
24069.95,37684.05,663706.8,1825.2766
80680.59,97262.52,2224693.5,2370.7698
24.8,14138.37,683.8373,4.015351
22143.299,28178.43,610581.2,2245.8523
-3.1,3380.82,-85.47966,-3.621734
14763.75,25024.68,407096.9,1685.8527
21366.75,31334.791,589168.56,1948.668
15095.449,29473.86,416243.22,1463.3943
12210.899,23356.89,336704.38,1493.7949
13985.649,10725.36,385641.5,3727.3762
24.8,9971.94,683.8373,6.1108413
8800.899,15439.89,242676.75,1628.7908
24468.299,32773.77,674690.94,2133.6484
53992.7,48680.85,1488799.2,3170.2163
46425.598,87356.7,1280143.4,1518.5334
10253.25,43751.43,282724.0,669.06714
10082.75,16854.51,278022.6,1709.4557
34315.45,34791.3,946217.1,2819.1228
34.1,16469.1,940.27625,4.9201603
164.29999,7913.52,4530.422,58.363132
29011.35,27760.83,799961.44,2987.0266
55.8,11034.21,1538.6339,13.459123
17246.85,24335.64,475566.1,2025.3572
21687.6,22870.56,598015.75,2710.3384
15546.5,25128.21,428680.53,1767.9683
13001.399,22422.51,358501.7,1656.8867
28282.85,23099.371,779873.7,3499.8376
9079.899,19668.96,250369.92,1318.9231
7639.9497,15258.93,210664.62,1430.5793
327.05,13313.61,9018.1045,69.23722
30538.1,99025.14,842060.2,880.7502
18.599998,10716.66,512.8779,3.9625216
10899.6,14382.84,300546.5,2165.7805
20247.648,26708.13,558310.4,2166.6047
93531.65,103322.94,2579049.8,2587.2776
38193.547,49796.19,1053152.1,2192.0212
19244.799,27813.03,530657.75,1977.3999
18652.7,27156.18,514331.12,1962.9119
20278.648,28236.72,559165.2,2052.401
316.19998,29112.81,8718.925,30.054651
12179.899,21419.4,335849.6,1624.8684
11848.199,24899.4,326703.25,1359.5436
20015.148,26076.51,551899.44,2193.6152
5009.5996,15250.23,138135.12,938.2379
48043.797,57573.12,1324763.8,2384.9788
43785.95,50885.43,1207357.5,2459.3127
71.299995,14747.37,1966.0321,12.8236885
20708.0,14535.09,571004.2,4072.516
26859.95,25166.49,740638.5,3050.6274
22169.648,55654.77,611307.75,1137.9519
11700.949,38356.56,322642.97,871.2288
4894.9,18069.03,134972.39,773.5652
74.399994,13097.85,2051.5117,15.241341
169284.8,150402.98,4667873.5,3217.1814
48.05,14080.08,1324.9348,8.757471
23349.2,34840.02,643832.8,1915.2076
23.25,12587.16,641.0975,4.2813406
-4.6499996,13813.86,-128.21948,-1.9624692
15833.25,30452.61,436587.38,1485.6014
21873.6,43287.72,603144.5,1443.7894
108371.34,72319.62,2988240.8,4283.571
4890.25,8423.34,134844.17,1658.9529
128594.195,120818.64,3545867.2,3042.2415
5663.6997,17891.55,156171.34,904.10974
20845.95,39197.85,574808.0,1519.577
17333.65,24578.371,477959.56,2015.443
660.3,28235.85,18207.168,65.86355
20134.5,24833.28,555190.44,2317.226
22809.799,45186.06,628959.3,1442.331
35467.098,35929.26,977972.75,2821.4504
12967.3,23331.66,357561.44,1588.1062
29034.6,44271.69,800602.5,1874.1616
16577.25,26674.2,457102.5,1775.9291
62.0,16300.32,1709.5933,9.875382
38598.098,57131.16,1064307.2,1930.7097
124.0,15988.86,3419.1865,21.174465
20222.85,46905.18,557626.56,1231.7373
8208.8,17167.71,226350.14,1366.1503
26491.049,38228.67,730466.44,1980.3397
23136.85,29355.541,637977.44,2252.5288
2824.0999,14912.67,77871.97,540.469
42790.848,91605.78,1179918.5,1334.6018
2123.5,27297.121,58553.57,221.4254
34.1,12787.26,940.27625,6.624754
17377.049,26444.52,479156.22,1877.8379
124613.8,141033.1,3436111.5,2525.3533
11704.05,20920.89,322728.47,1598.5764
119368.59,142311.98,3291479.8,2397.2673
28096.85,38682.81,774744.94,2075.7712
23879.299,33174.84,658449.8,2057.0776
101218.09,116377.29,2790996.2,2485.7886
4316.75,17198.16,119030.43,716.6685
17580.1,30363.871,484755.16,1654.439
21751.148,31552.291,599768.0,1970.062
32191.95,39953.88,887663.56,2302.7605
16451.7,31012.89,453640.56,1515.7623
23062.45,32063.85,635925.94,2055.5476
11366.149,36417.332,313411.2,891.38916
12796.8,25679.791,352860.06,1423.8164
25482.0,30238.59,702642.8,2408.4668
9960.3,20914.8,274646.16,1360.6569
71262.8,82138.44,1965006.4,2479.6494
9778.949,17274.72,269645.6,1617.5652
18913.1,24176.43,521511.4,2235.7607
2642.75,16510.86,72871.414,456.65204
84389.75,107382.36,2326970.2,2246.014
27923.25,28533.39,769958.06,2797.0894
9473.6,18250.86,261225.84,1483.1599
30322.648,34719.09,836119.3,2496.1682
13388.899,40408.02,369186.66,946.3846
395.25,12243.51,10898.657,91.30282
2111.0999,32022.96,58211.65,187.49347
85.25,14511.6,2350.6907,15.796858
18972.0,29339.88,523135.53,1847.8589
2207.2,11430.93,60861.52,551.089
23823.5,36417.332,656911.25,1869.4515
44367.2,79659.81,1223384.9,1591.4716
34540.2,48231.06,952414.4,2046.609
4786.4,11812.86,131980.6,1157.5183
-17.05,9893.64,-470.13812,-5.927394
15496.899,24109.44,427312.8,1836.8358
22616.049,11074.23,623616.9,5838.1846
28231.7,45210.42,778463.25,1784.449
3811.45,15470.34,105097.24,703.43243
33914.0,92839.44,935147.5,1043.4689
123649.695,130001.49,3409527.2,2718.529
20845.95,31902.9,574808.0,1867.2738
171084.34,192333.52,4717494.5,2542.3394
1523.6499,4479.63,42013.254,971.50555
10200.55,20928.72,281270.84,1392.5736
66.65,9596.97,1837.8129,18.857065
22479.648,36440.82,619855.75,1762.8041
7472.55,22238.94,206048.72,959.7353
4419.05,18655.41,121851.26,676.28754
14376.25,20585.94,396411.94,1995.751
29214.398,30402.15,805560.3,2746.525
7732.9497,19218.3,213229.02,1149.4803
64348.246,95730.45,1774344.0,1920.9213
10222.25,51259.53,281869.2,569.19165
49623.25,69493.86,1368315.8,2040.6804
8926.45,20264.91,246138.7,1258.4563
16919.799,29718.33,466547.97,1626.8702
82.149994,32492.76,2265.211,6.2288623
21861.2,43215.51,602802.56,1445.3829
151290.84,92588.88,4171706.5,4670.9995
14709.5,43548.72,405601.0,964.76514
26887.85,16144.59,741407.9,4760.876
5375.4,26932.59,148221.73,569.6655
68200.0,67733.85,1880552.6,2877.9067
35752.3,41820.9,985837.0,2443.3289
20119.0,36444.3,554763.0,1577.4315
14799.399,23823.21,408079.9,1775.2037
12049.699,18931.2,332259.44,1818.8981
15137.3,23396.041,417397.2,1848.929
167052.8,140662.47,4606328.0,3394.662
48714.95,64148.582,1343270.1,2170.3218
17079.45,26609.82,470950.2,1834.1895
34214.7,60605.07,943439.06,1613.183
30643.5,46531.082,844966.5,1881.9735
28338.648,31112.07,781412.3,2603.3494
4281.1,12041.67,118047.42,1015.5241
25165.799,36141.54,693923.9,1989.9165
22794.299,33292.29,628531.94,1956.6343
79863.75,100716.42,2202169.8,2266.2446
12145.8,39590.22,334909.3,876.17694
68423.195,78188.64,1886707.0,2501.1233
13833.75,27843.48,381453.0,1419.579
5372.3,16310.76,148136.25,940.74866
21768.2,29868.84,600238.2,2082.7861
1768.5499,12205.23,48766.145,413.30515
41966.25,63622.23,1157181.0,1884.9939
14407.25,36880.17,397266.75,1115.9589
20294.148,24846.33,559592.56,2334.3801
3022.5,10847.16,83342.67,795.7081
14335.949,22911.45,395300.7,1788.0516
12945.6,22526.041,356963.06,1642.1843
28574.25,24466.14,787908.8,3338.3223
3186.7998,9981.51,87873.086,911.86707
7424.5,19426.23,204723.8,1091.7672
9406.95,22019.7,259388.05,1220.4802
24339.648,40193.13,671143.56,1730.4562
10106.0,23188.11,278663.72,1245.1289
9375.95,24922.89,258533.25,1074.6373
27594.648,48820.05,760897.2,1615.1276
38204.4,52147.8,1053451.4,2093.722
-3.1,12620.22,-85.47966,-1.7023342
32.55,15851.4,897.53644,4.871274
42846.65,51235.17,1181457.1,2390.0996
126901.59,124643.164,3499195.2,2910.0361
7182.6997,30185.52,198056.38,679.3589
23673.148,46972.17,652765.44,1440.0013
24677.549,95567.76,680460.8,737.31146
26391.85,24403.5,727731.1,3091.1938
42508.75,23727.51,1172139.9,5121.4194
31127.1,38065.98,858301.3,2337.033
40250.4,67994.85,1109867.9,1691.5564
21393.1,45783.75,589895.1,1335.015
2018.1,14847.42,55647.26,387.6339
33404.05,57500.04,921086.1,1660.0397
11012.75,17536.59,303666.5,1794.5587
20.15,5040.78,555.6178,10.429476
16758.6,24657.541,462103.06,1942.287
32771.65,125967.3,903648.25,742.85706
63.55,25458.81,1752.3331,6.1371765
6792.0996,17589.66,187285.94,1103.0675
23420.5,47535.06,645798.9,1407.7408
23901.0,28031.4,659048.2,2436.9246
23449.95,32222.19,646610.9,2079.8264
119.35,36447.78,3290.967,8.362682
9746.399,58121.22,268748.06,478.46677
11722.649,19619.37,323241.34,1707.4008
25699.0,29770.53,708626.44,2467.1904
40247.297,73994.37,1109782.4,1554.2028
16212.999,24531.39,447058.62,1888.6884
34.1,3331.23,940.27625,28.268383
11665.3,19526.28,321659.97,1707.1476
15766.6,20592.9,434749.56,2188.1196
71972.695,80434.11,1984581.2,2557.4475
5869.8496,17268.63,161855.73,970.89215
10330.75,13005.63,284860.97,2270.169
35487.25,41865.27,978528.44,2422.6362
126876.8,88475.52,3498511.5,4099.2285
29518.2,37542.24,813937.3,2247.1157
198.4,11885.94,5470.698,46.726223
9924.649,17213.82,273663.12,1647.4922
13684.949,25052.52,377349.97,1560.8552
39847.4,54716.04,1098755.5,2081.2568
88.35,38440.082,2436.1704,5.571602
24810.85,43676.61,684136.5,1623.2084
6203.0996,23924.13,171044.8,740.34705
6083.75,28285.44,167753.84,613.9749
23901.0,31212.99,659048.2,2188.4229
2731.0999,14919.63,75307.58,522.39374
578.14996,22443.39,15941.956,72.65479
40729.348,57587.04,1123074.5,2021.2352
30232.75,61002.66,833640.44,1416.0262
1746.85,8445.09,48167.79,590.42584
12697.6,25475.34,350124.7,1424.1173
9499.95,12459.2705,261952.44,2179.1064
19987.25,93411.9,551130.1,610.78644
43689.848,92012.94,1204707.6,1356.6276
6082.1997,18207.36,167711.1,954.13043
19263.398,27258.84,531170.56,2019.5728
25697.45,30608.34,708583.6,2399.4863
7258.65,33013.02,200150.62,627.6654
27565.2,41592.09,760085.1,1893.957
8143.6997,9350.76,224555.06,2489.1404
48177.098,67598.13,1328439.4,2036.7689
78408.3,85151.25,2162037.0,2631.8127
17649.85,25036.86,486678.47,2014.627
12843.3,26816.01,354142.25,1368.4037
25173.549,45424.44,694137.56,1583.5422
26.349998,9051.48,726.5771,7.323576
5115.0,6151.77,141041.45,2376.358
18640.299,26601.121,513989.2,2002.5581
16261.05,25015.98,448383.56,1857.5747
18465.15,25588.44,509159.62,2062.2793
5454.4497,20380.62,150401.47,764.21344
16893.45,20123.1,465821.4,2399.3384
2218.05,9817.95,61160.7,644.95087
31846.299,37460.46,878132.56,2429.7195
66967.75,81622.53,1846574.5,2344.8738
11161.55,24631.44,307769.53,1294.6381
21441.148,29821.86,591220.06,2054.7122
262143.0,182475.55,7228353.5,4106.5474
25055.75,52401.84,690889.4,1366.1301
15489.149,20808.66,427099.12,2127.298
8779.2,65573.64,242078.42,381.80243
48434.4,67538.1,1335534.2,2049.473
24178.45,47578.56,666698.6,1452.0018
48.05,11176.89,1324.9348,11.291967
5762.9,8452.05,158906.69,1948.5214
13855.449,26094.78,382051.34,1517.1545
22174.299,26189.61,611436.0,2419.8608
11623.449,17495.7,320505.97,1898.5585
27731.049,29348.58,764658.3,2700.6443
7112.9497,26862.99,196133.08,756.08453
2024.2999,21212.34,55818.22,271.85712
2827.2,25430.97,77957.45,316.8649
4859.25,28001.82,133989.38,495.1717
8176.2495,17063.31,225452.6,1369.0608
16526.1,15779.19,455692.1,2993.5713
48.05,22524.3,1324.9348,5.0994554
32365.549,52079.94,892450.4,1775.8938
22854.75,30705.78,630198.8,2127.165
11755.199,21090.541,324138.88,1592.6439
9802.199,10744.5,270286.7,2607.473
10057.949,25491.871,277338.75,1127.1237
18355.1,25071.66,506125.1,2092.2576
145.7,28851.81,4017.5442,13.438945
5634.25,15864.45,155359.3,1014.4536
21653.5,35043.6,597075.44,1765.7225
1142.35,8524.26,31499.256,382.16998
13190.5,33010.41,363715.97,1141.5082
25675.75,34124.88,707985.3,2150.3003
24069.95,33196.59,663706.8,2072.15
36359.9,59299.2,1002590.94,1752.1653
22110.75,47072.22,609683.7,1342.0364
25330.1,48673.89,698454.3,1486.9551
1291.1499,15840.96,35602.277,232.04735
15017.949,23645.73,414106.22,1814.9625
23282.549,49148.91,641995.0,1353.4583
76945.09,59899.5,2121690.5,3671.8796
8875.3,23206.38,244728.27,1092.5146
17346.049,47682.96,478301.44,1039.127
28670.35,43032.81,790558.7,1903.9445
3188.3499,19511.49,87915.83,466.2233
13937.6,19090.41,384316.56,2086.477
18703.85,29632.2,515741.53,1803.7461
1971.6,17984.64,54365.066,312.44836
2303.3,16334.25,63511.39,402.18124
14980.75,49684.832,413080.47,861.1021
13247.85,24541.83,365297.34,1542.4319
20571.6,39594.57,567243.06,1484.53
33301.75,37934.61,918265.3,2509.0388
10174.199,21025.291,280544.25,1382.5895
19291.299,19753.35,531939.94,2791.349
25244.85,40334.94,696103.6,1788.5356
22372.7,30309.06,616906.7,2109.5464
29711.95,28492.5,819279.8,2980.6013
28307.648,27113.55,780557.5,2984.1516
8196.399,20454.57,226008.22,1144.7286
21142.0,26486.28,582971.3,2281.3071
10769.399,31217.34,296956.34,985.38074
26032.25,39674.61,717815.5,1875.0657
21802.299,39580.65,601178.44,1573.9558
7467.9,14918.76,205920.52,1430.2477
14419.649,18693.69,397608.66,2204.5083
11296.399,32263.95,311487.88,1000.08624
23439.1,33020.85,646311.75,2028.559
14537.449,29439.06,400856.88,1410.9303
20819.6,27592.05,574081.44,2156.4333
42508.75,53351.01,1172139.9,2277.1624
21554.299,28072.291,594340.06,2194.3562
70213.445,90499.14,1936071.5,2217.3232
26825.85,30491.76,739698.25,2514.4749
17522.75,30926.76,483173.8,1619.0068
14340.6,25298.73,395428.9,1619.7557
25099.148,20393.67,692086.06,3517.946
14633.55,12050.37,403506.75,3471.1484
5251.4,9204.6,144802.55,1630.245
9027.2,12029.49,248916.78,2144.63
20292.6,28162.77,559549.9,2059.2092
19452.5,29185.02,536384.9,1904.7434
11263.85,25437.06,310590.34,1265.1027
117.799995,8124.06,3248.227,40.45922
13994.949,24887.22,385897.94,1606.8441
27799.25,18014.22,766538.9,4411.316
16335.449,21303.69,450435.06,2191.4275
6010.9,25465.77,165745.06,673.888
31488.25,33517.62,868259.7,2685.1133
28304.549,30454.35,780472.06,2656.3938
13443.149,14461.14,370682.56,2656.9543
17229.799,23800.59,475095.94,2068.8623
8376.2,22908.84,230966.06,1044.4252
42115.047,60266.64,1161283.9,1997.0635
13550.1,17514.84,373631.6,2211.001
5372.3,13784.28,148136.25,1113.359
49.6,12167.82,1367.6746,10.655149
16154.1,23966.76,445434.53,1926.1808
80.6,9790.98,2222.4712,22.537365
121747.84,88308.484,3357085.5,3940.9202
16416.049,20174.43,452657.53,2325.5713
33814.8,47060.91,932412.2,2053.4495
6564.25,21248.88,181003.19,882.2793
5282.4,3546.12,145657.34,4258.188
28572.7,28450.74,787866.06,2870.486
35.649998,9854.49,983.01605,9.343662
5776.8496,16686.6,159291.34,988.8564
19189.0,26244.42,529119.1,2089.5684
18068.35,30722.31,498218.22,1680.5648
10862.399,11398.74,299520.72,2723.695
11973.75,20309.28,330165.2,1684.717
27856.6,33069.57,768120.25,2407.5105
12009.399,22368.57,331148.2,1534.0836
25247.95,37831.95,696189.1,1907.167
10516.75,29899.291,289989.75,1004.70276
142598.45,126019.5,3932022.0,3234.3857
11869.899,21429.84,327301.62,1582.7153
3792.8499,6591.12,104584.37,1644.3391
978.05,9920.61,26968.834,280.8848
23691.75,30898.05,653278.3,2191.376
22966.35,46534.56,633276.06,1410.1246
15052.05,57304.29,415046.5,750.0304
29696.45,49304.64,818852.44,1721.1292
19018.5,27311.91,524417.75,1990.0089
54284.098,69064.95,1496834.4,2246.3147
4102.85,18808.53,113132.336,622.7058
32122.2,53794.71,885740.25,1706.3191
55.8,26267.91,1538.6339,5.0737605
17516.549,27044.82,483002.8,1850.8826
24.8,18125.58,683.8373,2.912089
5507.15,14412.42,151854.62,1091.5441
22485.85,31261.71,620026.75,2055.5798
68.2,33354.06,1880.5525,4.846348
23093.45,31938.57,636780.75,2066.3896
82.149994,19649.82,2265.211,10.953579
66233.05,48847.02,1826315.6,3875.9094
23504.2,40019.13,648106.8,1678.2943
12189.199,10942.86,336106.03,3183.8818
7312.9,16283.79,201646.53,1283.0536
18.599998,10356.48,512.8779,4.1351094
11752.1,19786.41,324053.4,1697.2338
19658.648,34140.54,542069.25,1645.3883
69009.1,72499.71,1902862.9,2720.5674
9296.899,23258.58,256353.5,1141.8887
14106.55,10934.16,388975.22,3687.7937
8689.3,18094.26,239599.5,1372.0709
21227.25,29681.791,585322.0,2043.8085
24502.398,22081.47,675631.25,3171.7046
11846.649,24440.041,326660.53,1384.9342
44.949997,12012.96,1239.4551,9.698641
4242.35,11560.561,116978.92,1048.2443
10522.949,19635.9,290160.7,1531.2711
8946.6,23565.69,246694.3,1084.4926
25139.45,33095.67,693197.3,2170.8687
6063.5996,66749.01,167198.22,258.73755
20768.45,22492.11,572671.0,2639.1152
5077.8,43505.22,140015.69,332.72076
26505.0,32786.82,730851.1,2310.4128
17697.9,27304.95,488003.4,1852.2302
3448.75,18783.3,95096.125,523.97516
483.59998,6805.14,13334.827,202.18808
10859.3,22233.72,299435.25,1395.4927
27518.7,27446.76,758802.94,2865.7236
16028.55,23245.53,441972.6,1970.5317
26539.1,41149.26,731791.4,1843.0518
4070.2998,30411.72,112234.8,381.6788
14711.05,22207.621,405643.75,1893.0464
21814.7,45930.78,601520.4,1356.9832
6637.0996,22569.541,183011.95,839.82306
15997.55,22544.31,441117.8,2027.9227
26906.45,55048.38,741920.75,1396.5292
22048.75,30862.38,607974.1,2041.6952
57.35,4944.21,1581.3738,32.16542
6758.0,29027.55,186345.67,664.6666
17950.549,21509.88,494969.97,2385.1006
5611.0,13545.9,154718.19,1183.3535
12795.25,26535.0,352817.3,1377.7283
29186.5,53458.89,804791.06,1560.0294
12257.399,16366.44,337986.56,2140.3767
14109.649,23759.7,389060.7,1696.9476
101667.59,94831.74,2803391.0,3064.3342
113.149994,5230.44,3120.0076,60.853645
5849.6997,29704.41,161300.12,562.06903
83.7,14667.33,2307.951,15.316364
15168.3,20292.75,418252.0,2136.1992
1467.85,21036.6,40474.62,198.50562
142090.05,171551.83,3918003.0,2367.194
2304.8499,8955.78,63554.125,734.84814
65.1,14237.55,1795.0729,12.0735855
12243.449,27358.89,337601.9,1278.5413
22178.95,18370.05,611564.25,3451.07
48025.2,41013.54,1324250.9,3347.042
8376.2,16677.9,230966.06,1435.0007
29057.85,37417.832,801243.6,2219.4133
1852.25,11108.16,51074.098,475.76727
34631.65,36537.39,954936.0,2709.0957
3921.5,35727.42,108131.77,312.83368
54118.25,82218.48,1492261.2,1881.016
74894.445,124629.24,2065145.9,1717.2196
23580.148,34503.332,650201.0,1953.0446
7156.3496,13701.63,197329.8,1492.373
35969.3,38341.77,991820.56,2681.3093
43108.598,63237.69,1188680.1,1948.1124
31286.75,33869.1,862703.5,2640.2273
10057.949,25707.63,277338.75,1117.6555
6006.25,6320.55,165616.84,2716.0493
595.19995,11378.73,16412.094,148.5609
73006.55,49921.47,2013088.8,4180.417
2239.75,15480.78,61759.06,412.6716
22360.299,51595.35,616564.8,1238.1277
19605.95,28791.78,540616.1,1946.0107
65081.4,69745.29,1794560.0,2667.0317
34365.05,40238.37,947584.8,2440.8872
14760.649,22784.43,407011.4,1851.3212
29880.898,25835.52,823938.44,3305.9333
23750.648,23431.71,654902.4,2897.1472
16795.799,25212.6,463128.78,1903.7239
6497.5996,30033.27,179165.36,617.5849
29298.1,41581.65,807868.3,2013.5903
38012.2,30396.93,1048151.6,3574.5452
19530.0,31632.33,538521.9,1764.3063
213.9,8641.71,5898.0967,69.771774
5023.55,8847.03,138519.8,1622.5371
5477.6997,31420.05,151042.56,497.4715
23076.398,33816.9,636310.56,1950.1167
27819.398,29758.35,767094.44,2671.932
17249.95,31205.16,475651.56,1579.5579
55014.15,70773.63,1516964.9,2221.552
96.1,5291.34,2649.8696,50.928616
4615.9,20547.66,127279.22,641.3075
71.299995,4232.55,1966.0321,47.16554
34828.5,43720.11,960364.0,2276.7314
2577.65,11602.32,71076.336,634.22565
7914.3,22719.18,218229.58,995.02185
7150.15,35797.02,197158.84,570.10675
25387.45,43022.37,700035.7,1686.2278
3149.5999,24192.96,86847.336,371.2334
119.35,11959.89,3290.967,27.532791
20593.299,42893.61,567841.4,1371.7212
3893.5999,9598.71,107362.45,1158.8115
11119.699,19045.17,306615.53,1668.3877
74.399994,8365.05,2051.5117,24.43041
5150.65,22115.4,142024.45,664.911
11837.35,19589.791,326404.1,1726.7213
14954.399,25388.34,412353.88,1683.1613
51.149998,7391.52,1410.4144,18.78613
2526.5,12099.09,69665.93,596.05676
20.15,15677.4,555.6178,2.6749375
15538.75,23234.22,428466.8,1911.2161
18057.5,32342.25,497919.03,1595.3804
17625.049,35377.68,485994.6,1423.4591
7153.25,19364.46,197244.33,1055.202
5510.25,12439.26,151940.11,1265.56
19131.648,33789.06,527537.7,1617.9196
59845.5,79472.76,1650184.9,2152.09
18555.049,28589.94,511638.5,1854.6577
24009.5,24825.45,662040.0,2764.2537
150.34999,14368.92,4145.7637,28.917707
12046.6,19693.32,332173.97,1748.019
23944.398,43988.07,660244.9,1555.3884
45542.098,67139.64,1255781.6,1938.4697
5434.3,34349.34,149845.84,451.34958
9117.1,50331.242,251395.69,516.9264
18668.2,25327.44,514758.53,2106.4639
0.0,5208.69,0.0,-1.0
17169.35,29541.72,473429.12,1660.7552
19695.85,22878.39,543095.06,2460.491
190.65,11631.03,5256.999,45.867046
11073.199,23685.75,305333.34,1335.7031
38215.25,55311.992,1053750.5,1974.4514
18654.25,26160.03,514373.88,2037.8655
2582.2998,12587.16,71204.555,585.5809
12506.949,16904.97,344867.7,2114.3682
13181.199,29072.791,363459.5,1295.3347
17214.299,23938.05,474668.53,2055.125
12482.149,19621.11,344183.84,1817.925
21555.85,28512.51,594382.8,2160.6167
47718.297,55179.75,1315788.4,2471.6018
7187.3496,11420.49,198184.6,1798.422
37.199997,14535.96,1025.7559,6.317255
28681.2,43249.44,790857.8,1895.12
48690.15,41965.32,1342586.2,3316.4128
1968.5,15129.3,54279.586,371.01938
18333.4,29057.13,505526.75,1803.0114
3279.7998,80193.99,90437.48,115.93768
153.45,29685.27,4231.243,13.780014
15062.899,35603.01,415345.7,1208.681
19886.5,25552.77,548352.06,2224.2017
23050.049,17697.541,635584.0,3722.9846
19088.25,23627.46,526341.06,2308.926
20425.898,35245.44,563225.44,1656.0178
16656.299,22492.11,459282.22,2116.3728
76593.25,100680.75,2111988.8,2174.1692
13852.35,18379.62,381965.88,2153.9436
33621.05,46312.71,927069.75,2074.6785
25867.95,33187.02,713285.06,2227.6545
22189.799,25767.66,611863.4,2461.223
51275.547,62163.242,1413876.2,2357.444
19664.85,32079.51,542240.25,1751.7174
10764.75,18434.43,296828.12,1668.6414
29744.5,41175.36,820177.4,2064.467
18094.7,31447.89,498944.78,1644.1626
3921.5,7719.5103,108131.77,1451.4844
8467.649,16449.09,233487.69,1470.8718
17848.25,37898.07,492149.16,1345.5657
3768.0498,20010.0,103900.52,537.4167
23643.7,27648.6,651953.4,2444.07
4653.1,10935.9,128304.98,1215.5692
8504.85,36457.35,234513.45,666.0072
74.399994,5978.64,2051.5117,34.58111
9568.149,22575.63,263832.97,1210.817
27278.45,38584.5,752178.3,2020.4165
65065.9,59380.11,1794132.6,3132.0076
7525.25,15656.5205,207501.89,1373.2783
44.949997,10539.18,1239.4551,11.19472
7010.65,19158.27,193312.27,1045.2874
26252.35,30870.21,723884.5,2430.5183
300.69998,6377.97,8291.527,133.80312
1720.5,8366.79,47441.215,586.956
16639.25,25665.871,458812.1,1852.6458
10233.1,10915.89,282168.38,2679.3845
46562.0,42453.39,1283904.5,3134.9436
6789.0,24248.64,187200.47,799.5112
12520.899,26606.34,345252.34,1344.5486
1695.7,11029.86,46757.375,438.56995
14707.949,31440.06,405558.25,1336.5737
19547.049,27927.871,538992.0,2000.2087
10770.949,21934.44,296999.06,1403.0302
108882.84,59275.71,3002344.8,5251.084
17068.6,24614.91,470651.03,1981.6619
30924.049,53993.94,852702.4,1636.5717
42246.797,65857.26,1164916.8,1833.168
14756.0,15097.11,406883.2,2793.6265
23321.299,35888.37,643063.5,1857.0098
1779.3999,24306.06,49065.324,208.31868
9360.45,22520.82,258105.84,1187.397
1295.7999,17694.93,35730.496,208.38141
8591.649,24582.72,236906.88,998.2993
20701.799,27392.82,570833.2,2159.8289
14078.649,26950.86,388205.88,1492.6105
27833.35,42714.39,767479.1,1862.1176
17220.5,27452.85,474839.53,1792.5245
15252.0,30192.48,420559.94,1443.3651
24666.7,21918.78,680161.7,3216.686
13390.449,23037.6,369229.38,1660.9077
49434.15,66807.3,1363101.4,2114.6904
15548.05,23919.78,428723.25,1857.5222
18367.5,42438.6,506467.0,1236.4794
10727.55,18170.82,295802.38,1687.01
32480.248,34801.74,895613.1,2667.5012
28351.049,21910.08,781754.25,3698.7651
96000.8,110898.9,2647134.2,2474.1218
3442.5498,21560.34,94925.164,455.53455
20461.549,20679.9,564208.5,2828.04
25754.799,28964.91,710165.0,2541.348
29062.5,26293.14,801371.9,3159.3816
25534.7,43094.582,704096.0,1693.1704
24914.7,33126.12,687000.06,2149.4734
26627.45,74154.45,734227.56,1025.6947
71902.945,107316.24,1982658.0,1914.712
23188.0,38125.14,639387.9,1738.0049
13.95,19019.94,384.65848,1.0970755
15162.1,23968.5,418081.03,1807.7039
7316.0,30014.13,201732.0,695.94244
142.59999,50083.29,3932.0642,7.1409597
29147.75,19097.37,803722.56,4362.9575
7081.9497,17646.21,195278.28,1146.4939
23653.0,34858.29,652209.8,1939.1224
28284.398,40216.62,779916.44,2009.8997
9529.399,8974.05,262764.47,3035.1697
134.84999,30992.88,3718.3652,11.440504
3413.0999,13431.93,94113.11,725.5401
52746.5,68028.78,1454436.5,2215.9197
27076.95,83813.19,746622.1,922.71155
25970.25,21058.35,716105.9,3525.1501
17668.45,19402.74,487191.3,2602.6604
4391.15,22819.23,121081.945,549.2072
7584.15,7629.9,209126.0,2841.085
13348.6,37549.2,368075.44,1015.4454
14647.5,27702.541,403891.4,1510.7949
28583.549,45474.9,788165.2,1796.1875
14957.5,20044.8,412439.38,2132.567
34423.95,66637.65,949208.94,1476.0325
20441.398,20306.67,563652.9,2877.1995
37378.25,50982.0,1030671.06,2095.2886
15644.149,51395.25,431373.12,869.318
32106.7,34801.74,885312.9,2636.8113
21560.5,27645.99,594511.06,2228.85
9966.5,22235.46,274817.12,1280.5795
13446.25,28531.65,370768.03,1346.4829
10828.3,20409.33,298580.47,1515.9823
21128.049,29147.61,582586.6,2071.5522
6215.5,14940.51,171386.73,1188.4869
36426.55,15535.59,1004428.8,6703.0815
12463.55,23127.21,343671.0,1539.8754
19449.398,40238.37,536299.4,1381.0215
20787.049,26956.95,573183.9,2203.8096
2036.7,9428.19,56160.137,616.6575
6802.9497,16049.76,187585.11,1210.9304
20904.85,38072.94,576432.1,1568.9276
33151.4,31203.42,914119.5,3036.7263
5245.1997,19290.51,144631.58,776.44073
17208.1,47097.45,474497.6,1043.683
14450.649,25908.6,398463.44,1593.7493
68902.15,124623.15,1899913.8,1579.8223
26458.5,36310.32,729568.94,2082.455
154463.69,127883.04,4259195.0,3452.5237
50023.15,72864.24,1379342.5,1961.9333
31933.1,47889.15,880526.0,1905.5709
168.95,31696.71,4658.6416,14.240281
24125.75,25923.39,665245.5,2659.958
11046.85,23853.66,304606.78,1323.1355
13898.85,17522.67,383248.06,2266.9192
19843.1,30846.72,547155.3,1838.2871
13438.5,24306.93,370554.34,1579.7737
29070.25,53791.23,801585.56,1544.2056
12094.649,16700.52,333498.9,2069.6768
30603.2,62858.37,843855.25,1391.0432
5952.0,16195.92,164120.95,1049.7667
252.65,7388.91,6966.5923,96.766014
20066.299,29117.16,553309.8,1969.4581
12477.5,20881.74,344055.66,1707.4801
7257.0996,16985.01,200107.89,1220.6486
22560.25,33696.84,622078.25,1913.2725
26759.2,33397.56,737860.44,2289.9065
38021.5,55580.82,1048408.06,1954.9298
111606.195,112491.87,3077438.8,2835.718
23529.0,27970.5,648790.6,2404.2056
11005.0,19354.89,303452.8,1624.7296
62885.047,104739.3,1733997.6,1715.6697
83672.09,133843.4,2307181.5,1786.445
10967.8,18889.44,302427.03,1659.158
20241.45,26452.35,558139.44,2186.8943
4935.1997,23187.24,136083.62,607.56177
13844.6,22418.16,381752.16,1764.7509
21453.549,36530.43,591562.0,1678.165
2438.15,12232.2,67229.75,568.9081
9334.1,18348.3,257379.27,1453.5398
19302.148,27153.57,532239.06,2031.4865
18437.25,33319.26,508390.3,1581.1577
40875.047,80253.15,1127092.0,1455.281
20252.299,43821.03,558438.6,1320.4196
45301.848,35806.59,1249157.0,3616.4448
11842.0,52060.8,326532.3,649.374
62874.2,87606.39,1733698.5,2051.0393
6040.3496,12847.29,166557.11,1343.3103
171163.39,164844.12,4719674.0,2967.8374
18334.95,21304.56,505569.44,2459.6855
38147.047,39144.78,1051869.9,2785.3523
266.6,23773.621,7351.2515,31.063713
7.75,16271.61,213.69916,0.3618214
6868.05,21683.01,189380.19,904.6552
80961.15,112352.67,2232429.5,2059.3557
31793.6,32404.89,876679.44,2804.2925
22819.1,28015.74,629215.8,2327.8708
50368.797,32231.76,1388873.5,4467.1377
88.35,22185.871,2436.1704,10.386207
14442.899,24701.91,398249.75,1670.7559
18917.75,26033.01,521639.66,2076.754
20388.7,29842.74,562199.75,1952.439
3320.0999,26724.66,91548.72,354.21225
11758.3,27639.9,324224.38,1215.3458
13881.8,30483.06,382777.94,1301.0757
70272.35,66420.15,1937695.8,3024.0574
16425.35,24912.45,452914.0,1884.1555
9231.8,19103.46,254558.44,1380.7305
13554.75,28662.15,373759.84,1351.1714
17595.6,24160.77,485182.56,2081.2954
18857.299,22462.53,519972.75,2399.3237
7920.5,21397.65,218400.55,1057.3651
14249.149,26274.871,392907.25,1549.5912
32.55,11989.47,897.53644,6.7624707
9575.899,13013.46,264046.66,2102.952
24756.6,28317.63,682640.56,2498.672
19610.6,15201.51,540744.4,3687.5286
35660.848,58236.06,983315.25,1749.8489
27636.5,37911.99,762051.2,2083.277
11612.6,22004.91,320206.8,1507.8944
13979.449,26168.73,385470.53,1526.4127
19655.549,32312.67,541983.75,1738.2472
16343.199,30516.99,450648.78,1530.244
21490.75,22100.61,592587.75,2779.3298
4394.25,13576.35,121167.42,924.44525
28129.398,42343.77,775642.44,1898.4153
6145.75,25781.58,169463.44,680.5761
12.4,3683.58,341.91864,8.624996
109487.34,99065.164,3019013.2,3159.0352
14044.55,20831.28,387265.62,1926.7064
23108.95,31884.63,637208.1,2071.2769
72586.5,101640.36,2001506.4,2040.9197
21653.5,29569.56,597075.44,2092.7856
14470.8,22776.6,399019.06,1815.572
5014.25,10472.19,138263.36,1368.0442
29378.7,36463.44,810090.75,2302.6892
22718.35,39069.96,626437.7,1661.5809
6294.55,9432.54,173566.45,1907.0292
111.6,12843.811,3077.2678,23.843872
37285.25,62626.95,1028106.7,1701.2557
4536.85,7929.18,125099.49,1634.9694
-21.699999,11413.53,-598.3576,-6.4361157
37523.95,31650.6,1034688.56,3388.812
49835.598,96156.75,1374171.0,1480.8658
43218.65,45387.9,1191714.8,2721.5767
4229.9497,28679.55,116636.99,420.708
13237.0,22120.621,364998.16,1709.9653
27461.35,29871.45,757221.6,2627.54
8711.0,20745.15,240197.86,1199.6057
29146.2,61192.32,803679.8,1360.8649
13649.3,34221.45,376366.97,1139.4099
22318.45,32619.78,615410.8,1955.2844
125999.5,165126.88,3474321.0,2180.725
23002.0,29489.52,634259.1,2229.2158
8825.7,17857.62,243360.61,1412.1056
6148.8496,28887.48,169548.9,607.60175
63587.2,82920.57,1753358.9,2191.5847
13936.05,29018.85,384273.8,1372.12
10946.1,22646.1,301828.7,1381.0221
63863.098,81209.28,1760966.5,2247.5022
22003.799,70461.3,606734.6,891.88605
2830.2998,9191.55,78042.93,879.42566
23268.6,71531.4,641610.4,929.08484
29366.299,30695.34,809748.8,2734.431
110.049995,10757.55,3034.5278,28.249983
556.45,28109.7,15343.6,55.600327
14566.899,23194.2,401668.94,1794.7122
15717.0,33575.04,433381.9,1337.45
50119.25,107217.06,1381992.5,1335.5637
22034.799,31250.4,607589.44,2015.0557
20621.2,22043.19,568610.7,2673.7825
159.65,16772.73,4402.2026,26.215364
49489.95,81445.05,1364640.1,1736.4061
4191.1997,19239.18,115568.5,621.8749
21448.898,30980.7,591433.75,1978.533
34997.45,50013.69,965022.6,1999.7668
12085.35,28354.17,333242.47,1217.6844
22860.95,32277.0,630369.75,2024.117
1729.7999,8034.45,47697.652,614.586
82.149994,27619.02,2265.211,7.50449
48146.098,108818.734,1327584.6,1264.0463
26548.398,33778.62,732047.8,2246.219
20393.35,28009.65,562327.94,2080.756
20980.799,34573.8,578526.3,1734.0974
5513.3496,8947.95,152025.58,1760.7367
35251.65,31363.5,972031.94,3212.6895
22098.35,37954.62,609341.75,1663.7313
22211.5,29864.49,612461.8,2125.5312
26525.148,48072.72,731406.7,1576.6409
27867.45,26059.98,768419.44,3056.54
18889.85,25180.41,520870.3,2143.9377
17652.95,42739.62,486763.94,1179.9612
14539.0,21505.53,400899.62,1932.007
15307.8,24076.38,422098.56,1816.9023
2366.8499,16060.2,65263.72,420.37497
9920.0,17981.16,273534.94,1576.4042
20387.148,26766.42,562156.94,2176.786
7886.4,25931.22,217460.27,868.5706
129900.84,124697.97,3581897.0,2977.5273
80835.59,83827.11,2228967.5,2756.1926
27985.25,27084.84,771667.7,2953.2817
11967.55,21003.541,329994.25,1628.1525
37167.45,56357.73,1024858.44,1884.6377
21676.75,29669.61,597716.56,2087.9658
38574.848,62149.32,1063666.1,1773.6669
292.94998,23192.46,8077.8276,35.115665
26598.0,10432.17,733415.5,7288.929
23907.2,18183.0,659219.1,3758.3447
48136.797,50772.332,1327328.1,2709.8098
12669.699,32243.07,349355.38,1122.5151
34.1,12570.63,940.27625,6.756152
29175.648,52396.62,804491.8,1591.085
7568.65,24734.97,208698.6,873.8952
21634.898,31260.84,596562.56,1977.806
7500.4497,17397.39,206818.05,1231.6853
137.95,10817.58,3803.845,35.462006
13114.55,22702.65,361621.72,1650.6797
7734.5,8337.21,213271.77,2651.5312
14015.1,18757.2,386453.56,2135.3735
6967.25,17938.53,192115.55,1109.5127
23882.398,30393.45,658535.3,2245.7097
71506.15,106790.76,1971716.6,1913.5146
24009.5,30492.63,662040.0,2250.3198
29308.95,30900.66,808167.44,2710.9487
-9.299999,13495.44,-256.43896,-2.9703567
16409.85,24899.4,452486.6,1883.3636
3780.45,8504.25,104242.445,1270.032
6787.4497,20177.041,187157.72,960.8296
23439.1,36273.78,646311.75,1846.5538
17364.65,14713.44,478814.34,3373.4326
10961.6,18435.3,302256.1,1699.0931
11060.8,17771.49,304991.44,1778.5562
4468.65,44511.81,123218.93,286.04507
102.299995,11546.64,2820.8289,24.331972
122.45,14559.45,3376.4465,23.047104
23028.35,63864.09,634985.7,1029.9916
2662.9,10470.45,73427.03,726.17426
9517.0,20917.41,262422.56,1299.8916
32.55,10656.63,897.53644,7.7333345
16797.35,28771.77,463171.56,1668.257
52827.098,52559.31,1456658.9,2872.797
26940.549,30070.68,742861.0,2560.6052
12342.649,25638.9,340337.28,1375.4423
25065.049,37986.81,691145.8,1885.6215
4808.0996,16012.35,132578.95,857.5536
71597.6,106511.49,1974238.4,1920.9895
10123.05,25544.94,279133.84,1132.0668
14103.449,27826.08,388889.72,1448.1799
22862.5,28181.91,630412.5,2318.542
34028.7,68981.43,938310.25,1409.4645
14504.899,24488.76,399959.34,1692.5459
24468.299,43115.46,674690.94,1621.6309
12587.55,13054.35,347090.16,2755.9885
63.55,9389.04,1752.3331,18.352781
21171.45,27360.63,583783.4,2211.4502
22020.85,18564.06,607204.8,3390.643
10792.649,20567.67,297597.44,1499.3479
274.35,19855.14,7564.9507,38.507633
39616.45,53755.56,1092387.4,2106.1777
71131.05,54117.48,1961373.5,3757.1196
14435.149,25232.61,398036.03,1634.7168
124793.59,84611.85,3441069.2,4216.063
13781.05,25487.52,379999.84,1544.9795
8776.1,22946.25,241992.92,1092.5504
16223.85,26052.15,447357.8,1779.5712
70945.05,134551.6,1956244.8,1506.5864
26357.75,43266.84,726790.9,1740.8156
29959.95,53536.32,826118.2,1599.0795
21858.1,25955.58,602717.1,2406.857
9896.75,11451.811,272893.8,2469.9695
51824.25,72624.12,1429006.2,2039.3334
8814.85,17687.1,243061.42,1423.9752
46273.7,42634.35,1275954.9,3102.2983
3265.8499,14902.23,90052.82,625.6051
1636.7999,14751.72,45133.26,316.25024
4812.75,36922.8,132707.17,371.6899
16662.5,49819.68,459453.2,955.2869
1869.2999,13262.28,51544.234,402.00436
24404.75,34536.39,672938.7,2019.4423
76466.15,89117.58,2108484.0,2452.3235
30063.799,37824.12,828981.75,2271.6052
8356.05,27136.17,230410.42,879.4434
12531.75,26693.34,345551.53,1341.3253
13082.0,23510.01,360724.2,1590.0005
29699.549,60528.51,818937.9,1401.9392
10811.25,23578.74,298110.34,1310.0049
12971.949,21047.91,357689.62,1761.1595
28693.6,45955.14,791199.75,1784.2535
8912.5,14689.08,245754.03,1733.818
22242.5,23109.81,613316.56,2750.9224
43968.848,59547.15,1212400.8,2110.2183
60457.75,73081.74,1667067.1,2364.3318
10696.55,45257.4,294947.56,674.77655
15563.55,20115.27,429150.66,2211.2378
62987.348,61135.77,1736818.5,2944.825
18830.95,31418.31,519246.2,1712.7141
65210.047,69667.86,1798107.4,2675.2769
11885.399,22335.51,327729.03,1520.4823
5573.8,11121.21,153692.44,1432.0071
27960.45,53383.2,770983.8,1496.5748
26793.299,59554.98,738800.7,1285.3439
18386.1,23168.1,506979.88,2268.0715
8157.65,12814.23,224939.73,1819.2102
8018.15,42100.17,221093.16,543.55194
23394.148,32357.041,645072.25,2066.2236
27886.049,44305.62,768932.3,1798.6049
21264.45,27681.66,586347.75,2195.3977
173.59999,31253.88,4786.861,14.881618
19818.299,35110.59,546471.44,1612.9022
21627.148,44290.832,596348.8,1395.1575
2495.5,8720.88,68811.13,817.1752
46.5,10796.7,1282.195,11.314333
8393.25,24184.26,231436.19,991.3077
92899.25,57805.41,2561611.8,4594.076
9760.35,18170.82,269132.72,1534.8182
8920.25,13873.0205,245967.73,1837.4635
18212.5,22106.7,502193.03,2354.5625
18700.75,46070.85,515656.06,1159.5979
15199.3,24180.78,419106.78,1796.2242
3961.7998,17876.76,109243.01,632.6548
9002.399,15546.03,248232.92,1654.7233
8207.25,59795.97,226307.4,391.4413
24.8,14895.2705,683.8373,3.7604966
53721.45,59155.65,1481319.9,2595.5728
22701.299,38555.79,625967.56,1682.4884
75.95,13950.45,2094.2517,14.566412
19305.25,28731.75,532324.6,1920.1547
20824.25,22740.93,574209.6,2617.2441
7120.6997,17767.14,196346.78,1144.9196
14373.149,28609.08,396326.44,1435.4716
19779.549,26687.25,545402.94,2118.1492
65.1,10322.55,1795.0729,17.031961
1494.2,21038.34,41201.195,202.0702
15757.3,25532.76,434493.12,1763.5461
23291.85,32745.06,642251.44,2032.795
174643.14,189283.3,4815625.0,2637.0818
20018.25,46367.52,551984.94,1233.4152
30590.799,40417.59,843513.3,2163.0605
2675.2998,11771.1,73768.945,648.837
22096.799,34882.65,609299.0,1810.2103
77317.09,119338.77,2131948.2,1851.4349
19398.25,23152.44,534889.0,2394.6028
11936.55,39274.41,329139.44,867.99677
299.15,16971.09,8248.787,49.399734
32520.549,44012.43,896724.4,2111.6692
37155.05,45798.54,1024516.56,2318.6116
20484.799,30947.64,564849.56,1891.5752
15754.199,25364.85,434407.62,1774.8777
4138.5,35669.13,114115.35,330.74124
22558.7,32305.71,622035.5,1995.5664
11369.25,13106.55,313496.66,2479.2324
8422.7,20695.56,232248.25,1162.652
11975.3,12458.4,330207.94,2747.3567
23132.2,28410.72,637849.25,2327.004
29741.398,38470.53,820091.9,2209.4575
2538.9,12351.39,70007.84,586.7312
32546.898,31185.15,897450.94,2983.082
13374.949,18535.35,368802.0,2062.1956
49508.547,69390.33,1365152.9,2039.0002
7.75,18045.541,213.69916,0.22795022
16138.6,50000.64,445007.12,921.8673
195.29999,12550.62,5385.2188,43.49242
28016.25,36573.06,772522.44,2189.2703
8870.649,17661.87,244600.05,1435.0441
116.25,8716.53,3205.4873,37.132767
30407.898,38754.15,838470.0,2242.4543
7213.6997,24542.7,198911.17,839.39746
8255.3,17646.21,227632.34,1336.6127
14044.55,21756.96,387265.62,1844.6893
108.5,11662.35,2991.7883,25.600676
16212.999,33363.63,447058.62,1388.4376
11085.6,22164.121,305675.28,1429.0713
23973.85,21966.63,661057.0,3119.494
61553.598,96644.82,1697284.1,1820.0582
14394.85,22834.89,396924.8,1801.425
2129.7,27525.06,58724.527,220.22751
22868.7,36706.17,630583.44,1780.3585
13880.25,39330.09,382735.2,1008.0701
29519.75,47555.07,813980.1,1773.863
43545.7,98243.88,1200732.9,1266.3273
28130.95,44039.4,775685.2,1825.3837
16242.449,48975.78,447870.7,947.24194
6336.4,19203.51,174720.44,942.43286
5494.75,27093.541,151512.7,578.87067
5235.9,13715.55,144375.16,1090.5085
20095.75,24364.35,554121.94,2357.2964
14990.05,24825.45,413336.9,1725.4537
12782.85,24735.84,352475.38,1476.5767
13286.6,22358.13,366365.84,1698.1329
34634.75,33508.92,955021.56,2954.2935
15408.55,29797.5,424876.66,1477.5327
31694.398,47212.29,873944.06,1918.4485
13392.0,27835.65,369272.16,1374.6029
17491.75,25035.99,482319.0,1996.6412
12638.699,24993.36,348500.56,1444.8617
32277.2,32352.69,890014.25,2851.5576
4780.1997,16255.95,131809.64,839.78064
30691.549,31916.82,846291.4,2748.4648
22405.25,30353.43,617804.25,2109.5276
39298.7,151104.2,1083625.6,742.6192
22149.5,38800.26,610752.2,1631.2184
16691.95,28100.13,460265.22,1697.4302
3662.65,20557.23,100994.22,508.42444
117.799995,5734.17,3248.227,57.738617
1663.1499,31707.15,45859.836,148.97649
132904.75,174789.97,3664727.0,2173.0674
19543.95,25571.91,538906.5,2184.2349
13765.55,22253.73,379572.44,1767.6411
15541.85,20258.82,428552.28,2192.4995
1497.2999,16921.5,41286.676,251.99908
17.05,12026.01,470.13812,3.0537019
5714.8496,30502.2,157581.75,534.70123
184.45,26641.14,5086.04,18.795881
12981.25,21196.68,357946.1,1750.0464
7334.5996,28572.541,202244.88,732.96704
23122.898,51339.57,637592.75,1286.7722
17606.45,22340.73,485481.72,2252.3225
12623.199,15431.19,348073.16,2337.9395
2241.3,8287.62,61801.797,772.2486
3937.0,31437.45,108559.17,357.0693
21523.299,32996.49,593485.25,1864.0482
12809.199,24592.291,353201.94,1488.2649
14297.199,30189.0,394232.2,1353.1016
5358.3496,30922.41,147751.6,494.45786
16729.15,74429.37,461291.03,641.656
22777.25,29764.44,628061.8,2187.0264
21400.85,32728.53,590108.9,1868.6208
30059.148,63087.18,828853.5,1361.3369
6393.75,47532.45,176301.81,383.60458
135070.1,118808.07,3724434.2,3249.5906
16140.149,29978.46,445049.84,1538.3848
5198.6997,27186.63,143349.39,545.74945
17535.15,25652.82,483515.72,1953.4445
24438.85,43955.88,673878.94,1588.6913
28293.7,28700.43,780172.9,2817.7095
11814.1,21763.92,325763.0,1551.0743
25774.95,25201.291,710720.6,2923.3142
5237.4497,27739.95,144417.89,538.8377
34721.55,43940.22,957415.0,2258.3623
129217.3,108421.14,3563048.8,3406.6555
6468.15,31873.32,178353.31,579.2321
2228.9,5294.82,61459.875,1202.6171
23634.398,31510.53,651696.94,2143.5583
24441.95,31953.36,673964.4,2186.0981
3524.7,14113.14,97190.375,713.08105
164.29999,18358.74,4530.422,24.58843
24209.45,28503.81,667553.44,2427.4602
70641.25,49123.68,1947867.9,4110.6533
31077.5,39638.94,856933.6,2240.6768
39360.7,69205.02,1085335.2,1625.2008
30984.5,40580.28,854369.25,2182.124
27924.799,40983.96,770000.8,1947.1622
14838.149,27579.871,409148.4,1537.2839
14097.25,28570.8,388718.78,1409.7855
19750.1,25612.8,544590.94,2203.7595
22141.75,43707.06,610538.5,1447.4695
4753.85,51855.48,131083.06,261.11978
6209.3,11346.54,171215.77,1563.6896
28791.25,29296.38,793892.4,2808.9302
7271.05,21788.28,200492.55,953.1643
1751.5,12658.5,48296.01,394.61877
10788.0,11689.32,297469.22,2637.7646
3690.5498,33173.1,101763.53,317.0929
5773.75,19467.99,159205.88,846.98047
99.2,14819.58,2735.349,18.139242
91.45,23888.46,2521.65,9.945724
13054.1,17518.32,359954.84,2129.6074
26698.75,32752.89,736193.6,2329.721
17832.75,33805.59,491721.78,1507.269
1824.35,14202.75,50304.78,366.26935
754.85,4526.61,20814.297,475.80035
21050.549,22926.24,580449.6,2624.304
29899.5,23108.94,824451.4,3698.4136
13630.699,26623.74,375854.06,1462.855
26022.95,48463.35,717559.0,1534.2958
134.84999,13277.94,3718.3652,28.038166
7134.65,19769.01,196731.44,1030.8978
2591.5999,9440.37,71460.99,783.92456
130571.99,116575.65,3600403.2,3201.5151
23629.75,43094.582,651568.75,1566.7812
21.699999,9682.23,598.3576,5.4081593
19111.5,33313.17,526982.1,1639.317
26297.299,24664.5,725123.94,3047.5112
7145.5,23873.67,197030.62,854.78064
19091.35,37189.89,526426.5,1466.7792
0.0,10833.24,0.0,-1.0
14762.199,24608.82,407054.12,1714.1782
11781.55,10388.67,324865.47,3241.5857
17246.85,21894.42,475566.1,2251.2952
55564.4,67498.08,1532137.5,2352.7168
34.1,13617.24,940.27625,6.16002
10806.6,22148.46,297982.1,1394.0652
27906.2,36423.42,769487.94,2189.6296
43579.797,56161.11,1201673.0,2217.6997
20762.25,29690.49,572500.06,1998.4293
6080.65,21008.76,167668.36,826.5582
21906.148,34660.8,604042.0,1806.0759
7385.75,16844.07,203655.3,1252.7085
29426.75,50184.21,811415.7,1675.5797
10344.699,18337.86,285245.62,1611.9401
7049.4,14690.82,194380.75,1371.003
30826.398,49148.04,850009.75,1792.3522
17101.15,30603.121,471548.6,1596.7491
10248.6,16817.1,282595.75,1741.4584
14577.75,37289.94,401968.12,1116.758
41863.95,55511.22,1154360.1,2155.2964
23406.549,30189.0,645414.2,2215.857
21582.2,33686.4,595109.4,1830.8508
14405.699,25000.32,397223.97,1646.5468
23904.1,36272.04,659133.7,1883.2971
16203.699,26762.94,446802.2,1730.1288
41798.848,61862.22,1152565.0,1930.9141
9222.5,21002.67,254302.0,1254.5187
3162.0,12630.66,87189.26,714.78864
9.299999,18735.45,256.43896,0.41927898
11173.949,24730.621,308111.44,1290.8756
24958.1,30188.13,688196.75,2362.8738
26382.549,41879.19,727474.6,1800.2229
2005.7,27425.01,55305.34,208.1068
21241.2,30436.95,585706.6,1994.3859
39562.2,43118.07,1090891.5,2622.4338
139.5,16456.05,3846.585,23.238045
-3.1,8289.36,-85.47966,-2.0692756
11739.699,15344.19,323711.47,2186.57
17463.85,23839.74,481549.7,2093.5342
3008.5498,11571.0,82958.01,742.4218
41.85,13127.43,1153.9755,8.11517
18415.549,44399.582,507791.9,1184.9182
32630.6,35732.64,899758.94,2610.0125
6934.6997,16129.8,191218.0,1228.2711
22476.549,20768.64,619770.25,3093.358
23972.299,49422.96,661014.2,1385.8513
11104.199,23768.4,306188.12,1334.784
60708.848,70729.26,1673991.0,2453.1545
21983.648,24088.56,606179.0,2608.3835
20509.6,32845.11,565533.44,1784.3997
19821.398,40750.8,546556.94,1389.7439
63604.246,120334.92,1753828.9,1510.2748
16741.549,26428.86,461632.9,1810.1992
3366.5999,4424.82,92830.914,2174.429
18133.45,24142.5,500013.28,2146.5693
14306.5,21163.62,394488.66,1931.8246
40619.297,30811.92,1120040.0,3768.3171
23.25,5852.49,641.0975,10.358768
20785.5,41469.42,573141.1,1432.1165
15806.899,26026.05,435860.78,1735.5505
21152.85,42282.87,583270.5,1429.3866
15937.1,23468.25,439450.94,1940.6797
7997.9995,19267.89,220537.52,1185.851
25847.799,42441.21,712729.44,1740.345
11147.6,21465.51,307384.88,1483.8724
12043.5,20953.95,332088.5,1642.3718
6015.55,43097.19,165873.28,398.09415
26168.648,28442.91,721576.56,2629.609
18590.7,27552.9,512621.53,1928.2007
13240.1,24868.95,365083.62,1521.2389
144.15,14744.76,3974.8042,26.952839
3217.7998,17092.89,88727.88,537.26044
23462.35,32372.7,646952.8,2071.247
8759.05,21719.55,241522.78,1152.0686
2103.3499,4588.38,57997.95,1309.6935
90113.9,114658.17,2484808.2,2246.169
26574.75,35783.97,732774.44,2122.3896
10623.699,18768.51,292938.78,1617.434
18457.4,34358.04,508945.94,1534.9999
40.3,9602.19,1111.2356,11.000069
24739.549,62512.98,682170.44,1130.5416
18792.2,34590.332,518177.7,1552.359
34242.598,46866.03,944208.3,2088.0918
4188.1,19623.72,115483.03,609.2175
19629.2,26903.88,541257.2,2085.1072
49245.047,105960.78,1357887.1,1327.8208
16947.7,38500.98,467317.3,1257.6007
22798.95,30179.43,628660.2,2158.9954
20618.1,28453.35,568525.25,2070.8784
3871.9,9875.37,106764.1,1120.0365
24889.898,36676.59,686316.2,1939.3639
65575.85,93206.58,1808194.1,2010.622
19791.95,29622.63,545744.9,1909.3542
19058.799,27537.24,525528.94,1977.9011
223.2,6104.79,6154.5356,103.53758
466.55,10340.82,12864.689,128.00073
20047.7,19828.17,552796.94,2889.8855
21616.299,33956.1,596049.7,1819.1724
9375.95,20489.37,258533.25,1307.3855
152892.0,83280.75,4215857.0,5248.152
15197.75,32143.89,419064.06,1350.8542
43587.547,69326.82,1201886.8,1796.6708
8503.3,16824.06,234470.72,1444.1259
16135.499,23323.83,444921.62,1977.0238
3127.9,17515.71,86248.98,509.59207
14875.35,27920.91,410174.16,1522.3041
5674.55,17656.65,156470.52,917.9081
19378.1,33276.63,534333.4,1664.0255
3344.9,11498.79,92232.555,830.7254
16744.65,26033.01,461718.4,1838.0802
220.09999,12310.5,6069.0557,50.12029
12683.649,38411.37,349740.03,943.1335
26027.6,39984.332,717687.25,1860.2008
7884.8496,22735.71,217417.52,990.594
2559.0498,11403.96,70563.46,640.6114
12909.949,37370.85,355980.03,986.7351
54.25,16925.85,1495.8942,8.164278
46825.5,53904.332,1291170.4,2482.7495
17645.2,7425.45,486550.22,6793.426
153.45,27602.49,4231.243,14.895258
6471.25,24896.791,178438.8,742.1796
9095.399,22619.13,250797.31,1148.7273
47592.75,67599.87,1312326.5,2012.0009
20525.1,27772.14,565960.9,2112.1238
23859.148,24932.46,657894.2,2735.143
4060.9998,17796.72,111978.35,651.4421
35688.75,63654.42,984084.6,1602.0673
49.6,17988.12,1367.6746,6.8839684
21548.1,20312.76,594169.1,3032.116
72352.445,99731.58,1995052.5,2073.2903
12333.35,22543.44,340080.84,1563.2633
4510.5,21694.32,124372.914,593.46686
42545.95,55406.82,1173165.6,2194.5532
75.95,14508.12,2094.2517,13.968064
34778.9,39497.13,958996.3,2516.6729
6068.25,9175.89,167326.44,1889.8812
38382.65,35307.21,1058366.4,3107.2827
18203.2,34502.46,501936.56,1507.5045
15252.0,23298.6,420559.94,1870.7418
28337.1,26186.13,781369.6,3093.0908
49.6,9992.82,1367.6746,13.191966
21571.35,35682.18,594810.25,1727.5221
49401.598,62154.54,1362203.9,2271.5693
33115.75,68351.55,913136.5,1384.2726
25548.648,28732.621,704480.6,2541.3872
24232.7,21786.541,668194.5,3179.259
2063.05,10118.97,56886.72,581.9381
33650.5,15581.7,927881.75,6173.8394
12671.25,34619.04,349398.12,1045.5342
14303.399,24253.86,394403.16,1685.1935
8300.25,26853.42,228871.8,882.77264
34453.4,65607.57,950020.94,1500.5061
30688.45,41173.62,846205.94,2130.1052
39879.95,51742.38,1099653.1,2202.724
22537.0,44055.06,621437.2,1461.6799
17276.299,28405.5,476378.12,1737.9907
8941.95,20001.3,246566.1,1277.2712
32046.248,23001.93,883646.0,3982.4734
19774.898,38464.44,545274.75,1468.9542
6971.9,15399.87,192243.77,1293.4435
198.4,15545.16,5470.698,35.491814
16946.15,34037.88,467274.6,1422.5002
2927.95,9713.55,80735.54,860.8559
30765.95,56231.582,848342.9,1563.3683
66.65,5595.84,1837.8129,33.055233
147.25,23308.17,4060.284,17.06326
14490.949,55618.23,399574.66,743.95264
17358.45,23188.11,478643.34,2139.3982
10437.699,19774.23,287810.0,1508.2257
54707.25,65236.082,1508502.4,2396.7617
31513.049,40043.49,868943.5,2249.1294
21613.2,37513.53,595964.2,1646.3281
15690.649,38722.832,432655.3,1157.5714
10859.3,63410.82,299435.25,488.6519
15651.899,28619.52,431586.8,1562.7009
16953.9,26521.08,467488.28,1826.7946
21221.049,31265.19,585151.0,1939.6837
19447.85,38148.63,536256.7,1456.6111
14385.55,28107.09,396668.38,1462.3883
59851.7,100513.71,1650355.9,1701.5513
47876.4,69975.84,1320147.9,1955.2408
53084.4,80086.11,1463753.8,1894.216
55.8,10529.61,1538.6339,14.152032
32187.299,44931.15,887535.3,2047.2642
18724.0,33421.92,516297.2,1600.8292
19080.5,17048.52,526127.3,3199.0154
12090.0,23491.74,333370.7,1470.4994
21.699999,18968.61,598.3576,2.2709448
15317.1,30383.01,422355.0,1440.4338
18879.0,15011.85,520571.16,3594.7854
12572.05,33005.19,346662.78,1088.1128
16271.899,30135.06,448682.75,1542.8859
2190.15,11968.59,60391.38,522.2146
26542.2,64024.17,731876.9,1184.3373
67060.75,81696.48,1849138.9,2346.0054
22217.7,27167.49,612632.75,2337.291
65606.85,83881.05,1809048.9,2235.322
89.899994,10653.15,2478.9102,23.128517
22262.648,24682.77,613872.2,2577.8848
25413.799,71627.1,700762.25,1013.4746
29454.648,71877.664,812185.0,1170.6797
6.2,3356.46,170.95932,4.281523
75085.1,75796.14,2070403.0,2831.407
158.09999,27665.13,4359.4624,15.339851
6482.0996,18524.91,178737.97,999.48047
49179.95,50496.54,1356092.1,2783.6812
140248.64,129638.7,3867228.0,3092.2356
14811.8,24142.5,408421.84,1753.1818
11586.25,26578.5,319480.25,1245.4114
9406.95,22199.791,259388.05,1210.5713
14077.1,28971.871,388163.16,1388.2667
27766.7,24524.43,765641.3,3236.2356
19976.398,28638.66,550830.94,1993.4058
16719.85,34698.21,461034.56,1376.7622
24728.7,39846.0,681871.25,1773.4573
10708.949,18386.58,295289.47,1664.3093
13004.5,25191.72,358587.2,1474.9948
129451.34,115013.13,3569502.5,3217.1638
12875.85,22673.07,355039.78,1622.7328
19309.898,28369.83,532452.8,1945.1318
10132.35,54409.8,279390.28,531.454
31289.85,52378.35,862789.0,1707.0503
14920.3,19833.39,411413.62,2149.9465
8782.3,19817.73,242163.89,1266.078
9551.1,21753.48,263362.84,1254.3755
64408.7,68424.63,1776011.0,2690.4175
9075.25,18984.27,250241.72,1365.8275
6510.0,3985.47,179507.3,4669.3613
36792.348,52163.46,1014515.3,2015.6943
108.5,31362.63,2991.7883,8.891594
19974.85,36420.81,550788.2,1567.133
-1.55,17220.78,-42.73983,-1.2573522
44145.547,79520.61,1217273.1,1586.2897
8721.85,17967.24,240497.03,1386.9576
28613.0,32534.52,788977.3,2513.5947
30615.6,27516.36,844197.1,3180.2717
1841.3999,10855.86,50774.918,483.9901
11452.949,22248.51,315804.6,1470.8563
29894.85,37456.98,824323.1,2280.9841
172.04999,8861.82,4744.121,54.511215
12584.449,19469.73,347004.7,1847.0907
9399.2,23704.02,259174.34,1132.7516
3402.25,18484.02,93813.93,525.28235
5325.8,26141.76,146854.06,581.50415
16647.0,27916.56,459025.8,1703.9949
16363.35,28357.65,451204.4,1648.8746
12220.199,16233.33,336960.8,2151.3835
26982.398,34099.65,744014.94,2261.4534
6537.9,39814.68,180276.61,468.50912
37271.3,60626.82,1027722.0,1756.7566
3501.45,11375.25,96549.28,879.10803
17583.2,25845.09,484840.62,1944.2205
-3.1,8407.68,-85.47966,-2.0542278
16302.899,19553.25,449537.53,2382.9375
22333.95,35375.94,615838.25,1804.122
6629.3496,15924.48,182798.25,1189.295
36133.598,48694.77,996350.9,2120.6702
34862.598,78923.79,961304.25,1261.9927
10178.85,21815.25,280672.47,1333.0973
45256.9,76663.53,1247917.6,1686.8933
50973.297,93745.11,1405542.0,1553.6874
117.799995,14363.7,3248.227,22.449194
6452.65,14337.6,177925.92,1285.7988
1780.95,8555.58,49108.066,594.18396
3244.15,31495.74,89454.47,293.5087
13485.0,31998.6,371836.53,1203.9498
25531.6,32449.26,704010.5,2248.6877
299.15,8251.95,8248.787,102.65288
19481.95,45343.53,537196.94,1227.4742
17907.15,22742.67,493773.28,2250.3032
19796.6,28205.4,545873.1,2005.815
24029.648,41097.93,662595.56,1670.7697
3.1,11591.01,85.47966,-0.23530298
124066.65,129190.65,3421024.2,2744.8257
9396.1,20565.06,259088.84,1305.3712
26824.299,33005.19,739655.5,2322.7808
677.35,23751.871,18677.307,80.538795
56216.95,49372.5,1550131.0,3254.601
60591.047,65296.11,1670742.8,2652.201
26580.95,29503.44,732945.4,2575.0056
19533.1,27229.26,538607.4,2050.0884
23701.049,25383.121,653534.75,2668.7559
21334.2,26395.8,588271.0,2309.9497
21723.25,28799.61,598998.75,2155.6873
4250.1,10627.05,117192.625,1142.498
111.6,10675.7705,3077.2678,28.889177
15975.85,15405.09,440519.44,2964.164
17718.049,27279.72,488559.0,1856.0558
17826.549,18813.75,491550.78,2708.199
22960.148,31815.03,633105.06,2062.4375
20717.299,30149.85,571260.56,1963.7032
11254.55,12372.2705,310333.9,2599.924
31517.7,47616.84,869071.75,1891.5306
15692.199,30697.95,432698.03,1460.5828
20535.95,27525.06,566260.0,2132.2192
64664.45,73570.68,1783063.0,2512.1003
18770.5,35923.17,517579.38,1492.9985
2170.0,13630.29,59835.766,454.20142
16664.049,27886.98,459495.9,1707.5513
148313.3,87220.11,4089603.5,4860.972
16017.699,26314.02,441673.4,1739.4514
14666.1,19909.95,404404.28,2105.1702
2049.0999,12232.2,56502.055,477.96915
52932.5,63438.66,1459565.2,2384.7085
115943.09,141261.03,3197024.8,2345.7754
17209.65,21771.75,474540.38,2259.1003
29512.0,33452.37,813766.4,2521.4395
17364.65,29872.32,478814.34,1661.0576
33294.0,18513.6,918051.6,5140.906
1477.1499,32782.47,40731.06,127.83443
16324.6,22241.55,450135.9,2097.5845
16690.4,30513.51,460222.53,1562.9526
13517.55,26048.67,372734.06,1482.7523
269.69998,9848.4,7436.7305,77.300446
27921.7,40187.91,769915.3,1985.5314
22451.75,34018.74,619086.44,1886.0394
51577.797,57487.86,1422210.6,2564.2852
23183.35,40099.17,639259.7,1652.0645
9406.95,20130.06,259388.05,1335.1425
28406.85,37210.77,783292.9,2181.7468
9090.75,21497.7,250669.11,1208.0847
22354.1,29821.86,616393.9,2142.2434
12547.25,32939.94,345978.94,1088.1174
35880.95,29163.27,989384.4,3516.845
1081.9,9110.64,29832.404,338.5371
30139.75,35189.76,831076.06,2447.9072
172958.3,202105.34,4769167.0,2445.8796
7373.3496,21646.47,203313.38,972.92773
13875.6,27771.27,382606.97,1427.5815
79.049995,12191.311,2179.7312,17.539602
8199.5,23370.81,226093.72,1002.14246
40980.45,59602.832,1129998.4,1964.8881
24694.6,30644.01,680931.0,2303.1216
20757.6,28142.76,572371.8,2107.9167
10527.6,18390.06,290288.94,1635.7985
32332.998,52313.97,891552.9,1766.1659
31678.898,32691.121,873516.6,2769.6985
12004.75,20583.33,331020.0,1666.5792
41.85,10425.21,1153.9755,10.477826
9148.1,19849.92,252250.48,1316.7139
8700.149,12862.95,239898.66,1932.9048
148.79999,13518.93,4103.0234,30.470928
25906.7,39482.34,714353.56,1875.1096
17015.9,25994.73,469197.88,1870.6239
1336.1,12904.71,36841.734,295.0327
14289.449,25655.43,394018.5,1591.5211
14807.149,19323.57,408293.6,2189.9531
49356.65,45866.4,1360964.4,3075.8052
2830.2998,10357.35,78042.93,780.32697
325.5,11734.561,8975.364,78.31094
9434.85,24472.23,260157.34,1101.3269
12393.8,22805.31,341747.7,1552.88
27300.148,43096.32,752776.6,1810.2308
37412.348,59439.27,1031611.25,1798.66
44111.45,61863.96,1216332.9,2037.7437
24981.35,70168.98,688837.9,1016.9343
16056.449,26822.97,442741.9,1710.5581
13181.199,14528.13,363459.5,2593.1448
3673.5,24983.791,101293.4,419.4077
63.55,11794.59,1752.3331,14.405709
4298.15,25560.6,118517.555,479.79453
32889.45,56785.77,906896.5,1655.022
75.95,25862.49,2094.2517,7.396657
14737.399,29113.68,406370.3,1446.3473
14839.699,23362.98,409191.12,1815.1255
14149.949,20572.02,390171.9,1965.6494
6761.0996,16894.53,186431.14,1143.2482
8782.3,19804.68,242163.89,1266.913
3840.9,9612.63,105909.305,1141.4568
-23.25,11965.11,-641.0975,-6.5559106
114661.25,190748.38,3161679.0,1717.7186
3890.5,24900.27,107276.98,445.73538
13398.199,45767.22,369443.1,836.0298
79212.75,76259.85,2184219.0,2968.9429
6138.0,16092.39,169249.73,1089.5745
14618.05,20601.6,403079.34,2027.7917
142.59999,32121.27,3932.0642,11.693336
15969.649,29285.94,440348.47,1558.1404
24680.648,46080.42,680546.3,1530.4017
29454.648,44719.742,812185.0,1882.2307
13843.05,48973.17,381709.44,807.2069
24908.5,38680.2,686829.1,1840.2292
54938.2,39011.67,1514870.6,4025.5107
41439.25,51326.52,1142649.4,2307.4424
66392.695,100070.01,1830717.9,1895.9913
18229.549,21691.71,502663.12,2401.8745
13525.3,22445.13,372947.78,1721.9542
15256.649,19849.05,420688.16,2196.7002
51.149998,16417.77,1410.4144,7.9080048
110248.4,97633.14,3039998.8,3227.6726
20973.049,26621.13,578312.6,2251.5999
18606.2,26161.77,513048.94,2032.4784
18038.9,41534.67,497406.2,1240.7904
11194.1,17687.1,308667.06,1808.5956
35808.098,43711.41,987375.56,2341.2617
12438.75,24226.89,342987.16,1467.0067
240.25,12744.63,6624.674,52.89955
18460.5,15600.84,509031.4,3382.3308
14078.649,62835.75,388205.88,639.62396
38601.2,58690.2,1064392.8,1879.5471
16056.449,33759.48,442741.9,1358.8867
23281.0,33340.14,641952.25,1995.5637
6866.5,13830.39,189337.45,1418.5477
60628.25,122814.42,1671768.5,1410.4797
12145.8,20378.01,334909.3,1703.1716
10378.8,21975.33,286185.9,1349.3947
21380.7,31266.93,589553.25,1954.1753
47462.547,55235.43,1308736.4,2455.8708
8289.399,18636.27,228572.61,1270.7832
30778.35,59374.89,848684.8,1481.1477
13576.449,33652.47,374358.16,1152.5017
18189.25,29323.35,501551.94,1772.5776
19187.45,20419.77,529076.4,2685.6768
8766.8,23931.09,241736.48,1046.4363
10259.449,20088.3,282894.94,1459.2589
17969.15,21391.56,495482.88,2400.7847
20776.2,27895.68,572884.7,2128.5024
10065.699,12717.66,277552.44,2262.006
33546.65,34035.27,925018.1,2817.1814
23115.148,35569.95,637379.06,1857.0717
18375.25,23190.72,506680.72,2264.5205
24468.299,41692.14,674690.94,1677.0256
29946.0,49262.88,825733.56,1737.073
32.55,23989.38,897.53644,2.8795462
21366.75,19604.58,589168.56,3115.2327
13788.8,18488.37,380213.53,2131.4402
72.85,14060.07,2008.7721,13.814638
9520.1,22055.371,262508.03,1233.1731
1432.2,12864.69,39491.605,317.31223
20982.35,31843.74,578569.1,1882.9921
3039.5498,11117.73,83812.805,780.7036
17735.1,29820.121,489029.16,1699.4867
21300.1,29225.041,587330.75,2082.8933
14655.25,19392.3,404105.12,2159.7915
10876.35,22725.27,299905.4,1367.4318
23116.7,26442.78,637421.8,2498.5837
39712.547,46480.62,1095037.1,2441.895
5614.0996,14927.46,154803.66,1074.3335
46755.75,53547.63,1289247.0,2495.57
19154.898,30697.95,528178.8,1783.1013
16191.3,21993.6,446460.28,2103.914
15131.1,26514.99,417226.22,1630.6537
25181.299,25517.1,694351.25,2820.6023
44660.15,57353.88,1231462.8,2225.4163
2444.3499,34492.02,67400.71,201.62534
8481.6,15974.07,233872.34,1517.1376
12799.899,16501.291,352945.53,2216.878
86319.5,97312.11,2380181.2,2535.244
25282.049,39331.832,697129.4,1836.8796
6232.55,29863.621,171856.86,595.7223
24.8,12001.65,683.8373,4.908261
44508.25,82330.71,1227274.2,1544.7086
15918.499,28097.52,438938.06,1618.8811
2490.8499,21981.42,68682.91,322.99686
7960.8,18905.97,219511.77,1202.9452
18308.6,25843.35,504842.88,2024.6075
16150.999,24007.65,445349.03,1922.529
1074.15,12983.88,29618.705,235.54265
1391.8999,23008.02,38380.367,171.9728
10388.1,20755.59,286442.34,1430.0342
8447.5,16833.63,232932.08,1433.8265
82486.34,89980.62,2274485.5,2620.091
8483.149,18457.92,233915.08,1313.0846
25841.6,33961.32,712558.5,2174.624
38663.2,24696.69,1066102.4,4475.185
38753.098,49636.98,1068581.2,2231.287
33478.45,34451.13,923137.6,2777.5032
7108.3,26904.75,196004.86,754.4153
17829.65,28444.65,491636.3,1791.2196
29853.0,51087.27,823169.2,1669.7994
22290.549,45230.43,614641.5,1408.0911
24934.85,42916.23,687555.7,1660.247
26478.648,41315.43,730124.5,1831.4517
26782.45,76641.78,738501.56,998.1569
17728.9,24066.81,488858.22,2105.2615
32233.799,33344.49,888817.5,2762.9897
27366.799,31141.65,754614.44,2511.6462
9968.05,18210.84,274859.84,1564.0536
4185.0,43191.15,115397.55,276.04462
17231.35,30880.65,475138.7,1594.445
25736.2,23034.121,709652.1,3193.6387
18765.85,23706.63,517451.12,2262.3274
486.69998,25481.43,13420.307,53.611805
7928.25,71995.98,218614.23,313.86044
32.55,10234.68,897.53644,8.093388
21975.898,77964.18,605965.3,804.936
26202.75,40244.46,722516.9,1860.6146
31345.648,22613.041,864327.56,3962.3943
30462.148,35062.74,839965.9,2483.0693
16288.949,77235.99,449152.88,602.00696
9177.55,18021.18,253062.55,1455.1045
69.75,19064.31,1923.2925,9.460974
11254.55,17996.82,310333.9,1787.0569
7897.25,20781.69,217759.44,1085.5358
21735.648,32316.15,599340.6,1922.1005
4601.9497,19024.291,126894.555,690.6436
15645.699,23700.541,431415.84,1886.4946
29744.5,34744.32,820177.4,2446.7769
27965.1,38425.29,771112.06,2079.8857
2157.5999,10981.14,59493.844,560.788
23916.5,39996.51,659475.6,1708.7181
12347.3,16440.39,340465.5,2146.3796
85.25,12511.47,2350.6907,18.482067
20436.75,24544.44,563524.7,2379.7166
38528.348,60739.92,1062384.0,1812.657
71.299995,32439.69,1966.0321,5.2843704
10586.5,17297.34,291913.06,1748.9357
21450.45,34682.55,591476.5,1767.375
24834.1,32575.41,684777.56,2178.7542
18358.2,22911.45,506210.56,2290.0076
32563.95,52246.11,897921.1,1781.1001
35158.65,45565.38,969467.56,2205.2065
19610.6,28225.41,540744.4,1985.5505
23618.898,41199.72,651269.5,1638.1337
159.65,16732.71,4402.2026,26.280455
22445.549,29997.6,618915.5,2138.4038
27802.35,32802.48,766624.4,2422.3928
17133.7,28531.65,472446.1,1716.0116
56035.598,54046.14,1545130.4,2963.4788
9503.05,4334.34,262037.9,6267.8667
15712.35,24740.19,433253.66,1814.8799
115609.84,79765.95,3187835.8,4143.062
15439.55,27971.371,425731.47,1577.2285
26901.799,29767.92,741792.5,2582.9365
17696.35,27385.86,487960.66,1846.5929
17902.5,48354.6,493645.06,1057.5829
17090.299,21034.86,471249.34,2322.0525
694.39996,38167.77,19147.443,51.018986
4834.4497,13803.42,133305.53,1000.40405
16772.549,16393.41,462487.7,2924.3562
20466.2,99443.61,564336.75,587.4497
20297.25,28265.43,559678.1,2052.197
14376.25,22855.77,396411.94,1797.4517
12148.899,40888.26,334994.78,848.54675
260.4,33943.92,7180.2915,20.93451
18231.1,27600.75,502705.9,1887.6044
19167.299,40309.71,528520.75,1358.5659
65130.996,104488.74,1795927.6,1781.2441
20047.7,39607.62,552796.94,1446.2207
21380.7,29131.95,589553.25,2097.4631
19258.75,22220.67,531042.44,2477.1064
6959.5,11723.25,191901.84,1696.3798
62750.2,67099.62,1730279.4,2672.893
12835.55,21137.52,353928.53,1735.2388
11766.05,60636.39,324438.06,553.8126
11958.25,22794.871,329737.8,1498.9594
65425.496,146083.44,1804048.2,1279.5457
9501.5,19238.31,261995.17,1411.1285
5638.9,14658.63,155487.5,1098.8918
2090.95,26665.5,57656.03,223.20375
47967.848,66581.97,1322669.5,2058.883
28831.549,34264.95,795003.56,2404.8408
100.75,7600.32,2778.089,36.902004
41009.9,108589.05,1130810.4,1078.8207
65039.547,84185.55,1793406.0,2207.9656
7732.9497,12116.49,213229.02,1823.8087
30327.299,30249.9,836247.5,2865.545
16470.299,34638.18,454153.44,1358.5508
21154.398,31138.17,583313.2,1941.4801
11910.199,33297.51,328412.84,1021.7188
11575.399,15722.64,319181.06,2104.036
71579.0,71759.34,1973725.5,2851.0437
28678.1,32607.6,790772.4,2513.6672
6324.0,10600.08,174378.52,1704.8142
91.45,14082.69,2521.65,17.567226
193.75,55432.92,5342.479,8.993622
6754.9,18383.1,186260.19,1049.6285
14734.3,27328.44,406284.84,1540.5714
81227.75,92311.35,2239781.0,2514.9287
11248.35,10295.58,310162.94,3122.827
15915.399,24397.41,438852.6,1864.1888
26185.7,45768.09,722046.7,1634.876
43393.797,66040.83,1196544.2,1877.7289
2225.8,12682.86,61374.4,500.78525
72.85,23844.09,2008.7721,7.7357016
5181.65,13013.46,142879.25,1137.4769
13436.949,27027.42,370511.6,1420.4943
44528.4,68178.42,1227829.9,1866.4077
3372.7998,27102.24,93001.87,354.82327
5896.1997,15165.84,162582.31,1110.6158
0.0,5292.21,0.0,-1.0
14864.5,20299.71,409875.0,2092.6758
93.0,17340.84,2564.39,14.334224
22654.799,30946.77,624685.4,2092.119
32.55,11621.46,897.53644,7.0082808
20480.148,33689.88,564721.4,1737.1315
23291.85,41982.72,642251.44,1585.2893
23349.2,36362.52,643832.8,1834.9761
5665.25,16547.4,156214.1,977.89996
42043.75,34967.91,1159318.0,3436.8015
27049.049,33461.94,745852.75,2310.2654
58.899998,6230.07,1624.1135,26.031576
14145.3,19300.95,390043.7,2094.4749
23614.25,44970.3,651141.3,1500.4032
39712.547,71033.76,1095037.1,1597.4974
13489.649,26309.67,371964.75,1465.001
10783.35,16686.6,297341.0,1846.7144
70196.4,78391.35,1935601.5,2559.3284
9211.649,15491.22,254002.81,1699.203
13243.199,37427.4,365169.1,1010.7012
17494.85,48210.18,482404.47,1036.5773
9197.7,15447.72,253618.17,1701.4088
13452.449,20763.42,370938.97,1851.4712
27134.299,80844.75,748203.44,958.6564
27603.95,21953.58,761153.6,3594.132
37048.098,62887.082,1021567.4,1683.4319
79167.8,84631.86,2182979.5,2673.6296
56812.15,36934.98,1566543.0,4396.9707
18483.75,27197.07,509672.5,1942.1976
130212.4,168409.38,3590487.8,2209.7268
10865.5,19518.45,299606.22,1590.6713
5376.9497,16781.43,148264.47,915.12775
53493.598,79993.02,1475037.0,1911.0476
12522.449,26044.32,345295.1,1373.7548
18135.0,28122.75,500056.03,1842.7786
62472.75,80698.59,1722628.9,2212.47
206.15,9690.06,5684.3975,59.828327
32520.549,56825.79,896724.4,1635.2942
2971.3499,23121.99,81932.26,366.43253
4871.65,26310.541,134331.3,528.4139
145.7,33888.24,4017.5442,11.293047
22327.75,20714.7,615667.3,3080.8774
116248.445,77918.94,3205444.5,4264.7275
17344.5,19853.4,478258.72,2496.9048
17840.5,30806.7,491935.47,1654.8113
251.09999,8500.7705,6923.8525,83.45734
4440.75,22847.94,122449.62,554.7229
58.899998,17781.06,1624.1135,8.471235
23290.299,36199.832,642208.7,1838.5751
22540.1,29004.06,621522.6,2221.01
6827.75,18269.13,188268.95,1067.5841
10113.75,13945.23,278877.4,2072.6501
7984.05,16287.2705,220152.88,1400.5995
28248.75,41533.8,778933.44,1943.6729
31606.049,33302.73,871507.9,2712.5596
62.0,16674.42,1709.5933,9.631388
26433.7,47073.96,728885.06,1604.5587
20368.549,33243.57,561644.1,1750.8682
37823.098,53602.44,1042937.3,2016.537
8616.45,23770.14,237590.73,1035.4435
3230.2,10613.13,89069.81,869.23175
20565.398,27645.99,567072.06,2125.9338
28688.95,38150.37,791071.5,2149.1306
15994.449,23629.2,441032.3,1934.3936
94.549995,8307.63,2607.1296,31.541187
17682.4,27673.83,487576.0,1825.9259
5217.3,17679.27,143862.27,842.7824
12942.5,17247.75,356877.6,2144.5308
12462.0,21051.39,343628.25,1691.6062
14213.5,14089.65,391924.25,2883.3623
43.399998,4308.24,1196.7152,27.80307
100054.05,62731.35,2758898.8,4559.3584
10488.85,19636.77,289220.44,1526.2383
13080.449,21970.98,360681.4,1701.2455
14373.149,21763.05,396326.44,1887.3441
13511.35,44550.96,372563.1,866.1429
20411.95,35469.03,562840.8,1644.4479
9617.75,22131.06,265200.66,1241.5682
17333.65,24460.92,477959.56,2025.125
12362.8,24251.25,340892.9,1456.5778
34109.3,48068.37,940532.75,2027.9083
26123.7,35746.56,720337.1,2088.534
1785.6,6273.57,49236.285,812.8014
136.4,14723.01,3761.105,25.48907
17511.9,20612.041,482874.62,2428.1887
16078.149,27252.75,443340.25,1685.8431
7526.8,16329.03,207544.62,1316.9501
2090.95,13940.01,57656.03,427.8738
29428.299,33300.99,811458.44,2525.7195
17147.65,21549.9,472830.78,2274.141
1503.5,8797.44,41457.637,487.64795
26689.45,55047.51,735937.1,1385.2798
33693.9,61102.71,929078.44,1575.6663
3422.4,3814.95,94369.55,2564.021
13057.199,22494.72,360040.3,1658.6572
4298.15,14001.78,118517.555,876.70245
6190.6997,20822.58,170702.88,849.069
11911.75,19720.291,328455.62,1726.0753
24378.398,26847.33,672212.06,2595.2893
32494.2,50574.84,895997.8,1836.0472
11936.55,19262.67,329139.44,1770.7863
63601.15,114297.99,1753743.5,1590.0189
56942.348,44201.22,1570133.1,3682.4106
114.7,11330.01,3162.7476,27.945572
15560.449,27159.66,429065.16,1637.1241
12686.75,19388.82,349825.53,1869.8888
31001.549,41084.01,854839.4,2156.5435
18480.65,23621.371,509587.03,2235.975
10307.5,29467.77,284219.88,999.12683
5663.6997,17569.65,156171.34,920.6926
7700.4,15207.6,212331.48,1446.7767
12257.399,42085.38,337986.56,831.75275
14384.0,20249.25,396625.66,2030.0459
2444.3499,9049.74,67400.71,771.2826
17553.75,22307.67,484028.6,2248.9077
15109.399,27766.92,416627.88,1554.8528
19669.5,27497.22,542368.5,2044.2836
18279.15,25928.61,504030.84,2014.6995
20886.25,25233.48,575919.25,2365.6406
15548.05,27942.66,428723.25,1589.9524
23322.85,19879.5,643106.25,3353.4797
38088.15,22666.98,1050245.9,4803.467
39007.297,43185.06,1075590.5,2581.6248
17170.9,26508.03,473471.88,1851.101
8332.8,43128.51,229769.33,551.4277
2213.4,10774.95,61032.477,586.34546
11088.699,20097.87,305760.75,1576.5372
28699.799,28177.56,791370.7,2911.2217
19843.1,22434.69,547155.3,2527.9395
5252.9497,8329.38,144845.28,1802.1819
51021.348,59337.48,1406867.0,2457.5093
6249.5996,13581.57,172327.0,1314.6829
29552.299,48542.52,814877.6,1739.6761
27222.648,32304.84,750639.6,2408.416
9162.05,14593.38,252635.14,1794.088
12524.0,30967.65,345337.84,1155.3353
14371.6,60728.61,396283.72,675.64484
47123.098,18096.87,1299376.2,7444.251
20566.95,30383.88,567114.8,1934.4218
19154.898,31665.39,528178.8,1728.5933
4684.1,14720.4,129159.77,908.82007
224.75,12016.44,6197.276,52.477715
122.45,30338.64,3376.4465,10.540155
4808.0996,16871.91,132578.95,813.8135
34434.8,50763.63,949508.1,1938.5184
26890.95,38950.77,741493.3,1972.9634
94639.9,121741.71,2609608.8,2221.7156
13066.5,20098.74,360296.78,1857.8289
4646.9,9620.46,128134.016,1380.0725
13140.899,21794.371,362348.28,1722.9702
13257.149,35397.69,365553.78,1069.8391
4060.9998,11510.1,111978.35,1007.7948
5094.8496,22675.68,140485.81,641.42145
5924.0996,16171.561,163351.62,1046.4165
11263.85,23731.86,310590.34,1356.0757
23814.2,21194.07,656654.75,3211.7031
3530.9,22604.34,97361.336,445.62454
14842.8,23987.64,409276.62,1768.2014
2238.2,12173.04,61716.316,524.71313
3075.2,13640.73,84795.83,643.59174
131.75,22344.21,3632.8857,15.859108
10462.5,16911.06,288493.88,1767.9421
9738.649,23034.121,268534.34,1207.8602
40247.297,68621.25,1109782.4,1675.9768
21104.799,26485.41,581945.5,2277.366
20500.299,32979.96,565277.0,1776.2932
10212.949,16476.06,281612.72,1771.3389
8230.5,21453.33,226948.52,1095.934
28492.1,46788.6,785643.56,1740.1388
43076.047,40887.39,1187782.6,3011.2808
5228.15,64556.61,144161.45,230.55615
19371.898,27338.01,534162.4,2025.0692
124.0,11264.76,3419.1865,30.473768
22606.75,23726.64,623360.44,2723.2747
42228.2,43683.57,1164404.0,2762.9707
16650.1,25907.73,459111.28,1836.5387
12334.899,23213.34,340123.56,1518.312
2751.25,15486.0,75863.2,506.97205
22865.6,39411.87,630498.0,1657.8402
11907.1,20940.9,328327.38,1624.772
7644.5996,18711.96,210792.84,1167.1119
87094.5,158006.8,2401551.2,1575.0282
28609.898,45380.94,788891.75,1801.5686
170.5,31338.27,4701.3813,14.556015
4893.3496,17396.52,134929.64,803.2533
12603.05,27586.83,347517.56,1305.2396
12601.5,20831.28,347474.84,1728.6383
15982.05,26572.41,440690.4,1718.6915
2452.0999,3834.09,67614.414,1827.6259
172240.64,107087.43,4749378.0,4597.817
5941.15,26137.41,163821.78,648.91565
14625.8,19320.96,403293.06,2163.4119
16907.4,33936.09,466206.1,1423.5051
100.75,20057.85,2778.089,13.361827
3174.4,32890.35,87531.17,274.95743
80.6,13883.46,2222.4712,15.599167
27435.0,32899.05,756495.0,2383.353
24091.648,30740.58,664305.2,2239.802
17758.35,28241.94,489670.25,1796.865
25274.299,28956.21,696915.7,2494.6655
23930.45,36430.38,659860.25,1877.1754
12328.699,22827.06,339952.6,1543.2451
4467.1,15145.83,123176.195,842.29895
10623.699,20649.45,292938.78,1470.0122
38.75,5705.46,1068.4958,18.419142
18722.45,27938.31,516254.4,1915.0706
11761.399,20313.63,324309.84,1654.4668
9211.649,45032.07,254002.81,583.87695
117455.9,64198.17,3238739.0,5230.198
25922.2,54818.7,714780.94,1351.048
10442.35,20230.98,287938.25,1474.8094
18624.799,29855.791,513561.78,1782.6597
37440.25,53540.67,1032380.6,1998.4194
11730.399,20659.02,323455.03,1622.4993
15887.499,26792.52,438083.25,1694.4734
14596.35,24033.75,402481.0,1735.4878
4622.1,15299.82,127450.18,862.7778
55996.848,74241.45,1544061.9,2155.5828
5603.25,16550.01,154504.5,967.03436
13745.399,22503.42,379016.8,1745.4568
8053.8,16814.49,222076.16,1368.5128
37217.05,55346.79,1026226.1,1921.6423
52.699997,10582.68,1453.1542,13.23849
18333.4,21831.78,505526.75,2400.0593
7215.25,22124.1,198953.92,931.46985
19708.25,43607.88,543436.94,1291.2069
20255.398,29633.94,558524.06,1953.3412
2021.2,12100.83,55732.74,476.57663
15052.05,25865.97,415046.5,1662.8564
47381.95,62429.46,1306513.9,2169.0627
111.6,8263.26,3077.2678,37.61551
2143.65,13633.7705,59109.184,448.55917
15703.05,21663.871,432997.22,2071.5115
22721.45,38674.11,626523.2,1678.8275
3045.75,11173.41,83983.77,778.39484
29374.049,39326.61,809962.5,2134.6313
2356.0,17925.48,64964.543,374.79712
24519.45,36098.04,676101.4,1941.1201
17198.799,26878.65,474241.16,1828.5305
49272.95,62914.05,1358656.5,2238.2876
5206.4497,13200.51,143563.1,1126.7167
13455.55,21930.96,371024.47,1753.2551
14179.399,15717.42,390983.97,2578.441
17206.549,37932.87,474454.84,1295.9614
5412.5996,25807.68,149247.48,598.6612
22154.148,38429.64,610880.4,1647.3057
8236.7,23111.55,227119.47,1017.9976
30776.799,34234.5,848642.06,2569.4458
24090.1,33038.25,664262.44,2083.8293
21862.75,22517.34,602845.3,2775.11
23.25,18010.74,641.0975,2.6909688
24135.049,42250.68,665501.9,1632.2906
17437.5,29921.91,480823.12,1665.2644
2258.3499,9105.42,62271.93,708.15344
22758.648,24515.73,627548.94,2653.304
17631.25,24882.871,486165.6,2024.9634
85.25,11361.33,2350.6907,20.454292
35343.098,49623.93,974553.56,2035.397
8599.399,26986.53,237120.58,910.1085
4929.0,17399.13,135912.67,808.99115
2692.3499,4694.52,74239.086,1638.7941
28140.25,37563.12,775941.6,2140.9792
8528.1,31387.86,235154.55,775.8543
23417.398,48851.37,645713.3,1369.6003
9572.8,19012.11,263961.2,1438.6523
20.15,16616.13,555.6178,2.4673216
11753.649,21588.18,324096.12,1555.7028
11231.3,19395.78,309692.8,1654.6624
2537.3499,12295.71,69965.1,589.0322
68.2,7537.68,1880.5525,24.869953
2114.2,6362.31,58297.13,949.1239
6727.0,16733.58,185490.88,1148.4275
11080.949,23302.08,305547.03,1358.663
89128.09,59839.47,2457625.8,4257.6885
25049.549,36125.01,690718.4,1981.6265
18758.1,33228.78,517237.44,1613.0739
15227.199,25418.791,419876.1,1711.8296
12863.449,21739.56,354697.84,1690.8259
18962.7,23417.791,522879.1,2314.2783
9577.449,21267.15,264089.4,1286.6255
36463.75,52484.492,1005454.56,1985.4578
11704.05,30189.0,322728.47,1107.5018
42815.65,35443.8,1180602.4,3452.9119
15678.25,17021.55,432313.4,2632.5857
27689.2,33407.13,763504.3,2368.8464
11632.75,27010.02,320762.44,1230.4208
18440.35,34907.01,508475.78,1509.4469
47354.047,154493.73,1305744.5,875.3855
28464.2,53190.06,784874.25,1529.0918
32.55,6882.57,897.53644,12.522262
11425.05,22624.35,315035.3,1442.8798
9059.75,16808.4,249814.31,1540.1283
24965.85,36106.74,688410.44,1976.0018
8687.75,20017.83,239556.77,1239.9072
13020.0,43479.992,359014.6,855.19073
83.7,16585.68,2307.951,13.429164
46205.5,42786.6,1274074.4,3086.6982
12469.75,42746.582,343841.94,833.0755
26345.35,46401.45,726448.94,1622.3846
11045.3,14361.96,304564.03,2197.937
97.649994,13793.85,2692.6094,19.241177
2269.2,15836.61,62571.113,408.6939
77.5,15151.05,2136.9917,13.625407
15698.399,22920.15,432869.0,1957.3346
16285.85,20236.2,449067.4,2300.0732
20911.049,29289.42,576603.06,2040.3339
10673.3,23248.14,294306.47,1311.6818
19737.7,29277.24,544249.0,1926.5931
15977.399,30680.55,440562.2,1487.9906
120.899994,11550.12,3333.7068,28.928764
89287.75,88331.97,2462028.0,2889.1672
265.05,25754.61,7308.5107,28.42536
26072.549,28627.35,718926.7,2603.062
48319.7,55383.332,1332371.5,2493.561
3698.2998,13341.45,101977.234,791.58905
9030.3,31529.67,249002.25,817.9016
21227.25,40463.7,585322.0,1498.9513
10696.55,21980.55,294947.56,1390.4069
44776.4,79484.07,1234668.2,1609.7126
49931.7,73528.92,1376820.9,1940.6328
27729.5,51720.63,764615.6,1531.9474
38.75,9739.65,1068.4958,10.375679
16952.35,24935.94,467445.53,1942.807
485.15,6084.7803,13377.567,226.97127
6796.75,19773.36,187414.16,981.81055
14937.35,32326.59,411883.75,1320.182
28667.25,27579.0,790473.2,2971.0527
15129.55,34010.04,417183.5,1270.9437
25128.6,47631.63,692898.1,1507.4185
6554.9497,14345.43,180746.73,1305.486
51.149998,4868.52,1410.4144,29.039845
10676.399,19382.73,294391.94,1573.9211
21490.75,32288.31,592587.75,1902.072
27912.398,43695.75,769658.9,1825.4465
24604.7,31659.3,678452.06,2221.1108
89383.84,97529.61,2464677.8,2619.4238
13751.6,22863.6,379187.78,1718.7194
16625.299,18033.36,458427.4,2634.978
15893.699,26030.4,438254.22,1744.7947
9008.6,34578.15,248403.89,743.91125
14272.399,24724.53,393548.34,1649.5092
71185.3,74527.68,1962869.5,2730.0
19666.398,27411.09,542282.94,2050.3865
13579.55,20206.62,374443.66,1920.5013
24686.85,45261.75,680717.3,1558.4926
24538.049,47131.38,676614.25,1487.6029
10115.3,18915.541,278920.12,1528.0052
83966.59,93625.92,2315302.0,2563.2444
38574.848,72857.28,1063666.1,1512.841
34885.848,63450.84,961945.3,1571.0303
20892.45,44015.91,576090.2,1356.1526
4409.75,9777.06,121594.82,1288.599
8644.35,30452.61,238360.03,810.62756
4865.4497,10353.0,134160.33,1342.7107
8734.25,20361.48,240838.95,1225.4935
27.9,24277.35,769.31696,2.2858815
82.149994,18948.6,2265.211,11.395939
101066.195,109655.67,2786808.0,2634.2622
28287.5,32026.44,780001.94,2524.4275
49.6,10159.86,1367.6746,12.958632
19202.95,16174.17,529503.75,3393.6492
22820.648,35508.18,629258.5,1836.5897
2081.65,26130.45,57399.594,226.77698
13593.5,22486.02,374828.3,1727.4932
24415.6,27210.121,673237.8,2564.582
101628.84,84035.914,2802322.5,3456.8096
17074.799,25028.16,470821.97,1949.6335
9106.25,19929.96,251096.52,1305.4178
19007.65,29013.63,524118.56,1872.1621
89.899994,9333.36,2478.9102,26.540424
17054.65,26830.8,470266.38,1816.432
94371.75,134674.27,2602214.8,2002.5786
16138.6,28246.291,445007.12,1632.6289
11885.399,24560.1,327729.03,1382.6704
22467.25,28061.85,619513.9,2288.1943
29797.2,38056.41,821630.5,2237.7036
4561.65,22096.26,125783.32,589.272
22214.6,39691.14,612547.25,1599.2723
13870.949,22409.46,382478.75,1768.7983
19737.7,22602.6,544249.0,2495.8193
69536.1,116485.17,1917394.4,1705.8239
24863.549,29899.291,685589.6,2376.668
31280.549,57598.35,862532.5,1551.792
13857.0,34112.7,382094.1,1160.4543
25912.898,34649.49,714524.5,2137.2976
30080.85,30220.32,829451.94,2845.0337
13733.0,75237.6,378674.9,520.89056
30198.648,48776.55,832700.1,1769.2125
5142.9,9588.2705,141810.77,1532.6166
13006.05,15988.86,358629.94,2324.8242
62.0,14910.93,1709.5933,10.888743
10580.3,23597.88,291742.1,1280.9585
40110.9,26468.01,1106021.4,4332.014
10409.8,21704.76,287040.72,1370.3124
10448.55,15900.12,288109.2,1877.9039
9890.55,17858.49,272722.88,1582.5242
37954.848,55000.53,1046570.2,1972.1011
66104.4,95282.4,1822768.4,1982.6575
291.4,18515.34,8035.0884,43.999413
49565.9,39988.68,1366734.2,3543.0095
7080.4,20122.23,195235.55,1005.0757
14542.1,17701.89,400985.1,2347.8562
10253.25,22644.36,282724.0,1293.6444
7674.05,21433.32,211604.9,1022.727
11814.1,19653.3,325763.0,1717.7556
16209.899,29903.64,446973.16,1548.9056
27743.45,35636.94,765000.25,2224.9172
10468.699,20472.84,288664.8,1461.0547
23277.898,34411.11,641866.75,1933.1675
32410.498,49546.5,893689.8,1869.345
122.45,5266.98,3376.4465,65.47312
6615.4,16791.87,182413.6,1125.4348
6430.9497,18495.33,177327.56,993.1732
50872.547,42687.42,1402764.0,3406.4744
17313.5,19230.48,477403.94,2573.2087
27095.549,60712.95,747135.0,1275.044
14148.399,28493.371,390129.16,1418.7518
25292.898,49658.73,697428.56,1455.3038
19627.648,20841.72,541214.44,2691.6733
22574.2,31555.77,622462.9,2044.4202
6362.75,14548.14,175447.02,1249.5078
25255.7,30544.83,696402.8,2363.1265
-41.85,13478.04,-1153.9755,-9.878053
10405.149,17901.12,286912.47,1660.9469
5669.9,14193.18,156342.3,1141.2065
21481.45,26533.26,592331.3,2313.8452
384.4,9754.44,10599.479,111.67563
58.899998,16697.91,1624.1135,9.085609
4944.5,6412.77,136340.06,2203.5793
8742.0,24307.8,241052.66,1027.2865
9145.0,17310.39,252165.02,1509.5178
3.1,10400.85,85.47966,-0.14779937
7348.55,23365.59,202629.53,898.2364
10829.85,20094.39,298623.2,1539.9784
2269.2,5381.82,62571.113,1204.5704
9369.75,19727.25,258362.28,1357.0333
29305.85,35984.94,808082.0,2327.5337
12348.85,20657.28,340508.22,1708.2373
10815.899,13177.89,298238.53,2345.7441
16481.15,26670.72,454452.66,1765.8586
4513.6,11227.35,124458.39,1148.4625
4747.65,11399.61,130912.1,1189.7969
27572.95,35594.31,760298.9,2213.8875
48608.0,58066.41,1340321.1,2392.491
16048.699,22216.32,442528.2,2064.4595
88.35,17542.68,2436.1704,13.399905
10930.6,12053.85,301401.28,2591.789
37001.598,62488.62,1020285.2,1692.045
341.0,16843.2,9402.763,56.886696
49555.047,116343.36,1366435.1,1216.8541
39622.65,46906.92,1092558.2,2414.2136
20841.299,25777.23,574679.75,2310.7322
23857.6,52784.64,657851.5,1291.3145
19875.648,27445.02,548052.8,2069.6504
23085.7,43656.6,636567.06,1510.9663
25032.5,31317.39,690248.3,2284.4287
25441.7,42419.46,701531.56,1713.8651
14168.55,32839.02,390684.8,1232.628
18341.15,23454.33,505740.44,2234.901
6333.3,13694.67,174634.95,1321.2924
682.0,6144.81,18805.525,316.34006
5727.25,9710.07,157923.67,1685.4471
2439.7,36511.29,67272.49,190.05493
32195.049,37056.78,887749.0,2483.1074
16357.149,103516.08,451033.44,450.8027
11150.699,27595.53,307470.34,1154.3468
9089.2,19811.64,250626.38,1310.7595
12195.399,20757.33,336276.97,1678.8616
35998.75,51638.85,992632.6,1992.2412
17200.35,64356.51,474283.9,763.1767
68919.195,112538.85,1900383.8,1750.0023
31757.95,33675.09,875696.4,2695.452
10744.6,14887.44,296272.5,2062.5698
17998.6,31534.02,496294.9,1630.9557
21862.75,34449.39,602845.3,1813.5636
20584.0,40425.42,567585.0,1454.8755
20498.75,26401.89,565234.25,2218.9404
2362.2,19424.49,65135.504,346.70908
15851.85,24638.4,437100.25,1838.5704
19685.0,23772.75,542795.9,2366.5818
38773.25,66342.72,1069136.9,1670.0441
39693.95,89971.05,1094524.4,1260.4514
11279.35,17583.57,311017.75,1833.1125
1856.8999,50758.41,51202.316,103.599464
24.8,11752.83,683.8373,5.0333457
1165.6,15393.78,32140.354,215.49768
16781.85,25868.58,462744.16,1853.8818
38184.25,63972.84,1052895.8,1705.6232
13725.25,75997.11,378461.22,515.3833
32300.45,32984.31,890655.3,2798.9492
14077.1,24158.16,388163.16,1665.0895
24164.5,30506.55,666314.0,2263.82
10992.6,32915.582,303110.88,953.878
13568.699,18002.041,374144.47,2154.0903
15538.75,23649.21,428466.8,1877.6609
24011.049,30667.5,662082.7,2237.627
33227.348,26724.66,916213.7,3553.9414
14487.85,28600.38,399489.2,1447.3752
82069.4,107856.51,2262988.5,2174.6243
24497.75,32256.99,675503.06,2170.4575
8466.1,34416.332,233444.95,702.344
23685.549,47405.43,653107.3,1427.5792
8816.399,16005.39,243104.16,1573.9762
89.899994,10063.29,2478.9102,24.54281
42786.2,42041.88,1179790.2,2908.8499
21252.049,31835.91,586005.8,1907.6775
20036.85,32291.791,552497.8,1773.1334
39830.348,39035.16,1098285.4,2916.4749
