FITC-A_raw,FSC-A,Normalised_FITC_A,FITC_fluorescence
45.239998,8768.73,200.19443,1.3673537
254.27998,15445.98,1125.2307,6.553948
578.75995,28924.89,2561.108,8.181297
444.59998,10573.98,1967.4279,18.293375
29.64,10357.35,131.16187,0.31312728
391.56,20023.05,1732.7173,7.973158
416.52,36671.37,1843.1693,4.2117786
216.84,18143.85,959.5526,4.483871
374.4,16777.08,1656.7815,9.2399235
2073.24,25000.32,9174.428,37.052334
960.95996,30011.52,4252.406,13.692462
210.59999,20412.81,931.9396,3.7340498
294.84,16666.59,1304.7155,7.1174
327.59998,21622.11,1449.6837,5.9522133
436.8,21933.57,1932.9116,8.137987
617.75995,23259.45,2733.6892,11.187022
2681.64,58060.32,11866.697,20.193287
2034.2399,53551.98,9001.846,16.430262
291.72,17186.85,1290.9089,6.7883816
358.8,24051.15,1587.7489,5.845321
107.64,15203.25,476.32468,2.2487369
274.56,19239.18,1214.973,5.548291
661.44,29092.8,2926.9807,9.432352
115.439995,15457.29,510.84094,2.4268904
1037.3999,53518.05,4590.665,7.894533
268.31998,23648.34,1187.36,4.206305
346.31998,13253.58,1532.5228,10.9900675
31.199999,11936.4,138.06512,0.19938469
408.71997,17013.72,1808.653,10.023102
129.48,13505.01,572.9702,3.3993144
521.04,15701.76,2305.6875,14.226497
656.75995,13628.55,2906.2705,21.112318
271.44,19751.61,1201.1666,5.305923
196.56,15376.38,869.81024,4.8656793
360.36,10350.39,1594.6521,14.975597
1572.48,19062.57,6958.482,36.85131
39.0,14462.88,172.5814,0.23733449
561.6,22057.11,2485.172,10.683037
283.91998,5540.16,1256.3926,22.515322
435.24,10600.95,1926.0084,17.839148
599.04,41274.54,2650.8503,5.6596417
418.08,33874.32,1850.0726,4.6632543
569.39996,14308.0205,2519.6882,17.260605
564.72,21396.78,2498.9785,11.110498
123.24,22927.98,545.35724,1.466398
2514.72,63283.8,11128.049,17.23368
45.239998,7669.92,200.19443,1.7065063
772.19995,12273.09,3417.1116,27.870422
1131.0,29089.32,5004.861,16.840471
369.72,16088.91,1636.0718,9.544442
528.83997,26842.98,2340.2036,8.040049
544.44,15065.79,2409.2363,15.581942
670.8,16511.73,2968.4001,17.641365
943.8,25745.041,4176.4697,15.821457
380.63998,21064.44,1684.3944,7.291665
31.199999,9314.22,138.06512,0.5370407
528.83997,22303.32,2340.2036,9.880078
297.96,7370.64,1318.5219,17.549406
3669.1199,20813.88,16236.458,79.888374
313.56,19695.06,1387.5544,6.3053427
591.24,23991.121,2616.334,10.308123
143.51999,15912.3,635.09955,3.1386313
95.159996,15340.71,421.0986,1.8463364
56.159996,6932.16,248.51721,2.7173698
12.48,14405.46,55.226048,-0.60247475
204.35999,4122.93,904.3265,21.744017
1029.6,22476.45,4556.149,20.01929
432.12,27360.63,1912.2019,6.246954
2887.5598,26507.16,12777.927,48.98562
455.52,24357.39,2015.7507,7.581317
772.19995,17043.3,3417.1116,19.789946
1840.7999,35163.66,8145.842,23.020927
371.28,30285.57,1642.975,4.625266
354.12,15978.42,1567.0392,9.169367
42.12,13731.21,186.38791,0.4075272
249.59999,21656.041,1104.521,4.2886252
322.91998,11931.18,1428.974,11.419063
123.24,12086.91,545.35724,3.678576
166.92,18214.32,738.6484,3.2050643
15.599999,10005.87,69.03256,-0.28460318
265.19998,20104.83,1173.5535,5.0527167
143.51999,16336.86,635.09955,3.031077
1160.64,52193.91,5136.0225,9.203636
711.36,19367.07,3147.8848,15.853991
310.44,19338.36,1373.748,6.366061
847.07996,23898.03,3748.468,15.264458
591.24,41213.64,2616.334,5.5826397
205.92,10155.51,911.2298,8.304093
990.6,19184.37,4383.5674,22.693436
653.63995,43546.11,2892.464,5.8875775
506.99997,22259.82,2243.558,9.451137
533.51996,34363.26,2360.9133,6.124158
400.91998,21617.76,1774.1367,7.5098963
195.0,15099.72,862.90704,4.925746
291.72,16004.5205,1290.9089,7.3637457
416.52,27342.36,1843.1693,5.989999
315.12,13730.34,1394.4578,9.531057
249.59999,13925.22,1104.521,7.224695
92.03999,10600.95,407.29208,2.9839058
365.03998,19368.81,1615.3618,7.6479807
394.68,15171.93,1746.5238,10.9366255
374.4,23581.35,1656.7815,6.2852497
240.23999,21089.67,1063.1014,4.227004
581.88,11012.46,2574.9146,23.245234
140.4,10092.87,621.293,5.383071
446.15997,37845.0,1974.3312,4.409528
285.47998,18148.2,1263.2958,6.2180414
224.63998,20567.67,994.06885,4.011633
497.63998,25503.18,2202.1387,7.9536104
1277.6399,28618.65,5653.766,19.48503
711.36,42248.07,3147.8848,6.7260914
457.08,33682.05,2022.654,5.2268867
310.44,10000.65,1373.748,13.243829
209.04,18823.32,925.0363,4.0957775
469.56,19124.34,2077.8801,10.266315
0.0,12366.18,0.0,-1.0
34.32,8399.85,151.87163,0.8747916
216.84,21967.5,959.5526,3.5293517
716.04,16850.16,3168.5945,18.498919
73.32,13000.41,324.45303,1.5878713
652.07996,26666.371,2885.5608,10.2205515
56.159996,3966.33,248.51721,5.4970393
510.12,22740.93,2257.3647,9.292986
11561.159,22071.03,51160.027,239.3566
492.96,37322.13,2181.429,5.0606966
622.44,12052.11,2754.3992,22.697998
712.92,22153.68,3154.788,13.766318
221.51999,14612.5205,980.2623,5.9560876
198.12,14067.9,876.7135,5.462139
351.0,19338.36,1553.2327,7.3284616
343.19998,13143.09,1518.7163,10.981937
138.84,9962.37,614.3898,5.3948326
438.36,19233.96,1939.815,9.457779
2042.0399,20658.15,9036.362,44.3576
340.08,13330.14,1504.9098,10.706408
349.44,17440.89,1546.3293,8.193507
424.31998,13176.15,1877.6855,13.776862
379.08,28246.291,1677.4912,5.158099
414.96,30763.2,1836.2661,5.1894493
179.4,16315.98,793.87445,4.045295
491.4,21686.49,2174.5256,9.397362
475.8,16070.64,2105.4932,12.585279
21.84,4463.1,96.645584,1.2453976
184.07999,14826.54,814.58417,4.696971
171.59999,6363.18,759.35815,11.37429
263.63998,27546.81,1166.6503,3.3915439
92.03999,14249.73,407.29208,1.9637883
605.27997,22935.81,2678.4634,11.109313
255.84,19654.17,1132.134,4.9729795
923.51996,15895.7705,4086.7275,25.658884
273.0,24866.34,1208.0698,4.0376506
555.36,26713.35,2457.559,8.5394535
457.08,39590.22,2022.654,4.2976294
260.52,19887.33,1152.8438,5.0109324
861.12,27694.71,3810.5974,13.267377
148.2,14440.26,655.8093,3.7092361
650.51996,15650.43,2878.6577,18.072676
599.04,16806.66,2650.8503,15.3550415
257.4,19416.66,1139.0372,5.082908
681.72,17995.95,3016.723,16.382353
124.799995,9942.36,552.2605,4.759733
282.36,20605.95,1249.4893,5.2876415
20.279999,9402.96,89.742325,-0.010352373
349.44,17764.53,1546.3293,8.026017
422.75998,47273.19,1870.7823,3.1035166
435.24,13674.66,1926.0084,13.604594
92.03999,21566.43,407.29208,0.95828366
427.43997,14154.9,1891.4921,12.856246
380.63998,10118.1,1684.3944,16.262064
138.84,25484.041,614.3898,1.4999053
85.799995,17638.38,379.67908,1.2320597
48.359997,8524.26,214.00093,1.6031961
546.0,22320.72,2416.1396,10.224363
410.28,23921.52,1815.5564,6.8698936
1283.88,13384.08,5681.38,43.016266
235.56,9380.34,1042.3917,10.52286
549.12,9670.92,2429.946,25.054138
1063.9199,52554.96,4708.0205,8.289076
90.479996,10065.03,400.38885,3.1249127
319.8,15860.97,1415.1675,8.251795
159.12,17587.92,704.1321,3.1513324
369.72,34035.27,1636.0718,3.9844937
218.4,14123.58,966.4558,6.0955343
171.59999,16697.91,759.35815,3.715551
3090.3599,25486.65,13675.35,54.63826
-29.64,9250.71,-131.16187,-2.4702134
413.4,15271.11,1829.3629,11.421588
480.47998,21321.96,2126.203,9.3401165
336.96,21897.03,1491.1033,6.0610685
485.15997,8754.81,2146.9126,24.428196
1703.5199,57513.96,7538.3555,12.590995
2101.3198,45842.91,9298.686,20.032808
182.51999,26882.13,807.6809,2.115473
1767.48,21539.46,7821.389,36.65277
2611.44,30313.41,11556.051,38.52961
204.35999,21858.75,904.3265,3.289906
56.159996,12048.63,248.51721,1.1387827
432.12,37416.09,1912.2019,4.299358
18.72,14749.98,82.83907,-0.4176398
254.27998,14308.0205,1125.2307,7.1547356
723.83997,25227.39,3203.1108,12.165808
160.68,22959.3,711.03534,2.2112966
93.6,13417.14,414.19537,2.2010553
233.99998,26507.16,1035.4884,3.0506983
229.31999,19408.83,1014.7786,4.4215045
421.19998,19333.14,1863.8792,8.996851
302.63998,20274.48,1339.2317,5.849421
875.16,18515.34,3872.7266,20.688677
340.08,11331.75,1504.9098,12.770869
400.91998,14579.46,1774.1367,11.618088
109.2,15507.75,483.2279,2.2311053
659.88,23566.56,2920.0774,11.848311
352.56,16376.01,1560.1359,8.878755
382.19998,39010.8,1691.2977,3.4955525
76.439995,14158.38,338.25952,1.4773328
53.039997,14529.0,234.7107,0.67511666
179.4,14086.17,793.87445,4.8439536
35.879997,7029.6,158.77489,1.3420658
669.24,43145.04,2961.4968,6.117513
1266.72,18416.16,5605.444,30.561584
645.83997,29105.85,2857.948,9.181738
129.48,10061.55,572.9702,4.904934
46.8,12101.7,207.09769,0.774503
421.19998,37201.2,1863.8792,4.1952767
301.08,12238.29,1332.3284,10.288557
563.16,35312.43,2492.0754,6.317816
1820.5199,37251.66,8056.0996,21.424723
552.24,21094.02,2443.7527,11.012843
143.51999,14617.74,635.09955,3.5051522
168.48,16961.52,745.55164,3.557859
159.12,21620.371,704.1321,2.3770607
1179.36,19193.94,5218.862,27.194185
790.92,21957.93,3499.951,15.527929
594.36,16222.89,2630.1406,15.811197
-24.96,5583.66,-110.452095,-3.0511756
775.31995,22157.16,3430.918,15.05625
931.31995,19500.18,4121.2437,20.914803
549.12,26034.75,2429.946,8.6781225
2042.0399,21263.67,9036.362,43.065964
-14.039999,4149.03,-62.129303,-2.5527368
602.16,15805.29,2664.6567,16.481821
672.36,24546.18,2975.3035,11.568842
3938.9998,34929.63,17430.72,50.745106
483.59998,18845.94,2140.0093,10.774589
808.07996,40852.59,3575.8865,8.076366
410.28,16913.67,1815.5564,10.1306305
223.07999,13703.37,987.1656,6.4698257
131.04,18351.78,579.8735,2.2764454
260.52,13162.23,1152.8438,8.082154
673.92,58283.91,2982.2065,4.3056293
552.24,24648.84,2443.7527,9.280368
502.31998,46526.73,2222.8484,3.9539905
410.28,17530.5,1815.5564,9.738987
140.4,24103.35,621.293,1.6728032
656.75995,33895.2,2906.2705,7.8909006
714.48,15872.28,3161.6912,19.655132
588.12,19040.82,2602.5276,13.172862
246.48,18765.9,1090.7145,5.0268383
446.15997,26790.78,1974.3312,6.641569
344.75998,19800.33,1525.6195,6.9895387
165.36,9898.86,731.7452,6.6651835
209.04,18131.67,925.0363,4.2901607
182.51999,14931.811,807.6809,4.608868
78.0,14322.811,345.1628,1.4988699
163.79999,18818.1,724.84186,2.9940674
232.43999,22158.9,1028.5851,3.8132663
1132.5599,15384.21,5011.7637,32.78028
195.0,18730.23,862.90704,3.7771487
1194.96,37906.77,5287.894,13.464848
472.68,11363.94,2091.6865,18.086027
294.84,18379.62,1304.7155,6.3608365
575.63995,27475.47,2547.3013,8.613534
450.84,22883.61,1995.041,8.040141
808.07996,19863.84,3575.8865,17.666737
257.4,15604.32,1139.0372,6.5690427
803.39996,31565.34,3555.1768,10.67881
960.95996,35393.34,4252.406,11.4583645
895.43994,21072.27,3962.4688,18.498554
1085.76,22126.71,4804.6665,21.516157
783.12,19324.44,3465.4346,17.595106
109.2,4330.86,483.2279,10.5697975
992.16,16243.7705,4390.4707,27.02671
157.56,27067.44,697.2289,1.6710134
741.0,25363.98,3279.0466,12.405348
432.12,17428.71,1912.2019,10.376701
736.31995,24769.77,3258.3367,12.640235
552.24,11953.8,2443.7527,20.198208
630.24,36189.39,2788.9155,6.991016
110.759995,11973.811,490.13116,3.244512
246.48,11623.2,1090.7145,8.730457
544.44,24579.24,2409.2363,9.163863
363.47998,38149.5,1608.4586,3.3718867
99.84,16871.91,441.80838,1.7152984
324.47998,17836.74,1435.8772,7.347371
115.439995,13835.61,510.84094,2.8285582
121.67999,17814.12,538.454,2.134239
555.36,25062.96,2457.559,9.1676235
219.95999,11875.5,973.3591,7.4990244
2561.52,20029.14,11335.146,57.683052
244.92,16011.48,1083.8112,6.018915
697.31995,17011.98,3085.7554,17.808514
815.87994,14749.98,3610.4028,24.381197
262.08,34565.1,1159.747,2.4791508
3564.5999,54569.88,15773.939,28.973335
1060.7999,13731.21,4694.214,34.448833
572.51996,12284.4,2533.4949,20.385231
589.68,29314.65,2609.431,8.230154
327.59998,16334.25,1449.6837,8.202842
622.44,25989.51,2754.3992,9.989469
251.15999,18223.89,1111.4242,5.323924
160.68,12631.53,711.03534,4.836911
705.12,43704.45,3120.2717,6.4031177
371.28,21780.45,1642.975,6.8218956
457.08,40256.64,2022.654,4.209931
198.12,17513.97,876.7135,4.1906404
221.51999,18568.41,980.2623,4.474135
923.51996,19708.11,4086.7275,20.501987
241.79999,18725.01,1070.0046,4.9253154
67.079994,4894.62,296.84,5.2885613
266.75998,18713.7,1180.4567,5.540911
20.279999,4316.07,89.742325,1.1560397
402.47998,18069.9,1781.04,9.220351
124.799995,17337.36,552.2605,2.3030026
67.079994,15085.8,296.84,1.0403373
614.63995,16810.14,2719.8828,15.777479
269.88,15583.44,1194.2633,6.94666
174.72,22377.27,773.1647,2.5827193
98.28,15476.43,434.90512,1.9138799
184.07999,15422.49,814.58417,4.476831
809.63995,19410.57,3582.7898,18.139513
224.63998,22095.39,994.06885,3.6651182
336.96,11295.21,1491.1033,12.68867
12.48,12352.26,55.226048,-0.5363979
485.15997,29430.36,2146.9126,6.5642643
397.8,24918.541,1760.3303,6.325199
583.44,13520.67,2581.8179,18.80046
457.08,17626.2,2022.654,10.899009
305.75998,24008.52,1353.0381,4.843762
563.16,43814.94,2492.0754,4.897756
280.8,24659.28,1242.586,4.2250924
138.84,17555.73,614.3898,2.6288826
156.0,9121.08,690.3256,6.847939
93.6,8008.35,414.19537,4.363028
65.52,8715.66,289.93674,2.449458
708.24,11762.4,3134.0784,26.628784
95.159996,11129.04,421.0986,2.9235027
586.56,15060.57,2595.6243,16.870977
343.19998,8615.61,1518.7163,17.278414
129.48,23034.99,572.9702,1.5792408
209.04,14610.78,925.0363,5.5649776
591.24,42977.13,2616.334,5.312533
213.71999,17368.68,945.74603,4.6461916
733.19995,18473.58,3244.5303,17.211622
282.36,17661.0,1249.4893,6.3360977
485.15997,22584.33,2146.9126,8.857233
2118.48,21335.01,9374.622,44.562634
366.59998,22459.05,1622.2651,6.4899397
116.99999,15844.44,517.7442,2.388334
17.16,7275.81,75.935814,0.082214
154.43999,15203.25,683.4223,3.6612306
321.36,26135.67,1422.0707,4.6420307
226.2,19937.791,1000.9721,4.205864
74.88,13581.57,331.3563,1.5298402
413.4,15748.74,1829.3629,11.044865
372.84,23846.7,1649.8782,6.174167
673.92,19435.8,2982.2065,14.910476
1731.6,17229.48,7662.6143,45.11611
24.96,9526.5,110.452095,0.20223248
92.03999,16453.44,407.29208,1.5668302
372.84,9050.61,1649.8782,17.902615
-3.12,9891.9,-13.806512,-1.1447278
691.07996,23979.81,3058.1423,12.223907
271.44,14095.74,1201.1666,7.836154
-7.7999997,4959.0,-34.51628,-1.721735
619.32,21189.72,2740.5928,12.411185
48.359997,9229.83,214.00093,1.4041958
870.48,19520.19,3852.0168,19.462187
388.43997,20198.791,1718.9106,7.824209
244.92,19943.01,1083.8112,4.6352186
90.479996,18408.33,400.38885,1.2553577
316.68,19252.23,1401.361,6.547738
43.68,6170.91,193.29117,2.24796
304.19998,16579.59,1346.1349,7.4190426
95.159996,14870.91,421.0986,1.9362574
254.27998,25472.73,1125.2307,3.580511
881.39996,16812.75,3900.3396,23.055344
466.43997,23534.371,2064.0735,8.094324
410.28,37370.85,1815.5564,4.037611
53.039997,7818.69,234.7107,2.1127682
343.19998,10772.34,1518.7163,13.618893
357.24,9250.71,1580.8456,16.71994
413.4,13589.4,1829.3629,12.958779
474.24,32861.64,2098.5898,5.621955
365.03998,22596.51,1615.3618,6.4126983
332.28,21936.18,1470.3936,5.9505706
285.47998,27063.96,1263.2958,3.8401804
945.36,34669.5,4183.373,11.512004
291.72,10222.5,1290.9089,12.094423
464.87997,16693.56,2057.1702,11.778183
383.75998,15150.18,1698.2009,10.623025
226.2,11484.87,1000.9721,8.037406
1059.24,24045.93,4687.311,19.212969
268.31998,22521.69,1187.36,4.466751
606.83997,47592.48,2685.3665,4.850771
1209.0,42533.43,5350.0234,12.04287
837.72,17066.791,3707.0483,21.522898
137.28,15799.2,607.4865,2.9870293
152.87999,17242.53,676.51904,3.068431
574.07996,14147.07,2540.3982,17.62015
558.48,22769.64,2471.3657,10.254565
555.36,16393.41,2457.559,14.544707
316.68,22123.23,1401.361,5.568245
829.92,17688.84,3672.5322,20.528519
316.68,20551.14,1401.361,6.070693
1233.96,33322.74,5460.4756,15.991734
1354.08,30482.19,5992.0264,19.383345
14.039999,10322.55,62.129303,-0.37589544
5500.5596,21202.77,24340.879,118.03962
182.51999,21177.541,807.6809,2.9546876
104.52,15513.84,462.51816,2.0914154
324.47998,13032.6,1435.8772,10.424419
204.35999,22586.07,904.3265,3.151762
184.07999,17962.89,814.58417,3.7022705
486.71997,12072.12,2153.816,17.50005
288.59998,30234.24,1277.1023,3.380004
397.8,30252.51,1760.3303,5.033657
834.6,27027.42,3693.242,13.169387
45.239998,4628.4,200.19443,3.4850674
372.84,12110.4,1649.8782,13.126718
386.87997,18130.8,1712.0074,8.791214
341.63998,25436.19,1511.813,5.1630244
151.31999,12096.48,669.61584,4.7400355
1446.12,25998.21,6399.3184,24.523376
248.04,17335.62,1097.6177,5.5653763
205.92,22463.4,911.2298,3.2063007
227.76,14255.82,1007.87537,6.330988
176.28,14009.61,780.06793,4.7737
390.0,12229.59,1725.8141,13.632886
1332.24,25485.78,5895.381,22.986221
57.719997,5563.65,255.42047,3.7604036
209.04,11824.17,925.0363,7.11215
324.47998,17047.65,1435.8772,7.7337475
3.12,12956.91,13.806512,-0.8895081
273.0,38051.19,1208.0698,2.2920897
602.16,22618.26,2664.6567,11.216026
521.04,15822.69,2305.6875,14.110123
396.24,18852.03,1753.427,8.64445
639.6,39864.27,2830.335,6.3621035
433.68,27854.791,1919.1052,6.1440873
680.16,23400.39,3009.8196,12.337217
290.16,18296.1,1284.0056,6.2770658
308.87997,21012.24,1366.8446,5.7451973
70.2,19780.32,310.6465,0.62847483
669.24,25928.61,2961.4968,10.843496
10038.6,22111.05,44422.453,207.32483
260.52,22093.65,1152.8438,4.410668
68.64,13773.84,303.74326,1.286649
170.04,19316.61,752.4549,3.0392194
519.48,28643.01,2298.7842,7.321995
51.48,6366.66,227.80745,2.7102582
978.11993,55018.8,4328.3413,7.157522
313.56,27559.86,1387.5544,4.220606
165.36,17975.94,731.7452,3.2210078
260.52,18299.58,1152.8438,5.5324664
324.47998,18624.09,1435.8772,6.994478
1553.7599,38327.85,6875.6426,17.601444
74.88,18848.55,331.3563,0.8229097
277.68,19421.88,1228.7795,5.5604033
304.19998,25228.26,1346.1349,4.5328536
1012.43994,24715.83,4480.213,17.796255
469.56,20944.38,2077.8801,9.287287
408.71997,20924.37,1808.653,7.962946
702.0,44377.832,3106.4653,6.258524
531.95996,33695.1,2354.0103,6.2441835
221.51999,18043.8,980.2623,4.633291
787.8,21109.68,3486.1443,16.124252
288.59998,20585.07,1277.1023,5.4331136
57.719997,7635.12,255.42047,2.4688675
177.84,13018.68,786.9712,5.2681556
319.8,13139.61,1415.1675,10.167945
658.31995,15937.53,2913.1738,17.953667
506.99997,16975.44,2243.558,12.704532
293.28,16364.7,1297.8121,7.223405
514.8,35944.92,2278.0745,5.5717077
277.68,17221.65,1228.7795,6.3985577
258.96,18826.8,1145.9404,5.3115115
531.95996,23734.47,2354.0103,9.284346
552.24,19362.72,2443.7527,12.086959
393.12,12417.51,1739.6205,13.526731
829.92,29829.69,3672.5322,11.766292
546.0,29700.93,2416.1396,7.4352865
209.04,14021.79,925.0363,5.840742
82.68,14544.66,365.8726,1.6083999
46.8,11780.67,207.09769,0.8228593
388.43997,21783.93,1718.9106,7.182103
170.04,24467.88,752.4549,2.1888347
188.76,14228.85,835.29395,5.087198
588.12,35296.77,2602.5276,6.6455417
4165.1997,74535.51,18431.693,24.641882
374.4,22779.21,1656.7815,6.54179
1689.48,17962.02,7476.2266,42.159374
43.68,15780.93,193.29117,0.27006888
297.96,23422.14,1318.5219,4.8372545
3700.3198,101890.05,16374.522,15.664211
146.64,19624.59,648.90607,2.428697
463.31998,13418.01,2050.267,14.844195
344.75998,15023.16,1525.6195,9.5301075
2382.1199,39026.46,10541.271,27.007975
600.6,17339.1,2657.7534,14.894102
184.07999,14769.99,814.58417,4.718783
249.59999,11321.311,1104.521,9.116381
502.31998,20304.93,2222.8484,10.351578
7.7999997,8092.74,34.51628,-0.5577414
102.96,13540.68,455.6149,2.4890351
127.92,17211.21,566.067,2.410392
202.79999,16447.35,897.4233,4.657822
10.92,3187.68,48.322792,0.5719011
558.48,27224.041,2471.3657,8.413092
196.56,15265.89,869.81024,4.908133
115.439995,8412.03,510.84094,5.296986
736.31995,22874.91,3258.3367,13.770135
393.12,26288.791,1739.6205,5.861701
315.12,25307.43,1394.4578,4.713539
238.68,19403.61,1056.1981,4.6443086
474.24,17660.13,2098.5898,11.322009
1123.2,14589.9,4970.344,34.32499
210.59999,19201.77,931.9396,4.032623
6656.5195,68970.12,29456.191,43.2857
319.8,23100.24,1415.1675,5.3524203
1450.7999,23403.0,6420.028,27.445478
233.99998,20435.43,1035.4884,4.254233
149.76,15161.49,662.7126,3.5324311
385.31998,21872.67,1705.1041,7.083454
953.16,18974.7,4217.8896,22.049854
352.56,20641.62,1560.1359,6.8373013
40.559998,18537.96,179.48465,0.0039526224
307.31998,15798.33,1359.9414,7.9260006
210.59999,23645.73,931.9396,3.0867953
1366.5599,36265.95,6047.252,16.290474
0.0,12244.38,0.0,-1.0
335.4,7238.4,1484.2001,20.261688
63.96,16550.88,283.0335,0.77322817
156.0,13419.75,690.3256,4.3340545
154.43999,12217.41,683.4223,4.800399
48.359997,9278.55,214.00093,1.3915718
237.12,13025.64,1049.2949,7.353075
382.19998,33279.24,1691.2977,4.2698054
1363.44,23001.06,6033.446,26.199783
979.68,60960.9,4335.2446,6.3741183
1216.7999,7321.05,5384.5396,75.26462
577.19995,22301.58,2554.2046,10.875938
450.84,37858.05,1995.041,4.4643874
1205.88,42525.6,5336.2173,12.011607
88.92,15803.55,393.4856,1.5817969
1895.3999,60842.582,8387.456,13.294551
265.19998,24043.32,1173.5535,4.0612326
204.35999,24110.31,904.3265,2.8892899
1553.7599,56804.91,6875.6426,11.550913
433.68,27108.33,1919.1052,6.3408084
240.23999,17484.39,1063.1014,5.304811
218.4,21403.74,966.4558,3.682095
42.12,15752.22,186.38791,0.22694147
5254.0796,49881.45,23250.164,47.33201
255.84,20806.05,1132.134,4.6422987
160.68,18410.07,711.03534,3.004826
906.36,21475.95,4010.7917,18.365362
212.15999,14466.36,938.8428,5.72948
413.4,15781.8,1829.3629,11.019633
62.399998,3018.03,276.13025,8.4872055
269.88,17172.93,1194.2633,6.211134
107.64,16841.46,476.32468,1.932724
23.4,14452.44,103.54884,-0.25706303
463.31998,26916.06,2050.267,6.89854
176.28,17003.28,780.06793,3.7571583
37.44,10226.85,165.67815,0.67985284
374.4,21049.65,1656.7815,7.1614676
352.56,16909.32,1560.1359,8.567184
18.72,6106.5303,82.83907,0.40665817
68.64,13981.7705,303.74326,1.2526429
146.64,14348.91,648.90607,3.68933
845.51996,14645.58,3741.5647,25.490767
733.19995,36712.26,3244.5303,8.164073
486.71997,19545.42,2153.816,10.426454
984.36,36538.26,4355.9546,11.361846
424.31998,33527.19,1877.6855,4.8072906
269.88,28221.06,1194.2633,3.388081
2009.2799,23543.07,8891.394,38.161076
661.44,43138.95,2926.9807,6.035552
301.08,17429.58,1332.3284,6.9263315
503.87997,29551.291,2229.7517,6.8239837
81.119995,11526.63,358.9693,2.2292588
277.68,26474.97,1228.7795,3.812673
530.39996,15495.57,2347.107,14.706275
-23.4,9729.21,-103.54884,-2.1036098
921.95996,13738.17,4079.8242,29.793598
288.59998,16283.79,1277.1023,7.132388
3199.5598,18823.32,14158.577,76.99581
709.8,18465.75,3140.9814,16.637877
444.59998,31591.44,1967.4279,5.457691
1040.52,9757.92,4604.472,47.929466
71.759995,14735.19,317.54977,1.2346213
586.56,23547.42,2595.6243,10.430004
221.51999,21561.21,980.2623,3.7142978
375.96,8898.36,1663.6847,18.386923
266.75998,15431.19,1180.4567,6.932288
159.12,26811.66,704.1321,1.7231922
285.47998,22302.45,1263.2958,4.873546
1121.64,21455.94,4963.4414,22.987404
616.19995,10209.45,2726.786,26.694695
59.28,10640.97,262.32373,1.5562553
672.36,39396.21,2975.3035,6.831135
8091.7197,26566.32,35807.188,138.76123
907.92,18473.58,4017.695,21.551414
20.279999,5128.65,89.742325,0.8144381
246.48,12491.46,1090.7145,8.05411
70.2,5677.62,310.6465,4.6734605
20.279999,9550.86,89.742325,-0.025677562
88.92,16218.54,393.4856,1.5157354
299.52,8935.7705,1325.4252,14.380522
5647.1997,21823.95,24989.785,117.734535
443.03998,23433.45,1960.5247,7.675289
522.6,16605.69,2312.5908,13.440751
229.31999,21175.8,1014.7786,3.969118
232.43999,20013.48,1028.5851,4.329242
385.31998,20944.38,1705.1041,7.4417267
538.19995,22475.58,2381.623,9.987782
68.64,17225.13,303.74326,0.8284875
861.12,18864.21,3810.5974,19.946058
1377.48,19424.49,6095.575,31.539658
5995.0796,18453.57,26529.21,148.07054
287.03998,15591.2705,1270.1991,7.447694
549.12,17361.72,2429.946,13.512817
209.04,19071.27,925.0363,4.0295258
979.68,27339.75,4335.2446,15.442467
243.35999,21124.47,1076.908,4.286164
2419.5598,30283.83,10706.949,35.660873
488.27997,11055.96,2160.719,19.265144
400.91998,9125.43,1774.1367,19.159588
767.51996,33434.1,3396.4019,9.533611
762.83997,23738.82,3375.6921,13.745232
224.63998,23019.33,994.06885,3.477872
227.76,22613.041,1007.87537,3.621636
29.64,11147.311,131.16187,0.2200718
962.51996,28234.11,4259.309,14.642743
305.75998,14460.2705,1353.0381,8.702452
808.07996,48185.82,3575.8865,6.695066
1079.52,11523.15,4777.053,41.98696
68.64,8546.88,303.74326,2.6850798
277.68,16505.64,1228.7795,6.7195053
599.04,12620.22,2650.8503,20.780416
394.68,21826.56,1746.5238,7.297306
402.47998,15540.811,1781.04,10.883596
613.07996,16426.47,2712.9795,16.12577
141.95999,17515.71,628.1963,2.7189083
129.48,9029.73,572.9702,5.579685
1230.84,22157.16,5446.669,24.489702
213.71999,18414.42,945.74603,4.3255486
1020.24,12423.6,4514.7295,36.681847
530.39996,13071.75,2347.107,17.6186
74.88,9859.71,331.3563,2.484809
198.12,17716.68,876.7135,4.131251
187.2,18388.32,828.39075,3.6713352
731.63995,44964.21,3237.627,6.4663396
728.51996,23183.76,3223.8206,13.41899
71.759995,24005.041,317.54977,0.37169397
-1.56,4279.53,-6.903256,-1.1672653
-32.76,3093.72,-144.96837,-5.8589244
1099.7999,30334.291,4866.7954,15.636314
893.87994,13137.87,3955.5654,30.219898
1458.6,31855.05,6454.5444,20.01044
9.36,17656.65,41.419537,-0.7567545
6.24,12796.83,27.613024,-0.77625185
808.07996,32677.2,3575.8865,10.347149
106.079994,20710.35,469.4214,1.3503001
1904.7599,34746.93,8428.875,24.153652
361.91998,20090.91,1601.5554,7.2659016
3655.0798,81746.94,16174.328,19.51647
156.0,18154.291,690.3256,2.942962
269.88,15815.73,1194.2633,6.829945
341.63998,17472.21,1511.813,7.9721823
302.63998,13156.14,1339.2317,9.55541
62.399998,9522.15,276.13025,2.0069544
124.799995,13210.95,552.2605,3.3346877
580.32,29405.13,2568.0112,8.055693
717.6,17908.95,3175.4978,17.386099
145.08,14239.29,642.0028,3.67516
695.75995,8290.23,3078.852,37.509697
0.0,12722.01,0.0,-1.0
483.59998,18911.19,2140.0093,10.733963
129.48,19122.6,572.9702,2.1069407
74.88,26749.89,331.3563,0.2844615
1993.6799,26023.44,8822.361,34.153454
90.479996,15039.69,400.38885,1.7605205
726.95996,35732.64,3216.9172,8.335179
726.95996,22664.371,3216.9172,13.717841
53.039997,9365.55,234.7107,1.5986481
1472.6399,32643.27,6516.6733,19.700468
262.08,15971.46,1159.747,6.529506
407.15997,22095.39,1801.7498,7.4555264
613.07996,20577.24,2712.9795,12.67122
120.119995,13721.64,531.5507,3.016859
154.43999,16214.19,683.4223,3.370607
667.68,32159.55,2954.5935,8.52655
326.03998,13885.2,1442.7804,9.774471
18.72,12247.86,82.83907,-0.29866922
776.87994,17788.89,3437.8213,19.03929
366.59998,25657.17,1622.2651,5.5563326
658.31995,19374.03,2913.1738,14.591731
190.31999,25061.22,842.1972,2.4846523
73.32,21198.42,324.45303,0.5870706
127.92,15933.18,566.067,2.6839461
287.03998,26439.3,1270.1991,3.9816098
428.99997,11105.55,1898.3953,16.725334
294.84,21773.49,1304.7155,5.2134905
174.72,15926.22,773.1647,4.03393
368.15997,19453.2,1629.1683,7.68406
285.47998,13092.63,1263.2958,9.005206
522.6,38174.73,2312.5908,5.2816057
185.64,14820.45,821.4875,4.747612
326.03998,9564.78,1442.7804,14.64131
976.55994,27900.9,4321.438,15.060459
614.63995,25418.791,2719.8828,10.095406
402.47998,27268.41,1781.04,5.772699
496.08,19253.1,2195.2354,10.823017
315.12,30874.56,1394.4578,3.6833053
212.15999,18444.87,938.8428,4.277949
995.27997,14297.58,4404.2773,30.941845
316.68,26033.88,1401.361,4.5816035
126.35999,11666.7,559.1637,3.969799
3024.8398,44485.71,13385.413,30.200325
180.95999,15236.311,800.7777,4.4497933
90.479996,4733.67,400.38885,7.770652
588.12,25754.61,2602.5276,9.478238
669.24,36922.8,2961.4968,7.3169575
428.99997,28222.8,1898.3953,5.9748425
819.0,8158.86,3624.2095,45.06082
2151.24,16663.98,9519.59,58.236225
290.16,19623.72,1284.0056,5.784744
8661.12,165030.3,38326.88,23.081728
2740.92,20013.48,12129.0205,61.842144
65.52,14806.53,289.93674,1.0304759
3027.96,46135.23,13399.22,29.115822
942.24,39062.13,4169.567,10.068351
238.68,19449.72,1056.1981,4.630927
327.59998,18485.76,1449.6837,7.1317463
483.59998,17166.84,2140.0093,11.926269
382.19998,23291.64,1691.2977,6.52953
1555.32,14435.04,6882.5464,48.440067
2469.48,24177.3,10927.8545,45.867844
561.6,14080.08,2485.172,17.302029
428.99997,13087.41,1898.3953,14.0411415
2029.5599,21970.98,8981.136,41.38671
207.48,15552.99,918.13306,5.1212425
341.63998,22528.65,1511.813,5.958422
297.96,18252.6,1318.5219,6.4904947
609.95996,31165.14,2699.173,7.980686
942.24,22403.371,4169.567,18.298584
759.72,38224.32,3361.8857,8.119921
310.44,11617.98,1373.748,11.260956
1413.36,52768.98,6254.35,11.289986
-71.759995,4624.92,-317.54977,-8.119598
2204.28,11026.38,9754.301,90.729935
4.68,5370.5103,20.709768,-0.60014033
1037.3999,23128.95,4590.665,19.581053
148.2,18214.32,655.8093,2.7334688
1268.2799,11324.79,5612.3467,50.388058
700.44,22098.0,3099.562,13.54438
116.99999,10837.59,517.7442,3.9537082
20.279999,9634.38,89.742325,-0.034123838
-7.7999997,11265.63,-34.51628,-1.3176994
928.19995,15441.63,4107.437,26.581995
611.51996,30818.01,2706.0762,8.105071
1439.88,15036.21,6371.7056,42.94052
463.31998,25096.89,2050.267,7.471072
171.59999,18163.86,759.35815,3.3349729
661.44,16436.91,2926.9807,17.464926
521.04,26333.16,2305.6875,8.079153
681.72,28832.67,3016.723,9.849218
276.12,12997.8,1221.8763,8.74777
338.52,17572.26,1498.0066,7.839628
737.87994,20914.8,3265.24,15.188599
463.31998,20610.3,2050.267,9.315113
1764.36,11929.44,7807.5825,66.86478
53.039997,12708.09,234.7107,0.9151397
528.83997,28522.08,2340.2036,7.50786
1400.88,7782.15,6199.124,81.59973
482.03998,19728.99,2133.106,10.211287
107.64,12290.49,476.32468,3.0186644
43.68,8024.0103,193.29117,1.4978619
121.67999,17266.89,538.454,2.2335706
352.56,12176.5205,1560.1359,12.285781
525.72,13054.35,2326.3972,17.478916
1383.72,21959.67,6123.188,27.913433
137.28,12578.46,607.4865,4.007916
-15.599999,5178.24,-69.03256,-2.3823552
297.96,21679.53,1318.5219,5.306456
461.75998,21835.26,2043.3638,8.703651
274.56,21632.55,1214.973,4.8238044
790.92,16293.36,3499.951,21.27405
499.19998,33153.96,2209.042,5.9090195
182.51999,19086.06,807.6809,3.3880482
60.839996,9152.4,269.227,2.0502222
37.44,6516.3,165.67815,1.6364045
826.8,34423.29,3658.7258,10.0211115
1368.12,17071.14,6054.156,35.773834
432.12,13701.63,1912.2019,13.471361
210.59999,20937.42,931.9396,3.6154332
65.52,7939.62,289.93674,2.7866173
318.24,12876.0,1408.2642,10.340992
736.31995,19148.7,3258.3367,16.644304
74.88,6773.82,331.3563,4.072353
388.43997,20135.28,1718.9106,7.852043
1890.72,19105.2,8366.746,44.410145
556.92,38176.47,2464.4624,5.693825
277.68,17356.5,1228.7795,6.3410754
-24.96,8869.65,-110.452095,-2.291265
96.71999,20282.31,428.00186,1.1881449
5739.2397,18740.67,25397.078,139.5227
896.99994,18532.74,3969.372,21.209053
1226.1599,22905.36,5425.959,23.563332
652.07996,31227.78,2885.5608,8.581577
1517.88,27967.89,6716.868,23.90319
940.68,21770.01,4162.6636,18.827164
282.36,25814.64,1249.4893,4.0189667
1522.5599,23950.23,6737.5776,28.170372
1854.84,21165.36,8207.972,39.212223
-57.719997,4875.48,-255.42047,-6.4323306
560.04,36340.77,2478.2688,6.071347
4260.36,13783.41,18852.793,140.8296
17.16,8754.81,75.935814,-0.100610495
0.0,4474.41,0.0,-1.0
219.95999,11113.38,973.3591,8.081861
188.76,11989.47,835.29395,6.224158
441.47998,22780.08,1953.6215,7.892688
538.19995,9408.18,2381.623,25.249153
238.68,13071.75,1056.1981,7.3783703
98.28,12494.07,434.90512,2.6094286
722.27997,26690.73,3196.2075,11.417163
1252.6799,30354.3,5543.3145,17.936388
254.27998,19423.62,1125.2307,5.0070233
146.64,16596.12,648.90607,3.054368
1458.6,27198.81,6454.5444,23.607277
156.0,13365.811,690.3256,4.355581
458.63998,19727.25,2029.5573,9.667991
605.27997,13329.2705,2678.4634,19.836618
508.55997,28785.69,2250.4614,7.106676
110.759995,31392.21,490.13116,0.6189681
452.4,14140.11,2001.9442,13.68071
138.84,11930.311,614.3898,4.339986
121.67999,13809.51,538.454,3.0431347
322.91998,27607.71,1428.974,4.367126
687.95996,14682.99,3044.3357,20.49938
266.75998,8533.83,1180.4567,13.343461
1308.84,22555.621,5791.832,25.626192
37.44,13552.86,165.67815,0.2675997
460.19998,19862.1,2036.4604,9.631601
432.12,19845.57,1912.2019,8.991209
176.28,12346.17,780.06793,5.55161
70.2,13400.61,310.6465,1.4037528
301.08,16655.28,1332.3284,7.2948256
3024.8398,35316.78,13385.413,38.30054
20.279999,7462.86,89.742325,0.2469238
1046.76,28143.63,4632.085,16.066494
148.2,15297.21,655.8093,3.4454246
244.92,16054.11,1083.8112,6.000277
464.87997,20182.26,2057.1702,9.569351
258.96,18603.21,1145.9404,5.387369
344.75998,22064.94,1525.6195,6.169541
425.87997,11671.05,1884.5889,15.743822
1190.2799,16232.46,5267.184,32.646664
224.63998,15211.95,994.06885,5.776094
145.08,12756.811,642.0028,4.2184644
447.71997,21824.82,1981.2344,8.413108
2219.88,61570.77,9823.333,15.543682
118.56,11907.69,524.64746,3.5686502
687.95996,29879.28,3044.3357,9.565019
386.87997,20011.74,1712.0074,7.87092
190.31999,10748.85,842.1972,7.1245565
279.24,14897.88,1235.6829,7.6006336
488.27997,44019.39,2160.719,4.0898166
778.43994,20923.5,3444.7246,16.071358
912.6,41744.34,4038.4048,9.031367
592.8,12696.78,2623.2373,20.42357
402.47998,19748.13,1781.04,8.351808
215.28,18745.02,952.64935,4.269811
165.36,16662.24,731.7452,3.5538044
154.43999,17480.041,683.4223,3.054101
594.36,25600.621,2630.1406,9.653109
170.04,14808.2705,752.4549,4.2689495
219.95999,18488.37,973.3591,4.4591165
90.479996,13320.57,400.38885,2.1167865
1021.8,53852.13,4521.633,7.7064333
471.12,17810.64,2084.7834,11.137501
1051.44,14757.811,4652.7944,31.691875
129.48,11784.15,572.9702,4.041754
413.4,14090.5205,1829.3629,12.462344
3687.8398,72377.914,16319.297,22.379932
2954.64,22245.03,13074.767,59.94651
274.56,18435.3,1214.973,5.8338313
892.31995,14421.12,3948.6624,27.392189
428.99997,13138.74,1898.3953,13.98238
283.91998,20123.1,1256.3926,5.4740844
248.04,16659.63,1097.6177,5.8317757
2194.92,18730.23,9712.881,52.771584
1435.2,19398.39,6350.9956,32.948765
408.71997,29392.08,1808.653,5.380766
98.28,14033.1,434.90512,2.2135775
460.19998,26153.94,2036.4604,7.073963
182.51999,17461.77,807.6809,3.7962236
191.87999,8592.12,849.10046,9.247233
218.4,15378.12,966.4558,5.5166836
497.63998,27312.78,2202.1387,7.3603926
1494.48,18209.97,6613.3193,36.658077
842.39996,18515.34,3727.7583,19.8768
478.91998,16992.84,2119.2996,11.932255
171.59999,8611.26,759.35815,8.143824
689.51996,20248.38,3051.239,14.625497
288.59998,24045.06,1277.1023,4.507414
60.839996,4468.32,269.227,5.2477293
188.76,15427.71,835.29395,4.6141725
365.03998,31962.93,1615.3618,4.2404804
394.68,17225.13,1746.5238,9.5138035
385.31998,21416.791,1705.1041,7.255519
603.72,21602.1,2671.56,11.823804
-20.279999,8780.91,-89.742325,-2.0597553
928.19995,16172.43,4107.437,25.335619
315.12,20335.38,1394.4578,6.1105127
207.48,20783.43,918.13306,3.5807467
686.39996,34363.26,3037.4326,8.165585
1149.72,17151.18,5087.6997,29.759222
524.16,11360.46,2319.494,20.171186
441.47998,16206.36,1953.6215,11.499792
190.31999,15864.45,842.1972,4.504738
187.2,24887.22,828.39075,2.4514909
502.31998,19352.28,2222.8484,10.910379
177.84,12574.98,786.9712,5.489323
148.2,10250.34,655.8093,5.634179
536.63995,23886.72,2374.72,9.308697
368.15997,17643.6,1629.1683,8.574733
599.04,16753.59,2650.8503,15.406849
185.64,14213.19,821.4875,4.9931793
170.04,29136.3,752.4549,1.6778975
95.159996,23788.41,421.0986,0.83555007
1145.0399,42012.3,5066.9897,11.506086
143.51999,14334.12,635.09955,3.5942922
104.52,14487.24,462.51816,2.3104804
360.36,10161.6,1594.6521,15.272406
335.4,23918.041,1484.2001,5.434499
906.36,13506.75,4010.7917,29.791237
85.799995,4381.32,379.67908,7.985858
463.31998,17671.44,2050.267,11.030575
115.439995,7990.08,510.84094,5.629525
151.31999,19785.541,669.61584,2.5093417
182.51999,8813.1,807.6809,8.502963
3031.0798,20021.31,13413.026,68.467575
820.56,24097.26,3631.1128,14.624997
116.99999,16195.92,517.7442,2.3148012
439.91998,13575.48,1946.7181,13.869479
641.16,18149.94,2837.2383,15.209459
240.23999,16227.24,1063.1014,5.7932553
522.6,30530.041,2312.5908,6.8545136
327.59998,14252.34,1449.6837,9.547147
88.92,18678.9,393.4856,1.184366
829.92,16528.26,3672.5322,22.040205
246.48,22941.03,1090.7145,3.9299903
159.12,12656.76,704.1321,4.76872
141.95999,15005.76,628.1963,3.3409548
293.28,15660.0,1297.8121,7.593457
187.2,9356.85,828.39075,8.180228
976.55994,30978.96,4321.438,13.464696
204.35999,19751.61,904.3265,3.747562
0.0,9681.36,0.0,-1.0
513.24,14993.58,2271.1711,14.706968
432.12,17776.71,1912.2019,10.153989
62.399998,6052.59,276.13025,3.730648
120.119995,15425.97,531.5507,2.5730584
74.88,14850.9,331.3563,1.3136108
223.07999,17252.1,987.1656,4.933295
1567.7999,18408.33,6937.772,38.079906
663.0,15026.64,2933.8838,19.24552
198.12,20865.21,876.7135,3.3569522
252.71999,15751.35,1118.3274,6.3620553
397.8,8772.21,1760.3303,19.80813
12.48,10734.061,55.226048,-0.4665081
78.0,18117.75,345.1628,0.9754572
419.63998,20621.61,1856.9758,8.337521
277.68,16035.84,1228.7795,6.945663
106.079994,14616.87,469.4214,2.3300931
249.59999,30649.23,1104.521,2.736821
166.92,13941.75,738.6484,4.493743
778.43994,12195.66,3444.7246,28.288494
642.72,30546.57,2844.1414,8.654652
343.19998,24115.53,1518.7163,5.530219
171.59999,12889.92,759.35815,5.108637
4282.1997,72461.43,18949.438,26.116728
535.07996,33878.67,2367.8167,6.247189
558.48,22620.871,2471.3657,10.328583
232.43999,14387.19,1028.5851,6.4133096
2672.2798,8244.99,11825.277,147.7199
190.31999,18931.2,842.1972,3.6130009
3113.7598,40114.832,13778.898,34.617004
160.68,12251.34,711.03534,5.0180454
170.04,16342.95,752.4549,3.7741704
-17.16,9969.33,-75.935814,-1.7898207
496.08,21213.21,2195.2354,9.730564
486.71997,19510.62,2153.816,10.446835
297.96,23188.11,1318.5219,4.896168
257.4,26745.541,1139.0372,3.4160542
-6.24,6318.81,-27.613024,-1.453134
1199.64,35469.03,5308.604,14.519542
70.2,13632.03,310.6465,1.3629463
836.16,18439.65,3700.1453,19.807215
1193.3999,25101.24,5280.9907,20.815647
516.36,23514.36,2284.9778,9.076199
538.19995,22668.72,2381.623,9.894163
510.12,26534.13,2257.3647,7.8215466
138.84,10340.82,614.3898,5.1607966
418.08,15025.7705,1850.0726,11.767324
842.39996,32897.31,3727.7583,10.749929
357.24,15394.65,1580.8456,9.647987
904.8,34730.4,4003.8884,10.954187
1311.96,11346.54,5805.638,52.055984
190.31999,13439.76,842.1972,5.4978576
829.92,19273.98,3672.5322,18.75796
2143.44,20150.07,9485.074,47.810364
318.24,20894.791,1408.2642,5.988661
-29.64,7022.64,-131.16187,-2.9366674
162.23999,10321.68,717.9386,6.212483
3.12,9919.74,13.806512,-0.8556783
53.039997,21917.91,234.7107,0.110405564
299.52,22579.98,1325.4252,5.0866666
110.759995,16522.17,490.13116,2.0760481
492.96,19085.19,2181.429,10.852023
725.39996,21460.291,3210.014,14.510264
165.36,13432.8,731.7452,4.648605
494.52,18799.83,2188.3323,11.069999
168.48,14824.8,745.55164,4.2147894
680.16,19126.08,3009.8196,15.317829
1670.7599,30254.25,7393.3867,24.339901
-20.279999,9882.33,-89.742325,-1.941642
541.32,23630.94,2395.43,9.511153
330.72,24774.121,1463.4904,5.125471
441.47998,14746.5,1953.6215,12.737236
712.92,19577.61,3154.788,15.709307
1282.32,39063.87,5674.4766,14.062546
1007.75995,51878.97,4459.5034,7.913393
-3.12,8725.23,-13.806512,-1.1640797
156.0,19273.11,690.3256,2.71407
143.51999,12986.49,635.09955,4.07105
238.68,14949.21,1056.1981,6.326137
712.92,17491.35,3154.788,17.702288
12.48,5601.93,55.226048,0.022243023
485.15997,36771.42,2146.9126,5.054131
195.0,16751.85,862.90704,4.341326
199.68,18069.9,883.61676,4.0705614
346.31998,17854.14,1532.5228,7.90053
57.719997,9397.74,255.42047,1.818254
344.75998,23195.07,1525.6195,5.8202205
216.84,19976.94,959.5526,3.9806695
34.32,7290.6,151.87163,1.1600373
209.04,17040.69,925.0363,4.6288476
1380.6,7820.43,6109.382,80.0055
1452.36,30277.74,6426.9316,21.010408
541.32,41990.55,2395.43,4.915341
215.28,19747.26,952.64935,4.0023503
351.0,18120.36,1553.2327,7.888277
213.71999,17005.89,945.74603,4.7666426
692.63995,15757.44,3065.0457,19.169687
297.96,25524.06,1318.5219,4.3565536
204.35999,17301.69,904.3265,4.419817
404.03998,23587.44,1787.9432,6.8599687
397.8,19532.37,1760.3303,8.345168
201.23999,24258.21,890.52,2.8065612
277.68,19260.93,1228.7795,5.615225
458.63998,39617.19,2029.5573,4.312091
321.36,12348.78,1422.0707,10.941118
258.96,18909.45,1145.9404,5.2839255
251.15999,19537.59,1111.4242,4.898706
355.68,11637.12,1573.9424,13.024623
96.71999,11891.16,428.00186,2.732238
341.63998,31796.76,1511.813,3.9301834
558.48,20095.26,2471.3657,11.752381
667.68,31631.46,2954.5935,8.685596
185.64,19001.67,821.4875,3.4828796
365.03998,17905.47,1615.3618,8.354745
570.95996,14027.01,2526.5916,17.67746
112.31999,11109.03,497.03442,3.6393614
408.71997,19389.69,1808.653,8.672356
202.79999,20772.99,897.4233,3.479672
302.63998,17166.84,1339.2317,7.089343
216.84,17405.22,959.5526,4.7165914
258.96,16798.83,1145.9404,6.0734434
614.63995,18088.17,2719.8828,14.592058
102.96,11350.89,455.6149,3.1621323
168.48,21569.041,745.55164,2.584221
255.84,24131.19,1132.134,3.8648224
516.36,35320.26,2284.9778,5.708199
474.24,7044.39,2098.5898,29.891006
619.32,8215.41,2740.5928,33.591003
1533.48,24388.71,6785.901,27.851377
-6.24,4144.68,-27.613024,-1.6908294
216.84,16549.14,959.5526,5.012308
414.96,36445.17,1836.2661,4.2244854
797.16,60531.992,3527.5637,5.042794
361.91998,21422.88,1601.5554,6.751968
90.479996,8465.97,400.38885,3.9040303
2091.96,13910.43,9257.267,68.006516
274.56,33915.21,1214.973,2.7146678
480.47998,22648.71,2126.203,8.734398
638.04,31425.27,2823.4316,8.316358
230.87999,19426.23,1021.6819,4.4534965
35.879997,4611.87,158.77489,2.569872
163.79999,10808.01,724.84186,5.9541717
160.68,17326.05,711.03534,3.2553911
438.36,37055.04,1939.815,4.428263
174.72,13447.59,773.1647,4.961773
-21.84,8198.01,-96.645584,-2.2224228
500.75998,27612.93,2215.945,7.3213615
112.31999,15425.1,497.03442,2.3412302
252.71999,8358.09,1118.3274,12.874259
365.03998,18391.8,1615.3618,8.10738
483.59998,17854.14,2140.0093,11.428668
76.439995,17576.61,338.25952,0.995551
744.12,25258.71,3292.8533,12.517896
616.19995,38768.94,2726.786,6.293147
104.52,14071.38,462.51816,2.408317
20.279999,14542.05,89.742325,-0.360089
368.15997,32359.65,1629.1683,4.2204747
283.91998,20304.93,1256.3926,5.416109
583.44,50925.45,2581.8179,4.2570076
521.04,18325.68,2305.6875,12.046327
237.12,15033.6,1049.2949,6.237398
383.75998,32707.65,1698.2009,4.383784
578.75995,21306.3,2561.108,11.464294
288.59998,7553.34,1277.1023,16.532124
411.84,22583.46,1822.4596,7.367877
123.24,12072.12,545.35724,3.6843076
786.24,23060.22,3479.241,14.644761
126.35999,11681.49,559.1637,3.9635062
302.63998,37358.67,1339.2317,2.7171679
163.79999,20079.6,724.84186,2.74314
265.19998,13577.22,1173.5535,7.962722
202.79999,17826.3,897.4233,4.220162
71.759995,10132.89,317.54977,2.2495735
882.95996,22826.19,3907.243,16.749449
400.91998,14120.1,1774.1367,12.028584
174.72,21153.18,773.1647,2.7900436
402.47998,20489.37,1781.04,8.01349
503.87997,19070.4,2229.7517,11.123962
647.39996,45527.1,2864.851,5.524991
216.84,18449.22,959.5526,4.393102
2474.16,67374.54,10948.563,15.850361
223.07999,13348.41,987.1656,6.668463
315.12,23441.28,1394.4578,5.1683917
1294.7999,17951.58,5729.702,32.09613
467.99997,18178.65,2070.9768,10.813034
163.79999,18116.88,724.84186,3.1486588
351.0,21368.94,1553.2327,6.5370502
263.63998,16509.12,1166.6503,6.327649
1556.8799,55196.28,6889.449,11.942631
404.03998,22771.38,1787.9432,7.1416464
37.44,3198.12,165.67815,4.3717813
85.799995,22059.72,379.67908,0.7846972
326.03998,14320.2,1442.7804,9.447179
1176.24,19887.33,5205.055,26.13918
255.84,18288.27,1132.134,5.419085
198.12,8199.75,876.7135,10.086768
160.68,15198.9,711.03534,3.8509512
614.63995,22245.9,2719.8828,11.677922
274.56,22164.121,1214.973,4.6841297
558.48,33267.93,2471.3657,6.7029862
511.68,26959.56,2264.268,7.708892
324.47998,17437.41,1435.8772,7.5385313
188.76,22791.39,835.29395,2.800287
233.99998,13098.72,1035.4884,7.197176
1171.5599,21205.38,5184.345,24.351036
98.28,11593.62,434.90512,2.8897645
453.96,32029.05,2008.8475,5.5035543
1110.72,29066.7,4915.118,16.534206
589.68,44808.48,2609.431,5.0385613
854.87994,15073.62,3782.9841,25.023449
619.32,22771.38,2740.5928,11.479668
868.92,24402.63,3845.1135,15.33881
324.47998,20483.28,1435.8772,6.2688494
268.31998,23283.81,1187.36,4.2878146
1539.72,18530.13,6813.5137,37.127693
-6.24,4643.19,-27.613024,-1.6166594
957.83997,18403.98,4238.599,22.881329
794.04,66721.17,3513.7573,4.4607964
240.23999,27312.78,1063.1014,3.0360518
53.039997,6128.2803,234.7107,2.9713864
2018.6399,20276.22,8932.813,44.682423
335.4,19581.96,1484.2001,6.859305
87.36,11868.54,386.58234,2.3774784
199.68,15224.13,883.61676,5.0183764
539.76,17651.43,2388.5266,13.031305
43.68,9442.98,193.29117,1.1225152
265.19998,12611.5205,1173.5535,8.649023
40.559998,7627.29,179.48465,1.4400847
43.68,9435.15,193.29117,1.1242766
274.56,11564.91,1214.973,9.893621
577.19995,20726.01,2554.2046,11.778735
163.79999,22432.08,724.84186,2.3505924
241.79999,15062.311,1070.0046,6.3661733
360.36,27145.74,1594.6521,5.09133
305.75998,14133.15,1353.0381,8.92702
377.52,31032.03,1670.5879,4.582221
477.36,18682.38,2112.3962,10.724411
195.0,19753.35,862.90704,3.529718
728.51996,17966.37,3223.8206,17.606232
712.92,36415.59,3154.788,7.9831934
152.87999,23105.46,676.51904,2.0360806
230.87999,13632.03,1021.6819,6.7714677
2121.5999,37155.96,9388.428,25.20066
672.36,10922.85,2975.3035,27.245104
229.31999,22257.21,1014.7786,3.727684
-3.12,11078.58,-13.806512,-1.1292254
237.12,19762.92,1049.2949,4.505469
352.56,17741.041,1560.1359,8.118664
661.44,21336.75,2926.9807,13.224581
491.4,19382.73,2174.5256,10.633153
140.4,17570.52,621.293,2.666568
171.59999,15666.96,759.35815,4.025853
118.56,8776.56,524.64746,5.198565
152.87999,17386.08,676.51904,3.0348392
37.44,9290.73,165.67815,0.84911215
455.52,30724.05,2015.7507,5.80309
561.6,36122.4,2485.172,6.1339126
49.92,12911.67,220.90419,0.77406454
1375.9199,17298.21,6088.6714,35.498013
2043.6,21582.09,9043.266,42.448986
530.39996,24928.11,2347.107,8.763183
492.96,21728.25,2181.429,9.410323
219.95999,20733.84,973.3591,3.8678951
563.16,19477.56,2492.0754,12.267055
70.2,16142.85,310.6465,0.99541926
205.92,21863.1,911.2298,3.321794
138.84,19799.46,614.3898,2.2176476
533.51996,20958.3,2360.9133,10.68078
1221.48,25735.47,5405.2495,20.778677
652.07996,30208.14,2885.5608,8.904991
383.75998,20628.57,1698.2009,7.5362635
93.6,10076.34,414.19537,3.262362
414.96,24366.96,1836.2661,6.8141565
287.03998,10059.81,1270.1991,12.092721
51.48,6971.31,227.80745,2.3884528
2360.28,62424.242,10444.627,16.349524
390.0,24152.07,1725.8141,6.4094768
783.12,11552.73,3465.4346,30.104338
258.96,12499.29,1145.9404,8.506586
113.88,12997.8,503.93768,3.020267
558.48,11346.54,2471.3657,21.585072
536.63995,52308.75,2374.72,3.7074523
115.439995,14234.07,510.84094,2.7213838
191.87999,13665.09,849.10046,5.443094
276.12,25322.22,1221.8763,4.0034933
765.95996,50072.85,3389.4985,6.019093
404.03998,15168.45,1787.9432,11.22251
731.63995,33782.97,3237.627,8.937494
81.119995,9712.68,358.9693,2.8323584
840.83997,43896.72,3720.855,7.7893867
9257.04,119392.71,40963.92,34.577187
-18.72,5735.91,-82.83907,-2.497548
243.35999,12315.72,1076.908,8.067064
500.75998,33742.95,2215.945,5.809635
572.51996,13784.28,2533.4949,18.058285
219.95999,5520.15,973.3591,17.283953
736.31995,13863.45,3258.3367,23.370953
480.47998,22342.47,2126.203,8.867824
1065.48,23118.51,4714.924,20.147678
405.59998,31431.36,1794.8466,4.9212317
84.24,15740.91,372.77582,1.455646
1279.2,57215.55,5660.67,9.25892
135.72,15814.86,600.5833,2.9378192
126.35999,10640.1,559.1637,4.4493055
54.6,10067.64,241.61395,1.4885263
1971.84,63864.09,8725.716,13.167468
798.72,12799.44,3534.467,27.63392
572.51996,20679.03,2533.4949,11.70392
354.12,20052.63,1567.0392,7.103197
385.31998,25726.77,1705.1041,5.872481
853.31995,24921.15,3776.0808,14.711624
371.28,31169.49,1642.975,4.465742
336.96,18696.3,1491.1033,7.2698936
340.08,21021.81,1504.9098,6.4231496
88.92,13550.25,393.4856,2.0111294
84.24,6461.49,372.77582,4.982228
40.559998,4931.16,179.48465,2.7742102
628.68,21451.59,2782.0122,12.447681
340.08,26685.51,1504.9098,4.8476696
224.63998,16688.34,994.06885,5.1766243
221.51999,13920.87,980.2623,6.301697
550.68,18212.58,2436.8494,12.874109
162.23999,16556.97,717.9386,3.4962897
39.0,9342.93,172.5814,0.9153969
313.56,17493.09,1387.5544,7.2249146
101.399994,20196.18,448.71164,1.3038065
57.719997,13444.98,255.42047,0.96989644
88.92,20324.94,393.4856,1.0074627
1399.32,14209.71,6192.2207,44.186543
57.719997,11288.25,255.42047,1.3462644
123.24,9036.69,545.35724,5.2577696
425.87997,12007.74,1884.5889,15.274334
121.67999,12025.14,538.454,3.6430817
750.36,15270.24,3320.466,21.547638
151.31999,9895.38,669.61584,6.0168324
563.16,19477.56,2492.0754,12.267055
716.04,8358.96,3168.5945,38.306313
666.12,18497.07,2947.6904,15.524443
221.51999,21006.15,980.2623,3.8388672
-23.4,5401.83,-103.54884,-2.9877062
385.31998,10979.4,1705.1041,15.103495
497.63998,11945.1,2202.1387,18.116253
1396.2,24779.34,6178.414,24.85444
42.12,5787.24,186.38791,2.3395972
170.04,13064.79,752.4549,4.972084
201.23999,12956.91,890.52,6.1267266
291.72,21102.72,1290.9089,5.3431506
1174.6799,21133.17,5198.1514,24.5054
368.15997,38398.32,1629.1683,3.3994827
366.59998,23267.28,1622.2651,6.2297635
1338.48,21861.36,5922.9937,27.093897
-18.72,9642.21,-82.83907,-1.890854
151.31999,16396.02,669.61584,3.2348218
978.11993,18678.9,4328.3413,23.028025
775.31995,31049.43,3430.918,10.457889
539.76,24933.33,2388.5266,8.933394
675.48,21762.18,2989.1099,13.2425375
160.68,15560.82,711.03534,3.7381258
915.72,57288.63,4052.2112,6.334517
23.4,11057.7,103.54884,-0.028979719
57.719997,17126.82,255.42047,0.54641783
327.59998,25707.63,1449.6837,4.84735
279.24,18880.74,1235.6829,5.786344
81.119995,17276.46,358.9693,1.1545196
18.72,10550.49,82.83907,-0.1858387
698.88,20733.84,3092.6587,14.466787
861.12,28602.99,3810.5974,12.81432
271.44,19728.99,1201.1666,5.3131523
310.44,18939.03,1373.748,6.521375
410.28,26941.291,1815.5564,5.98778
641.16,29202.42,2837.2383,9.074532
173.15999,12645.45,766.2614,5.2833395
452.4,21976.2,2001.9442,8.445985
-9.36,7557.69,-41.419537,-1.5682821
538.19995,15985.38,2381.623,14.448914
1664.5199,34806.96,7365.774,20.94321
129.48,15105.811,572.9702,2.933108
432.12,13291.86,1912.2019,13.917493
283.91998,17418.27,1256.3926,6.479425
723.83997,30422.16,3203.1108,9.9176655
237.12,15308.5205,1049.2949,6.1074243
99.84,12043.41,441.80838,2.8039286
770.63995,39239.61,3410.2083,8.011645
3352.44,14155.7705,14835.098,107.66877
252.71999,14499.42,1118.3274,6.9977202
478.91998,19364.46,2119.2996,10.348405
702.0,28160.16,3106.4653,10.438768
806.51996,20203.14,3568.9832,17.317808
310.44,19958.67,1373.748,6.1371264
176.28,12271.35,780.06793,5.5915565
15.599999,11254.32,69.03256,-0.3639627
560.04,19599.36,2478.2688,12.111562
159.12,18168.21,704.1321,3.0187397
823.68,46757.28,3644.9192,7.0832596
546.0,53906.07,2416.1396,3.6476374
79.56,17259.93,352.06604,1.1151102
95.159996,9172.41,421.0986,3.7604523
806.51996,22322.46,3568.9832,15.578693
1070.1599,13599.84,4735.6333,35.10706
218.4,20029.14,966.4558,4.003427
266.75998,13378.86,1180.4567,8.14911
235.56,13712.07,1042.3917,6.8827147
229.31999,21998.82,1014.7786,3.783214
633.36,22264.17,2802.722,12.053332
190.31999,19076.49,842.1972,3.577867
1294.7999,15432.93,5729.702,37.497414
-7.7999997,4510.95,-34.51628,-1.7934213
216.84,18754.59,959.5526,4.3052897
195.0,11525.76,862.90704,6.763228
375.96,17379.12,1663.6847,8.926386
249.59999,18192.57,1104.521,5.2954645
223.07999,14312.37,987.1656,6.1519804
101.399994,16362.96,448.71164,1.8435006
-7.7999997,4410.03,-34.51628,-1.811578
506.99997,18901.62,2243.558,11.307963
513.24,18301.32,2271.1711,11.868127
-26.519999,4313.46,-117.35535,-3.8211424
421.19998,20701.65,1863.8792,8.335996
124.799995,9663.09,552.2605,4.9261937
243.35999,19064.31,1076.908,4.8574066
1566.24,25915.56,6930.869,26.731602
4.68,8506.86,20.709768,-0.7475625
1335.36,20179.65,5909.187,29.364208
385.31998,11395.26,1705.1041,14.515813
446.15997,24284.31,1974.3312,7.4302826
145.08,17384.34,642.0028,2.8293636
327.59998,12490.59,1449.6837,11.0347805
294.84,20859.12,1304.7155,5.485862
106.079994,14545.53,469.4214,2.3464255
589.68,19618.5,2609.431,12.792021
65.52,13287.51,289.93674,1.2625988
1494.48,20698.17,6613.3193,32.13107
215.28,23965.89,952.64935,3.1218047
262.08,24810.66,1159.747,3.8469973
1104.48,24389.58,4887.5054,19.779295
176.28,15354.63,780.06793,4.2679415
369.72,21027.03,1636.0718,7.068119
288.59998,18116.88,1277.1023,6.3095417
127.92,13652.91,566.067,3.2992282
28.079998,13658.13,124.258606,-0.05662769
-1.56,5417.49,-6.903256,-1.1321307
159.12,20991.36,704.1321,2.478255
282.36,24886.35,1249.4893,4.2061806
67.079994,14676.03,296.84,1.0973055
516.36,48401.582,2284.9778,3.8951983
843.95996,13442.37,3734.6614,27.808672
290.16,16268.13,1284.0056,7.1842175
48.359997,5141.7,214.00093,3.3157554
96.71999,16133.28,428.00186,1.750875
277.68,12296.58,1228.7795,9.361855
380.63998,10459.14,1684.3944,15.699202
921.95996,18664.11,4079.8242,21.666374
76.439995,13136.13,338.25952,1.6701181
223.07999,18339.6,987.1656,4.581463
592.8,29791.41,2623.2373,8.130497
229.31999,16282.92,1014.7786,5.462297
193.43999,16574.37,856.0037,4.3553333
517.92,19436.67,2291.8809,11.226948
160.68,8649.54,711.03534,7.5240517
1327.5599,20203.14,5874.671,29.151752
585.0,23865.84,2588.7212,10.247512
514.8,26056.5,2278.0745,8.065665
173.15999,16359.48,766.2614,3.8568573
475.8,17947.23,2105.4932,11.164781
3984.2397,12678.51,17630.916,143.19644
531.95996,19259.19,2354.0103,11.674132
369.72,42602.16,1636.0718,2.9821591
585.0,34009.17,2588.7212,6.8929095
921.95996,32875.56,4079.8242,11.868153
45.239998,4193.4,200.19443,3.9503236
190.31999,27086.58,842.1972,2.2240927
40.559998,12805.53,179.48465,0.45337474
244.92,12630.66,1083.8112,7.8976526
450.84,23643.99,1995.041,7.7494135
583.44,36537.39,2581.8179,6.3271646
252.71999,21676.05,1118.3274,4.349789
591.24,38420.94,2616.334,6.0611115
188.76,13714.68,835.29395,5.3154097
140.4,23130.69,621.293,1.7851963
797.16,17168.58,3527.5637,20.305334
672.36,38155.59,2975.3035,7.085762
73.32,15242.4,324.45303,1.2072237
380.63998,7831.74,1684.3944,21.301464
70.2,14568.15,310.6465,1.211108
1574.0399,13711.2,6965.3853,51.67658
466.43997,6742.5,2064.0735,30.7433
312.0,26580.24,1380.6512,4.386082
238.68,16826.67,1056.1981,5.5087123
569.39996,18222.15,2519.6882,13.338214
229.31999,20245.77,1014.7786,4.197385
9.36,4942.47,41.419537,-0.13102144
168.48,15684.36,745.55164,3.929
241.79999,16879.74,1070.0046,5.573063
159.12,16862.34,704.1321,3.3299627
-15.599999,7796.94,-69.03256,-1.9180739
305.75998,11310.0,1353.0381,11.404958
433.68,21497.7,1919.1052,8.256668
290.16,11541.42,1284.0056,10.536009
608.39996,37954.62,2692.2698,6.3553243
223.07999,17398.26,987.1656,4.88345
443.03998,37409.13,1960.5247,4.434287
182.51999,8827.0205,807.6809,8.487976
246.48,18827.67,1090.7145,5.007066
647.39996,34418.94,2864.851,7.630827
2408.64,60983.52,10658.627,17.123274
255.84,19068.66,1132.134,5.156382
428.99997,18043.8,1898.3953,9.909541
184.07999,16845.81,814.58417,4.0140877
174.72,15231.09,773.1647,4.2636733
419.63998,27516.36,1856.9758,5.9978266
580.32,13448.46,2568.0112,18.800322
71.759995,11571.0,317.54977,1.8456979
889.19995,17854.14,3934.8557,21.852713
967.19995,36431.25,4280.0186,11.182024
1201.2,37077.66,5315.507,13.865525
809.63995,22358.13,3582.7898,15.616276
146.64,12613.26,648.90607,4.334606
135.72,19427.1,600.5833,2.2056284
156.0,17777.58,690.3256,3.026514
773.75995,39292.68,3424.015,8.03591
121.67999,13883.46,538.454,3.0215993
536.63995,21523.8,2374.72,10.440403
336.96,18068.16,1491.1033,7.557397
1062.36,14589.9,4701.117,32.411552
51.48,6679.86,227.80745,2.536295
248.04,17014.59,1097.6177,5.689251
290.16,17536.59,1284.0056,6.592235
578.75995,32504.94,2561.108,7.170081
1691.0399,19430.58,7483.1294,38.934235
1887.6,16679.64,8352.939,50.92787
59.28,10244.25,262.32373,1.6552494
46.8,9536.07,207.09769,1.2519238
992.16,37568.34,4390.4707,11.118168
993.72,63970.23,4397.374,6.1279287
368.15997,12208.71,1629.1683,12.837068
427.43997,35136.69,1891.4921,4.5820217
152.87999,10868.91,676.51904,5.454192
271.44,8402.46,1201.1666,13.823292
407.15997,17087.67,1801.7498,9.933507
519.48,38456.61,2298.7842,5.1983356
605.27997,21635.16,2678.4634,11.837294
9.36,8077.08,41.419537,-0.46826077
154.43999,11417.88,683.4223,5.2065687
173.15999,13756.44,766.2614,4.775888
1467.96,13773.84,6495.964,47.903107
101.399994,16597.86,448.71164,1.8032584
152.87999,15859.23,676.51904,3.423294
296.4,25626.72,1311.6187,4.3071632
145.08,8097.96,642.0028,7.220707
195.0,15448.59,862.90704,4.7919264
85.799995,15297.21,379.67908,1.5736668
258.96,20878.26,1145.9404,4.6913543
104.52,10864.561,462.51816,3.4143271
506.99997,18099.48,2243.558,11.853432
1976.5199,21196.68,8746.425,41.78688
706.68,36574.8,3127.175,7.8658037
15.599999,8392.0205,69.03256,-0.1470269
60.839996,12195.66,269.227,1.2890809
127.92,12510.6,566.067,3.6917796
99.84,14812.62,441.80838,2.0927866
3399.24,46962.6,15042.195,32.21291
291.72,12256.561,1290.9089,9.921314
-70.2,5312.22,-310.6465,-7.0637083
185.64,9909.3,821.4875,7.5961866
1734.72,16765.77,7676.421,46.47699
327.59998,13821.69,1449.6837,9.87577
308.87997,21164.49,1366.8446,5.696675
299.52,29800.98,1325.4252,3.6118221
290.16,7418.49,1284.0056,16.947308
741.0,13813.86,3279.0466,23.6139
1878.24,25536.24,8311.5205,32.749817
302.63998,29578.26,1339.2317,3.69495
290.16,30841.5,1284.0056,3.3169727
599.04,34985.31,2650.8503,6.8568306
369.72,15281.55,1636.0718,10.10153
101.399994,13659.87,448.71164,2.4061882
333.84,22637.4,1477.2968,5.766889
368.15997,20343.21,1629.1683,7.3041334
299.52,14390.67,1325.4252,8.550412
1173.12,15530.37,5191.2485,33.660744
110.759995,13679.01,490.13116,2.7153997
9.36,5929.05,41.419537,-0.27561742
786.24,35909.25,3479.241,9.046761
127.92,10553.1,566.067,4.5620604
1352.5199,28188.0,5985.1226,21.016926
450.84,21858.75,1995.041,8.463992
134.15999,9933.66,593.68,5.1971354
65.52,6921.72,289.93674,3.343473
179.4,13560.69,793.87445,5.0704083
138.84,13031.73,614.3898,3.8886595
418.08,20596.38,1850.0726,8.314204
93.6,14398.5,414.19537,1.9828808
149.76,19148.7,662.7126,2.5886724
282.36,20680.77,1249.4893,5.2648935
333.84,22795.74,1477.2968,5.719887
374.4,24794.13,1656.7815,5.9288993
199.68,18122.97,883.61676,4.0557137
70.2,12141.72,310.6465,1.6529813
199.68,12385.32,883.61676,6.397834
500.75998,20100.48,2215.945,10.431426
98.28,17363.46,434.90512,1.5972042
613.07996,38305.23,2712.9795,6.3440614
37.44,7213.17,165.67815,1.3816993
115.439995,12883.83,510.84094,3.1113892
680.16,12482.76,3009.8196,24.00217
1547.5199,10402.59,6848.03,67.2609
945.36,15062.311,4183.373,27.799362
464.87997,12133.0205,2057.1702,16.581226
391.56,19463.64,1732.7173,8.231058
702.0,20923.5,3106.4653,14.395013
224.63998,16564.8,994.06885,5.222689
435.24,19996.95,1926.0084,8.987167
146.64,14112.2705,648.90607,3.7679625
135.72,17989.86,600.5833,2.4617314
255.84,22014.48,1132.134,4.3325787
191.87999,26717.7,849.10046,2.2953982
246.48,11162.97,1090.7145,9.131627
96.71999,16968.48,428.00186,1.6154752
374.4,19201.77,1656.7815,7.946885
195.0,26065.2,862.90704,2.4328187
227.76,25271.76,1007.87537,3.135416
391.56,43956.75,1732.7173,3.0874271
864.24,22505.16,3824.4038,16.620958
371.28,27127.47,1642.975,5.2801433
160.68,20421.51,711.03534,2.6103659
530.39996,23182.02,2347.107,9.498554
471.12,18793.74,2084.7834,10.502589
394.68,14728.23,1746.5238,11.296226
23.4,9448.2,103.54884,0.1364336
664.56,14740.41,2940.787,19.687208
1887.6,19149.57,8352.939,44.230167
15.599999,9185.46,69.03256,-0.22070664
17.16,4898.97,75.935814,0.6072732
436.8,24544.44,1932.9116,7.165951
209.04,18692.82,925.0363,4.1313524
215.28,13512.84,952.64935,6.3102856
624.0,42875.34,2761.3025,5.6781216
141.95999,19566.3,628.1963,2.3291588
1131.0,47230.56,5004.861,9.987953
246.48,13111.7705,1090.7145,7.625765
1722.24,22495.59,7621.195,34.12963
1739.3999,79733.76,7697.1304,9.010009
43.68,8622.57,193.29117,1.3244658
67.079994,14328.9,296.84,1.1481144
580.32,17133.78,2568.0112,14.541453
347.87997,16228.98,1539.426,8.835931
769.07996,11198.64,3403.3052,30.512548
249.59999,24359.13,1104.521,3.7017555
585.0,23163.75,2588.7212,10.588421
296.4,18771.99,1311.6187,6.2451124
262.08,22042.32,1159.747,4.455742
496.08,21649.95,2195.2354,9.5141
903.24,19719.42,3996.9854,20.017754
574.07996,20679.03,2540.3982,11.738536
449.27997,14574.24,1988.1377,13.145178
20.279999,14697.78,89.742325,-0.3668692
112.31999,21603.84,497.03442,1.3856318
826.8,40045.23,3658.7258,8.47386
396.24,14003.5205,1753.427,11.983696
163.79999,12949.08,724.84186,4.804332
48.359997,15362.46,214.00093,0.44445086
148.2,16368.18,655.8093,3.1545606
170.04,14000.04,752.4549,4.5731287
560.04,23473.47,2478.2688,9.947601
74.88,13326.66,331.3563,1.5782309
765.95996,14725.62,3389.4985,22.867655
210.59999,12210.45,931.9396,6.914144
201.23999,16034.97,890.52,4.7586865
159.12,19809.9,704.1321,2.685698
212.15999,20090.91,938.8428,3.8455281
522.6,11780.67,2312.5908,19.35526
400.91998,28513.38,1774.1367,5.4518795
140.4,14328.9,621.293,3.4960537
488.27997,19263.541,2160.719,10.630813
283.91998,11493.57,1256.3926,10.334915
433.68,22032.75,1919.1052,8.031876
-24.96,6109.14,-110.452095,-2.874743
304.19998,9278.55,1346.1349,14.043758
407.15997,22302.45,1801.7498,7.3770247
438.36,12474.93,1939.815,15.123899
98.28,15182.37,434.90512,1.9703171
115.439995,14011.35,510.84094,2.7805378
333.84,19702.02,1477.2968,6.77508
1661.3999,16840.59,7351.9673,44.268295
667.68,19771.62,2954.5935,14.49542
2597.4,16637.88,11493.921,70.63382
-15.599999,6053.46,-69.03256,-2.182492
304.19998,19715.94,1346.1349,6.0797677
444.59998,29181.541,1967.4279,5.990987
21.84,13552.86,96.645584,-0.26056683
229.31999,23538.72,1014.7786,3.4702964
106.079994,12307.0205,469.4214,2.9551032
1369.6799,21703.89,6061.0586,27.957346
1338.48,45755.91,5922.9937,12.422764
354.12,20290.14,1567.0392,7.0083427
187.2,17618.37,828.39075,3.8754807
98.28,15407.7,434.90512,1.9268777
636.48,23003.67,2816.5283,11.69594
630.24,22231.98,2788.9155,12.007837
35.879997,4271.7,158.77489,2.8541527
28.079998,10433.91,124.258606,0.23488712
191.87999,22432.95,849.10046,2.9248278
288.59998,18425.73,1277.1023,6.18702
368.15997,36832.32,1629.1683,3.5865355
450.84,21780.45,1995.041,8.498015
45.239998,5321.79,200.19443,2.900696
288.59998,26260.95,1277.1023,4.0427003
101.399994,16420.38,448.71164,1.8335571
438.36,22544.31,1939.815,7.922185
63.96,7179.24,283.0335,3.0879655
430.56,21771.75,1905.2987,8.074393
3444.48,14555.1,15242.39,107.58898
360.36,20022.18,1594.6521,7.258525
472.68,11871.15,2091.6865,17.270552
176.28,8183.22,780.06793,8.884531
213.71999,16764.9,945.74603,4.8495364
728.51996,14720.4,3223.8206,21.709057
235.56,3687.06,1042.3917,28.31559
765.95996,33532.41,3389.4985,9.481382
397.8,13625.07,1760.3303,12.39687
453.96,26668.98,2008.8475,6.8106723
201.23999,16052.37,890.52,4.752444
561.6,34398.06,2485.172,6.491528
1506.96,16971.09,6668.5454,39.744526
405.59998,23111.55,1794.8466,7.052785
120.119995,12340.95,531.5507,3.46626
57.719997,12057.33,255.42047,1.1966074
591.24,23499.57,2616.334,10.54466
104.52,16153.29,462.51816,1.9690373
581.88,18325.68,2574.9146,13.5697
135.72,20844.33,600.5833,1.987674
909.48,24307.8,4024.5984,16.1682
1288.5599,36197.22,5702.0894,15.334532
482.03998,8821.8,2133.106,24.072815
340.08,22099.74,1504.9098,6.0610805
394.68,21128.82,1746.5238,7.571309
820.56,55914.03,3631.1128,5.7339025
20.279999,5848.14,89.742325,0.59120965
563.16,25761.57,2492.0754,9.030827
67.079994,7804.77,296.84,2.9437573
204.35999,19903.86,904.3265,3.7112465
511.68,25616.28,2264.268,8.165574
73.32,12300.93,324.45303,1.735028
276.12,17726.25,1221.8763,6.1475677
368.15997,22976.7,1629.1683,6.35235
461.75998,19943.88,2043.3638,9.6238985
404.03998,17841.09,1787.9432,9.391548
146.64,14114.01,648.90607,3.7673745
141.95999,13424.1,628.1963,3.8524165
221.51999,30446.52,980.2623,2.3385086
54.6,4975.53,241.61395,4.0353603
756.6,6724.23,3348.079,50.62987
591.24,22882.74,2616.334,10.855859
324.47998,19508.01,1435.8772,6.6322436
152.87999,13271.85,676.51904,4.2856264
349.44,27681.66,1546.3293,4.7923894
765.95996,47329.742,3389.4985,6.4259014
212.15999,15578.22,938.8428,5.2491784
251.15999,16634.4,1111.4242,5.9282026
254.27998,16416.9,1125.2307,6.1071963
40.559998,5382.69,179.48465,2.4576085
301.08,15502.53,1332.3284,7.911618
249.59999,20552.88,1104.521,4.572488
154.43999,19872.541,683.4223,2.5660186
326.03998,26941.291,1442.7804,4.553026
180.95999,11084.67,800.7777,6.4909534
31.199999,4691.04,138.06512,2.0518467
546.0,25910.34,2416.1396,8.66934
338.52,13274.46,1498.0066,10.701587
1243.32,25281.33,5501.895,21.566294
1102.9199,42473.4,4880.6016,10.915279
4.68,5482.74,20.709768,-0.60832536
165.36,20271.0,731.7452,2.74311
263.63998,21633.42,1166.6503,4.5919514
238.68,22042.32,1056.1981,3.9686217
129.48,15449.46,572.9702,2.8456223
265.19998,9978.03,1173.5535,11.195678
137.28,11093.37,607.4865,4.678335
305.75998,18935.55,1353.0381,6.4093475
302.63998,22150.2,1339.2317,5.2693996
452.4,22000.56,2001.9442,8.435526
452.4,17068.53,2001.9442,11.161965
344.75998,18350.91,1525.6195,7.6205807
2276.0398,40830.84,10071.85,24.57813
84.24,5507.97,372.77582,6.017849
1248.0,40276.65,5522.605,13.218
330.72,18249.12,1463.4904,7.3156433
631.8,19374.9,2795.8186,13.962955
163.79999,23828.43,724.84186,2.1542473
357.24,19586.31,1580.8456,7.369214
196.56,10224.24,869.81024,7.821478
455.52,42040.14,2015.7507,3.971879
218.4,22158.03,966.4558,3.5227103
780.0,20295.36,3451.6282,16.634987
262.08,17011.11,1159.747,6.069334
129.48,15202.38,572.9702,2.908124
135.72,17569.65,600.5833,2.5445247
102.96,8056.2,455.6149,4.864291
742.56,14869.17,3285.95,21.915117
449.27997,16818.84,1988.1377,11.257399
112.31999,22925.371,497.03442,1.2481122
263.63998,18232.59,1166.6503,5.634989
174.72,18454.44,773.1647,3.3442922
549.12,20587.68,2429.946,11.23875
149.76,10175.5205,662.7126,5.7533064
734.75995,12080.82,3251.4333,26.907846
215.28,15358.11,952.64935,5.4319577
346.31998,15271.98,1532.5228,9.4054165
341.63998,32748.541,1511.813,3.7868962
223.07999,17481.78,987.1656,4.855342
1081.08,25617.15,4783.9565,18.36441
647.39996,36510.42,2864.851,7.1364155
297.96,23723.16,1318.5219,4.7631865
773.75995,15086.67,3424.015,22.533695
171.59999,11354.37,759.35815,5.9347606
112.31999,13329.2705,497.03442,2.8665886
907.92,13735.561,4017.695,29.330423
1155.96,46737.27,5115.3125,10.348977
218.4,16295.1,966.4558,5.149968
240.23999,20390.19,1063.1014,4.406315
226.2,22377.27,1000.9721,3.638342
531.95996,21459.42,2354.0103,10.374656
424.31998,26893.44,1877.6855,6.2397637
312.0,17558.34,1380.6512,7.1535816
156.0,14855.25,690.3256,3.8186116
251.15999,16831.89,1111.4242,5.8469133
6091.8,39177.84,26957.215,70.3481
84.24,12451.44,372.77582,2.104388
659.88,21233.22,2920.0774,13.260224
321.36,25110.81,1422.0707,4.872301
96.71999,7399.35,428.00186,4.9979105
-49.92,5614.98,-220.90419,-5.0794687
709.8,26535.0,3140.9814,11.274227
163.79999,15100.59,724.84186,3.9773393
70.2,6670.29,310.6465,3.8291383
386.87997,18171.69,1712.0074,8.769183
156.0,14633.4,690.3256,3.891664
574.07996,17867.19,2540.3982,13.743257
935.99994,20911.32,4141.9536,19.53864
126.35999,13618.11,559.1637,3.2576504
591.24,38491.41,2616.334,6.048184
1140.36,24906.36,5046.2803,20.009174
631.8,15558.21,2795.8186,17.633621
825.24,33196.59,3651.8225,10.406806
329.15997,17188.59,1456.5869,7.7870693
920.39996,20036.1,4072.921,20.078547
419.63998,33583.74,1856.9758,4.7335696
276.12,16703.13,1221.8763,6.5853786
436.8,20195.31,1932.9116,8.924516
341.63998,18708.48,1511.813,7.3792944
273.0,20343.21,1208.0698,5.157727
282.36,22210.23,1249.4893,4.833475
241.79999,23357.76,1070.0046,3.7500954
93.6,19087.8,414.19537,1.250076
361.91998,12250.47,1601.5554,12.556173
347.87997,14549.88,1539.426,9.971027
2740.92,50310.36,12129.0205,23.998629
455.52,25004.67,2015.7507,7.3591776
400.91998,19378.38,1774.1367,8.493306
174.72,19934.31,773.1647,3.0217834
2861.0398,20190.96,12660.571,64.019585
59.28,13396.26,262.32373,1.0304949
263.63998,23241.18,1166.6503,4.205116
3937.44,60551.13,17423.818,28.83795
723.83997,38176.47,3203.1108,7.700097
131.04,16198.53,579.8735,2.711979
230.87999,19487.13,1021.6819,4.4364533
747.24,43878.45,3306.6597,6.8142285
390.0,23805.81,1725.8141,6.5172486
3074.7598,44055.06,13606.317,31.025265
177.84,23153.31,786.9712,2.5244684
438.36,23523.06,1939.815,7.55095
121.67999,14300.19,538.454,2.904403
425.87997,27962.67,1884.5889,5.98853
845.51996,47916.992,3741.5647,7.0967655
605.27997,16812.75,2678.4634,15.519423
338.52,38091.21,1498.0066,3.0779023
447.71997,21413.31,1981.2344,8.594005
1112.2799,29024.07,4922.0215,16.584623
524.16,42879.69,2319.494,4.6090517
201.23999,21248.88,890.52,3.3456578
861.12,10892.4,3810.5974,35.27583
404.03998,26166.121,1787.9432,6.085366
464.87997,24435.69,2057.1702,7.729583
241.79999,22700.91,1070.0046,3.8875394
555.36,25747.65,2457.559,8.8972435
118.56,9201.99,524.64746,4.9119897
494.52,35086.23,2188.3323,5.4673214
257.4,23887.59,1139.0372,3.9443984
522.6,19856.88,2312.5908,11.076349
438.36,30285.57,1939.815,5.641596
191.87999,16207.23,849.10046,4.4324803
506.99997,25603.23,2243.558,8.08637
35.879997,16918.02,158.77489,-0.02684915
585.0,18029.88,2588.7212,13.888135
115.439995,16888.44,510.84094,2.136491
204.35999,15770.49,904.3265,4.9460416
257.4,19859.49,1139.0372,4.947271
414.96,23061.09,1836.2661,7.256646
184.07999,16070.64,814.58417,4.255944
71.759995,7381.08,317.54977,3.4610777
152.87999,10962.87,676.51904,5.398875
870.48,33528.93,3852.0168,10.912869
316.68,6401.46,1401.361,21.699635
496.08,31715.85,2195.2354,6.1771603
413.4,15262.41,1829.3629,11.42867
45.239998,10412.16,200.19443,0.99369645
299.52,15685.23,1325.4252,7.7621803
343.19998,22075.38,1518.7163,6.1337247
-23.4,8973.18,-103.54884,-2.1965938
291.72,13101.33,1290.9089,9.217111
414.96,23991.99,1836.2661,6.9362845
569.39996,16798.83,2519.6882,14.553053
614.63995,39390.12,2719.8828,6.1599627
667.68,14756.94,2954.5935,19.76105
74.88,5602.8,331.3563,5.132506
116.99999,17362.59,517.7442,2.092065
2425.7998,13085.67,10734.5625,84.06213
187.2,7379.34,828.39075,10.640339
847.07996,34057.89,3748.468,10.412582
126.35999,12040.8,559.1637,3.8153906
291.72,21698.67,1290.9089,5.168937
327.59998,20593.77,1449.6837,6.2993684
32.76,3852.36,144.96837,2.902063
1118.52,39973.89,4949.635,11.839396
171.59999,16580.46,759.35815,3.7489533
255.84,22111.92,1132.134,4.30908
358.8,16335.12,1587.7489,9.078767
773.75995,20986.14,3424.015,15.918076
371.28,17701.02,1642.975,8.624553
141.95999,18534.48,628.1963,2.514494
301.08,21131.43,1332.3284,5.5377793
180.95999,14443.74,800.7777,4.7488394
1017.11993,22926.24,4500.923,19.357132
374.4,15536.46,1656.7815,10.057605
174.72,14604.69,773.1647,4.489434
995.27997,31342.621,4404.2773,13.570929
3801.72,55550.37,16823.234,30.402948
586.56,19881.24,2595.6243,12.537742
572.51996,24452.22,2533.4949,9.743594
2510.0398,17511.36,11107.338,64.77154
149.76,11840.7,662.7126,4.8035765
546.0,22747.89,2416.1396,10.013586
296.4,24431.34,1311.6187,4.566833
168.48,15071.01,745.55164,4.129597
1786.2,22767.9,7904.228,34.998497
60.839996,15735.69,269.227,0.77411044
726.95996,23516.1,3216.9172,13.184775
539.76,24701.041,2388.5266,9.026808
107.64,15411.18,476.32468,2.2049046
5052.84,21305.43,22359.646,107.823456
641.16,29566.08,2837.2383,8.950616
299.52,22146.72,1325.4252,5.2057414
524.16,22822.71,2319.494,9.538381
1333.7999,22097.13,5902.2837,26.696957
149.76,19839.48,662.7126,2.4637203
578.75995,34287.57,2561.108,6.7453146
700.44,10671.42,3099.562,29.11799
455.52,21732.6,2015.7507,8.61774
542.88,19186.11,2402.3333,11.983574
744.12,11793.72,3292.8533,27.951391
307.31998,12280.05,1359.9414,10.483333
233.99998,17794.98,1035.4884,5.033865
98.28,4348.2603,434.90512,9.371149
249.59999,15623.46,1104.521,6.330686
717.6,15041.43,3175.4978,20.89125
625.56,36270.3,2768.2058,6.913983
394.68,23079.36,1746.5238,6.84691
12.48,10419.12,55.226048,-0.45038223
165.36,20750.37,731.7452,2.6566377
1753.44,44047.23,7759.26,17.266258
1001.51996,26235.72,4431.89,16.516361
745.68,35377.68,3299.7563,8.671647
343.19998,32721.57,1518.7163,3.8127174
131.04,11651.04,579.8735,4.160793
528.83997,27172.71,2340.2036,7.9303513
703.56,17420.01,3113.3684,17.53233
68.64,9499.53,303.74326,2.3155255
355.68,18306.541,1573.9424,7.915186
510.12,18285.66,2257.3647,11.800856
118.56,15111.03,524.64746,2.6001565
535.07996,18334.38,2367.8167,12.391516
188.76,15118.86,835.29395,4.7288594
73.32,7368.0303,324.45303,3.5661306
96.71999,16843.2,428.00186,1.6349292
609.95996,32002.95,2699.173,7.7455797
266.75998,17979.42,1180.4567,5.808042
489.84,33850.832,2167.6223,5.6399093
263.63998,22935.81,1166.6503,4.2744174
213.71999,23501.31,945.74603,3.1728268
258.96,19034.73,1145.9404,5.2425666
1355.6399,14408.07,5998.929,42.173355
358.8,25016.85,1587.7489,5.581079
252.71999,31121.64,1118.3274,2.7260988
354.12,11351.76,1567.0392,13.314116
1555.32,12186.96,6882.5464,57.560078
104.52,12057.33,462.51816,2.9776402
149.76,13687.71,662.7126,4.020446
226.2,21777.84,1000.9721,3.7660112
67.079994,10136.37,296.84,2.0366018
360.36,13212.69,1594.6521,11.514761
572.51996,26851.68,2533.4949,8.783549
34.32,4470.06,151.87163,2.522988
377.52,23887.59,1670.5879,6.2517843
145.08,24463.53,642.0028,1.7212329
455.52,33163.53,2015.7507,5.302661
558.48,24493.98,2471.3657,9.46226
1137.24,26277.48,5032.4736,18.858465
230.87999,20706.0,1021.6819,4.116434
293.28,19323.57,1297.8121,5.964217
400.91998,34245.81,1774.1367,4.3718953
372.84,40092.21,1649.8782,3.267168
1475.7599,35703.06,6530.48,17.966515
199.68,19355.76,883.61676,3.7337098
262.08,15351.15,1159.747,6.8337593
87.36,21467.25,386.58234,0.8672973
658.31995,14781.3,2913.1738,19.436272
346.31998,44552.7,1532.5228,2.5668168
336.96,11921.61,1491.1033,11.969423
173.15999,18952.95,766.2614,3.1922584
213.71999,19088.67,945.74603,4.1374397
195.0,21228.0,862.90704,3.2150507
196.56,16846.68,869.81024,4.3537498
1439.88,28526.43,6371.7056,22.160938
198.12,16331.64,876.7135,4.5664177
296.4,20880.87,1311.6187,5.513387
881.39996,14645.58,3900.3396,26.614916
1107.6,18300.45,4901.312,26.771444
59.28,11202.12,262.32373,1.4282043
825.24,16563.93,3651.8225,21.860945
772.19995,31172.97,3417.1116,10.366554
1045.2,23841.48,4625.1816,19.116085
1586.5199,24112.92,7020.6113,29.190687
243.35999,10649.67,1076.908,9.485529
212.15999,16379.49,938.8428,4.943474
56.159996,8152.77,248.51721,2.1608157
285.47998,21169.71,1263.2958,5.1878247
546.0,21721.291,2416.1396,10.534115
416.52,14837.85,1843.1693,11.880779
35.879997,13173.54,158.77489,0.24976158
1393.08,45615.84,6164.6074,13.01321
195.0,22116.27,862.90704,3.0457587
277.68,29493.871,1228.7795,3.320063
271.44,19252.23,1201.1666,5.4694905
602.16,26963.041,2664.6567,9.247556
232.43999,14688.21,1028.5851,6.261381
-4.68,4671.9,-20.709768,-1.4596524
37.44,5483.61,165.67815,2.1329002
276.12,20411.94,1221.8763,5.20713
198.12,18803.31,876.7135,3.8347192
121.67999,13632.9,538.454,3.095512
581.88,42435.12,2574.9146,5.2919497
176.28,9590.88,780.06793,7.433772
369.72,18328.291,1636.0718,8.256105
182.51999,12340.08,807.6809,5.786873
-21.84,9106.29,-96.645584,-2.1004958
435.24,16138.5,1926.0084,11.374934
304.19998,16560.45,1346.1349,7.428773
257.4,12950.82,1139.0372,8.119867
151.31999,18808.53,669.61584,2.6916351
658.31995,38671.5,2913.1738,6.811299
1.56,4611.87,6.903256,-0.8447882
121.67999,17479.17,538.454,2.1942997
135.72,18606.69,600.5833,2.3469715
224.63998,13461.51,994.06885,6.6572104
238.68,16285.53,1056.1981,5.7249856
43.68,10735.8,193.29117,0.8669189
193.43999,19253.1,856.0037,3.6102333
227.76,16426.47,1007.87537,5.3622456
531.95996,23907.6,2354.0103,9.209871
544.44,12072.12,2409.2363,19.693966
81.119995,15046.65,358.9693,1.4738045
173.15999,14851.7705,766.2614,4.3499117
159.12,16562.19,704.1321,3.408433
18.72,4465.71,82.83907,0.92350185
60.839996,11010.72,269.227,1.535425
56.159996,19557.6,248.51721,0.31761587
3090.3599,22444.26,13675.35,62.180202
163.79999,11759.79,724.84186,5.391335
287.03998,11158.62,1270.1991,10.803456
230.87999,14910.061,1021.6819,6.105329
216.84,7802.16,959.5526,11.75269
221.51999,15717.42,980.2623,5.4670906
159.12,11650.17,704.1321,5.267145
765.95996,51805.02,3389.4985,5.784401
1389.96,50497.41,6150.8013,11.630207
116.99999,19857.75,517.7442,1.7035418
438.36,28254.121,1939.815,6.1191206
93.6,12383.58,414.19537,2.4682221
992.16,19490.61,4390.4707,22.357887
132.59999,10710.57,586.77673,4.680783
49.92,8034.45,220.90419,1.8509898
248.04,19927.35,1097.6177,4.71149
287.03998,21476.82,1270.1991,5.1326714
435.24,22982.791,1926.0084,7.6896706
42.12,17748.0,186.38791,0.08897078
1007.75995,57392.16,4459.5034,7.0571575
9244.56,39662.43,40908.695,105.950836
198.12,14886.57,876.7135,5.106761
165.36,7598.58,731.7452,8.985626
909.48,6698.13,4024.5984,61.304134
756.6,18885.09,3348.079,17.383345
691.07996,42395.97,3058.1423,6.4796453
1375.9199,10530.48,6088.6714,58.954563
485.15997,16224.63,2146.9126,12.721054
3180.8398,21548.16,14075.738,66.73433
633.36,33344.49,2802.722,7.7157316
67.079994,5486.22,296.84,4.6104417
112.31999,19023.42,497.03442,1.7092292
229.31999,22504.291,1014.7786,3.6757774
216.84,16577.85,959.5526,5.001896
4.68,5066.88,20.709768,-0.57617897
614.63995,23010.63,2719.8828,11.256587
90.479996,14744.76,400.38885,1.8157375
184.07999,21637.77,814.58417,2.9036543
761.27997,30242.94,3368.7888,10.550417
293.28,14632.53,1297.8121,8.196876
237.12,24977.7,1049.2949,3.356052
464.87997,36247.68,2057.1702,4.884884
182.51999,18080.34,807.6809,3.632134
705.12,28398.541,3120.2717,10.393162
1101.36,36647.01,4873.6987,12.790118
508.55997,15926.22,2250.4614,13.652331
759.72,12833.37,3361.8857,26.163774
224.63998,18126.45,994.06885,4.686586
1065.48,48893.13,4714.924,8.999418
3297.8398,18652.8,14593.482,80.1265
85.799995,12922.11,379.67908,2.0467098
252.71999,21336.75,1118.3274,4.4348626
755.04,28015.74,3341.1758,11.366451
90.479996,10625.31,400.38885,2.9074037
138.84,18061.2,614.3898,2.5273232
390.0,22756.59,1725.8141,6.8638406
424.31998,21381.121,1877.6855,8.106265
118.56,19954.32,524.64746,1.7263305
380.63998,8540.79,1684.3944,19.450014
436.8,20762.55,1932.9116,8.653375
1160.64,42891.0,5136.0225,11.41677
40.559998,10484.37,179.48465,0.7751409
472.68,31010.28,2091.6865,5.994212
418.08,19012.11,1850.0726,9.090353
152.87999,19524.541,676.51904,2.592916
210.59999,18227.37,931.9396,4.301657
441.47998,18504.9,1953.6215,9.947162
446.15997,21703.89,1974.3312,8.432575
51.48,14106.18,227.80745,0.67458177
332.28,6821.67,1470.3936,21.350681
67.079994,10406.94,296.84,1.957653
850.19995,15569.5205,3762.2744,24.056656
195.0,17614.02,862.90704,4.0798793
438.36,20197.92,1939.815,8.958674
385.31998,15157.14,1705.1041,10.664913
765.95996,42506.46,3389.4985,7.268532
508.55997,16637.01,2250.4614,13.026335
628.68,14843.94,2782.0122,18.433798
39.0,9027.99,172.5814,0.9822153
347.87997,18437.91,1539.426,7.65755
121.67999,11293.47,538.454,3.943893
450.84,23631.81,1995.041,7.7539225
447.71997,26842.11,1981.2344,6.6536236
216.84,17001.541,959.5526,4.852324
143.51999,16282.92,635.09955,3.0444307
282.36,21553.38,1249.4893,5.011253
131.04,15986.25,579.8735,2.76127
216.84,18000.3,959.5526,4.527604
45.239998,6587.64,200.19443,2.1511567
149.76,12804.66,662.7126,4.366672
765.95996,31838.52,3389.4985,10.039019
2464.7998,16147.2,10907.144,69.0425
310.44,21092.28,1373.748,5.7535396
82.68,7046.13,365.8726,4.384273
954.72,44174.25,4224.7925,8.917086
430.56,26180.91,1905.2987,6.5461636
452.4,39886.02,2001.9442,4.2045016
70.2,16321.2,310.6465,0.9736142
516.36,19311.39,2284.9778,11.269201
93.6,15164.97,414.19537,1.8321195
402.47998,21141.87,1781.04,7.7353067
170.04,8807.88,752.4549,7.8584347
184.07999,19380.99,814.58417,3.3582072
357.24,22923.63,1580.8456,6.1507883
357.24,38467.05,1580.8456,3.261362
45.239998,16596.12,200.19443,0.25081575
1787.7599,60170.94,7911.131,12.633257
109.2,18271.74,483.2279,1.7423317
268.31998,35955.36,1187.36,2.4242594
614.63995,21768.27,2719.8828,11.956097
882.95996,51830.25,3907.243,6.816908
198.12,17631.42,876.7135,4.1560636
146.64,17643.6,648.90607,2.813665
918.83997,20853.9,4066.0178,19.217613
151.31999,17037.21,669.61584,3.0754457
190.31999,32666.76,842.1972,1.6733487
424.31998,17523.541,1877.6855,10.110891
184.07999,18960.78,814.58417,3.4547944
513.24,21487.26,2271.1711,9.9601555
976.55994,47585.52,4321.438,8.416757
1229.2799,23149.83,5439.7656,23.365778
287.03998,24126.84,1270.1991,4.4590774
428.99997,24366.96,1898.3953,7.0785446
82.68,17322.57,365.8726,1.1901076
358.8,19094.76,1587.7489,7.6221485
491.4,22101.48,2174.5256,9.202134
2238.5999,44960.73,9906.172,21.846537
99.84,20700.78,441.80838,1.2130699
661.44,25844.22,2926.9807,10.743683
210.59999,15510.36,931.9396,5.2303686
488.27997,18566.67,2160.719,11.067357
238.68,16213.32,1056.1981,5.754937
613.07996,36714.87,2712.9795,6.6621804
369.72,18312.63,1636.0718,8.26402
294.84,18666.72,1304.7155,6.247624
1140.36,12743.76,5046.2803,40.06026
861.12,42458.61,3810.5974,8.30626
279.24,15448.59,1235.6829,7.294039
1313.5199,20205.75,5812.541,28.829016
257.4,14843.07,1139.0372,6.957233
1408.6799,24343.47,6233.64,25.552605
533.51996,20628.57,2360.9133,10.867488
92.03999,16394.28,407.29208,1.576093
453.96,25879.89,2008.8475,7.0488243
1798.6799,39701.582,7959.454,19.78851
243.35999,17948.1,1076.908,5.2216845
23.4,9014.94,103.54884,0.19105077
614.63995,34759.11,2719.8828,7.1138964
811.19995,33444.54,3589.693,10.129611
620.88,20893.05,2747.496,12.635878
425.87997,21740.43,1884.5889,7.9886894
121.67999,30107.22,538.454,0.85449564
837.72,20797.35,3707.0483,17.482815
783.12,27249.27,3465.4346,12.187142
374.4,36286.832,1656.7815,3.7343903
725.39996,26980.44,3210.014,11.336892
2419.5598,17036.34,10706.949,64.16844
377.52,23280.33,1670.5879,6.440945
287.03998,16409.94,1270.1991,7.026251
588.12,23220.3,2602.5276,10.621853
14.039999,4977.27,62.129303,0.29435432
159.12,25002.93,704.1321,1.9201899
226.2,26705.52,1000.9721,2.886591
408.71997,32810.31,1808.653,4.7160077
15.599999,4452.66,69.03256,0.60761595
277.68,17065.92,1228.7795,6.466071
304.19998,12044.28,1346.1349,10.589257
-3.12,5429.67,-13.806512,-1.2636685
692.63995,13683.36,3065.0457,22.226944
241.79999,11853.75,1070.0046,8.360042
212.15999,15737.43,938.8428,5.185958
419.63998,28652.58,1856.9758,5.720327
399.36,14336.73,1767.2335,11.781791
243.35999,17466.99,1076.908,5.393054
340.08,37202.94,1504.9098,3.1945086
90.479996,14460.2705,400.38885,1.8711338
92.03999,14931.811,407.29208,1.8284035
689.51996,20034.36,3051.239,14.7924185
814.31995,39357.06,3603.4995,8.49401
628.68,22210.23,2782.0122,11.988346
51.48,5392.2603,227.80745,3.3807144
31.199999,15153.66,138.06512,-0.055255592
2970.24,10617.48,13143.8,127.365204
382.19998,16808.4,1691.2977,9.433777
485.15997,23436.06,2146.9126,8.498994
4633.1997,39150.0,20502.67,53.30334
803.39996,38466.18,3555.1768,8.58363
672.36,23130.69,2975.3035,12.3379965
1907.8799,40168.77,8442.682,20.794142
1467.96,35201.94,6495.964,18.134842
173.15999,12963.0,766.2614,5.1294193
394.68,15449.46,1746.5238,10.7221985
273.0,15353.76,1208.0698,7.158779
260.52,7749.96,1152.8438,14.424777
313.56,20311.02,1387.5544,6.083798
293.28,17800.2,1297.8121,6.5602274
12.48,7130.52,55.226048,-0.1968981
48.359997,14442.87,214.00093,0.5364202
62.399998,6381.45,276.13025,3.4868593
45.239998,11517.93,200.19443,0.8022933
90.479996,11167.32,400.38885,2.717756
319.8,17249.49,1415.1675,7.507059
483.59998,22415.55,2140.0093,8.899519
1319.76,24303.45,5840.155,23.917492
6469.32,64725.39,28627.803,44.86287
432.12,16887.57,1912.2019,10.741254
684.83997,32056.89,3030.5293,8.802683
964.07996,40790.82,4266.212,9.844957
227.76,16804.05,1007.87537,5.219289
156.0,7704.72,690.3256,8.290627
138.84,14082.69,614.3898,3.5238295
2847.0,21284.55,12598.442,60.376232
511.68,37316.91,2264.268,5.2917295
349.44,12271.35,1546.3293,12.066448
480.47998,23323.83,2126.203,8.452631
453.96,16483.02,2008.8475,11.63741
191.87999,16637.88,849.10046,4.2918673
202.79999,17043.3,897.4233,4.4599857
848.63995,26574.15,3755.371,13.6535
405.59998,18787.65,1794.8466,8.906101
527.27997,37482.21,2333.3005,5.454957
759.72,21977.94,3361.8857,14.8614855
127.92,9108.03,566.067,5.44453
98.28,24509.64,434.90512,0.8399476
204.35999,10600.08,904.3265,7.846347
107.64,6716.4,476.32468,6.3538437
531.95996,19066.92,2354.0103,11.801937
1747.2,22033.621,7731.6465,35.385975
157.56,16581.33,697.2289,3.3601747
906.36,21188.85,4010.7917,18.627754
146.64,15834.0,648.90607,3.2495122
563.16,43779.27,2492.0754,4.902562
174.72,12325.29,773.1647,5.5046325
82.68,13439.76,365.8726,1.82284
599.04,16701.39,2650.8503,15.458128
166.92,20027.4,738.6484,2.8243802
115.439995,6844.29,510.84094,6.739362
249.59999,8363.31,1104.521,12.694422
360.36,24125.1,1594.6521,5.8540096
146.64,14457.66,648.90607,3.654057
333.84,23900.64,1477.2968,5.4092336
1040.52,26909.97,4604.472,16.742487
20.279999,3556.56,89.742325,1.6164658
257.4,39172.62,1139.0372,2.01511
312.0,17631.42,1380.6512,7.1197863
263.63998,20597.25,1166.6503,4.873261
59.28,13563.3,262.32373,1.0054882
243.35999,13898.25,1076.908,7.0346394
-15.599999,5999.52,-69.03256,-2.1931233
74.88,6431.91,331.3563,4.341991
145.08,23836.26,642.0028,1.792844
237.12,15067.53,1049.2949,6.2211
116.99999,25274.371,517.7442,1.1241381
185.64,20996.58,821.4875,3.0569558
1170.0,15175.41,5177.4424,34.37714
209.04,10681.86,925.0363,7.979658
296.4,21301.95,1311.6187,5.3846354
165.36,18890.31,731.7452,3.016693
583.44,17355.63,2581.8179,14.425281
32.76,8750.46,144.96837,0.7178699
1658.2799,48294.57,7338.161,14.755669
641.16,32523.21,2837.2383,8.045869
861.12,20438.041,3810.5974,18.333107
428.99997,23617.02,1898.3953,7.3350735
198.12,17105.07,876.7135,4.314724
280.8,13050.87,1242.586,8.872676
452.4,26760.33,2001.9442,6.757261
564.72,21494.22,2498.9785,11.055596
196.56,15639.99,869.81024,4.7668138
179.4,10125.06,793.87445,7.1302166
297.96,21198.42,1318.5219,5.4495845
176.28,15116.25,780.06793,4.351016
34.32,6423.21,151.87163,1.4517286
769.07996,30798.871,3403.3052,10.458136
1151.2799,17512.23,5094.6025,29.16593
756.6,32725.92,3348.079,9.608445
492.96,24203.4,2181.429,8.3457155
18.72,6233.55,82.83907,0.37799513
556.92,23583.09,2464.4624,9.83601
368.15997,9783.15,1629.1683,16.267725
254.27998,50713.17,1125.2307,1.300746
240.23999,22625.22,1063.1014,3.8722525
59.28,16741.41,262.32373,0.62477577
248.04,20795.61,1097.6177,4.4730234
260.52,23640.51,1152.8438,4.0566335
318.24,27491.13,1408.2642,4.311772
115.439995,14520.3,510.84094,2.6480267
255.84,27278.85,1132.134,3.3034787
199.68,12340.95,883.61676,6.4244323
469.56,12615.87,2077.8801,16.078556
692.63995,52051.23,3065.0457,5.105958
254.27998,17126.82,1125.2307,5.8125973
193.43999,12481.89,856.0037,6.111205
638.04,19177.41,2823.4316,14.266349
2127.8398,41129.25,9416.041,22.739164
213.71999,14515.95,945.74603,5.7558026
293.28,13966.11,1297.8121,8.635721
588.12,20063.94,2602.5276,12.450146
547.56,21708.24,2423.043,10.574023
313.56,18486.63,1387.5544,6.782877
162.23999,18777.21,717.9386,2.964643
332.28,25309.17,1470.3936,5.024258
151.31999,16192.44,669.61584,3.2880645
67.079994,15460.7705,296.84,0.9908527
171.59999,19498.44,759.35815,3.0382638
224.63998,17204.25,994.06885,4.9914036
187.2,18225.63,828.39075,3.7130337
485.15997,13186.59,2146.9126,15.882227
92.03999,16885.83,407.29208,1.5011022
179.4,19306.17,793.87445,3.2638664
288.59998,16522.17,1277.1023,7.0150547
232.43999,18784.17,1028.5851,4.678009
641.16,16326.42,2837.2383,17.019915
202.79999,9168.93,897.4233,9.149077
513.24,22408.59,2271.1711,9.509527
185.64,22860.121,821.4875,2.7262354
876.72,35174.1,3879.63,10.43708
24.96,8716.53,110.452095,0.31394804
205.92,7070.49,911.2298,12.363686
241.79999,17955.06,1070.0046,5.1794047
273.0,19083.45,1208.0698,5.564219
624.0,19534.11,2761.3025,13.657782
166.92,15937.53,738.6484,3.805788
585.0,14745.63,2588.7212,17.204126
34.32,9181.11,151.87163,0.7152574
263.63998,21090.541,1166.6503,4.7358904
67.079994,21025.291,296.84,0.46395683
333.84,26233.11,1477.2968,4.8393683
449.27997,16609.17,1988.1377,11.412132
1056.12,13159.62,4673.5044,35.825375
385.31998,19039.95,1705.1041,8.286093
380.63998,21204.51,1684.3944,7.2368937
2636.4,18213.45,11666.503,65.41962
1193.3999,15997.561,5280.9907,33.230206
770.63995,17166.84,3410.2083,19.598633
307.31998,17494.83,1359.9414,7.0604324
266.75998,16933.68,1180.4567,6.2284737
251.15999,25343.97,1111.4242,3.5472941
210.59999,16304.67,931.9396,4.926846
511.68,20098.74,2264.268,10.681723
1987.44,38312.19,8794.748,22.803143
10.92,5886.42,48.322792,-0.14876664
-24.96,6343.17,-110.452095,-2.805575
979.68,75214.98,4335.2446,4.9766407
237.12,37554.42,1049.2949,1.8972394
659.88,40451.52,2920.0774,6.485269
586.56,20781.69,2595.6243,11.951166
120.119995,13942.62,531.5507,2.9531946
1145.0399,34372.832,5066.9897,14.285603
1073.2799,19860.36,4749.44,23.79723
552.24,19916.041,2443.7527,11.723369
475.8,25411.83,2105.4932,7.5914364
482.03998,21102.72,2133.106,9.481462
681.72,28790.041,3016.723,9.865282
366.59998,14138.37,1622.2651,10.897902
121.67999,24170.34,538.454,1.3100092
613.07996,26993.49,2712.9795,9.421623
76.439995,5030.34,338.25952,5.972694
617.75995,34034.4,2733.6892,7.3287334
288.59998,20022.18,1277.1023,5.6139693
191.87999,15847.92,849.10046,4.5556474
455.52,43558.29,2015.7507,3.7985926
287.03998,24419.16,1270.1991,4.393727
82.68,10888.05,365.8726,2.484397
127.92,18909.45,566.067,2.104108
1443.0,15532.11,6385.512,41.629784
202.79999,30207.27,897.4233,2.0805888
218.4,13183.98,966.4558,6.601221
51.48,15205.86,227.80745,0.5534769
195.0,13681.62,862.90704,5.539949
716.04,24798.48,3168.5945,12.249194
223.07999,17369.55,987.1656,4.8931746
124.799995,30557.88,552.2605,0.8739959
-31.199999,5606.2803,-138.06512,-3.5536246
731.63995,30874.56,3237.627,9.873613
35.879997,6163.08,158.77489,1.6713567
85.799995,25119.51,379.67908,0.5673045
326.03998,17789.76,1442.7804,7.4096527
1715.9999,36372.96,7593.581,20.647903
297.96,16575.24,1318.5219,7.2485075
503.87997,19163.49,2229.7517,11.065068
391.56,30176.82,1732.7173,4.953908
171.59999,23831.041,759.35815,2.3040872
20.279999,9288.99,89.742325,0.0017899275
567.83997,21282.81,2512.7852,11.242617
209.04,16014.96,925.0363,4.9893656
39.0,4696.2603,172.5814,2.810568
984.36,18497.94,4355.9546,23.417875
70.2,14929.2,310.6465,1.1576343
135.72,6142.2,600.5833,9.139048
71.759995,8798.31,317.54977,2.7424884
301.08,23252.49,1332.3284,4.9414124
318.24,21208.86,1408.2642,5.8851705
177.84,16080.21,786.9712,4.074754
26.519999,3832.35,117.35535,2.1753058
595.92,26006.91,2637.0437,9.514206
485.15997,23976.33,2146.9126,8.284949
157.56,14334.99,697.2289,4.0434284
121.67999,11410.05,538.454,3.8933797
90.479996,15540.811,400.38885,1.6715064
243.35999,36459.09,1076.908,2.062814
906.36,43406.91,4010.7917,8.5811825
177.84,9306.39,786.9712,7.768503
17.16,8016.18,75.935814,-0.01773858
312.0,26137.41,1380.6512,4.477335
48.359997,15268.5,214.00093,0.45333982
2349.3599,57633.15,10396.303,17.704859
53.039997,5326.14,234.7107,3.5694947
1227.72,19361.85,5432.8623,28.095762
577.19995,33217.47,2554.2046,6.97328
592.8,16858.86,2623.2373,15.134565
191.87999,9315.09,849.10046,8.451918
159.12,18134.28,704.1321,3.026259
107.64,11659.74,476.32468,3.2360601
254.27998,16782.3,1125.2307,5.952451
184.07999,14401.98,814.58417,4.8649135
138.84,10956.78,614.3898,4.8144536
180.95999,11028.99,800.7777,6.5287714
522.6,34479.84,2312.5908,5.9547486
360.36,18272.61,1594.6521,8.049264
201.23999,18223.89,890.52,4.0669947
-14.039999,8379.84,-62.129303,-1.7687917
154.43999,20845.2,683.4223,2.3996248
491.4,18279.57,2174.5256,11.335206
7.7999997,8405.07,34.51628,-0.5741756
235.56,23961.541,1042.3917,3.510909
519.48,15198.03,2298.7842,14.68407
541.32,24925.5,2395.43,8.965234
277.68,17850.66,1228.7795,6.1378527
280.8,14759.55,1242.586,7.729739
326.03998,23384.73,1442.7804,5.39758
372.84,34903.53,1649.8782,3.901516
1020.24,34403.28,4514.7295,12.607545
312.0,20979.18,1380.6512,5.8240685
255.84,19615.02,1132.134,4.984901
93.6,7339.32,414.19537,4.8519053
2692.5598,17599.23,11915.02,69.20192
288.59998,31598.4,1277.1023,3.1909113
492.96,30331.68,2181.429,6.4574866
293.28,20615.52,1297.8121,5.5277786
546.0,18638.01,2416.1396,12.442201
2049.8398,44449.17,9070.878,20.16087
166.92,18977.31,738.6484,3.0359983
397.8,19728.99,1760.3303,8.252033
553.8,15639.99,2450.656,15.24777
34.32,4356.09,151.87163,2.6151614
318.24,18834.63,1408.2642,6.7530913
45.239998,15050.13,200.19443,0.37930286
1795.5599,31075.53,7945.6475,25.512987
73.32,12190.44,324.45303,1.7598174
416.52,28436.82,1843.1693,5.720972
815.87994,38628.0,3610.4028,8.6917305
815.87994,40684.68,3610.4028,8.2017975
166.92,15494.7,738.6484,3.9431348
555.36,8969.7,2457.559,27.410175
352.56,34024.832,1560.1359,3.7546034
363.47998,17978.55,1608.4586,8.276905
221.51999,20612.041,980.2623,3.9313884
101.399994,11819.82,448.71164,2.9364464
126.35999,16637.88,559.1637,2.484888
447.71997,21482.041,1981.2344,8.563309
3141.8398,10796.7,13903.157,132.52736
533.51996,12675.9,2360.9133,18.312971
672.36,43667.91,2975.3035,6.065074
374.4,24889.83,1656.7815,5.902258
560.04,20371.05,2478.2688,11.614872
226.2,12629.79,1000.9721,7.2181435
369.72,20553.75,1636.0718,7.2538986
572.51996,21975.33,2533.4949,10.95453
324.47998,20089.17,1435.8772,6.41145
569.39996,15392.04,2519.6882,15.974558
636.48,21636.03,2816.5283,12.4984665
244.92,10903.71,1083.8112,9.306879
535.07996,25146.48,2367.8167,8.763797
248.04,14862.21,1097.6177,6.658004
168.48,17687.97,745.55164,3.3706656
-14.039999,7498.5303,-62.129303,-1.8591485
981.24,46363.17,4342.148,8.711345
316.68,24676.68,1401.361,4.888588
347.87997,23250.75,1539.426,5.8654613
179.4,20439.78,793.87445,3.0273886
597.48,27164.88,2643.947,9.092362
616.19995,19688.1,2726.786,13.361344
439.91998,14897.01,1946.7181,12.550391
352.56,18242.16,1560.1359,7.8681707
168.48,14554.23,745.55164,4.311734
202.79999,17366.94,897.4233,4.358237
45.239998,9549.12,200.19443,1.1738846
831.48,26805.57,3679.4355,13.233248
221.51999,19015.59,980.2623,4.3454022
383.75998,34204.92,1698.2009,4.148116
1394.6399,35274.15,6171.5107,17.141903
828.36,46495.41,3665.629,7.1749725
624.0,33569.82,2761.3025,7.5292892
176.28,15515.58,780.06793,4.213295
447.71997,21683.88,1981.2344,8.474291
422.75998,12795.09,1870.7823,14.160998
40.559998,10844.55,179.48465,0.7161832
1257.36,18732.84,5564.0244,29.798765
179.4,20394.541,793.87445,3.0363216
177.84,14443.74,786.9712,4.6497216
443.03998,37718.85,1960.5247,4.389664
600.6,33549.81,2657.7534,7.2143373
301.08,17190.33,1332.3284,7.036648
2208.96,29428.621,9775.011,33.442543
868.92,13925.22,3845.1135,27.632217
508.55997,19355.76,2250.4614,11.056167
67.079994,11859.84,296.84,1.5953233
391.56,18883.35,1732.7173,8.514732
1360.32,15486.0,6019.639,39.30687
102.96,18228.24,455.6149,1.5917974
722.27997,45996.9,3196.2075,6.2053375
1062.36,27231.0,4701.117,16.901333
107.64,32635.44,476.32468,0.513427
60.839996,6592.86,269.227,3.2344074
195.0,21332.4,862.90704,3.1944222
249.59999,17668.83,1104.521,5.4820747
539.76,17301.69,2388.5266,13.314938
521.04,16537.83,2305.6875,13.456721
171.59999,16412.55,759.35815,3.7975383
162.23999,25236.96,717.9386,1.9498377
7236.84,68441.164,32024.205,47.518665
65.52,16614.39,289.93674,0.80953383
42.12,9774.45,186.38791,0.97730327
244.92,13475.43,1083.8112,7.339862
107.64,9019.29,476.32468,4.4761915
360.36,18355.26,1594.6521,8.008517
616.19995,24782.82,2726.786,10.409016
106.079994,21592.53,469.4214,1.2542768
68.64,18160.38,303.74326,0.73432136
773.75995,36095.43,3424.015,8.836289
285.47998,29606.97,1263.2958,3.4244466
619.32,19989.12,2740.5928,13.216698
1570.9199,31446.15,6951.5786,21.922598
446.15997,26825.58,1974.3312,6.6316557
847.07996,15452.94,3748.468,24.153046
288.59998,45045.992,1277.1023,1.9397974
78.0,10505.25,345.1628,2.406948
201.23999,18694.56,890.52,3.939424
107.64,12337.47,476.32468,3.0033617
360.36,17787.15,1594.6521,8.296243
118.56,13390.17,524.64746,3.0628366
1545.96,38878.56,6841.1265,17.245901
32.76,8784.39,144.96837,0.71123445
39.0,8104.92,172.5814,1.2079699
1007.75995,15793.11,4459.5034,28.279705
327.59998,17556.6,1449.6837,7.562109
113.88,11328.2705,503.93768,3.6127625
1421.1599,20205.75,6288.866,31.273441
49.92,4551.84,220.90419,4.0322804
219.95999,21994.47,973.3591,3.5888877
199.68,20199.66,883.61676,3.535945
230.87999,13301.43,1021.6819,6.9646235
162.23999,9026.25,717.9386,7.2476044
383.75998,19122.6,1698.2009,8.208524
5199.48,24630.57,23008.553,95.86407
82.68,11601.45,365.8726,2.2701335
112.31999,8576.46,497.03442,5.009333
195.0,10640.1,862.90704,7.409423
273.0,9840.57,1208.0698,11.729743
294.84,19293.99,1304.7155,6.0119953
2862.5999,21528.15,12667.475,60.01424
193.43999,19916.91,856.0037,3.4565787
422.75998,12949.08,1870.7823,13.980704
179.4,11578.83,793.87445,6.109434
146.64,14428.95,648.90607,3.6633172
-49.92,5168.67,-220.90419,-5.4317274
510.12,30361.26,2257.3647,6.7095647
383.75998,21789.15,1698.2009,7.081587
54.6,10825.41,241.61395,1.3143313
954.72,19058.22,4224.7925,21.986399
770.63995,16927.59,3410.2083,19.88977
179.4,16118.49,793.87445,4.1071115
209.04,10672.29,925.0363,7.987709
480.47998,21278.46,2126.203,9.361256
173.15999,19374.9,766.2614,3.1009583
937.55994,19026.9,4148.8564,21.610401
148.2,12200.88,655.8093,4.5735807
1023.36,23556.121,4528.536,18.934343
-32.76,7184.46,-144.96837,-3.0923147
9.36,3797.55,41.419537,0.13096607
48.359997,10672.29,214.00093,1.0792463
460.19998,13645.08,2036.4604,14.47561
549.12,17593.14,2429.946,13.321918
569.39996,12011.22,2519.6882,20.752419
413.4,24732.36,1829.3629,6.669768
240.23999,23382.99,1063.1014,3.7143579
461.75998,23194.2,2043.3638,8.1351185
1054.5599,54957.03,4666.601,7.8049173
435.24,47040.9,1926.0084,3.2455158
372.84,22854.9,1649.8782,6.4854927
480.47998,27373.68,2126.203,7.054144
780.0,10711.44,3451.6282,32.413654
76.439995,6318.81,338.25952,4.55089
268.31998,19095.63,1187.36,5.447573
168.48,7618.59,745.55164,9.147312
482.03998,17053.74,2133.106,11.970021
926.63995,15174.54,4100.534,27.020298
368.15997,16496.94,1629.1683,9.240248
416.52,18869.43,1843.1693,9.128715
127.92,12973.44,566.067,3.5243955
297.96,18370.92,1318.5219,6.4422507
546.0,19031.25,2416.1396,12.164446
588.12,13527.63,2602.5276,18.949018
215.28,11113.38,952.64935,7.88863
316.68,24060.72,1401.361,5.039337
279.24,15397.26,1235.6829,7.3216887
414.96,19940.4,1836.2661,8.548818
728.51996,53853.0,3223.8206,5.2073874
647.39996,23145.48,2864.851,11.834641
892.31995,46383.18,3948.6624,7.8274927
293.28,23827.56,1297.8121,4.6478105
787.8,29052.78,3486.1443,11.44244
636.48,18410.07,2816.5283,14.863776
6456.84,16237.68,28572.576,181.46237
196.56,21925.74,869.81024,3.1135626
627.12,11497.92,2775.109,24.02699
677.04,37658.82,2996.0132,7.249448
742.56,58979.91,3285.95,4.7770314
88.92,17539.2,393.4856,1.3263066
258.96,15497.311,1145.9404,6.6674967
928.19995,11952.061,4107.437,34.634937
207.48,15221.5205,918.13306,5.2545414
308.87997,15988.86,1366.8446,7.8644037
120.119995,13697.28,531.5507,3.0240026
182.51999,16743.15,807.6809,4.0020785
43.68,6214.41,193.29117,2.2252245
255.84,18014.22,1132.134,5.5167375
351.0,21072.27,1553.2327,6.6431623
624.0,11209.95,2761.3025,24.542192
166.92,12609.78,738.6484,5.0740466
152.87999,17639.25,676.51904,2.9769287
241.79999,9720.51,1070.0046,10.414174
187.2,19312.26,828.39075,3.4478488
524.16,23482.17,2319.494,9.242427
277.68,11471.82,1228.7795,10.106814
369.72,27405.0,1636.0718,5.1904244
165.36,14082.69,731.7452,4.3879323
184.07999,13202.25,814.58417,5.3978767
307.31998,17289.51,1359.9414,7.1561537
-6.24,12591.51,-27.613024,-1.2273966
436.8,12293.1,1932.9116,15.304163
110.759995,19134.78,490.13116,1.6560531
24.96,12943.86,110.452095,-0.1151737
486.71997,23117.64,2153.816,8.660797
890.75995,24837.63,3941.759,15.456133
255.84,21093.15,1132.134,4.565501
478.91998,13541.55,2119.2996,15.228256
195.0,16463.01,862.90704,4.435039
4021.68,32030.791,17796.594,56.61255
230.87999,20950.47,1021.6819,4.0567303
196.56,20882.61,869.81024,3.319044
652.07996,19052.13,2885.5608,14.704878
92.03999,12380.1,407.29208,2.4113767
594.36,20165.73,2630.1406,12.524241
603.72,58263.9,2671.56,3.7545924
291.72,25444.02,1290.9089,4.2608724
265.19998,27502.44,1173.5535,3.4246564
1371.24,45407.04,6067.962,12.856947
396.24,16931.07,1753.427,9.738686
193.43999,15505.14,856.0037,4.7246356
365.03998,16422.12,1615.3618,9.199725
115.439995,11207.34,510.84094,3.726406
1978.08,15659.13,8753.329,56.963352
271.44,14316.72,1201.1666,7.699767
116.99999,16606.56,517.7442,2.2328343
336.96,46380.57,1491.1033,2.333646
113.88,26194.83,503.93768,0.9948448
53.039997,17507.88,234.7107,0.3901037
227.76,12360.96,1007.87537,7.4547834
327.59998,18900.75,1449.6837,6.9532037
335.4,30997.23,1484.2001,3.9649792
115.439995,20650.32,510.84094,1.5651147
-17.16,9202.86,-75.935814,-1.8556018
809.63995,19221.78,3582.7898,18.327497
422.75998,14751.72,1870.7823,12.150083
43.68,5784.63,193.29117,2.464849
29.64,12574.11,131.16187,0.08162868
2775.24,33564.6,12280.893,36.93991
467.99997,10013.7,2070.9768,20.445122
522.6,38171.25,2312.5908,5.282179
597.48,28660.41,2643.947,8.565733
670.8,23785.8,2968.4001,11.940544
223.07999,15147.57,987.1656,5.7576375
1329.12,19963.89,5881.574,29.548948
129.48,12237.42,572.9702,3.8550096
73.32,8880.96,324.45303,2.7882602
647.39996,25890.33,2864.851,10.473934
589.68,17427.84,2609.431,14.525661
123.24,22484.28,545.35724,1.5150695
265.19998,16358.61,1173.5535,6.438825
184.07999,19664.61,814.58417,3.2953496
912.6,24192.09,4038.4048,16.309492
216.84,17937.66,959.5526,4.546907
76.439995,12657.63,338.25952,1.7710574
3806.4,23229.0,16843.945,74.19019
276.12,14731.71,1221.8763,7.600466
692.63995,26077.38,3065.0457,11.1876745
207.48,14059.2,918.13306,5.771625
195.0,10714.05,862.90704,7.3513794
513.24,49523.01,2271.1711,3.7554398
449.27997,20355.39,1988.1377,9.127794
889.19995,11658.0,3934.8557,33.99876
488.27997,23793.63,2160.719,8.416411
162.23999,5987.34,717.9386,11.433725
706.68,19649.82,3127.175,15.502186
88.92,5621.07,393.4856,6.258682
492.96,35622.15,2181.429,5.3499284
327.59998,21749.13,1449.6837,5.91161
168.48,11525.76,745.55164,5.707428
698.88,24916.8,3092.6587,11.870269
2102.88,25514.49,9305.589,36.818546
369.72,17653.17,1636.0718,8.610091
563.16,32749.41,2492.0754,6.890519
280.8,38962.95,1242.586,2.3069115
216.84,22716.57,959.5526,3.3799977
332.28,21857.88,1470.3936,5.975469
652.07996,18593.64,2885.5608,15.092134
246.48,13294.47,1090.7145,7.507226
485.15997,22083.21,2146.9126,9.080916
522.6,10685.34,2312.5908,21.441833
252.71999,21592.53,1118.3274,4.370483
3238.5598,39303.12,14331.159,36.80961
3110.64,19017.33,13765.093,74.05463
213.71999,26710.74,945.74603,2.6714406
291.72,24275.61,1290.9089,4.5140834
1160.64,16949.34,5136.0225,30.421144
560.04,22266.78,2478.2688,10.540879
2519.4,20379.75,11148.759,55.72514
204.35999,14773.47,904.3265,5.3473234
716.04,24316.5,3168.5945,12.511807
226.2,13539.811,1000.9721,6.6657963
424.31998,25838.13,1877.6855,6.535458
864.24,27894.81,3824.4038,13.216353
28.079998,6973.05,124.258606,0.8477857
421.19998,11135.13,1863.8792,16.356827
324.47998,14177.5205,1435.8772,9.501827
608.39996,10050.24,2692.2698,26.777298
265.19998,6535.44,1173.5535,17.61984
140.4,12788.13,621.293,4.0377584
421.19998,14892.66,1863.8792,11.977569
2012.3999,20225.76,8905.2,44.65483
26.519999,15624.33,117.35535,-0.22115797
804.95996,35355.93,3562.08,9.446945
360.36,15358.98,1594.6521,9.765927
-63.96,12240.03,-283.0335,-3.3977463
402.47998,33544.59,1781.04,4.5055294
2095.0798,23592.66,9271.072,39.747498
159.12,21764.791,704.1321,2.3546524
26.519999,8372.88,117.35535,0.45336902
102.96,16311.63,455.6149,1.8963325
1226.1599,31848.96,5425.959,16.665628
447.71997,28270.65,1981.2344,6.2668786
92.03999,13555.47,407.29208,2.1155827
1569.36,32159.55,6944.676,21.391844
511.68,19946.49,2264.268,10.770888
132.59999,12217.41,586.77673,3.9801407
652.07996,8505.12,2885.5608,34.180145
1652.0399,26618.52,7310.548,27.47829
720.72,23107.2,3189.3042,13.311873
28.079998,7101.81,124.258606,0.8142842
176.28,11629.29,780.06793,5.9554796
725.39996,42918.84,3210.014,6.755447
396.24,24575.76,1753.427,6.3982434
631.8,21569.041,2795.8186,12.440828
322.91998,15432.061,1428.974,8.601704
372.84,34731.27,1649.8782,3.925826
896.99994,36498.24,3969.372,10.277109
432.12,19252.23,1912.2019,9.29913
116.99999,11124.69,517.7442,3.8258653
355.68,16937.16,1573.9424,8.635984
182.51999,29138.041,807.6809,1.8742685
85.799995,13511.97,379.67908,1.913707
45.239998,6049.98,200.19443,2.431199
85.799995,8826.15,379.67908,3.4605994
184.07999,13253.58,814.58417,5.373099
93.6,17886.33,414.19537,1.4012196
402.47998,15151.92,1781.04,11.1886015
78.0,10573.11,345.1628,2.3850813
583.44,37198.59,2581.8179,6.1969256
648.95996,18656.28,2871.7544,14.961369
263.63998,12410.55,1166.6503,8.747597
182.51999,19660.26,807.6809,3.2598906
15.599999,7513.32,69.03256,-0.047269642
141.95999,12033.84,628.1963,4.4130125
338.52,12139.98,1498.0066,11.795098
700.44,43458.242,3099.562,6.395645
839.27997,45964.71,3713.9517,7.3783712
88.92,10924.59,393.4856,2.7348366
146.64,8975.79,648.90607,6.4964733
530.39996,15676.53,2347.107,14.524971
469.56,49483.86,2077.8801,3.3541646
240.23999,10335.6,1063.1014,9.66564
279.24,20612.041,1235.6829,5.2163277
1074.84,15984.51,4756.3433,29.854729
322.91998,16671.81,1428.974,7.887701
1015.55994,40200.09,4494.0195,10.591932
560.04,31771.53,2478.2688,7.088317
212.15999,13855.62,938.8428,6.0261073
146.64,11748.48,648.90607,4.727275
230.87999,16460.4,1021.6819,5.4361057
219.95999,18746.76,973.3591,4.3838725
535.07996,14897.88,2367.8167,15.480541
772.19995,26000.82,3417.1116,12.627619
315.12,28224.541,1394.4578,4.1230235
18.72,8275.44,82.83907,0.037987232
212.15999,18487.5,938.8428,4.265778
131.04,15432.061,579.8735,2.896343
12.48,5920.35,55.226048,-0.032737255
360.36,15366.811,1594.6521,9.760442
390.0,24892.44,1725.8141,6.189099
82.68,19675.92,365.8726,0.9281583
63.96,14192.311,283.0335,1.0679147
1132.5599,51929.43,5011.7637,9.007484
4906.1997,97604.43,21710.74,22.064974
252.71999,26773.38,1118.3274,3.331254
625.56,26948.25,2768.2058,9.65162
530.39996,23493.48,2347.107,9.359371
485.15997,26663.76,2146.9126,7.349123
346.31998,13158.75,1532.5228,11.076475
240.23999,6309.24,1063.1014,16.472116
48.359997,10531.35,214.00093,1.1070726
751.92,26172.21,3327.3694,12.182826
382.19998,15222.39,1691.2977,10.520865
393.12,24651.45,1739.6205,6.317453
341.63998,21006.15,1511.813,6.46276
191.87999,21114.9,849.10046,3.169826
705.12,42535.17,3120.2717,6.6066265
171.59999,12300.93,759.35815,5.4011297
148.2,21254.97,655.8093,2.1993737
538.19995,20811.27,2381.623,10.866491
2174.64,41504.22,9623.139,23.042099
237.12,40490.67,1049.2949,1.687141
195.0,21718.68,862.90704,3.119822
488.27997,28548.18,2160.719,6.8481584
663.0,31790.67,2933.8838,8.569541
268.31998,20685.12,1187.36,4.952128
126.35999,19096.5,559.1637,2.036219
110.759995,12208.71,490.13116,3.1628466
174.72,17239.92,773.1647,3.6503391
516.36,24230.371,2284.9778,8.778445
237.12,21444.63,1049.2949,4.0737243
315.12,12295.71,1394.4578,10.759792
1007.75995,34427.64,4459.5034,12.431581
82.68,14397.63,365.8726,1.6350372
418.08,24300.84,1850.0726,6.894332
424.31998,27835.65,1877.6855,5.9947047
315.12,18618.87,1394.4578,6.7660456
87.36,8797.44,386.58234,3.5565228
-7.7999997,7622.07,-34.51628,-1.4695685
151.31999,22052.76,669.61584,2.1485505
1453.9199,12561.93,6433.8345,52.10818
-40.559998,11394.39,-179.48465,-2.6333683
262.08,21485.52,1159.747,4.5971284
266.75998,20905.23,1180.4567,4.8552165
322.91998,18728.49,1428.974,6.911693
499.19998,20619.0,2209.042,10.109238
148.2,13661.61,655.8093,3.977641
277.68,24756.72,1228.7795,4.1466985
226.2,14660.37,1000.9721,6.079864
3.12,7400.22,13.806512,-0.8065418
244.92,16760.55,1083.8112,5.7052226
291.72,16309.89,1290.9089,7.2071514
233.99998,11470.95,1035.4884,8.360385
42.12,5540.16,186.38791,2.4885368
177.84,10254.69,786.9712,6.957638
513.24,11954.67,2271.1711,18.699724
786.24,11527.5,3479.241,30.296606
739.44,35879.67,3272.1436,8.456529
602.16,18665.85,2664.6567,13.802715
408.71997,33387.12,1808.653,4.6172547
815.87994,31346.97,3610.4028,10.942849
1299.48,19765.53,5750.412,29.167435
168.48,12502.7705,745.55164,5.183286
541.32,16474.32,2395.43,14.07731
390.0,45098.19,1725.8141,2.9681013
205.92,18323.07,911.2298,4.1567674
93.6,10122.45,414.19537,3.2429457
34.32,4853.73,151.87163,2.2445085
190.31999,15283.29,842.1972,4.7140603
180.95999,16341.21,800.7777,4.0813093
324.47998,12233.94,1435.8772,11.170231
229.31999,21211.47,1014.7786,3.960762
539.76,32733.75,2388.5266,6.5662766
180.95999,12995.19,800.7777,5.3896523
1009.31995,41249.31,4466.4067,10.227666
508.55997,21730.86,2250.4614,9.738474
333.84,16009.74,1477.2968,8.568224
336.96,24600.99,1491.1033,5.284967
109.2,13385.82,483.2279,2.7433023
856.43994,47046.992,3789.8875,7.352998
260.52,18517.08,1152.8438,5.455737
553.8,16778.82,2450.656,14.144984
528.83997,22901.01,2340.2036,9.596121
1416.48,20912.19,6268.1567,30.080515
238.68,14554.23,1056.1981,6.524957
1687.9199,45534.93,7469.3228,16.00922
1226.1599,17693.19,5425.959,30.79935
299.52,16282.92,1325.4252,7.440551
255.84,27286.68,1132.134,3.3022437
413.4,20953.95,1829.3629,8.052777
135.72,14649.93,600.5833,3.250946
96.71999,16716.18,428.00186,1.6549509
237.12,28143.63,1049.2949,2.866031
248.04,15923.61,1097.6177,6.1475534
798.72,18245.64,3534.467,19.086891
663.0,29035.38,2933.8838,9.477635
513.24,17703.63,2271.1711,12.302565
182.51999,10945.47,807.6809,6.651618
159.12,20637.27,704.1321,2.5379343
257.4,25049.041,1139.0372,3.7151413
146.64,18113.4,648.90607,2.7147512
160.68,15240.66,711.03534,3.8376594
460.19998,20086.56,2036.4604,9.512797
410.28,17753.22,1815.5564,9.604262
293.28,23621.371,1297.8121,4.69711
93.6,16750.11,414.19537,1.5641029
78.0,6952.17,345.1628,4.148154
3.12,6241.38,13.806512,-0.7706223
248.04,13923.48,1097.6177,7.1743116
1453.9199,18925.98,6433.8345,34.25002
249.59999,17337.36,1104.521,5.606005
539.76,18564.06,2388.5266,12.34151
351.0,19680.27,1553.2327,7.183769
251.15999,27383.25,1111.4242,3.2086492
436.8,37566.6,1932.9116,4.335289
249.59999,16463.88,1104.521,5.9564815
570.95996,20567.67,2526.5916,11.7379
48.359997,5510.58,214.00093,3.0268574
246.48,18279.57,1090.7145,5.1871834
98.28,14725.62,434.90512,2.0624487
201.23999,13774.71,890.52,5.7036157
4219.8,27391.95,18673.307,69.68808
1299.48,15135.39,5750.412,38.3961
131.04,27567.69,579.8735,1.1811261
369.72,11826.78,1636.0718,13.344443
301.08,13978.29,1332.3284,8.883371
519.48,13390.17,2298.7842,16.801638
2201.16,20926.11,9740.494,47.265896
191.87999,19303.56,849.10046,3.561099
243.35999,13260.54,1076.908,7.421031
1414.9199,60257.94,6261.253,9.774444
488.27997,12739.41,2160.719,16.587206
176.28,10028.49,780.06793,7.065749
138.84,14448.96,614.3898,3.409154
35.879997,5827.2603,158.77489,1.8253045
443.03998,24495.72,1960.5247,7.299081
460.19998,45828.992,2036.4604,3.6076932
397.8,20811.27,1760.3303,7.7708864
173.15999,31107.72,766.2614,1.5542102
641.16,18441.39,2837.2383,14.953281
375.96,22942.77,1663.6847,6.5192246
107.64,17245.14,476.32468,1.864074
5085.5996,43100.67,22504.613,53.14214
249.59999,18843.33,1104.521,5.078049
219.95999,18139.5,973.3591,4.5641093
165.36,14827.41,731.7452,4.1173186
797.16,45189.54,3527.5637,7.0944033
652.07996,42349.86,2885.5608,6.065227
308.87997,22322.46,1366.8446,5.349287
-46.8,11524.0205,-207.09769,-2.8634558
341.63998,26007.78,1511.813,5.027576
154.43999,15330.2705,683.4223,3.6226091
781.56,41075.31,3458.5312,7.730895
99.84,14073.12,441.80838,2.2553034
216.84,11745.0,959.5526,7.4715652
502.31998,34934.85,2222.8484,5.597795
393.12,18866.82,1739.6205,8.5610075
141.95999,13265.76,628.1963,3.910335
3187.0798,59099.1,14103.352,23.745106
277.68,18205.62,1228.7795,5.998684
59.28,5111.25,262.32373,4.3217974
221.51999,9941.49,980.2623,9.224421
132.59999,10151.16,586.77673,4.9938393
499.19998,15522.54,2209.042,13.756694
1656.72,15762.66,7331.258,47.227734
1155.96,20918.28,5115.3125,24.35678
316.68,25608.45,1401.361,4.67433
1082.64,28027.05,4790.86,16.724907
185.64,9512.58,821.4875,7.954689
243.35999,7884.81,1076.908,13.162348
1233.96,44129.88,5460.4756,11.83056
744.12,30581.371,3292.8533,10.165117
40.559998,7364.55,179.48465,1.5271382
382.19998,24539.22,1691.2977,6.146727
313.56,16808.4,1387.5544,7.5599556
179.4,22608.69,793.87445,2.6410306
583.44,35182.8,2581.8179,6.609271
324.47998,21683.88,1435.8772,5.8663855
149.76,14664.72,662.7126,3.6859684
8414.64,20993.1,37236.164,182.92308
168.48,15818.34,745.55164,3.8872519
759.72,27340.621,3361.8857,11.7503605
283.91998,15559.08,1256.3926,7.3731585
748.8,12749.85,3313.563,25.948713
148.2,15570.39,655.8093,3.3674302
85.799995,13068.2705,379.67908,2.0126343
358.8,21912.69,1587.7489,6.513357
393.12,22562.58,1739.6205,6.994911
274.56,20719.05,1214.973,5.080575
2697.24,16368.18,11935.7295,74.613
-56.159996,4218.63,-248.51721,-7.1084766
57.719997,9599.58,255.42047,1.7589977
577.19995,29195.46,2554.2046,8.071691
351.0,37845.0,1553.2327,3.2557478
413.4,16278.57,1829.3629,10.652832
425.87997,24182.52,1884.5889,7.0809603
207.48,19483.65,918.13306,3.8863344
385.31998,21155.791,1705.1041,7.3573675
258.96,19205.25,1145.9404,5.1871405
92.03999,9158.49,407.29208,3.61137
59.28,11400.48,262.32373,1.3859553
266.75998,19798.59,1180.4567,5.1824937
581.88,19138.26,2574.9146,12.951095
240.23999,21368.94,1063.1014,4.1586924
177.84,18037.71,786.9712,3.5240283
667.68,28132.32,2954.5935,9.8903055
56.159996,6115.23,248.51721,3.2139711
1077.96,32451.0,4770.15,14.242347
79.56,7129.65,352.06604,4.120399
120.119995,6991.32,531.5507,6.8837605
312.0,25534.5,1380.6512,4.6066637
271.44,19794.24,1201.1666,5.2923417
521.04,22738.32,2305.6875,9.514531
299.52,18139.5,1325.4252,6.57666
336.96,14060.07,1491.1033,9.996845
4427.28,14593.38,19591.44,138.20613
2232.3599,23298.6,9878.559,42.96546
1146.6,45989.94,5073.893,10.440008
811.19995,24248.64,3589.693,14.350333
352.56,41060.52,1560.1359,2.9399061
255.84,16918.02,1132.134,5.938989
443.03998,21138.39,1960.5247,8.617191
599.04,18133.41,2650.8503,14.158408
290.16,15602.58,1284.0056,7.533327
54.6,14553.36,241.61395,0.72149825
248.04,19836.87,1097.6177,4.7375417
39.0,11548.38,172.5814,0.5496044
472.68,22117.14,2091.6865,8.806533
-48.359997,5220.0,-214.00093,-5.251019
159.12,22974.96,704.1321,2.1779513
5007.5996,97307.76,22159.451,22.61345
126.35999,7031.34,559.1637,7.2461033
672.36,17415.66,2975.3035,16.71492
308.87997,22020.57,1366.8446,5.436332
575.63995,14600.34,2547.3013,17.09111
135.72,12335.73,600.5833,4.048429
2410.2,13270.11,10665.53,82.34045
140.4,13348.41,621.293,3.8263059
116.99999,12248.73,517.7442,3.383006
1202.76,64100.73,5322.4106,7.609804
424.31998,25025.55,1877.6855,6.780134
455.52,23250.75,2015.7507,7.989753
159.12,14181.87,704.1321,4.1483555
57.719997,11331.75,255.42047,1.3372576
62.399998,3231.18,276.13025,7.861367
482.03998,22112.791,2133.106,9.002688
212.15999,17168.58,938.8428,4.6703043
23.4,6725.97,103.54884,0.596387
1204.32,18181.26,5329.3135,29.394512
343.19998,41042.25,1518.7163,2.837014
589.68,10836.72,2609.431,23.968695
522.6,29166.75,2312.5908,7.2216434
572.51996,26092.17,2533.4949,9.068336
313.56,15800.07,1387.5544,8.1062355
2450.76,22717.44,10845.016,48.501537
510.12,54709.082,2257.3647,3.2784867
166.92,20237.94,738.6484,2.7845943
503.87997,8913.15,2229.7517,24.940191
-10.92,10299.06,-48.322792,-1.4865218
185.64,16487.37,821.4875,4.1665125
839.27997,17193.81,3713.9517,21.398142
397.8,18350.91,1760.3303,8.946824
1297.9199,47609.01,5743.509,11.509386
252.71999,18536.22,1118.3274,5.2559843
143.51999,20002.17,635.09955,2.2924
141.95999,14857.86,628.1963,3.3841658
826.8,47736.03,3658.7258,6.9475164
567.83997,36636.57,2512.7852,6.111946
134.15999,14682.12,593.68,3.192871
134.15999,14883.09,593.68,3.1362538
407.15997,14769.99,1801.7498,11.649174
510.12,37487.43,2257.3647,5.244015
319.8,20927.85,1415.1675,6.0118256
193.43999,17834.13,856.0037,3.977045
6531.7197,34229.28,28903.932,86.56026
349.44,28471.621,1546.3293,4.631676
-43.68,4393.5,-193.29117,-5.561937
282.36,13552.86,1249.4893,8.559814
290.16,19390.56,1284.0056,5.8663263
1274.5199,21349.8,5639.96,26.3924
313.56,38676.72,1387.5544,2.7200456
402.47998,16486.5,1781.04,10.201936
165.36,13700.76,731.7452,4.5381293
467.99997,17925.48,2070.9768,10.979876
109.2,16051.5,483.2279,2.1216505
1218.36,19708.11,5391.443,27.366642
355.68,11485.74,1573.9424,13.209465
219.95999,16552.62,973.3591,5.097534
366.59998,23002.8,1622.2651,6.312889
157.56,13863.45,697.2289,4.2149715
2979.5999,45628.89,13185.219,28.96369
110.759995,10460.88,490.13116,3.8583856
251.15999,16065.42,1111.4242,6.1735754
223.07999,12778.561,987.1656,7.0104322
460.19998,27259.71,2036.4604,6.746448
435.24,20710.35,1926.0084,8.643144
471.12,33956.97,2084.7834,5.3661947
918.83997,13556.34,4066.0178,30.101025
589.68,25939.92,2609.431,9.430978
205.92,18835.5,911.2298,4.016475
24.96,9316.83,110.452095,0.2292881
644.27997,20733.84,2851.0447,13.258444
37.44,12374.01,165.67815,0.3883618
1291.6799,49743.992,5715.896,10.914932
101.399994,11677.14,448.71164,2.9845452
694.19995,11056.83,3071.9487,27.809202
121.67999,16237.68,538.454,2.4385276
1159.08,56911.05,5129.119,8.345318
213.71999,15149.311,945.74603,5.4733567
255.84,11435.28,1132.134,9.2659445
63.96,15022.29,283.0335,0.95366275
59.28,5803.77,262.32373,3.6867876
386.87997,18065.55,1712.0074,8.826579
131.04,13150.92,579.8735,3.5721974
143.51999,9744.0,635.09955,5.758533
3441.3599,32175.21,15228.583,48.0779
402.47998,20826.93,1781.04,7.8674
397.8,18856.38,1760.3303,8.680186
1038.96,28741.32,4597.5684,15.587057
1708.2,87847.38,7559.0654,7.922512
165.36,14249.73,731.7452,4.324773
393.12,10680.12,1739.6205,15.889868
-32.76,7972.68,-144.96837,-2.8854578
1349.3999,36145.89,5971.3164,16.130066
93.6,20231.85,414.19537,1.1228414
351.0,26539.35,1553.2327,5.0686784
432.12,13820.82,1912.2019,13.3465605
219.95999,7242.75,973.3591,12.935337
283.91998,16262.91,1256.3926,7.010783
279.24,8200.62,1235.6829,14.624574
305.75998,21663.871,1353.0381,5.476224
341.63998,10632.2705,1511.813,13.744156
460.19998,21490.74,2036.4604,8.825903
282.36,17890.68,1249.4893,6.2419176
861.12,17065.92,3810.5974,22.153212
324.47998,8429.43,1435.8772,16.663103
176.28,19571.52,780.06793,3.1329083
262.08,13887.811,1159.747,7.659191
561.6,47911.77,2485.172,4.378512
714.48,56183.73,3161.6912,4.8352137
92.03999,15305.04,407.29208,1.7594299
605.27997,20023.92,2678.4634,12.870257
471.12,26339.25,2084.7834,7.2073965
297.96,21596.01,1318.5219,5.3308454
641.16,29952.36,2837.2383,8.822288
165.36,19668.96,731.7452,2.8576813
177.84,14923.98,786.9712,4.467919
999.95996,35663.91,4424.987,11.865625
71.759995,18244.77,317.54977,0.8047676
499.19998,22900.14,2209.042,9.002618
514.8,20011.74,2278.0745,10.804048
1205.88,38430.51,5336.2173,13.398102
232.43999,18423.99,1028.5851,4.7890115
322.91998,31034.64,1428.974,3.7744737
1521.0,18110.791,6730.675,37.536217
393.12,19126.08,1739.6205,8.431406
113.88,10781.04,503.93768,3.8469
294.84,30593.55,1304.7155,3.4221535
213.71999,14817.84,945.74603,5.6181636
252.71999,19764.66,1118.3274,4.867154
193.43999,22294.621,856.0037,2.9812865
561.6,54743.88,2485.172,3.7072663
88.92,17686.23,393.4856,1.3069673
332.28,22338.99,1470.3936,5.8252406
279.24,10409.55,1235.6829,11.309006
260.52,10415.64,1152.8438,10.477105
134.15999,15736.561,593.68,2.9119246
112.31999,20848.68,497.03442,1.4720416
1115.3999,35411.61,4935.8276,13.453139
116.99999,16369.05,517.7442,2.2797415
351.0,25935.57,1553.2327,5.209957
79.56,4991.19,352.06604,6.314218
599.04,24757.59,2650.8503,10.1026
772.19995,44995.53,3417.1116,6.8747654
315.12,15339.84,1394.4578,8.426108
563.16,11309.13,2492.0754,21.849667
226.2,14944.86,1000.9721,5.9450917
280.8,16947.6,1242.586,6.60267
316.68,16285.53,1401.361,7.922694
107.64,18951.21,476.32468,1.6062374
494.52,25377.03,2188.3323,7.9417048
177.84,12449.7,786.9712,5.5546246
9787.439,25158.66,43311.027,177.50848
308.87997,8666.94,1366.8446,15.353142
143.51999,15089.28,635.09955,3.3643656
427.43997,14009.61,1891.4921,12.999946
369.72,18035.97,1636.0718,8.406124
291.72,25190.85,1290.9089,4.3137445
49.92,12755.07,220.90419,0.7958456
67.079994,18117.75,296.84,0.6988931
327.59998,28838.76,1449.6837,4.212482
138.84,16342.08,614.3898,2.8983831
491.4,40077.42,2174.5256,4.6261673
622.44,28354.17,2754.3992,9.072977
405.59998,30663.15,1794.8466,5.069577
432.12,12913.41,1912.2019,14.354676
243.35999,18533.61,1076.908,5.0251303
397.8,21890.94,1760.3303,7.3383026
205.92,20868.69,911.2298,3.527731
464.87997,32531.91,2057.1702,5.55705
120.119995,14111.4,531.5507,2.9059122
293.28,15133.65,1297.8121,7.8923388
246.48,12568.89,1090.7145,7.998332
14.039999,4918.98,62.129303,0.30969238
223.07999,33524.582,987.1656,2.0533354
1166.88,53179.62,5163.6357,9.068348
82.68,12791.61,365.8726,1.965873
182.51999,15935.79,807.6809,4.255501
563.16,26032.14,2492.0754,8.926569
361.91998,18726.75,1601.5554,7.8680363
282.36,13646.82,1249.4893,8.493994
188.76,18238.68,835.29395,3.748909
157.56,23356.89,697.2289,2.0953388
185.64,21803.94,821.4875,2.9067342
271.44,17941.14,1201.1666,5.942263
138.84,12477.54,614.3898,4.105789
221.51999,19573.26,980.2623,4.1931043
301.08,20012.61,1332.3284,5.9032793
233.99998,16489.11,1035.4884,5.511723
291.72,24144.24,1290.9089,4.5440855
561.6,12641.1,2485.172,19.385412
171.59999,8527.74,759.35815,8.233377
731.63995,15026.64,3237.627,21.341526
262.08,23694.45,1159.747,4.0753326
143.51999,10092.0,635.09955,5.5254793
457.08,30772.77,2022.654,5.815581
351.0,23222.91,1553.2327,5.9353404
511.68,14558.58,2264.268,15.127115
407.15997,18611.041,1801.7498,9.038567
45.239998,5322.66,200.19443,2.9000583
443.03998,19918.65,1960.5247,9.206111
202.79999,13441.5,897.4233,5.9230504
522.6,17136.39,2312.5908,12.993531
60.839996,16545.66,269.227,0.68726146
563.16,36399.06,2492.0754,6.099355
478.91998,42241.11,2119.2996,4.202414
1761.24,16409.94,7793.7764,48.248028
514.8,14219.28,2278.0745,15.612621
34.32,5944.71,151.87163,1.6490726
238.68,14007.87,1056.1981,6.818459
-48.359997,4150.77,-214.00093,-6.3460727
447.71997,41845.26,1981.2344,3.909502
375.96,21350.67,1663.6847,7.0799265
368.15997,12691.561,1629.1683,12.3106365
1978.08,16530.87,8753.329,53.90671
98.28,17307.78,434.90512,1.6055598
1073.2799,13511.97,4749.44,35.447826
-14.039999,5335.71,-62.129303,-2.2074027
205.92,20360.61,911.2298,3.6407166
1120.08,28453.35,4956.5376,17.063124
321.36,19787.28,1422.0707,6.4521737
541.32,33717.72,2395.43,6.3667035
478.91998,41110.98,2119.2996,4.345427
290.16,20770.38,1284.0056,5.4101815
67.079994,15733.08,296.84,0.95639503
129.48,16562.19,572.9702,2.5872543
483.59998,8853.12,2140.0093,24.064968
34.32,16879.74,151.87163,-0.067049146
341.63998,11214.3,1511.813,12.978926
372.84,11511.84,1649.8782,13.861239
742.56,33058.26,3285.95,9.306918
221.51999,18866.82,980.2623,4.3875523
215.28,20955.69,952.64935,3.7138848
574.07996,14164.47,2540.3982,17.597277
302.63998,24124.23,1339.2317,4.756389
280.8,24236.46,1242.586,4.316247
252.71999,19106.07,1118.3274,5.069396
3658.2,18980.791,16188.136,87.43627
26.519999,5800.29,117.35535,1.0979786
63.96,14457.66,283.0335,1.0299611
290.16,9529.98,1284.0056,12.970849
751.92,28482.93,3327.3694,11.11335
-26.519999,3966.33,-117.35535,-4.0680466
219.95999,19640.25,973.3591,4.1389446
1213.6799,47085.27,5370.733,10.827593
141.95999,10131.15,628.1963,5.429608
49.92,5262.63,220.90419,3.3526025
235.56,14060.07,1042.3917,6.6876097
463.31998,16995.45,2050.267,11.5090885
786.24,26855.16,3479.241,12.433979
361.91998,20030.88,1601.5554,7.2906733
636.48,43988.07,2816.5283,5.6393733
458.63998,37841.52,2029.5573,4.561355
131.04,17975.07,579.8735,2.3451111
268.31998,14696.91,1187.36,7.377303
351.0,19404.48,1553.2327,7.300082
6935.76,32388.36,30691.875,97.26127
418.08,23449.98,1850.0726,7.18077
340.08,12672.42,1504.9098,11.31399
132.59999,19474.95,586.77673,2.1242402
140.4,20085.69,621.293,2.207433
210.59999,21406.35,931.9396,3.514327
2644.2,46841.67,11701.019,24.90235
271.44,20813.88,1201.1666,4.9840894
416.52,16473.45,1843.1693,10.601886
180.95999,21566.43,800.7777,2.8501852
1878.24,22235.46,8311.5205,37.759865
321.36,23262.93,1422.0707,5.338765
360.36,12232.2,1594.6521,12.5179
81.119995,14344.561,358.9693,1.5948839
283.91998,14673.42,1256.3926,7.8785467
104.52,23229.871,462.51816,1.0645711
680.16,27676.44,3009.8196,10.276599
179.4,10964.61,793.87445,6.507693
198.12,9621.33,876.7135,8.448665
202.79999,18520.56,897.4233,4.0244794
577.19995,40983.96,2554.2046,5.4623375
661.44,19766.4,2926.9807,14.354658
2464.7998,22058.85,10907.144,50.271503
366.59998,28149.72,1622.2651,4.975794
472.68,15271.11,2091.6865,13.202796
288.59998,18373.53,1277.1023,6.2074385
254.27998,17185.98,1125.2307,5.789146
277.68,5265.24,1228.7795,23.199347
106.079994,14337.6,469.4214,2.3949573
93.6,16207.23,414.19537,1.6499903
569.39996,19702.89,2519.6882,12.260648
-10.92,10908.061,-48.322792,-1.4593592
193.43999,16402.11,856.0037,4.4115767
1154.3999,46555.44,5108.409,10.377926
56.159996,14429.82,248.51721,0.78584373
162.23999,17300.82,717.9386,3.3029714
868.92,37217.73,3845.1135,9.712903
698.88,18537.09,3092.6587,16.29969
279.24,20560.71,1235.6829,5.231847
539.76,27360.63,2388.5266,8.052153
541.32,18128.19,2395.43,12.701778
3577.0798,106355.76,15829.166,14.432807
363.47998,24878.52,1608.4586,5.703988
372.84,25047.3,1649.8782,5.8302855
400.91998,21882.24,1774.1367,7.4070406
326.03998,17353.02,1442.7804,7.6213055
9.36,8559.06,41.419537,-0.49820417
556.92,18786.78,2464.4624,12.6024685
2246.4,24033.75,9940.688,41.88869
260.52,13927.83,1152.8438,7.5829163
611.51996,19924.74,2706.0762,13.083001
112.31999,13309.26,497.03442,2.872402
1360.32,10883.7,6019.639,56.3511
302.63998,32465.791,1339.2317,3.2773776
301.08,20996.58,1332.3284,5.5797677
238.68,17638.38,1056.1981,5.2091846
67.079994,14601.21,296.84,1.1080527
285.47998,7083.54,1263.2958,17.492796
258.96,17840.22,1145.9404,5.660544
433.68,18752.85,1919.1052,9.611564
336.96,10295.58,1491.1033,14.017746
9019.92,43879.32,39914.625,93.32353
276.12,18085.56,1221.8763,6.0055647
416.52,27552.9,1843.1693,5.9365864
533.51996,23340.36,2360.9133,9.488669
255.84,11443.11,1132.134,9.25892
263.63998,18114.27,1166.6503,5.6783276
243.35999,18452.7,1076.908,5.051549
316.68,18587.55,1401.361,6.817641
185.64,19253.97,821.4875,3.4241366
288.59998,20479.8,1277.1023,5.466181
126.35999,14706.48,559.1637,2.9425578
399.36,23325.57,1767.2335,6.856146
502.31998,16327.29,2222.8484,13.117039
957.83997,49168.05,4238.599,7.938965
879.83997,48492.93,3893.4363,7.32535
279.24,7680.36,1235.6829,15.68297
-21.84,5079.93,-96.645584,-2.9727504
751.92,41361.54,3327.3694,7.341655
418.08,21726.51,1850.0726,7.829715
911.04,10810.62,4031.5015,37.6691
268.31998,19233.09,1187.36,5.401492
159.12,14212.32,704.1321,4.137325
301.08,19508.01,1332.3284,6.081841
616.19995,37258.62,2726.786,6.5887833
458.63998,32671.11,2029.5573,5.4414744
149.76,10802.79,662.7126,5.361172
3993.5999,65459.67,17672.336,26.994198
56.159996,22101.48,248.51721,0.16595829
296.4,17250.36,1311.6187,6.884194
542.88,41195.37,2402.3333,5.046899
233.99998,14139.24,1035.4884,6.593938
471.12,15298.95,2084.7834,13.130163
1299.48,13304.91,5750.412,43.816185
258.96,17085.93,1145.9404,5.9545865
229.31999,19796.85,1014.7786,4.315243
595.92,30983.31,2637.0437,7.8254604
296.4,14728.23,1311.6187,8.23432
116.99999,11820.69,517.7442,3.5417194
436.8,27537.24,1932.9116,6.2784595
985.92,13434.54,4362.858,32.67411
324.47998,21287.16,1435.8772,5.9943514
1112.2799,20759.94,4922.0215,23.584723
-17.16,10469.58,-75.935814,-1.7520821
1536.6,17102.46,6799.707,40.226784
971.87994,24308.67,4300.7285,17.345465
663.0,34002.21,2933.8838,7.9471283
344.75998,17196.42,1525.6195,8.199327
26.519999,8972.31,117.35535,0.35627103
15.599999,9361.2,69.03256,-0.23533654
1574.0399,34336.29,6965.3853,20.034863
594.36,53264.88,2630.1406,4.1201878
599.04,14265.39,2650.8503,18.268568
293.28,10804.53,1297.8121,11.455289
-28.079998,6723.36,-124.258606,-2.916408
418.08,29693.1,1850.0726,5.460723
187.2,13279.68,828.39075,5.46838
293.28,13072.62,1297.8121,9.294306
1469.5199,58884.21,6502.8667,10.451276
45.239998,10167.69,200.19443,1.0416324
2801.76,11330.01,12398.248,112.46918
201.23999,15246.75,890.52,5.0563965
101.399994,11609.28,448.71164,3.0078359
5043.48,39362.28,22318.227,57.79323
613.07996,27801.72,2712.9795,9.118653
78.0,15076.23,345.1628,1.3739913
127.92,17418.27,566.067,2.369851
32.76,6325.77,144.96837,1.3763354
402.47998,26611.56,1781.04,5.9398685
112.31999,10767.99,497.03442,3.7862978
497.63998,17961.15,2202.1387,11.713303
516.36,13249.23,2284.9778,16.882952
78.0,11885.07,345.1628,2.0114114
982.8,20616.39,4349.0513,20.874079
911.04,24764.55,4031.5015,15.880459
294.84,14403.72,1304.7155,8.392669
2160.5999,45198.242,9561.009,20.934618
146.64,13899.99,648.90607,3.8407784
775.31995,21243.66,3430.918,15.746687
853.31995,33387.12,3776.0808,10.727629
-20.279999,7548.12,-89.742325,-2.232839
514.8,25939.92,2278.0745,8.106409
358.8,14337.6,1587.7489,10.482944
201.23999,11098.59,890.52,7.3200083
658.31995,16107.18,2913.1738,17.754036
126.35999,23401.26,559.1637,1.4776938
207.48,16893.66,918.13306,4.6354647
56.159996,17446.98,248.51721,0.47701228
424.31998,17042.43,1877.6855,10.424554
176.28,13772.97,780.06793,4.8729014
694.19995,20831.28,3071.9487,14.291352
209.04,17294.73,925.0363,4.546166
3859.44,48963.6,17078.656,35.168312
433.68,19178.28,1919.1052,9.376169
28.079998,10132.89,124.258606,0.27157223
1271.3999,40535.91,5626.1533,13.391946
882.95996,21763.05,3907.243,17.616522
978.11993,15743.5205,4328.3413,27.50805
290.16,16629.18,1284.0056,7.006523
279.24,22856.64,1235.6829,4.6058636
689.51996,24725.4,3051.239,11.796193
49.92,14727.36,220.90419,0.55534565
686.39996,14831.76,3037.4326,20.23547
372.84,18464.88,1649.8782,8.265167
199.68,19431.45,883.61676,3.7152705
1046.76,18825.93,4632.085,24.513378
113.88,14288.01,503.93768,2.657236
365.03998,18560.58,1615.3618,8.024563
207.48,11778.061,918.13306,7.0831327
678.6,37572.69,3002.9163,7.287409
251.15999,17685.36,1111.4242,5.5164914
137.28,15620.85,607.4865,3.0325513
221.51999,18343.95,980.2623,4.541117
101.399994,16408.2,448.71164,1.8356609
1474.2,34262.34,6523.5767,18.743158
210.59999,22944.51,931.9396,3.2116942
232.43999,15646.08,1028.5851,5.816831
421.19998,19544.55,1863.8792,8.888717
4135.56,13930.44,18300.533,135.22185
358.8,21064.44,1587.7489,6.815914
201.23999,8356.35,890.52,10.050323
413.4,11630.16,1829.3629,15.310305
661.44,36837.54,2926.9807,7.23905
21.84,10031.1,96.645584,-0.0009635091
32.76,12187.83,144.96837,0.23337388
53.039997,11122.08,234.7107,1.1882389
43.68,5265.24,193.29117,2.8066392
3502.2,82101.9,15497.81,18.573343
430.56,17669.7,1905.2987,10.181029
141.95999,11380.47,628.1963,4.7237816
62.399998,7726.47,276.13025,2.7057893
375.96,22904.49,1663.6847,6.5317917
326.03998,13121.34,1442.7804,10.401708
210.59999,21138.39,931.9396,3.5715523
363.47998,20557.23,1608.4586,7.1132183
435.24,25787.67,1926.0084,6.74451
2042.0399,20673.81,9036.362,44.323242
221.51999,10504.38,980.2623,8.676533
227.76,7342.8,1007.87537,13.232887
215.28,19641.99,952.64935,4.02916
180.95999,8148.42,800.7777,9.190288
-15.599999,5567.13,-69.03256,-2.2857914
511.68,36026.7,2264.268,5.517053
23.4,4619.7,103.54884,1.3242314
974.99994,10113.75,4314.5347,43.235367
4.68,9306.39,20.709768,-0.7692499
177.84,17346.93,786.9712,3.7041821
574.07996,23403.0,2540.3982,10.255846
132.59999,11945.97,586.77673,4.0933013
209.04,16771.86,925.0363,4.7190704
639.6,25778.97,2830.335,10.384662
148.2,18302.19,655.8093,2.7155442
260.52,10954.17,1152.8438,9.912867
541.32,19974.33,2395.43,11.435382
116.99999,15071.01,517.7442,2.5622203
2210.52,22987.14,9781.914,43.12521
3436.68,25418.791,15207.873,61.038525
249.59999,20552.88,1104.521,4.572488
177.84,20680.77,786.9712,2.9458451
413.4,33618.54,1829.3629,4.6424656
528.83997,12754.2,2340.2036,18.026035
443.03998,19280.94,1960.5247,9.543674
358.8,16508.25,1587.7489,8.973065
-24.96,5511.45,-110.452095,-3.07805
152.87999,22288.53,676.51904,2.1473606
241.79999,17417.4,1070.0046,5.3701577
218.4,16689.21,966.4558,5.0047383
213.71999,11380.47,945.74603,7.6171217
1060.7999,24370.44,4694.214,18.973188
380.63998,13377.99,1684.3944,12.055719
708.24,39346.62,3134.0784,7.2594337
488.27997,29489.52,2160.719,6.597636
215.28,18393.541,952.64935,4.370511
271.44,17385.21,1201.1666,6.1642575
496.08,19020.81,2195.2354,10.967404
135.72,22116.27,600.5833,1.8158484
338.52,33401.04,1498.0066,3.6505213
1140.36,25564.95,5046.2803,19.467949
361.91998,29740.95,1601.5554,4.5838666
9.36,4636.23,41.419537,-0.07362217
388.43997,13500.66,1718.9106,12.202195
162.23999,16862.34,717.9386,3.414864
146.64,10864.561,648.90607,5.193235
1165.32,13280.55,5156.732,39.263023
196.56,14431.561,869.81024,5.249699
113.88,19186.11,503.93768,1.7235653
149.76,13230.96,662.7126,4.193758
138.84,8663.46,614.3898,6.353608
390.0,20106.57,1725.8141,7.900285
355.68,21939.66,1573.9424,6.4388676
260.52,21778.71,1152.8438,4.4889107
349.44,24796.74,1546.3293,5.4662914
425.87997,24513.121,1884.5889,6.9719744
560.04,32157.81,2478.2688,6.9911594
118.56,12988.23,524.64746,3.1885672
613.07996,29570.43,2712.9795,8.513422
1216.7999,39606.75,5384.5396,13.097017
371.28,14978.79,1642.975,10.373709
185.64,14026.14,821.4875,5.0731034
244.92,13243.14,1083.8112,7.486147
195.0,11857.23,862.90704,6.5462055
539.76,18002.041,2388.5266,12.758029
243.35999,17407.83,1076.908,5.4147806
371.28,6907.8,1642.975,23.662613
121.67999,13136.13,538.454,3.2503924
92.03999,15158.01,407.29208,1.786196
591.24,38081.64,2616.334,6.1240244
265.19998,26568.06,1173.5535,3.5802684
21.84,6399.72,96.645584,0.5659176
970.31995,16185.48,4293.825,26.508484
318.24,20760.81,1408.2642,6.0337625
216.84,16601.34,959.5526,4.9934034
-10.92,11014.2,-48.322792,-1.4549325
148.2,16731.84,655.8093,3.0642629
804.95996,23777.97,3562.08,14.533766
851.75995,42951.9,3769.1777,8.099387
544.44,24825.45,2409.2363,9.063063
151.31999,13777.32,669.61584,4.039748
698.88,21028.77,3092.6587,14.249866
444.59998,18600.6,1967.4279,9.967806
4304.04,66323.58,19046.084,28.77732
113.88,10647.06,503.93768,3.9078927
939.12,48583.41,4155.7603,7.869729
184.07999,13377.12,814.58417,5.314242
1789.32,40209.66,7918.0347,19.419018
354.12,15894.03,1567.0392,9.223361
210.59999,12171.3,931.9396,6.9396014
276.12,50883.69,1221.8763,1.4899838
116.99999,9964.11,517.7442,4.3879633
297.96,18310.02,1318.5219,6.4670043
1118.52,37308.21,4949.635,12.756774
728.51996,15932.311,3223.8206,19.981667
974.99994,18143.85,4314.5347,23.657692
316.68,16792.74,1401.361,7.6531916
43.68,21379.38,193.29117,-0.06251407
1485.12,21821.34,6571.9,30.228952
62.399998,21422.01,276.13025,0.33660054
269.88,21125.34,1194.2633,4.861979
851.75995,37043.73,3769.1777,9.550664
28.079998,9736.17,124.258606,0.323385
11383.319,18224.76,50373.06,285.6054
535.07996,23263.8,2367.8167,9.553956
1483.5599,21408.96,6564.9966,30.797049
5781.36,20817.36,25583.467,126.43292
271.44,17274.72,1201.1666,6.21008
884.51996,31573.17,3914.146,11.854841
953.16,27765.18,4217.8896,14.752251
421.19998,20746.89,1863.8792,8.315639
176.28,12434.04,780.06793,5.5053105
496.08,20984.4,2195.2354,9.8475685
360.36,23728.38,1594.6521,5.968603
93.6,14907.45,414.19537,1.881043
56.159996,8493.81,248.51721,2.033904
187.2,15085.8,828.39075,4.6939645
4.68,11543.16,20.709768,-0.8139634
288.59998,18537.96,1277.1023,6.1435094
258.96,18160.38,1145.9404,5.543121
251.15999,39731.16,1111.4242,1.9006577
1519.44,19235.7,6723.7715,35.245396
283.91998,25032.51,1256.3926,4.204378
332.28,21495.09,1470.3936,6.0932
363.47998,27117.03,1608.4586,5.150574
54.6,13484.13,241.61395,0.8580054
539.76,18393.541,2388.5266,12.465194
312.0,19647.21,1380.6512,6.286701
882.95996,44182.95,3907.243,8.169878
921.95996,41372.85,4079.8242,9.225249
488.27997,17345.19,2160.719,11.917163
645.83997,27257.97,2857.948,9.871981
438.36,21989.25,1939.815,8.147402
464.87997,42093.21,2057.1702,4.0676436
156.0,19669.83,690.3256,2.639161
23.4,4829.37,103.54884,1.2233233
154.43999,20401.5,683.4223,2.473561
361.91998,18401.37,1601.5554,8.024844
517.92,22829.67,2291.8809,9.409749
115.439995,16302.93,510.84094,2.2491362
379.08,19152.18,1677.4912,8.082176
177.84,14523.78,786.9712,4.618586
188.76,22573.02,835.29395,2.837051
-82.68,4572.72,-365.8726,-9.296657
1322.88,24129.45,5853.9614,24.156506
143.51999,17839.35,635.09955,2.6915665
400.91998,25000.32,1774.1367,6.358502
603.72,22538.22,2671.56,11.291169
90.479996,11742.39,400.38885,2.5356834
935.99994,23246.4,4141.9536,17.475552
719.16,21846.57,3182.401,14.104958
73.32,11043.78,324.45303,2.046365
177.84,15854.01,786.9712,4.147159
6158.88,21236.7,27254.055,132.07362
361.91998,27411.96,1601.5554,5.0582857
294.84,17617.5,1304.7155,6.6792607
351.0,17712.33,1553.2327,8.093032
304.19998,31963.8,1346.1349,3.3669481
457.08,27838.26,2022.654,6.5340314
2700.3599,26515.86,11949.536,45.72972
79.56,10955.04,352.06604,2.332407
124.799995,8445.96,552.2605,5.780205
644.27997,15552.12,2851.0447,18.009132
112.31999,19260.06,497.03442,1.675942
93.6,6575.46,414.19537,5.5317116
1478.88,46901.7,6544.287,13.468438
393.12,22152.81,1739.6205,7.1427956
168.48,28152.33,745.55164,1.7460678
15.599999,6209.19,69.03256,0.15283442
280.8,25071.66,1242.586,4.1391497
166.92,18418.77,738.6484,3.1583881
154.43999,19089.541,683.4223,2.7122872
173.15999,16769.25,766.2614,3.7381763
741.0,8679.99,3279.0466,38.172047
229.31999,20209.23,1014.7786,4.2067823
109.2,15199.7705,483.2279,2.2965744
-29.64,6395.37,-131.16187,-3.1266193
190.31999,12907.32,842.1972,5.7659
347.87997,23528.28,1539.426,5.7844796
106.079994,15285.9,469.4214,2.1843421
223.07999,23190.72,987.1656,3.4139118
135.72,14187.09,600.5833,3.3896294
193.43999,19201.77,856.0037,3.6225572
616.19995,21828.3,2726.786,11.953257
433.68,16596.12,1919.1052,10.990578
54.6,12313.98,241.61395,1.0345645
152.87999,16157.64,676.51904,3.3416014
1433.6399,32535.39,6344.092,19.219076
198.12,15338.1,876.7135,4.9269876
1288.5599,24244.291,5702.0894,23.387787
246.48,16901.49,1090.7145,5.6916614
65.52,8253.69,289.93674,2.6425283
322.91998,13090.0205,1428.974,10.319621
608.39996,18945.99,2692.2698,13.734965
535.07996,18380.49,2367.8167,12.357921
251.15999,19284.42,1111.4242,4.9761453
380.63998,21990.121,1684.3944,6.942625
1065.48,21442.89,4714.924,21.80023
684.83997,27388.47,3030.5293,10.47357
135.72,25734.6,600.5833,1.4199352
322.91998,32130.84,1428.974,3.6115842
159.12,21992.73,704.1321,2.3198836
814.31995,27565.08,3603.4995,12.555424
393.12,28069.68,1739.6205,5.426358
634.92,18289.14,2809.6252,14.929531
227.76,12183.48,1007.87537,7.5779467
506.99997,20805.18,2243.558,10.181851
257.4,27553.77,1139.0372,3.286519
783.12,36512.16,3465.4346,8.841653
349.44,16727.49,1546.3293,8.585595
1141.9199,52949.94,5053.183,8.8957205
141.95999,12447.96,628.1963,4.2329316
354.12,21890.07,1567.0392,6.423019
427.43997,21888.33,1891.4921,7.960655
6.24,10071.12,27.613024,-0.71569526
87.36,6973.05,386.58234,4.7486663
218.4,14348.91,966.4558,5.984108
262.08,25591.92,1159.747,3.6990304
195.0,16384.71,862.90704,4.461012
1418.0399,12843.811,6275.0596,49.660778
561.6,15372.03,2485.172,15.763824
213.71999,24381.75,945.74603,3.0221434
67.079994,7440.24,296.84,3.136979
716.04,26390.58,3168.5945,11.449893
59.28,13998.3,262.32373,0.9431672
517.92,16938.9,2291.8809,13.029904
650.51996,17511.36,2878.6577,16.045826
1021.8,33782.97,4521.633,12.87859
1369.6799,47892.63,6061.0586,12.122835
900.12,25748.52,3983.1787,15.040777
20.279999,8593.86,89.742325,0.08282161
909.48,44388.27,4024.5984,8.401609
221.51999,20015.22,980.2623,4.078434
143.51999,12948.21,635.09955,4.0860424
229.31999,20904.36,1014.7786,4.033642
118.56,15840.96,524.64746,2.434266
-18.72,8805.2705,-82.83907,-1.9755294
315.12,24725.4,1394.4578,4.8480344
658.31995,29834.91,2913.1738,9.124872
34.32,9795.33,151.87163,0.60770166
-23.4,14468.1,-103.54884,-1.7421329
1023.36,20337.12,4528.536,22.089594
140.4,14078.34,621.293,3.5760727
453.96,20181.39,2008.8475,9.321523
59.28,11447.46,262.32373,1.3761635
187.2,18201.27,828.39075,3.7193418
1324.44,20752.11,5860.8643,28.28514
326.03998,26763.81,1442.7804,4.58985
180.95999,22827.93,800.7777,2.6374187
-6.24,8371.14,-27.613024,-1.3420403
-28.079998,8358.09,-124.258606,-2.5415845
469.56,18013.35,2077.8801,10.961177
163.79999,11964.24,724.84186,5.282117
170.04,14207.97,752.4549,4.4915676
196.56,11618.85,869.81024,6.762637
251.15999,8379.84,1111.4242,12.752828
730.07996,29196.33,3230.7236,10.474121
165.36,14114.01,731.7452,4.375976
489.84,18243.03,2167.6223,11.320676
439.91998,21926.61,1946.7181,8.20618
95.159996,10496.55,421.0986,3.1599212
285.47998,7333.23,1263.2958,16.863132
755.04,15782.67,3341.1758,20.951628
857.99994,36687.9,3796.7905,9.731037
143.51999,17761.05,635.09955,2.7078402
17.16,5884.68,75.935814,0.33804786
265.19998,15106.68,1173.5535,7.0553007
410.28,30245.55,1815.5564,5.2243805
70.2,13236.18,310.6465,1.4336143
288.59998,22300.71,1277.1023,4.9382005
201.23999,25057.74,890.52,2.6851034
895.43994,49663.95,3962.4688,7.27318
333.84,11999.91,1477.2968,11.765494
151.31999,17896.77,669.61584,2.8797073
611.51996,20738.19,2706.0762,12.5306
296.4,15701.76,1311.6187,7.6617794
3300.96,23797.98,14607.29,62.646923
182.51999,16897.14,807.6809,3.9564924
191.87999,17389.56,849.10046,4.063122
455.52,12568.0205,2015.7507,15.63098
145.08,12191.311,642.0028,4.460525
316.68,15483.39,1401.361,8.384948
898.55994,29147.61,3976.2754,13.145601
581.88,33470.64,2574.9146,6.9771304
-1.56,5211.3,-6.903256,-1.1373585
316.68,24748.89,1401.361,4.8714066
-46.8,6704.22,-207.09769,-4.203132
129.48,15415.53,572.9702,2.8540866
201.23999,17457.42,890.52,4.289462
900.12,28194.96,3983.1787,13.648938
1691.0399,36992.4,7483.1294,19.975805
268.31998,17850.66,1187.36,5.897251
2338.44,21779.58,10347.98,48.266758
351.0,28708.26,1553.2327,4.6101894
354.12,23346.45,1567.0392,5.959963
514.8,25170.84,2278.0745,8.38465
265.19998,15172.8,1173.5535,7.020197
219.95999,22014.48,973.3591,3.5847168
294.84,11640.6,1304.7155,10.6222
517.92,17192.94,2291.8809,12.822602
78.0,13388.43,345.1628,1.6732664
235.56,19567.17,1042.3917,4.5239635
84.24,9056.7,372.77582,3.268012
600.6,26808.18,2657.7534,9.28005
1492.9199,26718.57,6606.416,24.63897
1446.12,18221.28,6399.3184,35.41688
235.56,19988.25,1042.3917,4.4075937
1118.52,39051.69,4949.635,12.142596
67.079994,10383.45,296.84,1.964344
586.56,18333.51,2595.6243,13.680609
307.31998,11455.29,1359.9414,11.310112
597.48,17865.45,2643.947,14.345699
737.87994,14569.89,3265.24,22.238428
432.12,36460.832,1912.2019,4.438198
405.59998,21764.791,1794.8466,7.551075
265.19998,13543.29,1173.5535,7.985176
672.36,15029.25,2975.3035,19.527773
845.51996,41450.28,3741.5647,8.359953
386.87997,15570.39,1712.0074,10.401292
728.51996,21463.77,3223.8206,14.574451
1932.84,19729.86,8553.134,43.952015
1491.36,12099.96,6599.5127,55.555626
542.88,39254.4,2402.3333,5.345894
1012.43994,16436.91,4480.213,27.263525
1294.7999,25919.91,5729.702,21.92168
193.43999,13666.83,856.0037,5.49465
352.56,15438.15,1560.1359,9.478884
224.63998,9160.23,994.06885,10.252731
388.43997,23655.3,1718.9106,6.5348167
319.8,41697.36,1415.1675,2.519226
207.48,16647.45,918.13306,4.7188115
521.04,23989.38,2305.6875,8.966193
182.51999,9256.8,807.6809,8.047463
547.56,12165.21,2423.043,19.653297
145.08,17171.19,642.0028,2.8768988
51.48,17408.7,227.80745,0.3569051
3737.7598,25056.0,16540.201,67.45055
399.36,27580.74,1767.2335,5.644096
226.2,20428.47,1000.9721,4.0808225
93.6,18925.98,414.19537,1.2693148
226.2,21074.88,1000.9721,3.924983
185.64,16542.18,821.4875,4.1493936
1909.44,25805.94,8449.585,32.951862
291.72,16136.76,1290.9089,7.295205
365.03998,23772.75,1615.3618,6.045929
513.24,15419.01,2271.1711,14.273594
37.44,4845.03,165.67815,2.5458198
458.63998,24209.49,2029.5573,7.692878
185.64,15592.14,821.4875,4.46315
126.35999,20645.1,559.1637,1.8084705
687.95996,20394.541,3044.3357,14.478415
329.15997,15777.45,1456.5869,8.572988
388.43997,32421.42,1718.9106,4.4975495
1076.3999,34195.35,4763.246,13.443878
99.84,9707.46,441.80838,3.7192855
531.95996,24078.121,2354.0103,9.137565
-6.24,13178.76,-27.613024,-1.2172637
1570.9199,18668.46,6951.5786,37.612045
115.439995,11992.95,510.84094,3.416798
572.51996,42038.4,2533.4949,5.2491612
494.52,23878.02,2188.3323,8.503046
79.56,20670.33,352.06604,0.76613796
177.84,11778.93,786.9712,5.927889
400.91998,36306.84,1774.1367,4.066949
430.56,20508.51,1905.2987,8.633339
131.04,15877.5,579.8735,2.7870321
90.479996,17918.52,400.38885,1.3170092
636.48,23923.26,2816.5283,11.207919
394.68,24655.8,1746.5238,6.3451943
616.19995,35602.14,2726.786,6.94187
279.24,24304.32,1235.6829,4.2719517
578.75995,26988.27,2561.108,8.840127
411.84,22296.36,1822.4596,7.475627
329.15997,24883.74,1456.5869,5.06972
131.04,10968.09,579.8735,4.48214
424.31998,31318.26,1877.6855,5.2168894
87.36,11517.93,386.58234,2.48029
322.91998,15110.16,1428.974,8.806253
322.91998,11049.0,1428.974,12.410632
461.75998,12622.83,2043.3638,15.785599
116.99999,23339.49,517.7442,1.3002326
550.68,19217.43,2436.8494,12.148653
569.39996,17918.52,2519.6882,13.581176
890.75995,21412.44,3941.759,18.0885
351.0,19192.2,1553.2327,7.3918877
230.87999,11207.34,1021.6819,8.452812
335.4,34284.09,1484.2001,3.4889803
196.56,18567.541,869.81024,3.8575583
84.24,17058.09,372.77582,1.2660277
184.07999,14681.25,814.58417,4.7533503
104.52,20945.25,462.51816,1.2897661
312.0,33699.45,1380.6512,3.2482405
110.759995,5916.0,490.13116,7.590769
391.56,14647.32,1732.7173,11.266408
65.52,10357.35,289.93674,1.9027021
446.15997,37436.97,1974.3312,4.4684873
550.68,23043.69,2436.8494,9.965402
421.19998,40856.07,1863.8792,3.7305217
945.36,20580.72,4183.373,20.077248
143.51999,15680.01,635.09955,3.1999426
1048.32,15963.63,4638.988,29.132797
57.719997,5560.17,255.42047,3.7633834
405.59998,28063.59,1794.8466,5.6318088
224.63998,16158.51,994.06885,5.3791533
375.96,22105.83,1663.6847,6.803907
304.19998,15072.75,1346.1349,8.260703
2282.28,18156.9,10099.464,56.677242
-7.7999997,7764.75,-34.51628,-1.46094
196.56,19806.42,869.81024,3.553721
285.47998,18015.96,1263.2958,6.271023
892.31995,31786.32,3948.6624,11.881239
107.64,16282.92,476.32468,2.0333233
485.15997,38334.81,2146.9126,4.807229
223.07999,15981.9,987.1656,5.4048576
268.31998,13980.9,1187.36,7.8063335
205.92,8667.81,911.2298,9.901002
134.15999,17625.33,593.68,2.4927142
915.72,68087.07,4052.2112,5.1712804
254.27998,21284.55,1125.2307,4.4818225
1272.96,23100.24,5633.0566,24.28573
3073.2,21167.1,13599.414,65.62032
137.28,12505.38,607.4865,4.037182
663.0,20863.47,2933.8838,13.581569
145.08,16015.83,642.0028,3.1565723
237.12,20110.05,1049.2949,4.410436
773.75995,35078.4,3424.015,9.121474
386.87997,20333.64,1712.0074,7.730485
106.079994,12490.59,469.4214,2.8969767
619.32,20214.45,2740.5928,13.058225
600.6,35047.082,2657.7534,6.8634057
302.63998,20598.12,1339.2317,5.7418027
191.87999,6420.6,849.10046,12.712963
107.64,12638.49,476.32468,2.9080107
868.92,22707.871,3845.1135,16.558226
11080.68,48240.63,49033.83,104.3976
302.63998,31217.34,1339.2317,3.4484396
-9.36,4837.2,-41.419537,-1.8878899
803.39996,15729.6,3555.1768,22.436428
-4.68,5191.29,-20.709768,-1.4136641
213.71999,23290.77,945.74603,3.2105474
517.92,26313.15,2291.8809,8.03165
703.56,17046.78,3113.3684,17.938086
703.56,19585.44,3113.3684,15.483334
121.67999,14028.75,538.454,2.9799488
1112.2799,18368.31,4922.0215,26.785753
45.239998,6230.94,200.19443,2.33155
372.84,13479.78,1649.8782,11.691617
474.24,17365.2,2098.5898,11.531287
603.72,16608.3,2671.56,15.679676
708.24,20498.94,3134.0784,14.853544
59.28,12558.45,262.32373,1.1659548
159.12,11966.85,704.1321,5.1012974
1241.76,24741.06,5494.992,22.030144
310.44,22492.11,1373.748,5.333223
124.799995,13163.97,552.2605,3.3501573
-14.039999,12219.15,-62.129303,-1.5272338
486.71997,11419.62,2153.816,18.557116
223.07999,9621.33,987.1656,9.639049
34.32,6373.62,151.87163,1.4708042
669.24,9838.83,2961.4968,30.211576
191.87999,7374.99,849.10046,10.938383
85.799995,8412.9,379.67908,3.6797085
238.68,18424.86,1056.1981,4.9441404
2483.52,22187.61,10989.984,50.361115
280.8,18706.74,1242.586,5.887732
88.92,10645.32,393.4856,2.8328161
1054.5599,13216.17,4666.601,35.613644
1443.0,21588.18,6385.512,29.670975
1380.6,47135.73,6109.382,12.439864
67.079994,8044.02,296.84,2.82646
301.08,13163.1,1332.3284,9.495448
219.95999,15175.41,973.3591,5.6509013
235.56,21143.61,1042.3917,4.1121044
503.87997,13355.37,2229.7517,16.312048
31.199999,18516.21,138.06512,-0.22682154
422.75998,15364.2,1870.7823,11.625867
115.439995,16850.16,510.84094,2.1436164
1530.36,31346.97,6772.094,21.401407
4793.88,96788.37,21213.705,21.726955
435.24,39446.67,1926.0084,4.062857
642.72,23463.9,2844.1414,11.568946
71.759995,13128.3,317.54977,1.5081367
12.48,8075.34,55.226048,-0.29086155
187.2,10889.79,828.39075,6.8879404
1999.9199,24493.98,8849.974,36.46541
163.79999,14689.08,724.84186,4.116778
110.759995,15760.05,490.13116,2.2247987
76.439995,5875.98,338.25952,4.96922
304.19998,17915.041,1346.1349,6.791456
24.96,4122.93,110.452095,1.7778952
143.51999,26156.55,635.09955,1.5177302
174.72,16748.37,773.1647,3.7868233
63.96,9066.2705,283.0335,2.237107
312.0,12080.82,1380.6512,10.850467
255.84,18125.58,1132.134,5.4767003
171.59999,20622.48,759.35815,2.8181558
569.39996,22578.24,2519.6882,10.571898
307.31998,23958.93,1359.9414,4.8857346
322.91998,24303.45,1428.974,5.096833
216.84,20378.01,959.5526,3.8826423
770.63995,13058.7,3410.2083,26.078764
93.6,10733.19,414.19537,3.0015135
396.24,17889.81,1753.427,9.163185
338.52,27605.1,1498.0066,4.62694
1204.32,31968.15,5329.3135,16.286283
488.27997,11276.94,2160.719,18.868034
449.27997,22926.24,1988.1377,7.9921074
241.79999,14593.38,1070.0046,6.602872
23.4,14647.32,103.54884,-0.2669477
148.2,15653.04,655.8093,3.34437
310.44,7404.57,1373.748,18.237787
45.239998,6480.63,200.19443,2.2031896
336.96,20311.02,1491.1033,6.61244
196.56,20003.91,869.81024,3.5087638
204.35999,15888.811,904.3265,4.9017625
783.12,43772.31,3465.4346,7.2093
187.2,15232.83,828.39075,4.6390057
290.16,26187.871,1284.0056,4.084106
530.39996,38242.59,2347.107,5.364048
165.36,14488.11,731.7452,4.237162
386.87997,24647.97,1712.0074,6.2023187
589.68,15268.5,2609.431,16.72137
174.72,19796.85,773.1647,3.0497088
422.75998,21049.65,1870.7823,8.215656
221.51999,12324.42,980.2623,7.247526
273.0,23423.01,1208.0698,4.3480716
204.35999,17476.56,904.3265,4.365586
700.44,29368.59,3099.562,9.943724
517.92,44316.06,2291.8809,4.362642
744.12,44990.31,3292.8533,6.5892925
312.0,8675.64,1380.6512,15.501764
233.99998,19959.541,1035.4884,4.379508
375.96,17880.24,1663.6847,8.648184
1028.0399,66523.68,4549.2456,6.0910573
366.59998,20688.6,1622.2651,7.1308994
449.27997,4825.89,1988.1377,41.71859
159.12,14010.48,704.1321,4.211335
3626.9998,34420.68,16050.069,47.350986
920.39996,28643.88,4072.921,13.744227
992.16,13793.85,4390.4707,32.004524
374.4,21587.31,1656.7815,6.9581947
182.51999,10184.22,807.6809,7.2235613
13944.84,86725.08,61708.207,72.781265
294.84,20993.1,1304.7155,5.444469
143.51999,13686.84,635.09955,3.8115664
433.68,30107.22,1919.1052,5.609612
358.8,22149.33,1587.7489,6.433085
18.72,13463.25,82.83907,-0.36198163
1116.96,21896.16,4942.7314,22.407064
252.71999,23432.58,1118.3274,3.9487638
555.36,29471.25,2457.559,7.646758
542.88,38299.14,2402.3333,5.5041733
235.56,13018.68,1042.3917,7.302558
39.0,14181.87,172.5814,0.2618519
755.04,29534.76,3341.1758,10.730425
419.63998,14901.36,1856.9758,11.921955
237.12,18712.83,1049.2949,4.8144145
84.24,6913.02,372.77582,4.591493
266.75998,21970.11,1180.4567,4.571418
906.36,43682.7,4010.7917,8.520693
1730.0399,30880.65,7655.711,24.706738
407.15997,16484.76,1801.7498,10.333387
246.48,17059.83,1090.7145,5.629553
692.63995,20507.64,3065.0457,14.497767
2578.68,67331.04,11411.082,16.573545
354.12,19717.68,1567.0392,7.2408485
43.68,12263.5205,193.29117,0.63434863
486.71997,12104.311,2153.816,17.450851
687.95996,22708.74,3044.3357,12.901042
73.32,13075.23,324.45303,1.5730627
457.08,26648.97,2022.654,6.8702593
93.6,14793.48,414.19537,1.9032388
388.43997,8378.97,1718.9106,20.27211
2009.2799,22417.291,8891.394,40.127712
1834.5599,52246.98,8118.229,15.111946
313.56,12695.91,1387.5544,10.332718
177.84,17227.74,786.9712,3.7367277
380.63998,23088.93,1684.3944,6.5646334
149.76,14710.83,662.7126,3.67128
297.96,23356.89,1318.5219,4.8535614
794.04,16898.01,3513.7573,20.561754
218.4,10999.41,966.4558,8.110884
313.56,16911.93,1387.5544,7.507555
2577.1199,41054.43,11404.179,27.803938
313.56,21415.92,1387.5544,5.7183275
489.84,34291.92,2167.6223,5.5545015
218.4,21997.08,966.4558,3.5558023
277.68,21317.61,1228.7795,4.977001
563.16,28210.621,2492.0754,8.16002
340.08,16551.75,1504.9098,8.427888
131.04,12003.39,579.8735,4.009302
160.68,17311.26,711.03534,3.259027
241.79999,13846.92,1070.0046,7.0127277
254.27998,29622.63,1125.2307,2.938817
131.04,9760.53,579.8735,5.160383
411.84,17085.06,1822.4596,10.060869
769.07996,23349.06,3403.3052,14.113997
307.31998,13846.92,1359.9414,9.183918
29.64,6160.47,131.16187,1.2077079
70.2,8639.1,310.6465,2.7286007
316.68,10895.88,1401.361,12.336308
124.799995,18552.75,552.2605,2.0866227
421.19998,17778.45,1863.8792,9.871057
5065.32,31616.67,22414.871,72.51366
491.4,26247.03,2174.5256,7.5907726
578.75995,25359.63,2561.108,9.472077
502.31998,16413.42,2222.8484,13.042959
402.47998,24602.73,1781.04,6.506513
1547.5199,16670.94,6848.03,41.59449
366.59998,28020.96,1622.2651,5.0032535
798.72,20137.02,3534.467,17.20022
868.92,33045.21,3845.1135,11.065589
530.39996,18476.19,2347.107,12.172504
110.759995,13090.0205,490.13116,2.882575
1834.5599,17500.92,8118.229,47.100357
332.28,24806.31,1470.3936,5.1463785
90.479996,15739.17,400.38885,1.6378374
677.04,21996.21,2996.0132,13.123546
1560.0,21201.9,6903.2563,32.761917
184.07999,21325.44,814.58417,2.9608269
307.31998,31718.46,1359.9414,3.4458618
54.6,2992.8,241.61395,7.3712864
60.839996,7681.23,269.227,2.6344252
85.799995,12509.73,379.67908,2.1471438
308.87997,21233.22,1366.8446,5.674998
70.2,8439.0,310.6465,2.8170106
157.56,19561.08,697.2289,2.695987
343.19998,12478.41,1518.7163,11.620172
224.63998,20719.05,994.06885,3.975016
68.64,12403.59,303.74326,1.5392597
-24.96,7970.94,-110.452095,-2.436853
174.72,11169.061,773.1647,6.177996
3247.92,26061.72,14372.579,56.184658
171.59999,14267.13,759.35815,4.5189686
1494.48,17674.05,6613.3193,37.79996
1535.0399,23001.06,6792.8037,29.623095
386.87997,9645.69,1712.0074,17.404337
12.48,10227.72,55.226048,-0.44009668
388.43997,12130.41,1718.9106,13.693514
273.0,21148.83,1208.0698,4.9231615
280.8,19325.31,1242.586,5.667268
667.68,16817.97,2954.5935,17.216797
385.31998,22989.75,1705.1041,6.690676
76.439995,14162.73,338.25952,1.4765718
1099.7999,24034.621,4866.7954,19.996828
227.76,21843.09,1007.87537,3.784545
833.04,16305.54,3686.3386,22.442715
226.2,8746.11,1000.9721,10.867382
375.96,20555.49,1663.6847,7.392494
449.27997,11582.311,1988.1377,16.799145
177.84,22986.27,786.9712,2.5500805
288.59998,12485.37,1277.1023,9.606502
277.68,8927.94,1228.7795,13.271532
205.92,18666.72,911.2298,4.0618324
661.44,17995.95,2926.9807,15.865257
299.52,11406.57,1325.4252,11.048917
249.59999,16824.06,1104.521,5.8075533
229.31999,14622.09,1014.7786,6.196308
536.63995,15392.04,2374.72,14.997942
-6.24,8830.5,-27.613024,-1.3242474
149.76,15201.51,662.7126,3.5204992
98.28,7958.7603,434.90512,4.6662664
467.99997,41967.06,2070.9768,4.11699
177.84,17871.541,786.9712,3.566093
62.399998,12199.14,276.13025,1.3471057
1396.2,45814.2,6178.414,12.983787
2123.16,20230.98,9395.331,47.15518
344.75998,38569.71,1525.6195,3.1015472
310.44,20777.34,1373.748,5.8559084
227.76,19647.21,1007.87537,4.3192916
555.36,17567.041,2457.559,13.506186
-48.359997,5025.99,-214.00093,-5.4151134
564.72,42226.32,2498.9785,5.1365905
210.59999,17679.27,931.9396,4.466021
241.79999,21263.67,1070.0046,4.217895
294.84,15693.061,1304.7155,7.620968
1964.0399,17734.08,8691.199,49.818157
2452.3198,62055.36,10851.918,17.133226
262.08,22855.77,1159.747,4.261569
814.31995,32985.18,3603.4995,10.328007
252.71999,23558.73,1118.3274,3.9222646
533.51996,19549.77,2360.9133,11.522363
578.75995,9904.08,2561.108,25.814001
686.39996,23126.34,3037.4326,12.619076
1625.5199,36439.95,7193.1924,19.468773
1018.68,22501.68,4507.826,19.773043
56.159996,17308.65,248.51721,0.48881638
9.36,5578.44,41.419537,-0.2300893
494.52,24191.22,2188.3323,8.380012
907.92,22600.86,4017.695,17.433165
168.48,17353.89,745.55164,3.4548054
42.12,6123.93,186.38791,2.1559882
-24.96,7431.54,-110.452095,-2.5411434
1550.6399,13049.13,6861.836,53.52638
340.08,14588.16,1504.9098,9.6968975
20.279999,10655.76,89.742325,-0.12670541
257.4,20320.59,1139.0372,4.8123198
49.92,14600.34,220.90419,0.56887686
661.44,26037.36,2926.9807,10.65657
79.56,15099.72,352.06604,1.4177041
190.31999,16831.02,842.1972,4.1886125
137.28,9307.26,607.4865,5.7680364
2191.7998,28243.68,9699.074,34.60876
365.03998,22408.59,1615.3618,6.4748616
304.19998,10644.45,1346.1349,12.1133375
326.03998,19205.25,1442.7804,6.789833
230.87999,18327.42,1021.6819,4.780458
672.36,27699.06,2975.3035,10.138177
1496.0399,24191.22,6620.222,27.37675
60.839996,9062.79,269.227,2.0803819
332.28,29946.27,1470.3936,4.091418
761.27997,17936.791,3368.7888,18.474976
112.31999,15412.92,497.03442,2.3438704
159.12,14316.72,704.1321,4.0998626
594.36,16480.41,2630.1406,15.548508
269.88,14148.811,1194.2633,7.7524176
195.0,12521.91,862.90704,6.145643
792.48,21572.52,3506.854,15.856394
758.16,20768.64,3354.9824,15.750587
407.15997,18209.1,1801.7498,9.260155
329.15997,11505.75,1456.5869,12.127117
1171.5599,32504.07,5184.345,15.538801
872.04,24918.541,3858.9202,15.057985
90.479996,11239.53,400.38885,2.693871
71.759995,9429.93,317.54977,2.4918153
102.96,13603.32,455.6149,2.4729688
862.68,18116.88,3817.5007,20.849604
170.04,15447.72,752.4549,4.050844
321.36,21069.66,1422.0707,5.998606
3988.92,19081.71,17651.625,94.92134
205.92,19957.8,911.2298,3.7343798
148.2,16247.25,655.8093,3.1854835
1338.48,22098.0,5922.9937,26.793049
-23.4,2960.61,-103.54884,-4.6267023
216.84,7512.45,959.5526,12.244484
411.84,31117.291,1822.4596,5.07301
633.36,12742.89,2802.722,21.80657
405.59998,21372.42,1794.8466,7.708062
113.88,17569.65,503.93768,1.9741411
1146.6,8114.49,5073.893,63.837753
106.079994,14401.98,469.4214,2.379781
371.28,13993.95,1642.975,11.174147
528.83997,13552.86,2340.2036,16.904844
510.12,8526.87,2257.3647,26.451113
10.92,11250.84,48.322792,-0.5546362
282.36,17940.27,1249.4893,6.2218995
71.759995,10155.51,317.54977,2.2423358
263.63998,25818.121,1166.6503,3.685586
166.92,10556.58,738.6484,6.255417
134.15999,14153.16,593.68,3.3495755
455.52,16724.01,2015.7507,11.498109
393.12,15115.38,1739.6205,10.933926
859.56,36534.78,3803.694,9.795605
363.47998,9654.39,1608.4586,16.275593
346.31998,11531.85,1532.5228,12.7802105
221.51999,16338.6,980.2623,5.221217
4182.36,22425.99,18507.629,84.57503
485.15997,15677.4,2146.9126,13.199995
257.4,14318.46,1139.0372,7.2487755
1042.08,16452.57,4611.375,28.063274
307.31998,21508.14,1359.9414,5.556397
508.55997,36347.73,2250.4614,5.4201055
257.4,21526.41,1139.0372,4.4867377
815.87994,27745.17,3610.4028,12.493237
414.96,26661.15,1836.2661,6.1417494
79.56,8661.72,352.06604,3.2147121
-59.28,7107.0303,-262.32373,-4.827342
492.96,9840.57,2181.429,21.986279
168.48,15060.57,745.55164,4.133153
274.56,37052.43,1214.973,2.400148
296.4,18812.88,1311.6187,6.229365
198.12,21783.06,876.7135,3.173368
414.96,16362.09,1836.2661,10.637098
444.59998,22171.08,1967.4279,8.201526
273.0,16476.93,1208.0698,6.6026263
322.91998,24504.42,1428.974,5.04683
274.56,18633.66,1214.973,5.761084
4850.04,22622.61,21462.225,97.37391
413.4,13397.13,1829.3629,13.15911
148.2,14790.0,655.8093,3.597876
92.03999,9648.3,407.29208,3.3772674
411.84,19789.89,1822.4596,8.549099
127.92,14193.18,566.067,3.1355762
37.44,10464.36,165.67815,0.64172494
349.44,30746.67,1546.3293,4.21497
5591.04,43848.87,24741.27,57.50749
466.43997,19795.11,2064.0735,9.812226
433.68,24557.49,1919.1052,7.1033144
330.72,20505.03,1463.4904,6.4007773
241.79999,17687.97,1070.0046,5.2727146
-21.84,5895.12,-96.645584,-2.699954
271.44,25994.73,1201.1666,3.7914371
268.31998,20638.14,1187.36,4.965677
1536.6,17469.6,6799.707,39.36037
347.87997,32258.73,1539.426,3.948339
28.079998,2298.54,124.258606,4.6056023
390.0,10818.45,1725.8141,15.5415745
88.92,10442.61,393.4856,2.9072182
588.12,16617.87,2602.5276,15.239323
1073.2799,31783.71,4749.44,14.49479
-68.64,5497.5303,-303.74326,-6.7291064
469.56,19650.69,2077.8801,9.964543
787.8,14897.88,3486.1443,23.264357
216.84,11969.46,959.5526,7.3127003
6.24,4340.43,27.613024,-0.34032643
719.16,23987.64,3182.401,12.756731
255.84,14546.4,1132.134,7.0703096
622.44,22276.35,2754.3992,11.821261
12.48,7387.17,55.226048,-0.22480005
1647.36,20633.791,7289.8384,35.634205
322.91998,28070.55,1428.974,4.2786303
9.36,3705.33,41.419537,0.15911412
280.8,17495.7,1242.586,6.364496
56.159996,11322.18,248.51721,1.2760108
151.31999,15149.311,669.61584,3.5833259
798.72,16688.34,3534.467,20.961332
9.36,4465.71,41.419537,-0.038249075
132.59999,13835.61,586.77673,3.3976684
293.28,42887.52,1297.8121,2.1378255
165.36,13612.89,731.7452,4.5738773
430.56,36078.9,1905.2987,4.4759274
240.23999,20832.15,1063.1014,4.2916183
666.12,42064.5,2947.6904,6.2663116
864.24,23567.43,3824.4038,15.826717
191.87999,19343.58,849.10046,3.551663
57.719997,8248.47,255.42047,2.2109253
180.95999,32070.81,800.7777,1.5891066
595.92,34899.18,2637.0437,6.8351984
555.36,22786.17,2457.559,10.183571
755.04,5727.21,3341.1758,59.49286
280.8,31377.42,1242.586,3.106361
483.59998,15987.99,2140.0093,12.879367
151.31999,12284.4,669.61584,4.652228
368.15997,25205.64,1629.1683,5.70218
552.24,13448.46,2443.7527,17.842241
32.76,17831.52,144.96837,-0.15698987
7.7999997,14980.53,34.51628,-0.7610843
2174.64,49175.01,9623.139,19.29178
179.4,18018.57,793.87445,3.5685601
244.92,25578.0,1083.8112,3.393746
101.399994,15202.38,448.71164,2.0605793
301.08,28378.53,1332.3284,3.8682094
40.559998,7132.2603,179.48465,1.6094441
547.56,23414.31,2423.043,9.730689
833.04,42009.69,3686.3386,8.098999
333.84,17483.52,1477.2968,7.7616673
190.31999,15620.85,842.1972,4.590582
595.92,32664.15,2637.0437,7.371318
213.71999,17386.95,945.74603,4.640259
336.96,18590.16,1491.1033,7.317111
-14.039999,6719.88,-62.129303,-1.9587002
40.559998,10921.11,179.48465,0.70415235
90.479996,13317.09,400.38885,2.117601
237.12,13518.061,1049.2949,7.0487986
2294.76,17999.43,10154.689,57.499985
658.31995,43479.992,2913.1738,5.94744
184.07999,18859.86,814.58417,3.478632
438.36,16651.8,1939.815,11.079445
351.0,25241.31,1553.2327,5.380761
1308.84,19869.06,5791.832,29.226404
748.8,16767.51,3313.563,19.491537
104.52,6346.65,462.51816,6.5566993
2522.52,41698.23,11162.565,26.758392
207.48,20453.7,918.13306,3.654592
218.4,25515.36,966.4558,2.9276087
121.67999,18336.99,538.454,2.0448678
854.87994,33136.56,3782.9841,10.837909
301.08,19031.25,1332.3284,6.259251
-17.16,11521.41,-75.935814,-1.6834219
56.159996,9837.09,248.51721,1.6196165
355.68,18581.46,1573.9424,7.7832823
5104.32,16049.76,22587.453,144.93068
1010.87994,17129.43,4473.3096,26.079082
985.92,47926.56,4362.858,8.4393635
188.76,11172.54,835.29395,6.752384
157.56,18493.59,697.2289,2.9093273
521.04,17977.68,2305.6875,12.298869
1622.3999,21478.56,7179.386,33.66012
354.12,22526.91,1567.0392,6.2131686
472.68,18664.11,2091.6865,10.6208315
355.68,29305.95,1573.9424,4.5690475
1664.5199,21438.541,7365.774,34.626328
1154.3999,21482.041,5108.409,23.65801
88.92,8279.79,393.4856,3.9278493
174.72,16519.56,773.1647,3.8531237
489.84,30731.88,2167.6223,6.3137875
280.8,18316.98,1242.586,6.034293
631.8,45030.332,2795.8186,5.438011
195.0,15030.99,862.90704,4.9528413
338.52,16211.58,1498.0066,8.581561
452.4,34895.7,2001.9442,4.9487805
76.439995,6622.44,338.25952,4.296389
569.39996,16355.13,2519.6882,14.974994
564.72,47669.91,2498.9785,4.4358325
705.12,10747.11,3120.2717,29.105692
251.15999,19147.83,1111.4242,5.0187755
202.79999,16887.57,897.4233,4.5103354
113.88,18382.23,503.93768,1.8426704
132.59999,17110.291,586.77673,2.556013
252.71999,13347.54,1118.3274,7.687916
226.2,19895.16,1000.9721,4.217019
154.43999,13746.0,683.4223,4.15538
148.2,17356.5,655.8093,2.9179902
466.43997,42014.04,2064.0735,4.0942307
187.2,14483.76,828.39075,4.9306436
79.56,12971.7,352.06604,1.8143306
2327.52,20056.11,10299.658,52.250538
195.0,14386.32,862.90704,5.219596
3697.2,77911.98,16360.717,20.77439
116.99999,12949.95,517.7442,3.1456728
372.84,25290.9,1649.8782,5.7644963
388.43997,15953.19,1718.9106,10.172584
62.399998,15384.21,276.13025,0.86117256
223.07999,16974.57,987.1656,5.0303025
85.799995,12839.46,379.67908,2.066322
808.07996,18177.78,3575.8865,19.39815
396.24,17733.21,1753.427,9.252934
-10.92,6637.23,-48.322792,-1.754941
198.12,23247.27,876.7135,2.910512
67.079994,4533.57,296.84,5.7893777
4488.1196,26267.91,19860.666,77.40002
34.32,7584.66,151.87163,1.0762918
88.92,19273.98,393.4856,1.1169243
-14.039999,5294.82,-62.129303,-2.2167273
663.0,12533.22,2933.8838,23.273262
347.87997,25194.33,1539.426,5.3358355
209.04,16284.66,925.0363,4.890172
-4.68,9898.86,-20.709768,-1.2169391
979.68,47965.71,4335.2446,8.3719635
391.56,19218.3,1732.7173,8.348902
397.8,18035.1,1760.3303,9.121002
152.87999,15201.51,676.51904,3.614676
106.079994,8295.45,469.4214,4.8677387
326.03998,22775.73,1442.7804,5.568645
475.8,29399.91,2105.4932,6.4260125
157.56,18266.52,697.2289,2.957924
106.079994,18018.57,469.4214,1.7014093
563.16,31758.48,2492.0754,7.1367197
351.0,16918.02,1553.2327,8.519955
349.44,24642.75,1546.3293,5.506699
1088.88,23794.5,4818.4727,19.998135
179.4,20926.98,793.87445,2.9336267
396.24,31094.67,1753.427,4.8472223
2179.3198,46248.332,9643.848,20.622313
1848.6,43870.62,8180.3584,18.3351
347.87997,18925.98,1539.426,7.434286
541.32,20344.08,2395.43,11.209371
17.16,16595.25,75.935814,-0.52552783
132.59999,11560.561,586.77673,4.263103
843.95996,49149.78,3734.6614,6.8791165
60.839996,12883.83,269.227,1.1668131
73.32,10954.17,324.45303,2.071286
411.84,13331.01,1822.4596,13.175642
241.79999,13096.98,1070.0046,7.4715395
176.28,16536.96,780.06793,3.8913035
138.84,13138.74,614.3898,3.848843
906.36,21589.92,4010.7917,18.263134
104.52,7421.1,462.51816,5.4626164
288.59998,20200.53,1277.1023,5.5555754
90.479996,12173.91,400.38885,2.4103563
48.359997,8427.69,214.00093,1.6330249
449.27997,23736.21,1988.1377,7.6852617
1.56,9838.83,6.903256,-0.92724574
174.72,8019.66,773.1647,8.996867
184.07999,17971.59,814.58417,3.6999946
165.36,12156.51,731.7452,5.241642
464.87997,17399.13,2057.1702,11.260002
482.03998,20855.64,2133.106,9.605638
190.31999,14052.24,842.1972,5.214642
70.2,15896.64,310.6465,1.0263247
0.0,4468.32,0.0,-1.0
95.159996,15510.36,421.0986,1.8152034
296.4,22238.07,1311.6187,5.115872
1079.52,19979.55,4777.053,23.79261
522.6,21323.7,2312.5908,10.245639
297.96,15827.91,1318.5219,7.637969
2414.88,25746.78,10686.24,42.03778
608.39996,18966.0,2692.2698,13.7194195
1274.5199,33193.98,5639.96,16.618322
126.35999,11490.96,559.1637,4.045806
673.92,23666.61,2982.2065,12.066208
416.52,19251.36,1843.1693,8.92777
176.28,32297.88,780.06793,1.5044148
1639.5599,30186.39,7255.322,23.922602
266.75998,20720.791,1180.4567,4.907335
315.12,18365.7,1394.4578,6.8731
110.759995,39145.65,490.13116,0.29830492
113.88,10478.28,503.93768,3.9869466
202.79999,14912.67,897.4233,5.2400746
187.2,15729.6,828.39075,4.4609156
383.75998,20975.7,1698.2009,7.3949957
430.56,16463.01,1905.2987,11.000566
386.87997,13845.18,1712.0074,11.821975
176.28,29921.91,780.06793,1.7032797
2352.48,62669.582,10410.11,16.224491
152.87999,16648.32,676.51904,3.2136402
343.19998,20619.0,1518.7163,6.6376004
138.84,12919.5,614.3898,3.9311266
599.04,21219.3,2650.8503,11.953944
218.4,15974.94,966.4558,5.2732215
-98.28,6016.05,-434.90512,-8.496023
202.79999,17713.2,897.4233,4.253494
503.87997,30357.78,2229.7517,6.616131
432.12,14893.53,1912.2019,12.313246
371.28,26142.63,1642.975,5.516727
491.4,50334.72,2174.5256,3.4796572
184.07999,17193.81,814.58417,3.9126034
1145.0399,26784.69,5066.9897,18.61604
541.32,17165.1,2395.43,13.470549
254.27998,26995.23,1125.2307,3.3221755
273.0,27980.94,1208.0698,3.476902
397.8,19639.38,1760.3303,8.294249
503.87997,24808.92,2229.7517,8.319584
341.63998,18912.06,1511.813,7.289095
430.56,36829.71,1905.2987,4.364295
402.47998,39013.41,1781.04,3.7337751
229.31999,23608.32,1014.7786,3.457118
329.15997,21127.08,1456.5869,6.148992
191.87999,21543.81,849.10046,3.0868096
-10.92,4876.35,-48.322792,-2.027555
402.47998,17718.42,1781.04,9.423092
127.92,14192.311,566.067,3.1358294
74.88,14175.78,331.3563,1.4237964
291.72,15169.32,1290.9089,7.8242416
166.92,12835.11,738.6484,4.967412
631.8,20462.4,2795.8186,13.16773
177.84,16271.61,786.9712,4.0150604
581.88,18799.83,2574.9146,13.202238
984.36,16291.62,4355.9546,26.724707
49.92,4683.21,220.90419,3.891119
1274.5199,23181.15,5639.96,24.228354
315.12,14753.46,1394.4578,8.800751
232.43999,26313.15,1028.5851,3.0533605
243.35999,13896.51,1076.908,7.0356445
536.63995,10676.64,2374.72,22.063524
326.03998,23098.5,1442.7804,5.476857
60.839996,4986.84,269.227,4.5981054
514.8,20449.35,2278.0745,10.551445
633.36,33080.88,2802.722,7.785184
335.4,10048.5,1484.2001,14.31578
3082.5598,15938.4,13640.833,87.74503
238.68,19240.05,1056.1981,4.6922903
102.96,12170.43,455.6149,2.88186
531.95996,10235.55,2354.0103,22.84762
-20.279999,5265.24,-89.742325,-2.767368
243.35999,7539.42,1076.908,13.811141
282.36,20708.61,1249.4893,5.2564716
279.24,18912.93,1235.6829,5.774794
609.95996,19388.82,2699.173,13.435348
193.43999,16286.4,856.0037,4.450024
379.08,9856.23,1677.4912,16.648073
143.51999,18111.66,635.09955,2.6360633
728.51996,22119.75,3223.8206,14.1125765
656.75995,36533.91,2906.2705,7.248743
230.87999,15252.84,1021.6819,5.9456496
644.27997,19458.42,2851.0447,14.1930275
457.08,23690.1,2022.654,7.8532476
486.71997,28297.621,2153.816,6.892354
35.879997,13995.69,158.77489,0.17634678
803.39996,13378.86,3555.1768,26.554337
201.23999,16657.02,890.52,4.5436306
499.19998,17667.96,2209.042,11.9647875
375.96,19474.95,1663.6847,7.85814
96.71999,14135.76,428.00186,2.1396005
207.48,21164.49,918.13306,3.498272
382.19998,10711.44,1691.2977,15.37269
165.36,17342.58,731.7452,3.3751607
586.56,43293.81,2595.6243,5.2167573
411.84,19026.03,1822.4596,8.932479
1786.2,44746.71,7904.228,17.316656
408.71997,31771.53,1808.653,4.9028945
176.28,19847.31,780.06793,3.075479
1131.0,19178.28,5004.861,26.060152
293.28,15138.0,1297.8121,7.889784
414.96,23622.24,1836.2661,7.060508
466.43997,22936.68,2064.0735,8.331307
113.88,13701.63,503.93768,2.8137522
113.88,20005.65,503.93768,1.6119931
324.47998,23115.03,1435.8772,5.4412584
315.12,13250.1,1394.4578,9.912747
464.87997,30609.21,2057.1702,5.968928
681.72,22740.06,3016.723,12.755984
2163.72,79253.52,9574.816,11.527366
109.2,5913.39,483.2279,7.47351
383.75998,18465.75,1698.2009,8.536082
506.99997,40330.59,2243.558,4.768337
611.51996,37497.0,2706.0762,6.4832697
254.27998,10799.311,1125.2307,9.80422
404.03998,26192.22,1787.9432,6.0783052
316.68,9318.57,1401.361,14.593679
63.96,5519.2803,283.0335,4.317448
471.12,20370.18,2084.7834,9.612409
411.84,37380.42,1822.4596,4.0554705
210.59999,6494.55,931.9396,13.879439
950.04,41849.61,4204.083,9.416642
263.63998,18415.291,1166.6503,5.569162
397.8,12883.83,1760.3303,13.167625
340.08,21213.21,1504.9098,6.356173
304.19998,9489.09,1346.1349,13.709974
322.91998,24065.94,1428.974,5.1570034
148.2,16244.64,655.8093,3.1861558
912.6,50016.3,4038.4048,7.372326
219.95999,14963.13,973.3591,5.745257
833.04,16984.14,3686.3386,21.506063
636.48,23543.07,2816.5283,11.405062
2310.3599,26485.41,10223.722,39.026737
1614.6,68159.28,7144.87,9.869692
87.36,13900.86,386.58234,1.8836875
327.59998,17882.85,1449.6837,7.405904
39.0,8361.57,172.5814,1.1401982
322.91998,32974.74,1428.974,3.4935632
928.19995,23109.81,4107.437,17.429876
252.71999,10962.87,1118.3274,9.577732
115.439995,10952.43,510.84094,3.83641
-12.48,11701.5,-55.226048,-1.4893847
410.28,18430.95,1815.5564,9.214331
126.35999,13755.57,559.1637,3.2151036
547.56,9503.88,2423.043,25.436749
402.47998,14577.72,1781.04,11.668697
249.59999,19764.66,1104.521,4.7947206
1678.5599,15931.44,7427.9033,47.345837
2491.3198,13447.59,11024.499,84.008484
599.04,19589.791,2650.8503,13.031474
4.68,7787.37,20.709768,-0.72423935
121.67999,14180.13,538.454,2.937461
482.03998,30022.83,2133.106,6.3673058
413.4,15957.54,1829.3629,10.887261
219.95999,32184.78,973.3591,2.1359594
163.79999,11181.24,724.84186,5.722041
728.51996,10493.07,3223.8206,30.857828
127.92,15800.07,566.067,2.7149818
134.15999,17910.69,593.68,2.437067
227.76,22857.51,1007.87537,3.572206
271.44,21761.31,1201.1666,4.723558
418.08,21051.39,1850.0726,8.1128845
368.15997,21670.83,1629.1683,6.7953978
1034.2799,37560.51,4576.8584,11.63525
519.48,20208.36,2298.7842,10.795464
670.8,14932.68,2968.4001,19.61259
488.27997,20451.96,2160.719,9.954971
702.0,34503.332,3106.4653,8.335839
506.99997,29091.93,2243.558,6.996734
391.56,20363.22,1732.7173,7.8232613
241.79999,19847.31,1070.0046,4.590258
865.8,18589.291,3831.3071,20.371353
268.31998,11018.55,1187.36,10.173927
1024.9199,12706.35,4535.439,36.01233
98.28,13915.65,434.90512,2.2407005
1965.6,25691.97,8698.103,34.105484
408.71997,11129.04,1808.653,15.851767
121.67999,19419.27,538.454,1.8751702
81.119995,10798.44,358.9693,2.4470227
386.87997,24917.67,1712.0074,6.1243644
54.6,4462.23,241.61395,4.6145883
176.28,18551.01,780.06793,3.3602638
209.04,8586.9,925.0363,10.170439
179.4,18500.55,793.87445,3.4495392
555.36,26533.26,2457.559,8.604201
290.16,21757.83,1284.0056,5.1192646
335.4,30135.93,1484.2001,4.106881
946.92,35790.06,4190.2764,11.1402645
88.92,18196.92,393.4856,1.2422233
541.32,35457.72,2395.43,6.005201
152.87999,18045.541,676.51904,2.887389
248.04,14336.73,1097.6177,6.93869
304.19998,23930.22,1346.1349,4.83297
273.0,14561.19,1208.0698,7.6028633
98.28,11517.061,434.90512,2.9156218
2138.76,15166.71,9464.364,63.706505
2776.7998,24546.18,12287.795,50.908436
1093.5599,32527.56,4839.182,14.426534
2864.16,13004.76,12674.378,100.05835
366.59998,15592.14,1622.2651,9.788573
258.96,12806.4,1145.9404,8.278608
301.08,24531.39,1332.3284,4.631667
511.68,26862.99,2264.268,7.7402
157.56,16480.41,697.2289,3.3868747
1060.7999,19787.28,4694.214,23.59941
193.43999,19786.41,856.0037,3.485972
157.56,16740.541,697.2289,3.3187075
129.48,14986.62,572.9702,2.9643888
180.95999,18510.12,800.7777,3.485911
719.16,34924.41,3182.401,8.448735
301.08,17777.58,1332.3284,6.7711716
758.16,19240.92,3354.9824,17.080578
224.63998,35783.1,994.06885,1.8806226
235.56,14979.66,1042.3917,6.2156734
265.19998,26414.07,1173.5535,3.6069708
131.04,22472.1,579.8735,1.6757004
199.68,34070.94,883.61676,1.6892285
39.0,5672.4,172.5814,2.1548233
524.16,22305.93,2319.494,9.782533
67.079994,13353.63,296.84,1.3050001
29.64,6411.9,131.16187,1.1211371
422.75998,19842.96,1870.7823,8.776078
24.96,13518.93,110.452095,-0.15281254
104.52,10727.97,462.51816,3.470531
928.19995,31684.53,4107.437,12.442236
828.36,10525.26,3665.629,35.113
291.72,15971.46,1290.9089,7.3810587
215.28,21607.32,952.64935,3.5717244
410.28,15541.68,1815.5564,11.113222
879.83997,12300.061,3893.4363,31.822655
45.239998,10190.31,200.19443,1.0371006
173.15999,13818.21,766.2614,4.750069
6.24,7807.38,27.613024,-0.63326144
288.59998,13206.6,1277.1023,9.0272665
564.72,29874.06,2498.9785,7.673935
118.56,18423.12,524.64746,1.952924
39.0,17884.59,172.5814,0.000605464
213.71999,18406.59,945.74603,4.327814
326.03998,23448.24,1442.7804,5.3802524
255.84,18632.791,1132.134,5.3003955
422.75998,19908.21,1870.7823,8.744037
335.4,42234.15,1484.2001,2.643985
786.24,27126.6,3479.241,12.299553
107.64,13510.23,476.32468,2.6558485
156.0,11989.47,690.3256,4.970379
653.63995,34915.71,2892.464,7.5900354
56.159996,6045.63,248.51721,3.262484
2600.52,47876.97,11507.729,23.923603
193.43999,17105.94,856.0037,4.1889157
198.12,14230.59,876.7135,5.3882613
145.08,14093.13,642.0028,3.7236462
396.24,21319.35,1753.427,7.528283
321.36,12086.91,1422.0707,11.199829
344.75998,12442.74,1525.6195,11.71388
185.64,17275.59,821.4875,3.9307837
185.64,15904.47,821.4875,4.355865
1024.9199,18596.25,4535.439,24.289593
213.71999,19252.23,945.74603,4.093794
408.71997,20295.36,1808.653,8.240731
848.63995,41232.78,3755.371,8.444047
624.0,21344.58,2761.3025,12.414494
823.68,36916.71,3644.9192,9.237945
628.68,12193.05,2782.0122,22.6589
380.63998,17161.62,1684.3944,9.17732
65.52,9554.34,289.93674,2.1466644
332.28,20395.41,1470.3936,6.4756513
280.8,19153.05,1242.586,5.727232
691.07996,32067.33,3058.1423,8.888782
271.44,14482.0205,1201.1666,7.600466
1433.6399,31218.21,6344.092,20.072172
307.31998,12781.17,1359.9414,10.033098
330.72,19531.5,1463.4904,6.769662
271.44,10080.69,1201.1666,11.355515
369.72,19867.32,1636.0718,7.539077
305.75998,17282.55,1353.0381,7.118018
375.96,19003.41,1663.6847,8.077941
-6.24,3733.17,-27.613024,-1.7669802
302.63998,9462.99,1339.2317,13.674901
282.36,28935.33,1249.4893,3.4776688
2290.0798,58190.82,10133.9795,17.058157
148.2,18503.16,655.8093,2.6751878
184.07999,19866.45,814.58417,3.2517095
42.12,5867.2803,186.38791,2.2940392
689.51996,22220.67,3051.239,13.238589
332.28,9173.28,1470.3936,15.620987
191.87999,21016.59,849.10046,3.1893315
745.68,15124.95,3299.7563,21.62225
263.63998,18391.8,1166.6503,5.5775523
659.88,16402.98,2920.0774,17.45948
221.51999,16177.65,980.2623,5.283111
8406.84,68372.43,37201.65,55.41948
502.31998,22324.2,2222.8484,9.324804
212.15999,16014.96,938.8428,5.0787582
1102.9199,23990.25,4880.6016,20.095337
1428.96,24895.92,6323.3823,25.337172
474.24,14662.98,2098.5898,13.840659
8670.4795,41403.3,38368.297,95.091606
57.719997,20582.46,255.42047,0.28678596
241.79999,19796.85,1070.0046,4.6045074
756.6,14944.86,3348.079,22.230135
252.71999,13567.65,1118.3274,7.5469704
56.159996,12054.72,248.51721,1.1377025
235.56,15947.1,1042.3917,5.7779307
402.47998,23186.371,1781.04,6.965055
246.48,21976.2,1090.7145,4.146434
271.44,16381.23,1201.1666,6.603344
290.16,19169.58,1284.0056,5.9454784
564.72,12937.7705,2498.9785,19.028618
296.4,20560.71,1311.6187,5.6148095
227.76,19400.13,1007.87537,4.387038
375.96,15494.7,1663.6847,10.133603
312.0,14639.49,1380.6512,8.779258
2060.76,16777.95,9119.201,55.35933
157.56,18785.91,697.2289,2.848496
1106.0399,17407.83,4894.408,28.154354
141.95999,15518.19,628.1963,3.1976109
427.43997,24304.32,1891.4921,7.069915
1907.8799,36197.22,8442.682,23.18539
219.95999,22767.9,973.3591,3.4330025
375.96,26553.27,1663.6847,5.496821
499.19998,35389.86,2209.042,5.472514
1516.32,11123.82,6709.965,61.548107
145.08,39350.97,642.0028,0.69172347
307.31998,26640.27,1359.9414,4.293336
639.6,20840.85,2830.335,13.082193
1400.88,14743.89,6199.124,42.597958
113.88,15378.99,503.93768,2.3977926
358.8,17604.45,1587.7489,8.352059
177.84,8926.2,786.9712,8.141976
1321.32,99928.2,5847.0576,5.0673237
257.4,18879.87,1139.0372,5.255857
204.35999,15808.7705,904.3265,4.931643
238.68,22009.26,1056.1981,3.9760852
265.19998,11312.61,1173.5535,9.75692
408.71997,19289.64,1808.653,8.722524
558.48,18625.83,2471.3657,12.758441
67.079994,7157.49,296.84,3.3004065
293.28,10703.61,1297.8121,11.572725
308.87997,20566.8,1366.8446,5.891286
269.88,22042.32,1194.2633,4.6181154
330.72,25872.93,1463.4904,4.865326
792.48,7028.73,3506.854,50.735504
570.95996,32573.67,2526.5916,7.042966
511.68,20827.8,2264.268,10.272813
324.47998,8612.13,1435.8772,16.288393
146.64,11697.15,648.90607,4.7524076
321.36,9535.2,1422.0707,14.46462
73.32,8480.76,324.45303,2.967025
332.28,14088.78,1470.3936,9.822014
781.56,18765.03,3458.5312,18.111305
240.23999,23657.91,1063.1014,3.6595736
67.079994,18941.64,296.84,0.6249975
588.12,23991.121,2602.5276,10.24845
2954.64,11893.7705,13074.767,112.98882
397.8,14481.15,1760.3303,11.604888
216.84,18576.24,959.5526,4.3562255
600.6,26267.041,2657.7534,9.491835
496.08,26532.39,2195.2354,7.579314
138.84,16126.32,614.3898,2.9505408
70.2,11169.93,310.6465,1.8837919
427.43997,20880.87,1891.4921,8.392989
759.72,22374.66,3361.8857,14.580249
1112.2799,26871.69,4922.0215,17.993124
132.59999,15304.17,586.77673,2.975676
301.08,19581.96,1332.3284,6.055097
227.76,17718.42,1007.87537,4.898339
6.24,5956.02,27.613024,-0.51926506
26.519999,3930.66,117.35535,2.0958884
202.79999,18934.68,897.4233,3.9145894
322.91998,16172.43,1428.974,8.162141
485.15997,14230.59,2146.9126,14.643695
447.71997,36139.8,1981.2344,4.6845746
461.75998,24272.13,2043.3638,7.7294254
2901.5999,19526.28,12840.056,67.18601
3611.4,63017.582,15981.038,25.296085
193.43999,20494.59,856.0037,3.3309612
444.59998,37607.49,1967.4279,4.4246583
159.12,19113.9,704.1321,2.8199062
243.35999,16620.48,1076.908,5.7186637
274.56,12232.2,1214.973,9.299353
631.8,35609.1,2795.8186,7.1413393
54.6,12844.68,241.61395,0.950503
1024.9199,13220.5205,4535.439,34.57285
483.59998,14063.55,2140.0093,14.7786045
541.32,25428.36,2395.43,8.768166
107.64,12939.51,476.32468,2.8170962
29.64,17196.42,131.16187,-0.20910752
322.91998,26353.17,1428.974,4.6226277
116.99999,19415.791,517.7442,1.7650821
1126.32,27937.44,4984.151,17.49918
18.72,4210.8,82.83907,1.0399454
371.28,29432.1,1642.975,4.7883873
79.56,8940.99,352.06604,3.083066
109.2,7259.2803,483.2279,5.9024982
1248.0,43739.25,5522.605,12.092438
51.48,14696.91,227.80745,0.60727346
127.92,13270.98,566.067,3.422957
219.95999,14090.5205,973.3591,6.1629825
45.239998,6136.11,200.19443,2.3830369
196.56,22897.53,869.81024,2.93898
349.44,17493.09,1546.3293,8.166074
131.04,16487.37,579.8735,2.6469498
909.48,20591.16,4024.5984,19.267006
1081.08,20970.48,4783.9565,22.655207
1871.9999,16084.561,8283.907,52.404015
1322.88,41655.6,5853.9614,13.572173
182.51999,30311.67,807.6809,1.7629805
-40.559998,4264.74,-179.48465,-5.363979
4.68,5073.84,20.709768,-0.5767603
536.63995,18900.75,2374.72,12.028105
195.0,26213.97,862.90704,2.4133365
285.47998,21095.76,1263.2958,5.209516
18.72,14542.05,82.83907,-0.4093129
380.63998,20163.12,1684.3944,7.6623144
68.64,10027.62,303.74326,2.1409185
37.44,6115.23,165.67815,1.809314
151.31999,22573.02,669.61584,2.075983
1336.9199,38554.92,5916.0903,14.911196
-6.24,3845.4,-27.613024,-1.7445953
157.56,16690.95,697.2289,3.3315387
202.79999,21920.52,897.4233,3.245163
478.91998,14883.96,2119.2996,13.764602
411.84,31487.041,1822.4596,5.001695
2566.2,16782.3,11355.856,69.164314
248.04,16146.33,1097.6177,6.048961
262.08,14660.37,1159.747,7.202877
249.59999,32096.041,1104.521,2.5683742
3481.92,18593.64,15408.067,84.92738
199.68,14616.87,883.61676,5.26841
1960.9199,31662.78,8677.393,27.417645
10.92,6396.24,48.322792,-0.21661526
263.63998,20833.02,1166.6503,4.806793
503.87997,12650.67,2229.7517,17.27641
28.079998,10291.23,124.258606,0.25200784
152.87999,19943.01,676.51904,2.5175252
71.759995,16657.89,317.54977,0.97669506
404.03998,21002.67,1787.9432,7.827284
109.2,16620.48,483.2279,2.0147848
193.43999,15431.19,856.0037,4.7520695
1291.6799,34918.32,5715.896,15.973791
365.03998,12389.67,1615.3618,12.519418
62.399998,16804.92,276.13025,0.70382667
680.16,40090.47,3009.8196,6.7847953
269.88,32671.98,1194.2633,2.7902904
301.08,26683.77,1332.3284,4.177403
210.59999,14324.55,931.9396,5.746129
166.92,6759.0303,738.6484,10.331861
149.76,12963.0,662.7126,4.3011193
1271.3999,16421.25,5626.1533,34.526566
2364.96,20682.51,10465.336,51.4684
18.72,5420.97,82.83907,0.5845505
294.84,25690.23,1304.7155,4.2661796
974.99994,17252.1,4314.5347,24.93223
241.79999,11552.73,1070.0046,8.603928
209.04,14969.22,925.0363,5.4077787
441.47998,30904.14,1953.6215,5.5549836
32.76,15137.13,144.96837,-0.0069351792
1996.7999,27898.291,8836.168,31.842354
152.87999,17632.291,676.51904,2.9784982
773.75995,58211.7,3424.015,5.099205
338.52,10854.12,1498.0066,13.310902
388.43997,22368.57,1718.9106,6.96825
450.84,19497.57,1995.041,9.610094
519.48,10247.73,2298.7842,22.260464
227.76,16900.62,1007.87537,5.1837525
297.96,9630.03,1318.5219,13.197359
1357.2,44803.26,6005.8325,12.899893
745.68,27878.28,3299.7563,11.273369
96.71999,20369.31,428.00186,1.1787992
265.19998,18303.06,1173.5535,5.6485515
-12.48,9330.75,-55.226048,-1.6137271
741.0,29381.64,3279.0466,10.572293
419.63998,15089.28,1856.9758,11.761026
1327.5599,21653.43,5874.671,27.132265
24.96,5235.66,110.452095,1.1875117
464.87997,14073.12,2057.1702,14.157504
1588.08,59159.13,7027.5146,11.317651
35.879997,4441.35,158.77489,2.7069323
305.75998,23397.78,1353.0381,4.996299
266.75998,19006.89,1180.4567,5.4400144
15.599999,3319.05,69.03256,1.1566918
1614.6,40291.44,7144.87,17.387785
1769.0399,48097.082,7828.292,15.877035
414.96,19340.1,1836.2661,8.845205
3316.5598,46675.5,14676.322,31.604393
3842.2798,19607.19,17002.719,88.918884
143.51999,16509.99,635.09955,2.9888055
1082.64,20703.39,4790.86,22.994951
464.87997,16587.42,2057.1702,11.859949
2586.48,14388.061,11445.599,81.48674
121.67999,13013.46,538.454,3.2904582
513.24,23663.13,2271.1711,8.952348
7074.5996,12512.34,31306.266,258.4422
240.23999,12845.55,1063.1014,7.5816317
318.24,15884.46,1408.2642,8.1930485
2514.72,14720.4,11128.049,77.38758
1124.76,4604.91,4977.2476,111.07686
569.39996,37755.39,2519.6882,5.920153
129.48,14696.91,572.9702,3.0425358
170.04,20573.76,752.4549,2.792405
229.31999,18835.5,1014.7786,4.586529
-17.16,4500.5103,-75.935814,-2.7495756
472.68,23675.31,2091.6865,8.161124
383.75998,15479.04,1698.2009,10.376087
257.4,18278.7,1139.0372,5.4616065
258.96,37701.45,1145.9404,2.1517508
477.36,22814.88,2112.3962,8.600748
26.519999,4164.69,117.35535,1.9219184
400.91998,21458.55,1774.1367,7.5730343
146.64,9672.66,648.90607,5.956388
315.12,19107.81,1394.4578,6.5673237
31.199999,6128.2803,138.06512,1.3361099
159.12,21329.791,704.1321,2.4230669
1595.8799,13931.311,7062.031,51.56365
276.12,20023.05,1221.8763,5.3276854
-7.7999997,7345.41,-34.51628,-1.4872545
450.84,29075.4,1995.041,6.114985
953.16,74140.53,4217.8896,4.899122
63.96,5715.9,283.0335,4.134535
49.92,17117.25,220.90419,0.3381902
552.24,10733.19,2443.7527,22.60893
131.04,11465.73,579.8735,4.2442017
1218.36,15480.78,5391.443,35.112705
101.399994,20635.53,448.71164,1.2547562
513.24,23184.63,2271.1711,9.157751
304.19998,32601.51,1346.1349,3.2815275
624.0,22888.83,2761.3025,11.509452
383.75998,24144.24,1698.2009,6.293289
106.079994,13873.0205,469.4214,2.5086472
198.12,16900.62,876.7135,4.3790174
132.59999,17664.48,586.77673,2.4444501
733.19995,24997.71,3244.5303,12.458587
26.519999,6146.55,117.35535,0.97979116
542.88,14943.99,2402.3333,15.669193
106.079994,11797.2,469.4214,3.1260242
260.52,15760.05,1152.8438,6.58509
99.84,15509.49,441.80838,1.9538219
129.48,18364.83,572.9702,2.2351396
1233.96,17108.55,5460.4756,32.095207
152.87999,15951.45,676.51904,3.3977213
277.68,23991.121,1228.7795,4.310939
524.16,15462.51,2319.494,14.554681
279.24,15793.98,1235.6829,7.1126604
240.23999,15151.05,1063.1014,6.275785
235.56,23164.621,1042.3917,3.6660953
765.95996,21790.89,3389.4985,15.129034
527.27997,16972.83,2333.3005,13.254905
321.36,31953.36,1422.0707,3.6147962
613.07996,16472.58,2712.9795,16.077833
1402.44,12966.48,6206.027,48.629444
343.19998,16877.13,1518.7163,8.330951
162.23999,13620.72,717.9386,4.4655657
57.719997,6526.74,255.42047,3.0579553
237.12,17630.55,1049.2949,5.1713414
605.27997,18901.62,2678.4634,13.693815
513.24,18542.31,2271.1711,11.700882
177.84,16253.34,786.9712,4.020698
59.28,7334.1,262.32373,2.7088444
216.84,17841.09,959.5526,4.5769315
474.24,27783.45,2098.5898,6.8322997
447.71997,25768.53,1981.2344,6.9724917
474.24,13306.65,2098.5898,15.35335
851.75995,25074.27,3769.1777,14.587132
101.399994,18531.0,448.71164,1.5108244
407.15997,29096.28,1801.7498,5.421033
174.72,24935.07,773.1647,2.2152095
29.64,5374.86,131.16187,1.530395
399.36,37116.81,1767.2335,3.9370918
3266.64,24787.17,14455.418,59.471615
280.8,18331.77,1242.586,6.028619
299.52,22070.16,1325.4252,5.2272687
934.43994,23937.18,4135.0503,16.91248
322.91998,16784.91,1428.974,7.827814
193.43999,21676.92,856.0037,3.0947366
394.68,22372.92,1746.5238,7.094681
280.8,25270.89,1242.586,4.098634
672.36,17854.14,2975.3035,16.279858
340.08,24781.95,1504.9098,5.2968435
769.07996,74833.92,3403.3052,3.7157445
430.56,28083.6,1905.2987,6.0349045
240.23999,14463.75,1063.1014,6.6215215
3.12,6390.15,13.806512,-0.7759625
88.92,14367.18,393.4856,1.8399141
-40.559998,6967.83,-179.48465,-3.6710231
54.6,3348.6301,241.61395,6.4817414
209.04,13659.0,925.0363,6.022435
550.68,15909.69,2436.8494,14.882353
316.68,16450.83,1401.361,7.8330374
355.68,19875.15,1573.9424,7.2115717
255.84,9461.25,1132.134,11.407869
28.079998,9242.88,124.258606,0.39401376
344.75998,11196.03,1525.6195,13.129606
241.79999,17673.18,1070.0046,5.2779646
230.87999,17097.24,1021.6819,5.1963735
745.68,40405.41,3299.7563,7.4681826
449.27997,12876.87,1988.1377,15.009731
959.39996,19003.41,4245.5024,22.1657
1201.2,14728.23,5315.507,36.42329
349.44,20883.48,1546.3293,6.6779804
232.43999,17850.66,1028.5851,4.9749436
683.27997,38416.59,3023.626,7.1612587
67.079994,12288.75,296.84,1.5047398
1034.2799,41244.09,4576.8584,10.506775
193.43999,20033.49,856.0037,3.4306445
195.0,12798.57,862.90704,5.9911795
174.72,7719.5103,773.1647,9.385565
-3.12,6979.14,-13.806512,-1.2051303
397.8,14133.15,1760.3303,11.915257
1745.6399,22143.24,7724.743,35.17352
383.75998,18044.67,1698.2009,8.758611
223.07999,15301.561,987.1656,5.689631
837.72,15775.71,3707.0483,23.366167
546.0,14857.86,2416.1396,15.862177
216.84,15682.62,959.5526,5.3445096
193.43999,18357.87,856.0037,3.8350534
1315.08,21675.18,5819.445,26.839838
209.04,16085.43,925.0363,4.963126
321.36,17965.5,1422.0707,7.207856
296.4,12065.16,1311.6187,10.272555
575.63995,16821.45,2547.3013,14.702355
4683.1196,25378.77,20723.574,83.672424
680.16,35491.65,3009.8196,7.7935085
449.27997,17406.96,1988.1377,10.843264
524.16,23755.35,2319.494,9.124642
187.2,18593.64,828.39075,3.6197524
32.76,17555.73,144.96837,-0.14374673
407.15997,21627.33,1801.7498,7.638521
179.4,19583.7,793.87445,3.2034411
184.07999,20608.56,814.58417,3.098606
138.84,27648.6,614.3898,1.3041923
28.079998,5880.33,124.258606,1.1911528
145.08,13544.16,642.0028,3.915104
372.84,17487.0,1649.8782,8.783279
1062.36,15858.36,4701.117,29.739067
62.399998,13879.11,276.13025,1.0630047
497.63998,47733.42,2202.1387,3.7837663
375.96,17011.98,1663.6847,9.140609
352.56,21435.06,1560.1359,6.547195
439.91998,50609.64,1946.7181,2.9885745
258.96,35408.13,1145.9404,2.3558843
268.31998,16764.9,1187.36,6.3439436
132.59999,9545.64,586.77673,5.374054
157.56,14874.39,697.2289,3.8605351
700.44,39233.52,3099.562,7.1920185
349.44,15707.85,1546.3293,9.207824
109.2,13612.89,483.2279,2.680862
318.24,16465.62,1408.2642,7.868577
226.2,17328.66,1000.9721,4.989697
382.19998,13476.3,1691.2977,12.013596
57.719997,6556.32,255.42047,3.039647
218.4,12942.99,966.4558,6.74275
196.56,13578.09,869.81024,5.642533
510.12,26742.93,2257.3647,7.752672
422.75998,12026.01,1870.7823,15.130566
502.31998,25779.84,2222.8484,7.9408226
243.35999,20752.11,1076.908,4.3810153
48.359997,16212.45,214.00093,0.3687209
549.12,18784.17,2429.946,12.413821
15.599999,9449.94,69.03256,-0.24251717
255.84,15821.82,1132.134,6.41975
722.27997,10699.26,3196.2075,29.97627
216.84,18632.791,959.5526,4.3399696
99.84,9194.16,441.80838,3.9827576
616.19995,19636.77,2726.786,13.398885
474.24,19545.42,2098.5898,10.133467
54.6,12502.7705,241.61395,1.0038428
2811.1199,20744.28,12439.667,61.181084
377.52,23110.68,1670.5879,6.4955673
516.36,38112.96,2284.9778,5.216661
62.399998,14475.061,276.13025,0.9780692
32.76,4334.34,144.96837,2.4681523
725.39996,27237.09,3210.014,11.220644
909.48,14308.0205,4024.5984,28.16694
96.71999,7744.74,428.00186,4.730423
182.51999,15005.76,807.6809,4.5812273
1013.99994,11357.85,4487.116,39.965576
7.7999997,4693.65,34.51628,-0.23746258
385.31998,36072.81,1705.1041,3.9013853
1368.12,13414.53,6054.156,45.79786
104.52,9216.78,462.51816,4.203522
9.36,8483.37,41.419537,-0.4937271
180.95999,19735.95,800.7777,3.207284
400.91998,15293.73,1774.1367,11.028779
433.68,16585.68,1919.1052,10.998125
43.68,6686.82,193.29117,1.9973693
605.27997,32579.76,2678.4634,7.52483
396.24,17109.42,1753.427,9.626746
914.16,13958.28,4045.308,29.0516
917.27997,21948.36,4059.1145,18.176844
255.84,16998.93,1132.134,5.9059615
215.28,33786.45,952.64935,1.9237378
68.64,11620.59,303.74326,1.7103562
522.6,21939.66,2312.5908,9.929914
698.88,16774.47,3092.6587,18.117496
1028.0399,58701.51,4549.2456,7.035964
68.64,7524.63,303.74326,3.1857123
246.48,21194.94,1090.7145,4.336135
99.84,17545.291,441.80838,1.6110864
262.08,19055.61,1159.747,5.3108563
190.31999,21830.91,842.1972,3.0002751
188.76,21096.63,835.29395,3.105576
375.96,16583.07,1663.6847,9.402889
547.56,25199.55,2423.043,8.970483
280.8,18228.24,1242.586,6.068538
255.84,37863.27,1132.134,2.1004705
185.64,14282.79,821.4875,4.9639745
134.15999,15624.33,593.68,2.9400241
759.72,45126.03,3361.8857,6.7250924
280.8,20137.89,1242.586,5.3982377
313.56,28595.16,1387.5544,4.0315914
293.28,12582.811,1297.8121,9.695031
797.16,23777.1,3527.5637,14.383809
-26.519999,4135.98,-117.35535,-3.9422011
561.6,20685.12,2485.172,11.457943
1335.36,16483.02,5909.187,36.17396
458.63998,21929.22,2029.5573,8.59679
380.63998,29255.49,1684.3944,4.9701366
78.0,12399.24,345.1628,1.8865349
443.03998,12778.561,1960.5247,14.908831
15520.439,22093.65,68680.49,321.33972
179.4,18755.46,793.87445,3.3890643
260.52,22017.09,1152.8438,4.429482
254.27998,16561.32,1125.2307,6.045219
489.84,11642.34,2167.6223,18.305952
385.31998,22476.45,1705.1041,6.8663106
698.88,48768.72,3092.6587,5.575648
18.72,5244.36,82.83907,0.63791215
305.75998,22513.86,1353.0381,5.2317204
127.92,20408.46,566.067,1.8761098
1279.2,19409.7,5660.67,29.241053
224.63998,19672.44,994.06885,4.2396965
104.52,4490.07,462.51816,9.681287
163.79999,13859.97,724.84186,4.422866
268.31998,18438.78,1187.36,5.6772575
433.68,14136.63,1919.1052,13.076697
45.239998,10105.05,200.19443,1.0542884
898.55994,29872.32,3976.2754,12.8024235
305.75998,29966.28,1353.0381,3.6819315
410.28,43291.2,1815.5564,3.3486857
90.479996,6853.86,400.38885,5.057517
37.44,7800.42,165.67815,1.2023945
346.31998,16188.96,1532.5228,8.81603
500.75998,23144.61,2215.945,8.927891
935.99994,10463.49,4141.9536,40.04654
207.48,19952.58,918.13306,3.7714944
312.0,20424.99,1380.6512,6.009225
666.12,14037.45,2947.6904,20.774166
316.68,22332.9,1401.361,5.50658
363.47998,18549.27,1608.4586,7.991476
198.12,20111.791,876.7135,3.5201702
962.51996,58852.02,4259.309,6.5045676
168.48,13372.7705,745.55164,4.781017
3485.0398,21833.52,15421.873,72.24218
2798.64,55151.91,12384.441,22.28433
717.6,22630.44,3175.4978,13.550125
720.72,16346.43,3189.3042,19.231167
642.72,20584.2,2844.1414,13.327324
717.6,10965.48,3175.4978,29.028389
57.719997,16521.3,255.42047,0.6030953
611.51996,15854.01,2706.0762,16.699003
1733.1599,47093.1,7669.517,15.887238
836.16,36731.4,3700.1453,9.445498
650.51996,39542.37,2878.6577,6.5487523
546.0,11791.11,2416.1396,20.247862
804.95996,29232.871,3562.08,11.63514
585.0,18467.49,2588.7212,13.535343
-63.96,5808.99,-283.0335,-6.0522532
549.12,21977.07,2429.946,10.465017
491.4,19218.3,2174.5256,10.732686
363.47998,24548.791,1608.4586,5.794033
124.799995,14287.14,552.2605,3.008174
2235.48,16856.25,9892.366,59.853718
79.56,6083.04,352.06604,5.0013833
360.36,5334.84,1594.6521,29.995056
10.92,11177.76,48.322792,-0.5517243
310.44,25538.85,1373.748,4.5776806
276.12,21978.81,1221.8763,4.7646236
642.72,28011.39,2844.1414,9.528449
274.56,13430.19,1214.973,8.380637
3879.72,85103.4,17168.398,19.91851
305.75998,35221.95,1353.0381,2.9833136
81.119995,26028.66,358.9693,0.43005705
1524.12,19667.22,6744.4814,34.559322
335.4,13304.91,1484.2001,10.5672035
539.76,34124.88,2388.5266,6.257831
418.08,16199.4,1850.0726,10.842345
800.27997,32014.26,3541.3704,10.470326
372.84,20507.64,1649.8782,7.342266
485.15997,20194.44,2146.9126,10.023778
453.96,20359.74,2008.8475,9.231108
447.71997,23413.44,1981.2344,7.7744217
98.28,20486.76,434.90512,1.2012486
43.68,11358.72,193.29117,0.7645358
215.28,12132.15,952.64935,7.142226
209.04,26843.85,925.0363,2.5732372
120.119995,8316.33,531.5507,5.6276703
578.75995,19060.83,2561.108,12.932657
575.63995,14214.061,2547.3013,17.582752
277.68,19889.94,1228.7795,5.4060216
260.52,21043.56,1152.8438,4.680664
137.28,20605.08,607.4865,2.057104
332.28,21415.92,1470.3936,6.119422
371.28,20523.3,1642.975,7.3010225
34.32,10750.59,151.87163,0.46484685
168.48,16904.1,745.55164,3.5733404
115.439995,19729.86,510.84094,1.6847854
589.68,20489.37,2609.431,12.2058115
-1.56,13198.7705,-6.903256,-1.0542336
341.63998,14191.44,1511.813,10.046368
399.36,20511.12,1767.2335,7.9341345
1071.72,23022.81,4742.537,20.359953
1578.72,20963.52,6986.095,33.55558
2759.64,48907.92,12211.859,24.891098
240.23999,12565.41,1063.1014,7.772955
78.0,8394.63,345.1628,3.2635398
1820.5199,25741.56,8056.0996,31.451729
1057.6799,23087.19,4680.407,20.021341
594.36,15282.42,2630.1406,16.845747
124.799995,12160.86,552.2605,3.7089877
831.48,13879.98,3679.4355,26.487816
29.64,7067.88,131.16187,0.92427135
558.48,23137.65,2471.3657,10.075559
1029.6,21520.32,4556.149,20.953161
154.43999,17233.83,683.4223,3.11202
146.64,20552.01,648.90607,2.2739756
18.72,5731.56,82.83907,0.49868464
274.56,23258.58,1214.973,4.4166565
258.96,12170.43,1145.9404,8.763466
432.12,20948.73,1912.2019,8.465072
95.159996,10509.6,421.0986,3.154756
689.51996,13397.13,3051.239,22.616327
163.79999,8835.72,724.84186,7.506467
-21.84,11193.42,-96.645584,-1.8952969
525.72,21499.44,2326.3972,10.220304
118.56,17089.41,524.64746,2.1833794
129.48,20356.26,572.9702,1.9186494
2120.04,20615.52,9381.525,46.187508
3120.0,35806.59,13806.513,38.982407
2308.7998,30847.59,10216.818,33.343323
333.84,21381.99,1477.2968,6.1641965
205.92,13702.5,911.2298,5.895663
148.2,14769.12,655.8093,3.6043768
235.56,22541.7,1042.3917,3.7950392
400.91998,19534.98,1774.1367,8.417205
2060.76,36497.37,9119.201,24.908548
287.03998,17858.49,1270.1991,6.3752193
188.76,18593.64,835.29395,3.6582499
611.51996,44691.03,2706.0762,5.278668
627.12,43479.992,2775.109,5.6181784
372.84,13080.45,1649.8782,12.079076
597.48,21566.43,2643.947,11.712249
366.59998,11214.3,1622.2651,14.0002165
542.88,15829.65,2402.3333,14.73656
890.75995,17500.05,3941.759,22.356009
352.56,19355.76,1560.1359,7.357956
265.19998,16934.55,1173.5535,6.185832
180.95999,16801.44,800.7777,3.942121
276.12,10493.94,1221.8763,11.073593
447.71997,13267.5,1981.2344,14.484409
566.27997,16472.58,2505.8818,14.774182
296.4,15753.09,1311.6187,7.6335564
-10.92,3828.0,-48.322792,-2.3089647
344.75998,24968.13,1525.6195,5.335897
48.359997,5809.86,214.00093,2.8194242
1137.24,44513.55,5032.4736,10.722957
85.799995,15824.43,379.67908,1.4879205
230.87999,13853.88,1021.6819,6.647019
1179.36,21549.03,5218.862,24.112848
583.44,29727.03,2581.8179,8.005793
441.47998,19951.71,1953.6215,9.153322
2238.5999,26488.02,9906.172,37.779682
7339.8,26710.74,32479.82,125.088524
424.31998,13749.48,1877.6855,13.160691
152.87999,16842.33,676.51904,3.165103
255.84,14914.41,1132.134,6.8711762
204.35999,20747.76,904.3265,3.51962
87.36,12840.33,386.58234,2.121862
291.72,18722.4,1290.9089,6.1496034
709.8,41787.84,3140.9814,6.794053
134.15999,19463.64,593.68,2.1628325
269.88,12403.59,1194.2633,8.983908
287.03998,20899.14,1270.1991,5.3021865
260.52,28175.82,1152.8438,3.2426944
109.2,8162.34,483.2279,5.1388245
221.51999,20837.37,980.2623,3.8780622
572.51996,16738.8,2533.4949,14.694359
116.99999,12934.29,517.7442,3.150692
146.64,11818.08,648.90607,4.6935453
336.96,20264.91,1491.1033,6.6297603
2263.5598,19582.83,10016.624,52.038815
107.64,18499.68,476.32468,1.6698494
385.31998,20488.5,1705.1041,7.6295586
123.24,17975.07,545.35724,2.1459973
198.12,12091.26,876.7135,6.518549
221.51999,13924.35,980.2623,6.299873
1808.0399,44080.29,8000.8735,17.820919
-4.68,9966.72,-20.709768,-1.2154621
145.08,18844.2,642.0028,2.5327027
467.99997,12446.22,2070.9768,16.253836
92.03999,13985.25,407.29208,2.0198379
301.08,16579.59,1332.3284,7.332693
90.479996,15049.26,400.38885,1.758765
140.4,16661.37,621.293,2.8666394
218.4,13952.19,966.4558,6.1826963
605.27997,42974.52,2678.4634,5.462827
556.92,21518.58,2464.4624,10.875625
49.92,5345.2803,220.90419,3.2853012
1182.48,50158.11,5232.668,9.8175745
182.51999,22649.58,807.6809,2.6976647
244.92,15807.03,1083.8112,6.1096992
410.28,32366.61,1815.5564,4.816482
365.03998,40046.97,1615.3618,3.1826162
937.55994,19588.92,4148.8564,20.96169
188.76,19213.95,835.29395,3.5078616
193.43999,7049.61,856.0037,11.590949
4141.8,23771.01,18328.145,78.95005
93.6,9888.42,414.19537,3.3433638
190.31999,16942.38,842.1972,4.154508
806.51996,39658.082,3568.9832,8.331697
229.31999,18774.6,1014.7786,4.60465
570.95996,20688.6,2526.5916,11.663444
65.52,14429.82,289.93674,1.0834842
154.43999,35612.582,683.4223,0.9899106
730.07996,19577.61,3230.7236,16.111498
597.48,21495.09,2643.947,11.754439
380.63998,29667.0,1684.3944,4.8873253
499.19998,25197.81,2209.042,8.090527
853.31995,54833.492,3776.0808,6.1407404
358.8,20072.64,1587.7489,7.2021027
5305.5596,30207.27,23477.973,79.59294
433.68,21679.53,1919.1052,8.17903
385.31998,25591.05,1705.1041,5.9089284
35.879997,11707.59,158.77489,0.40624893
62.399998,10413.03,276.13025,1.7496965
1538.1599,15402.48,6806.6104,44.823483
452.4,36510.42,2001.9442,4.6856875
552.24,12850.7705,2443.7527,18.718596
492.96,19529.76,2181.429,10.582227
212.15999,14247.99,938.8428,5.8326178
162.23999,17037.21,717.9386,3.3695498
2182.44,22709.61,9657.655,43.097088
720.72,48348.51,3189.3042,5.840073
839.27997,14502.9,3713.9517,25.553957
513.24,17683.62,2271.1711,12.317619
118.56,16008.87,524.64746,2.3982458
205.92,17779.32,911.2298,4.314478
519.48,19726.38,2298.7842,11.083664
366.59998,23003.67,1622.2651,6.3126135
541.32,23225.52,2395.43,9.694634
212.15999,18571.02,938.8428,4.2420964
168.48,19341.84,745.55164,2.9969418
609.95996,41359.8,2699.173,5.767062
137.28,23316.0,607.4865,1.7016585
121.67999,29043.21,538.454,0.9224359
386.87997,26216.58,1712.0074,5.7713847
212.15999,11041.17,938.8428,7.8170977
90.479996,14719.53,400.38885,1.8205638
909.48,24202.53,4024.5984,16.242876
190.31999,17265.15,842.1972,4.0581455
260.52,20925.24,1152.8438,4.712785
648.95996,46217.01,2871.7544,5.443077
1382.1599,17311.26,6116.2847,35.635902
789.36,13392.78,3493.0476,26.044666
1513.2,12137.37,6696.158,56.206974
174.72,20536.35,773.1647,2.9038815
1151.2799,15524.28,5094.6025,33.028805
302.63998,14039.19,1339.2317,8.891486
595.92,38360.91,2637.0437,6.1281414
49.92,4577.07,220.90419,4.0045414
1460.1599,23584.83,6461.4473,27.408281
260.52,17887.2,1152.8438,5.6830697
2898.48,29852.31,12826.25,43.55225
363.47998,36227.67,1608.4586,3.6038098
179.4,21380.25,793.87445,2.8502321
895.43994,19631.55,3962.4688,19.929512
1645.7999,48122.31,7282.935,14.6930685
633.36,33989.16,2802.722,7.55042
299.52,19308.78,1325.4252,6.117841
1541.2799,18298.71,6820.4165,37.649002
126.35999,10791.48,559.1637,4.372864
809.63995,32022.96,3582.7898,10.601329
95.159996,10718.4,421.0986,3.0738187
2009.2799,9859.71,8891.394,92.50903
3856.3198,14997.061,17064.848,116.989716
151.31999,12882.09,669.61584,4.3899813
277.68,20919.15,1228.7795,5.0908484
173.15999,24265.17,766.2614,2.2744734
106.079994,10420.86,469.4214,3.670971
638.04,39869.49,2823.4316,6.3431854
198.12,19235.7,876.7135,3.7260423
199.68,12115.62,883.61676,6.5625134
375.96,21011.37,1663.6847,7.2104044
360.36,16725.75,1594.6521,8.886173
235.56,12905.58,1042.3917,7.3753176
73.32,10229.46,324.45303,2.2888722
393.12,16949.34,1739.6205,9.642646
1134.12,24948.99,5018.667,19.858511
439.91998,34663.41,1946.7181,4.823441
770.63995,26695.08,3410.2083,12.246391
244.92,19347.93,1083.8112,4.8085403
140.4,15094.5,621.293,3.268012
293.28,24576.63,1297.8121,4.475671
118.56,14232.33,524.64746,2.8224294
255.84,18459.66,1132.134,5.359486
1900.08,20106.57,8408.166,42.362186
273.0,27642.51,1208.0698,3.5317135
304.19998,29700.93,1346.1349,3.6996598
78.0,15485.13,345.1628,1.3113036
1361.88,18613.65,6026.5425,32.572567
697.31995,22745.28,3085.7554,13.067537
127.92,20116.14,566.067,1.9179044
79.56,22860.121,352.06604,0.59695804
307.31998,30156.81,1359.9414,3.6760879
1070.1599,43375.59,4735.6333,10.320889
558.48,26852.55,2471.3657,8.543317
212.15999,19778.58,938.8428,3.9220457
68.64,14992.71,303.74326,1.1007502
567.83997,23760.57,2512.7852,9.965953
719.16,14728.23,3182.401,21.405375
324.47998,15896.64,1435.8772,8.366123
1129.44,12716.79,4997.957,39.75331
460.19998,25611.06,2036.4604,7.2451077
129.48,7966.59,572.9702,6.4577436
244.92,13713.811,1083.8112,7.194894
502.31998,48862.68,2222.8484,3.7171578
137.28,12258.3,607.4865,4.1387124
340.08,39024.72,1504.9098,2.9986975
177.84,14962.26,786.9712,4.4539294
143.51999,8477.28,635.09955,6.7684283
143.51999,11407.44,635.09955,4.772999
248.04,10095.48,1097.6177,10.273843
212.15999,15664.35,938.8428,5.2148175
605.27997,24273.0,2678.4634,10.442216
131.04,13798.2,579.8735,3.3577137
343.19998,15705.24,1518.7163,9.027206
358.8,15952.32,1587.7489,9.3206215
358.8,15464.25,1587.7489,9.646352
305.75998,15003.15,1353.0381,8.351375
1664.5199,22310.28,7365.774,33.234287
533.51996,15324.18,2360.9133,14.975361
212.15999,20447.61,938.8428,3.7610002
1686.36,17293.86,7462.42,43.744083
351.0,30669.24,1553.2327,4.251476
506.99997,20678.16,2243.558,10.250539
780.0,10749.72,3451.6282,32.294674
879.83997,31721.94,3893.4363,11.726858
160.68,18964.26,711.03534,2.8877935
722.27997,19515.84,3196.2075,15.982264
34.32,13558.08,151.87163,0.16151905
73.32,15547.7705,324.45303,1.1638722
81.119995,17092.89,358.9693,1.1776578
319.8,11951.19,1415.1675,11.278479
35.879997,9640.47,158.77489,0.70777833
249.59999,21485.52,1104.521,4.330599
586.56,34864.38,2595.6243,6.7198305
135.72,15900.12,600.5833,2.9167037
1101.36,25015.98,4873.6987,19.201752
191.87999,9314.22,849.10046,8.4528
174.72,17680.14,773.1647,3.5345497
954.72,21155.791,4224.7925,19.707325
116.99999,14755.2,517.7442,2.6384633
372.84,23188.11,1649.8782,6.377928
96.71999,14568.15,428.00186,2.0464153
672.36,17981.16,2975.3035,16.157793
3096.5999,62093.64,13702.963,21.883121
3840.72,175259.77,16995.816,9.0555935
352.56,29920.17,1560.1359,4.406874
591.24,26709.0,2616.334,9.15742
747.24,30302.97,3306.6597,10.314938
361.91998,13834.74,1601.5554,11.003802
182.51999,13611.15,807.6809,5.1530843
240.23999,20987.01,1063.1014,4.252572
297.96,26361.871,1318.5219,4.186316
107.64,11949.45,476.32468,3.133358
290.16,19354.89,1284.0056,5.8789806
319.8,14375.88,1415.1675,9.207544
1697.2799,65686.74,7510.742,10.856404
369.72,16692.69,1636.0718,9.163047
3229.2,35519.49,14289.74,40.716274
318.24,13298.82,1408.2642,9.980418
921.95996,28805.7,4079.8242,13.686251
343.19998,20553.75,1518.7163,6.6618466
162.23999,17203.38,717.9386,3.3273435
574.07996,28377.66,2540.3982,8.282674
96.71999,13343.19,428.00186,2.326089
3017.0398,31970.76,13350.896,42.30174
355.68,21521.19,1573.9424,6.583513
-39.0,5338.32,-172.5814,-4.352257
341.63998,16629.18,1511.813,8.427035
-1.56,6498.0303,-6.903256,-1.110159
1853.2799,25601.49,8201.068,32.21644
4378.92,27865.23,19377.44,71.1077
56.159996,24692.34,248.51721,0.043619275
233.99998,20420.64,1035.4884,4.2580385
1224.6,13475.43,5419.056,40.699314
110.759995,12951.69,490.13116,2.924043
351.0,14049.63,1553.2327,10.46356
1056.12,36042.36,4673.5044,12.445512
21.84,11082.061,96.645584,-0.09570658
1040.52,39315.3,4604.472,11.144122
499.19998,25076.88,2209.042,8.134364
162.23999,16013.22,717.9386,3.6489677
666.12,26411.46,2947.6904,10.57277
166.92,15360.72,738.6484,3.98625
93.6,12592.38,414.19537,2.410714
43.68,15130.17,193.29117,0.3246956
918.83997,52332.242,4066.0178,7.056526
1065.48,22809.66,4714.924,20.434027
2875.0798,21929.22,12722.7,59.159466
2349.3599,20355.39,10396.303,51.959923
708.24,33193.98,3134.0784,8.790355
912.6,16784.041,4038.4048,23.949461
93.6,11754.57,414.19537,2.6538136
550.68,17018.07,2436.8494,13.847941
374.4,18521.43,1656.7815,8.275527
129.48,12260.04,572.9702,3.8460517
575.63995,23530.02,2547.3013,10.225506
71.759995,13722.51,317.54977,1.3995297
319.8,16934.55,1415.1675,7.665269
1046.76,41000.49,4632.085,10.714813
265.19998,16985.88,1173.5535,6.164118
293.28,18036.84,1297.8121,6.461038
407.15997,21331.53,1801.7498,7.7583113
165.36,21726.51,731.7452,2.4923503
62.399998,16623.96,276.13025,0.7223736
712.92,39710.28,3154.788,7.237874
357.24,19503.66,1580.8456,7.404681
322.91998,18665.85,1428.974,6.938244
332.28,8042.2803,1470.3936,17.958426
308.87997,22922.76,1366.8446,5.1830125
177.84,11701.5,786.9712,5.9737306
17.16,10542.66,75.935814,-0.2531312
333.84,24699.3,1477.2968,5.2019887
96.71999,9599.58,428.00186,3.6231852
887.63995,18832.89,3927.9526,20.627043
375.96,20851.291,1663.6847,7.2734365
1435.2,27806.94,6350.9956,22.68299
383.75998,20978.31,1698.2009,7.3939514
741.0,14046.15,3279.0466,23.206842
560.04,28293.27,2478.2688,8.082663
1489.7999,29629.59,6592.6094,22.0717
252.71999,23418.66,1118.3274,3.9517055
940.68,23126.34,4162.6636,17.664324
822.12,14933.55,3638.0159,24.260935
310.44,30046.32,1373.748,3.7409315
1953.1199,34338.03,8642.876,25.099415
285.47998,23428.23,1263.2958,4.591308
653.63995,51142.082,2892.464,4.8645873
23.4,9666.57,103.54884,0.110761285
580.32,30908.49,2568.0112,7.6152325
102.96,10131.15,455.6149,3.6632323
118.56,18068.16,524.64746,2.010936
372.84,20321.46,1649.8782,7.4186964
138.84,15964.5,614.3898,2.9905846
17.16,8781.78,75.935814,-0.10337269
397.8,23175.06,1760.3303,6.876281
461.75998,26292.27,2043.3638,7.058709
1174.6799,22373.791,5198.1514,23.091133
458.63998,35953.62,2029.5573,4.8533773
290.16,10292.1,1284.0056,11.936322
1577.1599,19760.31,6979.1914,35.623447
633.36,21173.19,2802.722,12.725924
925.07996,24973.35,4093.6306,15.997292
205.92,19063.44,911.2298,3.9564934
380.63998,17205.99,1684.3944,9.151074
627.12,25237.83,2775.109,10.401865
365.03998,24466.14,1615.3618,5.846242
280.8,20658.15,1242.586,5.237103
177.84,17733.21,786.9712,3.6017108
280.8,17550.51,1242.586,6.3414965
689.51996,26397.541,3051.239,10.985623
179.4,26730.75,793.87445,2.079559
368.15997,18397.02,1629.1683,8.182615
411.84,20718.18,1822.4596,8.121246
148.2,15653.04,655.8093,3.34437
772.19995,19624.59,3417.1116,17.055372
574.07996,16697.91,2540.3982,14.775661
143.51999,22344.21,635.09955,1.9473021
1051.44,10603.56,4652.7944,44.49986
466.43997,22925.371,2064.0735,8.33591
9.36,12718.53,41.419537,-0.66231155
53.039997,12490.59,234.7107,0.94848835
425.87997,22791.39,1884.5889,7.5742016
249.59999,14112.2705,1104.521,7.1156807
249.59999,19887.33,1104.521,4.7589774
274.56,16592.64,1214.973,6.592748
166.92,15820.95,738.6484,3.8412004
315.12,22899.27,1394.4578,5.314393
20.279999,14020.92,89.742325,-0.33630478
276.12,25573.65,1221.8763,3.9543014
48.359997,5724.6,214.00093,2.8763087
351.0,26691.6,1553.2327,5.0340624
43.68,14135.76,193.29117,0.4178841
173.15999,13119.6,766.2614,5.0562563
132.59999,8008.35,586.77673,6.5976224
338.52,18614.52,1498.0066,7.3446817
262.08,11824.17,1159.747,9.170457
224.63998,13376.25,994.06885,6.706017
553.8,36265.95,2450.656,6.006985
129.48,19310.52,572.9702,2.0767057
43.68,8300.67,193.29117,1.4146085
191.87999,19078.23,849.10046,3.6149697
101.399994,12099.09,448.71164,2.845586
1722.24,26903.88,7621.195,28.37352
670.8,11844.18,2968.4001,24.987549
371.28,16565.67,1642.975,9.2841835
2204.28,41559.9,9754.301,23.33714
241.79999,21009.63,1070.0046,4.2809873
291.72,18028.14,1290.9089,6.4249334
24.96,17022.42,110.452095,-0.3271774
1092.0,20503.291,4832.2793,23.4386
78.0,28929.24,345.1628,0.2371856
708.24,37675.35,3134.0784,7.62582
251.15999,19226.13,1111.4242,4.9942636
363.47998,11693.67,1608.4586,13.262871
173.15999,15807.9,766.2614,4.026326
663.0,26488.89,2933.8838,10.484895
321.36,15593.01,1422.0707,8.456689
271.44,15946.23,1201.1666,6.8107567
569.39996,17630.55,2519.6882,13.819338
1684.7999,10738.41,7455.5166,70.99223
338.52,20177.041,1498.0066,6.698465
319.8,15610.41,1415.1675,8.400293
190.31999,15905.34,842.1972,4.4905863
71.759995,9569.13,317.54977,2.4410203
196.56,16724.88,869.81024,4.392739
374.4,21149.7,1656.7815,7.122859
310.44,17431.32,1373.748,7.1719313
163.79999,9283.7705,724.84186,7.09593
54.6,5841.18,241.61395,3.2891312
687.95996,24014.61,3044.3357,12.14513
229.31999,21341.1,1014.7786,3.9306297
210.59999,13348.41,931.9396,6.2394586
98.28,10911.54,434.90512,3.1329136
691.07996,30904.14,3058.1423,9.260982
212.15999,14155.7705,938.8428,5.87713
450.84,29687.88,1995.041,5.9681983
332.28,19521.93,1470.3936,6.8101387
357.24,21169.71,1580.8456,6.743234
310.44,14991.84,1373.748,8.501672
230.87999,17240.791,1021.6819,5.1447806
98.28,13493.7,434.90512,2.342038
116.99999,15532.11,517.7442,2.456469
1182.48,28715.22,5232.668,17.895523
4350.84,19488.0,19253.182,101.4432
154.43999,18238.68,683.4223,2.8854706
112.31999,10888.92,497.03442,3.7331424
360.36,33774.27,1594.6521,3.8958473
394.68,16289.01,1746.5238,10.118027
684.83997,122965.8,3030.5293,1.5555363
301.08,18669.33,1332.3284,6.3999777
497.63998,16047.15,2202.1387,13.229663
609.95996,59484.51,2699.173,3.7051635
466.43997,19296.6,2064.0735,10.091551
299.52,35478.6,1325.4252,2.8737948
868.92,45061.65,3845.1135,7.8480988
76.439995,13390.17,338.25952,1.6194603
460.19998,21100.11,2036.4604,9.0078125
184.07999,22899.27,814.58417,2.6886055
1380.6,19918.65,6109.382,30.804255
7.7999997,5756.79,34.51628,-0.3782848
304.19998,21988.38,1346.1349,5.3480916
191.87999,18427.47,849.10046,3.777946
411.84,21248.88,1822.4596,7.8934393
355.68,37212.51,1573.9424,3.385789
1173.12,19806.42,5191.2485,26.177765
145.08,14575.98,642.0028,3.5671687
48.359997,13230.09,214.00093,0.6772615
3583.3198,14096.61,15856.778,115.64017
588.12,23800.59,2602.5276,10.338497
1418.0399,55355.492,6275.0596,10.754523
207.48,20518.95,918.13306,3.6397905
806.51996,22131.93,3568.9832,15.721418
7.7999997,10699.26,34.51628,-0.665483
26.519999,9875.37,117.35535,0.23224592
29.64,8507.73,131.16187,0.5986072
421.19998,16363.83,1863.8792,10.810837
106.079994,17088.541,469.4214,1.8484313
201.23999,19588.92,890.52,3.7139077
173.15999,18384.84,766.2614,3.3218036
287.03998,8947.95,1270.1991,13.719604
313.56,21219.3,1387.5544,5.7805796
151.31999,15138.87,669.61584,3.5864868
683.27997,31530.541,3023.626,8.94362
6.24,6138.72,27.613024,-0.5335727
1282.32,35426.4,5674.4766,15.609121
304.19998,28076.64,1346.1349,3.9715443
5779.8,29297.25,25576.562,89.52389
2221.44,79506.69,9830.236,11.820595
648.95996,11136.0,2871.7544,25.74028
555.36,26555.88,2457.559,8.59602
146.64,17508.75,648.90607,2.843037
315.12,20851.291,1394.4578,5.934582
205.92,15064.92,911.2298,5.2720423
692.63995,21543.81,3065.0457,13.752387
1513.2,18683.25,6696.158,36.16389
123.24,18923.37,545.35724,1.9883435
641.16,43120.68,2837.2383,5.8227286
400.91998,12353.13,1774.1367,13.89217
110.759995,13993.08,490.13116,2.6320086
622.44,16353.39,2754.3992,16.464935
227.76,13591.14,1007.87537,6.689513
709.8,32794.65,3140.9814,8.931396
207.48,12452.311,918.13306,6.645459
302.63998,20593.77,1339.2317,5.7432265
833.04,34924.41,3686.3386,9.944956
458.63998,18125.58,2029.5573,10.61067
34.32,10286.01,151.87163,0.5310085
101.399994,15111.9,448.71164,2.078904
54.6,17805.42,241.61395,0.40707636
254.27998,39953.88,1125.2307,1.9203205
37.44,4686.69,165.67815,2.6656153
1617.72,25884.24,7158.677,27.67776
48.359997,15782.67,214.00093,0.40599275
296.4,27605.97,1311.6187,3.9266582
1099.7999,34976.61,4866.7954,13.428237
368.15997,28801.35,1629.1683,4.8654456
273.0,26396.67,1208.0698,3.745596
70.2,14974.44,310.6465,1.1511157
471.12,16819.71,2084.7834,11.852579
315.12,9737.91,1394.4578,13.848668
187.2,19082.58,828.39075,3.5013833
594.36,40251.42,2630.1406,5.7755666
62.399998,16028.88,276.13025,0.7863177
761.27997,55013.582,3368.7888,5.3496785
29.64,7369.77,131.16187,0.8454467
277.68,15350.28,1228.7795,7.3005247
23.4,7310.61,103.54884,0.46872175
174.72,16118.49,773.1647,3.9738822
213.71999,19641.12,945.74603,3.992938
959.39996,36276.39,4245.5024,11.135367
458.63998,17786.28,2029.5573,10.832161
196.56,23362.11,869.81024,2.860649
182.51999,11749.35,807.6809,6.1281013
273.0,19180.02,1208.0698,5.5311685
143.51999,12847.29,635.09955,4.1259947
475.8,9623.07,2105.4932,21.687574
202.79999,19662.0,897.4233,3.7327929
238.68,19314.0,1056.1981,4.670496
726.95996,15605.19,3216.9172,20.375618
531.95996,22136.28,2354.0103,10.026854
190.31999,15605.19,842.1972,4.596192
221.51999,24155.55,980.2623,3.2079759
65.52,5161.71,289.93674,4.824485
198.12,5362.68,876.7135,15.952106
921.95996,20377.14,4079.8242,19.760897
335.4,18299.58,1484.2001,7.410062
157.56,19822.95,697.2289,2.6471612
580.32,7141.83,2568.0112,36.2851
99.84,17571.39,441.80838,1.6072083
443.03998,24858.51,1960.5247,7.1779623
88.92,8443.35,393.4856,3.8323898
53.039997,13633.7705,234.7107,0.78510916
299.52,13509.36,1325.4252,9.173451
503.87997,16623.96,2229.7517,12.908166
631.8,22278.09,2795.8186,12.013044
669.24,12721.14,2961.4968,23.139769
229.31999,22268.52,1014.7786,3.7252831
304.19998,20850.42,1346.1349,5.694554
227.76,14259.3,1007.87537,6.329199
187.2,14341.95,828.39075,4.989284
187.2,9390.78,828.39075,8.1470585
34.32,7856.1,151.87163,1.0045528
229.31999,20050.02,1014.7786,4.248128
277.68,13414.53,1228.7795,8.498311
558.48,12077.34,2471.3657,20.218449
670.8,45520.14,2968.4001,5.761869
67.079994,19008.63,296.84,0.6192707
282.36,25995.6,1249.4893,3.9840288
385.31998,16535.22,1705.1041,9.692735
254.27998,17241.66,1125.2307,5.767221
62.399998,10321.68,276.13025,1.7740321
262.08,20804.31,1159.747,4.780399
549.12,24739.32,2429.946,9.1849
274.56,21044.43,1214.973,4.9865603
99.84,7564.65,441.80838,5.0560994
397.8,28716.09,1760.3303,5.3564806
307.31998,24386.1,1359.9414,4.7826343
307.31998,21631.68,1359.9414,5.518953
352.56,25220.43,1560.1359,5.4144263
2121.5999,21374.16,9388.428,44.54615
2865.72,15180.63,12681.281,85.620605
297.96,13136.13,1318.5219,9.408012
416.52,15473.82,1843.1693,11.351382
344.75998,17007.63,1525.6195,8.301442
120.119995,22871.43,531.5507,1.4099014
145.08,20709.48,642.0028,2.214516
471.12,18084.69,2084.7834,10.953574
1049.88,33375.81,4645.8916,13.433949
368.15997,21038.34,1629.1683,7.0297565
2357.16,41555.55,10430.819,25.027788
435.24,19393.17,1926.0084,9.298103
327.59998,19459.291,1449.6837,6.7249227
2890.68,14181.0,12791.733,92.5342
305.75998,19014.72,1353.0381,6.378498
49.92,7771.71,220.90419,1.9473739
87.36,13391.91,386.58234,1.9932802
586.56,27276.24,2595.6243,8.867456
135.72,24539.22,600.5833,1.5378175
404.03998,18136.02,1787.9432,9.222559
761.27997,19165.23,3368.7888,17.226683
159.12,17416.53,704.1321,3.1921844
290.16,20532.0,1284.0056,5.484605
333.84,15646.08,1477.2968,8.790617
678.6,36039.75,3002.9163,7.6399126
154.43999,14946.6,683.4223,3.741269
794.04,44791.082,3513.7573,7.134448
717.6,14441.13,3175.4978,21.801243
152.87999,14307.15,676.51904,3.9031453
319.8,17731.47,1415.1675,7.275819
257.4,8566.89,1139.0372,12.786773
249.59999,16069.7705,1104.521,6.127089
1191.84,17420.01,5274.0874,30.39401
106.079994,12865.561,469.4214,2.783398
126.35999,18780.69,559.1637,2.087275
449.27997,14973.57,1988.1377,12.7679405
464.87997,33124.38,2057.1702,5.43977
92.03999,15227.61,407.29208,1.7734613
453.96,34713.0,2008.8475,5.000711
2722.2,19848.18,12046.182,61.932735
244.92,18255.21,1083.8112,5.156227
35.879997,15130.17,158.77489,0.08814275
703.56,18109.92,3113.3684,16.826326
599.04,18457.05,2650.8503,13.892609
223.07999,36893.22,987.1656,1.7745423
188.76,14198.4,835.29395,5.100252
483.59998,17228.61,2140.0093,11.879924
290.16,15530.37,1284.0056,7.573004
485.15997,31516.621,2146.9126,6.063543
2505.3599,14013.96,11086.629,81.03261
74.88,11776.32,331.3563,1.9176521
755.04,16038.45,3341.1758,20.601543
546.0,46520.64,2416.1396,4.3854775
273.0,27377.16,1208.0698,3.5756369
174.72,16435.17,773.1647,3.8780437
739.44,22690.47,3272.1436,13.953289
322.91998,37431.75,1428.974,2.958513
447.71997,26835.15,1981.2344,6.655608
335.4,25039.47,1484.2001,5.1463203
321.36,18239.55,1422.0707,7.0845327
79.56,16269.0,352.06604,1.2439396
954.72,36349.47,4224.7925,11.05189
642.72,36762.72,2844.1414,7.0221615
815.87994,17775.84,3610.4028,20.06073
1555.32,21542.94,6882.5464,32.12776
251.15999,16715.31,1111.4242,5.8946667
146.64,6179.61,648.90607,9.888515
215.28,18696.3,952.64935,4.283543
1049.88,40999.62,4645.8916,10.74998
1093.5599,16161.99,4839.182,30.047384
262.08,16624.83,1159.747,6.23359
675.48,14624.7,2989.1099,20.193504
422.75998,24956.82,1870.7823,6.772879
160.68,18162.99,711.03534,3.0593052
140.4,22702.65,621.293,1.8377085
283.91998,18804.18,1256.3926,5.9281745
390.0,32092.56,1725.8141,4.5761895
123.24,14919.63,545.35724,2.7902765
116.99999,11592.75,517.7442,3.63102
453.96,30252.51,2008.8475,5.8854675
219.95999,15045.78,973.3591,5.708204
560.04,45490.56,2478.2688,4.6490445
363.47998,15085.8,1608.4586,10.055781
1056.12,17843.7,4673.5044,26.158491
1129.44,75012.27,4997.957,5.9088864
53.039997,12196.53,234.7107,0.9954666
-17.16,4830.24,-75.935814,-2.6301434
845.51996,26814.27,3741.5647,13.468887
1450.7999,9635.25,6420.028,68.09105
257.4,27156.18,1139.0372,3.3492775
299.52,16816.23,1325.4252,7.172867
285.47998,30992.01,1263.2958,3.2267175
602.16,25912.08,2664.6567,9.663183
243.35999,24116.4,1076.908,3.6303515
6778.1997,27535.5,29994.646,111.95324
-24.96,7475.91,-110.452095,-2.5319965
170.04,19464.51,752.4549,3.0085278
162.23999,14715.18,717.9386,4.0590577
522.6,15220.65,2312.5908,14.75482
265.19998,14541.18,1173.5535,7.3685675
1691.0399,20117.88,7483.1294,37.569935
156.0,11070.75,690.3256,5.465838
229.31999,15688.71,1014.7786,5.7070565
-46.8,9690.06,-207.09769,-3.2161374
-42.12,6510.21,-186.38791,-3.9687295
276.12,13263.15,1221.8763,8.552751
538.19995,17169.45,2381.623,13.383499
63.96,10908.93,283.0335,1.6903179
3071.64,20315.37,13592.511,68.378174
5046.5996,16719.66,22332.031,137.49965
282.36,20190.09,1249.4893,5.4171495
151.31999,13979.16,669.61584,3.9669814
480.47998,18556.23,2126.203,10.8812685
143.51999,17421.75,635.09955,2.7800531
43.68,3377.34,193.29117,4.934513
346.31998,20362.35,1532.5228,6.8041744
631.8,16318.59,2795.8186,16.76537
235.56,17922.0,1042.3917,5.031042
243.35999,24635.791,1076.908,3.532731
695.75995,47391.51,3078.852,5.7365284
1602.12,22101.48,7089.644,32.2622
338.52,22448.61,1498.0066,5.9194593
939.12,45691.53,4155.7603,8.431107
251.15999,28486.41,1111.4242,3.0456657
2223.0,31119.9,9837.14,31.777702
195.0,8791.35,862.90704,9.177857
196.56,12610.65,869.81024,6.152122
1068.6,16643.97,4728.7305,28.460188
770.63995,15304.17,3410.2083,22.105694
124.799995,15738.3,552.2605,2.6385977
419.63998,19051.26,1856.9758,9.10719
1508.5199,21028.77,6675.448,31.916561
352.56,22702.65,1560.1359,6.125802
14.039999,14902.23,62.129303,-0.56769216
432.12,21131.43,1912.2019,8.383239
591.24,42683.94,2616.334,5.355892
405.59998,15263.28,1794.8466,11.193471
365.03998,22922.76,1615.3618,6.3071966
365.03998,26310.541,1615.3618,5.366312
59.28,13552.86,262.32373,1.0070329
43.68,12039.93,193.29117,0.6646999
695.75995,30155.94,3078.852,9.586779
42.12,4873.74,186.38791,2.9655483
550.68,20496.33,2436.8494,11.328222
123.24,18188.22,545.35724,2.1091292
513.24,10037.19,2271.1711,22.46311
99.84,12527.13,441.80838,2.6570444
126.35999,16247.25,559.1637,2.5686748
157.56,22745.28,697.2289,2.1785715
176.28,13853.01,780.06793,4.8389688
207.48,21069.66,918.13306,3.5185175
219.95999,19233.09,973.3591,4.247735
266.75998,24441.78,1180.4567,4.008009
461.75998,22185.0,2043.3638,8.550676
168.48,14967.48,745.55164,4.165078
84.24,13574.61,372.77582,1.8475294
132.59999,21132.3,586.77673,1.879214
753.48,16808.4,3334.2727,19.569447
510.12,19688.1,2257.3647,10.889013
238.68,17481.78,1056.1981,5.264806
383.75998,8303.28,1698.2009,20.207392
369.72,21595.14,1636.0718,6.8558683
762.83997,16158.51,3375.6921,20.662542
145.08,13358.85,642.0028,3.9832854
1152.84,52494.06,5101.5063,9.077114
332.28,24248.64,1470.3936,5.2877326
528.83997,15244.14,2340.2036,14.91837
307.31998,15947.1,1359.9414,7.8427305
240.23999,19121.73,1063.1014,4.764948
5197.92,27706.89,23001.648,85.08333
81.119995,11834.61,358.9693,2.1452215
608.39996,23842.35,2692.2698,10.708936
708.24,34318.89,3134.0784,8.469444
315.12,21287.16,1394.4578,5.7925916
213.71999,24287.791,945.74603,3.0377035
260.52,15907.95,1152.8438,6.5145693
131.04,10110.2705,579.8735,4.9472795
555.36,12855.99,2457.559,18.821947
354.12,15139.74,1567.0392,9.732708
308.87997,25718.07,1366.8446,4.5109773
336.96,20809.53,1491.1033,6.430077
23.4,4039.41,103.54884,1.6581237
357.24,13350.15,1580.8456,11.278666
207.48,18589.291,918.13306,4.1214232
255.84,16188.96,1132.134,6.251482
427.43997,34287.57,1891.4921,4.720259
4.68,6010.83,20.709768,-0.6427365
84.24,8106.66,372.77582,3.7681909
416.52,28060.98,1843.1693,5.8109903
499.19998,41937.48,2209.042,4.4619727
199.68,25543.2,883.61676,2.5870426
237.12,13530.24,1049.2949,7.0415535
-4.68,6282.27,-20.709768,-1.3418272
691.07996,23049.78,3058.1423,12.757477
137.28,14949.21,607.4865,3.2137256
943.8,36520.86,4176.4697,10.85813
224.63998,16902.36,994.06885,5.0984154
282.36,14686.47,1249.4893,7.8219175
124.799995,12849.03,552.2605,3.4567833
283.91998,11868.54,1256.3926,9.976805
170.04,16710.96,752.4549,3.6690326
371.28,10320.81,1642.975,15.506884
336.96,21193.2,1491.1033,6.2955675
199.68,21299.34,883.61676,3.301755
438.36,17121.6,1939.815,10.747997
410.28,19451.46,1815.5564,8.678441
243.35999,18263.041,1076.908,5.114393
1521.0,43783.62,6730.675,14.940239
450.84,25668.48,1995.041,7.0593414
1982.7599,17645.34,8774.038,50.56053
260.52,21222.78,1152.8438,4.632693
294.84,19502.791,1304.7155,5.936924
1046.76,23147.22,4632.085,19.750355
299.52,18781.56,1325.4252,6.3176465
517.92,24957.69,2291.8809,8.5221615
3176.16,64326.93,14055.029,21.656185
176.28,14268.87,780.06793,4.6687946
207.48,11954.67,918.13306,6.9637184
291.72,19320.96,1290.9089,5.9281096
196.56,16915.41,869.81024,4.3319964
541.32,9342.93,2395.43,25.58571
912.6,42465.57,4038.4048,8.860996
903.24,23579.61,3996.9854,16.576963
365.03998,23586.57,1615.3618,6.101546
393.12,31456.59,1739.6205,4.7344365
-17.16,8895.75,-75.935814,-1.88514
319.8,25564.08,1415.1675,4.7401805
-12.48,9395.13,-55.226048,-1.6095216
182.51999,18500.55,807.6809,3.5269222
747.24,21262.8,3306.6597,15.125639
251.15999,18744.15,1111.4242,5.148398
457.08,21566.43,2022.654,8.725037
99.84,7580.31,441.80838,5.043588
107.64,17408.7,476.32468,1.8371654
268.31998,14398.5,1187.36,7.5509233
1134.12,41395.47,5018.667,11.571394
28.079998,6284.0103,124.258606,1.0503948
453.96,24359.13,2008.8475,7.551318
96.71999,7014.81,428.00186,5.3267055
680.16,17960.28,3009.8196,16.377018
3923.4,34433.73,17361.69,51.282433
631.8,7963.98,2795.8186,35.402122
149.76,17622.72,662.7126,2.899421
929.75995,37209.9,4114.3403,10.46541
741.0,19402.74,3279.0466,16.523966
318.24,25465.77,1408.2642,4.7342315
414.96,11865.93,1836.2661,15.046553
324.47998,26159.16,1435.8772,4.691692
1116.96,22763.55,4942.7314,21.515152
123.24,15344.19,545.35724,2.6854029
455.52,7275.81,2015.7507,27.727865
622.44,16847.55,2754.3992,15.952665
9105.72,62212.832,40294.305,66.16014
421.19998,15037.95,1863.8792,11.852185
360.36,22185.0,1594.6521,6.4533997
18.72,11352.63,82.83907,-0.24336463
1260.48,43213.77,5577.831,12.384159
176.28,15616.5,780.06793,4.1796045
380.63998,19703.76,1684.3944,7.8642616
210.59999,21776.1,931.9396,3.4376755
62.399998,8133.63,276.13025,2.520282
135.72,8450.31,600.5833,6.3696785
31.199999,9516.06,138.06512,0.5044395
276.12,27061.35,1221.8763,3.6819382
53.039997,7212.3,234.7107,2.3744812
432.12,22253.73,1912.2019,7.9100227
159.12,23921.52,704.1321,2.052202
1257.36,17379.99,5564.0244,32.196125
315.12,22981.05,1394.4578,5.2919226
322.91998,16210.71,1428.974,8.140505
453.96,17198.16,2008.8475,11.111917
394.68,31973.371,1746.5238,4.6641397
78.0,13794.72,345.1628,1.5945318
319.8,19806.42,1415.1675,6.4088316
258.96,14991.84,1145.9404,6.9260173
1.56,9134.13,6.903256,-0.92163277
421.19998,11987.73,1863.8792,15.122362
182.51999,12756.811,807.6809,5.565164
180.95999,13251.84,800.7777,5.265903
116.99999,8773.95,517.7442,5.118824
56.159996,9144.57,248.51721,1.8180003
287.03998,16642.23,1270.1991,6.914221
109.2,15299.82,483.2279,2.275017
430.56,20326.68,1905.2987,8.719513
332.28,15923.61,1470.3936,8.575026
541.32,50490.45,2395.43,3.9195132
297.96,11628.42,1318.5219,10.757486
575.63995,7112.25,2547.3013,36.13823
330.72,30175.08,1463.4904,4.0290885
634.92,34887.87,2809.6252,7.3506794
67.079994,12376.62,296.84,1.4869568
149.76,10009.35,662.7126,5.865422
135.72,14344.561,600.5833,3.3414407
564.72,20659.02,2498.9785,11.542979
127.92,16301.19,566.067,2.6007786
262.08,18614.52,1159.747,5.460398
335.4,19508.01,1484.2001,6.889098
566.27997,23743.17,2505.8818,9.94384
265.19998,16410.81,1173.5535,6.4151635
170.04,17193.81,752.4549,3.5379138
48.359997,12543.66,214.00093,0.76904655
653.63995,44707.56,2892.464,5.7086463
343.19998,19936.92,1518.7163,6.8988976
1101.36,64527.03,4873.6987,6.831859
82.68,9943.23,365.8726,2.8154893
254.27998,18350.041,1125.2307,5.358467
315.12,23887.59,1394.4578,5.0531425
109.2,2850.99,483.2279,16.57536
109.2,12805.53,483.2279,2.9129322
12.48,8355.48,55.226048,-0.31463736
432.12,26614.17,1912.2019,6.4502134
441.47998,22060.59,1953.6215,8.182716
1374.36,39598.92,6081.7686,14.925549
-7.7999997,8664.33,-34.51628,-1.4130826
536.63995,29109.33,2374.72,7.459176
93.6,7851.75,414.19537,4.4699917
51.48,7522.02,227.80745,2.1403737
703.56,33909.12,3113.3684,8.520546
408.71997,33598.53,1808.653,4.5819097
296.4,20554.62,1311.6187,5.6167703
1709.7599,30633.57,7565.9683,24.610306
49.92,12588.9,220.90419,0.81955016
240.23999,18038.58,1063.1014,5.111112
23.4,7897.86,103.54884,0.359514
940.68,22524.3,4162.6636,18.163193
322.91998,27179.67,1428.974,4.4516506
500.75998,19529.76,2215.945,10.765489
92.03999,13579.83,407.29208,2.1099937
2388.3599,18071.64,10568.885,59.64283
283.91998,21409.83,1256.3926,5.0849924
-32.76,6332.73,-144.96837,-3.3737237
397.8,43239.0,1760.3303,3.221496
170.04,17527.02,752.4549,3.4516425
209.04,17449.59,925.0363,4.496946
1101.36,19486.26,4873.6987,24.934511
134.15999,16209.84,593.68,2.7977078
563.16,23176.8,2492.0754,10.149505
438.36,14022.66,1939.815,13.344248
2695.68,17941.14,11928.826,67.94385
386.87997,14380.23,1712.0074,11.344903
2052.96,13938.2705,9084.685,66.58477
617.75995,25062.96,2733.6892,10.310053
43.68,12071.25,193.29117,0.6603806
369.72,22929.72,1636.0718,6.398633
132.59999,16837.11,586.77673,2.6137094
63.96,20475.45,283.0335,0.4333501
85.799995,21136.65,379.67908,0.86263764
335.4,19753.35,1484.2001,6.791114
96.71999,11733.69,428.00186,2.7823255
617.75995,26983.05,2733.6892,9.5052395
446.15997,22929.72,1974.3312,7.9283075
171.59999,19923.0,759.35815,2.952208
127.92,18129.06,566.067,2.2377284
491.4,16101.96,2174.5256,13.003405
591.24,22252.86,2616.334,11.191446
901.68,38363.52,3990.082,9.784779
243.35999,19875.15,1076.908,4.618444
96.71999,6977.4,428.00186,5.3606267
391.56,22850.55,1732.7173,6.86283
-45.239998,6165.69,-200.19443,-4.366807
276.12,18759.81,1221.8763,5.753777
453.96,17400.87,2008.8475,10.97082
146.64,18507.51,648.90607,2.635647
837.72,43346.01,3707.0483,7.8680267
73.32,10556.58,324.45303,2.186959
324.47998,19265.28,1435.8772,6.728405
51.48,12781.17,227.80745,0.848184
585.0,14160.12,2588.7212,17.956852
351.0,22348.56,1553.2327,6.206673
212.15999,15233.7,938.8428,5.390507
312.0,18274.35,1380.6512,6.834115
193.43999,18047.28,856.0037,3.9182634
184.07999,11767.62,814.58417,6.177864
918.83997,26393.19,4066.0178,14.974426
151.31999,16582.2,669.61584,3.187275
269.88,19937.791,1194.2633,5.2111344
644.27997,18705.87,2851.0447,14.804254
1329.12,11697.15,5881.574,51.13884
102.96,12598.47,455.6149,2.7499719
226.2,18799.83,1000.9721,4.520977
106.079994,7575.96,469.4214,5.424999
221.51999,18059.46,980.2623,4.628406
2907.8398,35842.26,12867.669,36.226513
758.16,45258.27,3354.9824,6.686704
430.56,14722.14,1905.2987,12.419614
945.36,33957.84,4183.373,11.77422
594.36,18681.51,2630.1406,13.598722
368.15997,16609.17,1629.1683,9.171053
129.48,4299.54,572.9702,12.818405
524.16,17112.03,2319.494,13.055283
4.68,4146.42,20.709768,-0.4820953
886.07996,14995.32,3921.0493,26.114052
249.59999,18132.541,1104.521,5.316306
279.24,23186.371,1235.6829,4.526143
435.24,22427.73,1926.0084,7.904729
1889.1599,33081.75,8359.843,25.203392
3332.16,19725.51,14745.3545,76.513054
605.27997,13731.21,2678.4634,19.226688
34.32,9388.17,151.87163,0.6774268
2230.7998,42284.61,9871.655,23.207811
706.68,17139.0,3127.175,17.919714
641.16,36475.62,2837.2383,7.0656805
101.399994,7586.4,448.71164,5.133092
184.07999,18635.4,814.58417,3.5325766
388.43997,13572.0,1718.9106,12.1328
338.52,18784.17,1498.0066,7.2693167
480.47998,14931.811,2126.203,13.765225
287.03998,17232.09,1270.1991,6.6433144
229.31999,21603.84,1014.7786,3.8706646
279.24,20598.12,1235.6829,5.220529
131.04,12923.85,579.8735,3.6525307
714.48,25207.38,3161.6912,12.005877
237.12,22527.78,1049.2949,3.8297768
140.4,14615.13,621.293,3.408001
528.83997,12899.49,2340.2036,17.81174
46.8,14598.6,207.09769,0.47099745
335.4,23371.68,1484.2001,5.5849185
168.48,13694.67,745.55164,4.645131
1308.84,12766.38,5791.832,46.043114
847.07996,24637.53,3748.468,14.776278
517.92,13812.12,2291.8809,16.205986
107.64,16295.97,476.32468,2.030894
238.68,23735.34,1056.1981,3.614215
361.91998,28910.1,1601.5554,4.744342
31.199999,7343.67,138.06512,0.9494797
322.91998,13446.72,1428.974,10.019347
233.99998,22314.63,1035.4884,3.8117537
887.63995,34181.43,3927.9526,10.915819
578.75995,24887.22,2561.108,9.670858
166.92,13662.48,738.6484,4.6060386
131.04,14553.36,579.8735,3.1315956
232.43999,15352.0205,1028.5851,5.947404
107.64,13085.67,476.32468,2.7744617
399.36,20806.92,1767.2335,7.807122
683.27997,45088.62,3023.626,5.9535885
301.08,7281.9,1332.3284,17.972057
1407.12,48862.68,6226.737,12.213903
906.36,10123.32,4010.7917,40.082325
935.99994,10751.46,4141.9536,38.947136
82.68,14778.69,365.8726,1.5670941
218.4,17977.68,966.4558,4.5743756
517.92,27682.53,2291.8809,7.584878
146.64,15587.79,648.90607,3.3166332
2330.64,14994.45,10313.464,70.32173
54.6,9811.86,241.61395,1.5533981
260.52,17901.99,1152.8438,5.6775484
341.63998,26159.16,1511.813,4.992695
191.87999,23436.06,849.10046,2.756837
343.19998,21658.65,1518.7163,6.270983
262.08,21728.25,1159.747,4.5346017
1163.76,53574.6,5149.829,8.967397
438.36,23351.67,1939.815,7.6137094
909.48,33353.19,4024.5984,11.512181
3.12,10600.95,13.806512,-0.8649523
472.68,15865.32,2091.6865,12.670854
195.0,16383.84,862.90704,4.461302
477.36,18131.67,2112.3962,11.080515
252.71999,11463.99,1118.3274,9.115353
940.68,13658.13,4162.6636,30.602974
73.32,19204.38,324.45303,0.75186014
20.279999,6486.72,89.742325,0.43456435
1605.24,14252.34,7103.4507,50.681023
340.08,27457.2,1504.9098,4.68332
638.04,13690.32,2823.4316,20.385113
3063.8398,31389.6,13557.994,43.787575
784.68,30236.85,3472.338,10.907849
516.36,36877.56,2284.9778,5.4249196
241.79999,20953.95,1070.0046,4.2950206
474.24,22355.52,2098.5898,8.733985
388.43997,20806.92,1718.9106,7.5663013
67.079994,16234.2,296.84,0.8960047
257.4,15900.12,1139.0372,6.428231
388.43997,19206.99,1718.9106,8.279869
464.87997,24979.44,2057.1702,7.5395584
248.04,14628.18,1097.6177,6.7805214
349.44,35610.84,1546.3293,3.5026445
695.75995,23970.24,3078.852,12.318776
678.6,20145.72,3002.9163,14.456398
528.83997,18569.28,2340.2036,12.06792
-9.36,7531.59,-41.419537,-1.5702515
847.07996,23882.371,3748.468,15.275122
2623.92,48007.47,11611.276,24.079508
79.56,18051.63,352.06604,1.0223465
304.19998,15867.93,1346.1349,7.796627
326.03998,23705.76,1442.7804,5.3109426
1978.08,41564.25,8753.329,20.837412
349.44,20542.44,1546.3293,6.805448
282.36,19548.03,1249.4893,5.627923
386.87997,26523.69,1712.0074,5.6929812
1209.0,22577.371,5350.0234,23.571417
297.96,24547.05,1318.5219,4.569752
2176.2,7032.21,9630.042,140.99866
-45.239998,3712.29,-200.19443,-6.5918813
439.91998,17411.31,1946.7181,10.593632
230.87999,17549.64,1021.6819,5.036641
371.28,20563.32,1642.975,7.2848673
315.12,37287.332,1394.4578,2.8778582
369.72,34119.66,1636.0718,3.972165
586.56,48227.582,2595.6243,4.580771
464.87997,21234.09,2057.1702,9.045797
138.84,16966.74,614.3898,2.7548573
394.68,19628.07,1746.5238,8.2266655
444.59998,19250.49,1967.4279,9.597536
583.44,17937.66,2581.8179,13.924772
360.36,20189.22,1594.6521,7.190195
619.32,16328.16,2740.5928,16.404242
4060.68,33085.23,17969.176,55.317307
248.04,12552.36,1097.6177,8.067207
92.03999,14404.59,407.29208,1.9319255
226.2,11229.96,1000.9721,8.242546
3.12,7749.96,13.806512,-0.81527215
63.96,7849.14,283.0335,2.7390707
363.47998,28436.82,1608.4586,4.865118
698.88,29690.49,3092.6587,9.800963
597.48,15487.74,2643.947,16.701601
78.0,11652.78,345.1628,2.071442
282.36,18870.3,1249.4893,5.865965
396.24,16406.46,1753.427,10.082064
3012.3599,18447.48,13330.1875,73.928505
14.039999,9406.44,62.129303,-0.31511277
478.91998,25098.63,2119.2996,7.7556868
17.16,14457.66,75.935814,-0.45537633
1358.76,19454.07,6012.7363,31.048637
380.63998,41508.57,1684.3944,3.2077885
101.399994,16668.33,448.71164,1.7914066
145.08,12792.48,642.0028,4.203913
1795.5599,72962.55,7945.6475,10.292165
1051.44,27166.621,4652.7944,16.759312
909.48,25146.48,4024.5984,15.59561
920.39996,14389.8,4072.921,28.349392
102.96,12847.29,455.6149,2.677344
404.03998,14098.35,1787.9432,12.150229
88.92,14665.59,393.4856,1.7821286
187.2,11490.96,828.39075,6.475269
219.95999,18792.87,973.3591,4.3706627
535.07996,21774.36,2367.8167,10.275884
116.99999,19966.5,517.7442,1.6888165
702.0,28664.76,3106.4653,10.237407
173.15999,15869.67,766.2614,4.006762
171.59999,14937.03,759.35815,4.271452
494.52,22927.98,2188.3323,8.896812
744.12,16507.38,3292.8533,19.684359
287.03998,30968.52,1270.1991,3.2530375
547.56,21302.82,2423.043,10.794292
494.52,17638.38,2188.3323,11.864781
496.08,14612.5205,2195.2354,14.577718
388.43997,36351.21,1718.9106,3.9032307
241.79999,16493.46,1070.0046,5.727005
148.2,15523.41,655.8093,3.3806477
149.76,14189.7,662.7126,3.8428373
238.68,13678.14,1056.1981,7.006934
556.92,29009.28,2464.4624,7.8091326
-15.599999,15462.51,-69.03256,-1.462937
1037.3999,25468.38,4590.665,17.690554
201.23999,14077.47,890.52,5.559443
193.43999,15639.12,856.0037,4.6755924
23.4,3466.08,103.54884,2.0978084
216.84,20541.57,959.5526,3.8437648
616.19995,29836.65,2726.786,8.47652
868.92,18154.291,3845.1135,20.962297
95.159996,15729.6,421.0986,1.7759652
354.12,11282.16,1567.0392,13.40242
361.91998,23169.84,1601.5554,6.167485
82.68,16667.46,365.8726,1.2761889
1059.24,15445.11,4687.311,30.468834
165.36,12720.2705,731.7452,4.965013
530.39996,34284.96,2347.107,6.0986714
670.8,11351.76,2968.4001,26.114847
675.48,30356.91,2989.1099,9.210152
385.31998,14515.08,1705.1041,11.1809
354.12,30612.69,1567.0392,4.307943
1063.9199,13528.5,4708.0205,35.085823
59.28,13015.2,262.32373,1.0899439
689.51996,12971.7,3051.239,23.390865
176.28,12652.41,780.06793,5.3930345
249.59999,20375.4,1104.521,4.6210275
592.8,17227.74,2623.2373,14.789091
433.68,33956.97,1919.1052,4.8602715
246.48,18270.87,1090.7145,5.1901298
84.24,9817.08,372.77582,2.9374337
127.92,17475.69,566.067,2.358779
2360.28,73668.12,10444.627,13.701486
301.08,22354.65,1332.3284,5.18004
294.84,40471.53,1304.7155,2.3428283
502.31998,17022.42,2222.8484,12.540553
126.35999,15015.33,559.1637,2.8614638
240.23999,14663.85,1063.1014,6.51752
146.64,16059.33,648.90607,3.189887
237.12,22425.99,1049.2949,3.8516989
692.63995,24422.64,3065.0457,12.013443
262.08,16961.52,1159.747,6.090002
198.12,16289.01,876.7135,4.5809855
427.43997,30398.67,1891.4921,5.4520516
363.47998,14393.28,1608.4586,10.58772
354.12,34872.21,1567.0392,3.659596
472.68,30843.24,2091.6865,6.0320907
705.12,31599.27,3120.2717,9.239134
315.12,15071.88,1394.4578,8.593693
179.4,18586.68,793.87445,3.4289207
173.15999,11712.811,766.2614,5.7836547
333.84,20074.38,1477.2968,6.63086
182.51999,18316.11,807.6809,3.5725079
1563.12,14576.85,6917.0625,48.204624
500.75998,16095.0,2215.945,13.276308
1006.19995,38940.332,4452.6,10.8566475
363.47998,42574.32,1608.4586,2.9175096
2446.0798,20277.09,10824.305,54.35314
544.44,22084.08,2409.2363,10.312223
238.68,14909.19,1056.1981,6.3458023
326.03998,23620.5,1442.7804,5.3337226
400.91998,14597.73,1774.1367,11.602295
595.92,23393.43,2637.0437,10.688837
304.19998,21951.84,1346.1349,5.358659
870.48,18698.91,3852.0168,20.36091
255.84,17393.91,1132.134,5.7491407
597.48,24386.1,2643.947,10.242381
219.95999,26098.26,973.3591,2.8673139
421.19998,20006.52,1863.8792,8.6603775
516.36,23755.35,2284.9778,8.973979
544.44,21723.03,2409.2363,10.50024
6.24,3615.72,27.613024,-0.20810598
797.16,21708.24,3527.5637,15.849932
655.19995,43767.96,2899.3674,5.8690205
154.43999,14868.3,683.4223,3.7662377
213.71999,19427.97,945.74603,4.0477166
2494.44,24239.07,11038.307,46.220913
425.87997,37109.85,1884.5889,4.2659326
262.08,14346.3,1159.747,7.382455
51.48,10033.71,227.80745,1.354259
399.36,18187.35,1767.2335,9.075634
521.04,26975.22,2305.6875,7.8630524
358.8,8930.55,1587.7489,17.435354
149.76,16683.99,662.7126,3.118823
246.48,10166.82,1090.7145,10.124329
101.399994,10234.68,448.71164,3.5461206
163.79999,14070.51,724.84186,4.3417225
187.2,20302.32,828.39075,3.2309456
248.04,20143.98,1097.6177,4.650068
414.96,10715.79,1836.2661,16.768848
801.83997,23195.07,3548.2734,14.862413
132.59999,15666.96,586.77673,2.8836138
171.59999,10085.91,759.35815,6.806915
539.76,30491.76,2388.5266,7.122607
581.88,25008.15,2574.9146,9.676506
302.63998,12902.97,1339.2317,9.762519
188.76,26479.32,835.29395,2.2709987
2691.0,48548.61,11908.117,24.433971
666.12,35830.082,2947.6904,7.5306473
1828.32,78242.58,8090.616,9.7222595
151.31999,10278.18,669.61584,5.7554984
694.19995,21007.02,3071.9487,14.163428
538.19995,16024.53,2381.623,14.41117
800.27997,28677.81,3541.3704,11.804813
32.76,14285.4,144.96837,0.05227363
744.12,19807.291,3292.8533,16.238329
402.47998,20977.44,1781.04,7.8037786
109.2,15769.62,483.2279,2.1774495
273.0,31277.371,1208.0698,3.005066
297.96,8887.05,1318.5219,14.384295
285.47998,30096.78,1263.2958,3.3524413
138.84,21058.35,614.3898,2.0252936
656.75995,66423.63,2906.2705,3.5369215
1024.9199,34779.12,4535.439,12.522239
252.71999,20365.83,1118.3274,4.6939645
240.23999,17767.14,1063.1014,5.2044754
165.36,18317.85,731.7452,3.142221
116.99999,14085.3,517.7442,2.8115098
219.95999,13724.25,973.3591,6.3541474
177.84,10817.58,786.9712,6.543564
190.31999,8028.36,842.1972,9.877645
658.31995,15146.7,2913.1738,18.943266
31.199999,9950.19,138.06512,0.4388001
489.84,13744.26,2167.6223,15.353479
471.12,23792.76,2084.7834,8.085817
346.31998,14846.55,1532.5228,9.703586
670.8,36689.64,2968.4001,7.3893223
283.91998,17592.27,1256.3926,6.4054484
88.92,18573.63,393.4856,1.1967463
1026.48,23378.64,4542.3423,19.146912
283.91998,17748.0,1256.3926,6.340469
478.91998,18617.13,2119.2996,10.803953
241.79999,22814.88,1070.0046,3.863124
1233.96,25332.66,5460.4756,21.35103
277.68,14973.57,1228.7795,7.5093517
469.56,35647.38,2077.8801,5.044227
287.03998,19243.53,1270.1991,5.8443933
124.799995,16569.15,552.2605,2.4561422
786.24,38211.27,3479.241,8.441499
553.8,42715.26,2450.656,4.9490438
418.08,16398.63,1850.0726,10.69847
496.08,10620.96,2195.2354,20.432123
608.39996,29307.69,2692.2698,8.525436
35.879997,4973.79,158.77489,2.3101087
329.15997,17369.55,1456.5869,7.6955223
51.48,9766.62,227.80745,1.4186416
223.07999,14538.57,987.1656,6.0407057
176.28,16026.2705,780.06793,4.0471687
338.52,12915.15,1498.0066,11.027134
184.07999,15025.7705,814.58417,4.6214337
202.79999,18755.46,897.4233,3.9615512
182.51999,21380.25,807.6809,2.9171925
492.96,28835.28,2181.429,6.8444915
502.31998,17560.95,2222.8484,12.125316
399.36,44216.88,1767.2335,3.1443243
578.75995,61477.68,2561.108,3.319747
121.67999,21294.12,538.454,1.6220248
304.19998,23995.47,1346.1349,4.8171086
190.31999,18780.69,842.1972,3.64997
180.95999,14833.5,800.7777,4.597785
496.08,16082.82,2195.2354,13.153594
296.4,19282.68,1311.6187,6.053231
56.159996,4834.59,248.51721,4.330215
2982.72,25289.16,13199.025,53.119698
249.59999,17175.541,1104.521,5.6682434
446.15997,19618.5,1974.3312,9.435231
138.84,10907.19,614.3898,4.840889
2126.28,52367.04,9409.139,17.631153
1315.08,37623.15,5819.445,15.038889
644.27997,30047.19,2851.0447,8.838934
1427.3999,70380.39,6316.479,8.306176
6619.0796,91167.3,29290.514,32.314693
190.31999,15412.92,842.1972,4.6660023
449.27997,26142.63,1988.1377,6.885787
1232.3999,38179.082,5453.572,13.811649
329.15997,15178.0205,1456.5869,8.951056
653.63995,27016.11,2892.464,10.10179
467.99997,25189.98,2070.9768,7.5250177
1046.76,54555.09,4632.085,7.804184
49.92,9116.73,220.90419,1.5125384
120.119995,14102.7,531.5507,2.9083219
946.92,54982.26,4190.2764,6.9025626
42.12,5481.0,186.38791,2.5261908
204.35999,23512.621,904.3265,2.9881554
76.439995,17085.06,338.25952,1.0529642
221.51999,17402.61,980.2623,4.840847
698.88,17348.67,3092.6587,17.484755
2266.68,19745.52,10030.431,51.674316
263.63998,20430.21,1166.6503,4.9212813
68.64,12949.08,303.74326,1.4322915
160.68,13121.34,711.03534,4.619024
734.75995,38191.26,3251.4333,7.8279276
803.39996,41057.04,3555.1768,7.9788647
488.27997,19271.37,2160.719,10.626088
4580.1597,47337.57,20267.959,43.396828
2180.88,33183.54,9650.752,29.156876
151.31999,10231.2,669.61584,5.7865186
48.359997,17848.92,214.00093,0.24323034
449.27997,21703.02,1988.1377,8.4989195
132.59999,13204.86,586.77673,3.6077294
1053.0,36489.54,4659.6978,12.241502
154.43999,17789.76,683.4223,2.9835196
644.27997,16506.51,2851.0447,16.910044
48.359997,10834.11,214.00093,1.0481901
5814.1196,19368.81,25728.434,136.73943
702.0,30188.13,3106.4653,9.670338
176.28,11276.07,780.06793,6.1733584
188.76,17848.92,835.29395,3.8526087
185.64,13238.79,821.4875,5.4342885
109.2,13400.61,483.2279,2.739171
110.759995,7300.17,490.13116,5.961891
989.04,23394.3,4376.6646,18.399078
795.6,56808.39,3520.6606,5.4262786
124.799995,21171.45,552.2605,1.704838
162.23999,16697.91,717.9386,3.4583387
95.159996,17107.68,421.0986,1.552352
262.08,18352.65,1159.747,5.5525794
268.31998,31768.92,1187.36,2.8755007
574.07996,25584.09,2540.3982,9.296265
414.96,19026.03,1836.2661,9.007725
458.63998,18240.42,2029.5573,10.53757
691.07996,49602.18,3058.1423,5.3930016
895.43994,30403.02,3962.4688,12.514408
659.88,14125.32,2920.0774,20.43601
129.48,11235.18,572.9702,4.288103
438.36,30681.42,1939.815,5.5559063
369.72,33770.79,1636.0718,4.0235305
394.68,23499.57,1746.5238,6.706594
410.28,22171.95,1815.5564,7.4909
455.52,24293.88,2015.7507,7.60375
329.15997,18805.05,1456.5869,7.031743
783.12,25191.72,3465.4346,13.264211
502.31998,23832.78,2222.8484,8.67126
1003.07996,26929.98,4438.7935,16.091368
209.04,18129.93,925.0363,4.2906685
411.84,31203.42,1822.4596,5.056247
547.56,27810.42,2423.043,8.034445
666.12,18015.09,2947.6904,15.966541
2714.4,53914.77,12011.665,22.10167
87.36,4169.04,386.58234,8.615101
244.92,12961.26,1083.8112,7.670702
2180.88,38482.71,9650.752,25.004194
923.51996,13813.86,4086.7275,29.67669
96.71999,34521.6,428.00186,0.2855904
393.12,33834.3,1739.6205,4.331448
182.51999,17936.791,807.6809,3.6692052
352.56,17118.12,1560.1359,8.450488
517.92,18652.8,2291.8809,11.740775
296.4,20270.13,1311.6187,5.7096353
87.36,14103.57,386.58234,1.8422406
279.24,21174.06,1235.6829,5.051329
1460.1599,25344.84,6461.4473,25.435537
351.0,19378.38,1553.2327,7.311261
483.59998,10567.89,2140.0093,19.997871
1283.88,47562.9,5681.38,11.386066
1900.08,17795.85,8408.166,47.99259
372.84,21001.8,1649.8782,7.145978
374.4,18580.59,1656.7815,8.245995
444.59998,31942.05,1967.4279,5.386809
76.439995,5721.12,338.25952,5.1307955
223.07999,16728.36,987.1656,5.1190577
430.56,15713.07,1905.2987,11.573318
-39.0,6511.95,-172.5814,-3.748089
7001.28,56941.5,30981.812,55.419052
42.12,15454.68,186.38791,0.25056303
-1.56,6983.49,-6.903256,-1.1025013
1363.44,17436.541,6033.446,34.880043
268.31998,19611.541,1187.36,5.2779603
204.35999,21144.48,904.3265,3.4348211
145.08,24003.3,642.0028,1.7734084
570.95996,26607.21,2526.5916,8.846538
265.19998,20569.41,1173.5535,4.9160104
2472.5999,85863.78,10941.66,12.213598
230.87999,16969.35,1021.6819,5.2430725
385.31998,26612.43,1705.1041,5.6437654
390.0,22353.78,1725.8141,7.0055456
691.07996,28583.85,3058.1423,10.093915
-14.039999,8902.71,-62.129303,-1.7236392
296.4,28114.92,1311.6187,3.8374734
449.27997,10909.8,1988.1377,17.896334
546.0,34886.13,2416.1396,6.181533
410.28,23106.33,1815.5564,7.147543
878.27997,40901.31,3886.5332,8.853104
32.76,9392.5205,144.96837,0.6004385
471.12,28388.97,2084.7834,6.614812
198.12,10500.9,876.7135,7.6572313
174.72,17861.1,773.1647,3.4886084
2419.5598,29833.17,10706.949,36.214672
1176.24,39683.31,5205.055,12.600828
1820.5199,16102.83,8056.0996,50.87648
393.12,25220.43,1739.6205,6.152369
400.91998,23607.45,1774.1367,6.792663
135.72,12664.59,600.5833,3.9173374
625.56,23898.03,2768.2058,11.011139
88.92,15635.64,393.4856,1.6095226
20.279999,6928.68,89.742325,0.34305775
909.48,11246.49,4024.5984,36.106792
332.28,24251.25,1470.3936,5.287056
580.32,25305.69,2568.0112,9.522686
121.67999,16083.69,538.454,2.4714487
455.52,17660.13,2015.7507,10.835613
6096.48,147675.55,26977.926,17.942959
157.56,15636.51,697.2289,3.6236339
8996.52,48074.46,39811.08,84.869194
907.92,27844.35,4017.695,13.961936
566.27997,19924.74,2505.8818,12.041147
2461.68,14237.55,10893.338,78.3366
269.88,18658.89,1194.2633,5.6368523
942.24,17443.5,4169.567,23.785929
322.91998,15194.55,1428.974,8.751791
333.84,22539.96,1477.2968,5.7961426
316.68,30131.58,1401.361,3.8225417
299.52,23256.84,1325.4252,4.9095225
421.19998,17145.09,1863.8792,10.272646
255.84,15586.05,1132.134,6.5319886
68.64,5563.65,303.74326,4.6610208
421.19998,20578.98,1863.8792,8.391647
109.2,19826.43,483.2279,1.5272918
527.27997,13502.4,2333.3005,16.918745
472.68,22653.06,2091.6865,8.574533
480.47998,18611.91,2126.203,10.845725
633.36,24121.621,2802.722,11.048179
120.119995,15255.45,531.5507,2.6129968
2836.0798,43916.73,12550.119,28.632326
135.72,10008.48,600.5833,5.222329
989.04,27996.6,4376.6646,15.210106
198.12,8142.33,876.7135,10.164952
5171.4,43151.13,22884.293,53.9912
452.4,26193.96,2001.9442,6.9249887
1010.87994,10893.2705,4473.3096,41.581264
157.56,16194.18,697.2289,3.4644127
265.19998,21169.71,1173.5535,4.7482524
1848.6,43808.85,8180.3584,18.362362
1609.9199,22735.71,7124.16,31.491745
116.99999,14267.13,517.7442,2.7629333
301.08,17916.78,1332.3284,6.710796
224.63998,20420.64,994.06885,4.047717
12.48,7233.18,55.226048,-0.20829654
10.92,8038.8,48.322792,-0.3766834
182.51999,10532.22,807.6809,6.951843
542.88,23559.6,2402.3333,9.573365
110.759995,18027.27,490.13116,1.8192284
163.79999,23322.96,724.84186,2.2226079
388.43997,20626.83,1718.9106,7.6410933
400.91998,31106.85,1774.1367,4.9139676
474.24,21202.77,2098.5898,9.263202
134.15999,17404.35,593.68,2.5370605
-4.68,8780.04,-20.709768,-1.2445831
769.07996,35817.9,3403.3052,8.8525505
678.6,22921.02,3002.9163,12.584922
681.72,24741.06,3016.723,11.643433
474.24,27908.73,2098.5898,6.7971406
116.99999,18147.33,517.7442,1.9583557
301.08,18356.13,1332.3284,6.526239
1279.2,31522.71,5660.67,17.620535
127.92,17607.06,566.067,2.333718
63.96,10186.83,283.0335,1.8810227
126.35999,14545.53,559.1637,2.9861834
237.12,31441.8,1049.2949,2.4604933
68.64,18213.45,303.74326,0.72926795
349.44,29218.95,1546.3293,4.4876356
232.43999,19091.28,1028.5851,4.586671
636.48,12273.09,2816.5283,22.796227
315.12,19200.9,1394.4578,6.530636
1054.5599,22554.75,4666.601,20.454111
12637.56,24005.91,55923.277,240.5585
-3.12,7972.68,-13.806512,-1.1795675
129.48,16453.44,572.9702,2.6109645
265.19998,5843.79,1173.5535,19.823616
624.0,43075.44,2761.3025,5.647099
750.36,22002.3,3320.466,14.64872
625.56,17082.45,2768.2058,15.803358
137.28,18548.4,607.4865,2.396081
219.95999,19398.39,973.3591,4.203017
3725.2798,51847.65,16484.975,31.9691
751.92,16880.61,3327.3694,19.439053
0.0,4354.35,0.0,-1.0
709.8,28541.22,3140.9814,10.411448
218.4,12233.94,966.4558,7.1915016
70.2,14234.07,310.6465,1.2630036
645.83997,36429.51,2857.948,7.134837
268.31998,14191.44,1187.36,7.675685
322.91998,39714.63,1428.974,2.7309694
65.52,8215.41,289.93674,2.6595013
23.4,12672.42,103.54884,-0.1527071
907.92,19856.01,4017.695,19.981323
960.95996,12062.55,4252.406,35.554718
1843.9199,20003.91,8159.6484,41.2965
99.84,16675.291,441.80838,1.7473147
361.91998,11919.87,1601.5554,12.932156
179.4,17791.5,793.87445,3.6268682
182.51999,14553.36,807.6809,4.754723
747.24,37013.28,3306.6597,8.263599
215.28,12828.15,952.64935,6.7004642
608.39996,23788.41,2692.2698,10.735485
60.839996,6717.27,269.227,3.155982
271.44,17204.25,1201.1666,6.239614
1439.88,21742.17,6371.7056,29.3879
653.63995,16889.31,2892.464,16.758404
265.19998,9130.65,1173.5535,12.327511
34.32,6322.29,151.87163,1.4908645
244.92,22194.57,1083.8112,4.063546
219.95999,17234.7,973.3591,4.8562183
527.27997,20225.76,2333.3005,10.962274
354.12,8713.05,1567.0392,17.649084
313.56,21181.02,1387.5544,5.7928348
209.04,17044.17,925.0363,4.6276984
764.39996,50409.54,3382.5955,5.958013
127.92,10620.09,566.067,4.5269756
233.99998,19231.35,1035.4884,4.583202
254.27998,24608.82,1125.2307,3.7413135
138.84,26540.22,614.3898,1.4004204
229.31999,19775.97,1014.7786,4.3208547
372.84,19947.36,1649.8782,7.576584
212.15999,18194.31,938.8428,4.3506327
202.79999,16497.81,897.4233,4.6405168
516.36,14679.51,2284.9778,15.140549
51.48,9008.85,227.80745,1.6220832
603.72,11062.92,2671.56,24.040503
260.52,25207.38,1152.8438,3.7423172
435.24,17118.99,1926.0084,10.66616
330.72,22559.1,1463.4904,5.7269154
418.08,46621.56,1850.0726,3.114811
1113.84,22985.4,4928.925,21.235558
123.24,9546.51,545.35724,4.923581
45.239998,16541.31,200.19443,0.25496018
257.4,18930.33,1139.0372,5.2391815
42.12,13969.59,186.38791,0.38350892
655.19995,5753.31,2899.3674,51.255665
182.51999,18623.22,807.6809,3.4971037
227.76,21075.75,1007.87537,3.958744
146.64,13283.16,648.90607,4.06557
652.07996,24859.38,2885.5608,11.036156
257.4,14090.5205,1139.0372,7.3822145
251.15999,19448.85,1111.4242,4.92562
624.0,22712.22,2761.3025,11.606725
288.59998,15606.93,1277.1023,7.4850826
23.4,6033.45,103.54884,0.7796204
333.84,14814.36,1477.2968,9.34029
266.75998,14330.64,1180.4567,7.541465
109.2,10767.12,483.2279,3.6537209
129.48,15952.32,572.9702,2.724398
547.56,23041.95,2423.043,9.9040985
235.56,19191.33,1042.3917,4.632144
1024.9199,21342.84,4535.439,21.035097
1499.1599,28641.27,6634.029,23.017786
-18.72,2974.53,-82.83907,-3.8877842
340.08,10547.88,1504.9098,13.794257
360.36,23670.09,1594.6521,5.9857645
148.2,15321.57,655.8093,3.4383564
496.08,19615.02,2195.2354,10.604869
63.96,8676.51,283.0335,2.3825223
419.63998,43513.05,1856.9758,3.4252172
1574.0399,16233.33,6965.3853,43.492355
627.12,23550.03,2775.109,11.219023
308.87997,24968.13,1366.8446,4.6765046
195.0,12040.8,862.90704,6.431159
127.92,13519.8,566.067,3.341557
193.43999,18782.43,856.0037,3.725761
174.72,12087.78,773.1647,5.63244
1792.44,18555.36,7931.8413,43.325386
527.27997,28110.57,2333.3005,7.606943
237.12,16877.13,1049.2949,5.446839
301.08,17175.541,1332.3284,7.0435677
226.2,20785.17,1000.9721,3.993629
65.52,9348.15,289.93674,2.2160697
695.75995,9927.57,3078.852,31.158348
121.67999,14908.32,538.454,2.7451375
558.48,22741.8,2471.3657,10.268342
296.4,7231.44,1311.6187,17.807484
404.03998,9543.03,1787.9432,18.427427
254.27998,21640.38,1125.2307,4.3916855
377.52,20304.93,1670.5879,7.53131
375.96,17344.32,1663.6847,8.946301
184.07999,14171.43,814.58417,4.960328
121.67999,11796.33,538.454,3.7331424
1321.32,18545.791,5847.0576,31.69188
506.99997,16173.3,2243.558,13.384228
956.27997,19367.94,4231.696,21.655773
6.24,7267.98,27.613024,-0.60604364
315.12,31806.33,1394.4578,3.5461073
165.36,14758.68,731.7452,4.1411495
689.51996,20626.83,3051.239,14.338808
209.04,13497.18,925.0363,6.106629
497.63998,31142.52,2202.1387,6.332276
102.96,10153.7705,455.6149,3.6528435
282.36,18392.67,1249.4893,6.0442643
394.68,17603.58,1746.5238,9.287774
2528.76,21862.23,11190.179,52.075054
34.32,12722.88,151.87163,0.23776758
622.44,9496.05,2754.3992,29.07681
262.08,20930.46,1159.747,4.7455597
68.64,10647.06,303.74326,1.9581816
3293.16,21614.28,14572.773,68.91161
893.87994,28019.22,3955.5654,13.638629
188.76,13802.55,835.29395,5.275204
26.519999,12290.49,117.35535,-0.009894311
143.51999,10197.2705,635.09955,5.4581146
790.92,40929.15,3499.951,7.867008
358.8,15609.54,1587.7489,9.547258
273.0,18372.66,1208.0698,5.8181705
59.28,4171.65,262.32373,5.5204506
313.56,12101.7,1387.5544,10.88917
30858.36,54299.31,136553.31,259.76892
304.19998,20684.25,1346.1349,5.748336
294.84,15653.91,1304.7155,7.6425285
230.87999,18330.9,1021.6819,4.7793603
2067.0,21206.25,9146.814,43.725365
375.96,21837.871,1663.6847,6.899664
46.8,16841.46,207.09769,0.27509737
2666.0398,34298.88,11797.664,34.666786
421.19998,21152.31,1863.8792,8.137088
184.07999,15639.12,814.58417,4.400967
464.87997,45003.36,2057.1702,3.7399435
210.59999,22788.78,931.9396,3.2404757
87.36,10768.86,386.58234,2.7223754
602.16,20000.43,2664.6567,12.814966
106.079994,23322.09,469.4214,1.0871003
391.56,31668.0,1732.7173,4.673551
1402.44,11329.14,6206.027,55.802128
528.83997,34122.27,2340.2036,6.1115394
1157.5199,30550.05,5122.216,16.385765
716.04,21818.73,3168.5945,14.058617
396.24,21377.64,1753.427,7.5050287
70.2,12800.311,310.6465,1.5164821
419.63998,16200.2705,1856.9758,10.885894
340.08,17376.51,1504.9098,7.980403
145.08,15413.79,642.0028,3.318922
616.19995,31045.95,2726.786,8.10739
435.24,27521.58,1926.0084,6.256592
185.64,12938.64,821.4875,5.583551
647.39996,19536.72,2864.851,14.205415
198.12,25941.66,876.7135,2.5043526
301.08,15486.0,1332.3284,7.921131
1001.51996,25109.94,4431.89,17.301691
68.64,10740.15,303.74326,1.9325414
595.92,42052.32,2637.0437,5.5024233
404.03998,14308.0205,1787.9432,11.957524
480.47998,8897.49,2126.203,23.779074
764.39996,17460.9,3382.5955,19.087751
731.63995,35803.11,3237.627,8.376784
-6.24,8561.67,-27.613024,-1.3344285
5932.6797,35892.72,26253.082,74.8441
850.19995,17050.26,3762.2744,21.880598
101.399994,9930.18,448.71164,3.685523
326.03998,33348.84,1442.7804,3.486084
663.0,22015.35,2933.8838,12.818637
70.2,5346.15,310.6465,5.0252247
37.44,8814.84,165.67815,0.948941
326.03998,39232.65,1442.7804,2.8132956
2001.48,16774.47,8856.878,53.749443
361.91998,29285.07,1601.5554,4.67079
39.0,15353.76,172.5814,0.16553986
43.68,17361.72,193.29117,0.15442872
471.12,23630.94,2084.7834,8.148036
78.0,15233.7,345.1628,1.3494515
166.92,20723.4,738.6484,2.6959376
141.95999,15855.75,628.1963,3.1082458
497.63998,24939.42,2202.1387,8.156009
772.19995,19307.041,3417.1116,17.352335
358.8,8758.29,1587.7489,17.797945
697.31995,42884.04,3085.7554,6.461286
266.75998,25486.65,1180.4567,3.8026967
70.2,11033.34,310.6465,1.9194925
143.51999,18022.92,635.09955,2.6539662
60.839996,15104.07,269.227,0.8483
43.68,5945.58,193.29117,2.3710537
4155.84,25345.71,18390.273,74.23702
589.68,27147.48,2609.431,8.966993
3123.1199,27076.14,13820.318,51.92723
260.52,17471.34,1152.8438,5.8421426
808.07996,54303.66,3575.8865,5.8281417
382.19998,23868.45,1691.2977,6.34757
68.64,13444.98,303.74326,1.3425796
390.0,30877.17,1725.8141,4.79568
101.399994,14089.65,448.71164,2.3022883
107.64,17242.53,476.32468,1.8645077
1084.2,40958.73,4797.7627,11.146193
1.56,5940.36,6.903256,-0.87949944
132.59999,15428.58,586.77673,2.9436178
1087.32,47680.35,4811.5693,9.463939
296.4,12500.16,1311.6187,9.880276
290.16,20092.65,1284.0056,5.6263986
101.399994,13578.09,448.71164,2.4267035
46.8,8568.63,207.09769,1.506177
232.43999,8653.0205,1028.5851,11.32595
166.92,17044.17,738.6484,3.4937592
260.52,14979.66,1152.8438,6.9802475
478.91998,13033.47,2119.2996,15.860878
443.03998,16332.51,1960.5247,11.447074
1773.72,14752.59,7849.002,54.168865
88.92,17288.64,393.4856,1.3600211
162.23999,19751.61,717.9386,2.7690568
708.24,54777.81,3134.0784,4.932709
1522.5599,20445.0,6737.5776,33.17154
296.4,23175.93,1311.6187,4.868381
146.64,13009.11,648.90607,4.1722813
708.24,46274.43,3134.0784,6.0229025
967.19995,81772.17,4280.0186,4.427352
1118.52,24578.371,4949.635,19.8818
1375.9199,20813.88,6088.6714,29.33314
59.28,14946.6,262.32373,0.8198812
6.24,7955.2803,27.613024,-0.6400797
177.84,13472.82,786.9712,5.056869
366.59998,21614.28,1622.2651,6.7826757
959.39996,46474.53,4245.5024,8.472442
118.56,12652.41,524.64746,3.2997398
759.72,8697.39,3361.8857,39.08131
539.76,14148.811,2388.5266,16.504835
583.44,33930.0,2581.8179,6.890229
263.63998,17610.541,1166.6503,5.8693533
1391.5199,24949.86,6157.704,24.59167
1110.72,22136.28,4915.118,22.023811
246.48,16825.8,1090.7145,5.721763
195.0,21114.9,862.90704,3.2376285
113.88,15933.18,503.93768,2.2796104
195.0,15577.35,862.90704,4.7440515
447.71997,21315.0,1981.2344,8.638254
212.15999,17656.65,938.8428,4.513564
59.28,4717.14,262.32373,4.7664256
166.92,15650.43,738.6484,3.893948
18.72,4520.52,82.83907,0.90017986
202.79999,18986.01,897.4233,3.9013023
138.84,15831.39,614.3898,3.0241375
232.43999,15718.29,1028.5851,5.785515
168.48,15465.12,745.55164,3.9988756
42.12,11892.03,186.38791,0.6252105
143.51999,15927.09,635.09955,3.134788
177.84,19068.66,786.9712,3.279436
82.68,14464.62,365.8726,1.6228335
32.76,10581.81,144.96837,0.42056525
302.63998,14276.7,1339.2317,8.72693
131.04,6203.97,579.8735,8.691956
277.68,13117.86,1228.7795,8.713122
447.71997,25165.621,1981.2344,7.163494
221.51999,23370.81,980.2623,3.3492703
141.95999,17871.541,628.1963,2.6448634
280.8,18948.6,1242.586,5.7998176
335.4,16743.15,1484.2001,8.191855
67.079994,9501.2705,296.84,2.2395794
248.04,19751.61,1097.6177,4.762308
819.0,38276.52,3624.2095,8.818129
723.83997,30717.96,3203.1108,9.812533
1784.6399,38102.52,7897.3247,20.491869
1940.6399,44908.53,8587.65,18.828661
953.16,20953.08,4217.8896,19.873497
589.68,14493.33,2609.431,17.669191
196.56,17792.37,869.81024,4.0691905
421.19998,23505.66,1863.8792,7.2222967
868.92,12423.6,3845.1135,31.092945
131.04,18778.08,579.8735,2.2020636
386.87997,11611.0205,1712.0074,14.289143
193.43999,8577.33,856.0037,9.348357
382.19998,20208.36,1691.2977,7.6783447
561.6,20931.33,2485.172,11.311402
2038.9199,20304.06,9022.556,45.0781
583.44,16353.39,2581.8179,15.370642
20.279999,7143.57,89.742325,0.3026564
151.31999,27979.2,669.61584,1.4816372
7.7999997,6080.43,34.51628,-0.41137654
411.84,9689.19,1822.4596,18.503757
224.63998,19172.19,994.06885,4.3764133
74.88,18044.67,331.3563,0.9041194
257.4,18644.1,1139.0372,5.334967
45.239998,10730.58,200.19443,0.93453526
104.52,15819.21,462.51816,2.0317395
642.72,14773.47,2844.1414,18.962574
127.92,20931.33,566.067,1.8042641
781.56,19656.78,3458.5312,17.2443
324.47998,14261.04,1435.8772,9.440324
2023.32,30782.34,8953.523,29.160618
792.48,35705.67,3506.854,9.184234
500.75998,24181.65,2215.945,8.50213
709.8,41948.79,3140.9814,6.764148
508.55997,22552.14,2250.4614,9.347411
404.03998,20537.22,1787.9432,8.027343
1486.6799,16111.53,6578.8027,41.34069
1269.84,16777.95,5619.2505,33.72861
188.76,14341.08,835.29395,5.039561
581.88,16944.12,2574.9146,14.757659
62.399998,14637.75,276.13025,0.95608425
193.43999,20593.77,856.0037,3.3101034
1076.3999,19441.02,4763.246,24.40574
84.24,16173.3,372.77582,1.3899949
238.68,15186.72,1056.1981,6.211561
388.43997,14926.59,1718.9106,10.940997
258.96,6617.22,1145.9404,16.957022
399.36,39444.06,1767.2335,3.6457968
471.12,14997.93,2084.7834,13.413768
193.43999,16710.96,856.0037,4.31156
394.68,22258.95,1746.5238,7.1361265
248.04,18076.86,1097.6177,5.2961636
243.35999,14888.311,1076.908,6.500342
2578.68,23688.36,11411.082,48.95049
1059.24,35603.88,4687.311,12.651311
57.719997,9846.66,255.42047,1.6897669
148.2,21601.23,655.8093,2.148089
372.84,16627.44,1649.8782,9.289028
839.27997,41903.55,3713.9517,8.190376
338.52,20705.13,1498.0066,6.5021133
1494.48,27569.43,6613.3193,23.873653
107.64,9476.91,476.32468,4.2117577
700.44,34407.63,3099.562,8.341002
162.23999,21329.791,717.9386,2.490186
814.31995,16342.08,3603.4995,21.864674
600.6,15409.44,2657.7534,16.884455
-56.159996,10989.84,-248.51721,-3.3448389
475.8,18631.92,2105.4932,10.717747
834.6,17494.83,3693.242,20.890007
308.87997,9111.51,1366.8446,14.555239
433.68,20827.8,1919.1052,8.554396
141.95999,8034.45,628.1963,7.107502
1974.96,40308.84,8739.522,21.482018
162.23999,19817.73,717.9386,2.7564816
31.199999,7301.91,138.06512,0.96062887
396.24,11947.71,1753.427,14.217767
67.079994,13381.47,296.84,1.3002045
413.4,17801.07,1829.3629,9.656182
260.52,15994.08,1152.8438,6.474103
280.8,15655.65,1242.586,7.2300644
219.95999,17033.73,973.3591,4.9253116
702.0,25921.65,3106.4653,11.426583
282.36,13622.46,1249.4893,8.510971
447.71997,14756.94,1981.2344,12.921545
351.0,11747.61,1553.2327,12.709918
23520.12,26391.45,104080.39,407.9343
564.72,23342.1,2498.9785,10.101214
294.84,15936.66,1304.7155,7.489192
1939.08,39560.64,8580.747,21.491045
1510.08,24740.19,6682.3516,27.00749
372.84,15856.62,1649.8782,9.789197
318.24,31714.11,1408.2642,3.6044683
313.56,21709.98,1387.5544,5.627328
1018.68,44432.64,4507.826,9.519932
385.31998,19293.12,1705.1041,8.164238
268.31998,18966.0,1187.36,5.4916415
695.75995,27187.5,3078.852,10.742685
201.23999,16931.94,890.52,4.45362
567.83997,42630.0,2512.7852,5.1120644
2603.64,23510.01,11521.534,49.816574
758.16,14325.42,3354.9824,23.28459
82.68,16668.33,365.8726,1.2760704
205.92,17334.75,911.2298,4.4507747
494.52,14603.82,2188.3323,14.537985
809.63995,13731.21,3582.7898,26.055801
165.36,14599.47,731.7452,4.1972146
981.24,49558.68,4342.148,8.085164
678.6,37515.27,3002.9163,7.3000937
42.12,6458.0103,186.38791,1.9927256
28.079998,11912.91,124.258606,0.08157468
-17.16,6479.7603,-75.935814,-2.215166
249.59999,13806.03,1104.521,7.2957
76.439995,12226.98,338.25952,1.8686574
847.07996,43125.03,3748.468,8.01306
241.79999,16079.34,1070.0046,5.9002576
199.68,21647.34,883.61676,3.2326002
187.2,35297.64,828.39075,1.4335341
413.4,24776.73,1829.3629,6.6560326
319.8,19280.94,1415.1675,6.610751
322.91998,30826.71,1428.974,3.8066778
1352.5199,57752.34,5985.1226,9.746112
185.64,14165.34,821.4875,5.013424
1003.07996,28842.24,4438.7935,14.958198
567.83997,19826.43,2512.7852,12.141916
285.47998,16437.78,1263.2958,6.9691095
1173.12,13324.92,5191.2485,39.397556
1553.7599,17920.26,6875.6426,38.78477
1987.44,23104.59,8794.748,38.470535
271.44,19356.63,1201.1666,5.434597
238.68,8938.38,1056.1981,11.252775
390.0,19032.99,1725.8141,8.402316
174.72,15371.16,773.1647,4.215708
355.68,17735.82,1573.9424,8.202067
205.92,29840.13,911.2298,2.1664677
433.68,35709.15,1919.1052,4.5727196
160.68,18763.291,711.03534,2.9294345
120.119995,17119.86,531.5507,2.2195294
148.2,16763.16,655.8093,3.0566692
121.67999,11061.18,538.454,4.047717
277.68,17349.541,1228.7795,6.34402
326.03998,16614.39,1442.7804,8.004584
556.92,16162.86,2464.4624,14.810728
419.63998,16898.01,1856.9758,10.395111
394.68,23099.371,1746.5238,6.8401113
191.87999,16002.78,849.10046,4.501885
1900.08,20808.66,8408.166,40.899136
184.07999,14997.93,814.58417,4.631869
67.079994,4779.78,296.84,5.439652
753.48,19971.72,3334.2727,16.311453
739.44,34784.34,3272.1436,8.754308
1265.1599,34058.76,5598.5405,16.044876
655.19995,22965.39,2899.3674,12.091135
255.84,14696.04,1132.134,6.988135
804.95996,17078.1,3562.08,20.627783
113.88,17819.34,503.93768,1.9324667
1115.3999,34700.82,4935.8276,13.749188
266.75998,26084.34,1180.4567,3.692649
1120.08,16442.13,4956.5376,30.258503
360.36,13042.17,1594.6521,11.678386
40.559998,5499.27,179.48465,2.3843102
195.0,14492.46,862.90704,5.1740446
622.44,8388.54,2754.3992,33.04775
-54.6,6454.5303,-241.61395,-4.881551
441.47998,30144.63,1953.6215,5.72014
397.8,15556.47,1760.3303,10.733593
391.56,17745.39,1732.7173,9.124884
109.2,14288.01,483.2279,2.5069382
890.75995,22302.45,3941.759,17.326746
237.12,19161.75,1049.2949,4.6781945
500.75998,45552.332,2215.945,4.0442457
719.16,39477.12,3182.401,7.3590574
129.48,13858.23,572.9702,3.2871842
831.48,13895.64,3679.4355,26.456839
148.2,23135.91,655.8093,1.9392657
73.32,13878.24,324.45303,1.4241827
619.32,21798.72,2740.5928,12.036511
363.47998,12604.561,1608.4586,12.232139
670.8,28018.35,2968.4001,9.985701
188.76,19891.68,835.29395,3.3542743
347.87997,16759.68,1539.426,8.524473
368.15997,12899.49,1629.1683,12.09608
477.36,16764.9,2112.3962,12.065387
165.36,11269.98,731.7452,5.732628
558.48,25459.68,2471.3657,9.065421
634.92,16485.63,2809.6252,16.672203
2067.0,26005.17,9146.814,35.47187
581.88,22785.3,2574.9146,10.718065
221.51999,11967.72,980.2623,7.4933453
39.0,12487.11,172.5814,0.4331113
5177.6396,29448.63,22911.906,79.675934
195.0,18544.05,862.90704,3.825111
109.2,13141.35,483.2279,2.8129394
330.72,20503.291,1463.4904,6.401405
-34.32,4480.5,-151.87163,-4.514779
511.68,30730.14,2264.268,6.6403136
984.36,19854.27,4355.9546,21.749786
421.19998,23592.66,1863.8792,7.1919765
502.31998,26760.33,2222.8484,7.6132336
145.08,15854.88,642.0028,3.1987677
106.079994,7471.56,469.4214,5.5147753
85.799995,14120.1,379.67908,1.7882183
42.12,17735.82,186.38791,0.08971846
42.12,15836.61,186.38791,0.22040331
363.47998,22491.24,1608.4586,6.415567
110.759995,13687.71,490.13116,2.713038
499.19998,15862.71,2209.042,13.440243
452.4,23171.58,2001.9442,7.958684
152.87999,7335.84,676.51904,8.562646
385.31998,23724.9,1705.1041,6.4523697
149.76,17192.07,662.7126,2.997099
251.15999,9920.61,1111.4242,10.616876
1439.88,41294.55,6371.7056,14.999663
352.56,22918.41,1560.1359,6.0587173
235.56,20733.84,1042.3917,4.2131367
4.68,7203.6,20.709768,-0.7018921
1193.3999,33564.6,5280.9907,15.3148
383.75998,36098.04,1698.2009,3.8781295
269.88,20101.35,1194.2633,5.1605964
820.56,26188.74,3631.1128,13.377157
1230.84,37703.19,5446.669,13.979618
343.19998,20469.36,1518.7163,6.6934347
285.47998,17744.52,1263.2958,6.382249
332.28,24735.84,1470.3936,5.163889
23.4,9234.18,103.54884,0.16277266
388.43997,21405.48,1718.9106,7.326763
210.59999,21169.71,931.9396,3.5647888
-29.64,7043.52,-131.16187,-2.9309263
380.63998,27688.621,1684.3944,5.3079805
879.83997,12873.39,3893.4363,30.360865
3377.4,15441.63,14945.549,99.36138
299.52,17591.4,1325.4252,6.8127275
213.71999,19314.0,945.74603,4.077503
906.36,17440.89,4010.7917,22.84566
120.119995,18675.42,531.5507,1.9513602
725.39996,26127.84,3210.014,11.739468
765.95996,41591.22,3389.4985,7.450486
492.96,21779.58,2181.429,9.385788
279.24,22472.97,1235.6829,4.7015696
282.36,7702.98,1249.4893,15.819832
508.55997,18162.99,2250.4614,11.8478985
971.87994,20632.92,4300.7285,20.613705
1871.9999,38607.12,8283.907,21.249266
482.03998,14721.2705,2133.106,14.025018
452.4,40440.21,2001.9442,4.1331797
489.84,22152.81,2167.6223,9.146182
34.32,12592.38,151.87163,0.2505951
326.03998,23312.52,1442.7804,5.4173965
1121.64,6523.2603,4963.4414,77.89802
1528.7999,52589.76,6765.191,12.339106
2216.76,25505.791,9809.527,38.880184
319.8,11370.03,1415.1675,11.906073
703.56,24415.68,3113.3684,12.222378
23.4,13603.32,103.54884,-0.21068889
199.68,27579.0,883.61676,2.3222578
157.56,21072.27,697.2289,2.4309306
723.83997,25243.05,3203.1108,12.1576395
168.48,20634.66,745.55164,2.746522
321.36,41176.23,1422.0707,2.5811498
6681.48,19360.98,29566.646,157.35165
313.56,22980.18,1387.5544,5.2610116
566.27997,14973.57,2505.8818,16.35334
1184.0399,21005.28,5239.5713,24.86516
605.27997,25342.23,2678.4634,9.95945
188.76,21636.03,835.29395,3.0032215
441.47998,14826.54,1953.6215,12.663075
26.519999,16198.53,117.35535,-0.24876612
625.56,18334.38,2768.2058,14.655972
904.8,18306.541,4003.8884,21.678982
95.159996,13484.13,421.0986,2.238238
411.84,18871.17,1822.4596,9.013986
418.08,27061.35,1850.0726,6.089036
288.59998,36155.46,1277.1023,2.6626859
377.52,26260.08,1670.5879,5.5966153
531.95996,17133.78,2354.0103,13.246332
184.07999,24143.371,814.58417,2.4985328
56.159996,7970.07,248.51721,2.2332718
246.48,10332.12,1090.7145,9.946354
230.87999,23309.041,1021.6819,3.5450554
196.56,18969.48,869.81024,3.754633
43.68,7696.89,193.29117,1.6040218
792.48,17214.69,3506.854,20.123524
572.51996,23549.16,2533.4949,10.155589
79.56,9122.82,352.06604,3.0016851
299.52,12882.96,1325.4252,9.668109
115.439995,13672.05,510.84094,2.8743596
188.76,17835.0,835.29395,3.8563962
254.27998,24923.76,1125.2307,3.6814017
154.43999,16279.44,683.4223,3.3530889
329.15997,14197.53,1456.5869,9.638282
258.96,9127.17,1145.9404,12.018885
478.91998,24115.53,2119.2996,8.112623
1221.48,19528.89,5405.2495,27.700275
90.479996,5776.8,400.38885,6.1869154
338.52,20826.06,1498.0066,6.458551
184.07999,11625.811,814.58417,6.2654176
452.4,25937.31,2001.9442,7.0034075
302.63998,20511.12,1339.2317,5.7703986
40.559998,7142.7,179.48465,1.6056302
195.0,13723.38,862.90704,5.520048
400.91998,26529.78,1774.1367,5.9342794
101.399994,4985.1,448.71164,8.333431
279.24,17602.71,1235.6829,6.2790604
1368.12,15859.23,6054.156,38.58397
279.24,15758.311,1235.6829,7.1310244
112.31999,18972.96,497.03442,1.7164345
227.76,23793.63,1007.87537,3.3923202
21250.318,17520.93,94036.15,555.5262
138.84,14000.91,614.3898,3.5502534
695.75995,38634.96,3078.852,7.2633514
332.28,31570.56,1470.3936,3.8294668
466.43997,35760.48,2064.0735,4.9850764
283.91998,11264.76,1256.3926,10.56515
999.95996,23748.39,4424.987,18.320826
149.76,14523.78,662.7126,3.731441
78.0,11847.66,345.1628,2.0209205
315.12,17149.44,1394.4578,7.431471
589.68,48639.09,2609.431,4.5629897
377.52,36216.36,1670.5879,3.7831326
-24.96,13593.75,-110.452095,-1.8425245
491.4,40845.63,2174.5256,4.520353
1118.52,23988.51,4949.635,20.39527
116.99999,14426.34,517.7442,2.7214053
235.56,18073.38,1042.3917,4.980527
227.76,18443.13,1007.87537,4.6665673
404.03998,20458.05,1787.9432,8.062277
639.6,28214.1,2830.335,9.402064
82.68,12153.03,365.8726,2.1217146
1226.1599,10186.83,5425.959,54.231308
134.15999,13565.91,593.68,3.5378628
1218.36,35205.42,5391.443,14.879739
605.27997,42351.6,2678.4634,5.557884
159.12,9999.78,704.1321,6.301491
266.75998,19835.13,1180.4567,5.171104
159.12,16791.0,704.1321,3.3483596
650.51996,16182.0,2878.6577,17.44615
221.51999,10752.33,980.2623,8.453391
336.96,14166.21,1491.1033,9.914452
1137.24,17805.42,5032.4736,28.307392
174.72,13774.71,773.1647,4.8201933
78.0,12587.16,345.1628,1.8434403
204.35999,18211.71,904.3265,4.148994
405.59998,22112.791,1794.8466,7.416502
478.91998,21827.43,2119.2996,9.067871
819.0,30675.33,3624.2095,11.251011
385.31998,25552.77,1705.1041,5.9192786
361.91998,8935.7705,1601.5554,17.584797
96.71999,12407.07,428.00186,2.577044
641.16,19052.13,2837.2383,14.441878
1536.6,28809.18,6799.707,23.474125
430.56,11377.86,1905.2987,16.364023
386.87997,23021.94,1712.0074,6.711016
53.039997,5982.12,234.7107,3.0684185
135.72,18723.27,600.5833,2.3261318
4408.56,86954.76,19508.602,22.2638
1121.64,34316.28,4963.4414,13.997904
723.83997,29556.51,3203.1108,10.237423
609.95996,17045.041,2699.173,15.42028
444.59998,26681.16,1967.4279,6.646136
18.72,15047.5205,82.83907,-0.42915505
492.96,22335.51,2181.429,9.127286
126.35999,19066.92,559.1637,2.040929
37.44,4888.53,165.67815,2.5142677
101.399994,26696.82,448.71164,0.74283254
453.96,19604.58,2008.8475,9.625205
872.04,25535.371,3858.9202,14.670091
92.03999,13820.82,407.29208,2.0557656
3435.1199,32409.24,15200.97,47.635155
723.83997,30762.33,3203.1108,9.796939
23.4,11371.7705,103.54884,-0.055797756
564.72,29494.74,2498.9785,7.785487
335.4,12697.65,1484.2001,11.1204
106.079994,15508.62,469.4214,2.1386118
301.08,19818.6,1332.3284,5.9708576
1427.3999,22139.76,6316.479,28.583532
516.36,14481.15,2284.9778,15.361639
262.08,23038.47,1159.747,4.2198434
9.36,6831.24,41.419537,-0.37128538
301.08,21537.72,1332.3284,5.4144497
156.0,15552.12,690.3256,3.6026955
358.8,12892.53,1587.7489,11.770019
405.59998,21773.49,1794.8466,7.547658
68.64,12893.4,303.74326,1.4427953
246.48,16677.03,1090.7145,5.7817264
118.56,14398.5,524.64746,2.7783153
46.8,7340.19,207.09769,1.925606
716.04,25309.17,3168.5945,11.981853
24.96,14596.86,110.452095,-0.21537459
227.76,15040.561,1007.87537,5.948494
430.56,27517.23,1905.2987,6.179699
73.32,18401.37,324.45303,0.82830906
0.0,12016.44,0.0,-1.0
37.44,6579.81,165.67815,1.6109574
566.27997,33606.36,2505.8818,6.7319136
2870.4,34599.03,12701.991,37.067623
132.59999,11782.41,586.77673,4.164005
262.08,9288.12,1159.747,11.947422
1221.48,44768.46,5405.2495,11.519629
402.47998,17159.01,1781.04,9.7629
84.24,13116.12,372.77582,1.9470685
170.04,15610.41,752.4549,3.9982047
156.0,15626.94,690.3256,3.5806584
305.75998,25765.05,1353.0381,4.445364
262.08,17928.96,1159.747,5.7074275
703.56,15441.63,3113.3684,19.906689
357.24,22084.08,1580.8456,6.4226336
299.52,16906.71,1325.4252,7.1291285
163.79999,17648.82,724.84186,3.2586842
226.2,19302.69,1000.9721,4.3771486
274.56,17534.85,1214.973,6.184763
226.2,15403.35,1000.9721,5.738367
725.39996,35474.25,3210.014,8.382997
101.399994,13351.89,448.71164,2.4847567
99.84,8482.5,441.80838,4.4007983
1889.1599,23019.33,8359.843,36.657658
461.75998,18394.41,2043.3638,10.518812
154.43999,21298.47,683.4223,2.3272743
110.759995,21565.56,490.13116,1.3566737
212.15999,12519.3,938.8428,6.7760797
127.92,18113.4,566.067,2.2405279
46.8,8954.91,207.09769,1.3980701
624.0,11537.07,2761.3025,23.817974
400.91998,43557.42,1774.1367,3.223503
101.399994,24613.17,448.71164,0.8903736
336.96,25078.621,1491.1033,5.1652675
57.719997,13847.79,255.42047,0.9125955
21.84,5990.82,96.645584,0.6727985
678.6,33414.09,3002.9163,8.318831
170.04,9852.75,752.4549,6.9190097
826.8,19067.791,3658.7258,18.89653
146.64,13394.5205,648.90607,4.023455
193.43999,16514.34,856.0037,4.3748
104.52,6430.17,462.51816,6.4585466
48.359997,15440.76,214.00093,0.43712604
39.0,15860.97,172.5814,0.12826777
315.12,21247.14,1394.4578,5.805386
216.84,8538.18,959.5526,10.653366
2205.8398,20682.51,9761.203,47.938198
185.64,11994.69,821.4875,6.1016583
20.279999,7281.9,89.742325,0.2779106
93.6,12520.17,414.19537,2.430385
271.44,19970.85,1201.1666,5.2366962
29.64,18718.05,131.16187,-0.27340096
196.56,16238.55,869.81024,4.5542464
405.59998,9944.1,1794.8466,17.715858
252.71999,14479.41,1118.3274,7.008773
357.24,24982.05,1580.8456,5.5615926
731.63995,17594.01,3237.627,18.081383
730.07996,14333.25,3230.7236,22.372383
135.72,16395.15,600.5833,2.798444
51.48,7131.39,227.80745,2.3123913
478.91998,15959.28,2119.2996,12.769778
1478.88,53309.25,6544.287,11.729392
428.99997,19805.55,1898.3953,8.939112
1759.6799,44515.29,7786.8726,17.138515
163.79999,5066.88,724.84186,13.833735
1291.6799,15096.24,5715.896,38.261185
269.88,15022.29,1194.2633,7.2435036
3129.3599,94086.15,13847.932,14.2618475
817.43994,13145.7,3617.306,27.533129
115.439995,18035.97,510.84094,1.936933
597.48,29739.21,2643.947,8.218732
380.63998,19616.76,1684.3944,7.903574
310.44,18171.69,1373.748,6.8389816
1204.32,18810.27,5329.3135,28.378128
962.51996,24230.371,4259.309,17.227495
121.67999,6366.66,538.454,7.769701
258.96,14953.561,1145.9404,6.946306
1170.0,21723.9,5177.4424,23.712994
258.96,17575.74,1145.9404,5.7607718
379.08,14980.53,1677.4912,10.611302
407.15997,29493.0,1801.7498,5.3346615
257.4,18872.041,1139.0372,5.258452
946.92,18459.66,4190.2764,22.537853
574.07996,22124.97,2540.3982,10.90603
219.95999,12447.09,973.3591,7.108735
638.04,24085.95,2823.4316,11.15518
535.07996,31607.1,2367.8167,6.7680373
780.0,21045.3,3451.6282,16.00657
820.56,19662.0,3631.1128,18.14961
273.0,29870.58,1208.0698,3.1936893
4793.88,65772.87,21213.705,32.443954
120.119995,15684.36,531.5507,2.5141943
120.119995,16949.34,531.5507,2.2519197
140.4,25936.44,621.293,1.4838994
341.63998,18436.17,1511.813,7.5030603
650.51996,43280.76,2878.6577,5.8967266
-43.68,11655.39,-193.29117,-2.7196226
196.56,13791.24,869.81024,5.5398693
591.24,21240.18,2616.334,11.772705
605.27997,20774.73,2678.4634,12.368978
190.31999,19775.1,842.1972,3.4161415
9.36,10687.95,41.419537,-0.5981549
383.75998,17969.85,1698.2009,8.799243
285.47998,8092.74,1263.2958,15.186663
118.56,17139.0,524.64746,2.1741686
539.76,24595.77,2388.5266,9.069723
252.71999,13150.05,1118.3274,7.8183928
246.48,18976.44,1090.7145,4.9599724
260.52,17025.03,1152.8438,6.0215087
116.99999,19493.22,517.7442,1.7540989
170.04,12448.83,752.4549,5.2675786
2107.5598,22178.91,9326.298,42.60306
717.6,23369.94,3175.4978,13.089712
327.59998,16583.07,1449.6837,8.064758
485.15997,9653.5205,2146.9126,22.060913
154.43999,16488.24,683.4223,3.2979631
492.96,17165.1,2181.429,12.177792
237.12,26088.69,1049.2949,3.170549
369.72,40363.65,1636.0718,3.203004
71.759995,13026.51,317.54977,1.5277355
1232.3999,13102.2,5453.572,42.16032
382.19998,27151.83,1691.2977,5.459053
165.36,21584.7,731.7452,2.5152948
525.72,11509.23,2326.3972,19.959719
182.51999,16930.2,807.6809,3.9468145
120.119995,15148.44,531.5507,2.638519
1054.5599,50809.742,4666.601,8.523609
1421.1599,20664.24,6288.866,30.55737
491.4,19811.64,2174.5256,10.381303
581.88,21798.72,2574.9146,11.248409
397.8,24037.23,1760.3303,6.5937734
702.0,36483.45,3106.4653,7.8291416
500.75998,18283.05,2215.945,11.567769
499.19998,14330.64,2209.042,14.98403
-23.4,5350.5,-103.54884,-3.0067754
335.4,8885.31,1484.2001,16.320793
315.12,15492.96,1394.4578,8.332948
210.59999,19238.31,931.9396,4.0230637
1054.5599,28408.11,4666.601,16.03359
589.68,20489.37,2609.431,12.2058115
201.23999,6211.8,890.52,13.865315
85.799995,13299.69,379.67908,1.9602134
316.68,36952.38,1401.361,2.93238
124.799995,20868.69,552.2605,1.7440794
71.759995,4699.74,317.54977,6.0062537
39.0,6484.98,172.5814,1.7595181
1262.0399,20003.91,5584.734,27.949125
166.92,15105.811,738.6484,4.0703926
666.12,44403.93,2947.6904,5.8834844
751.92,30265.56,3327.3694,10.399877
269.88,18704.13,1194.2633,5.6208
65.52,10786.26,289.93674,1.7872777
196.56,8732.19,869.81024,9.328784
1583.3999,38253.03,7006.8047,17.99337
176.28,10833.24,780.06793,6.4665833
549.12,22612.17,2429.946,10.143003
372.84,23000.19,1649.8782,6.4382086
324.47998,17121.6,1435.8772,7.696027
675.48,28186.26,2989.1099,9.996445
74.88,10914.15,331.3563,2.1481338
279.24,15882.72,1235.6829,7.067334
263.63998,16647.45,1166.6503,6.2667603
828.36,44517.03,3665.629,7.5382757
12.48,10101.57,55.226048,-0.43310457
689.51996,24794.13,3051.239,11.760721
1258.9199,33093.93,5570.9272,16.455288
967.19995,19033.86,4280.0186,22.316677
282.36,14623.83,1249.4893,7.859705
925.07996,12215.67,4093.6306,33.748756
343.19998,10098.09,1518.7163,14.594997
74.88,20446.74,331.3563,0.6804246
180.95999,12065.16,800.7777,5.882192
329.15997,26129.58,1456.5869,4.780319
210.59999,19543.68,931.9396,3.9445786
327.59998,16045.41,1449.6837,8.3685055
-1.56,8967.09,-6.903256,-1.0798271
388.43997,23831.91,1718.9106,6.4789796
469.56,22371.18,2077.8801,8.63118
28.079998,4943.34,124.258606,1.606477
129.48,8962.74,572.9702,5.628864
-49.92,6035.19,-220.90419,-4.795429
224.63998,18082.08,994.06885,4.7005396
138.84,17879.37,614.3898,2.5631957
301.08,25045.56,1332.3284,4.5160527
494.52,16353.39,2188.3323,12.875651
39.0,8352.87,172.5814,1.1424277
227.76,15218.91,1007.87537,5.867065
102.96,10758.42,455.6149,3.3913422
1107.6,70194.21,4901.312,6.2403393
312.0,14765.64,1380.6512,8.69571
758.16,56464.742,3354.9824,5.161136
101.399994,9849.2705,448.71164,3.7240138
5631.5996,25987.77,24920.754,98.43518
586.56,22912.32,2595.6243,10.746828
438.36,25610.19,1939.815,6.8540816
1513.2,33771.66,6696.158,19.55991
51.48,7087.02,227.80745,2.3331294
280.8,11610.15,1242.586,10.097791
1737.84,18994.71,7690.227,40.98115
82.68,5094.72,365.8726,6.4465895
70.2,12466.23,310.6465,1.583921
282.36,22180.65,1249.4893,4.841254
341.63998,11934.66,1511.813,12.135177
265.19998,19484.52,1173.5535,5.2454114
260.52,18050.76,1152.8438,5.6225133
349.44,36058.02,1546.3293,3.446804
467.99997,26192.22,2070.9768,7.1988096
191.87999,15753.96,849.10046,4.588783
385.31998,28812.66,1705.1041,5.136425
3489.72,18135.15,15442.584,87.29715
1018.68,33530.67,4507.826,12.940322
277.68,17005.02,1228.7795,6.49281
159.12,17962.02,704.1321,3.0648718
48.359997,9220.26,214.00093,1.4066913
310.44,19957.8,1373.748,6.137437
266.75998,25403.13,1180.4567,3.8184867
81.119995,10022.4,358.9693,2.7139277
819.0,44071.59,3624.2095,7.5271215
1508.5199,75729.15,6675.448,8.140401
271.44,20893.05,1201.1666,4.961414
530.39996,30727.53,2347.107,6.9205093
201.23999,15511.23,890.52,4.9531293
825.24,33240.09,3651.8225,10.391879
230.87999,23782.32,1021.6819,3.4546065
503.87997,17804.55,2229.7517,11.985939
352.56,21171.45,1560.1359,6.641167
354.12,13917.39,1567.0392,10.675351
336.96,14551.62,1491.1033,9.625375
508.55997,11455.29,2250.4614,19.371048
663.0,25270.89,2933.8838,11.038441
2539.68,57497.43,11238.501,19.267857
46.8,6056.94,207.09769,2.5454378
354.12,20108.31,1567.0392,7.080759
396.24,10143.33,1753.427,16.924828
697.31995,35651.73,3085.7554,7.974882
223.07999,19757.7,987.1656,4.1808558
421.19998,18907.71,1863.8792,9.221783
219.95999,6498.9,973.3591,14.530345
1127.88,26397.541,4991.054,18.605444
1049.88,41084.01,4645.8916,10.725843
784.68,21634.291,3472.338,15.642832
1486.6799,18142.11,6578.8027,36.601654
825.24,15713.94,3651.8225,23.097525
291.72,19698.541,1290.9089,5.7953124
973.43994,20572.89,4307.632,20.711565
319.8,23158.53,1415.1675,5.3364315
257.4,19470.6,1139.0372,5.0660567
76.439995,13580.7,338.25952,1.5827105
416.52,21857.01,1843.1693,7.7442465
99.84,18372.66,441.80838,1.4935024
444.59998,17881.98,1967.4279,10.408566
984.36,13476.3,4355.9546,32.516644
762.83997,15305.04,3375.6921,21.870531
-51.48,9623.07,-227.80745,-3.454721
302.63998,25616.28,1339.2317,4.4211016
73.32,14555.1,324.45303,1.31145
3313.44,16663.98,14662.516,90.238396
483.59998,31942.05,2140.0093,5.947055
1184.0399,45649.77,5239.5713,10.901592
312.0,15790.5,1380.6512,8.066423
127.92,9918.0,566.067,4.918227
659.88,20553.75,2920.0774,13.731642
223.07999,10732.32,987.1656,8.537713
909.48,31594.05,4024.5984,12.208854
170.04,18547.53,752.4549,3.2067075
82.68,6044.7603,365.8726,5.2762275
106.079994,4945.08,469.4214,8.8432255
301.08,22330.291,1332.3284,5.1867814
1441.44,13239.66,6378.6084,48.957073
70.2,16549.14,310.6465,0.94643056
726.95996,34352.82,3216.9172,8.710137
73.32,12099.09,324.45303,1.7806544
123.24,17078.97,545.35724,2.3110616
1875.1199,22392.06,8297.713,37.424854
1638.0,18853.77,7248.419,38.865112
0.0,8082.3,0.0,-1.0
318.24,15676.53,1408.2642,8.314982
-18.72,2780.52,-82.83907,-4.0892787
322.91998,20415.42,1428.974,6.2579484
840.83997,25978.2,3720.855,13.851885
492.96,20180.52,2181.429,10.208735
808.07996,31263.45,3575.8865,10.860273
327.59998,10058.94,1449.6837,13.944071
127.92,19243.53,566.067,2.0502188
620.88,15152.79,2747.496,17.801495
336.96,21485.52,1491.1033,6.196308
717.6,23614.41,3175.4978,12.943846
210.59999,21350.67,931.9396,3.5260997
166.92,16954.56,738.6484,3.5175095
269.88,24005.041,1194.2633,4.1587625
828.36,16643.97,3665.629,21.837019
3895.3198,37177.71,17237.43,47.07704
28.079998,8442.48,124.258606,0.5261748
113.88,5260.02,503.93768,8.934301
40.559998,13033.47,179.48465,0.42795706
427.43997,21266.28,1891.4921,8.222759
-18.72,6466.71,-82.83907,-2.328311
736.31995,21990.121,3258.3367,14.364422
110.759995,11122.08,490.13116,3.5695577
174.72,20175.3,773.1647,2.973744
957.83997,19213.95,4238.599,21.874603
212.15999,17087.67,938.8428,4.6971536
248.04,24626.22,1097.6177,3.621694
503.87997,66555.0,2229.7517,2.473951
315.12,36840.15,1394.4578,2.9249296
968.75995,20725.14,4286.922,20.448454
126.35999,16883.22,559.1637,2.4342473
215.28,33732.51,952.64935,1.9284127
113.88,13124.82,503.93768,2.981359
430.56,19919.52,1905.2987,8.918182
280.8,12307.89,1242.586,9.468652
329.15997,12472.32,1456.5869,11.109802
658.31995,12340.08,2913.1738,23.479149
472.68,26531.52,2091.6865,7.174898
697.31995,29254.621,3085.7554,9.93742
787.8,40363.65,3486.1443,7.9557676
1057.6799,51819.81,4680.407,8.3656025
700.44,32409.24,3099.562,8.916978
336.96,24978.57,1491.1033,5.1899624
386.87997,21080.1,1712.0074,7.4213333
226.2,16485.63,1000.9721,5.2959933
113.88,20177.041,503.93768,1.5898061
853.31995,23988.51,3776.0808,15.322472
151.31999,12802.05,669.61584,4.4236803
137.28,12070.38,607.4865,4.2187147
6.24,6471.06,27.613024,-0.55752736
43.68,8127.54,193.29117,1.4660437
53.039997,11673.66,234.7107,1.0848446
472.68,31390.47,2091.6865,5.9095006
564.72,16306.41,2498.9785,14.891029
227.76,23064.57,1007.87537,3.5311594
508.55997,27679.92,2250.4614,7.430525
182.51999,19588.92,807.6809,3.2754045
678.6,28555.14,3002.9163,9.904526
116.99999,10023.2705,517.7442,4.3561616
418.08,19233.96,1850.0726,8.973968
40.559998,9966.72,179.48465,0.86733806
-3.12,10644.45,-13.806512,-1.1344957
170.04,13046.5205,752.4549,4.9804473
340.08,32957.34,1504.9098,3.7348495
541.32,29170.23,2395.43,7.515135
592.8,26804.7,2623.2373,9.1478615
400.91998,21094.89,1774.1367,7.720827
210.59999,15130.17,931.9396,5.386925
201.23999,15298.95,890.52,5.035732
340.08,19833.39,1504.9098,6.867946
0.0,11101.2,0.0,-1.0
719.16,18948.6,3182.401,16.415087
151.31999,14751.72,669.61584,3.7068563
1026.48,24850.68,4542.3423,17.953503
416.52,26974.35,1843.1693,6.0853634
290.16,21171.45,1284.0056,5.2887483
93.6,14328.03,414.19537,1.9975514
148.2,15183.24,655.8093,3.4787931
494.52,13471.08,2188.3323,15.844522
96.71999,15204.99,428.00186,1.9188206
790.92,16444.74,3499.951,21.069008
137.28,16224.63,607.4865,2.8824844
369.72,23202.03,1636.0718,6.311799
455.52,27551.16,2015.7507,6.5865583
294.84,13203.12,1304.7155,9.246773
1987.44,31201.68,8794.748,28.22761
67.079994,7475.04,296.84,3.1177197
436.8,18646.71,1932.9116,9.748742
372.84,13887.811,1649.8782,11.318731
466.43997,17208.6,2064.0735,11.43734
405.59998,24446.13,1794.8466,6.6131616
145.08,15944.49,642.0028,3.17517
386.87997,13587.66,1712.0074,12.064984
29.64,3935.8801,131.16187,2.4555213
207.48,23079.36,918.13306,3.1250553
34.32,7409.79,151.87163,1.1252921
184.07999,6471.06,814.58417,12.052942
243.35999,27624.24,1076.908,3.0423703
733.19995,25843.35,3244.5303,12.018199
2510.0398,41661.69,11107.338,26.645277
812.75995,17433.06,3596.5962,20.392715
227.76,19944.75,1007.87537,4.2399373
274.56,15049.26,1214.973,7.3714247
1494.48,53173.53,6613.3193,11.896501
205.92,14802.18,911.2298,5.3833714
173.15999,16299.45,766.2614,3.8747444
397.8,18822.45,1760.3303,8.697637
1054.5599,7726.47,4666.601,61.627842
1170.0,19010.37,5177.4424,27.240515
929.75995,60484.14,4114.3403,6.053531
258.96,16920.63,1145.9404,6.0225263
205.92,18136.02,911.2298,4.2099533
461.75998,25275.24,2043.3638,7.3829765
115.439995,18842.46,510.84094,1.8112271
129.48,18689.34,572.9702,2.1789665
1553.7599,31717.59,6875.6426,21.478172
182.51999,27338.01,807.6809,2.0635207
37.44,5541.9,165.67815,2.0999482
642.72,45820.29,2844.1414,5.436373
1839.24,67484.164,8138.939,11.505867
404.03998,40320.15,1787.9432,3.5981112
386.87997,20037.84,1712.0074,7.8593655
154.43999,15793.98,683.4223,3.4868898
496.08,36883.65,2195.2354,5.1715617
351.0,23091.541,1553.2327,5.9747953
110.759995,19199.16,490.13116,1.6471465
2071.68,23056.74,9167.523,40.228924
597.48,18211.71,2643.947,14.053929
427.43997,19038.21,1891.4921,9.302112
49.92,7447.2,220.90419,2.0758052
527.27997,17385.21,2333.3005,12.916775
73.32,7392.39,324.45303,3.551084
344.75998,19481.041,1525.6195,7.1204844
1332.24,33943.92,5895.381,17.009338
59.28,6525.0,262.32373,3.1687412
46.8,11435.28,207.09769,0.8779167
318.24,19662.0,1408.2642,6.426844
645.83997,19329.66,2857.948,14.3312645
293.28,17254.71,1297.8121,6.7992353
837.72,16257.69,3707.0483,22.643799
4951.44,22815.75,21910.936,98.58044
3742.44,32135.19,16560.912,52.43813
542.88,21582.96,2402.3333,10.541709
2166.8398,65229.992,9588.622,14.242519
67.079994,23336.01,296.84,0.31899667
622.44,8923.59,2754.3992,31.006275
14.039999,7136.61,62.129303,-0.0972814
287.03998,19380.12,1270.1991,5.7961545
252.71999,9029.73,1118.3274,11.842278
148.2,10587.03,655.8093,5.4231977
664.56,17936.791,2940.787,16.000696
102.96,12661.11,455.6149,2.731419
879.83997,24059.85,3893.4363,15.77985
304.19998,20487.63,1346.1349,5.8130994
383.75998,15714.811,1698.2009,10.205411
418.08,21629.07,1850.0726,7.8694935
511.68,44240.37,2264.268,4.307096
881.39996,17972.46,3900.3396,21.50312
725.39996,26861.25,3210.014,11.391634
238.68,11338.71,1056.1981,8.658943
226.2,20414.55,1000.9721,4.0842867
622.44,18183.87,2754.3992,14.706826
263.63998,10359.09,1166.6503,10.677959
1087.32,24265.17,4811.5693,19.561335
42.12,9894.51,186.38791,0.9533107
444.59998,17901.99,1967.4279,10.395815
48.359997,10502.64,214.00093,1.1128325
655.19995,21860.49,2899.3674,12.752803
148.2,15834.87,655.8093,3.2944837
9462.96,82085.37,41875.152,51.89791
232.43999,16349.91,1028.5851,5.523381
503.87997,38993.4,2229.7517,4.929435
-12.48,6566.7603,-55.226048,-1.8720486
327.59998,19201.77,1449.6837,6.828524
681.72,27332.791,3016.723,10.444566
51.48,8433.78,227.80745,1.8008735
93.6,22128.45,414.19537,0.94089544
135.72,16717.05,600.5833,2.7253017
485.15997,15911.43,2146.9126,12.991138
121.67999,16314.24,538.454,2.422391
1101.36,49679.61,4873.6987,9.172516
363.47998,38561.01,1608.4586,3.3252316
124.799995,17296.47,552.2605,2.3108108
248.04,19811.64,1097.6177,4.744848
2511.5999,29051.041,11114.242,38.67035
1126.32,12618.48,4984.151,39.957367
37.44,7012.2,165.67815,1.4499588
31.199999,8191.05,138.06512,0.7478024
308.87997,14936.16,1366.8446,8.489166
15.599999,12947.34,69.03256,-0.44713217
95.159996,13308.39,421.0986,2.2809997
519.48,18142.98,2298.7842,12.138248
221.51999,18721.53,980.2623,4.429363
393.12,20638.14,1739.6205,7.740411
107.64,13940.01,476.32468,2.5431364
482.03998,29640.9,2133.106,6.4622345
18.72,5269.59,82.83907,0.6300702
199.68,17016.33,883.61676,4.3845067
101.399994,13961.76,448.71164,2.3325374
218.4,19651.56,966.4558,4.099561
37.44,6640.71,165.67815,1.5870128
127.92,6906.06,566.067,7.499343
742.56,19307.041,3285.95,16.647903
199.68,21303.69,883.61676,3.3008766
156.0,12031.23,690.3256,4.9496555
585.0,46213.53,2588.7212,4.8085003
-70.2,4405.68,-310.6465,-8.311415
46.8,11871.15,207.09769,0.80896556
258.96,18882.48,1145.9404,5.2929006
1018.68,33135.69,4507.826,13.10649
418.08,40067.85,1850.0726,3.7878504
407.15997,12778.561,1801.7498,13.62044
333.84,18972.96,1477.2968,7.073847
101.399994,16616.13,448.71164,1.8001759
432.12,17782.8,1912.2019,10.150169
191.87999,17600.1,849.10046,4.0025544
307.31998,18890.31,1359.9414,6.464986
327.59998,13248.36,1449.6837,10.346424
258.96,16320.33,1145.9404,6.2808313
822.12,26945.64,3638.0159,12.999868
321.36,18154.291,1422.0707,7.1225014
166.92,14973.57,738.6484,4.1151724
449.27997,22869.69,1988.1377,8.014343
428.99997,24007.65,1898.3953,7.1994534
135.72,19405.35,600.5833,2.2092214
120.119995,6868.65,531.5507,7.02456
1400.88,26762.07,6199.124,23.019197
383.75998,50017.17,1698.2009,2.5206094
396.24,21217.56,1753.427,7.5691967
184.07999,20815.62,814.58417,3.057836
795.6,36572.19,3520.6606,8.98208
126.35999,9204.6,559.1637,5.29915
937.55994,18193.44,4148.8564,22.646206
313.56,16808.4,1387.5544,7.5599556
227.76,17878.5,1007.87537,4.845526
326.03998,13986.12,1442.7804,9.696725
783.12,21822.21,3465.4346,15.466709
347.87997,16729.23,1539.426,8.541809
268.31998,8097.09,1187.36,14.205522
586.56,17959.41,2595.6243,13.986411
444.59998,12675.9,1967.4279,15.094145
1017.11993,43777.53,4500.923,9.661006
422.75998,16310.76,1870.7823,10.893151
18.72,10216.41,82.83907,-0.15921533
271.44,16045.41,1201.1666,6.762477
99.84,4112.49,441.80838,10.139789
218.4,31388.73,966.4558,2.1926856
436.8,8606.91,1932.9116,22.28695
352.56,21025.291,1560.1359,6.6942854
505.43997,19695.06,2236.6548,10.775776
280.8,11315.22,1242.586,10.3870535
274.56,17370.42,1214.973,6.2527747
230.87999,15474.69,1021.6819,5.8460746
3188.64,21526.41,14110.255,66.96904
307.31998,22216.32,1359.9414,5.347401
630.24,23000.19,2788.9155,11.573374
357.24,22211.1,1580.8456,6.3801856
773.75995,25592.791,3424.015,12.872856
2511.5999,30108.96,11114.242,37.276478
396.24,9298.56,1753.427,18.553291
174.72,17292.99,773.1647,3.6360679
627.12,17582.7,2775.109,15.3659935
1193.3999,44283.0,5280.9907,11.365914
229.31999,20977.44,1014.7786,4.016106
488.27997,13765.14,2160.719,15.27667
1421.1599,71550.54,6288.866,8.113964
708.24,17569.65,3134.0784,17.496716
165.36,17067.66,731.7452,3.4456348
335.4,18689.34,1484.2001,7.2346725
400.91998,17681.01,1774.1367,9.40466
291.72,10540.05,1290.9089,11.699915
394.68,21055.74,1746.5238,7.601058
436.8,43814.07,1932.9116,3.5745277
428.99997,25353.541,1898.3953,6.7641854
1942.2,53918.25,8594.554,15.528576
513.24,13149.18,2271.1711,16.910145
542.88,15220.65,2402.3333,15.366203
315.12,18458.791,1394.4578,6.8333945
602.16,38662.8,2664.6567,6.14654
198.12,22051.02,876.7135,3.122654
1118.52,28974.48,4949.635,16.713541
1368.12,23004.541,6054.156,26.289019
708.24,15994.08,3134.0784,19.318819
212.15999,17753.22,938.8428,4.4835725
458.63998,42640.44,2029.5573,3.9354582
369.72,20940.03,1636.0718,7.1016397
199.68,19702.02,883.61676,3.6505156
293.28,12161.73,1297.8121,10.06533
106.079994,20054.37,469.4214,1.4271786
335.4,12373.14,1484.2001,11.438283
745.68,16587.42,3299.7563,19.627705
837.72,17466.12,3707.0483,21.007956
90.479996,11441.37,400.38885,2.6287062
645.83997,16015.83,2857.948,17.503452
1241.76,12527.13,5494.992,44.484493
881.39996,18533.61,3900.3396,20.821787
971.87994,16362.96,4300.7285,26.25386
60.839996,7535.94,269.227,2.7044954
179.4,14638.62,793.87445,4.623408
322.91998,21147.96,1428.974,6.0065417
129.48,17852.4,572.9702,2.3279998
514.8,5129.52,2278.0745,45.051003
375.96,6784.2603,1663.6847,24.428246
583.44,7716.9,2581.8179,33.6921
354.12,29666.13,1567.0392,4.477304
363.47998,31168.621,1608.4586,4.351064
491.4,31092.93,2174.5256,6.2518826
68.64,8722.62,303.74326,2.6108344
195.0,21033.99,862.90704,3.2539287
336.96,17161.62,1491.1033,8.00943
731.63995,21997.95,3237.627,14.261333
188.76,19401.87,835.29395,3.4642
215.28,16485.63,952.64935,4.992049
305.75998,33818.64,1353.0381,3.148602
628.68,28431.6,2782.0122,9.146252
95.159996,9197.64,421.0986,3.747394
614.63995,26754.24,2719.8828,9.541574
99.84,16671.81,441.80838,1.7478881
237.12,17429.58,1049.2949,5.2424994
180.95999,17636.64,800.7777,3.7080817
193.43999,15959.28,856.0037,4.561734
405.59998,27517.23,1794.8466,5.7634845
527.27997,10768.86,2333.3005,21.467194
131.04,15583.44,579.8735,2.8584938
1951.5599,31912.47,8635.974,27.060717
140.4,11909.43,621.293,4.409454
349.44,19421.01,1546.3293,7.25616
218.4,17926.35,966.4558,4.5903373
95.159996,18728.49,421.0986,1.331465
594.36,15585.18,2630.1406,16.499073
703.56,35705.67,3113.3684,8.041514
438.36,25875.541,1939.815,6.773538
524.16,21277.59,2319.494,10.30365
659.88,26156.55,2920.0774,10.576086
343.19998,11147.311,1518.7163,13.127146
237.12,17446.98,1049.2949,5.236274
127.92,14709.09,566.067,2.990524
39.0,7838.7,172.5814,1.2829576
756.6,21016.59,3348.079,15.518908
209.04,18164.73,925.0363,4.2805324
382.19998,10379.97,1691.2977,15.895531
67.079994,11308.26,296.84,1.7219148
235.56,15594.75,1042.3917,5.9310718
160.68,12520.17,711.03534,4.888828
469.56,14954.43,2077.8801,13.407828
187.2,16521.3,828.39075,4.1992283
377.52,16940.64,1670.5879,9.225566
368.15997,15035.34,1629.1683,10.235712
475.8,38219.97,2105.4932,4.712305
202.79999,21445.5,897.4233,3.3391933
717.6,27132.69,3175.4978,11.1357565
12.48,14282.79,55.226048,-0.59906054
566.27997,32289.18,2505.8818,7.047324
120.119995,18577.98,531.5507,1.9668398
5686.1997,70625.73,25162.367,35.943363
116.99999,16814.49,517.7442,2.1928566
578.75995,34025.7,2561.108,6.8049245
193.43999,16080.21,856.0037,4.5199075
42.12,7100.07,186.38791,1.7220933
173.15999,17948.97,766.2614,3.426753
56.159996,6302.2803,248.51721,3.0889015
241.79999,14017.44,1070.0046,6.9152536
444.59998,42063.63,1967.4279,3.8499804
441.47998,25310.91,1953.6215,7.0035105
98.28,10267.74,434.90512,3.3920522
882.95996,23316.871,3907.243,16.375929
1099.7999,16028.01,4866.7954,30.485558
205.92,15658.26,911.2298,5.0343747
767.51996,38845.5,3396.4019,8.066219
177.84,18193.44,786.9712,3.4853044
399.36,17168.58,1767.2335,9.673514
1043.64,26254.86,4618.2783,17.239725
145.08,17186.85,642.0028,2.873366
937.55994,18494.46,4148.8564,22.261333
730.07996,42770.94,3230.7236,6.832473
684.83997,33983.94,3030.5293,8.246825
808.07996,22499.94,3575.8865,15.479736
34.32,7770.84,151.87163,1.0265465
3339.96,34652.1,14779.871,43.22715
1118.52,22388.58,4949.635,21.924215
244.92,15962.76,1083.8112,6.040338
43.68,5438.37,193.29117,2.6854548
291.72,18204.75,1290.9089,6.352902
209.04,14387.19,925.0363,5.667003
419.63998,21633.42,1856.9758,7.900799
266.75998,22635.66,1180.4567,4.407603
48.359997,7538.55,214.00093,1.9435792
45.239998,10813.23,200.19443,0.9197489
859.56,14408.07,3803.694,26.37459
377.52,20066.55,1670.5879,7.632657
151.31999,16638.75,669.61584,3.1730433
326.03998,21053.13,1442.7804,6.1061015
541.32,26292.27,2395.43,8.447204
527.27997,13655.5205,2333.3005,16.717821
260.52,22060.59,1152.8438,4.418776
496.08,18758.94,2195.2354,11.134466
338.52,15892.29,1498.0066,8.774062
118.56,12793.35,524.64746,3.2523713
438.36,14187.96,1939.815,13.177127
338.52,20728.62,1498.0066,6.493613
131.04,22813.14,579.8735,1.6357005
1096.6799,30191.61,4852.989,15.667517
355.68,36760.11,1573.9424,3.4397645
43.68,6190.05,193.29117,2.2379172
360.36,14365.44,1594.6521,10.510518
126.35999,16363.83,559.1637,2.5432506
372.84,16118.49,1649.8782,9.61391
263.63998,15986.25,1166.6503,6.5673175
355.68,15169.32,1573.9424,9.758967
59.28,18009.0,262.32373,0.5104135
552.24,28784.82,2443.7527,7.8032217
929.75995,28220.19,4114.3403,14.117785
614.63995,26572.41,2719.8828,9.613708
934.43994,16743.15,4135.0503,24.608934
67.079994,18795.48,296.84,0.63763404
70.2,15781.8,310.6465,1.0410697
193.43999,12207.84,856.0037,6.270842
31.199999,5314.83,138.06512,1.6936581
140.4,15047.5205,621.293,3.2813368
62.399998,6405.81,276.13025,3.4697971
-7.7999997,5883.81,-34.51628,-1.6082935
1669.2,36126.75,7386.484,20.20102
414.96,27558.121,1836.2661,5.9092975
23.4,5657.61,103.54884,0.8978424
556.92,30106.35,2464.4624,7.4881296
341.63998,28670.85,1511.813,4.467709
151.31999,14858.73,669.61584,3.6729584
488.27997,11504.88,2160.719,18.4744
205.92,19220.91,911.2298,3.9158864
173.15999,34935.72,766.2614,1.2743387
258.96,23321.22,1145.9404,4.0951695
580.32,21837.0,2568.0112,11.194159
-9.36,14118.36,-41.419537,-1.3042067
492.96,26056.5,2181.429,7.6810627
336.96,40552.44,1491.1033,2.8127525
17.16,8444.22,75.935814,-0.06752968
750.36,24554.01,3320.466,13.022469
957.83997,26104.35,4238.599,15.836714
812.75995,21413.31,3596.5962,16.416294
269.88,30112.44,1194.2633,3.112463
471.12,13520.67,2084.7834,14.988606
21900.84,40354.95,96914.81,248.02402
76.439995,14548.14,338.25952,1.4109623
327.59998,18340.47,1449.6837,7.196164
274.56,17700.15,1214.973,6.1176653
497.63998,33690.75,2202.1387,5.777693
441.47998,22797.48,1953.6215,7.8859005
246.48,20259.69,1090.7145,4.582467
198.12,21448.11,876.7135,3.2385426
255.84,14290.62,1132.134,7.214756
486.71997,29920.17,2153.816,6.464357
307.31998,19222.65,1359.9414,6.335924
233.99998,13126.561,1035.4884,7.1797905
174.72,20956.56,773.1647,2.8256028
655.19995,12075.6,2899.3674,23.896736
639.6,28289.791,2830.335,9.374233
480.47998,44879.82,2126.203,3.912488
141.95999,23110.68,628.1963,1.8185811
171.59999,16781.43,759.35815,3.692082
116.99999,12785.5205,517.7442,3.1989884
190.31999,16181.13,842.1972,4.397005
-10.92,7039.17,-48.322792,-1.7118335
321.36,20732.1,1422.0707,6.112557
511.68,10843.68,2264.268,20.652052
304.19998,18122.97,1346.1349,6.702063
664.56,33549.81,2940.787,8.089111
126.35999,19707.24,559.1637,1.9421244
138.84,19781.19,614.3898,2.2206197
678.6,19303.56,3002.9163,15.130718
316.68,48783.51,1401.361,1.9786868
1672.32,12053.85,7400.2905,62.660625
433.68,37161.18,1919.1052,4.3549714
430.56,37059.39,1905.2987,4.331049
201.23999,18039.45,890.52,4.1188016
365.03998,17169.45,1615.3618,8.755765
1467.96,41981.85,6495.964,15.044638
599.04,15974.94,2650.8503,16.206553
-9.36,10634.01,-41.419537,-1.4038835
291.72,19339.23,1290.9089,5.921565
1003.07996,28716.09,4438.7935,15.028303
787.8,28556.01,3486.1443,11.658893
380.63998,17041.56,1684.3944,9.24902
140.4,16902.36,621.293,2.8115098
547.56,13809.51,2423.043,17.194105
74.88,16543.92,331.3563,1.076848
252.71999,16943.25,1118.3274,5.844159
151.31999,27214.47,669.61584,1.5513716
1452.36,45890.76,6426.9316,13.521996
184.07999,12742.0205,814.58417,5.628962
138.84,15516.45,614.3898,3.105816
496.08,22408.59,2195.2354,9.158146
1076.3999,16106.311,4763.246,29.665836
330.72,16190.7,1463.4904,8.37286
221.51999,20772.99,980.2623,3.89318
84.24,21929.22,372.77582,0.76267564
274.56,21668.22,1214.973,4.8142176
365.03998,20386.71,1615.3618,7.2161903
235.56,21859.621,1042.3917,3.9446573
226.2,18216.06,1000.9721,4.6979074
1968.72,30606.6,8711.909,28.515228
223.07999,18000.3,987.1656,4.6866713
28.079998,5927.31,124.258606,1.1737857
630.24,15654.78,2788.9155,17.472952
191.87999,23775.36,849.10046,2.703223
78.0,15933.18,345.1628,1.2463086
2310.3599,24524.43,10223.722,42.227287
3.12,7368.9,13.806512,-0.8057195
280.8,22975.83,1242.586,4.6079373
124.799995,17765.4,552.2605,2.2234197
177.84,16355.13,786.9712,3.9894505
81.119995,12418.38,358.9693,1.9973693
505.43997,47180.1,2236.6548,3.9157295
165.36,20482.41,731.7452,2.7044752
658.31995,37631.85,2913.1738,7.0271006
230.87999,21520.32,1021.6819,3.92283
391.56,15278.07,1732.7173,10.759994
42.12,4273.44,186.38791,3.5225983
391.56,11736.3,1732.7173,14.308914
684.83997,9166.32,3030.5293,33.28241
213.71999,22332.9,945.74603,3.39114
1555.32,19424.49,6882.5464,35.7407
39.0,13241.4,172.5814,0.35147488
212.15999,21890.94,938.8428,3.4470944
42.12,3556.56,186.38791,4.4341984
672.36,20399.76,2975.3035,14.123562
143.51999,17493.09,635.09955,2.7646377
396.24,17502.66,1753.427,9.38799
288.59998,24066.81,1277.1023,4.502436
7.7999997,13221.39,34.51628,-0.72929597
1141.9199,14693.43,5053.183,34.660686
424.31998,17145.96,1877.6855,10.35557
301.08,18107.31,1332.3284,6.6296606
820.56,18730.23,3631.1128,19.102242
112.31999,14484.63,497.03442,2.558172
82.68,15517.32,365.8726,1.4448996
274.56,28020.96,1214.973,3.4960537
165.36,22201.53,731.7452,2.4176285
233.99998,20321.46,1035.4884,4.2837005
887.63995,27914.82,3927.9526,13.590806
173.15999,13798.2,766.2614,4.7584076
1349.3999,19762.92,5971.3164,30.330465
190.31999,18049.89,842.1972,3.8382363
79.56,14871.78,352.06604,1.4547601
60.839996,19828.17,269.227,0.40793908
477.36,21926.61,2112.3962,8.989684
553.8,44885.91,2450.656,4.6613526
54.6,8268.48,241.61395,2.0300107
351.0,27478.95,1553.2327,4.8611693
218.4,20154.42,966.4558,3.9723258
180.95999,12389.67,800.7777,5.7019334
569.39996,29131.08,2519.6882,7.968877
385.31998,21750.0,1705.1041,7.1290445
667.68,29978.46,2954.5935,9.219656
93.6,12490.59,414.19537,2.438509
-14.039999,8226.72,-62.129303,-1.7831008
347.87997,17506.14,1539.426,8.11835
-40.559998,6286.62,-179.48465,-3.9604516
319.8,26027.791,1415.1675,4.6379137
513.24,21422.88,2271.1711,9.993092
2647.3198,17527.02,11714.825,68.30677
262.08,10377.36,1159.747,10.58842
-12.48,12014.7,-55.226048,-1.4766273
283.91998,18641.49,1256.3926,5.988639
790.92,12768.99,3499.951,27.421911
374.4,27726.9,1656.7815,5.1960053
569.39996,13889.55,2519.6882,17.810768
939.12,31981.2,4155.7603,12.474219
496.08,23476.08,2195.2354,8.69624
327.59998,34861.77,1449.6837,3.3119302
1340.0399,37670.13,5929.8965,15.32292
2574.0,23651.82,11390.373,48.936863
241.79999,22170.21,1070.0046,4.0045347
3127.7998,20592.9,13841.027,68.69453
229.31999,18579.72,1014.7786,4.663436
393.12,16929.33,1739.6205,9.655225
196.56,15143.22,869.81024,4.955993
488.27997,31653.21,2160.719,6.0782905
174.72,17158.14,773.1647,3.672504
1109.1599,23977.2,4908.215,20.226236
-17.16,11104.68,-75.935814,-1.709069
280.8,19494.96,1242.586,5.6092467
123.24,9147.18,545.35724,5.1821814
82.68,11619.72,365.8726,2.2649918
703.56,17500.92,3113.3684,17.44665
960.95996,13013.46,4252.406,32.883617
176.28,13144.83,780.06793,5.1535444
282.36,16605.69,1249.4893,6.8023157
201.23999,13826.04,890.52,5.678728
290.16,25502.31,1284.0056,4.2207785
438.36,22180.65,1939.815,8.068468
104.52,9478.65,462.51816,4.059763
1131.0,30849.33,5004.861,15.822641
216.84,25438.8,959.5526,2.91129
2967.1199,21102.72,13129.993,63.516968
365.03998,25458.81,1615.3618,5.579298
138.84,12126.061,614.3898,4.253783
201.23999,11195.16,890.52,7.2482395
244.92,14926.59,1083.8112,6.5290627
912.6,24181.65,4038.4048,16.316965
268.31998,17293.86,1187.36,6.119318
368.15997,13505.01,1629.1683,11.508895
950.04,34927.89,4204.083,11.4809265
625.56,16865.82,2768.2058,16.019186
212.15999,18978.18,938.8428,4.129632
836.16,14325.42,3700.1453,25.783003
269.88,23811.03,1194.2633,4.200796
1187.1599,22363.35,5253.3774,23.358448
488.27997,42570.84,2160.719,4.263007
312.0,23094.15,1380.6512,5.1991177
87.36,15328.53,386.58234,1.6151063
285.47998,16128.93,1263.2958,7.121709
282.36,17856.75,1249.4893,6.255678
131.04,21679.53,579.8735,1.7735198
101.399994,24829.8,448.71164,0.87388074
2043.6,60379.742,9043.266,14.530375
168.48,17748.0,745.55164,3.3558831
188.76,22673.94,835.29395,2.8199725
2352.48,18593.64,10410.11,57.054886
102.96,14002.65,455.6149,2.373926
-1.56,8075.34,-6.903256,-1.0886424
212.15999,13228.35,938.8428,6.359276
1196.5199,73467.15,5294.797,6.473155
151.31999,17589.66,669.61584,2.9474456
3.12,8657.37,13.806512,-0.8346341
18.72,4520.52,82.83907,0.90017986
380.63998,19032.99,1684.3944,8.176661
962.51996,39479.73,4259.309,10.18698
251.15999,22597.38,1111.4242,4.099993
216.84,14395.0205,959.5526,5.91201
383.75998,15395.5205,1698.2009,10.437801
624.0,20152.68,2761.3025,13.207873
143.51999,10908.061,635.09955,5.0372915
934.43994,19414.92,4135.0503,21.08478
1811.1599,36470.4,8014.68,21.787338
291.72,14015.7,1290.9089,8.550557
591.24,29467.77,2616.334,8.206484
528.83997,13026.51,2340.2036,17.628311
288.59998,19088.67,1277.1023,5.9374185
124.799995,13016.94,552.2605,3.399294
457.08,14598.6,2022.654,13.366741
742.56,21022.68,3285.95,15.207676
355.68,15419.88,1573.9424,9.584144
439.91998,23110.68,1946.7181,7.7345037
138.84,29448.63,614.3898,1.1633499
196.56,17049.39,869.81024,4.290096
627.12,19362.72,2775.109,13.861462
789.36,15604.32,3493.0476,22.211731
17.16,6964.35,75.935814,0.13061285
148.2,12753.33,655.8093,4.3321443
341.63998,12170.43,1511.813,11.880717
198.12,16710.09,876.7135,4.4403496
305.75998,21183.63,1353.0381,5.6230416
73.32,7508.1,324.45303,3.4809456
535.07996,27410.22,2367.8167,7.95743
106.079994,20588.55,469.4214,1.3642042
407.15997,17648.82,1801.7498,9.585873
1010.87994,13762.53,4473.3096,32.703773
517.92,16830.15,2291.8809,13.120561
386.87997,28320.24,1712.0074,5.2683983
116.99999,8366.79,517.7442,5.4165893
1054.5599,25965.15,4666.601,17.636215
346.31998,15486.0,1532.5228,9.261611
35.879997,2934.51,158.77489,4.6104035
319.8,7085.2803,1415.1675,19.710886
441.47998,13911.3,1953.6215,13.561986
789.36,22819.23,3493.0476,14.872721
443.03998,27731.25,1960.5247,6.3307896
368.15997,19238.31,1629.1683,7.7810593
655.19995,15347.67,2899.3674,18.588839
116.99999,14042.67,517.7442,2.8230803
466.43997,23532.63,2064.0735,8.094997
201.23999,21305.43,890.52,3.3341236
870.48,42399.45,3852.0168,8.420541
402.47998,18532.74,1781.04,8.965106
143.51999,16643.1,635.09955,2.9569037
40.559998,9351.63,179.48465,0.99015963
834.6,20986.14,3693.242,17.248327
600.6,37881.54,2657.7534,6.2750325
1118.52,69057.12,4949.635,6.4321175
249.59999,9683.97,1104.521,10.826832
266.75998,18467.49,1180.4567,5.628115
631.8,7047.0,2795.8186,40.138893
322.91998,17882.85,1428.974,7.28582
170.04,12805.53,752.4549,5.0929947
1282.32,27183.15,5674.4766,20.645813
823.68,20103.09,3644.9192,17.800655
202.79999,20271.0,897.4233,3.5906062
185.64,28408.98,821.4875,1.998425
449.27997,13686.84,1988.1377,14.062296
599.04,26127.84,2650.8503,9.520335
570.95996,25765.92,2526.5916,9.168041
653.63995,62297.22,2892.464,3.814456
964.07996,38238.24,4266.212,10.56891
90.479996,14162.73,400.38885,1.9314528
404.03998,22302.45,1787.9432,7.312833
134.15999,13043.04,593.68,3.7197766
190.31999,18127.32,842.1972,3.8175702
98.28,12432.3,434.90512,2.6273623
1728.48,22000.56,7648.8076,35.050217
266.75998,16146.33,1180.4567,6.580958
118.56,17140.74,524.64746,2.1738462
564.72,15419.88,2498.9785,15.804647
227.76,23377.77,1007.87537,3.4704537
43.68,8229.33,193.29117,1.4355407
248.04,21958.8,1097.6177,4.1831093
316.68,11967.72,1401.361,11.141895
471.12,24316.5,2084.7834,7.8901234
216.84,15270.24,959.5526,5.5158463
332.28,17814.12,1470.3936,7.5588837
808.07996,21401.13,3575.8865,16.325863
341.63998,18047.28,1511.813,7.686288
480.47998,29761.83,2126.203,6.4078627
101.399994,17918.52,448.71164,1.5966482
102.96,15095.37,455.6149,2.1296952
171.59999,17432.19,759.35815,3.516922
450.84,12175.65,1995.041,15.990555
689.51996,43877.582,3051.239,6.2107663
624.0,42108.87,2761.3025,5.799677
680.16,14472.45,3009.8196,20.564842
4764.2397,26119.14,21082.543,82.6974
102.96,19794.24,455.6149,1.3867502
449.27997,18537.09,1988.1377,10.121229
229.31999,20914.8,1014.7786,4.031129
541.32,39453.63,2395.43,5.2957053
90.479996,15158.88,400.38885,1.7388153
146.64,17097.24,648.90607,2.9355345
198.12,16710.09,876.7135,4.4403496
624.0,19436.67,2761.3025,13.731263
4.68,8787.87,20.709768,-0.7556347
129.48,14432.43,572.9702,3.1166172
304.19998,9369.03,1346.1349,13.898476
1549.08,32536.26,6854.933,20.84658
1.56,6272.7,6.903256,-0.8858838
613.07996,24641.88,2712.9795,10.416173
241.79999,16791.87,1070.0046,5.607459
491.4,20315.37,2174.5256,10.099098
262.08,30918.06,1159.747,2.8895457
691.07996,37630.11,3058.1423,7.426944
154.43999,13998.3,683.4223,4.0624614
553.8,37325.61,2450.656,5.808059
790.92,31203.42,3499.951,10.630748
196.56,19841.22,869.81024,3.545734
269.88,23956.32,1194.2633,4.169254
301.08,15084.061,1332.3284,8.158849
385.31998,36842.76,1705.1041,3.7989545
171.59999,18270.87,759.35815,3.3095841
258.96,17070.27,1145.9404,5.9609666
31.199999,12563.67,138.06512,0.13950276
2664.48,67815.63,11790.762,17.028513
-46.8,6702.48,-207.09769,-4.2039638
458.63998,19828.17,2029.5573,9.613694
195.0,16748.37,862.90704,4.342437
494.52,13539.811,2188.3323,15.759018
446.15997,27495.48,1974.3312,6.445718
597.48,39290.94,2643.947,5.977634
230.87999,19209.6,1021.6819,4.514997
202.79999,25366.59,897.4233,2.6684546
380.63998,25605.84,1684.3944,5.8210726
840.83997,22487.76,3720.855,16.157122
40.559998,4793.7,179.48465,2.882436
246.48,19206.99,1090.7145,4.8884315
385.31998,12698.5205,1705.1041,12.923411
411.84,15696.54,1822.4596,11.039317
68.64,13751.22,303.74326,1.2904103
195.0,16617.87,862.90704,4.384391
313.56,15326.79,1387.5544,8.387429
110.759995,19354.89,490.13116,1.6258473
592.8,34302.36,2623.2373,6.9297857
380.63998,16543.05,1684.3944,9.557864
293.28,20739.06,1297.8121,5.4888935
15.599999,5715.9,69.03256,0.25232565
627.12,19724.64,2775.109,13.588774
368.15997,15389.43,1629.1683,9.977193
57.719997,13578.96,255.42047,0.9504601
730.07996,38248.68,3230.7236,7.7585306
1619.2799,37897.2,7165.5796,18.60614
321.36,12163.47,1422.0707,11.123041
425.87997,13880.85,1884.5889,13.078242
149.76,17491.35,662.7126,2.9287083
191.87999,14677.7705,849.10046,4.998558
865.8,54604.68,3831.3071,6.275536
765.95996,18995.58,3389.4985,17.502516
372.84,33797.76,1649.8782,4.0618796
154.43999,17326.05,683.4223,3.0901332
240.23999,14953.561,1063.1014,6.371875
717.6,23342.97,3175.4978,13.105989
-57.719997,5122.56,-255.42047,-6.170309
248.04,18749.37,1097.6177,5.07033
28.079998,10067.64,124.258606,0.27981353
990.6,28186.26,4383.5674,15.126425
82.68,12528.0,365.8726,2.0282798
730.07996,45174.75,3230.7236,6.4156957
1549.08,36542.61,6854.933,18.45143
549.12,29730.51,2429.946,7.475048
528.83997,19081.71,2340.2036,11.716987
1396.2,52485.36,6178.414,11.206375
276.12,23400.39,1221.8763,4.414421
202.79999,17540.94,897.4233,4.305085
304.19998,12467.1,1346.1349,10.19621
570.95996,25442.28,2526.5916,9.297383
312.0,18842.46,1380.6512,6.597912
104.52,9138.48,462.51816,4.248107
6152.6396,44065.5,27226.441,63.06784
249.59999,21262.8,1104.521,4.3864346
327.59998,33268.8,1449.6837,3.5183926
538.19995,21067.92,2381.623,10.721933
141.95999,9706.59,628.1963,5.710835
488.27997,18566.67,2160.719,11.067357
578.75995,21742.17,2561.108,11.21442
104.52,33140.91,462.51816,0.44714558
472.68,24752.371,2091.6865,7.762493
1067.0399,60068.28,4721.8267,7.1510344
137.28,17929.83,607.4865,2.5132444
923.51996,8165.82,4086.7275,50.894794
268.31998,19605.45,1187.36,5.279911
283.91998,17978.55,1256.3926,6.2463374
677.04,34053.54,2996.0132,8.122825
63.96,9591.75,283.0335,2.0597637
162.23999,24320.85,717.9386,2.0609515
154.43999,21131.43,683.4223,2.3535757
583.44,41050.082,2581.8179,5.52168
881.39996,15891.42,3900.3396,24.44999
163.79999,15798.33,724.84186,3.757513
2547.48,18030.75,11273.018,63.829742
81.119995,16977.18,358.9693,1.1925001
219.95999,13092.63,973.3591,6.7089295
1714.44,20885.22,7586.678,36.66695
14.039999,18414.42,62.129303,-0.6501464
439.91998,20692.08,1946.7181,8.755439
1436.7599,19636.77,6357.8984,32.573097
541.32,27732.121,2395.43,7.956705
232.43999,8988.84,1028.5851,10.865457
2169.96,29816.64,9602.429,32.39414
258.96,23340.36,1145.9404,4.0909915
213.71999,26059.11,945.74603,2.7632482
327.59998,17803.68,1449.6837,7.443283
310.44,18615.39,1373.748,6.6521387
101.399994,18369.18,448.71164,1.532943
511.68,12370.53,2264.268,17.979614
315.12,15947.1,1394.4578,8.067165
332.28,34825.23,1470.3936,3.378118
872.04,39083.88,3858.9202,9.238021
282.36,17438.28,1249.4893,6.429794
968.75995,33466.29,4286.922,12.282685
71.759995,11726.73,317.54977,1.8079071
822.12,23409.96,3638.0159,15.114313
238.68,15265.89,1056.1981,6.174162
81.119995,20511.99,358.9693,0.8146689
424.31998,42351.6,1877.6855,3.5972795
386.87997,26608.95,1712.0074,5.6715355
352.56,25994.73,1560.1359,5.2233605
383.75998,18965.13,1698.2009,8.284983
209.04,22420.77,925.0363,3.2781515
2132.52,24047.67,9436.751,39.690907
283.91998,20983.53,1256.3926,5.208615
343.19998,25668.48,1518.7163,5.1351385
369.72,19531.5,1636.0718,7.685896
237.12,20110.92,1049.2949,4.4102025
508.55997,31283.46,2250.4614,6.459413
263.63998,31127.73,1166.6503,2.886343
321.36,17316.48,1422.0707,7.515486
614.63995,20093.52,2719.8828,13.035958
204.35999,15460.7705,904.3265,5.065156
291.72,24058.98,1290.9089,4.5637326
-17.16,6359.7,-75.935814,-2.2381063
2079.48,47527.23,9202.04,19.076569
48.359997,20978.31,214.00093,0.057774305
599.04,15267.63,2650.8503,17.003687
790.92,39220.47,3499.951,8.253309
93.6,8579.07,414.19537,4.006254
686.39996,18685.86,3037.4326,15.855494
266.75998,20032.62,1180.4567,5.110267
544.44,20371.92,2409.2363,11.26296
268.31998,14721.2705,1187.36,7.3634415
304.19998,27047.43,1346.1349,4.160722
684.83997,24731.49,3030.5293,11.706211
343.19998,20329.291,1518.7163,6.7464423
304.19998,18453.57,1346.1349,6.564079
797.16,45375.72,3527.5637,7.0611916
131.04,14540.311,579.8735,3.135304
2477.28,22392.93,10962.371,49.76232
355.68,25504.92,1573.9424,5.399009
1642.6799,34075.29,7269.1284,21.120283
2818.92,27557.25,12474.184,45.937954
2199.5999,38433.12,9733.591,25.261246
361.91998,24815.88,1601.5554,5.692065
127.92,10968.96,566.067,4.3511887
489.84,9938.01,2167.6223,21.616848
769.07996,26969.13,3403.3052,12.085244
1921.9199,44040.27,8504.812,19.024542
10.92,8205.84,48.322792,-0.3893718
497.63998,21005.28,2202.1387,9.870864
435.24,18060.33,1926.0084,10.058097
1344.72,60948.72,5950.607,9.123823
227.76,14682.12,1007.87537,6.11813
151.31999,29502.57,669.61584,1.3534975
269.88,17352.15,1194.2633,6.1366544
890.75995,37445.67,3941.759,9.915317
249.59999,22355.52,1104.521,4.1231503
209.04,16857.12,925.0363,4.6901445
1221.48,18447.48,5405.2495,29.382713
402.47998,14439.39,1781.04,11.790064
418.08,25407.48,1850.0726,6.5504885
274.56,22620.0,1214.973,4.569573
299.52,14815.23,1325.4252,8.276725
191.87999,15900.12,849.10046,4.5374084
416.52,27378.03,1843.1693,5.9808917
165.36,14952.69,731.7452,4.0744433
240.23999,17607.06,1063.1014,5.2608852
165.36,17859.36,731.7452,3.248561
285.47998,16108.92,1263.2958,7.131797
530.39996,9287.25,2347.107,25.205572
620.88,13321.44,2747.496,20.386208
238.68,11939.88,1056.1981,8.172618
310.44,18727.62,1373.748,6.6062818
145.08,16033.23,642.0028,3.1520615
132.59999,11895.51,586.77673,4.114907
179.4,12837.72,793.87445,5.4122705
308.87997,29024.07,1366.8446,3.8832474
124.799995,17785.41,552.2605,2.2197933
4154.28,29018.85,18383.371,64.68903
1132.5599,43188.54,5011.7637,11.03289
1070.1599,44076.81,4735.6333,10.140785
9.36,9282.03,41.419537,-0.53728867
1636.44,58836.36,7241.5156,11.762377
174.72,10901.1,773.1647,6.3544397
106.079994,14181.0,469.4214,2.4324474
968.75995,35328.96,4286.922,11.582374
970.31995,26785.56,4293.825,15.622314
28.079998,14263.65,124.258606,-0.09667575
372.84,26137.41,1649.8782,5.5454154
37.44,4971.18,165.67815,2.4558396
318.24,20879.13,1408.2642,5.9939027
121.67999,16192.44,538.454,2.4481342
380.63998,16841.46,1684.3944,9.370791
290.16,28453.35,1284.0056,3.6793056
1020.24,22895.791,4514.7295,19.446735
756.6,20250.99,3348.079,16.143415
96.71999,14435.04,428.00186,2.0745072
17.16,11741.5205,75.935814,-0.32938975
224.63998,17482.65,994.06885,4.8959947
564.72,18835.5,2498.9785,12.757301
93.6,14742.15,414.19537,1.9133475
733.19995,16422.12,3244.5303,19.48663
606.83997,17698.41,2685.3665,14.733204
361.91998,21021.81,1601.5554,6.8998666
318.24,10394.76,1408.2642,13.048099
351.0,20787.78,1553.2327,6.7477627
43.68,15084.061,193.29117,0.328745
65.52,4426.56,289.93674,5.791798
107.64,12906.45,476.32468,2.826874
862.68,28868.34,3817.5007,12.712138
574.07996,13948.71,2540.3982,17.884941
405.59998,33613.32,1794.8466,4.5368633
49.92,10095.48,220.90419,1.2689495
88.92,12592.38,393.4856,2.2401783
1168.44,44363.91,5170.5386,11.0852
689.51996,21461.16,3051.239,13.742492
413.4,26148.72,1829.3629,6.2543297
262.08,13822.561,1159.747,7.7000675
121.67999,15415.53,538.454,2.621913
152.87999,18588.42,676.51904,2.773857
299.52,35924.04,1325.4252,2.8257618
271.44,26735.97,1201.1666,3.6585975
379.08,34160.55,1677.4912,4.09194
335.4,22220.67,1484.2001,5.9260116
49.92,6482.37,220.90419,2.533605
1948.44,32921.67,8622.167,26.157042
482.03998,20914.8,2133.106,9.575638
268.31998,24442.65,1187.36,4.0371165
324.47998,16294.23,1435.8772,8.137583
263.63998,17127.69,1166.6503,6.0630097
655.19995,14370.66,2899.3674,19.920612
496.08,22795.74,2195.2354,8.985625
279.24,22931.46,1235.6829,4.5875726
1340.0399,37230.78,5929.8965,15.515543
770.63995,15203.25,3410.2083,22.25907
82.68,12528.0,365.8726,2.0282798
591.24,32483.19,2616.334,7.351845
332.28,26040.84,1470.3936,4.854995
424.31998,20963.52,1877.6855,8.287665
157.56,16373.4,697.2289,3.4155455
496.08,16436.91,2195.2354,12.848693
2043.6,53288.37,9043.266,16.597086
399.36,11350.89,1767.2335,15.14403
159.12,17460.9,704.1321,3.1815314
1669.2,28151.46,7386.484,26.207253
28.079998,10006.74,124.258606,0.2876022
216.84,19310.52,959.5526,4.152556
324.47998,13993.08,1435.8772,9.64025
611.51996,23413.44,2706.0762,10.984576
266.75998,19464.51,1180.4567,5.288607
361.91998,16009.74,1601.5554,9.373029
680.16,25321.35,3009.8196,11.325413
390.0,38452.26,1725.8141,3.6539316
439.91998,17544.42,1946.7181,10.505671
611.51996,51402.21,2706.0762,4.458912
35.879997,12654.15,158.77489,0.30105805
223.07999,21812.64,987.1656,3.6927743
271.44,25398.78,1201.1666,3.9038625
2091.96,82700.46,9257.267,10.607074
567.83997,20112.66,2512.7852,11.954889
3681.5999,19870.8,16291.684,84.01557
386.87997,28763.94,1712.0074,5.1717052
347.87997,15286.7705,1539.426,9.442175
82.68,16999.8,365.8726,1.2316904
282.36,22675.68,1249.4893,4.713735
539.76,41421.57,2388.5266,4.979315
67.079994,4932.9,296.84,5.2397614
209.04,5261.7603,925.0363,17.229536
238.68,15681.75,1056.1981,5.9839115
219.95999,16531.74,973.3591,5.105235
3046.68,25632.81,13482.059,53.539085
265.19998,22775.73,1173.5535,4.342917
243.35999,16214.19,1076.908,5.8870173
1536.6,15259.8,6799.707,45.20503
3996.72,32116.92,17686.143,56.101448
1879.7999,35137.56,8318.424,23.548069
2700.3599,7334.1,11949.536,167.94762
40.559998,10011.96,179.48465,0.8589003
322.91998,18583.2,1428.974,6.9735503
5238.48,158241.69,23181.135,14.190136
185.64,22881.0,821.4875,2.7228353
505.43997,18903.36,2236.6548,11.268963
335.4,28225.41,1484.2001,4.452555
240.23999,17768.01,1063.1014,5.2041717
244.92,15465.12,1083.8112,6.2668834
865.8,24204.27,3831.3071,15.413563
3271.3198,33940.44,14476.128,43.226524
570.95996,28538.61,2526.5916,8.180157
413.4,20428.47,1829.3629,8.285641
388.43997,18603.21,1718.9106,8.581054
595.92,27517.23,2637.0437,8.937119
265.19998,15561.69,1173.5535,6.8197703
241.79999,19417.53,1070.0046,4.713991
207.48,13985.25,918.13306,5.807431
115.439995,10139.85,510.84094,4.2239866
216.84,21283.68,959.5526,3.6748743
656.75995,16496.07,2906.2705,17.268522
145.08,16894.53,642.0028,2.9403853
274.56,24896.791,1214.973,4.0602403
273.0,24718.44,1208.0698,4.067793
1081.08,18159.51,4783.9565,26.316874
397.8,27719.07,1760.3303,5.5851154
279.24,25905.99,1235.6829,3.9460068
1028.0399,50640.96,4549.2456,8.315053
346.31998,21173.19,1532.5228,6.5053086
126.35999,11385.69,559.1637,4.0924582
833.04,14500.29,3686.3386,25.361275
497.63998,25616.28,2202.1387,7.9140797
1248.0,33106.98,5522.605,16.29706
474.24,25031.64,2098.5898,7.693329
282.36,20358.0,1249.4893,5.3642216
282.36,27144.0,1249.4893,3.7731662
42.12,5139.96,186.38791,2.7601564
346.31998,15095.37,1532.5228,9.527156
1017.11993,20603.34,4500.923,21.652275
405.59998,20442.39,1794.8466,8.104237
45.239998,12929.07,200.19443,0.60558236
132.59999,22262.43,586.77673,1.7330539
243.35999,21174.06,1076.908,4.2737837
-31.199999,6195.27,-138.06512,-3.3108492
627.12,17874.15,2775.109,15.099133
680.16,15566.04,3009.8196,19.049807
56.159996,18142.98,248.51721,0.42035115
279.24,16684.86,1235.6829,6.679489
159.12,14041.8,704.1321,4.1997113
358.8,14293.23,1587.7489,10.518589
160.68,5398.35,711.03534,12.657714
195.0,18597.12,862.90704,3.8113418
597.48,28424.64,2643.947,8.645076
132.59999,16992.84,586.77673,2.5805917
79.56,13475.43,352.06604,1.7091272
349.44,12337.47,1546.3293,11.996422
279.24,15684.36,1235.6829,7.169361
277.68,20005.65,1228.7795,5.36897
369.72,23089.8,1636.0718,6.3473387
2820.48,49533.45,12481.087,25.127733
290.16,16772.73,1284.0056,6.937999
697.31995,7278.42,3085.7554,42.961475
829.92,20662.5,3672.5322,17.430225
358.8,21470.73,1587.7489,6.6680136
81.119995,7749.96,358.9693,3.8029242
226.2,20964.39,1000.9721,3.9509392
733.19995,28570.8,3244.5303,10.775444
134.15999,15636.51,593.68,2.9369552
93.6,8210.19,414.19537,4.2311826
815.87994,39930.39,3610.4028,8.375619
162.23999,16397.76,717.9386,3.539946
26.519999,11089.0205,117.35535,0.09738135
1600.5599,68249.76,7082.7407,9.760888
416.52,37097.67,1843.1693,4.1518884
191.87999,17052.87,849.10046,4.1630874
904.8,40766.46,4003.8884,9.184198
1759.6799,44385.66,7786.8726,17.19149
221.51999,16201.14,980.2623,5.2740016
232.43999,11243.88,1028.5851,8.485755
1322.88,27144.871,5853.9614,21.361965
854.87994,41345.01,3782.9841,8.487663
907.92,36633.09,4017.695,10.372378
2463.24,19140.0,10900.241,58.05301
224.63998,14251.47,994.06885,6.2327704
405.59998,17064.18,1794.8466,9.9066105
488.27997,20737.32,2160.719,9.804223
330.72,19413.18,1463.4904,6.8170176
302.63998,24852.42,1339.2317,4.5877233
1382.1599,12839.46,6116.2847,48.39566
301.08,8801.79,1332.3284,14.695971
176.28,11300.43,780.06793,6.157895
157.56,13667.7,697.2289,4.2896605
425.87997,23323.83,1884.5889,7.3784685
659.88,29878.41,2920.0774,9.13409
49.92,8182.35,220.90419,1.7994568
187.2,14836.11,828.39075,4.7897935
184.07999,16501.291,814.58417,4.118774
141.95999,14382.84,628.1963,3.5289612
191.87999,14921.37,849.10046,4.9006286
4.68,5625.42,20.709768,-0.61825955
932.87994,29976.72,4128.147,13.279695
439.91998,25183.02,1946.7181,7.015731
414.96,11297.82,1836.2661,15.853451
243.35999,18048.15,1076.908,5.1871943
332.28,22856.64,1470.3936,5.670664
310.44,19338.36,1373.748,6.366061
229.31999,17527.02,1014.7786,5.0035915
201.23999,16725.75,890.52,4.52085
-21.84,6945.21,-96.645584,-2.4429274
745.68,17830.65,3299.7563,18.189451
335.4,20496.33,1484.2001,6.508691
592.8,20983.53,2623.2373,11.963041
152.87999,17085.93,676.51904,3.1057196
110.759995,17018.94,490.13116,1.9862604
143.51999,11041.17,635.09955,4.9645076
216.84,11863.32,959.5526,7.3870735
517.92,14798.7,2291.8809,15.05892
5240.04,26492.371,23188.037,89.759285
148.2,18236.94,655.8093,2.728838
1517.88,8173.65,6716.868,84.21159
23.4,8799.18,103.54884,0.22025597
447.71997,19706.37,1981.2344,9.425026
528.83997,19368.81,2340.2036,11.528485
10.92,4738.02,48.322792,0.05755508
84.24,13795.59,372.77582,1.8019176
1254.24,22151.07,5550.218,24.98144
297.96,22207.621,1318.5219,5.1564903
1145.0399,40294.05,5066.9897,12.039381
156.0,19382.73,690.3256,2.6930647
190.31999,20325.81,842.1972,3.2964902
421.19998,21332.4,1863.8792,8.059953
149.76,13070.01,662.7126,4.2577167
326.03998,20431.08,1442.7804,6.322457
168.48,14553.36,745.55164,4.3120522
4372.6797,27290.16,19349.826,72.52226
37.44,15393.78,165.67815,0.116009355
-10.92,6702.48,-48.322792,-1.7475915
107.64,14631.66,476.32468,2.3756497
9058.92,28394.19,40087.207,145.39432
372.84,22196.31,1649.8782,6.707596
176.28,19258.32,780.06793,3.2001219
444.59998,32277.0,1967.4279,5.320531
374.4,18652.8,1656.7815,8.210199
736.31995,16637.88,3258.3367,19.307001
666.12,10992.45,2947.6904,26.80579
237.12,14397.63,1049.2949,6.557088
413.4,29502.57,1829.3629,5.4296584
617.75995,15614.76,2733.6892,17.153557
31.199999,6714.66,138.06512,1.1321013
266.75998,17101.59,1180.4567,6.157501
453.96,20998.32,2008.8475,8.919969
198.12,9790.98,876.7135,8.2849455
653.63995,24291.27,2892.464,11.347119
957.83997,17556.6,4238.599,24.033976
360.36,12524.5205,1594.6521,12.2023945
156.0,18771.99,690.3256,2.8132172
1472.6399,13467.6,6516.6733,49.17457
230.87999,15469.47,1021.6819,5.8483844
258.96,16070.64,1145.9404,6.3939543
32.76,8096.22,144.96837,0.8566874
285.47998,26835.15,1263.2958,3.8814507
516.36,30212.49,2284.9778,6.8422985
354.12,29673.09,1567.0392,4.476019
1960.9199,33062.61,8677.393,26.214478
85.799995,6459.75,379.67908,5.0946507
940.68,24761.07,4162.6636,16.432102
216.84,14240.16,959.5526,5.9871783
93.6,8157.99,414.19537,4.2646556
374.4,14995.32,1656.7815,10.456642
379.08,21100.98,1677.4912,7.2433834
1608.36,41305.86,7117.257,16.866884
444.59998,17521.8,1967.4279,10.643083
463.31998,15961.89,2050.267,12.319073
-53.039997,7999.65,-234.7107,-4.042354
761.27997,40326.24,3368.7888,7.6623144
151.31999,12794.22,669.61584,4.4269996
2940.5999,24212.97,13012.638,54.726933
733.19995,4126.41,3244.5303,80.53185
138.84,21025.291,614.3898,2.0300503
198.12,18688.47,876.7135,3.8644285
308.87997,18926.85,1366.8446,6.488394
23.4,5727.21,103.54884,0.87477875
285.47998,8227.59,1263.2958,14.921365
588.12,30813.66,2602.5276,7.7578993
277.68,26294.01,1228.7795,3.8457947
154.43999,18078.6,683.4223,2.9198751
352.56,21392.43,1560.1359,6.5622354
244.92,14660.37,1083.8112,6.665784
258.96,31278.24,1145.9404,2.7989852
575.63995,23446.5,2547.3013,10.265492
163.79999,11885.07,724.84186,5.323964
823.68,14851.7705,3644.9192,24.448229
262.08,17010.24,1159.747,6.069695
550.68,12946.47,2436.8494,18.517546
346.31998,33140.04,1532.5228,3.795146
539.76,23064.57,2388.5266,9.738227
733.19995,22642.621,3244.5303,13.858433
-6.24,8477.28,-27.613024,-1.3377577
581.88,19600.23,2574.9146,12.622272
37.44,11410.05,165.67815,0.5056554
2037.36,71072.04,9015.652,12.153648
759.72,28706.52,3361.8857,11.14368
1059.24,48510.332,4687.311,9.0193
667.68,29979.33,2954.5935,9.219359
580.32,21551.64,2568.0112,11.355618
4221.36,23128.95,18680.21,82.74786
70.2,4056.81,310.6465,6.9401684
1411.7999,53991.332,6247.4463,10.998484
132.59999,12057.33,586.77673,4.04626
48.359997,20794.74,214.00093,0.06711209
165.36,12305.28,731.7452,5.1661806
1260.48,32474.49,5577.831,16.810287
744.12,30413.46,3292.8533,10.22676
319.8,17888.94,1415.1675,7.2029696
141.95999,15202.38,628.1963,3.284811
464.87997,17417.4,2057.1702,11.247143
315.12,25999.95,1394.4578,4.5613565
344.75998,22430.34,1525.6195,6.0527463
750.36,21723.9,3320.466,14.849265
613.07996,23970.24,2712.9795,10.736052
219.95999,15960.15,973.3591,5.3238854
603.72,24094.65,2671.56,10.497203
1701.96,26645.49,7531.452,28.309128
74.88,9142.83,331.3563,2.7580492
271.44,17560.95,1201.1666,6.092562
302.63998,19526.28,1339.2317,6.111875
32.76,14279.311,144.96837,0.052722454
48.359997,13011.72,214.00093,0.7054101
39.0,9851.01,172.5814,0.8166076
992.16,21647.34,4390.4707,20.030733
233.99998,18031.62,1035.4884,4.9546795
34.32,4401.33,151.87163,2.578002
719.16,24109.44,3182.401,12.687232
377.52,26370.57,1670.5879,5.568976
380.63998,21006.15,1684.3944,7.3146734
99.84,13774.71,441.80838,2.3258247
202.79999,18591.03,897.4233,4.0054345
251.15999,20074.38,1111.4242,4.740974
1101.36,16583.94,4873.6987,29.473255
326.03998,7529.85,1442.7804,18.86835
304.19998,24097.26,1346.1349,4.7925367
302.63998,15305.91,1339.2317,8.072865
123.24,14733.45,545.35724,2.838173
81.119995,8701.74,358.9693,3.2775893
212.15999,13948.71,938.8428,5.9792166
541.32,24976.83,2395.43,8.944754
659.88,37047.21,2920.0774,7.1730986
536.63995,24284.31,2374.72,9.139919
163.79999,17379.12,724.84186,3.3247733
-48.359997,8309.37,-214.00093,-3.6705177
199.68,18964.26,883.61676,3.8314328
160.68,13936.53,711.03534,4.29035
67.079994,15795.72,296.84,0.94863665
258.96,18075.99,1145.9404,5.573669
251.15999,19310.52,1111.4242,4.968068
422.75998,20640.75,1870.7823,8.398222
240.23999,19733.34,1063.1014,4.586271
408.71997,21678.66,1808.653,7.6510878
118.56,14157.51,524.64746,2.8426301
271.44,15415.53,1201.1666,7.079652
205.92,19521.93,911.2298,3.8400855
-1.56,10827.15,-6.903256,-1.0661131
837.72,10985.49,3707.0483,33.991028
455.52,33729.9,2015.7507,5.196831
973.43994,38929.89,4307.632,10.473695
3762.72,94618.59,16650.654,17.247473
428.99997,20765.16,1898.3953,8.479801
366.59998,21075.75,1622.2651,6.9815392
24.96,16791.87,110.452095,-0.31793964
297.96,18002.041,1318.5219,6.59475
452.4,39773.79,2001.9442,4.2191873
324.47998,24493.98,1435.8772,5.0786314
57.719997,11250.84,255.42047,1.3540661
999.95996,24565.32,4424.987,17.678303
522.6,24212.1,2312.5908,8.904082
174.72,16456.92,773.1647,3.8715968
1327.5599,30335.16,5874.671,19.08099
82.68,9611.76,365.8726,2.9470701
28.079998,6365.79,124.258606,1.0240538
449.27997,36806.22,1988.1377,4.6010976
141.95999,8291.97,628.1963,6.8557115
327.59998,37399.56,1449.6837,3.0193396
1056.12,20074.38,4673.5044,23.140617
600.6,24457.44,2657.7534,10.268123
43.68,7468.95,193.29117,1.6834922
96.71999,27496.35,428.00186,0.61405563
3141.8398,16081.95,13903.157,88.64429
293.28,24145.11,1297.8121,4.5735326
508.55997,11745.87,2250.4614,18.86709
137.28,10324.29,607.4865,5.1013274
759.72,17748.0,3361.8857,18.641806
98.28,15176.28,434.90512,1.971509
1469.5199,15712.2,6502.8667,41.915653
213.71999,17917.65,945.74603,4.4732003
2038.9199,49734.42,9022.556,17.811367
338.52,19040.82,1498.0066,7.157855
531.95996,14665.59,2354.0103,15.643961
56.159996,5809.86,248.51721,3.4354606
146.64,13078.71,648.90607,4.1447563
453.96,20137.02,2008.8475,9.344266
361.91998,26280.96,1601.5554,5.3190036
59.28,18372.66,262.32373,0.48051703
569.39996,21015.72,2519.6882,11.432269
12.48,7321.92,55.226048,-0.21789175
443.03998,6980.0103,1960.5247,28.12488
483.59998,9565.65,2140.0093,22.19792
3.12,5465.34,13.806512,-0.73805225
17.16,8580.81,75.935814,-0.082372785
868.92,24985.53,3845.1135,14.957634
351.0,20115.27,1553.2327,7.006792
728.51996,15673.92,3223.8206,20.327557
263.63998,16717.92,1166.6503,6.2361298
212.15999,18991.23,938.8428,4.1261067
1669.2,12762.03,7386.484,59.015835
386.87997,19633.291,1712.0074,8.041915
1656.72,37990.29,7331.258,19.010307
276.12,14231.46,1221.8763,7.9027805
505.43997,20127.45,2236.6548,10.522802
564.72,26486.28,2498.9785,8.783392
232.43999,16961.52,1028.5851,5.2881565
260.52,21225.39,1152.8438,4.632
62.399998,15118.86,276.13025,0.8938378
444.59998,23283.81,1967.4279,7.7617855
31.199999,9268.98,138.06512,0.5445427
49.92,5744.61,220.90419,2.9874136
291.72,12787.26,1290.9089,9.468056
70.2,10439.13,310.6465,2.085674
238.68,16419.51,1056.1981,5.6701117
435.24,19486.26,1926.0084,9.248907
202.79999,22902.75,897.4233,3.0631003
644.27997,21522.93,2851.0447,12.735691
310.44,19563.69,1373.748,6.281221
455.52,17317.35,2015.7507,11.069889
770.63995,12505.38,3410.2083,27.276907
179.4,27446.76,793.87445,1.999222
602.16,25000.32,2664.6567,10.052069
129.48,12692.43,572.9702,3.6809626
126.35999,12026.88,559.1637,3.8209639
37.44,8534.7,165.67815,1.0129123
510.12,44751.06,2257.3647,4.2305374
449.27997,11735.43,1988.1377,16.566908
1812.72,16562.19,8021.5835,49.221565
60.839996,7788.24,269.227,2.5844882
336.96,46538.91,1491.1033,2.322304
441.47998,21611.67,1953.6215,8.373461
296.4,39361.41,1311.6187,2.4552925
45.239998,13362.33,200.19443,0.55352294
248.04,16451.7,1097.6177,5.918122
1266.72,28561.23,5605.444,19.350777
224.63998,17335.62,994.06885,4.946001
489.84,23765.791,2167.6223,8.457562
53.039997,7856.1,234.7107,2.0979455
786.24,16878.87,3479.241,20.374159
224.63998,13798.2,994.06885,6.470366
1870.44,22807.05,8277.004,36.631535
981.24,20188.35,4342.148,21.302404
258.96,21834.39,1145.9404,4.442129
546.0,17432.19,2416.1396,13.372026
229.31999,21891.81,1014.7786,3.8065948
98.28,20436.3,434.90512,1.2066839
174.72,16400.37,773.1647,3.8883948
572.51996,18864.21,2533.4949,12.926092
165.36,26869.08,731.7452,1.8239367
291.72,22736.58,1290.9089,4.8873296
274.56,12907.32,1214.973,8.760643
297.96,13873.89,1318.5219,8.854554
343.19998,18523.17,1518.7163,7.501767
68.64,9828.39,303.74326,2.2045877
2155.92,18001.17,9540.3,53.955246
945.36,39588.48,4183.373,9.957353
257.4,16202.88,1139.0372,6.28943
533.51996,20445.0,2360.9133,10.974043
1009.31995,16774.47,4466.4067,26.60942
648.95996,21030.51,2871.7544,13.159418
321.36,31653.21,1422.0707,3.6585555
2447.64,28530.78,10831.208,38.365078
995.27997,17918.52,4404.2773,24.4871
335.4,27568.56,1484.2001,4.582468
528.83997,20423.25,2340.2036,10.881648
146.64,18913.8,648.90607,2.557549
380.63998,9379.47,1684.3944,17.621445
393.12,30768.42,1739.6205,4.862694
346.31998,18088.17,1532.5228,7.7853737
112.31999,15662.61,497.03442,2.290563
-4.68,12704.61,-20.709768,-1.1690292
166.92,10025.88,738.6484,6.6394687
260.52,19250.49,1152.8438,5.2097845
205.92,14459.4,911.2298,5.5346975
424.31998,21016.59,1877.6855,8.264213
439.91998,21949.23,1946.7181,8.196692
258.96,21967.5,1145.9404,4.409153
316.68,12087.78,1401.361,11.021297
53.039997,12206.97,234.7107,0.99376
146.64,15000.54,648.90607,3.4856234
346.31998,18143.85,1532.5228,7.7584124
533.51996,35187.15,2360.9133,5.95735
174.72,13594.62,773.1647,4.8972945
1152.84,42911.01,5101.5063,11.327573
29.64,7624.68,131.16187,0.7837492
70.2,9273.33,310.6465,2.4735906
53.039997,9922.35,234.7107,1.4528232
514.8,17386.08,2278.0745,12.586703
-10.92,6438.0,-48.322792,-1.7783034
531.95996,18577.11,2354.0103,12.139477
173.15999,7829.13,766.2614,9.148722
-23.4,3890.6401,-103.54884,-3.7597647
243.35999,15953.19,1076.908,5.9996915
436.8,26920.41,1932.9116,6.445231
494.52,25540.59,2188.3323,7.8844433
240.23999,17962.89,1063.1014,5.1368623
483.59998,12849.9,2140.0093,16.268866
338.52,19011.24,1498.0066,7.1705475
112.31999,7843.05,497.03442,5.571271
42.12,25370.94,186.38791,-0.23822087
-3.12,7845.66,-13.806512,-1.1824746
262.08,13411.05,1159.747,7.967024
6.24,8060.55,27.613024,-0.64478016
310.44,16850.16,1373.748,7.45378
151.31999,6451.92,669.61584,9.761793
500.75998,13176.15,2215.945,16.43887
37.44,12408.811,165.67815,0.38446808
180.95999,9793.59,800.7777,7.4784794
257.4,22461.66,1139.0372,4.2582827
349.44,18124.71,1546.3293,7.846649
274.56,19072.14,1214.973,5.605643
240.23999,15633.9,1063.1014,6.0510736
854.87994,20074.38,3782.9841,18.540705
2862.5999,36933.24,12667.475,34.56481
102.96,14477.67,455.6149,2.2632256
141.95999,13894.7705,628.1963,3.688046
506.99997,23378.64,2243.558,8.950982
1344.72,24624.48,5950.607,24.05775
57.719997,7775.19,255.42047,2.406376
954.72,36340.77,4224.7925,11.054775
620.88,24488.76,2747.496,10.633709
4.68,6518.91,20.709768,-0.6705814
385.31998,47828.25,1705.1041,2.6967008
1163.76,19306.17,5149.829,26.659515
244.92,19133.91,1083.8112,4.873511
566.27997,20858.25,2505.8818,11.457492
351.0,21723.03,1553.2327,6.4141946
614.63995,21797.85,2719.8828,11.938515
46.8,10560.93,207.09769,1.0333915
196.56,16510.86,869.81024,4.4626417
648.95996,43910.64,2871.7544,5.7814946
213.71999,14681.25,945.74603,5.679737
397.8,26561.97,1760.3303,5.871978
106.079994,11719.7705,469.4214,3.153284
213.71999,15263.28,945.74603,5.4250207
81.119995,5126.91,358.9693,6.2602153
455.52,19630.68,2015.7507,9.647542
514.8,18333.51,2278.0745,11.884577
478.91998,15245.01,2119.2996,13.41493
786.24,10810.62,3479.241,32.371964
574.07996,18238.68,2540.3982,13.442962
70.2,12064.29,310.6465,1.6700082
14.039999,7108.77,62.129303,-0.093746066
23.4,22342.47,103.54884,-0.51942414
157.56,13218.78,697.2289,4.4693017
-26.519999,9875.37,-117.35535,-2.232246
511.68,14303.67,2264.268,15.414522
388.43997,26235.72,1718.9106,5.793728
1084.2,15852.2705,4797.7627,30.38305
341.63998,26142.63,1511.813,4.996484
521.04,19343.58,2305.6875,11.359801
24.96,6193.5303,110.452095,0.8491987
522.6,26491.5,2312.5908,8.051908
173.15999,19031.25,766.2614,3.1750097
539.76,18672.81,2388.5266,12.263809
795.6,10610.5205,3520.6606,33.406094
756.6,21428.1,3348.079,15.201677
407.15997,21269.76,1801.7498,7.7837467
616.19995,20699.041,2726.786,12.659937
193.43999,16851.9,856.0037,4.2671375
29.64,16016.7,131.16187,-0.15085393
1344.72,26193.96,5950.607,22.556347
124.799995,7372.38,552.2605,6.7675514
680.16,17346.06,3009.8196,16.992334
163.79999,23135.91,724.84186,2.2486622
1655.1599,47784.75,7324.3545,14.8938055
179.4,9088.0205,793.87445,8.0579605
388.43997,27366.72,1718.9106,5.51296
1229.2799,46336.2,5439.7656,11.173282
878.27997,16324.68,3886.5332,23.686846
235.56,22741.8,1042.3917,3.7528486
82.68,7669.05,365.8726,3.9469347
483.59998,19632.42,2140.0093,10.302896
822.12,31808.94,3638.0159,10.859415
393.12,25085.58,1739.6205,6.190817
185.64,19469.73,821.4875,3.3751092
104.52,9768.36,462.51816,3.9097004
296.4,18291.75,1311.6187,6.435329
441.47998,35316.78,1953.6215,4.735974
141.95999,17235.57,628.1963,2.7793543
246.48,20030.88,1090.7145,4.6462345
312.0,31811.55,1380.6512,3.5003576
772.19995,19204.38,3417.1116,17.45044
230.87999,15634.7705,1021.6819,5.775979
380.63998,19749.87,1684.3944,7.843566
254.27998,19592.4,1125.2307,4.955275
344.75998,12829.89,1525.6195,11.33023
634.92,60001.29,2809.6252,3.8555198
868.92,20639.88,3845.1135,18.317451
427.43997,56691.81,1891.4921,2.4596493
249.59999,21432.45,1104.521,4.343798
1274.5199,16652.67,5639.96,34.118828
92.03999,25490.13,407.29208,0.6568446
528.83997,44697.12,2340.2036,4.4290266
566.27997,16023.66,2505.8818,15.216112
544.44,22688.73,2409.2363,10.010755
156.0,14405.46,690.3256,3.9690657
460.19998,21177.541,2036.4604,8.971221
95.159996,10940.25,421.0986,2.9912086
171.59999,8709.57,759.35815,8.040611
-23.4,6029.97,-103.54884,-2.7806478
190.31999,16117.62,842.1972,4.4182715
74.88,4644.93,331.3563,6.397141
0.0,10690.561,0.0,-1.0
285.47998,22231.98,1263.2958,4.8921633
304.19998,12188.7,1346.1349,10.45194
116.99999,15275.46,517.7442,2.5145428
1120.08,13228.35,4956.5376,37.85265
308.87997,18122.97,1366.8446,6.8205557
152.87999,8310.24,676.51904,7.4413977
131.04,19649.82,579.8735,2.0600078
427.43997,25063.83,1891.4921,6.8253713
449.27997,24362.61,1988.1377,7.4619513
480.47998,17654.041,2126.203,11.488447
368.15997,10881.09,1629.1683,14.525352
252.71999,22653.06,1118.3274,4.1190567
780.0,46197.87,3451.6282,6.747292
1453.9199,75229.77,6433.8345,7.8680477
177.84,16716.18,786.9712,3.8816843
283.91998,20720.791,1256.3926,5.2873397
316.68,28228.02,1401.361,4.1477504
138.84,15627.811,614.3898,3.076559
427.43997,17119.86,1891.4921,10.456507
258.96,26040.84,1145.9404,3.563047
107.64,8498.16,476.32468,4.812006
616.19995,35777.88,2726.786,6.9028606
-31.199999,8806.14,-138.06512,-2.6257222
60.839996,6639.84,269.227,3.2044468
1053.0,15106.68,4659.6978,30.984283
365.03998,26668.98,1615.3618,5.280747
344.75998,20659.89,1525.6195,6.657131
182.51999,17663.61,807.6809,3.741418
251.15999,18561.45,1111.4242,5.2089167
-15.599999,3660.09,-69.03256,-2.9557354
230.87999,18609.3,1021.6819,4.6928997
737.87994,22696.56,3265.24,13.917737
775.31995,14387.19,3430.918,23.727615
631.8,18041.19,2795.8186,15.069105
410.28,14011.35,1815.5564,12.436236
288.59998,20414.55,1277.1023,5.4868484
340.08,20618.13,1504.9098,6.568487
1196.5199,12713.311,5294.797,42.18556
333.84,12581.94,1477.2968,11.174973
315.12,20325.81,1394.4578,6.113861
285.47998,20898.27,1263.2958,5.2681966
224.63998,14531.61,994.06885,6.093337
368.15997,20300.58,1629.1683,7.3215723
443.03998,18185.61,1960.5247,10.178726
517.92,42952.77,2291.8809,4.5328484
201.23999,16054.11,890.52,4.7518206
873.6,13433.67,3865.8232,28.839752
244.92,13213.561,1083.8112,7.505143
182.51999,12756.811,807.6809,5.565164
160.68,15445.11,711.03534,3.773622
277.68,19891.68,1228.7795,5.405461
1199.64,13843.44,5308.604,38.76346
101.399994,13463.25,448.71164,2.4559329
141.95999,19966.5,628.1963,2.2624307
2034.2399,13602.45,9001.846,67.62183
1081.08,18481.41,4783.9565,25.841082
410.28,32927.76,1815.5564,4.7173586
1132.5599,35499.48,5011.7637,13.63917
611.51996,28483.8,2706.0762,8.851219
170.04,12882.96,752.4549,5.056374
369.72,32251.77,1636.0718,4.2601323
187.2,9941.49,828.39075,7.640356
218.4,9574.35,966.4558,9.466961
316.68,18925.98,1401.361,6.6778483
-1.56,8402.46,-6.903256,-1.0851914
82.68,14355.87,365.8726,1.6427021
450.84,17304.3,1995.041,10.954891
202.79999,34273.65,897.4233,1.7150939
146.64,18433.56,648.90607,2.6502323
901.68,13821.69,3990.082,28.934261
-4.68,17139.87,-20.709768,-1.1252898
480.47998,14035.71,2126.203,14.707902
399.36,17941.14,1767.2335,9.213903
218.4,23809.291,966.4558,3.2090435
477.36,32604.99,2112.3962,5.7179875
163.79999,14557.71,724.84186,4.162952
180.95999,10328.64,800.7777,7.0392723
274.56,32308.32,1214.973,2.899421
421.19998,19499.31,1863.8792,8.911659
293.28,15243.2705,1297.8121,7.828391
198.12,25463.16,876.7135,2.570206
34.32,11260.41,151.87163,0.39852524
223.07999,19968.24,987.1656,4.1262302
230.87999,17044.17,1021.6819,5.215667
589.68,15037.08,2609.431,16.9941
-17.16,13428.45,-75.935814,-1.5863658
193.43999,12991.71,856.0037,5.832147
2249.52,32377.05,9954.495,30.880844
166.92,13557.21,738.6484,4.649569
1675.44,31701.06,7414.0967,23.25115
135.72,10245.12,600.5833,5.078607
84.24,12343.561,372.77582,2.1315198
505.43997,26744.67,2236.6548,7.6718073
246.48,17004.15,1090.7145,5.6512613
-7.7999997,6301.41,-34.51628,-1.5679815
708.24,16351.65,3134.0784,18.874496
14.039999,10845.42,62.129303,-0.40598422
327.59998,22218.06,1449.6837,5.7657356
131.04,22151.94,579.8735,1.7143719
834.6,17020.68,3693.242,21.499804
575.63995,28238.46,2547.3013,8.353781
301.08,21124.47,1332.3284,5.539933
49.92,6497.16,220.90419,2.525561
233.99998,18762.42,1035.4884,4.722743
65.52,8046.63,289.93674,2.73626
416.52,11939.88,1843.1693,15.007118
257.4,14323.68,1139.0372,7.2457695
237.12,25926.871,1049.2949,3.1965785
1397.76,21447.24,6185.3174,28.904633
402.47998,28899.66,1781.04,5.390412
2489.76,18144.72,11017.597,61.962864
511.68,15642.6,2264.268,14.009521
634.92,47014.8,2809.6252,5.1967173
706.68,37135.082,3127.175,7.7320395
912.6,18957.3,4038.4048,21.089264
478.91998,27087.45,2119.2996,7.1128254
739.44,8986.23,3272.1436,36.75745
411.84,31935.96,1822.4596,4.9173303
134.15999,14493.33,593.68,3.2474875
165.36,18860.73,731.7452,3.022993
29.64,8162.34,131.16187,0.6662524
-12.48,4179.48,-55.226048,-2.3701546
9.36,9768.36,41.419537,-0.5603253
70.2,15572.13,310.6465,1.0685515
1368.12,30117.66,6054.156,19.84396
1764.36,38661.06,7807.5825,19.940676
920.39996,17835.0,4072.921,22.679949
268.31998,22304.19,1187.36,4.5200605
51.48,2945.82,227.80745,7.0188036
301.08,15556.47,1332.3284,7.880718
744.12,16060.2,3292.8533,20.260296
182.51999,13233.57,807.6809,5.328644
176.28,15138.0,780.06793,4.3433275
751.92,15053.61,3327.3694,21.919662
260.52,19486.26,1152.8438,5.1346507
141.95999,18480.541,628.1963,2.524752
202.79999,34526.82,897.4233,1.6951852
184.07999,14749.11,814.58417,4.726879
201.23999,17878.5,890.52,4.164883
304.19998,33253.14,1346.1349,3.1976266
375.96,18541.44,1663.6847,8.304123
667.68,13819.95,2954.5935,21.168644
399.36,15838.35,1767.2335,10.569961
-40.559998,4878.96,-179.48465,-4.8145905
483.59998,22070.16,2140.0093,9.054443
868.92,25410.09,3845.1135,14.691008
223.07999,14821.32,987.1656,5.9063883
184.07999,14272.35,814.58417,4.918183
-17.16,7730.82,-75.935814,-2.0185184
299.52,23992.86,1325.4252,4.7282386
191.87999,18366.57,849.10046,3.793789
90.479996,9887.55,400.38885,3.1989546
647.39996,32301.36,2864.851,8.196639
322.91998,20085.69,1428.974,6.3770967
790.92,26702.91,3499.951,12.590995
611.51996,20571.15,2706.0762,12.64047
360.36,20187.48,1594.6521,7.1909018
87.36,10968.96,386.58234,2.6544702
291.72,17990.73,1290.9089,6.4403725
2893.7998,14365.44,12805.539,91.432945
233.99998,12214.8,1035.4884,7.7903614
577.19995,17918.52,2554.2046,13.78092
207.48,15154.53,918.13306,5.2821894
302.63998,24937.68,1339.2317,4.5686197
383.75998,18264.78,1698.2009,8.641009
140.4,17176.41,621.293,2.750697
698.88,11697.15,3092.6587,26.41573
366.59998,21339.36,1622.2651,6.8829427
157.56,16847.55,697.2289,3.2912765
2611.44,69474.72,11556.051,16.247673
555.36,26267.91,2457.559,8.701219
249.59999,15033.6,1104.521,6.618314
146.64,4471.8,648.90607,14.046911
193.43999,16422.99,856.0037,4.404696
1.56,5845.5303,6.903256,-0.8775446
1672.32,11500.53,7400.2905,65.723495
67.079994,7089.63,296.84,3.341569
1116.96,21694.32,4942.7314,22.62484
156.0,11409.18,690.3256,5.2740426
106.079994,13551.99,469.4214,2.591763
1719.12,15301.561,7607.388,50.552265
248.04,14755.2,1097.6177,6.7135425
1725.36,26463.66,7635.0015,28.916245
450.84,16645.71,1995.041,11.427889
358.8,15659.13,1587.7489,9.513857
248.04,21780.45,1097.6177,4.2255516
148.2,12058.2,655.8093,4.6395307
1385.2799,23392.56,6130.0913,26.172966
330.72,19367.07,1463.4904,6.835628
460.19998,19849.92,2036.4604,9.638125
271.44,20010.0,1201.1666,5.224494
4528.6797,86894.734,20040.15,22.914175
223.07999,10904.58,987.1656,8.387046
1215.24,53999.16,5377.6367,9.32648
1129.44,20351.041,4997.957,24.465591
630.24,22976.7,2788.9155,11.586228
349.44,22355.52,1546.3293,6.1724105
165.36,13118.73,731.7452,4.7838354
191.87999,11605.8,849.10046,6.586333
235.56,9189.81,1042.3917,10.761761
196.56,12896.88,869.81024,5.9933896
266.75998,16580.46,1180.4567,6.382464
589.68,14623.83,2609.431,17.502592
31.199999,6271.83,138.06512,1.2826407
215.28,11655.39,952.64935,7.4752817
2106.0,25885.98,9319.3955,36.33112
1165.32,12606.3,5156.732,41.416496
134.15999,16237.68,593.68,2.7911966
547.56,43332.09,2423.043,4.7982826
1060.7999,37336.92,4694.214,12.036838
149.76,16554.36,662.7126,3.1510763
1266.72,29513.01,5605.444,18.694475
124.799995,14443.74,552.2605,2.9647171
366.59998,12869.04,1622.2651,12.0714445
232.43999,16221.15,1028.5851,5.575162
778.43994,12636.75,3444.7246,27.26617
156.0,17246.01,690.3256,3.1506228
457.08,40663.8,2022.654,4.1577644
6754.8,68708.25,29891.098,44.110832
1491.36,42921.45,6599.5127,14.9435625
230.87999,16386.45,1021.6819,5.465152
-31.199999,3943.71,-138.06512,-4.6301694
212.15999,23899.77,938.8428,3.073306
116.99999,20255.34,517.7442,1.6504743
10.92,8720.88,48.322792,-0.4254344
428.99997,23985.03,1898.3953,7.2071857
648.95996,20488.5,2871.7544,13.533996
166.92,17868.06,738.6484,3.2865534
260.52,17371.291,1152.8438,5.8815494
341.63998,17667.96,1511.813,7.872776
517.92,17385.21,2291.8809,12.66973
154.43999,14072.25,683.4223,4.035858
313.56,20072.64,1387.5544,6.167924
-60.839996,4276.05,-269.227,-7.5286555
377.52,16235.07,1670.5879,9.669966
180.95999,21048.78,800.7777,2.9448721
360.36,21402.871,1594.6521,6.72577
591.24,18483.15,2616.334,13.677939
282.36,27366.72,1249.4893,3.7343202
1218.36,27793.02,5391.443,19.114866
204.35999,21221.91,904.3265,3.4186406
368.15997,17723.64,1629.1683,8.531492
73.32,5673.27,324.45303,4.930158
271.44,12551.49,1201.1666,8.923294
1074.84,18737.19,4756.3433,25.321861
477.36,12512.34,2112.3962,16.50591
722.27997,17676.66,3196.2075,17.749195
159.12,16781.43,704.1321,3.3508391
539.76,23127.21,2388.5266,9.709143
411.84,22282.44,1822.4596,7.4809217
379.08,35957.97,1677.4912,3.837411
182.51999,13491.09,807.6809,5.207842
332.28,12751.59,1470.3936,10.95686
421.19998,20133.541,1863.8792,8.599431
953.16,17053.74,4217.8896,24.646225
-43.68,6183.96,-193.29117,-4.241106
235.56,16960.65,1042.3917,5.3728886
132.59999,8286.75,586.77673,6.3423743
59.28,14950.08,262.32373,0.81945765
43.68,9105.42,193.29117,1.2012019
88.92,5816.82,393.4856,6.0144095
187.2,20796.48,828.39075,3.1304111
488.27997,22754.85,2160.719,8.846281
1168.44,23724.03,5170.5386,21.599312
884.51996,18911.19,3914.146,20.461796
349.44,25010.76,1546.3293,5.410959
2811.1199,74404.14,12439.667,16.336424
1857.96,32010.78,8221.778,25.632833
541.32,30286.44,2395.43,7.2013083
170.04,12306.15,752.4549,5.340246
277.68,19244.4,1228.7795,5.6209064
391.56,14516.82,1732.7173,11.3766775
168.48,14813.49,745.55164,4.2187705
291.72,26640.27,1290.9089,4.024639
864.24,20825.19,3824.4038,18.042444
702.0,31982.94,3106.4653,9.071543
428.99997,25524.06,1898.3953,6.712315
1127.88,17317.35,4991.054,28.885376
600.6,27910.47,2657.7534,8.874051
12.48,9580.44,55.226048,-0.40226817
457.08,23000.19,2022.654,8.118808
123.24,12867.3,545.35724,3.3948245
274.56,11216.91,1214.973,10.231591
946.92,24499.2,4190.2764,16.735304
369.72,19936.05,1636.0718,7.509639
3024.8398,35534.28,13385.413,38.05999
3246.3599,16731.84,14365.676,88.02874
482.03998,12658.5,2133.106,16.473427
510.12,20774.73,2257.3647,10.267154
154.43999,20980.05,683.4223,2.377773
96.71999,12108.66,428.00186,2.665198
730.07996,17636.64,3230.7236,17.994673
163.79999,13473.69,724.84186,4.578335
-54.6,10375.62,-241.61395,-3.414659
98.28,14293.23,434.90512,2.1550918
672.36,24157.291,2975.3035,11.771177
68.64,6436.2603,303.74326,3.893515
67.079994,10359.96,296.84,1.9710655
274.56,28321.11,1214.973,3.4484043
797.16,11452.68,3527.5637,30.938581
174.72,14622.96,773.1647,4.482575
719.16,24652.32,3182.401,12.38582
678.6,23293.38,3002.9163,12.367757
506.99997,35805.72,2243.558,5.4972982
85.799995,9886.68,379.67908,2.9821177
698.88,19466.25,3092.6587,15.473944
739.44,14984.01,3272.1436,21.64395
262.08,11684.1,1159.747,9.292381
1745.6399,32799.87,7724.743,23.420795
332.28,14314.11,1470.3936,9.651655
163.79999,21675.18,724.84186,2.4675956
274.56,35457.72,1214.973,2.5530696
126.35999,14992.71,559.1637,2.8672898
184.07999,8434.65,814.58417,9.014212
588.12,54388.05,2602.5276,3.9618053
1115.3999,16485.63,4935.8276,30.045761
184.07999,28571.67,814.58417,1.9562981
1296.36,27991.38,5736.606,20.250961
1851.72,46429.29,8194.165,17.3004
87.36,33648.12,386.58234,0.19132173
764.39996,11916.39,3382.5955,28.434269
199.68,10270.35,883.61676,7.9212685
260.52,23614.41,1152.8438,4.0622225
141.95999,12466.23,628.1963,4.2252626
204.35999,23295.99,904.3265,3.0252414
4893.7197,12905.58,21655.514,172.99583
299.52,16967.61,1325.4252,7.0999517
78.0,12669.811,345.1628,1.8248913
360.36,27676.44,1594.6521,4.9745283
2049.8398,36944.55,9070.878,24.459322
524.16,11288.25,2319.494,20.306618
394.68,34978.35,1746.5238,4.177535
363.47998,21669.96,1608.4586,6.6966133
956.27997,11243.01,4231.696,38.02831
171.59999,18278.7,759.35815,3.3077378
120.119995,14944.86,531.5507,2.6880832
1706.6399,32730.27,7552.1616,22.925972
380.63998,19259.19,1684.3944,8.06888
40.559998,16750.98,179.48465,0.11105347
464.87997,34632.96,2057.1702,5.159259
781.56,35638.68,3458.5312,9.062779
179.4,16434.3,793.87445,4.0089707
166.92,13995.69,738.6484,4.4725695
974.99994,23191.59,4314.5347,18.290848
2009.2799,34204.92,8891.394,25.954365
95.159996,16113.2705,421.0986,1.7098672
535.07996,35722.2,2367.8167,5.873181
511.68,34332.81,2264.268,5.8385873
123.24,14174.04,545.35724,2.9896545
591.24,47710.8,2616.334,4.686229
340.08,14247.99,1504.9098,9.952286
945.36,21193.2,4183.373,19.46812
1391.5199,46130.01,6157.704,12.841499
269.88,18701.52,1194.2633,5.6217237
659.88,24825.45,2920.0774,11.196778
597.48,17661.0,2643.947,14.523346
315.12,19849.92,1394.4578,6.2844114
365.03998,18136.02,1615.3618,8.235826
400.91998,20913.93,1774.1367,7.7962856
797.16,47640.332,3527.5637,6.677997
1154.3999,24297.36,5108.409,20.800903
177.84,9224.61,786.9712,7.846239
1159.08,25907.73,5129.119,19.528692
53.039997,11687.58,234.7107,1.0823617
149.76,13790.37,662.7126,3.9830723
9.36,5520.15,41.419537,-0.22195941
112.31999,13040.43,497.03442,2.952232
421.19998,13747.74,1863.8792,13.058349
574.07996,21806.55,2540.3982,11.079882
135.72,18079.47,600.5833,2.4445734
8305.439,84102.9,36752.934,44.31364
4926.48,70670.97,21800.482,30.98696
1327.5599,11776.32,5874.671,50.72754
115.439995,11287.38,510.84094,3.6928906
393.12,13618.11,1739.6205,12.246025
673.92,26314.02,2982.2065,10.751638
254.27998,16775.34,1125.2307,5.955336
31.199999,6200.49,138.06512,1.3089037
43.68,5604.54,193.29117,2.5761845
165.36,19494.96,731.7452,2.8921125
399.36,31709.76,1767.2335,4.778949
508.55997,17496.57,2250.4614,12.337257
246.48,16100.22,1090.7145,6.0246897
408.71997,29316.39,1808.653,5.3972397
1277.6399,42484.71,5653.766,12.799172
134.15999,13023.03,593.68,3.7270288
2059.2,42127.14,9112.298,21.429201
42.12,20120.49,186.38791,-0.039434314
46.8,13812.99,207.09769,0.55465996
624.0,35168.88,2761.3025,7.1414795
499.19998,22203.27,2209.042,9.316561
17.16,7998.7803,75.935814,-0.015601873
1324.44,43911.51,5860.8643,12.839843
106.079994,13180.5,469.4214,2.6929965
179.4,22099.74,793.87445,2.7248824
224.63998,17981.16,994.06885,4.732534
957.83997,23550.9,4238.599,17.662193
163.79999,12716.79,724.84186,4.910356
591.24,15398.13,2616.334,16.61867
443.03998,40475.01,1960.5247,4.022653
950.04,19121.73,4204.083,21.797749
725.39996,19240.92,3210.014,16.299318
416.52,20302.32,1843.1693,8.413854
616.19995,36733.14,2726.786,6.6973433
357.24,18396.15,1580.8456,7.9106703
546.0,20886.96,2416.1396,10.994845
190.31999,12981.2705,842.1972,5.7273574
79.56,11770.23,352.06604,2.101609
163.79999,19911.69,724.84186,2.774705
1166.88,33351.45,5163.6357,15.054203
794.04,23544.81,3513.7573,14.474779
377.52,11335.23,1670.5879,14.282234
567.83997,18635.4,2512.7852,12.981846
152.87999,17493.09,676.51904,3.010157
344.75998,16744.02,1525.6195,8.44788
301.08,17146.83,1332.3284,7.0570354
441.47998,18189.09,1953.6215,10.137234
224.63998,18461.4,994.06885,4.5834126
143.51999,11626.68,635.09955,4.6641397
296.4,32746.8,1311.6187,3.153236
132.59999,8549.49,586.77673,6.116731
2316.5999,20296.23,10251.335,51.373657
135.72,14897.88,600.5833,3.1801963
283.91998,25636.291,1256.3926,4.081805
815.87994,12348.78,3610.4028,29.316528
1988.9999,21029.64,8801.651,42.399044
145.08,12811.62,642.0028,4.196139
43.68,14562.93,193.29117,0.37629378
35.879997,6277.92,158.77489,1.6224904
116.99999,20338.86,517.7442,1.6395903
90.479996,14067.9,400.38885,1.9512131
666.12,7087.02,2947.6904,42.128674
262.08,25780.71,1159.747,3.6646194
129.48,15531.24,572.9702,2.825373
96.71999,11061.18,428.00186,3.0122876
432.12,25042.08,1912.2019,6.917922
341.63998,8430.3,1511.813,17.59529
110.759995,14805.66,490.13116,2.432673
115.439995,11765.01,510.84094,3.5023713
486.71997,8477.28,2153.816,25.345104
87.36,10468.71,386.58234,2.8291001
223.07999,18624.09,987.1656,4.4962034
535.07996,22452.09,2367.8167,9.9355135
218.4,20133.541,966.4558,3.9774823
180.95999,19658.52,800.7777,3.2238555
263.63998,15604.32,1166.6503,6.7525344
374.4,24910.71,1656.7815,5.896472
312.0,18432.69,1380.6512,6.766819
88.92,9164.58,393.4856,3.4520922
430.56,22679.16,1905.2987,7.71132
263.63998,14100.09,1166.6503,7.5795927
204.35999,15093.63,904.3265,5.2126865
666.12,15430.32,2947.6904,18.808647
586.56,16135.0205,2595.6243,15.680927
112.31999,22691.34,497.03442,1.2712984
318.24,25935.57,1408.2642,4.6303606
157.56,14066.16,697.2289,4.139817
702.0,24008.52,3106.4653,12.416801
993.72,27224.91,4397.374,15.748459
357.24,19655.91,1580.8456,7.3395805
312.0,19595.88,1380.6512,6.3057885
322.91998,15207.6,1428.974,8.7434225
168.48,17830.65,745.55164,3.335692
388.43997,17145.96,1718.9106,9.395355
648.95996,23300.34,2871.7544,11.780061
310.44,12041.67,1373.748,10.829551
1251.12,55279.8,5536.4116,9.385078
848.63995,12168.69,3755.371,31.000511
297.96,17780.19,1318.5219,6.6895127
1450.7999,46025.61,6420.028,13.463894
533.51996,39762.48,2360.9133,5.1567917
134.15999,14959.65,593.68,3.1150856
-3.12,8519.91,-13.806512,-1.1680338
645.83997,18568.41,2857.948,14.959802
1006.19995,15557.34,4452.6,28.677425
689.51996,44730.18,3051.239,6.073323
418.08,14134.89,1850.0726,12.572013
204.35999,27440.67,904.3265,2.417263
659.88,33374.94,2920.0774,8.072391
722.27997,16770.12,3196.2075,18.762718
563.16,17353.02,2492.0754,13.891348
71.759995,14890.92,317.54977,1.2112517
351.0,20241.42,1553.2327,6.9568915
279.24,16958.91,1235.6829,6.5553913
185.64,13421.49,821.4875,5.346702
438.36,21147.09,1939.815,8.511687
419.63998,46752.06,1856.9758,3.1186357
619.32,8730.45,2740.5928,31.550358
560.04,16582.2,2478.2688,14.497232
106.079994,18767.64,469.4214,1.5935886
458.63998,22453.83,2029.5573,8.372572
414.96,24687.121,1836.2661,6.712817
-23.4,7994.43,-103.54884,-2.3430915
168.48,18920.76,745.55164,3.0858936
400.91998,19340.97,1774.1367,8.511668
251.15999,16037.58,1111.4242,6.1860275
14.039999,6358.83,62.129303,0.013134599
591.24,41960.97,2616.334,5.465402
160.68,14041.8,711.03534,4.250689
330.72,14235.811,1463.4904,9.65996
400.91998,24072.9,1774.1367,6.6419916
191.87999,9981.51,849.10046,7.820856
252.71999,30614.43,1118.3274,2.7878318
156.0,12777.69,690.3256,4.6020823
162.23999,17990.73,717.9386,3.137961
2123.16,18705.0,9395.331,51.08375
308.87997,15096.24,1366.8446,8.388544
340.08,10416.51,1504.9098,13.980839
215.28,18983.4,952.64935,4.203636
201.23999,17440.89,890.52,4.294475
617.75995,12860.34,2733.6892,21.041674
159.12,20332.77,704.1321,2.5909178
165.36,13682.49,731.7452,4.545524
271.44,23519.58,1201.1666,4.295678
397.8,16998.93,1760.3303,9.737927
3834.48,17989.86,16968.203,96.803856
396.24,22468.621,1753.427,7.092061
1333.7999,33424.53,5902.2837,17.310604
95.159996,13863.45,421.0986,2.149636
266.75998,21676.92,1180.4567,4.6467733
198.12,16988.49,876.7135,4.3511953
1652.0399,17413.05,7310.548,42.533436
879.83997,41457.24,3893.4363,8.738242
694.19995,19557.6,3071.9487,15.287195
-14.039999,4728.45,-62.129303,-2.3624654
302.63998,21878.76,1339.2317,5.3471813
2413.3198,28361.13,10679.337,38.045288
204.35999,20135.28,904.3265,3.6570988
1898.5199,16064.55,8401.263,53.228035
702.0,23231.61,3106.4653,12.865485
233.99998,24505.291,1035.4884,3.3816051
354.12,15963.63,1567.0392,9.178788
2511.5999,23426.49,11114.242,48.19495
168.48,10894.14,745.55164,6.0963116
310.44,15128.43,1373.748,8.415884
1127.88,16054.98,4991.054,31.235203
452.4,16213.32,2001.9442,11.803475
786.24,19860.36,3479.241,17.165415
187.2,11880.72,828.39075,6.230035
240.23999,28556.88,1063.1014,2.8602178
686.39996,21913.56,3037.4326,13.372807
475.8,17376.51,2105.4932,11.564325
399.36,15987.99,1767.2335,10.461671
304.19998,16339.47,1346.1349,7.5427666
188.76,14019.18,835.29395,5.1782374
851.75995,23609.19,3769.1777,15.5543995
308.87997,17532.24,1366.8446,7.0840616
145.08,15636.51,642.0028,3.2574053
574.07996,26651.58,2540.3982,8.883863
1191.84,22950.6,5274.0874,22.828745
101.399994,6824.2803,448.71164,5.818022
56.159996,10662.72,248.51721,1.4167757
157.56,18249.12,697.2289,2.9616978
65.52,33762.96,289.93674,-0.10954785
140.4,16694.43,621.293,2.8589823
322.91998,27512.01,1428.974,4.385796
287.03998,10955.91,1270.1991,11.021848
1193.3999,24090.3,5280.9907,21.73113
655.19995,28473.36,2899.3674,9.558748
201.23999,26508.03,890.52,2.4834867
1539.72,26662.02,6813.5137,25.498787
803.39996,22280.7,3555.1768,15.545513
318.24,6061.29,1408.2642,23.091673
269.88,15467.73,1194.2633,7.0061064
301.08,11742.39,1332.3284,10.765291
137.28,18004.65,607.4865,2.4986448
416.52,21704.76,1843.1693,7.805583
611.51996,23881.5,2706.0762,10.749687
372.84,17685.36,1649.8782,8.67355
316.68,20953.95,1401.361,5.934769
177.84,17210.34,786.9712,3.7415166
223.07999,12367.92,987.1656,7.276396
761.27997,12027.75,3368.7888,28.042719
268.31998,12777.69,1187.36,8.635582
814.31995,12713.311,3603.4995,28.390957
3118.44,18312.63,13799.608,77.13829
53.039997,6903.45,234.7107,2.5254498
349.44,15760.92,1546.3293,9.173451
56.159996,7959.63,248.51721,2.2375128
251.15999,13444.11,1111.4242,7.5722656
126.35999,10566.15,559.1637,4.4874434
143.51999,12001.65,635.09955,4.487174
85.799995,14587.29,379.67908,1.6989195
140.4,17632.291,621.293,2.6537228
382.19998,15757.44,1691.2977,10.12967
2962.44,32422.291,13109.283,40.925972
385.31998,14424.6,1705.1041,11.257306
305.75998,24701.91,1353.0381,4.6797256
332.28,19906.47,1470.3936,6.659267
179.4,21426.36,793.87445,2.8419464
516.36,17657.52,2284.9778,12.418383
441.47998,15705.24,1953.6215,11.898634
263.63998,19164.36,1166.6503,5.3123965
177.84,14518.561,786.9712,4.620606
1558.44,40689.03,6896.3525,16.574783
-6.24,11910.3,-27.613024,-1.2404026
931.31995,22877.52,4121.2437,17.679586
269.88,20055.24,1194.2633,5.1747603
87.36,12455.79,386.58234,2.2182415
6.24,5750.7,27.613024,-0.5021012
1043.64,18627.57,4618.2783,24.708206
56.159996,16439.52,248.51721,0.5675278
1126.32,40469.79,4984.151,11.770506
163.79999,21288.9,724.84186,2.5305138
205.92,16529.13,911.2298,4.7164416
377.52,16137.63,1670.5879,9.734392
248.04,15394.65,1097.6177,6.3931437
241.79999,17888.07,1070.0046,5.202547
502.31998,27448.5,2222.8484,7.3972893
1134.12,41780.88,5018.667,11.455429
227.76,17270.37,1007.87537,5.0513616
5553.5996,20387.58,24575.59,123.99313
1230.84,14737.8,5446.669,37.321827
273.0,22264.17,1208.0698,4.626436
620.88,41624.28,2747.496,5.844445
1842.36,16960.65,8152.7456,48.843586
550.68,23202.9,2436.8494,9.890161
627.12,24965.52,2775.109,10.52623
201.23999,18696.3,890.52,3.9389644
368.15997,16048.0205,1629.1683,9.526703
151.31999,16877.13,669.61584,3.1141014
447.71997,19104.33,1981.2344,9.7535515
1077.96,20533.74,4770.15,23.088615
276.12,22796.61,1221.8763,4.557825
341.63998,16219.41,1511.813,8.665201
110.759995,13950.45,490.13116,2.6431074
-26.519999,5070.36,-117.35535,-3.4000041
723.83997,15642.6,3203.1108,20.232979
502.31998,32759.85,2222.8484,6.0358377
190.31999,19984.77,842.1972,3.3698096
453.96,18267.39,2008.8475,10.40298
209.04,21622.98,925.0363,3.4359956
265.19998,21084.45,1173.5535,4.7714972
686.39996,23479.56,3037.4326,12.414193
497.63998,14639.49,2202.1387,14.597916
-7.7999997,10514.82,-34.51628,-1.3403847
109.2,13874.76,483.2279,2.61139
609.95996,14976.18,2699.173,17.688635
1177.7999,14902.23,5211.958,35.26582
319.8,10523.5205,1415.1675,12.944234
731.63995,21208.86,3237.627,14.829142
698.88,33778.62,3092.6587,8.493753
989.04,28601.25,4376.6646,14.867413
316.68,22517.34,1401.361,5.4532847
227.76,27963.541,1007.87537,2.7373397
243.35999,21390.69,1076.908,4.2203746
1920.36,16424.73,8497.908,52.649006
1759.6799,30130.71,7786.8726,25.79795
1636.44,19006.89,7241.5156,38.506294
931.31995,18783.3,4121.2437,21.751198
2207.4,48291.96,9768.107,19.974106
1081.08,20157.03,4783.9565,23.609827
570.95996,24813.27,2526.5916,9.55842
564.72,13628.55,2498.9785,18.013443
347.87997,36727.05,1539.426,3.3463097
374.4,19274.85,1656.7815,7.912963
67.079994,10433.04,296.84,1.9502542
3453.8398,59496.69,15283.809,25.637083
349.44,14616.0,1546.3293,9.970372
672.36,21984.03,2975.3035,13.0336895
368.15997,21086.19,1629.1683,7.0115356
394.68,23942.4,1746.5238,6.5640554
98.28,13724.25,434.90512,2.2858958
421.19998,23506.53,1863.8792,7.2219934
461.75998,15099.72,2043.3638,13.032165
141.95999,14524.65,628.1963,3.484743
168.48,23317.74,745.55164,2.3154247
343.19998,27666.871,1518.7163,4.6919947
243.35999,38675.85,1076.908,1.8872645
162.23999,19547.16,717.9386,2.8084786
1115.3999,39888.63,4935.8276,11.830949
201.23999,20324.07,890.52,3.5433989
173.15999,19732.47,766.2614,3.0266452
60.839996,11705.85,269.227,1.3848636
308.87997,16298.58,1366.8446,7.6959543
70.2,29593.05,310.6465,0.088490486
435.24,22573.89,1926.0084,7.8470736
575.63995,22513.86,2547.3013,10.732167
1209.0,33988.29,5350.0234,15.322033
95.159996,8151.9,421.0986,4.356398
265.19998,15836.61,1173.5535,6.684021
132.59999,14604.69,586.77673,3.1660876
132.59999,14155.7705,586.77673,3.2982063
329.15997,22354.65,1456.5869,5.756416
102.96,5306.13,455.6149,7.9036465
371.28,18669.33,1642.975,8.125362
375.96,22408.59,1663.6847,6.6984687
273.0,18405.72,1208.0698,5.805924
90.479996,16251.6,400.38885,1.5546637
1494.48,21784.8,6613.3193,30.478481
641.16,40427.16,2837.2383,6.277303
642.72,23043.69,2844.1414,11.798146
748.8,38080.77,3313.563,8.022718
4753.32,29918.43,21034.22,71.90134
74.88,13615.5,331.3563,1.5235362
408.71997,25507.53,1808.653,6.3524947
49.92,12729.84,220.90419,0.79940486
926.63995,17515.71,4100.534,23.275072
1344.72,6810.36,5950.607,89.60227
684.83997,20156.16,3030.5293,14.590446
269.88,21925.74,1194.2633,4.647987
221.51999,13797.33,980.2623,6.3670754
-21.84,9630.03,-96.645584,-2.0406442
249.59999,17457.42,1104.521,5.560573
121.67999,16614.39,538.454,2.3605633
477.36,23780.58,2112.3962,8.210874
93.6,15424.23,414.19537,1.7845154
396.24,11558.82,1753.427,14.729758
413.4,17052.0,1829.3629,10.124293
213.71999,20524.17,945.74603,3.7781172
276.12,15469.47,1221.8763,7.190298
361.91998,31941.18,1601.5554,4.1992283
1372.7999,39588.48,6074.865,14.911668
380.63998,29298.121,1684.3944,4.96145
