FSC-A,SSC-A,FITC-A,PE-A,PerCP-Cy5-5-A,PE-Cy7-A,APC-A,APC-Cy7-A,Pacific Blue-A,V500-A,Time,normalized_FITC_A,FITC_fluorescence
45689.79,706.5,21077.25,258390.61,31192.762,4700.58,11113.44,1042.57,6706.9204,71460.84,38.0,581185.9,1317.997
25677.18,582.47003,17412.871,218305.38,36581.0,7638.0503,15294.68,1419.32,4864.2,68026.2,38.3,480144.0,1937.9742
23359.5,342.26,167.99,2402.1,992.24005,282.6,1487.82,139.74,1574.76,3212.8801,39.3,4632.171,19.562168
31225.17,536.94,15992.0205,195607.88,22655.102,3058.36,7918.6,702.81,2984.52,50442.48,39.8,440965.34,1463.3589
17979.42,221.37001,6567.31,78324.164,8633.431,1326.65,2922.21,190.43001,1775.4,22214.281,39.9,181087.56,1043.3855
31120.77,497.69,309.29,5989.5503,1741.13,328.13,2896.18,324.69,4790.2803,5126.8804,40.0,8528.389,27.416105
25950.36,386.22,12566.28,151490.88,17262.15,2307.9001,4649.78,541.15,2721.84,40147.8,40.1,346503.7,1383.5619
19397.52,340.69,177.41,2785.1802,1102.14,219.8,1796.07,147.96,1950.9601,2691.4802,40.3,4891.9185,25.150555
34692.99,701.79004,30757.871,262143.0,43079.23,6203.0703,13253.38,1163.13,4484.04,98000.766,41.8,848120.2,2533.916
35345.49,659.4,39352.05,262143.0,56877.96,8941.15,18811.47,1864.57,5867.4004,121863.73,42.0,1085096.8,3182.335
50299.92,909.03,47236.59,262143.0,62740.344,9801.511,13923.31,1039.83,6013.9204,151827.72,42.8,1302505.8,2684.0984
89075.82,3642.4001,108910.91,262143.0,171557.05,29175.31,61792.48,5804.69,20430.96,262143.0,46.1,3003118.5,3494.9124
50638.35,1271.7001,52767.703,262143.0,81255.35,15029.61,26882.14,2300.23,8081.0405,175923.0,46.1,1455021.1,2978.4604
66196.56,1284.26,51522.69,262143.0,66210.04,10442.07,13062.95,1313.83,6992.04,163870.1,46.3,1420691.1,2224.4207
64620.12,1230.88,56563.96,262143.0,78738.64,11822.101,21422.69,1944.03,7856.64,179312.77,46.5,1559699.5,2501.7705
51675.39,866.64,23344.33,262143.0,33068.91,5100.93,11212.08,850.77,7304.8804,79151.164,47.3,643698.56,1290.6553
74679.06,2494.73,66692.03,262143.0,101557.02,18488.32,37914.75,3477.06,19794.72,230899.69,47.6,1838971.8,2552.4307
77771.04,1535.4601,71460.125,262143.0,102257.24,16857.09,30779.791,2753.7,9938.28,231592.69,48.2,1970447.6,2626.2104
22265.041,494.55002,841.52,11271.03,4160.5,1540.17,338.39,135.63,1448.04,7758.9604,49.0,23204.145,107.066216
54432.42,910.60004,28655.64,262143.0,40653.582,6361.64,16501.65,1367.26,7819.68,93730.56,49.0,790153.06,1504.2251
20399.76,500.83002,598.17004,7091.6904,1194.77,375.23,10.96,-31.51,447.48,3165.36,50.1,16493.992,82.839485
3866.28,53.38,31.400002,956.13,453.73,244.92001,116.45,34.25,231.00002,872.52,50.5,865.8263,22.221235
38642.79,651.55005,21243.67,257748.48,30001.13,5058.54,9943.46,953.52,3319.8,70245.125,50.9,585774.75,1570.8462
11936.4,169.56001,215.09001,1962.5001,502.40002,-39.25,-1.37,120.56,326.04,1312.0801,51.1,5930.91,50.522373
54712.56,1256.0,16061.101,199146.66,29012.031,5780.74,17826.44,1471.38,11012.761,69714.484,51.1,442870.16,838.33875
55394.64,1493.0701,51210.26,262143.0,78989.84,14387.48,31226.41,2740.0,11722.921,171346.56,51.5,1412076.1,2642.25
16912.8,309.29,78.5,1540.17,675.10004,342.26,108.23,0.0,341.88,1491.6001,52.2,2164.5657,12.270984
93029.97,1912.26,64844.14,262143.0,90053.63,14068.7705,18830.65,1763.1901,8024.2803,205629.61,52.3,1788017.9,1991.952
11965.11,80.07,160.14,2645.4502,1237.16,346.97,56.170002,-35.62,542.52,2593.8,52.3,4415.714,37.267677
16777.08,193.11,97.340004,2232.54,585.61005,144.44,986.4,94.53,1139.16,2218.9202,53.7,2684.0615,15.589144
61453.32,1841.6101,74518.484,262143.0,100746.91,16612.17,25625.85,2378.32,9411.601,233702.05,55.3,2054779.0,3466.1104
53103.93,1441.26,42121.53,262143.0,56427.37,9853.32,19500.58,1526.18,9108.0,138279.25,56.0,1161462.8,2266.9136
28449.871,463.15002,334.41,4860.72,2758.49,659.4,287.7,132.89,1114.0801,4448.4004,56.2,9221.05,32.608406
52238.28,1088.01,37436.652,262143.0,51604.332,8379.09,18545.69,1693.32,6449.52,116669.52,56.7,1032281.44,2048.0715
14640.36,215.09001,42.390003,1328.2201,736.33,180.55,1105.59,106.86,1242.12,2139.72,56.8,1168.8656,7.278672
28251.51,417.62003,5002.02,61533.01,8120.04,830.53,1538.51,87.68,2481.6,18019.32,57.0,137926.12,505.23566
27481.56,910.60004,1009.51,16180.421,9762.261,3008.12,1567.28,461.69,2438.04,13590.721,57.8,27836.314,104.03117
12859.47,177.41,100.48,1433.41,629.57,328.13,705.55,-23.29,897.60004,1548.3601,58.0,2770.6443,21.341154
34522.47,1179.0701,42466.93,262143.0,60639.684,11618.0,23644.83,1963.21,7372.2,135887.4,58.2,1170986.8,3516.2078
20291.01,307.72,1042.48,12740.551,2414.6602,631.14,205.5,47.95,727.32,5652.24,58.5,28745.432,145.89705
51454.41,960.84,30726.47,262143.0,41496.67,6275.29,9294.08,715.14,6140.64,99303.6,58.8,847254.3,1706.4148
25839.0,536.94,894.9,12729.561,3887.32,1204.1901,552.11,104.12,1788.6001,10752.721,59.6,24676.049,98.02567
35966.67,742.61005,25683.63,262143.0,41605.0,7941.06,19791.02,1937.18,1948.3201,81500.766,60.9,708202.6,2040.7623
38857.68,860.36005,37526.14,262143.0,52565.17,7831.16,13116.38,1048.05,6568.3203,117581.65,61.2,1034749.0,2760.252
10205.1,84.78001,91.060005,985.96,604.45,29.830002,398.67,64.39,373.56003,1548.3601,62.2,2510.8962,24.512875
13627.68,351.68002,207.24,2802.4502,932.58,254.34001,115.08,-17.81,434.28003,2014.3201,62.5,5714.4536,42.481113
35897.94,623.29004,16648.281,202341.61,22339.531,3212.2202,8173.42,760.35,5223.24,53947.082,62.7,459061.12,1325.0162
24501.81,725.34,35558.93,262143.0,49498.96,7407.2603,13535.6,1086.41,7062.0005,109416.125,62.7,980504.94,4148.535
44932.89,1070.74,28759.262,262143.0,43140.46,7311.49,11544.99,1224.78,5208.72,93795.24,63.9,793010.3,1829.0475
45227.82,1664.2001,63346.363,262143.0,96598.96,15679.591,37351.68,3471.58,9984.48,208057.1,65.7,1746718.0,4003.6543
132820.3,4149.5103,159270.22,262143.0,239764.12,37731.812,80032.664,6773.28,29199.72,262143.0,65.7,4391730.5,3427.618
61115.76,1103.7101,54855.8,262143.0,79176.67,10172.03,20889.76,1779.63,8791.2,175662.97,65.8,1512598.5,2565.3645
111044.19,3926.57,149661.83,262143.0,212846.48,32382.82,67404.0,5854.0103,23635.922,262143.0,66.6,4126788.0,3852.5784
54073.98,1927.9601,89284.336,262143.0,124161.88,20358.191,32726.56,2846.86,11238.48,262143.0,66.9,2461934.0,4720.021
12093.87,378.37003,7487.33,93429.13,15139.511,2084.96,10043.47,749.39,3630.0002,31144.082,67.3,206456.28,1769.1526
173928.66,7758.9404,262143.0,262143.0,262143.0,79818.805,153461.92,12941.0205,50460.96,262143.0,67.8,7228353.5,4308.3936
55835.73,965.55005,35182.133,262143.0,49199.09,8137.31,12169.71,867.21,4894.56,112506.24,67.8,970115.1,1800.6024
42472.53,730.05005,14167.681,176409.92,20083.441,3562.33,7026.73,643.9,6446.8804,49635.96,68.1,390660.84,952.7611
22191.09,317.14,11742.03,140731.67,16026.561,2370.7002,4230.56,353.46,2051.28,39048.242,69.3,323775.75,1511.9116
6603.3,75.36,15.700001,36.11,83.21,83.21,-46.58,115.08,77.880005,39.600002,70.3,432.91315,5.7981014
19360.11,400.35,237.07,3364.51,1796.0801,477.28003,183.58,121.93,530.64,2530.4402,70.6,6536.989,34.012074
12583.68,117.75001,75.36,755.17004,428.61002,95.770004,102.75,17.81,232.32,1318.68,70.8,2077.9832,16.123095
77590.95,2022.16,100958.85,262143.0,137560.27,21066.26,40605.43,3849.7,8669.761,262143.0,71.2,2783848.0,3719.3374
103937.164,2898.2202,128641.09,262143.0,178622.05,27575.48,52879.26,4268.92,18428.521,262143.0,71.6,3547160.5,3537.8152
30958.95,673.53,27107.621,262143.0,38009.703,6408.74,13028.7,1006.95,3925.6802,86337.24,71.7,747467.9,2502.538
11236.92,98.91,70.65,1518.1901,455.30002,122.46001,900.09,73.98,1095.6001,1296.2401,72.8,1948.1091,16.976862
60485.01,1238.73,32596.342,262143.0,51937.17,7963.04,22311.82,1635.78,9686.16,113484.37,75.0,898814.3,1539.8845
48487.71,800.7,28081.021,262143.0,38788.42,4413.27,13519.16,1202.86,6029.7603,91424.52,75.4,774308.5,1654.8851
44657.1,1103.7101,40488.73,262143.0,57779.14,9492.221,17662.041,1653.59,5979.6,128891.41,75.4,1116439.8,2591.344
15039.69,177.41,53.38,1871.4401,624.86005,7.8500004,1039.83,201.39,978.12006,1780.68,75.7,1471.9047,9.148191
11156.88,142.87001,80.07,1714.4401,425.47,182.12001,698.7,-8.22,1197.24,1725.2401,76.5,2207.857,19.519938
60565.92,990.67004,33455.133,262143.0,45632.05,7548.56,12454.67,1106.96,6891.72,108857.766,76.8,922494.7,1578.3683
69202.414,3091.33,86999.984,262143.0,126472.92,18541.701,39299.82,3209.91,29813.521,262143.0,78.3,2398945.0,3593.5698
51665.82,960.84,46336.98,262143.0,66043.625,11718.48,22594.041,2009.79,6813.8403,144372.36,79.1,1277699.9,2563.327
12588.03,119.32001,314.0,4058.4502,1445.9701,442.74002,97.27,15.07,608.52,3025.4402,79.5,8658.263,70.32156
33646.38,499.26,25700.9,262143.0,37761.64,4749.25,10176.36,1138.47,3492.7202,81473.05,79.5,708678.8,2183.032
62001.42,1570.0,59000.6,262143.0,88595.1,13340.29,37490.05,3441.44,15306.721,203893.81,80.1,1626887.6,2719.845
57734.07,1078.5901,43611.46,262143.0,61454.51,9721.44,21054.16,1827.58,7824.9604,144615.25,80.1,1202546.1,2158.8196
24918.541,343.83002,196.25,2656.4402,1034.63,219.8,2105.69,197.28,1985.28,2376.0,82.2,5411.414,21.518322
34651.23,1251.29,67.51,95.770004,39.25,-26.69,36.99,-42.47,198.00002,40.920002,82.3,1861.5266,4.570555
30379.53,503.97003,19193.25,234148.23,26051.012,3702.06,6671.9,546.63,3901.9202,61633.44,83.2,529236.3,1805.4106
7171.41,65.94,-17.27,23.550001,-1.57,17.27,42.47,-41.1,63.36,125.4,83.5,-476.20447,-7.8855205
57304.29,821.11005,23749.39,262143.0,34067.43,5653.5703,13430.11,1048.05,5868.72,77774.41,83.7,654867.75,1183.9891
23830.17,290.45,10418.5205,125811.95,13836.41,2284.35,3762.02,289.07,2946.2402,34793.883,84.4,287281.2,1249.0515
72096.03,1656.3501,50208.6,262143.0,71059.77,11478.2705,21041.83,1630.3,9395.761,163884.61,84.5,1384456.2,1990.2041
65190.84,1497.78,62035.41,262143.0,84062.516,11960.261,23491.39,1926.22,8565.48,195361.33,84.9,1710569.6,2719.834
17007.63,303.01,690.80005,8595.75,2237.25,1292.11,202.76,86.31,444.84003,3928.32,85.4,19048.18,115.13351
58410.06,1260.7101,44810.94,262143.0,61768.51,9332.08,20093.791,1774.15,8679.0,142587.72,85.7,1235620.8,2192.5393
42145.41,569.91003,20237.3,246477.45,29305.621,3945.4102,7776.12,679.52,4427.2803,64343.402,85.9,558025.06,1371.9392
16642.23,259.05002,67.51,1802.3601,741.04004,194.68001,982.29,52.06,1221.0,2163.48,86.0,1861.5266,10.5986
31618.41,381.51,13313.601,161518.47,18276.371,3075.6301,6262.27,621.98,3953.4001,44152.684,87.0,367110.34,1202.939
72240.45,1535.4601,46115.613,262143.0,64957.184,9872.16,19675.94,1487.82,9269.04,150930.12,87.3,1271595.9,1824.2255
27410.22,618.58,1978.2001,24735.352,4633.0703,761.45,513.75,76.72,883.08,9313.92,87.4,54547.06,205.35104
70245.54,1499.3501,74546.74,262143.0,105254.375,14720.32,27604.13,2502.99,12401.4,242781.02,87.4,2055558.2,3033.3027
23350.8,238.64001,13965.15,170049.84,19967.26,3378.6401,4734.72,341.13,2105.4001,44652.96,87.6,385076.25,1708.9872
113683.77,7237.7,262143.0,262143.0,262143.0,63748.28,112033.12,9837.97,47217.723,262143.0,88.4,7228353.5,6592.087
21137.52,323.42,6840.49,84673.24,9880.011,1251.29,3303.07,421.96,2502.7202,23218.8,89.9,188620.27,924.2993
16198.53,315.57,50.24,1832.1901,806.98004,343.83002,1154.91,90.42,1214.4,2221.56,92.1,1385.3221,7.8679466
70907.61,1323.51,40392.96,262143.0,56552.973,8810.84,14737.09,1275.47,6079.9204,129160.69,92.9,1113799.0,1627.778
49970.19,978.11005,38342.543,262143.0,54166.57,7562.6904,18873.12,1876.9,5892.4805,121127.164,93.2,1057260.5,2192.9104
14424.6,210.38,56.52,1508.77,722.2,65.94,804.19,123.3,1482.3601,2185.9202,93.4,1558.4873,10.203337
58187.34,1094.29,45382.42,262143.0,71147.695,13227.25,26527.31,2367.36,8653.92,150567.12,94.2,1251378.8,2229.0168
22562.58,263.76,287.31,3292.29,926.30005,298.30002,1668.66,272.63,2785.2002,3038.6401,94.7,7922.3105,35.409187
51276.93,1978.2001,87646.82,262143.0,123246.57,20653.352,39303.93,3630.5,11795.5205,262143.0,94.8,2416781.0,4886.2344
80713.38,3157.27,101068.75,262143.0,140281.08,21574.941,42011.05,3612.69,21678.361,262143.0,94.9,2786878.2,3579.3074
21341.1,285.74002,167.99,2618.76,959.27,163.28,1302.87,149.33,1961.52,2340.36,96.0,4632.171,21.506899
20266.65,299.87,183.69,2783.61,1180.64,422.33002,1542.62,163.03,2085.6,3501.9602,96.9,5065.084,24.915081
18832.02,339.12003,113.04,2406.81,753.60004,152.29001,1641.26,147.96,1325.28,2269.08,97.2,3116.9746,16.162645
3851.49,94.200005,-4.71,39.25,-4.71,-31.400002,63.02,-23.29,27.720001,-269.28,97.5,-129.87395,-4.496561
20090.91,288.88,13412.511,164196.89,18334.46,2521.4202,3189.36,142.48,1812.3601,43438.562,98.8,369837.72,1907.7958
21598.621,394.07,2675.28,34175.76,10062.13,2380.12,11965.58,1182.31,4309.8003,21884.281,99.3,73768.4,353.15405
20843.46,298.30002,255.91,3518.37,891.76,-39.25,1324.79,115.08,1818.9601,2592.4802,99.7,7056.4844,34.104794
5152.14,227.65001,3147.85,37403.68,4276.68,755.17004,47.95,47.95,265.32,10784.4,99.7,86799.086,1745.9294
108212.34,4025.4802,157323.42,262143.0,215521.75,35351.69,64872.24,5653.99,28013.041,262143.0,99.8,4338049.5,4155.862
172580.16,6273.72,262143.0,262143.0,262143.0,69031.336,113501.76,9400.94,41461.203,262143.0,100.2,7228353.5,4342.066
41184.06,753.60004,22775.99,262143.0,30888.182,5515.41,9350.25,742.54,6145.9204,71752.56,100.3,628027.1,1580.2377
43390.38,747.32,24721.22,262143.0,35472.582,4738.2603,11660.07,1056.27,6424.4404,81226.2,100.4,681665.06,1628.0165
28004.43,529.09,22739.88,262143.0,32390.672,5184.14,9120.09,975.44,3310.56,72544.56,101.5,627031.44,2320.7234
25671.09,307.72,248.06001,3121.1602,2205.85,719.06,530.19,72.61,1008.48004,4200.24,102.4,6840.028,26.628763
64274.73,1836.9,61018.05,262143.0,84478.56,13220.971,28156.24,2507.1,12472.681,193502.77,103.2,1682516.9,2713.3577
66403.62,1149.24,50163.07,262143.0,66861.59,10925.63,17156.51,1690.58,8778.0,160418.28,103.2,1383200.8,2158.9385
47273.19,857.22003,27228.512,262143.0,39655.062,5761.9004,14708.32,1378.22,5137.4404,88689.484,103.5,750801.3,1645.8649
53861.7,574.62,24934.74,262143.0,36296.832,5466.74,14161.69,1249.4401,8436.12,85277.28,104.3,687552.6,1322.6519
21550.77,403.49002,17409.73,210244.98,23221.871,3394.34,4533.33,408.26,2283.6,56245.203,107.9,480057.4,2308.8208
30557.88,436.46002,7550.1304,92235.93,9300.681,1207.3301,1805.66,47.95,5243.04,26108.281,108.1,208187.94,705.448
6004.74,237.07,5564.08,65566.34,7765.22,1502.49,35.62,57.54,429.00003,17752.682,110.6,153424.42,2648.4038
32567.58,806.98004,27493.842,262143.0,39705.3,6380.48,10791.49,720.62,4241.16,88735.68,110.7,758117.56,2412.787
35420.31,540.08,17555.74,214502.83,25138.842,3758.58,8777.59,643.9,3830.6401,58242.363,111.0,484083.47,1416.1499
67624.23,1931.1001,64465.773,262143.0,88428.68,15232.141,26942.42,2179.67,13482.48,209490.61,111.5,1777584.8,2724.6863
127033.05,3925.0002,130517.24,262143.0,186396.69,29971.3,63606.36,5493.7,31621.922,262143.0,112.6,3598893.5,2936.6506
69431.22,3078.77,140425.52,262143.0,190494.39,28129.691,58096.22,5266.28,16816.8,262143.0,113.1,3872105.2,5781.8276
22701.78,475.71002,13043.561,161491.78,19405.201,4023.9102,10327.06,806.93,4391.64,45884.523,113.2,359664.25,1641.8021
37875.45,879.2,24024.14,262143.0,46228.652,8220.5205,26932.83,2479.7,7725.9604,87443.41,113.5,662443.7,1812.5897
30050.67,507.11002,23995.88,262143.0,33502.23,5075.81,8680.32,957.63,3119.1602,75163.445,114.1,661664.44,2282.1345
74621.64,3502.6702,129890.81,262143.0,183749.67,27189.262,60052.582,5370.4,21729.842,262143.0,114.2,3581620.2,4975.9424
8081.43,53.38,-39.25,53.38,128.74,-45.530003,100.01,0.0,84.48,159.72,114.3,-1082.2828,-14.886744
4773.69,61.230003,-4.71,69.08,-23.550001,-56.52,-39.73,20.55,-44.88,0.0,114.8,-129.87395,-3.821082
21972.72,496.12003,2479.03,29365.281,6028.8003,2053.56,512.38,17.81,988.68005,10178.5205,114.9,68356.984,321.58707
52106.91,954.56006,27316.432,262143.0,41721.18,6033.5103,13347.91,1231.63,7950.3604,90200.88,115.0,753225.6,1497.9171
42662.19,901.18005,28192.49,262143.0,37727.1,6123.0,12925.95,1076.82,5187.6,92774.88,115.2,777382.1,1888.4669
72007.29,2130.49,88207.31,262143.0,120590.13,17934.111,32014.16,2740.0,13607.881,262143.0,115.4,2432236.0,3501.492
22937.55,298.30002,199.39,3612.57,742.61005,194.68001,2028.97,201.39,2783.8801,3289.4402,117.7,5497.997,23.854517
57527.01,995.38,43936.453,262143.0,55475.953,9073.03,15674.17,1409.73,6222.4805,141624.12,118.4,1211507.5,2182.7463
23172.45,301.44,7616.0703,92633.14,10820.44,1716.01,2630.4,246.6,2675.6401,24195.602,118.9,210006.17,938.74066
12986.49,97.340004,111.47,1485.2201,781.86005,328.13,9.59,56.170002,419.76,1263.24,118.9,3073.6833,23.542297
46655.492,621.72003,27577.05,262143.0,39622.09,5425.9204,11666.92,950.78,4651.68,90327.6,119.2,760411.94,1689.0286
24918.541,632.71,4768.0903,58016.21,7546.99,1312.52,268.52,84.94,640.2,17990.281,120.1,131475.73,546.1052
55677.39,888.62006,29242.82,262143.0,41922.14,6234.47,14320.61,1227.52,8327.88,95531.05,120.3,806344.0,1500.7213
64982.91,1474.2301,40273.64,262143.0,55238.883,9065.181,17572.99,1568.65,7982.0405,130324.92,121.3,1110508.8,1771.0284
44325.63,813.26,36829.062,262143.0,51653.0,8667.971,15849.53,1248.07,5071.4404,118190.164,122.1,1015527.7,2374.6626
12769.86,152.29001,200.96,2645.4502,1092.7201,65.94,123.3,-23.29,506.88,2589.84,122.7,5541.2886,43.995853
36517.38,766.16003,34117.67,262143.0,49820.812,6659.9404,15337.15,1515.22,6152.52,110407.445,123.3,940763.56,2670.3374
13493.7,191.54001,-15.700001,76.93,-95.770004,10.990001,30.14,41.1,145.20001,149.16,124.3,-432.91315,-4.3267307
83600.04,2020.5901,69411.27,262143.0,102415.81,16433.191,43327.62,4075.75,16791.72,232287.02,124.9,1913952.4,2372.9553
47024.37,693.94,34734.68,262143.0,46798.562,8445.03,12521.8,978.18,4584.3604,111118.92,125.6,957777.0,2110.9775
54612.51,1409.8601,60306.844,262143.0,83318.336,12415.561,23202.32,1871.42,8049.3604,190113.0,125.9,1662906.0,3156.3552
40732.53,1018.93005,35899.62,262143.0,56529.42,10231.69,25549.13,2135.83,8388.601,124749.24,127.9,989899.2,2518.9822
59487.992,1232.4501,39604.82,262143.0,53182.184,8675.82,15686.5,1356.3,6936.6,125665.33,128.0,1092066.8,1902.5651
13696.41,36.11,362.67,5692.8203,1471.0901,547.93,283.59,47.95,541.2,3622.08,128.3,10000.294,74.71011
15706.98,208.81001,857.22003,11461.0,3617.28,1183.78,4447.02,413.74,1510.0801,7770.8403,128.5,23637.059,155.04456
60955.68,1223.03,59258.082,262143.0,80938.21,12184.7705,22165.23,1824.84,9039.36,186896.17,129.0,1633987.4,2778.6006
93067.38,2771.05,97047.984,262143.0,133966.53,21066.26,40513.64,3723.66,16092.121,262143.0,130.6,2676009.5,2980.522
12681.12,128.74,200.96,2482.1702,1526.04,733.19,217.83,19.18,504.24002,2654.52,130.8,5541.2886,44.310726
15954.93,147.58,117.75001,2248.24,979.68005,337.55002,43.84,19.18,542.52,2885.52,131.6,3246.8486,20.101583
17661.0,307.72,67.51,2099.09,763.02,279.46002,1549.47,98.64,1238.16,2468.4001,131.6,1861.5266,9.929539
4953.78,177.41,332.84,4582.83,1378.4601,359.53,131.52,61.65,442.2,3076.9202,132.8,9177.759,191.10904
63025.41,1295.25,60176.53,262143.0,88466.36,13753.2,28198.71,2500.25,9381.24,194515.2,133.7,1659312.8,2728.986
25013.371,731.62,19654.83,241500.55,34813.18,7586.24,19216.99,1613.86,8273.761,76781.766,134.6,541963.94,2245.705
12057.33,174.27,65.94,1312.52,510.25003,72.22,764.46,63.02,1252.68,1131.24,135.4,1818.2352,14.636761
67632.06,1590.41,43711.94,262143.0,59562.66,8002.29,16893.47,1320.68,7005.24,141423.48,136.0,1205316.8,1846.9764
70740.57,1585.7001,75758.78,262143.0,108779.02,17315.531,36120.05,3248.27,9819.48,238002.61,136.4,2088979.1,3061.058
21663.871,535.37,533.8,6485.6704,1742.7001,654.69,254.82,50.69,545.16003,3457.08,136.6,14719.046,69.4517
68325.45,1546.4501,49582.17,262143.0,71888.734,11611.721,21999.46,2078.29,8640.721,159182.77,136.7,1367183.0,2073.8752
43674.87,857.22003,40699.113,262143.0,57301.863,9956.94,18067.56,1560.43,6441.6,127809.01,137.3,1122240.9,2663.4177
23275.98,224.51001,1174.36,14704.62,3344.1,920.02,3425.0,447.99,1837.4401,9786.48,137.4,32381.902,143.25879
43327.742,923.16003,38092.91,262143.0,55672.203,9270.851,15849.53,1457.68,4580.4004,122649.125,137.6,1050377.1,2512.7788
10913.28,103.62,285.74002,2989.28,649.98004,180.55,124.67,32.88,464.64,1924.56,139.4,7879.0195,73.86257
32999.97,898.04004,16788.01,217581.6,38400.633,7565.83,12831.42,1208.34,3171.9602,60733.203,141.1,462914.0,1453.5701
29458.2,400.35,12635.36,155100.31,18142.92,2546.54,5553.98,532.93,3512.52,41665.8,141.1,348408.5,1225.3951
29105.85,342.26,15054.73,183387.0,20045.76,2733.37,6841.78,646.64,4709.7603,51263.523,141.4,415120.4,1477.9098
18981.66,309.29,84.78001,2019.02,905.89,430.18002,1379.59,106.86,1318.68,2493.48,142.1,2337.7312,11.770511
34840.89,558.92004,18221.42,223781.53,27369.81,4281.39,9300.93,875.43,3874.2002,58749.242,142.4,502439.0,1494.3469
46640.7,838.38,29396.682,262143.0,40529.55,5589.2,13617.8,1143.95,4858.9204,90876.73,142.6,810586.6,1801.1141
21579.48,323.42,31.400002,1945.2301,863.5,314.0,1375.48,261.67,2014.3201,2152.9202,143.0,865.8263,3.1604247
21095.76,364.24002,222.94,3378.6401,1358.05,403.49002,68.5,-39.73,491.04,2176.6802,144.6,6147.3667,29.21634
50152.89,1538.6001,40017.73,262143.0,56413.242,9079.311,12673.87,1156.28,5904.3604,129047.164,144.7,1103452.2,2280.4211
31259.97,409.77002,439.6,4928.23,1998.6101,741.04004,173.99,36.99,889.68005,5050.3203,144.9,12121.568,39.208527
14051.37,430.18002,901.18005,11426.46,2188.58,175.84001,253.45,32.88,425.04,4721.64,148.0,24849.215,182.37573
83585.25,1799.2201,84690.516,262143.0,122915.305,19598.31,37742.13,3451.03,14529.24,262143.0,151.2,2335263.5,2896.0376
72240.45,1756.8301,66126.836,262143.0,101803.516,16039.12,41365.78,3656.53,12179.641,217856.77,151.5,1823387.0,2616.2566
64481.79,1643.79,67976.29,262143.0,99867.7,17075.32,33375.94,3168.81,11980.32,221806.2,152.5,1874384.0,3013.1814
20718.18,222.94,89.490005,1703.4501,1354.91,400.35,2352.29,210.98,1078.4401,2585.8801,153.7,2467.605,11.350141
50173.77,1012.65,32360.842,262143.0,45388.703,7974.0303,15439.9,1226.15,6407.2803,103955.28,153.8,892320.6,1843.1322
5123.43,70.65,64.37,53.38,-29.830002,-14.13,47.95,5.48,50.160004,35.640003,155.2,1774.944,34.922928
53188.32,1753.6901,61905.1,262143.0,91837.16,15155.211,34107.52,2916.73,10468.921,199155.02,155.2,1706976.5,3326.815
9717.9,138.16,0.0,23.550001,155.43001,124.03001,-32.88,-32.88,125.4,-7.92,156.7,0.0,-1.0
14477.67,136.59001,588.75,7570.54,1190.06,307.72,-61.65,46.58,488.40002,3498.0002,156.8,16234.243,115.27363
83731.414,4689.5903,171197.52,262143.0,245028.34,41388.34,79296.97,6725.33,31068.842,262143.0,157.3,4720615.0,5844.9897
103248.12,2486.8801,70546.38,262143.0,101202.2,16105.061,25010.72,2342.7,13935.24,229484.66,158.8,1945252.0,1952.6268
111764.55,4143.23,176464.86,262143.0,248158.92,38308.0,72109.95,6795.2,30894.602,262143.0,160.6,4865857.0,4513.4326
39341.4,557.35004,25124.71,262143.0,33191.37,5394.52,8835.13,911.05,3013.56,78561.125,160.9,692790.94,1824.9979
60421.5,755.17004,1062.89,17885.441,10245.82,3827.6602,1149.43,191.8,3899.2803,19273.32,162.8,29308.22,49.297436
17350.41,124.03001,296.73,3700.4902,1639.0801,215.09001,284.96,58.91,821.04004,3627.36,164.3,8182.0586,47.899086
13982.64,227.65001,150.72,1918.54,1271.7001,604.45,130.15,45.21,394.68002,2009.04,164.5,4155.9663,29.819864
23902.38,285.74002,183.69,3395.9102,1252.86,232.36,1794.7,102.75,2302.08,4208.16,164.8,5065.084,20.973204
32366.61,1532.3201,63713.742,262143.0,93875.016,16265.2,35666.582,3012.6301,11168.5205,203775.02,165.4,1756848.1,5627.3994
4439.61,136.59001,142.87001,1778.81,1177.5,535.37,197.28,32.88,319.44,1917.9601,165.9,3939.5098,91.01217
10954.17,263.76,617.01,9927.11,8603.601,2939.04,14115.11,1405.62,3009.6,9993.721,166.2,17013.486,160.05037
66386.22,1175.93,46526.953,262143.0,65501.973,10082.54,19758.14,1739.9,11115.721,153972.72,168.0,1282938.1,2002.8983
33143.52,401.92,21405.38,258602.56,26868.98,3929.7102,3714.07,252.08,2329.8,66851.41,168.2,590233.8,1845.602
20444.13,312.43002,188.40001,2384.83,982.82,204.1,1135.73,58.91,1874.4,3521.7603,168.2,5194.958,25.348825
43161.57,830.53,26448.22,262143.0,35996.96,6375.77,11403.88,1169.98,4849.68,85520.164,168.7,729285.5,1751.0569
22219.8,516.53,22499.67,262143.0,34098.832,5601.7603,13826.04,1237.11,5025.24,76944.125,169.6,620407.8,2894.2427
43597.44,882.34,36562.16,262143.0,49900.883,8116.9004,10251.71,853.51,4862.8804,111447.6,170.1,1008168.1,2396.8381
53579.82,1136.68,36428.71,262143.0,50762.812,8545.511,15528.95,1498.78,5606.04,114487.56,171.3,1004488.4,1942.9789
15205.86,152.29001,94.200005,1386.31,1646.93,474.14,227.42,67.13,612.48004,2286.24,172.0,2597.479,16.71287
66308.79,1279.55,37758.5,262143.0,56881.1,8804.561,22410.46,1970.06,11687.28,127938.37,172.7,1041156.1,1627.1433
13444.98,163.28,98.91,1136.68,350.11002,197.82,661.71,100.01,708.84,1263.24,172.8,2727.3528,20.034346
21545.55,288.88,7.8500004,2224.6902,770.87006,135.02,1711.13,165.77,1949.6401,3084.84,173.1,216.45657,0.041744113
8277.18,86.350006,-17.27,334.41,292.02002,345.40002,52.06,-15.07,238.92001,295.68002,173.3,-476.20447,-6.9656663
24045.93,477.28003,1153.9501,14517.79,2400.53,599.74,94.53,0.0,393.36002,5291.8804,174.7,31819.117,136.21274
26140.02,378.37003,17985.92,218062.02,25660.08,4449.3804,8099.44,645.27,4425.96,58733.402,175.0,495945.28,1966.3234
15265.0205,135.02,5264.21,62771.742,6999.06,780.29004,2018.01,73.98,2085.6,16592.4,177.0,145155.78,985.01794
34645.14,775.58,30282.16,262143.0,42725.98,6380.48,9325.59,901.46,4014.12,95397.73,178.1,835002.9,2498.157
43564.38,780.29004,28489.22,262143.0,40377.26,5783.8804,10354.46,975.44,4163.2803,89498.64,178.2,785564.2,1868.8123
32723.31,585.61005,27228.512,262143.0,38687.94,5331.72,11351.82,1175.46,4111.8003,86457.37,178.6,750801.3,2378.1165
10137.24,133.45,111.47,1755.26,310.86002,100.48,652.12,35.62,929.28,1082.4,180.8,3073.6833,30.44034
60064.8,1218.3201,29327.602,262143.0,43492.14,7041.45,17403.11,1508.37,6139.3203,94552.92,181.7,808681.8,1395.0646
43701.84,646.84,23510.75,262143.0,32282.342,5202.98,9765.36,874.06,4503.8403,76868.88,182.0,648287.44,1537.2106
15251.97,215.09001,43.960003,1310.9501,535.37,80.07,858.99,82.2,1201.2001,2191.2002,182.3,1212.1569,7.2410164
32479.71,1260.7101,52032.94,262143.0,77978.766,13129.91,28916.59,2716.71,11398.2,179091.0,182.5,1434760.8,4579.5244
65089.05,1635.9401,65327.703,262143.0,94086.96,15414.261,31892.23,2838.64,11476.08,216317.66,183.9,1801351.6,2868.713
65654.55,1185.3501,48563.242,262143.0,73394.36,11570.9,23080.39,1850.87,8548.32,155457.72,184.2,1339087.0,2113.91
38507.94,679.81,18690.852,229298.5,26960.041,4476.0703,10138.0,911.05,3458.4001,61640.043,185.2,515383.12,1386.8029
38719.35,1237.16,34643.62,262143.0,50093.992,8321.0,17442.84,1589.2,8772.721,113112.125,185.7,955266.2,2557.257
82251.54,2037.8601,85334.21,262143.0,118385.85,19457.01,31948.4,2908.51,11679.36,262143.0,186.0,2353012.8,2965.3892
37235.13,795.99005,30533.361,262143.0,45633.62,6612.8403,15482.37,1326.16,5427.8403,102055.805,186.3,841929.5,2343.6106
23141.13,350.11002,12965.061,157127.17,18409.82,3367.6501,5069.0,320.58,2249.28,41671.082,188.2,357499.7,1600.9131
22556.49,606.02,16037.551,195548.22,29486.172,5860.81,15807.06,1608.38,6024.4805,61797.12,188.2,442220.78,2031.8977
109731.36,2637.6,137035.89,262143.0,193461.69,30778.281,57497.53,5207.37,22841.281,262143.0,188.7,3778639.2,3569.6934
10427.82,157.0,117.75001,1023.64,576.19,208.81001,52.06,9.59,192.72,997.92004,188.9,3246.8486,31.28616
6819.06,527.52,274.75,6331.81,8911.32,3253.04,334.28,23.29,225.72002,24548.041,189.0,7575.98,114.202576
46474.53,945.14,37380.133,262143.0,52866.613,8944.29,18784.07,1833.06,4701.8403,122305.92,189.9,1030722.94,2298.7192
59411.43,1259.14,56747.652,262143.0,80528.445,12431.261,22003.57,1985.13,9283.561,177563.77,190.3,1564764.6,2730.0327
17093.76,356.39,425.47,5413.3604,1142.9601,350.11002,78.090004,36.99,339.24002,2989.8,190.6,11731.946,70.167274
50251.2,1315.66,41570.46,262143.0,65704.5,10730.95,24783.3,2302.97,9237.36,141158.17,191.4,1146267.4,2364.3064
14003.5205,172.70001,167.99,2141.48,486.7,48.670002,845.29,0.0,1833.4801,1688.28,191.8,4632.171,33.300087
12747.24,244.92001,75.36,1188.49,299.87,135.02,934.34,109.6,795.96,1053.36,192.6,2077.9832,15.903387
35769.18,577.76,19917.021,243762.92,28694.89,4030.1902,6400.64,715.14,4377.12,63096.004,194.3,549193.6,1591.0781
22958.43,508.68002,18876.111,228417.73,25843.771,4036.4702,7606.24,643.9,3009.6,60692.28,194.3,520491.5,2349.8198
57346.92,722.2,12987.04,158196.34,19172.84,3094.4702,6248.57,643.9,6416.52,42797.043,195.1,358105.75,646.51385
30906.75,770.87006,22135.432,262143.0,30109.46,3733.4602,5795.1,445.25,4745.4004,71756.52,195.7,610364.25,2046.7816
45444.45,811.69,38149.43,262143.0,55146.25,9533.04,21470.64,1913.89,5670.72,123351.37,195.7,1051935.6,2399.2485
56329.89,1034.63,40279.92,262143.0,53959.332,9036.92,13805.49,1206.97,5588.8804,126123.37,196.3,1110682.0,2043.5546
35935.35,551.07,19764.73,242420.56,26738.67,3786.84,7514.45,653.49,3107.28,65004.723,196.9,544994.4,1571.5991
12632.4,130.31,122.46001,1692.4601,700.22003,150.72,123.3,2.74,330.0,1607.76,197.5,3376.7227,26.717714
16713.57,968.69,20242.01,246902.92,36180.652,6366.35,20381.49,1683.73,7557.0005,80023.68,197.8,558154.9,3461.8474
39845.13,766.16003,17676.63,216760.48,26272.38,4485.49,10305.14,789.12,6164.4004,60906.12,199.3,487416.94,1267.4497
24935.94,642.13,24696.102,262143.0,34100.402,6488.81,13713.7,1300.13,4721.64,80700.84,199.6,680972.44,2830.729
67423.26,1447.54,45407.543,262143.0,61118.53,9933.391,14776.82,1322.05,6343.9204,142875.48,200.8,1252071.5,1924.6053
36870.6,315.57,416.05002,8047.8203,5427.49,1833.76,631.57,208.24,2707.32,10624.681,201.8,11472.198,31.26371
81884.4,1761.54,69430.11,262143.0,98884.88,15638.7705,33301.96,2982.49,13865.28,221799.61,202.9,1914471.8,2423.352
75616.92,2722.3801,71343.945,262143.0,100509.836,16623.16,30759.24,3114.01,15170.761,234417.48,203.0,1967244.0,2696.6594
42897.96,698.65,28066.89,262143.0,37763.21,5565.6504,9195.44,753.5,3934.9202,90018.73,204.0,773918.8,1869.7106
41058.78,931.01,49714.05,262143.0,71510.36,10522.141,21883.01,2012.53,6955.08,155532.97,204.6,1370819.5,3460.9604
58552.742,1212.04,55871.594,262143.0,83263.38,13811.29,26302.63,2364.62,10175.881,181195.1,205.1,1540608.1,2727.3044
81640.8,2318.8901,79420.02,262143.0,124136.766,19868.352,42985.12,3878.47,16584.48,262143.0,205.2,2189934.5,2780.4534
18631.05,303.01,147.58,2483.74,638.99005,191.54001,1405.62,137.0,2152.9202,3165.36,206.2,4069.3835,21.648485
52982.13,2322.03,54562.21,262143.0,81586.625,13783.03,28394.62,2708.49,10335.601,186820.92,207.6,1504503.0,2943.4998
3049.35,89.490005,53.38,61.230003,87.920006,28.26,56.170002,31.51,34.32,-104.28001,208.0,1471.9047,49.051865
24838.5,687.66003,25716.602,262143.0,40898.5,6702.33,14712.43,1339.86,5437.08,84894.484,208.1,709111.75,2959.31
68013.12,1657.92,75108.805,262143.0,105703.39,15283.95,28539.84,2552.31,9934.32,239288.3,210.4,2071056.6,3156.5278
84284.73,3297.0,134366.89,262143.0,181005.31,29088.96,52739.52,4415.5103,17920.32,262143.0,211.1,3705044.0,4557.1895
11775.45,102.05,252.77,3014.4001,1245.01,237.07,1648.11,221.94,360.36002,2632.08,211.7,6969.902,60.375782
33091.32,434.89,178.98001,2427.22,1414.5701,163.28,283.59,28.77,927.96,3401.6401,211.8,4935.21,14.464625
62470.35,2084.96,105558.95,262143.0,143546.67,25054.06,38443.57,3472.95,11469.48,262143.0,212.0,2910691.5,4830.3677
38442.69,967.12006,40504.43,262143.0,56322.184,7297.3604,13771.24,1135.73,4779.72,125443.56,212.3,1116872.6,3011.5742
67926.99,1932.67,45343.17,262143.0,66707.734,10969.591,22543.35,2034.45,16878.84,152292.36,212.5,1250296.5,1907.6157
75722.19,1992.3301,84027.98,262143.0,115666.62,18172.75,29378.28,2708.49,14538.48,262143.0,213.3,2316994.5,3171.8516
33900.42,656.26,27616.3,262143.0,38490.12,7146.64,14922.04,1365.89,4518.3604,90633.84,213.9,761494.25,2328.214
41931.39,664.11005,29855.121,262143.0,43631.87,6182.66,14891.9,1380.96,3726.36,93444.125,214.7,823227.6,2034.7692
41024.85,1073.88,41462.133,262143.0,56498.023,7931.64,16433.15,1380.96,6640.9204,133545.72,216.3,1143280.4,2888.7058
29584.35,497.69,19614.01,238136.03,26156.201,3736.6,5521.1,512.38,2221.56,62535.004,217.4,540838.4,1894.629
44878.95,877.63,30572.611,262143.0,42116.82,6823.22,11692.95,956.26,5228.52,99488.41,219.3,843011.8,1946.7754
12216.54,152.29001,127.170006,1169.65,584.04004,114.61,1146.6901,15.07,1535.16,1560.2401,219.3,3506.5967,28.763601
12324.42,171.13,78.5,1521.3301,662.54004,229.22,15.07,75.35,180.84001,1152.36,219.4,2164.5657,17.21177
5179.11,353.25,4731.98,55582.71,6604.99,1152.38,45.21,75.35,492.36002,15092.881,219.5,130480.016,2611.3823
40073.94,940.43005,32455.041,262143.0,45506.453,7192.1704,11331.2705,1031.61,6180.24,103498.56,219.7,894918.06,2314.6296
63543.06,2555.9602,103690.66,262143.0,151980.72,27095.06,48011.65,4519.63,17422.682,262143.0,219.8,2859175.0,4664.7397
15305.04,233.93001,105.19,2168.1702,398.78,133.45,927.49,56.170002,2113.32,2576.6401,219.9,2900.518,18.651197
34144.89,736.33,29476.752,262143.0,40083.67,6254.8804,8780.33,842.55,3966.6,91707.0,219.9,812794.5,2467.3284
86188.29,2615.62,95283.305,262143.0,131203.33,20846.46,40586.25,3641.46,16695.361,262143.0,220.1,2627350.0,3159.9495
16432.56,2097.52,39.25,7576.8203,12746.83,7289.5103,571.29,175.36,480.48,10309.2,222.0,1082.2828,5.829414
36652.23,690.80005,1519.76,18904.371,3444.58,709.64,316.47,89.05,843.48004,8193.24,222.2,41905.992,117.556015
10029.36,189.97,61.230003,1116.27,293.59,58.09,630.2,46.58,1123.3201,1155.0,222.3,1688.3613,16.45581
17513.1,163.28,744.18005,9054.19,1654.78,770.87006,289.07,53.43,398.64,3859.6802,224.2,20520.084,120.49657
28786.56,525.95,17695.47,219853.39,30043.521,5796.4404,17845.62,1408.36,4831.2,68284.92,227.7,487936.4,1756.6051
61261.92,2221.55,70254.36,262143.0,100335.56,17064.33,32263.5,2927.69,12851.5205,228910.45,227.8,1937199.8,3277.9263
12166.95,142.87001,87.920006,2105.37,580.9,106.76,798.71,61.65,1752.9601,1813.68,228.6,2424.3137,19.661173
39996.51,872.92004,44341.51,262143.0,63239.6,10253.67,17848.36,1542.62,4573.8003,135665.64,229.3,1222676.6,3168.8403
33963.93,527.52,232.36,4744.54,1431.8401,362.67,3092.09,304.14,3618.12,7120.08,229.4,6407.1143,18.56106
4799.79,40.82,31.400002,-94.200005,109.9,42.390003,1.37,-24.66,-27.720001,-285.12003,229.7,865.8263,17.704943
28736.97,708.07,157.0,2599.9202,1001.66003,224.51001,315.1,9.59,755.04004,2799.7202,229.8,4329.1313,14.620958
48161.46,1927.9601,96964.77,262143.0,144754.0,24394.66,45333.3,4300.43,11891.881,262143.0,230.1,2673715.0,5755.564
11347.41,183.69,95.770004,1582.56,423.90002,113.04,1020.65,73.98,1488.9601,1470.4801,231.1,2640.7703,23.131357
30798.0,579.33,24232.951,262143.0,34034.46,4981.6104,9766.73,980.92,3651.12,77564.52,231.3,668201.44,2248.7422
48133.62,817.97003,23967.621,262143.0,32202.271,4884.27,10873.69,863.1,6358.4404,78438.36,231.7,660885.25,1422.7227
90332.1,3168.26,54833.82,262143.0,77404.14,10459.341,21643.26,1774.15,12682.561,184051.56,231.8,1511992.4,1734.6229
53389.29,1067.6,31363.89,262143.0,43510.98,7543.85,12045.04,872.69,6324.12,102160.086,232.1,864830.56,1678.6731
44648.4,938.86005,37912.36,262143.0,53865.133,7908.0903,12756.07,1269.99,5208.72,118015.92,233.6,1045398.6,2426.8616
43415.61,885.48004,28898.99,262143.0,39003.51,6895.4404,11758.71,924.75,5019.96,91017.96,233.8,796863.25,1902.2059
74664.27,1758.4,58232.87,262143.0,83660.59,14874.181,23999.66,2049.52,13002.001,192713.4,234.2,1605718.1,2228.9973
55918.38,1059.75,42685.16,262143.0,58642.64,10325.891,14126.07,1357.67,6234.3604,133492.92,236.4,1177004.2,2181.586
22780.95,274.75,252.77,3488.54,1011.08,226.08,1491.93,-30.14,1998.4801,3746.1602,236.9,6969.902,30.725079
30530.91,516.53,22071.06,262143.0,28676.05,3862.2002,6056.77,694.59,3892.6802,69732.96,237.3,608589.3,2065.9617
20625.96,337.55002,10886.38,130645.984,13274.351,2446.06,1097.37,-12.33,2521.2002,35506.68,237.5,300181.97,1508.101
94240.14,1896.56,80022.91,262143.0,113286.49,18254.39,30794.86,2656.43,10707.841,252597.84,237.6,2206558.5,2426.881
83948.914,1803.93,67230.54,262143.0,99082.7,13545.961,31694.95,3130.45,13984.08,215934.84,237.8,1853820.6,2288.8157
61408.082,1257.5701,50798.92,262143.0,71548.04,11972.82,25875.19,2102.95,8086.3203,162452.4,238.9,1400733.8,2364.255
5251.32,67.51,28.26,-50.24,47.100002,-64.37,-16.44,-28.77,-26.400002,336.6,240.0,779.24365,14.386954
34539.87,367.38,5889.0703,74692.75,11930.431,2510.4302,8866.64,717.88,6095.7603,26407.922,240.3,162385.73,486.50046
62907.09,1789.8,78314.74,262143.0,113496.875,17844.621,37725.69,3196.21,12491.16,248966.53,240.4,2159457.5,3558.5322
20772.99,277.89,9149.96,112060.32,13268.07,2110.08,4194.94,378.12,2628.12,31068.842,241.8,252301.78,1258.4159
50865.42,1197.91,48172.312,262143.0,65312.004,9683.761,18418.28,1626.1901,6941.8804,153189.97,242.6,1328307.5,2706.8452
19226.13,266.9,167.99,3309.56,951.42004,117.75001,1586.46,126.04,2476.32,2720.52,243.9,4632.171,23.982769
26411.46,306.15002,813.26,10303.91,4078.86,1593.55,615.13,64.39,1903.4401,9081.601,244.5,22424.9,87.04121
59307.03,1073.88,45795.332,262143.0,60357.082,9919.261,17053.76,1580.98,7546.4404,142620.72,245.0,1262764.4,2206.8218
26635.05,340.69,1215.18,16937.16,7917.5103,1989.1901,13313.66,1074.08,3525.7202,12946.561,245.5,33507.477,129.44759
8266.74,174.27,69.08,1555.87,144.44,12.56,119.19,-4.11,0.0,1013.76,245.7,1904.8179,22.892801
38122.53,960.84,37544.98,262143.0,51646.723,7526.58,14948.07,1356.3,4367.8804,115027.445,246.3,1035268.5,2814.9124
58970.34,3083.4802,111722.77,262143.0,153206.89,23303.512,39639.582,3688.04,14662.561,262143.0,247.6,3080653.2,5415.978
14422.86,249.63,36.11,288.88,306.15002,7.8500004,13.7,-43.84,108.240005,139.92,248.0,995.70026,6.1585503
21666.48,642.13,23322.352,262143.0,32797.3,4958.06,11591.57,1098.74,4131.6,79530.0,249.4,643092.5,3076.7473
42239.37,806.98004,28388.74,262143.0,37888.812,7435.52,12094.36,1111.07,4225.3203,88368.73,249.5,782793.56,1920.6649
14255.82,224.51001,114.61,1659.4901,508.68002,10.990001,1119.29,100.01,1247.4,2014.3201,249.6,3160.2659,21.986841
27719.07,500.83002,20081.871,243376.7,26843.861,3537.2102,9289.97,728.84,3083.52,64755.242,249.6,553739.25,2070.4504
60321.45,1287.4,45385.562,262143.0,66279.125,10638.32,24661.37,2308.45,9352.2,151745.89,249.8,1251465.4,2150.2703
8696.5205,221.37001,103.62,698.65,103.62,83.21,65.76,-17.81,133.32,648.12006,249.9,2857.2268,33.068035
11661.48,147.58,117.75001,1375.3201,361.1,108.33,846.66,0.0,1061.28,1527.2401,250.9,3246.8486,27.870626
66449.73,1091.15,42503.043,262143.0,57144.863,8754.32,14289.1,1194.64,6206.64,137010.72,251.0,1171982.5,1827.8405
12852.51,189.97,84.78001,1370.61,606.02,216.66,843.92,100.01,978.12006,1561.56,251.8,2337.7312,17.860558
38935.11,1639.0801,49009.12,262143.0,78746.49,14382.7705,35765.22,3612.69,12777.601,173647.33,252.3,1351381.6,3598.022
62922.75,1560.5801,76831.09,262143.0,107598.38,15805.19,30042.73,2408.46,8465.16,242563.2,252.6,2118547.2,3490.229
52763.76,794.42004,587.18,9080.88,2741.22,538.51,5410.13,432.92,6919.4404,7605.8403,253.7,16190.951,30.818851
8209.32,53.38,25.12,100.48,-83.21,69.08,2.74,-42.47,-39.600002,-50.160004,253.7,692.6611,7.7490606
37437.84,1147.67,38259.332,262143.0,63029.223,11032.391,24770.97,2264.61,6466.68,128115.24,254.4,1054966.1,2920.969
41445.93,913.74005,26836.012,262143.0,40823.14,5608.04,19344.4,1485.08,7741.8003,91165.805,254.6,739978.5,1850.3353
13902.6,244.92001,72.22,1372.18,496.12003,45.530003,982.29,93.16,901.56006,1004.52,256.2,1991.4005,13.852874
17698.41,314.0,131.88,1265.42,937.29004,199.39,130.15,63.02,372.24002,1635.4801,256.7,3636.4705,20.305595
65509.26,1329.79,52736.3,262143.0,73014.42,10814.16,23453.03,1890.6,7659.9604,167613.61,257.2,1454155.2,2300.7383
43837.56,816.4,31404.71,262143.0,43223.67,7573.68,13032.81,939.82,4720.3203,103865.52,257.5,865956.2,2047.3181
11034.21,65.94,18.84,478.85,551.07,43.960003,115.08,9.59,389.40002,1240.8,257.8,519.4958,3.8818974
56972.82,1389.4501,38403.77,262143.0,56162.043,8492.13,21493.93,1731.68,9758.761,126346.445,259.2,1058948.9,1926.3259
11952.061,185.26001,238.64001,2918.6301,1464.81,852.51,1123.4,67.13,443.52002,2315.28,259.9,6580.2803,56.08861
27923.52,420.76,180.55,3052.08,1023.64,394.07,2283.79,168.51,2638.6802,2867.04,260.1,4978.501,17.48742
38873.34,626.43,30330.83,262143.0,42622.363,6284.7104,11569.65,1161.76,4918.3203,96957.96,260.4,836344.9,2229.907
19264.41,287.31,682.95,7873.5503,1764.68,783.43005,63.02,61.65,339.24002,3637.9202,261.6,18831.723,100.36364
30376.92,503.97003,19954.701,241125.31,26991.441,4680.17,6358.17,701.44,3454.4402,63690.004,261.7,550232.6,1877.2374
14489.85,215.09001,141.3,1785.0901,326.56,218.23001,1063.12,34.25,1980.0001,2011.68,261.9,3896.2183,26.882215
39059.52,839.95,21341.01,260863.36,28526.9,4064.7302,3789.42,357.57,10185.12,75533.05,262.6,588458.8,1561.2015
12896.01,59.660004,40.82,868.21,246.49,3.14,21.92,-6.85,345.84003,1297.56,263.3,1125.5741,8.050376
65544.93,1452.25,30782.99,262143.0,50210.17,8909.75,20547.26,1801.55,16370.641,111555.84,264.4,848812.8,1341.829
41053.56,869.78,33519.5,262143.0,48751.64,7207.87,14656.26,1215.1901,6590.7603,109416.125,265.7,924269.56,2333.51
18827.67,259.05002,81.64,1651.64,2797.74,766.16003,5721.12,367.16,719.4,2300.76,266.5,2251.1482,11.398108
31429.621,431.75,20124.26,245832.17,25782.541,4567.1304,6850.0,667.19,2778.6,64035.844,266.8,554908.06,1829.7532
68208.87,1613.9601,73709.93,262143.0,100886.63,16031.2705,25040.86,2127.61,9187.2,227269.69,267.2,2032483.9,3088.827
77268.18,2786.75,78126.34,262143.0,116749.914,18825.871,40091.68,3894.91,18142.08,262143.0,267.5,2154262.5,2889.9849
54111.39,1659.4901,65767.305,262143.0,95487.41,17317.1,32799.17,2886.59,10292.04,215717.05,268.2,1813473.2,3474.1243
34749.54,502.40002,16751.9,205911.78,24697.67,3995.6501,7761.05,804.19,4136.8804,54679.684,268.6,461918.34,1377.3644
81177.09,3282.87,104648.35,262143.0,159270.22,26770.07,65361.332,5986.9,22556.16,262143.0,268.8,2885582.5,3684.9365
13402.35,180.55,113.04,1472.66,346.97,39.25,606.91,63.02,1766.16,1659.2401,268.9,3116.9746,23.115719
6363.18,439.6,83.21,3915.58,9790.5205,5837.2603,427.44,106.86,-17.16,4171.2,269.7,2294.4397,36.389557
5169.54,208.81001,108.33,1650.0701,1369.04,651.55005,376.75,127.41,545.16003,2475.0,271.0,2987.1006,58.916416
51252.57,1092.7201,34871.27,262143.0,55837.05,8412.061,22628.291,2148.16,9094.801,119698.92,271.6,961543.4,1944.3651
7694.2803,353.25,1285.8301,17610.691,8642.851,2413.09,10244.86,976.81,4048.4402,13894.32,272.4,35455.59,476.8203
15726.12,194.68001,6908.0,83657.45,9511.061,1354.91,2881.11,312.36002,1310.76,23787.72,272.8,190481.78,1254.9713
63014.97,2219.98,80495.48,262143.0,112057.19,16880.64,32656.69,2953.72,11113.08,258565.56,273.0,2219589.2,3651.3867
35713.5,719.06,24325.58,262143.0,37628.19,6584.58,15368.66,1342.6,5616.6,81153.6,273.5,670755.6,1946.5104
18983.4,185.26001,185.26001,2899.79,979.68005,124.03001,1256.29,183.58,1419.0,2090.8801,274.0,5108.3755,26.903372
101289.75,2868.3901,85279.266,262143.0,122425.46,18430.23,41709.65,3622.28,18089.281,262143.0,274.2,2351497.8,2406.282
63693.57,1029.92,34332.76,262143.0,45318.05,6604.99,9762.62,889.13,6380.8804,111831.73,274.2,946694.5,1540.211
74204.04,2373.84,101497.37,262143.0,146003.72,23196.75,48635.0,4300.43,18357.24,262143.0,274.5,2798697.0,3909.8955
13838.22,188.40001,615.44,7385.2803,3490.11,876.06006,4151.1,387.71,1149.7201,5041.08,275.3,16970.195,126.16116
42581.28,502.40002,16590.191,200887.78,22147.99,3213.79,7437.73,702.81,4431.24,55436.043,275.4,457459.34,1112.991
20731.23,293.59,81.64,2449.2002,857.22003,373.66,1946.77,184.95,1318.68,2357.52,276.3,2251.1482,10.259702
19545.42,390.93002,2588.9302,30545.922,5061.68,1725.43,432.92,67.13,1045.4401,11268.841,276.8,71387.38,377.7253
31432.23,460.01,244.92001,4529.45,1210.4701,354.82,1991.98,126.04,2902.6802,5043.72,277.2,6753.4453,21.279121
85262.61,2700.4001,98581.875,262143.0,153450.23,25424.58,54802.74,4766.23,18613.32,262143.0,278.4,2718305.0,3304.8826
48183.21,1665.77,70978.13,262143.0,104971.77,18086.4,32410.09,2835.9,11072.16,223301.77,280.7,1957157.1,4210.898
14535.09,208.81001,345.40002,4989.46,1296.8201,887.05005,149.33,61.65,429.00003,3496.6802,281.1,9524.09,66.9444
11695.41,235.50002,61.230003,712.78,334.41,80.07,723.36,54.8,834.24005,1420.3201,281.1,1688.3613,13.969173
76139.79,2350.29,107463.37,262143.0,147000.67,22505.951,39158.71,3327.73,19623.121,262143.0,281.3,2963204.0,4034.5037
67681.65,1444.4,54375.383,262143.0,76083.77,12087.431,25184.71,2223.51,8411.04,169544.77,281.6,1499351.5,2296.1028
31309.56,497.69,20780.521,249589.19,27069.941,4281.39,7740.5,749.39,3071.6401,66122.766,281.7,573003.9,1896.704
102338.1,3452.4302,100545.945,262143.0,141413.05,23907.96,42801.54,3834.6301,15561.48,262143.0,282.0,2772462.5,2808.1582
152059.47,5540.5303,205432.94,262143.0,262143.0,47120.41,104654.3,9258.46,40559.64,262143.0,282.6,5664625.5,3861.83
19184.37,249.63,3091.33,36813.36,4697.44,452.16,1239.85,57.54,1995.8401,10530.96,283.1,85240.6,459.7304
37724.94,513.39,19827.531,239888.16,24440.191,3364.51,3449.66,423.33,3529.6802,64016.043,284.1,546726.06,1501.7582
34411.98,730.05005,36398.883,262143.0,53000.062,7955.1904,17312.69,1491.93,6040.3203,115791.73,285.3,1003665.9,3023.3174
21635.16,671.96,23455.8,262143.0,44528.34,8321.0,25713.53,2081.03,8982.601,87370.805,285.9,646772.25,3098.839
31530.541,453.73,18014.18,220371.48,24804.432,4254.7,8188.49,739.8,3187.8,56927.64,287.3,496724.53,1632.5486
26541.09,695.51,26427.81,262143.0,38212.23,5538.96,12775.25,1249.4401,4472.16,86941.805,288.2,728722.7,2846.026
48216.27,1314.0901,59179.582,262143.0,83699.84,11390.351,26805.42,1894.71,10699.921,196367.17,288.8,1631822.9,3508.355
10736.67,160.14,69.08,1014.22003,211.95001,122.46001,1049.42,61.65,889.68005,1292.28,289.6,1904.8179,17.396353
30436.95,522.81,19516.67,239137.7,26964.75,3893.6,6973.3,469.91,3150.84,60593.28,289.9,538154.3,1832.3845
52850.76,923.16003,31652.771,262143.0,44222.19,6199.93,13663.01,1231.63,6345.24,100230.24,289.9,872796.25,1711.4169
2964.96,36.11,18.84,157.0,279.46002,161.71,79.46,-8.22,178.20001,241.56001,290.6,519.4958,17.168165
12466.23,219.8,15.700001,673.53,409.77002,-26.69,998.73,86.31,865.92004,1110.12,290.7,432.91315,2.6009204
32598.9,508.68002,15051.591,183140.5,21256.23,3182.3901,7437.73,549.37,3862.32,50149.44,290.8,415033.84,1319.1658
12196.53,119.32001,233.93001,2777.33,797.56,108.33,72.61,47.95,355.08002,1688.28,290.9,6450.406,53.84015
49824.03,956.13,33608.992,262143.0,48519.28,8589.471,16009.82,1708.39,5301.12,111554.52,291.2,926737.2,1927.7041
9392.5205,133.45,-12.56,-21.980001,-109.9,171.13,4.11,-41.1,113.520004,-419.76,291.4,-346.33054,-4.8234596
25881.63,1563.7201,44463.973,262143.0,65952.56,9577.0,27698.66,2533.1301,10651.08,147544.33,291.4,1226053.4,4911.082
31186.89,478.85,95.770004,2978.29,2295.34,932.58,108.23,36.99,1675.0801,5260.2,291.7,2640.7703,7.78024
11808.51,194.68001,379.94,4980.04,3468.1301,1274.8401,6396.53,548.0,1545.7201,5414.64,292.5,10476.498,90.995995
24616.65,488.27002,17301.4,211328.28,25890.871,4121.25,10296.92,871.32,4291.3203,58045.684,292.7,477070.28,2008.5614
37932.87,684.52,23286.24,262143.0,33235.332,6658.37,11734.05,939.82,4106.52,73728.6,296.2,642096.75,1754.2242
14881.35,144.44,86.350006,1416.14,552.64,53.38,1013.8,87.68,1789.92,1639.4401,296.5,2381.0225,15.590866
39020.37,769.30005,1549.5901,19560.63,4402.2803,887.05005,349.35,105.49,1176.12,9878.881,296.6,42728.527,112.54667
87147.03,4490.2,110028.74,262143.0,158825.92,27512.682,55108.25,4956.66,19104.361,262143.0,296.8,3033942.0,3608.9614
114510.27,5766.6104,220533.2,262143.0,262143.0,49844.363,116506.17,10050.32,42968.64,262143.0,298.7,6081001.5,5505.5366
49650.9,926.30005,28241.16,262143.0,39094.57,5972.2803,13369.83,1245.33,6755.7603,91945.92,298.8,778724.2,1625.3141
66186.12,1516.62,56959.6,262143.0,77677.32,13145.61,20796.6,1830.32,10327.681,182406.84,298.9,1570608.9,2459.6453
30056.76,394.07,301.44,4752.39,1417.7101,224.51001,2276.94,219.2,2884.2002,5210.04,299.2,8311.933,27.675283
45907.29,785.0,23501.33,262143.0,34723.69,5352.1304,12186.15,1059.01,6972.24,76991.64,301.6,648027.7,1462.7261
17349.541,185.26001,5191.99,62757.613,6104.16,1006.37006,2044.04,142.48,1516.68,16987.08,301.8,143164.38,854.6474
34904.4,706.5,26134.22,262143.0,35863.51,5735.21,12086.14,1108.33,3723.7202,81644.64,303.7,720627.25,2139.8113
39687.66,1800.79,53285.8,262143.0,78322.59,12723.28,17316.8,1657.7,7916.0405,172921.33,304.7,1469307.2,3837.8843
48868.77,973.4,38876.34,262143.0,54427.19,8237.79,13572.59,1291.91,4246.44,120842.05,305.0,1071979.5,2273.589
33804.72,692.37,22714.762,262143.0,31682.602,5058.54,8409.06,794.6,3938.8801,71937.36,306.3,626338.75,1920.232
74534.64,1566.8601,24206.262,262143.0,37177.6,5419.64,12809.5,1400.14,8791.2,88367.41,306.6,667465.5,927.57837
28031.4,670.39,14101.74,172004.5,23237.57,3846.5002,15896.11,1789.22,5706.3604,55047.96,308.4,388842.6,1437.3909
36734.01,522.81,23782.361,262143.0,33139.562,5462.0303,11017.54,976.81,3929.6401,74537.766,309.0,655776.9,1850.1245
40669.89,792.85004,30961.97,262143.0,44839.203,7021.04,14150.73,1237.11,4803.48,98803.32,309.3,853748.0,2175.7302
16106.311,139.73001,309.29,4352.04,1851.03,496.12003,82.2,17.81,498.96002,3581.1602,309.5,8528.389,53.905872
6139.59,222.94,1336.0701,18015.75,6121.43,1232.4501,10127.04,956.26,2930.4001,10569.24,309.6,36840.91,621.21265
31315.65,513.39,19166.56,231576.58,26630.342,4961.2,6201.99,563.07,3729.0002,61187.28,309.6,528500.4,1748.9747
15358.11,423.90002,11635.2705,141419.33,20504.201,3182.3901,11227.15,878.17,3247.2002,45150.6,311.7,320831.94,2165.1458
34300.62,759.88,24751.05,262143.0,39114.98,5829.41,17800.41,1394.66,6730.68,86412.484,311.9,682487.56,2062.1968
21942.27,431.75,65.94,945.14,673.53,375.23,808.3,36.99,1590.6001,2770.6802,312.3,1818.2352,7.5924377
53210.07,2198.0,69378.305,262143.0,112520.336,20480.65,44283.88,4016.84,16335.001,237456.12,312.7,1913043.2,3727.0254
101689.08,3140.0,109314.39,262143.0,157284.17,24977.13,57740.02,5364.92,23246.521,262143.0,313.3,3014244.2,3072.633
70542.21,1417.7101,62181.42,262143.0,86340.586,12731.131,19084.1,1724.83,8461.2,198187.45,313.8,1714595.9,2519.3484
62419.89,1384.74,56830.863,262143.0,78476.45,12429.69,21372.0,2004.31,7401.24,180360.84,314.4,1567059.1,2602.2163
27741.69,417.62003,17849.33,214254.77,23251.701,3516.8,5151.2,409.63,2814.24,56082.844,315.4,492178.94,1838.6619
63633.54,1813.3501,94570.52,262143.0,132256.8,21469.75,42094.62,3675.71,9463.08,262143.0,316.1,2607695.8,4248.313
12585.42,210.38,80.07,1807.0701,453.73,174.27,750.76,94.53,1907.4,1935.1201,316.9,2207.857,17.190771
51964.23,935.72003,39493.35,262143.0,54251.35,8200.11,17114.041,1550.84,4396.9204,124757.164,319.5,1088993.0,2172.0437
47758.65,968.69,39303.383,262143.0,56041.152,9176.65,20185.58,1698.8,6044.2803,123884.65,321.9,1083754.9,2352.027
54095.73,902.75,38006.562,262143.0,51083.09,8446.601,17537.37,1535.77,6169.68,120030.24,323.0,1047996.2,2007.8365
119855.55,4293.95,205542.84,262143.0,262143.0,44294.41,75569.2,7066.46,29997.002,262143.0,323.6,5667656.0,4902.354
81338.914,1920.1101,82690.336,262143.0,120296.55,19854.22,29416.64,2498.8801,14595.24,262143.0,323.7,2280110.2,2905.7344
17100.72,270.04,222.94,2571.6602,806.98004,45.530003,1550.84,80.83,1135.2001,1752.9601,324.4,6147.3667,36.27542
31935.96,423.90002,221.37001,4433.68,1562.15,444.31003,2070.07,295.92,3817.4402,5225.8804,324.5,6104.0757,18.819277
4690.17,75.36,7.8500004,-92.630005,12.56,-15.700001,50.69,-26.03,132.0,-55.440002,325.4,216.45657,3.7855306
74465.04,1343.92,55183.934,262143.0,74623.67,9708.88,16705.78,1402.88,7724.64,175103.28,325.8,1521646.5,2117.8938
129417.72,6520.2104,173180.42,262143.0,249204.53,40075.82,75237.664,6943.16,31463.521,262143.0,326.2,4775291.5,3825.0798
13916.5205,246.49,362.67,4177.77,1077.02,215.09001,-35.62,-4.11,328.68002,1973.4,326.4,10000.294,73.51265
19631.55,312.43002,136.59001,2284.35,1029.92,229.22,1742.64,110.97,1581.3601,3026.76,326.5,3766.3447,18.893599
60702.51,1617.1001,61176.62,262143.0,84164.56,13227.25,29149.49,2746.85,12641.641,196361.89,326.6,1686889.4,2880.561
85284.36,3158.84,105811.73,262143.0,161747.69,27360.39,60993.77,5685.5,19376.281,262143.0,328.4,2917661.5,3546.4263
46581.54,1053.4701,39103.992,262143.0,55683.19,8291.17,17703.14,1698.8,6753.12,124444.33,330.0,1078256.9,2399.249
45872.492,855.65,23733.691,262143.0,34131.8,5540.5303,11606.64,1067.23,6037.68,77345.41,331.3,654434.8,1478.3193
31775.88,684.52,398.78,5130.7603,2248.24,485.13,284.96,90.42,764.28,3645.84,332.1,10995.994,34.88267
33547.2,519.67004,24788.73,262143.0,35555.793,5516.98,10357.2,669.93,4379.7603,80385.36,332.8,683526.56,2111.7446
45086.88,623.29004,24470.021,262143.0,31608.81,5827.8403,8929.66,922.01,4920.96,78542.64,333.3,674738.44,1550.7908
34137.93,617.01,26755.941,262143.0,36489.94,4763.3804,7862.43,580.88,3797.6401,87353.64,334.0,737770.6,2239.9495
6943.47,76.93,28.26,29.830002,47.100002,54.95,102.75,-61.65,76.560005,-155.76001,336.1,779.24365,10.6370945
56907.57,1061.3201,46220.8,262143.0,64415.53,9567.58,21873.42,1824.84,8293.561,148016.89,337.0,1274496.2,2321.2898
67358.88,2141.48,89965.71,262143.0,126808.91,18860.41,38386.03,3429.11,20861.281,262143.0,338.2,2480722.2,3817.8372
28848.33,400.35,17461.541,211673.69,24025.71,3345.6702,7666.52,672.67,3416.1602,56476.203,338.3,481486.03,1729.6565
13063.05,237.07,92.630005,1778.81,1138.25,367.38,1400.14,195.91,683.76,1653.9601,339.0,2554.1877,19.274778
110402.13,3672.2302,161604.81,262143.0,220484.53,34775.5,56896.1,5384.1,21395.88,262143.0,339.2,4456105.0,4184.293
65815.5,1405.15,38587.46,262143.0,55863.742,9606.83,16500.28,1587.83,9468.36,129612.125,341.1,1064013.9,1675.3588
61391.55,1978.2001,77196.91,262143.0,107884.125,18896.521,30464.69,2264.61,13471.921,248408.17,342.7,2128634.0,3594.3425
12578.46,237.07,279.46002,3158.84,764.59,155.43001,-34.25,-12.33,161.04001,1601.16,344.8,7705.8545,62.524494
21495.09,554.21,16480.291,202544.14,34733.11,7342.89,30307.14,2416.68,7827.6,67168.2,345.7,454428.94,2191.1719
67415.43,1004.80005,52284.14,262143.0,73177.7,10738.801,23035.18,2152.27,8450.641,170747.28,345.8,1441687.4,2216.4797
18651.93,268.47,180.55,2436.6401,905.89,243.35,1461.79,168.51,1733.16,3051.84,346.5,4978.501,26.677235
39202.2,643.7,18197.871,221837.88,26313.201,3942.27,11050.42,1074.08,3861.0002,62377.92,346.7,501789.66,1326.2697
53386.68,737.9,34218.152,262143.0,50819.332,7697.7104,13061.58,1091.89,6582.8403,114277.69,347.1,943534.25,1831.621
101184.484,3513.6602,147774.69,262143.0,206222.64,33196.082,55145.24,4574.43,18354.602,262143.0,348.1,4074751.8,4174.756
27753.871,475.71002,703.36005,9273.99,2970.4402,1017.36005,308.25,106.86,937.2,5691.8403,350.6,19394.51,71.4608
37455.24,536.94,10289.78,128112.01,16714.22,2315.75,6904.8,561.7,4693.9204,36810.84,351.1,283731.28,784.4934
25391.82,420.76,3777.4202,46059.09,5950.3003,827.39,550.74,36.99,690.36005,14384.041,351.2,104158.91,424.35394
22217.19,274.75,133.45,3466.56,967.12006,109.9,2150.9,65.76,2049.96,2061.84,351.3,3679.7615,16.174276
25522.32,576.19,13589.921,171470.7,26173.47,5243.8003,18790.92,1787.85,6559.08,54471.12,352.5,374729.62,1521.4595
22837.5,544.79004,893.33,10610.061,2172.8801,458.44,5.48,2.74,549.12,4778.4004,352.8,24632.758,110.84391
61704.75,876.06006,460.01,8457.59,5375.68,1981.3401,642.53,250.71,2737.6802,11901.12,352.9,12684.355,20.315607
38608.86,631.14,21862.25,262143.0,29727.951,3983.09,7724.06,845.29,4089.36,69916.445,353.7,602831.56,1618.0375
15562.561,186.83,48.670002,1667.3401,648.41003,21.980001,937.08,156.18001,840.84,2208.36,354.0,1342.0308,7.941889
33401.91,1015.79004,27274.041,262143.0,43616.17,7229.85,18111.4,1733.05,6153.8403,91186.92,354.3,752056.75,2333.679
31729.77,301.44,1292.11,16915.18,4282.96,1161.8,742.54,115.08,2073.72,10049.16,354.4,35628.75,115.43446
22246.77,827.39,18953.041,230708.38,32811.43,5614.3203,12898.55,1187.79,3348.84,69949.445,354.4,522612.78,2434.9082
56814.48,1413.0,68106.6,262143.0,95765.3,15018.62,30500.31,2705.75,9688.801,213478.33,359.0,1877977.2,3426.5137
20995.71,268.47,103.62,2408.3801,695.51,481.99002,1243.96,68.5,1570.8,2995.08,359.5,2857.2268,13.111136
71876.79,1306.24,72755.375,262143.0,99633.77,17152.25,26010.82,2364.62,9199.08,224345.89,361.7,2006162.9,2893.1792
79710.27,3199.6602,137093.97,262143.0,195256.2,32841.26,62652.84,5470.41,23377.201,262143.0,361.8,3780240.8,4916.598
35271.54,872.92004,30655.82,262143.0,43912.902,7499.89,16105.72,1391.92,4643.7603,100459.92,363.3,845306.2,2484.0637
54140.97,1168.0801,44184.51,262143.0,59215.69,10308.62,16835.93,1285.06,5904.3604,139583.4,364.2,1218347.5,2332.4207
60916.53,1742.7001,48830.14,262143.0,78997.695,15918.23,33778.72,3189.36,14063.28,173112.73,364.8,1346446.5,2290.9324
48067.5,1460.1001,50252.562,262143.0,75604.92,12740.551,29855.041,2719.45,11796.841,176736.12,366.2,1385668.5,2988.2048
15184.98,167.99,34.54,1637.51,368.95,47.100002,1130.25,61.65,1314.7201,2259.84,367.5,952.40894,5.5036488
50708.82,1092.7201,50470.793,262143.0,69794.35,11308.71,19303.3,1486.45,5136.12,157623.84,368.7,1391686.0,2844.808
42730.92,913.74005,31371.74,262143.0,43569.07,7262.8203,12960.2,1052.16,5184.9604,101098.805,370.6,865047.06,2098.159
152962.53,4501.19,163099.45,262143.0,236528.36,38810.402,68786.33,5917.03,31152.002,262143.0,371.5,4497318.0,3047.7122
14054.85,372.09003,301.44,3636.12,582.47003,43.960003,110.97,16.44,260.04,1952.28,371.7,8311.933,60.323044
20469.36,266.9,8853.23,107906.1,12246.0,1573.14,3655.16,424.7,2184.6,28975.32,371.7,244119.73,1235.6492
68236.71,1392.5901,56103.953,262143.0,75570.38,10520.57,14600.09,1283.6901,5590.2,178118.17,373.2,1547015.1,2349.847
23737.08,690.80005,577.76,10843.99,5826.27,1942.0901,934.34,284.96,1878.3601,9621.48,374.9,15931.204,68.59358
59560.2,1111.56,40432.21,262143.0,58072.73,8884.63,16781.13,1485.08,7494.9604,130934.766,375.3,1114881.2,1939.9768
19933.44,346.97,5950.3003,74732.0,13112.641,2769.48,10275.0,774.05,4521.0,26427.72,376.1,164074.1,852.5042
17629.68,329.7,684.52,7963.04,1318.8,883.91003,19.18,-19.18,429.00003,3538.9202,376.6,18875.014,110.01733
14475.93,114.61,579.33,7289.5103,2158.75,536.94,157.55,49.32,627.0,4554.0,377.8,15974.495,113.42702
14758.68,106.76,61.230003,1307.81,838.38,287.31,-79.46,-24.66,493.68002,1836.1201,378.0,1688.3613,10.862214
18612.78,268.47,3841.79,48523.992,5366.2603,865.07,1235.74,87.68,1422.9601,13870.561,378.3,105933.84,589.16223
58186.47,1190.06,47952.51,262143.0,68334.25,10479.75,23828.41,2067.33,9327.12,152238.25,380.3,1322246.6,2355.342
3161.58,113.04,37.68,566.77,728.48004,502.40002,149.33,71.24,265.32,875.16003,381.5,1038.9916,33.076557
4585.77,288.88,6206.2104,72311.06,7875.12,1241.87,157.55,72.61,316.80002,20833.56,382.3,171130.58,3868.5747
70872.81,3080.34,84266.61,262143.0,119491.13,17935.68,41138.36,3785.31,17045.16,262143.0,382.8,2323574.8,3398.577
74239.71,1343.92,46773.44,262143.0,64644.754,8857.94,20906.2,1749.49,10252.44,150703.1,383.3,1289734.9,1800.4078
105984.27,4965.91,178240.53,262143.0,243654.6,40243.812,65816.17,5660.84,27058.682,262143.0,383.6,4914819.5,4807.549
24580.98,709.64,35177.42,262143.0,48759.492,8889.34,14738.46,1291.91,6677.8804,114751.56,383.7,969985.25,4090.7944
36117.18,827.39,36763.12,262143.0,50772.23,8412.061,15498.81,1416.58,4534.2,113388.01,384.0,1013709.44,2909.3655
22884.48,254.34001,193.11,3080.34,2230.97,1062.89,287.7,68.5,1272.4801,4367.8804,386.8,5324.8315,23.127522
59409.69,1329.79,42727.55,262143.0,65436.03,10606.92,23151.63,2276.94,10087.44,147461.17,387.5,1178173.1,2055.3625
23717.07,326.56,8686.811,106540.2,11823.67,1918.54,3638.72,313.73,2336.4001,28238.762,388.9,239530.86,1046.245
32775.51,461.58002,12872.431,160114.89,18811.74,2924.9102,5860.86,595.95,3952.08,43893.96,388.9,354945.5,1121.9491
64252.98,1334.5,33428.44,262143.0,46459.44,7762.08,15478.26,1179.57,6919.4404,109365.96,389.4,921758.7,1486.551
43120.68,737.9,461.58002,6595.5703,2111.6501,335.98,3605.84,265.78,5194.2,6636.9604,389.5,12727.646,29.606268
51700.62,979.68005,34431.67,262143.0,48211.562,6176.3804,12454.67,1020.65,6581.52,109812.125,391.0,949421.9,1903.1946
88866.15,4049.03,110278.375,262143.0,151790.75,23002.07,45186.71,4241.52,24046.441,262143.0,391.9,3040825.2,3547.1582
87241.86,3896.7402,196279.84,262143.0,262143.0,45088.832,77921.49,6718.48,28119.96,262143.0,392.4,5412237.0,6431.796
4372.62,48.670002,26.69,133.45,40.82,-42.390003,-5.48,54.8,-67.32,113.520004,393.9,735.95233,16.452425
14183.61,186.83,98.91,1879.29,1015.79004,218.23001,68.5,-15.07,578.16003,2369.4001,394.2,2727.3528,18.938955
26389.71,370.52002,117.75001,2331.4502,882.34,178.98001,1746.75,231.53,2724.4802,3821.4001,394.3,3246.8486,11.757785
11413.53,197.82,153.86,1367.4701,464.72,98.91,-21.92,17.81,273.24002,1428.2401,395.7,4242.549,37.54382
40201.832,645.27,18894.951,231655.08,28960.22,5647.29,10502.42,932.97003,5273.4004,64773.723,396.6,521011.0,1342.8442
49204.59,946.71,25884.592,262143.0,38450.87,6212.49,14004.14,1037.09,5859.4805,85316.88,397.3,713743.94,1503.1277
16846.68,274.75,114.61,2113.22,819.54004,58.09,1134.36,65.76,1492.92,1685.64,398.1,3160.2659,18.451683
55887.06,1617.1001,78578.5,262143.0,112405.73,17846.191,38409.32,3675.71,13073.28,258704.17,398.8,2166730.2,4019.1426
22995.84,436.46002,2062.98,26883.111,7429.24,2546.54,7334.98,706.92,2933.04,14941.081,401.1,56884.785,255.50433
46779.9,1282.6901,62967.992,262143.0,90012.81,14341.95,24698.36,2141.31,6914.16,203340.73,401.1,1736284.8,3847.66
75528.18,1496.2101,59328.73,262143.0,81778.164,13428.21,27424.66,2335.85,9790.44,192367.56,402.0,1635935.5,2244.9756
14556.84,83.21,235.50002,3466.56,1403.5801,370.52002,6.85,124.67,739.2,2909.28,402.3,6493.6973,45.256504
21861.36,252.77,9982.061,122472.56,13451.761,2615.62,3720.92,319.21,2497.4402,32787.48,402.4,275246.2,1304.5455
56393.4,1084.87,46324.42,262143.0,61057.3,9361.91,19710.19,1648.11,7044.8403,148658.4,403.4,1277353.5,2347.717
83503.47,2640.74,109157.39,262143.0,151076.39,23369.451,42997.45,3670.23,21910.682,262143.0,403.7,3009915.2,3736.6414
22020.57,249.63,252.77,3194.9502,858.79004,157.0,1531.66,139.74,2172.72,2468.4001,405.4,6969.902,31.82056
30698.82,549.5,14031.091,175051.86,22407.041,3563.9001,9351.62,789.12,5140.08,50280.12,405.5,386894.5,1305.829
88780.89,1681.4701,78069.82,262143.0,115625.8,18609.21,35196.67,3100.31,11832.48,248322.38,407.0,2152704.0,2513.2744
32029.05,527.52,22022.39,262143.0,32276.06,5677.12,9817.42,861.73,4224.0,70733.52,407.3,607247.25,1964.936
30269.041,1108.42,20212.182,251590.94,39846.6,7587.81,24265.44,2164.6,7592.64,76256.41,407.8,557332.44,1908.2532
19889.07,609.16003,24557.941,262143.0,38609.44,7278.52,16878.4,1283.6901,4260.96,80984.64,407.8,677162.75,3529.4207
97008.484,4488.6304,160601.58,262143.0,232011.47,35263.77,62655.582,5373.14,24825.24,262143.0,408.5,4428441.5,4732.5728
57870.66,1375.3201,54169.71,262143.0,75020.88,14112.73,23657.16,2116.65,7587.3604,171738.61,408.8,1493680.2,2675.3757
27067.44,1004.80005,68871.195,262143.0,100963.56,14947.971,24786.041,2233.1,3870.2402,209039.17,409.4,1899060.2,7274.1084
36058.02,602.88,20756.97,251807.6,30594.592,4482.35,9655.76,960.37,3498.0002,67244.766,409.6,572354.5,1644.929
35148.87,529.09,230.79001,4188.7603,3772.7102,1152.38,4619.64,465.8,2456.52,5645.64,411.6,6363.823,17.773905
29739.21,774.01,44051.062,262143.0,63611.69,10225.41,18690.91,1708.39,7513.4404,137586.25,411.7,1214667.8,4234.2197
27731.25,262.19,2194.86,26343.031,4419.5503,1015.79004,4562.1,438.4,682.44,9111.96,411.9,60521.258,225.30093
61483.77,1102.14,44859.613,262143.0,63586.57,10294.49,22487.18,1676.88,8364.841,146415.72,412.0,1236962.8,2085.1426
15223.26,362.67,83.21,1748.9801,885.48004,293.59,235.64,27.4,402.6,1775.4,412.2,2294.4397,14.628485
16918.02,276.32,3719.33,47445.402,5689.68,1023.64,2302.97,127.41,1947.0001,13605.24,414.7,102557.125,627.58527
15278.07,196.25,226.08,3344.1,1351.77,416.05002,145.22,68.5,607.2,3339.6,414.9,6233.949,41.309963
30376.92,1155.52,25634.96,262143.0,47333.93,7956.7603,27276.7,2220.77,9234.721,98598.73,415.2,706860.6,2411.8923
34646.01,646.84,472.57,8184.41,2000.18,720.63,3874.36,320.58,5132.16,6561.72,415.7,13030.686,37.999756
98463.12,2097.52,92882.77,262143.0,137869.55,20135.25,50500.94,4471.68,20186.762,262143.0,416.5,2561157.5,2696.184
27900.03,365.81,541.65,7986.5903,4072.58,1505.63,339.76,72.61,1770.1201,8939.04,416.8,14935.504,54.508957
13043.91,224.51001,282.6,3647.11,665.68,274.75,-6.85,49.32,215.16,2014.3201,417.3,7792.4365,60.946014
47893.5,1546.4501,45413.82,262143.0,72607.79,12121.971,31942.92,2937.28,10204.92,157806.0,417.8,1252244.5,2710.1929
33501.96,628.0,23251.701,262143.0,33227.48,5457.3203,11260.03,849.4,6570.9604,80539.805,419.8,641144.4,1983.4196
15291.12,287.31,390.93002,4111.83,582.47003,-4.71,76.72,12.33,316.80002,2340.36,421.7,10779.538,72.09854
17252.1,266.9,106.76,2051.99,814.83,277.89,1024.76,143.85,1730.52,2874.9602,421.9,2943.8093,16.693577
9776.19,403.49002,108.33,609.16003,441.17,-28.26,112.340004,61.65,167.64,764.28,424.3,2987.1006,30.683128
21259.32,249.63,802.27,9697.891,3713.05,1108.42,367.16,68.5,1251.3601,7333.9204,424.9,22121.861,106.89969
26759.46,844.66003,467.86002,6176.3804,1127.26,384.65002,132.89,-27.4,584.76,3719.7603,425.6,12900.812,48.99051
82560.39,3190.24,125309.555,262143.0,175340.75,29558.39,56172.74,4895.0103,19753.8,262143.0,429.6,3455296.2,4338.7173
96031.47,2640.74,79204.93,262143.0,126614.23,21618.9,45041.49,3940.12,27924.602,262143.0,429.7,2184003.5,2357.238
8099.7,260.62,1571.5701,21746.07,9390.17,2588.9302,13338.32,1343.97,2811.6,12963.721,430.6,43334.605,553.771
51302.16,885.48004,26187.602,262143.0,37351.87,6396.18,11657.33,1149.43,5104.4404,84019.32,431.5,722099.2,1458.5167
11380.47,91.060005,91.060005,1516.62,731.62,111.47,50.69,-8.22,396.00003,1815.0001,431.7,2510.8962,21.877914
28529.91,416.05002,16569.781,199884.56,22760.291,4066.3,7567.88,658.97003,3099.36,53479.8,433.6,456896.56,1659.6012
111548.79,5215.54,189654.44,262143.0,262143.0,42724.41,91368.04,8244.66,30456.361,262143.0,434.4,5229547.5,4860.2407
14759.55,75.36,381.51,5571.93,1056.61,94.200005,73.98,-42.47,504.24002,3475.56,436.7,10519.789,72.90636
15357.24,189.97,241.78001,3604.7202,1245.01,678.24005,119.19,57.54,700.92004,2810.28,437.0,6666.863,44.014893
71963.79,1347.06,71325.1,262143.0,100403.07,17036.07,30138.63,2641.36,11072.16,227038.69,438.0,1966724.4,2832.8533
23457.81,620.15,293.59,5787.02,3686.36,1312.52,483.61002,153.44,1326.6001,6277.9204,438.1,8095.4756,34.785145
15091.0205,241.78001,119.32001,1245.01,535.37,80.07,1176.83,6.85,1036.2001,2150.28,438.5,3290.1401,21.607038
18470.1,518.10004,2954.74,39235.87,10143.7705,1910.6901,14994.65,1146.6901,7223.0405,22202.4,440.7,81474.25,456.40298
14728.23,135.02,590.32,7777.7803,2945.32,679.81,711.03,124.67,1020.36005,5718.24,441.0,16277.534,113.60034
18497.07,392.5,7947.3403,99440.664,17401.88,4298.66,9217.36,669.93,4295.2803,34606.44,441.7,219140.64,1227.4792
44052.45,942.00006,30111.031,262143.0,43016.43,6163.8203,13516.42,1354.93,6165.72,99351.125,443.0,830284.1,1953.36
27748.65,535.37,1039.3401,13063.971,2499.4402,596.60004,217.83,-41.1,714.12006,5818.56,443.7,28658.852,106.09392
31253.01,518.10004,18971.88,228869.89,26145.21,4783.79,9362.58,801.45,4583.04,61542.363,443.7,523132.25,1734.6715
16546.53,240.21,6912.7104,82253.875,8105.91,1152.38,1511.11,80.83,1573.4401,23682.121,444.9,190611.67,1193.5118
35611.71,645.27,295.16,5656.71,1811.78,390.93002,2848.23,197.28,4765.2,5809.3203,445.3,8138.767,22.698107
27677.31,464.72,13395.24,165107.48,17976.5,2651.73,6956.86,447.99,3649.8,44472.12,446.4,369361.5,1382.8074
18487.5,317.14,89.490005,2369.1301,755.17004,158.57,1228.89,80.83,1255.3201,2704.6802,446.8,2467.605,12.840295
25292.64,400.35,200.96,3099.1802,1036.2001,491.41,1419.32,108.23,2073.72,4266.24,446.8,5541.2886,21.717705
5354.85,32.97,-21.980001,160.14,10.990001,-48.670002,-49.32,0.0,68.64,-5.28,446.9,-606.0784,-12.736251
46572.84,1317.2301,56879.53,262143.0,82198.92,14845.921,26391.68,2389.28,8851.92,180676.33,448.4,1568401.0,3490.9841
13813.86,155.43001,133.45,1890.28,585.61005,174.27,782.27,24.66,1787.28,1986.6001,448.4,3679.7615,26.621832
20378.88,230.79001,8616.16,103004.56,11355.811,1940.52,3093.46,261.67,2713.9202,27408.48,448.8,237582.73,1207.8778
108341.1,2665.86,78616.18,262143.0,116498.71,19095.91,48143.17,3927.79,17752.682,262143.0,449.0,2167769.2,2073.7593
9027.12,174.27,673.53,9211.19,5005.16,1543.31,10761.35,813.78,1809.7201,6864.0005,449.2,18571.975,212.33237
53792.97,945.14,38766.44,262143.0,52802.242,8247.21,12864.3,1126.14,4973.7603,120720.6,449.6,1068949.1,2059.5322
55996.68,1408.29,58741.55,262143.0,78313.17,13432.921,24210.64,1886.49,9127.801,186564.84,450.1,1619744.5,2998.3843
80991.78,2714.53,122111.46,262143.0,176282.75,29624.33,61034.87,5026.53,22301.4,262143.0,451.6,3367111.8,4309.865
99916.89,2516.7102,84828.67,262143.0,130754.31,22038.09,44546.92,3937.3801,16175.28,262143.0,452.1,2339073.0,2426.4639
72160.414,1321.9401,43391.66,262143.0,63944.53,11478.2705,24975.1,2175.56,8242.08,143175.12,452.6,1196485.4,1718.3181
57757.56,1737.9901,72706.7,262143.0,103902.6,15850.721,27021.88,2338.59,8342.4,228971.17,453.4,2004820.9,3598.2715
15671.311,292.02002,1131.9701,13580.5,2008.03,301.44,43.84,32.88,417.12003,5703.72,454.7,31213.04,205.52785
23762.31,797.56,32527.262,262143.0,47740.562,7581.5303,14483.64,1176.83,5194.2,104809.32,454.8,896909.5,3912.8828
12081.69,199.39,105.19,1442.8301,383.08002,4.71,1117.92,83.57,1246.0801,1275.12,455.0,2900.518,23.89406
27718.2,384.65002,15002.921,183479.62,20849.602,3413.1802,5888.2603,593.21,2196.48,46302.96,456.1,413691.8,1546.6038
14927.46,298.30002,1353.3401,16296.601,2320.46,612.30005,31.51,13.7,485.76,5398.8003,456.1,37317.113,258.2209
18897.27,224.51001,39.25,1276.41,513.39,89.490005,1441.24,149.33,1440.1201,1500.8401,456.8,1082.2828,4.9386754
33606.36,485.13,14236.761,171411.03,19766.3,2502.58,4386.74,450.73,2628.12,44986.92,458.0,392565.66,1210.2637
10351.26,113.04,-50.24,-84.78001,-62.800003,36.11,53.43,-6.85,64.68,23.76,459.0,-1385.3221,-14.8773155
12336.6,95.770004,469.43002,5505.99,1562.15,626.43,1457.68,145.22,690.36005,4135.56,461.1,12944.104,107.798874
67498.08,2392.6802,54133.6,262143.0,73896.766,10391.83,11423.06,1090.52,15697.44,176705.77,463.4,1492684.5,2292.108
30143.76,566.77,20678.47,253116.98,29632.182,4496.48,8321.38,617.87,3319.8,67743.73,463.6,570189.94,1960.4174
65425.742,1750.55,76214.086,262143.0,106620.27,17620.111,27700.03,2513.95,12261.48,243771.02,464.6,2101533.8,3329.7004
62248.5,1210.4701,51426.92,262143.0,73319.0,11980.67,23611.95,1924.85,7872.4805,166168.2,465.4,1418050.4,2361.1672
40361.91,1568.43,47817.492,262143.0,73358.25,13360.7,28106.92,2601.6301,9940.92,161554.81,465.5,1318523.6,3386.3813
36637.44,588.75,12142.381,149107.61,17728.441,2219.98,3442.81,295.92,2964.7202,42721.8,465.6,334815.03,946.6058
52977.78,978.11005,45573.96,262143.0,63365.203,12202.04,19148.49,1593.31,5066.16,142181.17,466.0,1256660.2,2458.6423
71487.03,1841.6101,73397.5,262143.0,102274.516,15100.261,25529.95,2363.25,14699.5205,235241.17,466.4,2023868.9,2934.6414
59640.242,962.41003,30853.64,262143.0,45164.19,8663.261,10779.16,1002.84,6685.8003,105858.73,467.1,850760.94,1478.163
48726.09,1279.55,57587.6,262143.0,83974.59,14756.431,33200.582,2735.89,9756.12,185376.84,467.4,1587925.4,3378.2192
59928.21,2326.74,76127.734,262143.0,108585.914,16459.88,34085.6,2761.92,15426.841,250001.4,470.1,2099152.8,3631.1235
58941.63,1665.77,66200.625,262143.0,95749.59,13951.0205,30008.48,2383.8,11623.921,213995.77,470.4,1825421.6,3210.3596
35386.38,730.05005,27782.72,262143.0,37117.94,5667.7,9215.99,943.93,3362.04,85638.96,473.1,766083.1,2243.8516
31085.1,695.51,32370.262,262143.0,47169.082,7115.24,14630.23,1135.73,4983.0,101834.05,474.2,892580.4,2976.4395
50018.04,957.7,39771.242,262143.0,57388.21,8975.69,15859.12,1406.99,6194.7603,128372.65,475.1,1096655.6,2272.4817
59425.35,1354.91,63256.87,262143.0,87361.086,14148.841,24717.541,2215.29,9431.4,198613.81,475.4,1744250.4,3042.5815
15380.73,182.12001,20.41,1109.99,562.06,207.24,1101.48,112.340004,1507.4401,1491.6001,475.9,562.78705,2.7941544
69107.58,880.77,42601.953,262143.0,64387.273,10500.16,24470.94,2216.66,10111.2,141393.12,476.2,1174709.9,1761.5963
40643.79,1044.05,51574.5,262143.0,72367.586,11228.641,18349.78,1472.75,7180.8003,161021.53,477.0,1422119.6,3627.1882
35018.37,783.43005,35979.69,262143.0,49034.242,9355.63,18214.15,1409.73,5896.4404,114887.52,478.1,992107.06,2936.7205
91385.67,2394.25,96528.31,262143.0,136803.53,20738.13,38262.73,3283.89,16354.801,262143.0,479.0,2661680.0,3019.13
26533.26,712.78,23060.16,262143.0,36455.402,5771.3203,15331.67,1290.54,5483.2803,78677.28,479.8,635862.8,2483.9673
16740.541,758.31,23997.451,262143.0,40706.96,8321.0,21711.76,1771.41,5767.08,87278.41,480.5,661707.75,4097.686
64684.5,1365.9,60170.254,262143.0,85977.914,14305.841,23842.11,2312.56,8610.36,189190.33,483.1,1659139.8,2658.6875
17326.05,249.63,127.170006,1730.14,576.19,299.87,1249.4401,145.22,865.92004,1677.7201,483.4,3506.5967,19.986216
34117.92,739.47003,33499.09,262143.0,47541.17,6598.7104,13608.21,964.48,4191.0,103147.445,484.5,923706.75,2806.3687
14268.87,200.96,105.19,1825.91,574.62,153.86,715.14,93.16,1870.4401,2267.76,484.9,2900.518,20.078217
48887.04,715.92004,33776.98,262143.0,48260.23,6999.06,13857.55,1283.6901,6745.2,109389.73,485.0,931369.3,1974.4956
82667.4,3524.6501,111099.484,262143.0,164559.56,24099.5,63118.64,5681.39,24331.56,262143.0,485.1,3063466.8,3841.6143
38526.21,865.07,30393.63,262143.0,43441.902,7050.87,13342.43,1020.65,4177.8003,97161.24,485.2,838076.56,2254.6685
117399.54,7600.37,240583.67,262143.0,262143.0,57141.723,114955.33,9931.13,52042.32,262143.0,485.2,6633874.5,5858.341
184012.83,6980.22,212848.05,262143.0,262143.0,46588.18,85816.8,7469.24,42745.562,262143.0,485.4,5869090.0,3306.2769
37348.23,781.86005,30506.672,262143.0,40554.67,6887.5903,10665.45,972.7,5170.4404,97839.73,486.6,841193.56,2334.4673
62043.18,1017.36005,502.40002,8382.23,3796.26,1934.2401,405.52,78.090004,2117.28,9901.32,487.0,13853.221,22.152857
14187.96,131.88,830.53,9919.261,1898.13,821.11005,2128.98,305.51,1028.28,5220.6,487.6,22901.105,166.3726
12366.18,167.99,29.830002,959.27,384.65002,131.88,401.41,104.12,1275.12,1397.88,488.6,822.53503,5.8971033
63944.13,1262.28,38094.48,262143.0,53073.85,7578.39,16837.3,1707.02,8053.3203,127006.445,489.5,1050420.5,1702.3754
81751.29,2596.78,87370.5,262143.0,122059.66,19193.25,33914.35,2982.49,15504.721,262143.0,490.3,2409161.5,3054.7595
45775.05,1868.3,57705.35,262143.0,81330.71,10776.48,27298.62,2250.91,10969.2,184987.45,490.5,1591172.2,3603.4272
5695.02,331.27002,3435.1602,39769.67,4805.77,1092.7201,249.34,-13.7,459.36002,11817.961,490.9,94721.4,1723.649
30985.92,474.14,14817.66,179102.47,20271.84,3983.09,5726.6,524.71,2676.9602,47725.92,491.7,408583.44,1366.3014
48930.54,949.85004,30448.58,262143.0,38592.17,7265.9604,10343.5,922.01,4437.8403,96066.96,492.9,839591.75,1778.2462
12044.28,216.66,171.13,1978.2001,668.82,14.13,101.38,57.54,351.12003,1646.04,493.5,4718.7534,39.625088
24777.6,273.18002,152.29001,2728.6602,1579.42,189.97,1791.96,158.92,2160.84,3169.32,495.3,4199.258,16.573618
35578.65,536.94,4633.0703,55430.42,7936.35,1155.52,2681.09,157.55,1056.0,18000.84,495.6,127752.67,371.33035
62255.46,1367.4701,35577.77,262143.0,49012.26,7192.1704,16048.18,1212.45,8533.801,120488.28,496.0,981024.44,1632.9932
27645.99,444.31003,147.58,2088.1,1383.17,157.0,2257.76,213.72,2193.84,2836.6802,497.1,4069.3835,14.263157
33909.12,828.96,35591.902,262143.0,54040.973,9440.41,18541.58,1648.11,6732.0005,118056.84,497.9,981414.1,3000.122
14918.76,141.3,215.09001,3187.1,1193.2001,460.01,47.95,-16.44,670.56,2337.7202,498.5,5930.91,40.222706
27899.16,478.85,17257.441,209119.3,22419.602,3309.56,1539.88,158.92,1791.2401,55263.12,501.7,475858.16,1767.619
46319.67,1420.8501,32172.441,262143.0,50728.273,9821.92,26679.38,2463.26,9456.48,112745.164,502.2,887125.6,1984.9464
19523.67,295.16,117.75001,2593.6401,781.86005,368.95,1423.43,189.06,1380.7201,2089.56,503.5,3246.8486,16.244415
50938.5,1276.41,41319.26,262143.0,59248.66,10068.41,20513.01,1771.41,8661.841,135896.64,503.7,1139340.9,2318.292
5766.36,87.920006,-10.990001,65.94,-1.57,-1.57,-86.31,5.48,-3.96,285.12003,505.1,-303.0392,-6.449353
99551.49,3535.6401,136803.53,262143.0,190673.36,29238.111,55146.61,4651.15,22375.32,262143.0,505.5,3772232.2,3928.1494
119151.72,3681.6501,177499.5,262143.0,249603.31,40672.42,73089.5,6218.43,26563.682,262143.0,507.0,4894386.5,4258.3745
101578.59,3951.6902,98542.625,262143.0,158400.44,27288.172,76658.35,6406.12,22585.201,262143.0,507.6,2717222.8,2772.773
60709.47,1224.6001,46504.973,262143.0,65803.414,10935.051,20526.71,1672.77,6829.68,147125.89,507.8,1282332.1,2189.2415
17184.24,218.23001,147.58,1960.93,1017.36005,331.27002,1030.24,83.57,2426.1602,2810.28,508.3,4069.3835,23.555351
23939.791,638.99005,359.53,4058.4502,1153.9501,222.94,315.1,10.96,571.56,2886.84,508.9,9913.711,41.940174
17119.86,238.64001,160.14,1651.64,637.42004,-12.56,902.83,95.9,2030.16,2997.7202,509.5,4415.714,25.745369
75108.84,1734.8501,64839.434,262143.0,89948.445,13409.37,24088.71,2146.79,10177.2,206791.2,510.1,1787888.1,2467.2954
11893.7705,324.99002,89.490005,1265.42,516.53,92.630005,61.65,6.85,198.00002,1285.68,511.4,2467.605,20.513147
16927.59,227.65001,139.73001,2292.2002,924.73004,298.30002,1615.23,21.92,1288.3201,2300.76,512.0,3852.9272,22.601715
10328.64,133.45,94.200005,1733.28,314.0,161.71,57.54,94.53,99.00001,751.08,514.7,2597.479,25.07695
50051.1,959.27,38260.902,262143.0,52806.953,8184.41,18162.09,1559.06,5217.9604,122807.52,514.7,1055009.4,2184.7
16061.94,105.19,505.54,6840.49,2053.56,513.39,1927.59,100.01,755.04004,4573.8003,514.7,13939.804,88.992546
95081.43,2482.1702,64211.434,262143.0,111708.64,21686.41,63066.582,5548.5,20112.84,230985.48,515.2,1770571.5,1929.9261
12372.2705,331.27002,1942.0901,24867.23,9880.011,3187.1,11823.1,1153.54,2158.2002,12220.561,515.9,53551.36,447.81665
65418.78,1095.86,42981.89,262143.0,59353.85,9421.57,13339.69,960.37,5641.68,136773.12,516.7,1185186.4,1877.5903
57293.85,1951.51,72808.75,262143.0,106251.32,15765.94,36935.2,3381.16,19248.24,240365.4,517.6,2007634.6,3632.4946
19618.5,507.11002,508.68002,5667.7,1496.2101,91.060005,213.72,79.46,323.40002,2985.84,517.7,14026.387,73.13578
57710.582,1690.89,75936.195,262143.0,105100.516,16053.251,31616.86,2972.9,11424.601,243534.73,517.8,2093871.1,3761.204
4457.0103,116.18,-18.84,346.97,370.52002,-21.980001,131.52,105.49,228.36002,698.28,518.6,-519.4958,-13.0861025
12073.86,183.69,62.800003,1832.1901,353.25,86.350006,822.0,65.76,1132.56,1455.9601,520.3,1731.6526,13.871764
47522.01,720.63,19166.56,233926.88,26578.531,4352.04,8896.78,957.63,5186.2803,64471.44,520.7,528500.4,1152.1833
5801.16,130.31,128.74,2796.1702,5413.3604,3072.49,57.54,-20.55,195.36,7124.04,521.0,3549.888,62.452347
55030.98,1369.04,51241.66,262143.0,71155.54,11836.23,20611.65,2004.31,6754.4404,161791.1,522.4,1412941.9,2661.3486
40608.12,761.45,15018.62,185101.44,21510.57,3778.9902,7507.6,801.45,3104.6401,49828.684,523.3,414124.72,1056.4653
68963.164,1494.64,49580.6,262143.0,70500.85,11489.261,26456.07,2316.67,11284.681,162844.45,523.8,1367139.8,2054.6238
58270.86,1460.1001,44008.67,262143.0,61306.934,9043.2,17266.11,1374.11,6073.3203,139476.48,523.9,1213498.9,2158.4136
58164.72,907.46,36513.492,262143.0,52595.0,8605.17,15959.13,1468.64,7542.4805,117784.92,524.0,1006826.1,1793.9103
82203.69,3372.36,119210.1,262143.0,175835.3,30440.73,67760.2,5873.19,27028.32,262143.0,524.6,3287109.5,4145.396
46565.88,1114.7001,31195.9,262143.0,43857.953,6192.08,18133.32,1500.15,10855.681,107316.01,525.1,860198.44,1914.4847
11852.01,113.04,127.170006,1345.49,774.01,218.23001,12.33,42.47,410.52002,1403.16,525.3,3506.5967,29.679035
76947.15,2125.78,91711.555,262143.0,124986.13,17301.4,39282.01,3438.7,12797.4,262143.0,525.5,2528862.2,3406.8506
13704.24,207.24,133.45,1697.17,788.14,59.660004,856.25,105.49,912.12006,1696.2001,526.5,3679.7615,26.842781
61630.8,1086.4401,41787.12,262143.0,58603.39,9572.29,21878.9,1942.66,8257.92,134902.69,528.1,1152241.6,1937.6243
12870.78,210.38,2888.8,35353.26,4058.4502,697.08,1545.36,36.99,1785.9601,9555.48,529.7,79656.016,640.74365
36078.03,2064.55,100910.18,262143.0,151231.83,25178.092,55074.0,4782.67,16773.24,262143.0,530.8,2782506.0,7996.2593
51993.81,1584.13,88654.766,262143.0,127741.484,18866.691,39127.2,3605.84,10776.48,262143.0,531.7,2444574.0,4874.2783
24133.8,499.26,16918.32,211758.47,30698.21,5312.8804,14548.03,1334.38,5150.64,60895.562,532.1,466507.22,2003.3821
66111.3,1303.1001,46839.383,262143.0,64580.383,10426.37,20499.31,1730.31,8787.24,152805.84,532.3,1291553.1,2024.7437
32611.95,373.66,301.44,6349.08,5262.64,1880.8601,1327.53,209.61,2695.4402,9047.28,532.5,8311.933,25.42854
15623.46,174.27,92.630005,1833.76,593.46,108.33,576.77,76.72,1058.64,1943.04,533.1,2554.1877,15.952099
49372.5,949.85004,34800.62,262143.0,46373.09,7036.74,13624.65,1098.74,4754.64,109145.52,533.1,959595.3,2014.3518
45092.1,962.41003,25906.57,262143.0,34485.05,5538.96,9254.35,771.31,5243.04,80880.36,533.2,714350.0,1641.7008
59356.62,945.14,29643.172,262143.0,42710.28,5783.8804,14674.07,1246.7,7632.24,98676.6,535.9,817383.4,1426.9221
12029.49,222.94,197.82,2373.84,682.95,287.31,126.04,-39.73,269.28,1803.1201,535.9,5454.7056,46.01885
58983.39,896.47003,21375.55,259597.94,30607.15,4003.5002,10464.06,845.29,7612.4404,71761.805,536.1,589411.25,1035.1832
77786.7,1320.37,51381.39,262143.0,71295.27,10873.82,23924.31,1928.96,8853.24,164827.1,536.5,1416794.9,1887.6414
128157.09,4752.39,153228.86,262143.0,220801.67,35194.69,70833.11,6138.97,29059.8,262143.0,537.0,4225145.5,3417.589
36873.21,593.46,23068.012,262143.0,31947.932,5768.18,9344.7705,920.64,3156.12,74771.41,538.2,636079.3,1787.7441
13028.25,182.12001,447.45,5535.8203,1505.63,690.80005,163.03,41.1,331.32,3201.0002,539.4,12338.024,97.19908
144232.08,6185.8003,240985.6,262143.0,262143.0,55124.273,101443.02,8722.79,35790.48,262143.0,542.7,6644957.5,4776.253
67056.12,1858.88,71343.945,262143.0,97845.55,14400.04,25013.46,2156.3801,10652.4,224110.92,545.2,1967244.0,3041.0596
26153.94,467.86002,40024.01,262143.0,55416.293,7553.27,15822.13,1287.8,4398.24,125257.445,545.3,1103625.5,4374.5483
108543.81,3994.08,180190.47,262143.0,251933.2,40571.94,78584.57,6525.31,26438.281,262143.0,548.8,4968587.5,4745.5244
25088.19,381.51,128.74,3227.9202,1342.3501,244.92001,2323.52,172.62,2824.8,3032.04,549.6,3549.888,13.672131
50581.8,1141.39,39457.242,262143.0,55238.883,9036.92,18842.98,1774.15,7521.3604,128403.01,550.1,1087997.4,2229.3933
172849.86,5747.77,252624.0,262143.0,262143.0,49811.39,68545.21,6389.68,37168.562,262143.0,551.0,6965875.5,4177.8286
26727.27,527.52,18843.14,231083.6,30145.57,4130.67,11809.4,972.7,3701.28,60664.562,552.3,519582.38,2014.8011
10785.39,95.770004,249.63,2169.74,1055.04,326.56,138.37,27.4,406.56003,2254.56,554.2,6883.319,65.17744
59072.13,1588.8401,54497.844,262143.0,81837.82,12701.301,30211.24,2886.59,8663.16,175108.56,557.1,1502728.2,2636.8235
35181.93,662.54004,33202.36,262143.0,49287.01,7871.9805,17804.52,1552.21,4696.56,102747.484,558.7,915524.7,2697.35
30301.23,596.60004,29139.201,262143.0,39906.26,7371.1504,13786.31,1127.51,4554.0,91070.766,559.4,803486.8,2748.58
18573.63,226.08,113.04,1935.81,935.72003,95.770004,1287.8,161.66,1330.56,2810.28,560.1,3116.9746,16.401405
19775.1,324.99002,139.73001,2574.8,601.31,414.48,1538.51,221.94,1638.1201,2871.0,561.7,3852.9272,19.203194
15565.17,229.22,202.53001,2659.58,1078.5901,177.41,79.46,4.11,381.48,2049.96,565.2,5584.58,36.203564
41241.48,973.4,41295.71,262143.0,55096.01,9462.391,14835.73,1435.76,6606.6,130888.56,565.5,1138691.5,2861.9893
50084.16,1179.0701,47586.703,262143.0,65390.504,9382.32,21091.15,2100.21,8981.28,153566.17,565.5,1312159.8,2715.653
44745.84,877.63,29330.74,262143.0,42374.3,6113.58,13746.58,1096.0,5121.6,94828.805,567.4,808768.3,1873.2146
62720.91,1099.0,40482.453,262143.0,56694.273,9393.311,18308.68,1616.6,7320.72,131068.086,567.6,1116266.6,1844.455
20358.0,232.36,191.54001,2574.8,1064.4601,774.01,384.97,42.47,1161.6001,3078.2402,568.1,5281.5405,25.901308
57974.19,1254.43,54419.344,262143.0,75143.34,10423.23,17082.53,1406.99,6973.56,170852.89,569.9,1500563.6,2682.908
29191.11,525.95,23306.65,262143.0,31492.63,4699.0103,9170.78,717.88,3831.9602,75317.88,571.2,642659.56,2281.8547
77717.97,1237.16,59424.504,262143.0,80975.89,12555.29,21210.34,1859.09,7946.4004,185945.77,573.7,1638576.4,2185.2163
17621.85,439.6,461.58002,4633.0703,1306.24,130.31,212.35,-4.11,405.24002,2902.6802,574.6,12727.646,73.89356
20529.39,304.58002,94.200005,2841.7002,1055.04,216.66,1382.33,49.32,1961.52,3773.8801,577.1,2597.479,12.119699
80045.22,1706.5901,65038.82,262143.0,97225.39,15379.721,33296.48,2566.01,10523.04,210665.4,577.7,1793386.0,2322.1982
15962.76,130.31,712.78,9239.45,3130.58,615.44,3942.86,332.91,1310.76,6391.4404,578.4,19654.258,126.67226
21548.16,295.16,1146.1001,14855.341,3906.1602,1113.13,1938.55,231.53,1771.4401,8880.96,580.0,31602.662,151.07623
20519.82,200.96,469.43002,6546.9004,2328.31,990.67004,1457.68,184.95,762.96,5132.16,580.3,12944.104,64.410324
30409.11,573.05005,26545.56,262143.0,41809.1,6843.6304,12772.51,1391.92,4059.0002,85281.24,580.5,731969.56,2494.9578
61022.67,1194.77,42740.113,262143.0,56692.703,9109.141,12475.22,1171.35,6866.64,139513.45,584.2,1178519.5,2001.5966
49513.44,885.48004,39413.28,262143.0,54240.363,8645.99,16175.59,1427.54,6081.24,125310.24,584.5,1086785.1,2274.98
14207.97,163.28,109.9,1819.63,514.96,54.95,835.7,46.58,966.24005,1679.04,585.3,3030.392,21.116413
64929.84,1601.4,67970.016,262143.0,99503.46,14045.221,27364.38,2719.45,13990.681,225573.48,586.2,1874211.0,2992.1055
36104.13,491.41,20475.941,249647.28,29294.63,5119.77,9461.22,542.52,3017.52,67073.164,586.6,564605.4,1620.5712
61977.93,1152.38,44314.82,262143.0,63969.652,9796.801,20095.16,1707.02,7838.16,143637.12,590.2,1221940.6,2043.3767
41395.47,792.85004,34923.082,262143.0,49450.293,7096.4004,12930.06,1054.9,4431.24,107751.6,590.3,962972.06,2411.1748
41646.9,634.28,23531.16,262143.0,33685.92,5471.45,10554.48,848.03,5414.64,75383.88,590.8,648850.2,1614.51
8202.36,62.800003,-42.390003,42.390003,73.79,-29.830002,-21.92,17.81,77.880005,-91.08,593.1,-1168.8656,-15.776568
14497.68,89.490005,109.9,1643.79,610.73004,282.6,176.73,41.1,504.24002,1593.2401,595.7,3030.392,20.674456
34974.0,541.65,22502.81,262143.0,30128.3,5078.95,8544.69,776.79,4517.04,73130.64,596.2,620494.44,1838.6724
22797.48,527.52,400.35,5259.5,1136.68,378.37003,161.66,-19.18,568.92004,3063.7202,598.2,11039.285,49.21136
82348.98,3975.2402,123835.32,262143.0,173766.03,25873.602,42415.2,3792.16,24277.441,262143.0,599.8,3414645.8,4298.6724
39052.56,1544.88,46114.043,262143.0,67940.18,11479.841,25362.81,2355.03,10693.32,151500.36,600.8,1271552.5,3375.2354
60922.62,1293.68,3573.32,45608.5,6738.4404,1356.4801,2971.53,328.8,5590.2,17063.64,602.4,98531.03,166.70357
32633.7,464.72,189.97,3245.1902,1391.02,58.09,3112.64,315.1,2768.04,3086.1602,604.2,5238.249,15.644384
56604.81,1125.6901,50266.69,262143.0,69535.305,10540.98,18460.75,1801.55,6329.4004,157444.33,604.5,1386058.0,2538.0774
24684.51,296.73,1359.62,18850.99,6144.98,1419.28,4742.94,575.4,2382.6,12827.761,605.4,37490.277,156.48602
64296.48,1571.5701,66996.61,262143.0,96784.23,15786.351,34123.96,2882.48,10020.12,211750.45,605.4,1847370.2,2978.3027
40395.84,761.45,35800.71,262143.0,49216.363,8944.29,16861.96,1496.04,5406.72,114722.52,605.5,987171.9,2532.9849
64284.3,1358.05,55935.96,262143.0,80142.23,12082.721,21937.81,1835.8,11514.36,180541.69,608.2,1542383.0,2486.913
56861.46,1304.67,65575.766,262143.0,91107.1,13932.181,25425.83,2396.1301,8070.4805,204960.38,608.5,1808191.8,3296.4204
13307.5205,199.39,149.15001,1885.5701,704.93005,17.27,-6.85,76.72,291.72,1261.92,612.0,4112.6753,31.046097
100549.38,2617.1902,127075.805,262143.0,177983.06,27831.39,50213.24,4419.62,17030.64,262143.0,612.1,3503999.0,3612.5364
16282.05,296.73,222.94,3105.4602,865.07,205.67001,1101.48,36.99,1554.9601,2044.68,612.5,6147.3667,38.149654
28109.7,357.96002,14505.23,175953.05,19587.32,2989.28,5510.14,480.87,2783.8801,46603.92,614.4,399968.47,1474.426
35405.52,496.12003,15593.24,192353.27,23298.8,3700.4902,7563.77,506.9,4181.7603,52047.6,614.4,429969.34,1258.2571
38986.44,785.0,1293.68,17414.441,3435.1602,781.86005,354.83,72.61,1004.52,7963.5605,615.7,35672.043,93.87729
21365.46,288.88,102.05,2722.3801,909.03,324.99002,1826.21,123.3,1512.7201,3182.52,616.2,2813.9355,12.656825
68748.27,1602.9701,54106.91,262143.0,81330.71,12966.631,26310.85,2356.4,6766.3203,180280.33,616.2,1491948.5,2249.2974
81316.29,2515.1401,129747.945,262143.0,189640.31,28869.16,53798.53,5071.74,18547.32,262143.0,617.4,3577681.0,4561.175
75966.664,3028.53,87122.445,262143.0,119695.234,17547.89,29430.34,2998.93,11464.2,262143.0,620.1,2402321.8,3278.11
11738.91,329.7,152.29001,2435.07,678.24005,-10.990001,46.58,-15.07,307.56,1322.64,620.6,4199.258,36.09306
48826.14,1866.7301,61861.14,262143.0,91672.305,15828.74,35015.832,2837.27,12912.24,207849.84,620.8,1705764.4,3621.551
15387.69,230.79001,47.100002,1431.8401,726.91003,172.70001,965.85,57.54,1207.8,1491.6001,621.0,1298.7395,7.7517824
13224.87,113.04,39.25,1186.92,524.38,285.74002,-35.62,-12.33,373.56003,1482.3601,621.1,1082.2828,7.4858866
34552.05,653.12,23838.88,262143.0,32976.28,5019.29,11314.83,1082.3,3540.2402,77216.05,621.3,657335.3,1971.6998
29546.94,668.82,2314.1802,26690.0,3510.52,959.27,367.16,19.18,913.44006,10387.08,622.7,63811.402,222.94102
32467.53,1381.6001,18700.271,234890.84,36623.39,8256.63,21755.6,1905.67,7844.7603,74986.56,627.8,515642.88,1645.8258
45304.38,1731.7101,72844.86,262143.0,106489.96,17323.38,37435.25,3337.32,10509.841,242523.61,630.3,2008630.4,4596.3516
75027.93,1821.2001,92359.96,262143.0,130815.55,20036.34,31801.81,2838.64,13524.721,262143.0,630.4,2546741.5,3518.7334
51458.76,1252.86,24603.47,262143.0,39507.48,8471.721,12709.49,1164.5,8733.12,91582.92,630.7,678418.2,1366.0552
11037.69,87.920006,262.19,3152.56,653.12,362.67,150.7,112.340004,513.48004,2236.08,630.9,7229.6494,66.91831
53198.76,1050.3301,57532.652,262143.0,81266.34,13454.9,22533.76,1981.02,6458.7603,181338.97,631.9,1586410.2,3091.1594
51838.082,1254.43,54387.94,262143.0,75755.64,11316.561,22711.86,1896.08,7465.9204,172435.56,632.3,1499697.8,2998.8718
109422.51,2827.57,124238.81,262143.0,175251.25,28709.021,57134.48,5063.52,19965.0,262143.0,633.6,3425771.5,3245.3818
167576.8,5915.7603,193116.28,262143.0,262143.0,44854.902,85622.26,7866.54,39041.64,262143.0,634.9,5325005.0,3293.9893
38874.21,425.47,365.81,5006.73,3072.49,689.23004,354.83,45.21,1465.2001,6437.64,635.3,10086.876,25.905619
5750.7,12.56,17.27,0.0,62.800003,-6.28,-73.98,-24.66,84.48,-9.240001,635.6,476.20447,7.586588
20174.43,876.06006,37601.5,262143.0,53149.21,9556.59,18393.62,1534.4,5170.4404,119560.33,636.7,1036826.94,5328.088
24920.28,379.94,15082.99,185203.48,19752.17,3265.6,5610.15,353.46,2357.52,47890.92,637.4,415899.66,1729.5475
111333.03,3962.6802,153814.47,262143.0,212735.0,31767.38,58242.81,4774.45,25490.521,262143.0,639.8,4241293.5,3949.228
40516.77,1208.9,36282.703,262143.0,58997.46,9751.2705,28552.17,2455.04,9467.04,125683.805,640.2,1000462.4,2559.4355
28075.77,477.28003,20843.32,250838.9,27523.672,3681.6501,5625.22,474.02,3239.28,64682.64,640.3,574735.5,2121.6787
72215.22,1486.79,43697.812,262143.0,66283.836,12150.23,33299.22,2842.75,9976.561,149281.45,640.4,1204927.2,1729.135
33105.24,703.36005,30842.65,262143.0,43851.67,6842.06,12983.49,1053.53,5512.3203,96861.6,640.8,850457.9,2662.8145
14408.07,387.79,128.74,2030.01,610.73004,326.56,38.36,46.58,360.36002,1455.9601,642.9,3549.888,24.547987
57330.39,1034.63,44570.73,262143.0,64355.87,10288.21,21326.791,1776.89,6957.72,141060.48,642.9,1228997.1,2221.869
15150.18,111.47,95.770004,2066.12,1135.11,395.64,95.9,27.4,576.84,2632.08,644.5,2640.7703,17.074268
26210.49,307.72,17613.83,212169.81,23267.4,3650.25,5830.72,439.77,2399.76,56965.92,645.3,485685.25,1920.4436
44323.02,693.94,21882.66,262143.0,31712.432,4667.6104,9943.46,891.87,6173.64,70917.0,647.4,603394.3,1410.6263
55716.54,783.43005,30556.91,262143.0,43529.82,6948.8203,15675.54,1294.65,6886.4404,98808.6,648.6,842578.9,1567.1019
81608.61,1438.12,55849.613,262143.0,83222.56,12691.881,26747.88,2412.57,11713.681,179900.17,652.9,1540002.0,1955.7402
29185.89,499.26,17675.06,214127.6,25057.201,4633.0703,7093.86,672.67,3306.6,58132.8,653.3,487373.62,1730.5576
10497.42,81.64,78.5,657.83,241.78001,229.22,24.66,-10.96,274.56,955.68005,654.8,2164.5657,20.381397
63563.94,1064.4601,51510.133,262143.0,68517.945,10905.221,15985.16,1648.11,7250.7603,161368.69,655.4,1420344.8,2316.0256
15971.46,227.65001,100.48,1524.4701,868.21,227.65001,1076.82,171.25,1314.7201,2696.76,655.9,2770.6443,16.988047
48556.44,797.56,32819.28,262143.0,46007.28,8024.2705,14808.33,1100.11,5195.52,104001.484,657.1,904961.7,1931.5522
18350.041,314.0,8043.1104,97035.42,11314.99,1434.9801,2963.31,261.67,2620.2002,27891.602,660.6,221781.4,1252.245
28795.26,381.51,15773.79,195595.31,21210.701,2701.97,5255.32,426.07,3273.6,52404.004,661.2,434947.84,1565.2607
48042.27,1380.03,45765.5,262143.0,72457.07,11289.87,29416.64,2468.74,11509.08,157466.77,662.2,1261941.8,2722.7278
50650.53,967.12006,42394.71,262143.0,60418.312,10958.601,19906.1,1582.35,5314.3203,135758.05,662.4,1168995.4,2392.1873
13054.35,155.43001,362.67,4648.77,775.58,45.530003,-61.65,2.74,146.52,2271.72,665.6,10000.294,78.43381
27905.25,423.90002,260.62,3312.7002,1106.8501,299.87,2024.86,202.76,3533.6401,3697.32,665.7,7186.358,25.70366
10842.811,180.55,47.100002,1022.07,419.19,62.800003,939.82,71.24,872.52,1829.52,665.9,1298.7395,11.420185
5997.7803,248.06001,111.47,2416.23,1340.78,618.58,335.65,84.94,421.08002,2591.1602,666.5,3073.6833,52.139374
11615.37,164.85,42.390003,876.06006,456.87003,9.42,716.51,24.66,896.28,1388.64,670.3,1168.8656,9.434687
33906.51,937.29004,32624.602,262143.0,47087.44,7732.2505,19400.57,1789.22,6400.68,104071.445,673.1,899593.56,2750.1301
16737.06,155.43001,243.35,3136.86,1306.24,488.27002,46.58,30.14,819.72003,3401.6401,673.6,6710.154,40.572025
55258.05,1497.78,54554.363,262143.0,81062.24,11618.0,25632.7,2159.12,9995.04,174717.84,679.9,1504286.6,2821.818
30862.38,599.74,20155.66,246340.86,30434.451,4259.41,12010.79,915.16,2317.9202,66285.125,680.1,555773.9,1866.3107
142803.55,4249.99,171108.03,262143.0,237946.06,37998.71,64463.98,5762.22,29443.922,262143.0,683.8,4718147.5,3424.945
22050.15,348.54,119.32001,1904.41,893.33,194.68001,1620.71,127.41,1436.16,2306.04,684.2,3290.1401,14.472152
70636.17,1296.8201,50971.62,262143.0,74728.86,11894.32,22876.26,2198.85,9104.04,160515.97,685.7,1405495.9,2062.2424
43665.3,1317.2301,36631.242,262143.0,59350.71,11165.841,26672.53,2282.42,12041.04,133166.89,687.4,1010073.0,2397.635
32877.3,425.47,342.26,4596.96,2450.77,982.82,165.77,45.21,1496.88,5603.4004,687.5,9437.507,28.765213
12295.71,109.9,4.71,84.78001,69.08,-42.390003,145.22,-82.2,11.88,50.160004,688.5,129.87395,0.09525776
3170.28,7.8500004,1.57,56.52,-56.52,-45.530003,67.13,-60.28,66.0,166.32,688.6,43.291317,0.4159602
136175.88,5370.97,190927.7,262143.0,262143.0,41799.68,78383.18,6571.89,40942.44,262143.0,688.7,5264657.0,4007.8313
50613.12,1610.8201,65048.242,262143.0,90125.85,14491.101,25583.38,2072.81,9187.2,200592.48,691.6,1793645.8,3673.696
30898.92,532.23004,18932.63,228121.0,26534.57,3686.36,8889.93,702.81,4357.3203,61897.44,694.3,522049.97,1750.9297
7928.31,351.68002,5810.5703,71414.59,12479.931,2731.8,10314.73,971.33,3397.6802,25185.602,695.0,160221.16,2094.4973
47309.73,725.34,12913.25,155262.02,16836.68,3340.9602,3141.41,269.89,4077.4802,42757.44,696.6,356071.06,779.43024
44259.51,1157.0901,25900.291,262143.0,43137.32,7694.5703,21826.84,1961.84,8116.68,99472.56,698.6,714176.8,1672.1967
26668.11,384.65002,18717.541,228168.11,24933.17,4169.92,6159.52,600.06,2935.6802,59172.96,699.1,516119.06,2005.8068
63026.28,1169.65,25589.432,262143.0,38099.19,6650.52,19604.7,1750.86,7183.4404,86324.05,699.9,705605.2,1159.8817
16092.39,251.20001,390.93002,6551.6104,2593.6401,737.9,904.2,116.45,1572.1201,6153.8403,702.4,10779.538,68.45883
100438.02,2692.55,100049.82,262143.0,148619.34,25641.24,50358.46,4581.28,17948.041,262143.0,703.7,2758782.2,2847.1782
51866.79,1051.9,40757.203,262143.0,58068.023,10084.11,21326.791,1657.7,5575.68,129195.01,704.6,1123842.6,2245.7979
9283.7705,185.26001,-21.980001,0.0,-3.14,-62.800003,-10.96,-12.33,-29.04,33.0,705.1,-606.0784,-7.769433
21997.08,334.41,11407.62,139518.05,15853.86,2114.79,3778.46,353.46,2114.6401,37072.203,706.0,314554.7,1481.7878
56436.9,1411.43,50743.973,262143.0,77490.49,12489.351,26251.94,2123.5,8698.801,162699.25,707.0,1399218.6,2569.812
25725.9,568.34,20518.33,252437.17,29825.291,4859.1504,12661.54,938.45,5206.08,69676.2,707.5,565774.2,2279.4492
16012.35,425.47,527.52,5747.77,1262.28,406.63,108.23,-4.11,290.40002,2975.28,708.7,14545.882,93.19609
56106.3,1402.01,60258.17,262143.0,87304.56,14494.24,26836.93,2849.6,10035.96,198673.2,710.1,1661564.0,3069.8127
65455.32,1127.26,42369.59,262143.0,57802.69,9490.65,15755.0,1543.99,7100.2803,134770.69,710.8,1168302.6,1849.7948
32662.41,596.60004,6917.4204,90135.27,14195.94,2601.49,10840.81,946.67,5254.9204,29859.72,711.0,190741.55,604.54297
57409.56,1230.88,40344.293,262143.0,58141.812,9299.11,20515.75,1561.8,9176.641,128013.6,711.4,1112457.0,2008.3099
48350.25,912.17004,36968.793,262143.0,52737.87,7886.1104,16305.74,1497.41,5099.16,115216.2,711.6,1019380.6,2185.178
10098.96,125.600006,73.79,839.95,288.88,164.85,550.74,36.99,650.76,1128.6001,712.9,2034.6918,19.891512
23872.8,981.25006,41245.473,262143.0,63660.363,13032.57,22848.86,2005.68,5599.4404,135425.4,713.4,1137306.1,4938.9424
36511.29,901.18005,42300.51,262143.0,56920.35,8905.04,17140.07,1439.87,5917.56,132835.56,714.0,1166397.9,3311.5881
66968.25,1332.93,49905.59,262143.0,67516.28,9895.71,19627.99,1659.07,6936.6,156365.89,714.3,1376101.0,2129.7341
74121.39,1591.9801,84955.84,262143.0,118607.23,19642.271,37479.09,3403.08,10874.16,262143.0,714.7,2342579.8,3276.168
30520.47,238.64001,653.12,8115.33,2865.25,1475.8,2179.67,237.01,1568.16,7509.4805,714.9,18009.186,60.18581
149693.08,5601.7603,201204.92,262143.0,262143.0,45936.633,96783.65,8715.94,31715.64,262143.0,715.0,5548041.5,3842.137
4160.34,78.5,32.97,-18.84,15.700001,-6.28,-19.18,-31.51,21.12,25.080002,716.3,909.1176,21.658916
33172.23,847.80005,27804.701,262143.0,37323.61,3735.03,11109.33,894.61,5046.3604,87125.28,717.2,766689.2,2395.5833
18721.53,276.32,10697.98,129677.3,14847.49,2424.08,4225.08,316.47,1754.28,34634.16,718.0,294987.03,1632.8398
20631.18,637.42004,20640.791,248918.8,36885.582,6769.8403,18819.69,1786.48,5954.52,75280.92,718.5,569150.94,2859.5613
90265.984,2485.31,108543.52,262143.0,155682.78,23581.4,45233.29,4038.76,12159.841,262143.0,718.5,2992988.2,3437.1814
22655.67,405.06003,89.490005,1935.81,838.38,361.1,2087.8801,110.97,2015.6401,2523.84,719.6,2467.605,10.293969
54476.79,1309.38,56780.62,262143.0,78854.82,12231.87,22568.01,1912.52,7014.4805,177734.05,721.0,1565673.6,2979.1465
11373.51,125.600006,87.920006,971.83,252.77,61.230003,738.43,13.7,780.12006,748.44,722.3,2424.3137,21.102541
60769.5,1392.5901,43898.77,262143.0,62847.1,9478.09,21847.39,1704.28,5673.3604,137299.81,724.0,1210468.4,2064.4546
14688.21,189.97,73.79,1519.76,693.94,183.69,1398.77,60.28,1034.88,1986.6001,725.9,2034.6918,13.364075
146450.58,9619.391,213537.28,262143.0,262143.0,52334.383,92684.61,8272.06,42589.8,262143.0,726.1,5888095.0,4167.997
49349.88,1146.1001,48492.59,262143.0,70920.04,10343.16,23083.13,2226.25,6283.2,155151.48,728.3,1337138.8,2808.5598
9790.11,39.25,31.400002,756.74005,350.11002,109.9,191.8,-1.37,212.52,860.64,728.8,865.8263,8.170459
9930.18,51.81,51.81,646.84,565.2,1.57,82.2,46.58,245.52,1034.88,729.6,1428.6134,13.917824
69059.73,1752.1201,99745.24,262143.0,132055.84,19951.56,28041.16,2192.0,8399.16,262143.0,730.7,2750383.8,4128.679
50886.3,1229.31,73904.61,262143.0,102458.2,16632.58,30661.97,2583.82,10893.96,233919.84,730.9,2037852.0,4151.5957
40722.96,1033.06,1940.52,24922.182,4801.06,686.09,5732.08,543.89,6555.12,10710.48,731.3,53508.062,135.24725
21140.13,273.18002,186.83,2942.1802,896.47003,274.75,1890.6,95.9,1634.16,3414.84,732.0,5151.6665,24.268993
34977.48,612.30005,18662.59,225439.45,25737.012,3708.34,6854.11,567.18,4596.24,61559.523,733.6,514603.84,1524.5708
55155.39,1047.1901,42762.09,262143.0,57892.184,9115.42,14565.84,1191.9,5324.8804,134427.48,737.6,1179125.5,2215.7666
28281.09,400.35,284.17,5190.4204,1263.8501,353.25,2368.73,282.22,2436.7202,3985.08,738.2,7835.728,27.7297
16054.98,478.85,26247.262,262143.0,40411.8,8189.12,12897.18,993.25,3824.04,88055.88,738.4,723744.25,4673.3716
57743.64,1067.6,43624.02,262143.0,59055.55,8945.86,15001.5,1071.34,7650.72,139735.2,740.3,1202892.4,2159.0833
68228.01,1100.5701,45424.812,262143.0,63150.113,9807.79,18270.32,1541.25,6527.4004,145320.12,740.8,1252547.6,1902.6163
70345.59,1413.0,44792.1,262143.0,64668.3,10385.551,23037.92,1748.12,7674.4805,145982.77,740.9,1235101.2,1819.5958
109098.87,4276.68,187996.52,262143.0,262143.0,43912.902,81471.164,7185.65,29474.281,262143.0,741.5,5183832.0,4925.9546
30893.7,433.32,16629.441,202046.45,22629.98,2869.9602,6141.71,568.55,3850.4402,53415.12,741.5,458541.62,1538.0642
28571.67,588.75,794.42004,8859.511,2176.02,458.44,449.36002,57.54,1091.64,6596.04,742.4,21905.406,78.49935
39870.36,1034.63,17585.57,217916.0,34125.52,6221.91,20341.76,1748.12,9506.641,73867.2,742.9,484906.0,1260.1167
44232.54,673.53,27195.541,262143.0,40543.68,6901.72,15294.68,1309.72,5446.3203,94395.84,743.1,749892.2,1756.9431
21947.49,621.72003,183.69,3334.6802,956.13,67.51,97.27,43.84,583.44,2015.6401,743.9,5065.084,22.930384
13797.33,117.75001,576.19,6994.35,2491.59,598.17004,113.71,84.94,656.04004,4155.3604,744.1,15887.912,118.40421
43146.78,522.81,28751.41,262143.0,40801.16,5534.25,11592.94,904.2,5346.0,91101.125,745.1,792793.8,1904.2839
55243.26,885.48004,34885.402,262143.0,50246.28,7291.08,16922.24,1342.6,6317.52,111221.88,746.3,961933.06,1804.5663
51559.68,949.85004,29508.15,262143.0,40589.21,7799.7603,13886.32,1301.5,5266.8003,96638.52,746.8,813660.25,1635.3672
31078.14,436.46002,11941.42,146258.06,17375.191,2709.82,5436.16,498.68,4002.2402,40073.883,748.4,329273.72,1097.6261
59342.7,1271.7001,44261.44,262143.0,60666.37,8635.0,15359.07,1187.79,8285.641,142925.64,749.4,1220468.8,2131.5894
17501.791,147.58,56.52,1587.27,1061.3201,323.42,80.83,87.68,489.72003,1656.6001,750.0,1558.4873,8.233549
12577.59,270.04,141.3,2171.31,420.76,124.03001,90.42,57.54,294.36002,1586.64,751.2,3896.2183,31.121346
56148.06,1092.7201,42667.89,262143.0,60598.863,8189.12,17140.07,1328.9,8968.08,139344.48,752.3,1176528.0,2171.7783
105571.89,2144.62,88500.91,262143.0,121569.81,17781.82,28901.52,2683.83,14597.881,262143.0,755.1,2440331.5,2395.8916
25619.76,803.84,24369.541,262143.0,38830.812,7327.1904,17947.0,1568.65,7537.2,83356.68,757.3,671967.8,2718.702
14046.15,106.76,331.27002,4023.9102,971.83,351.68002,198.65,43.84,472.56003,2323.2002,758.2,9134.468,66.43321
27684.27,340.69,9.42,695.51,368.95,133.45,252.08,-64.39,410.52002,1188.0,760.9,259.7479,-0.027103007
12515.82,158.57,48.670002,1125.6901,430.18002,379.94,887.76,23.29,909.48004,1267.2001,761.1,1342.0308,10.118624
41789.582,1018.93005,40218.69,262143.0,53301.5,8669.54,13894.54,1187.79,7879.08,127171.445,761.5,1108993.6,2750.7495
37821.51,573.05005,329.7,5151.1704,1898.13,282.6,2729.04,287.7,3989.04,6181.56,761.9,9091.176,23.924648
31022.46,466.29,133.45,3303.28,1229.31,478.85,2124.87,235.64,2954.1602,4576.44,763.6,3679.7615,11.299608
37310.82,577.76,20590.55,255884.89,28473.521,4166.7803,7613.09,746.65,3626.04,68337.73,763.7,567765.6,1576.9098
41750.43,1893.42,60514.082,262143.0,86046.99,15462.931,30981.18,2744.11,10323.721,189944.05,766.5,1668620.5,4143.236
49958.01,981.25006,36697.18,262143.0,51133.332,8248.78,16945.53,1849.5,7269.24,119120.766,768.5,1011891.2,2099.2769
77082.87,1441.26,50310.652,262143.0,70169.586,10080.971,24376.41,2112.54,11556.601,165099.0,769.4,1387270.2,1865.1694
45144.3,679.81,26715.121,262143.0,37576.383,5341.14,10399.67,724.73,5698.4404,87394.56,769.6,736645.0,1691.0111
14856.99,39.25,287.31,4023.9102,1445.9701,422.33002,156.18001,1.37,792.00006,3061.08,770.2,7922.3105,54.292843
37721.46,819.54004,26974.172,262143.0,38691.082,6696.0503,12846.49,998.73,3871.56,86758.32,770.8,743788.1,2043.6012
16549.14,218.23001,37.68,1304.67,668.82,76.93,867.21,146.59,1275.12,2094.84,772.9,1038.9916,5.5100517
13934.79,481.99002,98.91,2187.01,719.06,266.9,116.45,42.47,356.40002,1572.1201,775.6,2727.3528,19.294987
7516.8,150.72,43.960003,968.69,293.59,78.5,615.13,54.8,682.44,1235.52,776.8,1212.1569,15.721441
66358.38,1602.9701,64183.17,262143.0,91757.086,16120.761,30851.03,2530.39,9357.48,204062.77,776.8,1769792.2,2764.5046
44568.36,880.77,40344.293,262143.0,54935.87,8853.23,13772.61,1261.77,5191.56,124691.164,779.2,1112457.0,2587.2395
20758.2,273.18002,8597.32,103436.31,10911.5,1645.3601,1611.12,137.0,1479.7201,26827.682,780.0,237063.25,1183.1929
51614.492,971.83,31123.682,262143.0,45674.44,7459.0703,17534.63,1553.58,8083.68,103569.84,781.7,858207.06,1723.1233
129282.0,2653.3,20840.182,260643.56,35756.75,6044.5,22276.2,1923.48,15281.641,84333.484,783.8,574648.94,459.9061
42453.39,830.53,32228.96,262143.0,47643.223,7785.6304,14152.1,1230.26,4678.08,103264.92,787.7,888684.1,2169.6157
63641.37,1466.38,49045.23,262143.0,69940.36,11482.98,26294.41,2281.05,9155.5205,157252.92,789.3,1352377.4,2202.4653
17148.57,323.42,31.400002,1548.02,854.08,197.82,1383.7,121.93,1086.36,2630.76,790.4,865.8263,4.2354107
28161.03,507.11002,3581.1702,43777.883,5570.3604,1224.6001,156.18001,-21.92,703.56,12450.24,791.1,98747.49,362.60132
70716.21,2464.9001,98291.42,262143.0,133420.17,20267.13,35869.34,3137.3,12904.32,262143.0,792.2,2710296.0,3973.1624
13236.18,87.920006,453.73,5350.56,998.52,105.19,109.6,50.69,440.88,2572.6802,792.9,12511.19,97.01304
31225.17,519.67004,23402.42,262143.0,29731.092,3708.34,6021.15,501.42,4300.56,73150.445,794.9,645300.3,2141.915
10418.25,171.13,64.37,995.38,158.57,76.93,900.09,69.87,778.80005,900.24005,796.3,1774.944,16.665981
14649.061,276.32,102.05,2025.3,519.67004,92.630005,1379.59,109.6,770.88,1610.4,798.0,2813.9355,18.918299
3223.35,72.22,25.12,-150.72,-75.36,73.79,-26.03,-69.87,68.64,-76.560005,798.5,692.6611,21.28236
29262.45,675.10004,32197.56,262143.0,44788.96,6950.39,12712.23,1167.24,4535.52,101905.32,800.2,887818.25,3145.0186
9524.76,147.58,263.76,3034.81,689.23004,199.39,58.91,-19.18,212.52,1181.4,800.7,7272.941,78.17789
20242.291,361.1,161.71,1786.66,386.22,431.75,35.62,-13.7,307.56,2071.08,801.2,4459.0054,21.841583
13376.25,317.14,197.82,1894.9901,843.09,86.350006,68.5,116.45,282.48,1392.6001,803.8,5454.7056,41.28485
31154.7,518.10004,21014.451,257406.22,29055.99,4377.16,7999.43,816.52,3076.9202,67289.64,806.1,579454.25,1927.6058
33960.45,574.62,25499.941,262143.0,36147.68,6419.73,11131.25,990.51,3831.9602,80075.164,806.7,703137.56,2145.9146
81755.64,2034.7201,88461.66,262143.0,129972.45,21248.38,37755.832,3297.59,10855.681,262143.0,808.7,2439249.2,3092.758
41907.9,803.84,26504.74,262143.0,37235.69,6661.5103,12961.57,1009.69,5850.24,87527.88,808.7,730843.94,1807.3257
36928.02,607.59,28639.941,262143.0,40356.85,6060.2,10144.85,860.36,3336.9602,90364.56,809.7,789720.2,2216.5076
35301.99,635.85004,25485.81,262143.0,35849.383,4578.12,10714.7705,946.67,4535.52,80550.36,810.0,702747.94,2063.1833
20062.2,285.74002,135.02,2240.3901,747.32,232.36,1601.53,65.76,1727.8801,2018.28,811.4,3723.0532,18.242815
64312.14,2387.97,99906.95,262143.0,146123.05,23573.55,45626.48,3946.97,15708.001,262143.0,811.7,2754842.8,4440.7256
5300.91,127.170006,-9.42,-59.660004,-97.340004,45.530003,-5.48,-31.51,162.36,3.96,811.7,-259.7479,-6.081003
13720.7705,45.530003,343.83002,3735.03,968.69,98.91,35.62,46.58,473.88,2762.76,812.7,9480.798,70.64968
140105.67,6361.64,249432.19,262143.0,262143.0,62547.23,121883.42,10809.3,43923.0,262143.0,814.5,6877864.5,5089.328
59380.11,1387.88,45903.66,262143.0,70478.875,11352.67,26361.541,2255.02,9042.0,151264.1,814.7,1265751.5,2209.321
13823.43,138.16,571.48004,7011.62,1389.4501,211.95001,101.38,-47.95,557.04004,3919.08,817.4,15758.039,117.20456
6577.2,353.25,98.91,3006.55,5146.46,3815.1,193.17,98.64,311.52002,12382.921,818.6,2727.3528,41.99799
29617.41,372.09003,186.83,3171.4001,1204.1901,438.03003,2838.64,234.27,4201.56,4192.3203,819.5,5151.6665,17.036345
14078.34,155.43001,477.28003,7350.74,2879.3801,1007.94006,1037.09,43.84,1078.4401,5936.04,820.1,13160.561,95.932816
54528.12,1119.41,47355.91,262143.0,70786.59,12228.73,25116.21,2307.08,6537.9604,150709.69,820.3,1305795.9,2482.1482
62338.11,1014.22003,21297.05,261587.12,31913.39,6031.9404,8981.72,824.74,4637.16,74086.32,820.5,587246.7,975.8207
26743.8,588.75,199.39,3705.2002,1384.74,270.04,334.28,87.68,712.80005,3228.7202,822.1,5497.997,20.317156
16179.39,229.22,229.22,3281.3,923.16003,138.16,1015.17,68.5,2463.12,3635.28,823.2,6320.5317,39.507866
24945.51,414.48,6669.3604,82230.32,8396.36,1620.2401,2552.31,130.15,2765.4001,23430.0,823.5,183901.52,763.4354
55582.56,989.10004,39193.48,262143.0,53913.8,9310.101,17427.77,1511.11,5582.2803,125291.766,826.2,1080724.4,2015.1567
19089.541,299.87,120.89001,2190.1501,777.15,218.23001,1686.47,128.78,1236.8401,2418.24,827.5,3333.4314,17.106892
52597.59,803.84,23914.24,262143.0,36756.84,6942.54,11062.75,1023.39,6062.7603,84361.2,827.5,659413.3,1298.9893
11019.42,102.05,18.84,25.12,-1.57,14.13,17.81,-32.88,6.6000004,-290.40002,828.8,519.4958,3.8884501
31935.96,444.31003,511.82,6534.3403,2121.07,785.0,250.71,42.47,601.92004,3736.9202,832.5,14112.969,44.82329
56302.05,1646.93,66921.25,262143.0,94499.875,15665.461,28553.541,2729.04,11109.12,212992.56,833.8,1845292.2,3397.5122
25236.96,750.46,32203.842,262143.0,47523.902,7900.24,19058.07,1398.77,4646.4004,101696.766,836.8,887991.5,3647.5442
44403.06,1832.1901,-42.390003,119.32001,-61.230003,95.770004,267.15,-38.36,59.4,435.6,837.5,-1168.8656,-3.7296035
34156.2,869.78,38917.16,262143.0,54373.812,10586.511,16657.83,1543.99,7322.0405,127708.69,838.1,1073105.1,3256.7715
18599.73,215.09001,117.75001,1573.14,532.23004,94.200005,1406.99,73.98,1906.0801,1903.4401,838.5,3246.8486,17.10103
3409.53,194.68001,5609.6104,66107.99,7027.3203,1232.4501,84.94,60.28,444.84003,18428.521,841.1,154679.88,4703.2153
49722.242,692.37,26051.012,262143.0,36642.23,5710.0903,9405.05,908.31,5932.08,83109.84,844.6,718332.8,1497.0381
62887.95,2727.09,86566.664,262143.0,115220.734,17513.35,26409.49,2385.17,12859.44,262143.0,844.9,2386996.5,3934.7927
19059.96,375.23,3428.8801,41805.96,9903.561,2535.55,12569.75,1048.05,3059.76,19235.041,846.5,94548.234,513.3743
59765.52,1505.63,54742.76,262143.0,74163.664,11563.051,20429.44,1711.13,10033.32,170702.4,847.6,1509481.6,2617.9368
57818.46,1292.11,26396.41,262143.0,37722.39,6664.6504,12058.74,1101.48,4748.04,84180.37,848.2,727856.9,1304.3511
61468.11,1609.25,55896.71,262143.0,81618.02,15087.7,29385.13,2534.5,10202.28,184268.05,849.1,1541300.6,2599.072
22314.63,227.65001,8795.141,107684.734,12002.65,2606.2002,4126.44,228.79,1836.1201,29121.842,851.7,242517.95,1125.9434
63803.19,1347.06,46782.863,262143.0,68287.15,12748.4,18895.041,1565.91,6788.7603,147576.0,852.4,1289994.6,2095.4927
59039.94,1526.04,77928.52,262143.0,114021.25,17315.531,33634.87,3278.41,8962.801,245060.66,854.9,2148807.8,3772.9795
40434.99,891.76,33161.543,262143.0,48833.28,6575.16,13286.26,1287.8,4588.3203,108633.37,855.9,914399.2,2343.9111
15138.0,167.99,252.77,3045.8,1196.3401,588.75,131.52,52.06,406.56003,2275.6802,858.1,6969.902,46.742596
53387.55,1684.6101,19095.91,236545.62,32349.852,6429.1504,20018.44,2026.23,16181.881,71120.28,859.9,526552.25,1021.7026
9717.03,36.11,-14.13,108.33,-20.41,-58.09,-43.84,-9.59,39.600002,-26.400002,860.3,-389.62183,-5.1577425
28176.69,532.23004,17549.46,213838.72,26547.13,3956.4001,11270.99,928.86,5349.9604,56272.92,862.7,483910.34,1779.8314
33566.34,529.09,17704.89,214268.89,24754.191,3887.32,6854.11,704.18,4127.64,57644.402,865.2,488196.16,1507.1282
69969.75,1530.75,76832.664,262143.0,104224.45,16334.28,30140.0,2692.05,10796.28,241272.25,866.1,2118590.5,3138.674
34244.07,750.46,30602.441,262143.0,42239.28,7033.6,11951.88,1041.2,4938.12,97789.56,866.1,843834.3,2554.1692
18628.44,281.03,10708.971,127703.805,18835.291,3149.4202,10065.39,609.65,2469.7202,39512.883,866.4,295290.06,1642.6913
30725.791,590.32,8675.82,105357.99,18868.26,3369.2202,15041.23,1467.27,6842.8804,39316.203,867.4,239227.81,806.33997
50427.81,1062.89,32831.84,262143.0,46779.723,8559.641,17053.76,1533.03,7632.24,106547.766,867.5,905307.94,1860.5474
33691.62,777.15,23443.24,262143.0,34090.98,4301.8003,9231.06,974.07,9323.16,80318.05,867.7,646425.9,1988.5034
68920.53,1299.9601,54753.75,262143.0,78531.41,11822.101,24524.37,1898.82,7967.5205,172254.73,870.0,1509784.6,2270.5078
13467.6,292.02002,-10.990001,1.57,31.400002,26.69,152.07,56.170002,9.240001,-83.16,870.2,-303.0392,-3.3332245
47585.52,733.19,39455.67,262143.0,57987.953,9858.03,18955.32,1745.38,6679.2,130390.92,870.5,1087954.0,2369.7383
6125.67,551.07,114.61,3917.1501,7864.1304,4488.6304,271.26,109.6,180.84001,10520.4,870.8,3160.2659,52.49558
41222.34,693.94,28201.91,262143.0,37833.86,5912.62,11505.26,930.23,4175.16,88969.32,872.0,777641.9,1955.1173
12193.05,152.29001,67.51,1243.4401,405.06003,326.56,834.33,-26.03,752.4,1706.76,873.0,1861.5266,14.830871
50357.34,1142.9601,47757.832,262143.0,70560.516,9782.67,23065.32,2130.35,6656.7603,148827.36,874.8,1316878.5,2710.6323
33379.29,635.85004,21746.07,261318.66,30866.201,4606.3804,9958.53,898.72003,4241.16,71010.73,875.4,599628.0,1861.742
9088.0205,28.26,125.600006,1332.93,664.11005,210.38,16.44,61.65,298.32,1457.28,876.5,3463.3052,38.515667
47341.92,957.7,25798.24,262143.0,40768.19,5659.85,17331.87,1502.89,6334.68,84711.0,878.3,711362.9,1557.0923
53273.582,1873.01,70142.89,262143.0,101183.37,15214.87,30704.44,2815.35,9283.561,221262.38,879.5,1934126.0,3763.6167
11963.37,307.72,69.08,1323.51,494.55002,368.95,36.99,80.83,241.56001,938.52,879.9,1904.8179,15.510027
113108.7,4532.5903,169566.28,262143.0,229353.45,38056.8,61091.04,5408.7603,21250.682,262143.0,880.1,4675635.0,4285.398
57873.27,1342.3501,55893.57,262143.0,79357.22,12173.78,24618.9,2248.17,11959.2,180713.28,883.8,1541214.1,2760.4224
35015.76,566.77,26724.541,262143.0,35514.973,5918.9004,10835.33,923.38,3564.0002,82539.6,883.9,736904.75,2181.2056
63454.32,2245.1,88292.09,262143.0,141906.03,26010.191,57892.09,4881.31,21739.08,262143.0,885.4,2434573.8,3977.4106
36286.832,747.32,39970.633,262143.0,53348.6,7647.47,14727.5,1342.6,5562.48,125553.125,887.7,1102153.6,3148.4954
16994.58,213.52,142.87001,2207.4202,659.4,105.19,1053.53,84.94,1392.6001,2906.6401,887.9,3939.5098,23.036964
19387.08,248.06001,142.87001,1665.77,648.41003,193.11,1867.31,131.52,2068.4402,2277.0,889.2,3939.5098,20.070637
33649.86,398.78,15009.2,183457.64,21162.031,3526.2202,7843.25,721.99,4362.6,49020.844,889.6,413864.97,1274.3322
12097.35,80.07,334.41,4312.79,1634.37,656.26,1533.03,212.35,715.44,3234.0002,890.7,9221.05,78.038376
5516.67,284.17,5683.4004,68904.164,8115.33,1012.65,245.23,-20.55,386.76,19710.24,891.8,156714.56,2944.6438
20518.08,337.55002,288.88,3384.9202,963.98004,309.29,2231.73,167.14,1722.6001,2625.4802,892.4,7965.602,39.25592
42267.21,698.65,16233.801,197281.5,20537.17,3216.9302,3457.8801,152.07,4530.24,51998.76,892.5,447632.22,1097.16
57391.29,1007.94006,38882.62,262143.0,54274.902,8322.57,19823.9,1852.24,7951.68,130289.29,892.8,1072152.8,1936.129
43948.92,935.72003,28388.74,262143.0,43647.57,6309.83,15182.34,1159.02,4531.56,92921.41,893.2,782793.56,1845.9149
17799.33,174.27,67.51,2039.43,736.33,263.76,1087.78,160.29,1092.9601,2438.04,893.7,1861.5266,9.844599
29165.88,326.56,546.36005,7225.14,1477.37,381.51,127.41,102.75,522.72003,3706.56,894.1,15065.379,52.561512
32183.041,587.18,26697.852,262143.0,37924.92,5677.12,11329.9,809.67,4392.96,87669.125,894.5,736168.8,2370.9102
9047.13,28.26,155.43001,1656.3501,1007.94006,419.19,197.28,45.21,522.72003,1898.16,895.4,4285.8403,48.12166
32924.28,508.68002,9160.95,111816.98,14608.851,1781.9501,5048.45,524.71,2327.1602,32165.762,896.4,252604.83,794.56055
49349.01,979.68005,49665.383,262143.0,67981.0,10464.051,21000.73,1782.37,6704.2803,157569.72,896.6,1369477.5,2876.5596
45253.05,1119.41,38793.133,262143.0,59173.3,9854.891,27968.55,2413.94,6739.9204,131891.77,896.9,1069685.1,2450.0715
18484.89,139.73001,394.07,6170.1,2661.1501,529.09,152.07,72.61,739.2,4922.2803,897.6,10866.12,59.95446
35332.44,774.01,27124.89,262143.0,36441.27,6019.3804,12213.55,1001.47003,4960.56,87417.0,897.9,747944.06,2194.0447
25991.25,367.38,255.91,4298.66,1240.3,494.55002,1968.6901,179.47,2719.2002,4550.04,898.4,7056.4844,27.15199
55713.93,1439.6901,60410.46,262143.0,83710.836,13242.95,23181.77,2163.23,9311.28,194080.92,900.1,1665763.2,3099.2546
60422.37,1072.31,50855.44,262143.0,70681.41,10847.13,23695.52,2046.78,8581.32,165586.1,900.7,1402292.2,2405.5154
35093.19,508.68002,17329.66,211849.53,24033.56,4049.03,7987.1,786.38,4736.16,57236.523,900.9,477849.53,1410.9397
34837.41,522.81,24499.852,262143.0,34494.473,4896.83,8973.5,865.84,3513.84,79070.64,901.0,675561.0,2009.7894
43081.53,857.22003,36036.21,262143.0,51923.043,7350.74,14800.11,1204.23,4800.8403,113370.84,903.2,993665.56,2390.6465
15049.26,276.32,-15.700001,125.600006,392.5,116.18,123.3,84.94,163.68001,410.52002,903.7,-432.91315,-3.9828644
48241.5,894.9,16780.16,209072.2,27644.56,4925.0903,13419.15,1096.0,7220.4004,61546.324,903.9,462697.56,993.5446
34592.94,596.60004,22662.951,262143.0,31524.031,4496.48,8674.84,863.1,4425.96,71656.2,905.1,624910.1,1872.1733
52129.53,1022.07,36918.55,262143.0,51875.94,8969.41,17259.26,1408.36,6382.2,117532.805,906.7,1017995.25,2023.929
9730.95,186.83,4799.49,60220.492,9975.78,1976.6301,7704.88,690.48,3359.4001,19979.521,907.5,132341.55,1409.2264
27939.18,733.19,244.92001,3454.0,795.99005,205.67001,27.4,34.25,662.64,2339.04,908.6,6753.4453,24.064533
35683.05,1315.66,30277.451,262143.0,51687.543,9123.2705,27598.65,2500.25,11295.24,114579.96,908.6,834873.0,2425.0867
50513.94,1359.62,66619.81,262143.0,95394.77,15535.15,28021.98,2571.49,8448.0,211943.17,912.2,1836980.4,3769.8665
15010.98,204.1,94.200005,1642.2201,816.4,144.44,1026.13,47.95,1211.76,2263.8,914.8,2597.479,16.942827
15880.11,83.21,296.73,3375.5,1202.62,277.89,312.36002,36.99,561.0,3264.36,915.3,8182.0586,52.42653
41520.75,830.53,36646.94,262143.0,49918.152,7812.3203,15642.66,1374.11,10032.0,120912.01,915.6,1010505.9,2522.6057
23449.98,279.46002,5224.96,66930.67,16572.92,3804.11,15012.46,1180.9401,3395.04,23114.521,919.0,144073.48,636.07336
18437.041,334.41,362.67,4155.79,1088.01,577.76,119.19,91.79,339.24002,2537.04,919.1,10000.294,55.243122
113784.69,3469.7002,104507.055,262143.0,158780.39,26543.99,63969.41,5726.6,22729.08,262143.0,920.9,2881686.5,2625.0972
35068.832,802.27,30351.24,262143.0,44908.28,7948.91,14694.62,1331.64,5532.12,98458.805,922.0,836907.7,2473.595
47666.43,604.45,22749.3,262143.0,32009.16,5532.68,9005.01,872.69,4507.8003,76961.28,922.7,627291.2,1363.5972
10195.53,171.13,83.21,904.32,296.73,188.40001,498.68,41.1,538.56,1193.28,927.7,2294.4397,22.335371
13940.01,197.82,222.94,3526.2202,1785.0901,351.68002,154.81,57.54,629.64,2816.8801,928.8,6147.3667,44.727127
34056.15,573.05005,22022.39,262143.0,31622.941,5347.4204,8680.32,848.03,5344.68,72569.64,928.9,607247.25,1847.9191
16113.2705,254.34001,116.18,1725.43,839.95,197.82,1282.32,65.76,1379.4,2006.4,929.1,3203.5571,19.615631
60043.92,927.87006,30404.621,262143.0,42824.89,6115.1504,13572.59,1176.83,7942.4404,98106.37,929.2,838379.6,1446.8365
22672.2,324.99002,200.96,2972.01,959.27,216.66,1776.89,231.53,2733.7202,2927.76,929.8,5541.2886,24.343407
46424.07,996.95,20130.541,249118.19,33952.82,5622.1704,19193.7,1815.25,7638.8403,72160.445,930.1,555081.25,1238.8274
25737.21,340.69,9495.36,115523.74,13271.21,2161.8901,5032.0103,338.39,3264.36,33694.32,930.2,261825.88,1053.8701
48787.86,805.41003,25145.121,262143.0,35824.26,6030.37,10950.41,908.31,4111.8003,80797.2,933.8,693353.7,1472.6384
41783.49,692.37,27478.14,262143.0,37802.46,5160.5903,10453.1,901.46,4094.6401,87604.445,934.7,757684.56,1879.3195
32256.99,503.97003,246.49,3661.2402,1624.9501,323.42,2323.52,261.67,2756.1602,4155.3604,936.4,6796.7363,20.848642
12106.92,172.70001,113.04,797.56,599.74,329.7,811.04,67.13,1168.2001,2006.4,937.7,3116.9746,25.69608
43917.6,850.94,38720.91,262143.0,53288.94,7520.3003,14632.97,1333.01,4725.6,122060.41,938.9,1067693.6,2519.9019
42264.6,789.71,12506.62,156784.92,22038.09,3513.6602,13046.51,1196.01,6193.4404,47220.363,939.9,344858.6,845.0814
67306.68,1400.4401,41405.613,262143.0,58166.934,9891.0,22018.64,1982.39,14521.32,139811.77,941.1,1141721.9,1757.936
33816.03,657.83,17040.781,210533.86,28035.49,5966.0,13931.53,1324.79,5484.6,60634.203,941.8,469883.97,1439.8403
25698.93,372.09003,17069.041,210392.56,23725.84,3582.7402,6034.85,484.98,2086.9202,54488.28,942.3,470663.2,1898.0791
35703.06,673.53,24776.17,262143.0,31558.57,6187.37,7980.25,786.38,4024.6802,80526.6,942.3,683180.25,1983.1649
54001.77,1703.4501,72507.31,262143.0,98563.03,16899.48,27373.97,2441.34,12169.08,232844.05,942.9,1999322.9,3838.0417
9655.26,131.88,29.830002,-25.12,-48.670002,0.0,39.73,-12.33,26.400002,171.6,946.2,822.53503,7.8336115
91468.32,2444.49,113046.28,262143.0,159617.2,23366.31,41506.89,3581.18,14079.12,262143.0,947.9,3117147.8,3532.7397
55008.36,1009.51,36610.832,262143.0,51079.953,8510.971,15920.7705,1301.5,7030.3203,117923.52,950.8,1009510.2,1901.961
13393.65,279.46002,7777.7803,95451.3,13834.841,3194.9502,8047.38,768.57,3821.4001,31202.162,951.9,214465.17,1659.3732
24717.57,345.40002,303.01,4494.91,1436.55,337.55002,1816.62,157.55,3351.4802,4337.52,952.0,8355.224,34.050983
28254.121,525.95,23248.56,262143.0,31929.092,4845.02,10692.85,812.41,4243.8003,75824.766,952.2,641057.8,2351.6824
31927.26,392.5,19700.361,238589.77,26842.291,3899.8801,6338.99,606.91,3358.08,61387.92,953.6,543219.44,1763.2556
100226.61,4907.8203,167694.84,262143.0,238957.14,41502.953,84100.19,7204.83,25982.88,262143.0,955.3,4624032.0,4782.9395
45563.64,1381.6001,48707.68,262143.0,73968.984,12161.221,29468.7,2596.15,10026.721,162057.72,956.7,1343069.8,3055.5256
85914.24,2111.6501,68312.27,262143.0,97627.31,16390.8,28027.46,2318.04,11194.921,220337.05,957.7,1883648.5,2272.4353
68629.08,2604.6301,125171.39,262143.0,177188.64,28520.621,55127.43,4679.92,14898.841,262143.0,957.9,3451486.5,5213.899
27760.83,477.28003,10349.44,126220.16,14161.4,2800.8801,2746.85,220.57,2880.2402,33745.8,960.8,285376.34,1064.9417
28289.791,872.92004,40736.793,262143.0,63438.992,9931.82,22833.791,1953.62,7046.16,137810.64,960.9,1123279.8,4116.239
18423.99,252.77,89.490005,1887.14,882.34,149.15001,1275.47,95.9,1384.68,2580.6,961.0,2467.605,12.888003
15115.38,155.43001,731.62,8760.601,2634.4602,984.39,3209.91,120.56,1136.52,5138.7603,961.1,20173.752,137.39343
50428.68,742.61005,32287.05,262143.0,44409.02,6972.37,13636.98,1189.16,5947.9204,104111.05,961.3,890285.9,1829.6266
15974.94,124.03001,739.47003,9132.69,2647.02,585.61005,465.8,93.16,805.2,5460.8403,961.3,20390.209,131.35194
30797.13,447.45,9553.45,117125.14,14095.461,2011.17,4734.72,537.04,3008.28,33110.883,962.4,263427.66,885.94977
65955.57,1321.9401,65274.32,262143.0,96203.32,16296.601,27831.55,2172.82,11105.16,212805.12,963.6,1799879.6,2828.6965
14782.17,314.0,343.83002,4058.4502,1463.24,188.40001,95.9,5.48,264.0,2028.8401,963.8,9480.798,65.50504
147212.7,4636.21,201316.39,262143.0,262143.0,44602.133,95097.18,8883.08,39644.883,262143.0,964.6,5551115.5,3909.0552
35829.21,736.33,26705.701,262143.0,37720.82,7058.72,10876.43,885.02,3260.4001,86881.086,964.7,736385.25,2130.1584
19319.22,324.99002,186.83,1916.9701,720.63,150.72,1771.41,117.82,2650.56,2304.72,965.0,5151.6665,26.650692
21046.17,318.71002,219.8,2588.9302,905.89,356.39,1687.84,75.35,2888.1602,3066.36,965.1,6060.784,28.86095
15099.72,131.88,238.64001,4496.48,1719.15,708.07,89.05,106.86,611.16003,3392.4001,968.2,6580.2803,44.188026
56169.81,1425.56,25790.39,262143.0,46619.582,8620.87,26247.83,2304.34,10677.48,105251.52,969.0,711146.44,1311.8164
11798.94,139.73001,28.26,981.25006,394.07,81.64,64.39,19.18,258.72,1082.4,969.6,779.24365,5.8482265
65806.8,1144.53,35337.562,262143.0,50761.242,8777.87,18426.5,1543.99,8756.88,119298.96,970.8,974400.94,1534.3762
64914.18,2383.26,138932.44,262143.0,195786.86,30344.96,55074.0,4671.7,19386.84,262143.0,971.7,3830934.8,6118.4595
3518.28,251.20001,2577.9402,31013.781,4744.54,879.2,406.89,49.32,476.52002,9174.0,971.9,71084.34,2094.0356
30889.35,1584.13,65946.28,262143.0,98958.67,16317.011,40323.21,3505.83,15577.32,214019.53,971.9,1818408.4,6103.225
4712.79,274.75,1687.75,19942.14,2446.06,359.53,172.62,20.55,407.88,6926.04,972.2,46538.164,1022.9507
6504.12,53.38,-15.700001,-78.5,-58.09,-61.230003,0.0,-9.59,-39.600002,-11.88,972.9,-432.91315,-7.9017644
15197.16,158.57,72.22,662.54004,411.34003,100.48,50.69,-21.92,303.6,1333.2001,973.9,1991.4005,12.58764
24352.17,364.24002,257.48,4014.4902,813.26,81.64,2118.02,131.52,2658.4802,3228.7202,975.2,7099.776,29.231163
23499.57,222.94,951.42004,12186.341,2245.1,865.07,275.37,-35.62,683.76,5691.8403,975.9,26234.537,114.76076
18128.19,207.24,375.23,5683.4004,2188.58,728.48004,269.89,46.58,984.72003,4412.7603,980.0,10346.624,58.18234
5953.41,174.27,75.36,1829.05,1694.03,400.35,328.8,158.92,454.08002,2500.08,980.2,2077.9832,35.19296
19881.24,304.58002,200.96,2901.36,1042.48,252.77,1453.57,116.45,2090.8801,2666.4001,980.8,5541.2886,27.901154
62532.12,1210.4701,39953.363,262143.0,55665.92,9605.261,20104.75,1591.9401,8763.48,128944.2,981.4,1101677.5,1825.8346
13441.5,78.5,147.58,1993.9,879.2,249.63,189.06,-36.99,413.16,1734.4801,982.3,4069.3835,30.392708
40309.71,731.62,26145.21,262143.0,33338.95,5827.8403,7489.79,776.79,3978.4802,83629.92,982.6,720930.25,1853.5198
69686.13,2117.9302,51654.57,262143.0,76364.805,12534.881,30820.89,2682.46,10879.44,171930.0,983.5,1424327.5,2118.3923
36168.51,529.09,17323.38,215890.7,25473.25,4342.62,7280.18,597.32,3734.28,56890.684,985.6,477676.38,1368.4652
33601.14,948.28,37950.043,262143.0,51877.51,9036.92,18744.34,1617.97,5648.2803,119318.766,985.9,1046437.75,3228.2915
12374.01,83.21,125.600006,2022.16,1899.7001,430.18002,3931.9,408.26,1312.0801,2905.32,986.2,3463.3052,28.022057
26003.43,530.66003,21209.13,259136.36,33097.17,5573.5,14383.63,1002.84,4605.48,71023.92,987.2,584822.4,2331.068
67369.32,1728.5701,54555.934,262143.0,76444.875,10382.41,23725.66,1689.21,10075.561,174295.45,987.5,1504330.0,2314.415
7249.71,84.78001,-36.11,125.600006,-6.28,-65.94,106.86,31.51,-42.24,-21.12,987.7,-995.70026,-15.241505
32868.6,555.78,19554.352,236011.83,27606.88,4111.83,7610.35,637.05,2980.56,61579.324,991.6,539193.4,1700.027
59164.35,2464.9001,91722.55,262143.0,129622.34,22834.08,45484.0,4012.73,14852.641,262143.0,992.4,2529165.2,4431.6655
15871.41,95.770004,453.73,5557.8003,1678.3301,232.36,247.97,13.7,848.76,3826.6802,992.9,12511.19,80.73931
26521.95,584.04004,21144.76,258914.98,29216.13,4490.2,10272.26,893.24,2680.9202,68673.0,993.5,583047.44,2278.5354
12277.44,94.200005,83.21,1336.0701,657.83,282.6,20.55,42.47,423.72003,1582.68,993.7,2294.4397,18.378345
26879.52,471.00003,5022.43,66059.32,12475.221,2014.31,9836.6,998.73,4683.3604,23645.16,996.7,138488.92,533.24615
21816.99,500.83002,3303.28,42085.42,11922.58,3968.9602,17437.36,1386.4401,4818.0,23796.96,996.9,91084.92,431.9119
47626.41,1400.4401,58041.332,262143.0,82085.88,15340.471,30878.43,2798.91,9591.12,188628.0,997.9,1600436.6,3483.4844
53108.28,1135.11,50158.363,262143.0,70040.84,11399.7705,22407.72,1935.81,7766.8804,155812.81,998.9,1383071.0,2699.4124
48725.22,865.07,26201.73,262143.0,37370.71,5617.46,12699.9,957.63,5293.2,86044.2,999.6,722488.75,1536.5356
13697.28,83.21,337.55002,4056.8801,819.54004,433.32,169.88,-5.48,505.56003,3286.8,999.7,9307.633,69.46165
15365.07,219.8,109.9,2014.31,434.89,97.340004,1123.4,160.29,1297.56,2307.36,1000.1,3030.392,19.450888
15163.23,216.66,144.44,2548.11,653.12,161.71,841.18,97.27,1102.2001,1700.16,1000.6,3982.801,26.23609
56649.18,1667.3401,68302.85,262143.0,95923.86,14056.211,27695.92,2526.28,10656.36,218939.17,1001.5,1883388.6,3446.42
13180.5,100.48,533.8,6253.31,2141.48,648.41003,1954.99,178.1,988.68005,4425.96,1002.7,14719.046,114.796555
64986.39,2099.09,57334.832,262143.0,89758.48,14732.881,41661.7,3701.74,15087.601,204118.2,1003.7,1580955.5,2521.581
62211.09,1234.02,55987.773,262143.0,80126.52,12437.54,24851.8,2274.2,8290.92,181756.1,1003.7,1543811.6,2572.205
28237.59,412.91,16926.17,204958.8,23790.21,2811.87,5030.64,541.15,2680.9202,54057.96,1004.2,466723.66,1712.8787
40809.09,576.19,23102.55,262143.0,31147.23,4267.2603,10377.75,772.68,4584.3604,75465.73,1004.4,637031.7,1617.6465
28002.69,381.51,324.99002,4722.56,1723.8601,519.67004,2394.76,209.61,3112.56,4646.4004,1005.5,8961.303,32.183277
11324.79,262.19,160.14,1441.26,345.40002,70.65,52.06,0.0,219.12001,1205.16,1005.8,4415.714,39.43139
56647.44,1031.49,44812.51,262143.0,59978.71,7784.06,14806.96,1405.62,6572.2803,140020.33,1006.0,1235664.0,2260.8718
61636.02,2695.6902,90400.6,262143.0,134636.92,22229.63,41606.9,3442.81,14098.921,262143.0,1007.1,2492714.0,4192.588
15836.61,174.27,4823.04,59057.12,6898.58,909.03,1678.25,198.65,1317.3601,15643.32,1009.8,132990.92,869.77844
32010.78,588.75,25360.21,262143.0,35343.84,4815.19,9754.4,845.29,5827.8003,81696.125,1009.9,699284.6,2264.195
76751.4,2315.75,91636.195,262143.0,125334.67,20998.75,38677.84,3318.14,13999.921,262143.0,1012.3,2526784.2,3412.7344
16070.64,246.49,45.530003,2243.53,709.64,186.83,1622.08,119.19,1353.0,2138.4001,1012.8,1255.4481,7.1005306
72353.55,1249.7201,46192.543,262143.0,65181.69,9869.0205,18566.24,1716.61,8842.681,149777.77,1012.8,1273717.1,1824.4126
55186.71,1559.01,57564.05,262143.0,79005.54,13095.37,24566.84,1901.56,7991.2803,180486.25,1013.2,1587276.0,2981.3997
13686.84,405.06003,10949.181,132980.58,22418.031,3871.62,11853.24,1141.21,4940.7603,42414.242,1013.8,301913.66,2286.3228
26388.84,350.11002,511.82,8138.8804,5656.71,2102.23,9063.92,623.35,2090.8801,8024.2803,1014.1,14112.969,54.45567
3667.92,208.81001,2885.6602,34251.12,3417.8901,662.54004,-17.81,53.43,370.92,10024.08,1016.6,79569.44,2248.4395
124416.96,4119.68,170848.97,262143.0,242846.03,40294.05,81017.69,7065.09,27057.361,262143.0,1017.0,4711004.0,3925.2844
28895.31,397.21002,747.32,9583.28,1772.53,354.82,237.01,32.88,603.24005,4630.56,1018.2,20606.666,72.94831
35484.69,529.09,16863.371,205071.84,22878.041,3317.4102,6359.54,637.05,3715.8,56663.64,1019.8,464992.03,1357.79
19133.041,555.78,16685.96,204870.88,22425.88,3888.8901,6656.83,480.87,1982.6401,52975.562,1021.2,460100.1,2492.5393
84910.26,2080.25,109272.0,262143.0,153247.7,25768.41,45627.85,3751.06,16444.56,262143.0,1022.5,3013075.5,3678.5757
58479.66,1293.68,32437.771,262143.0,45669.73,7570.54,15274.13,1452.2,8591.88,107751.6,1024.1,894441.9,1584.9707
64240.8,1347.06,57129.16,262143.0,80401.27,13255.511,24376.41,2118.02,7797.24,184529.4,1025.5,1575284.4,2541.7043
6911.2803,91.060005,-4.71,-20.41,17.27,56.52,-21.92,16.44,-84.48,0.0,1028.1,-129.87395,-2.9485493
7080.93,84.78001,84.78001,781.86005,221.37001,59.660004,660.34,27.4,405.24002,601.92004,1028.5,2337.7312,33.233566
11237.79,166.42,58.09,1180.64,491.41,39.25,685.0,56.170002,797.28,1251.3601,1030.6,1601.7786,13.77983
57699.27,1097.43,32503.71,262143.0,48247.67,7575.2505,18897.78,1813.88,8904.721,107587.92,1030.7,896260.1,1609.6888
4189.05,25.12,17.27,103.62,-7.8500004,17.27,19.18,-4.11,88.44,-135.96,1033.1,476.20447,10.787612
37465.68,932.58,27379.23,262143.0,45784.34,8189.12,22183.041,1926.22,8578.681,96345.484,1035.2,754957.25,2088.4722
17794.98,425.47,149.15001,2165.03,1328.2201,552.64,115.08,106.86,431.64,2076.36,1035.5,4112.6753,22.964853
41683.44,1088.01,36761.55,262143.0,51246.37,8322.57,18294.98,1364.52,7345.8003,121416.24,1035.5,1013666.1,2520.6177
63251.61,2727.09,92779.16,262143.0,137590.1,20808.781,45825.13,3844.22,13111.561,262143.0,1036.1,2558300.2,4192.994
85346.13,2480.6,116522.266,262143.0,169756.25,28757.691,58194.86,5478.63,24850.32,262143.0,1036.7,3212995.0,3902.6787
113332.29,4628.3604,128714.88,262143.0,191138.1,31968.342,58694.91,5345.74,27508.8,262143.0,1037.4,3549195.2,3246.3127
41092.71,1157.0901,29760.922,262143.0,42978.75,7829.5903,14916.56,1505.63,6090.4805,99291.73,1039.6,820630.2,2069.764
3473.04,171.13,84.78001,1731.7101,2187.01,744.18005,337.02,134.26,372.24002,1908.7201,1040.1,2337.7312,68.79634
26225.28,411.34003,10887.95,134944.64,16183.561,2782.04,5947.17,498.68,2758.8,36868.92,1040.9,300225.28,1186.0664
26123.49,687.66003,34701.71,262143.0,47428.133,8760.601,15211.11,1235.74,6178.9204,108948.84,1041.2,956867.94,3797.1199
14816.97,224.51001,438.03003,6936.2603,3449.29,1241.87,3867.51,457.58,1210.4401,4969.8003,1042.6,12078.277,83.52662
19829.041,301.44,210.38,2471.1802,817.97003,45.530003,1215.1901,204.13,2566.08,2834.04,1043.0,5801.036,29.33554
10144.2,298.30002,19248.201,231675.48,28230.172,3600.01,9685.9,763.09,2851.2002,63135.6,1043.2,530751.56,5424.27
60158.76,1097.43,52596.57,262143.0,70503.99,10781.19,20913.05,1822.1,6689.7603,163086.0,1043.8,1450302.4,2498.8132
53408.43,1180.64,31026.342,262143.0,48907.07,8862.65,16724.96,1374.11,6332.04,106727.28,1045.6,855523.0,1660.0005
68679.54,1723.8601,64906.94,262143.0,92620.586,14707.761,28042.53,2207.07,13565.641,214996.33,1047.1,1789749.5,2701.1704
40582.02,814.83,24132.47,262143.0,32990.41,5589.2,9557.12,839.81,3888.7202,76882.086,1049.9,665430.8,1699.267
76823.61,2048.85,77741.695,262143.0,112917.55,19478.99,39113.5,3626.39,11482.681,251407.2,1051.3,2143656.2,2892.399
26449.74,708.07,34890.11,262143.0,51370.402,9460.82,15949.54,1452.2,4931.52,108613.56,1051.4,962062.9,3770.6375
98369.164,4807.3403,177333.08,262143.0,244673.52,38399.062,74762.27,6692.45,31353.96,262143.0,1052.3,4889797.5,5153.4194
28319.371,915.31006,403.49002,4867.0,1323.51,445.88,394.56,32.88,592.68005,3759.36,1054.4,11125.868,39.737858
13628.55,263.76,4834.0303,57209.23,6958.24,1130.4,2413.94,298.66,1535.16,16980.48,1055.2,133293.97,1013.1653
44624.04,868.21,25601.99,262143.0,33736.16,5743.06,9687.2705,812.41,5169.12,82762.68,1055.6,705951.44,1639.4154
17883.72,199.39,111.47,1673.62,800.7,51.81,932.97003,147.96,1131.24,2171.4001,1055.9,3073.6833,16.8217
12440.13,54.95,54.95,1157.0901,1117.8401,249.63,186.32,45.21,415.80002,1265.88,1056.3,1515.196,11.629663
29248.53,806.98004,30817.531,262143.0,45300.78,6526.49,16364.65,1413.84,4187.04,99599.28,1056.3,849765.25,3011.6094
52722.87,1199.48,43082.37,262143.0,58669.332,8462.3,17504.49,1523.4401,7050.12,136134.25,1058.8,1187957.0,2335.4128
50119.832,954.56006,30929.002,262143.0,42440.242,7218.8604,12916.36,985.03,6981.4805,98502.37,1059.7,852838.94,1763.4335
30670.11,508.68002,16626.3,203286.75,22005.121,5220.25,6449.96,561.7,2691.4802,55310.64,1060.3,458455.03,1548.9915
24028.53,307.72,164.85,2833.85,1700.31,1142.9601,369.9,50.69,869.88,3425.4001,1060.5,4545.588,18.616014
65444.88,1475.8,73424.195,262143.0,97654.0,15996.73,26662.94,2400.24,8013.72,230615.89,1060.5,2024605.0,3206.8386
50309.492,1431.8401,58471.51,262143.0,87604.43,14199.08,28724.791,2529.02,10451.761,190449.61,1060.7,1612298.5,3322.0999
27557.25,601.31,1394.16,17116.14,3339.3901,629.57,274.0,142.48,900.24005,6759.72,1061.5,38442.688,143.65244
9809.25,183.69,75.36,1325.0801,263.76,113.04,563.07,35.62,1223.64,1391.28,1062.0,2077.9832,20.966158
8757.42,80.07,83.21,1020.50006,244.92001,54.95,693.22003,50.69,641.52,645.48004,1062.5,2294.4397,26.167418
32127.36,709.64,27895.762,262143.0,39180.92,5391.3804,14591.87,1298.76,5685.24,90891.24,1063.6,769200.1,2481.631
6676.38,94.200005,-6.28,10.990001,108.33,73.79,98.64,68.5,99.00001,112.200005,1064.6,-173.16527,-3.6894758
14930.94,189.97,211.95001,3201.2302,1395.7301,781.86005,2333.11,287.7,1017.72003,3146.8801,1065.4,5844.3276,39.587776
90513.93,2642.31,115151.66,262143.0,166181.36,27435.75,50313.25,4752.53,22198.441,262143.0,1067.0,3175201.5,3636.5063
33450.63,406.63,13848.971,170580.5,20620.38,3036.3801,7439.1,694.59,3664.32,45408.0,1067.5,381872.7,1182.756
55428.57,1690.89,57545.21,262143.0,80404.414,12614.95,24635.34,2222.14,8573.4,186258.61,1067.6,1586756.5,2967.414
57605.31,2381.6902,56381.844,262143.0,91155.77,14847.49,42298.75,3874.36,13126.08,194016.25,1068.8,1554677.8,2797.5027
29642.64,503.97003,22791.691,262143.0,32106.502,6465.2603,10950.41,926.12,4106.52,72989.41,1072.3,628460.06,2197.41
91580.55,1761.54,55698.89,262143.0,73552.93,11676.091,18441.57,1415.21,8941.681,175161.36,1073.1,1535846.0,1737.971
34855.68,535.37,254.34001,3829.2302,1780.38,508.68002,3077.02,338.39,2867.04,4131.6,1073.6,7013.1934,19.863642
52939.5,1146.1001,49546.062,262143.0,70213.54,10942.9,21726.83,1741.27,7941.12,159405.84,1074.8,1366187.4,2674.9521
74747.79,2833.85,93546.88,262143.0,126436.81,19992.38,30303.03,2848.23,12122.881,262143.0,1079.2,2579469.8,3577.3264
7585.5303,136.59001,185.26001,2300.05,1044.05,486.7,115.08,27.4,434.28003,2094.84,1079.6,5108.3755,68.83044
108877.89,2513.57,101982.49,262143.0,143485.44,20870.01,44844.21,3767.5,16835.281,262143.0,1080.3,2812074.0,2677.1501
43339.92,731.62,18354.871,222911.75,27806.271,4064.7302,11366.89,948.04,3562.6802,59642.883,1082.5,506118.78,1209.911
19877.76,299.87,100.48,1796.0801,887.05005,-43.960003,1671.4,87.68,1947.0001,2077.6802,1085.1,2770.6443,13.453107
52012.95,1034.63,34860.28,262143.0,47247.582,7366.4404,16771.541,1309.72,5318.2803,111503.05,1086.9,961240.4,1915.3215
24759.33,309.29,11712.2,143212.27,16083.08,2100.6602,5021.05,490.46,1750.3201,38042.402,1087.3,322953.22,1351.5353
32864.25,759.88,28358.91,262143.0,41845.21,5608.04,13906.87,1153.54,5439.72,93170.88,1088.5,781971.0,2466.2593
18531.87,339.12003,122.46001,1546.4501,480.42,150.72,1378.22,157.55,1392.6001,1578.7201,1088.8,3376.7227,17.894007
33998.73,759.88,15294.94,190679.64,28616.39,5414.93,18263.47,1591.9401,8000.5205,60141.844,1089.9,421744.0,1285.2758
62942.76,1843.18,34012.48,262143.0,49122.16,7834.3003,16848.26,1278.21,7212.4805,114330.484,1091.6,937863.06,1544.0463
23877.15,268.47,100.48,2069.26,910.60004,76.93,1576.87,146.59,1899.4801,2160.84,1091.7,2770.6443,11.032231
47837.82,849.37006,32301.182,262143.0,45066.85,7763.6504,15767.33,1220.67,4848.3604,104533.445,1093.7,890675.56,1929.6166
48252.81,1102.14,61300.652,262143.0,87907.445,13781.461,27661.67,2518.06,8778.0,196813.33,1095.1,1690309.4,3631.3818
46739.88,791.28,33086.18,262143.0,46577.19,7151.35,14701.47,1260.4,5270.7603,107883.6,1095.7,912321.1,2022.9884
13678.14,174.27,69.08,1703.4501,612.30005,-36.11,771.31,61.65,1680.3601,1929.8401,1096.6,1904.8179,13.440236
55083.18,1026.78,28302.39,262143.0,42101.12,7118.3804,15611.15,1512.48,6366.3604,96327.0,1098.5,780412.56,1468.106
85280.01,3105.4602,115774.945,262143.0,156150.64,24003.73,38283.28,3379.79,18844.32,262143.0,1099.5,3192388.2,3880.65
74031.78,1186.92,43832.832,262143.0,67626.18,10344.73,23961.3,2167.34,8071.8003,145372.92,1101.0,1208650.2,1691.8961
11209.08,139.73001,98.91,676.67004,496.12003,34.54,737.06,47.95,1005.84,1169.52,1101.4,2727.3528,24.230116
21790.89,403.49002,1458.53,19932.72,8418.34,3312.7002,12153.2705,1123.4,3307.9202,15026.881,1103.7,40217.633,190.37685
35731.77,888.62006,35679.82,262143.0,53855.71,8305.3,20569.18,1691.95,6193.4404,118929.37,1105.9,983838.44,2854.0725
44954.64,1127.26,48728.09,262143.0,74427.42,11475.131,26313.59,2207.07,6836.2803,160518.61,1106.5,1343632.5,3098.2305
32477.97,527.52,18157.05,225156.84,27573.91,5154.31,10799.71,1113.81,4410.12,62185.203,1109.9,500664.06,1597.4734
28267.17,833.67004,5052.2603,60917.57,6454.27,1263.8501,424.7,-12.33,652.08,17269.56,1112.9,139311.45,510.03702
43527.84,585.61005,27485.99,262143.0,40735.223,6986.5,12614.96,961.74,6530.04,93106.2,1114.7,757901.06,1804.4824
16702.26,191.54001,262.19,4361.46,1380.03,491.41,204.13,-53.43,706.2,3591.7202,1116.9,7229.6494,43.883827
19072.14,425.47,3140.0,40535.832,9539.32,2895.08,13349.28,1385.07,3703.9202,19675.92,1117.0,86582.625,469.7379
32578.89,640.56,17998.48,219630.45,27611.592,5509.1304,16572.89,1252.18,3317.1602,62779.203,1117.6,496291.62,1578.6051
74945.28,1276.41,62044.832,262143.0,85390.734,13508.28,21536.4,2263.24,8989.2,194492.77,1117.8,1710829.5,2366.0657
27029.16,549.5,18029.88,217220.5,22947.121,3501.1,5575.9,494.57,1878.3601,56873.523,1118.1,497157.47,1906.2574
60591.15,1854.17,83059.28,262143.0,116800.16,19654.83,31320.94,2772.8801,8845.32,262143.0,1118.6,2290283.8,3918.4756
55899.242,1467.9501,48398.39,262143.0,77065.02,13148.75,33912.98,2983.86,9803.641,164006.05,1118.8,1334541.4,2474.5632
85724.58,3377.07,2317.32,45487.613,25482.67,7815.4604,4081.23,948.04,8690.88,43305.242,1119.1,63897.98,76.29113
55409.43,1072.31,34514.883,262143.0,54442.89,8609.88,24065.42,1923.48,10002.96,120616.33,1120.3,951716.3,1780.032
20357.13,573.05005,6567.31,82335.516,14420.45,2818.1501,7696.66,693.22003,3183.84,30234.602,1121.9,181087.56,921.40137
35148.0,654.69,24959.861,262143.0,36916.98,4542.0103,10976.44,982.29,5290.56,84326.88,1122.4,688245.3,2029.4417
59270.492,1785.0901,89347.13,262143.0,130867.35,20593.691,42302.86,3444.18,12033.12,262143.0,1122.9,2463665.5,4309.137
26358.39,737.9,32596.342,262143.0,45453.07,7437.0903,15215.22,1201.49,3581.1602,98706.96,1123.0,898814.3,3534.8918
48865.29,1414.5701,52569.883,262143.0,79217.49,11812.681,22284.42,1845.39,8020.3203,167096.17,1123.3,1449566.4,3074.9941
20880.87,273.18002,222.94,3325.26,923.16003,75.36,1965.95,106.86,1825.56,2042.04,1123.8,6147.3667,29.527302
104248.62,3105.4602,172092.42,262143.0,241228.94,39923.53,69515.17,6421.19,19888.441,262143.0,1123.8,4745291.0,4718.983
66963.03,1395.7301,49811.39,262143.0,72058.29,10340.0205,21122.66,1709.76,9055.2,156047.77,1126.4,1373503.5,2125.878
52684.59,981.25006,27178.271,262143.0,42468.5,8041.54,19549.9,1511.11,7502.8804,93609.125,1127.2,749416.0,1473.9838
34150.98,684.52,22849.781,262143.0,31200.611,5047.5503,7982.99,575.4,6284.52,74004.484,1128.5,630061.8,1912.0569
22619.13,328.13,103.62,2645.4502,879.2,185.26001,1285.06,-1.37,1343.76,2844.6,1130.2,2857.2268,12.098352
8214.54,230.79001,65.94,797.56,229.22,274.75,127.41,-26.03,232.32,726.0,1131.6,1818.2352,21.95169
83927.164,2807.1602,88508.75,262143.0,137084.55,21804.16,46249.832,3701.74,17813.4,262143.0,1132.4,2440547.8,3014.3147
39259.62,1628.0901,60652.242,262143.0,86395.53,13209.98,25831.35,2257.76,9113.28,200356.2,1133.3,1672430.1,4416.2275
12732.45,155.43001,58.09,1891.8501,475.71002,83.21,861.73,58.91,1422.9601,1742.4,1133.8,1601.7786,12.044829
75475.11,1486.79,82990.2,262143.0,116041.84,17552.602,30308.51,2731.78,9649.2,260730.38,1134.9,2288379.0,3142.9243
13512.84,146.01001,-81.64,-26.69,-50.24,-125.600006,19.18,2.74,-27.720001,-3.96,1138.2,-2251.1482,-18.274494
11143.83,6.28,102.05,1719.15,571.48004,436.46002,58.91,43.84,492.36002,1543.0801,1138.8,2813.9355,25.18349
27049.17,560.49,28479.8,262143.0,40746.21,5400.8003,12730.04,978.18,4695.24,90043.805,1139.7,785304.44,3009.4539
24286.92,263.76,257.48,3446.1501,970.26,230.79001,1804.29,220.57,2485.56,2823.4802,1139.8,7099.776,29.312382
71900.28,2270.22,114492.25,262143.0,151131.34,25765.271,36783.13,3241.42,15560.16,262143.0,1141.6,3157019.0,4551.967
8597.34,139.73001,39.25,937.29004,328.13,197.82,500.05,-10.96,578.16003,938.52,1141.7,1082.2828,12.053428
12077.34,120.89001,98.91,1136.68,675.10004,158.57,-20.55,17.81,232.32,1582.68,1143.9,2727.3528,22.41628
54334.98,786.57,287.31,5441.62,2117.9302,714.35004,5093.66,446.62,5815.9204,6531.3604,1144.6,7922.3105,14.1189
17462.64,218.23001,155.43001,1618.67,706.5,54.95,1378.22,139.74,1565.52,2162.1602,1147.0,4285.8403,24.44919
53154.39,1124.12,46762.453,262143.0,65057.664,9735.57,20212.98,1876.9,7525.3203,148423.45,1152.3,1289431.9,2514.4004
47639.46,777.15,45055.863,262143.0,61994.594,8812.41,17030.47,1620.71,6374.2803,143359.92,1154.5,1242374.2,2703.1667
92797.68,3720.9001,61003.92,262143.0,88168.06,14462.841,22911.88,2127.61,12342.001,198860.64,1155.9,1682127.4,1878.6182
35589.96,514.96,19409.91,235374.4,26854.852,3563.9001,7252.78,894.61,3137.6401,61732.44,1156.5,535210.5,1558.355
63816.242,1571.5701,77203.18,262143.0,106205.8,16886.92,31588.09,2539.98,9725.761,244078.56,1158.3,2128807.0,3458.0188
44657.1,1281.12,51359.41,262143.0,77152.945,14045.221,31099.0,2772.8801,11821.921,173166.84,1159.2,1416188.8,3287.3535
33989.16,846.23004,35240.223,262143.0,48462.76,8377.5205,16698.93,1526.18,5101.8003,114705.37,1160.2,971716.9,2963.471
39690.27,1466.38,55331.51,262143.0,75110.375,12478.36,18000.43,1517.96,5957.16,174993.73,1160.2,1525715.9,3985.0017
45642.81,1069.17,41625.41,262143.0,58096.28,10305.48,15330.3,1464.53,5487.24,129575.164,1160.9,1147782.6,2606.5652
42859.68,830.53,27611.592,262143.0,38769.582,7030.4604,10903.83,887.76,4992.24,92398.69,1161.1,761364.4,1841.008
15364.2,485.13,15294.94,184625.72,18833.72,2629.75,1623.45,79.46,2541.0,48560.16,1162.2,421744.0,2845.3403
15151.92,160.14,5257.93,64729.53,7349.1704,1193.2001,1817.99,149.33,1388.64,17854.32,1163.5,144982.61,991.19293
46143.93,2193.29,107501.05,262143.0,156659.31,26597.371,51451.72,4267.55,17813.4,262143.0,1165.1,2964243.0,6660.1177
6522.39,102.05,62.800003,668.82,226.08,73.79,475.39,86.31,454.08002,797.28,1165.9,1731.6526,26.529726
59641.11,1175.93,35945.152,262143.0,51472.453,7702.4204,19238.91,1591.9401,7402.56,114924.484,1167.0,991154.7,1722.2313
14969.22,141.3,455.30002,5565.6504,1263.8501,452.16,161.66,0.0,545.16003,3260.4001,1167.9,12554.481,85.9656
61067.04,1466.38,51050.12,262143.0,70728.5,12717.0,25853.27,1993.35,7793.2803,163901.77,1170.0,1407660.4,2389.2258
17194.68,211.95001,114.61,1436.55,806.98004,81.64,1172.72,60.28,1478.4,2155.56,1170.5,3160.2659,18.058002
12579.33,100.48,108.33,2527.7002,1069.17,392.5,205.5,-12.33,399.96002,2769.36,1171.7,2987.1006,23.622957
20814.75,259.05002,113.04,2398.96,736.33,-6.28,1748.12,116.45,2262.48,2236.08,1172.4,3116.9746,14.527801
47038.29,1282.6901,43105.92,262143.0,60368.07,9420.0,19999.26,1633.04,6318.8403,137303.77,1172.8,1188606.4,2619.1997
54597.72,989.10004,34714.27,262143.0,50720.42,9040.061,15178.23,1333.01,7043.5205,115005.01,1173.1,957214.25,1816.9525
85998.63,2287.49,73585.91,262143.0,117398.32,19921.73,53787.57,4429.21,18939.361,251640.84,1177.0,2029064.0,2445.5386
101448.96,3144.7102,125760.14,262143.0,177047.33,27825.111,59486.77,5345.74,20527.32,262143.0,1178.9,3467720.8,3543.4133
37964.19,698.65,27475.0,262143.0,42215.73,7371.1504,13471.21,1165.87,6537.9604,95945.52,1178.9,757598.0,2068.248
100907.82,3670.6602,149832.95,262143.0,210750.53,34232.28,66917.65,6148.56,26880.48,262143.0,1181.0,4131506.5,4244.526
53664.21,756.74005,3210.6501,40082.1,6399.3203,910.60004,550.74,109.6,1552.3201,15150.961,1181.7,88530.74,170.06345
21564.69,566.77,365.81,5221.8203,893.33,301.44,139.74,0.0,312.84003,2983.2002,1181.9,10086.876,47.50219
17968.98,208.81001,106.76,2081.82,533.8,292.02002,1289.17,116.45,1392.6001,2742.9602,1183.8,2943.8093,15.987682
44757.15,858.79004,36229.32,262143.0,50886.84,6936.2603,15656.36,1343.97,5966.4004,116681.41,1186.7,998990.4,2313.4446
19227.0,270.04,120.89001,2921.77,832.10004,92.630005,1260.4,91.79,1648.68,2864.4001,1187.4,3333.4314,16.977442
35397.69,562.06,22363.08,262143.0,29633.752,4623.6504,8066.56,690.48,3194.4001,74517.96,1189.8,616641.5,1805.3657
52461.87,1180.64,41816.953,262143.0,57975.39,8798.28,19555.38,1707.02,8664.48,136245.12,1190.1,1153064.2,2278.0698
33157.44,1070.74,33390.76,262143.0,53158.633,9347.78,24235.3,1970.06,7192.68,111108.37,1190.1,920719.7,2878.3489
12851.64,199.39,590.32,8470.15,3006.55,1026.78,575.4,78.090004,872.52,5182.3203,1190.3,16277.534,130.33424
14651.67,246.49,1364.3301,17273.14,4620.5103,1288.9701,991.88,134.26,1754.28,9551.5205,1191.6,37620.152,265.2449
57817.59,1657.92,77564.28,262143.0,113327.31,19478.99,41969.95,3327.73,10346.16,253352.89,1192.6,2138764.0,3834.7542
45905.55,816.4,30836.371,262143.0,44884.73,7837.4404,13006.78,1031.61,5179.68,99843.484,1192.6,850284.75,1919.6448
55277.19,1734.8501,48448.633,262143.0,73761.74,13290.051,29439.93,2470.11,12925.44,168108.61,1192.7,1335926.8,2505.0203
262143.0,39706.87,30647.97,262143.0,261709.6,86384.54,48226.74,13161.59,87773.41,262143.0,1192.7,845089.75,333.2816
54182.73,1304.67,63999.48,262143.0,87916.86,14100.171,24755.9,2064.59,6234.3604,199899.48,1194.8,1764727.1,3376.2605
12792.48,119.32001,595.03,7647.47,2169.74,642.13,3005.78,326.06,1178.76,4402.2,1196.5,16407.408,131.99432
30472.621,612.30005,23989.602,262143.0,34667.17,5695.96,10473.65,983.66,4290.0,77940.73,1198.7,661491.3,2249.9312
14237.55,211.95001,846.23004,11126.591,4268.83,1463.24,1050.79,194.54,1280.4,7563.6,1198.9,23334.02,168.94257
43636.59,907.46,37496.312,262143.0,56386.55,9537.75,25381.99,2230.36,8462.5205,123434.52,1199.8,1033926.5,2455.896
39230.04,712.78,17400.31,211898.2,28680.762,5361.5503,14327.46,1287.8,5825.16,61791.844,1201.1,479797.66,1267.1986
51010.71,1147.67,43046.26,262143.0,59061.832,9138.971,15824.87,1372.74,8338.44,137850.25,1201.6,1186961.2,2411.8096
42610.86,695.51,30363.8,262143.0,40980.14,6515.5,11943.66,1038.46,4407.48,98904.96,1203.4,837254.0,2036.4401
129972.78,6389.9004,224974.73,262143.0,262143.0,48660.582,98683.84,9062.55,39107.64,262143.0,1204.4,6203472.5,4948.1465
50393.88,703.36005,22867.05,262143.0,33061.062,5020.8604,10403.78,1024.76,5624.52,75676.92,1205.0,630538.0,1296.4224
18581.46,178.98001,901.18005,10267.801,1447.54,712.78,50.69,8.22,475.2,3970.56,1205.2,24849.215,137.66942
49246.35,1533.89,65335.55,262143.0,93129.266,14363.931,30279.74,2829.05,8012.4004,207287.53,1207.9,1801568.0,3792.3638
19734.21,216.66,139.73001,2143.05,711.21,398.78,1374.11,86.31,1421.64,3120.4802,1208.0,3852.9272,19.245052
70898.04,1554.3,43675.832,262143.0,64570.96,10192.44,26797.2,2387.91,11919.601,145016.53,1208.5,1204321.1,1760.3918
25906.86,678.24005,26189.17,262143.0,38037.96,6576.73,13594.51,1243.96,3948.12,82319.164,1208.6,722142.4,2889.3867
27924.39,411.34003,13238.24,162521.7,17960.8,3309.56,5836.2,597.32,2625.4802,42510.6,1209.1,365032.38,1354.4875
8682.6,116.18,-76.93,-29.830002,136.59001,92.630005,65.76,-19.18,250.8,-34.32,1211.2,-2121.2744,-26.333487
29601.75,726.91003,1318.8,15919.801,2637.6,836.81,338.39,19.18,696.96,6102.3604,1211.7,36364.703,126.38272
64063.32,1482.0801,51995.26,262143.0,73890.484,11856.641,21607.64,1878.27,9102.721,165543.84,1212.5,1433721.8,2319.6162
64446.12,1207.3301,58529.6,262143.0,82566.305,14715.61,24113.37,2139.94,8640.721,185663.28,1213.2,1613900.2,2595.7358
75632.58,1609.25,79208.07,262143.0,118913.375,19282.74,33599.25,3198.95,12406.681,250365.73,1213.7,2184090.0,2993.398
51174.27,698.65,23240.71,262143.0,35213.53,5002.02,11608.01,1013.8,5305.08,75068.41,1214.6,640841.4,1297.5144
48509.46,920.02,32159.88,262143.0,43492.14,7878.2603,15331.67,1430.28,5565.12,105403.32,1215.4,886779.3,1894.5576
47347.14,665.68,1212.04,17240.17,6388.33,2442.9202,620.61,130.15,2049.96,11535.48,1215.6,33420.895,72.19344
14981.4,169.56001,679.81,7936.35,2642.31,1015.79004,323.32,4.11,868.56006,4990.9204,1217.9,18745.139,128.74306
46419.72,965.55005,51218.113,262143.0,72187.03,11749.881,22576.23,2507.1,4808.7603,160811.64,1218.7,1412292.6,3153.787
20436.3,689.23004,117.75001,1725.43,673.53,69.08,57.54,45.21,440.88,2521.2002,1218.8,3246.8486,15.474325
14187.96,486.7,521.24,6297.27,1207.3301,222.94,58.91,20.55,270.6,2872.32,1219.1,14372.716,104.04292
105144.72,5319.16,203382.52,262143.0,262143.0,49250.902,115536.21,10487.35,36637.92,262143.0,1222.5,5608087.0,5529.6367
30487.41,846.23004,35574.633,262143.0,52252.742,7163.91,15483.74,1334.38,5545.3203,115147.56,1222.6,980937.94,3335.329
34865.25,624.86005,20077.16,241170.84,27809.41,3716.1902,8328.23,700.07,3663.0002,63800.883,1223.4,553609.3,1645.4877
20806.92,299.87,125.600006,2144.62,865.07,117.75001,1398.77,138.37,1294.92,2816.8801,1226.2,3463.3052,16.259605
43332.09,971.83,37378.562,262143.0,51737.78,7190.6,14064.42,1211.08,4440.48,113979.37,1226.6,1030679.7,2465.391
35970.15,780.29004,39892.133,262143.0,55183.934,8828.11,15430.31,1256.29,8521.92,129548.766,1227.1,1099989.1,3169.984
28489.89,375.23,160.14,3235.77,1202.62,219.8,1974.17,138.37,3492.7202,3602.28,1227.2,4415.714,15.07156
29399.91,409.77002,13079.671,159747.5,20138.39,2599.9202,6471.88,774.05,3884.7603,42241.32,1227.2,360659.97,1271.0372
66813.39,1364.3301,45165.76,262143.0,63514.35,10542.551,21659.7,1470.01,9399.721,143985.61,1229.4,1245404.6,1931.8352
16975.44,248.06001,47.100002,1818.06,673.53,296.73,1411.1,149.33,972.84,1422.9601,1230.3,1298.7395,6.933209
61475.94,1938.9501,62691.67,262143.0,88489.914,13571.08,27846.62,2645.47,10364.641,196347.38,1231.7,1728665.5,2914.7727
33160.05,1684.6101,2012.7401,25374.342,4750.8203,1369.04,521.97003,86.31,1448.04,12863.4,1231.8,55499.47,172.54877
15918.39,249.63,86.350006,2059.84,442.74002,111.47,76.72,41.1,390.72,1355.64,1231.8,2381.0225,14.5100155
116972.37,3592.1602,141610.86,262143.0,199983.47,31660.621,59392.24,5159.42,24961.201,262143.0,1232.3,3904790.0,3460.4834
176170.66,6871.89,172453.52,262143.0,245392.58,37727.1,75808.95,7171.95,31520.281,262143.0,1233.0,4755248.0,2797.9006
13304.04,70.65,270.04,4215.45,1455.39,690.80005,4.11,75.35,736.56006,3022.8,1233.7,7446.1064,57.03548
26859.51,307.72,194.68001,3819.81,1158.66,188.40001,1776.89,190.43001,2894.76,3442.56,1234.0,5368.123,19.723936
21770.88,434.89,1201.05,15524.16,6221.91,1953.0801,10642.16,1049.42,2056.56,11827.2,1235.0,33117.855,156.73718
46558.05,1053.4701,33896.3,262143.0,56903.082,10801.601,31366.15,2335.85,9422.16,119507.52,1235.4,934659.5,2080.6443
17473.08,288.88,122.46001,2198.0,758.31,146.01001,769.94,178.1,1127.28,2552.8801,1236.5,3376.7227,19.038897
20015.22,389.36002,1673.62,20238.871,2521.4202,518.10004,83.57,-63.02,411.84003,6615.8403,1237.1,46148.54,238.0812
4843.29,78.5,98.91,1824.3401,1604.54,178.98001,200.02,69.87,245.52,1636.8,1237.3,2727.3528,57.391376
14139.24,409.77002,303.01,4766.52,2373.84,899.61005,421.96,52.06,951.72003,5327.52,1238.6,8355.224,60.274513
63014.1,2697.26,-67.51,171.13,186.83,-70.65,384.97,0.0,364.32,162.36,1239.3,-1861.5266,-4.0632286
3634.86,86.350006,-26.69,119.32001,12.56,4.71,15.07,-8.22,56.760002,-55.440002,1239.4,-735.95233,-21.994709
36237.24,321.85,285.74002,4932.94,2836.99,774.01,408.26,165.77,1275.12,5860.8003,1240.9,7879.0195,21.545763
36749.67,664.11005,20744.41,253071.45,26876.83,4260.98,2581.08,316.47,2229.48,66939.84,1241.9,572008.1,1612.9744
63730.98,1555.87,62669.69,262143.0,93188.92,15305.931,29516.65,2690.68,9742.92,202771.81,1241.9,1728059.4,2810.6155
23652.69,342.26,11409.19,140158.61,15528.87,1880.8601,4399.07,361.68,2247.9602,36549.48,1242.2,314598.0,1378.1875
27545.07,529.09,19923.3,241382.8,26967.89,4293.95,8303.57,678.15,3565.32,63245.164,1242.8,549366.8,2067.0757
59695.92,1862.02,85618.38,262143.0,121375.13,19657.97,36943.42,3115.3801,8746.32,262143.0,1244.3,2360848.5,4099.8257
34647.75,406.63,16061.101,194328.33,22389.771,3432.02,5523.84,354.83,3723.7202,53465.28,1245.1,442870.16,1324.407
62544.3,1650.0701,45542.562,262143.0,68963.82,11225.5,20739.06,1601.53,8734.44,148474.92,1245.9,1255794.5,2080.9902
15715.68,238.64001,87.920006,1884.0001,405.06003,61.230003,1031.61,69.87,1149.7201,2015.6401,1246.7,2424.3137,14.99571
68721.3,1406.7201,52406.6,262143.0,77821.766,13216.261,26779.39,2594.78,14315.4,180667.1,1248.2,1445064.1,2179.4375
28241.94,770.87006,44908.28,262143.0,72505.74,12592.971,26699.93,2359.14,7831.5605,146047.45,1249.9,1238304.8,4545.5386
76242.45,1573.14,64674.582,262143.0,92790.14,14530.351,32321.041,2764.66,11143.44,209078.77,1251.0,1783342.5,2424.4133
6935.64,122.46001,7.8500004,-17.27,-20.41,-10.990001,137.0,82.2,-46.2,120.12,1253.5,216.45657,2.2361758
50724.48,893.33,26069.852,262143.0,34404.98,5680.2603,9942.09,802.82,3808.2002,82336.32,1257.3,718852.3,1468.5011
18255.21,284.17,164.85,1937.38,786.57,445.88,1549.47,49.32,957.00006,1895.52,1259.4,4545.588,24.819695
62010.992,1422.42,49566.473,262143.0,72907.664,11399.7705,24521.63,2400.24,9609.601,161637.97,1261.3,1366750.1,2284.4321
49315.95,898.04004,34226.0,262143.0,48432.93,8099.6304,14939.85,1330.27,5905.68,109257.73,1263.9,943750.6,1983.3475
56768.37,1821.2001,65286.883,262143.0,96831.32,15539.86,33799.27,2693.42,10039.92,210105.73,1264.0,1800226.1,3287.2778
13603.32,95.770004,535.37,6969.2305,1383.17,244.92001,31.51,42.47,568.92004,3845.1602,1264.3,14762.338,111.52734
21174.06,334.41,303.01,3757.01,3204.37,1120.98,5989.64,537.04,1449.3601,5941.3203,1264.6,8355.224,39.916813
6657.24,246.49,-18.84,1830.6201,3567.04,1824.3401,138.37,-12.33,201.96,11568.48,1267.6,-519.4958,-9.091623
78305.22,2072.4001,87117.734,262143.0,123080.16,21573.371,45216.85,4274.4,17229.96,262143.0,1268.9,2402191.8,3180.0085
42096.69,890.19,34431.67,262143.0,48037.293,7914.37,12813.61,1057.64,4616.04,111446.28,1270.0,949421.9,2337.6172
33452.37,635.85004,25576.871,262143.0,36912.27,5512.27,11755.97,987.77,4506.48,83909.766,1270.1,705258.8,2185.0974
21678.66,326.56,163.28,2794.6,2078.6802,615.44,3555.15,316.47,1119.36,3612.84,1270.3,4502.2964,20.53523
64961.16,1153.9501,46217.66,262143.0,63438.992,9922.4,16924.98,1502.89,9275.641,146611.08,1271.7,1274409.8,2033.2448
70255.98,2009.6001,69888.555,262143.0,96821.91,16977.98,34726.76,3078.39,15825.48,231236.3,1272.5,1927113.0,2843.2764
95050.11,3056.79,154522.55,262143.0,211281.19,30081.201,62265.13,5760.85,21160.92,262143.0,1274.1,4260818.0,4647.237
58448.34,1474.2301,51393.953,262143.0,69464.65,12569.421,22387.17,2064.59,8487.601,168750.12,1274.8,1417141.2,2513.1365
50015.43,1422.42,62060.53,262143.0,88937.36,14235.19,27242.45,2411.2,7659.9604,193226.89,1275.7,1711262.4,3546.8108
16426.47,257.48,662.54004,7212.58,1212.04,381.51,152.07,32.88,260.04,2834.04,1276.1,18268.936,114.32325
29714.85,560.49,27079.361,262143.0,39823.05,6623.83,14590.5,1383.7,4386.3604,85689.125,1276.4,746688.6,2604.6367
55171.92,1632.8,60328.82,262143.0,90301.695,15646.62,36805.05,3126.34,11697.841,202307.17,1276.4,1663512.0,3125.4805
57118.98,1292.11,36475.812,262143.0,54365.96,8941.15,18062.08,1296.02,7064.64,120794.52,1277.1,1005787.2,1824.8854
59171.31,1182.2101,35613.883,262143.0,49098.613,7840.58,14956.29,1522.07,6242.2803,116787.01,1277.7,982020.25,1719.906
36927.15,584.04004,17004.67,209182.1,23664.611,4553.0,8821.43,876.8,3342.2402,55717.203,1280.3,468888.22,1315.6533
63431.7,1350.2001,48109.51,262143.0,62239.51,9374.471,14260.33,1253.55,7431.6,149780.4,1282.8,1326575.8,2167.5708
4093.35,301.44,2783.61,33462.98,4130.67,257.48,20.55,-54.8,472.56003,10636.561,1287.0,76755.5,1943.368
19392.3,222.94,529.09,7201.5903,1307.81,235.50002,36.99,-27.4,67.32,2917.2002,1287.8,14589.174,77.00981
35422.05,770.87006,31770.521,262143.0,45201.87,5976.99,13283.5205,1252.18,4656.96,103160.64,1288.3,876043.06,2563.4817
13584.18,260.62,160.14,1807.0701,475.71002,193.11,283.59,21.92,378.84003,1360.92,1289.1,4415.714,32.706635
40709.04,791.28,25900.291,262143.0,36522.91,5969.14,12657.43,1231.63,4815.3604,82317.84,1290.6,714176.8,1818.126
36351.21,549.5,16982.691,208144.33,26655.46,4330.06,8874.86,839.81,4077.4802,55149.6,1291.0,468282.2,1334.7853
16192.44,218.23001,620.15,7418.2505,1191.63,157.0,-12.33,49.32,199.32,3105.9602,1291.5,17100.07,108.504875
30570.93,686.09,150.72,3136.86,1295.25,533.8,93.16,49.32,595.32,3079.56,1293.4,4155.9663,13.0964985
51800.67,951.42004,42680.453,262143.0,58845.17,9076.17,18451.16,1526.18,6366.3604,133318.69,1294.1,1176874.5,2354.8228
12406.2,649.98004,13571.08,165773.17,26165.621,4526.31,14442.54,1231.63,5005.4404,53279.164,1294.9,374210.12,3126.6968
15381.6,199.39,73.79,1551.16,781.86005,109.9,617.87,46.58,835.56006,1601.16,1296.9,2034.6918,12.716555
67396.29,1538.6001,56366.14,262143.0,77011.64,11994.801,25602.56,2128.98,9567.36,181469.64,1297.0,1554244.8,2390.285
18397.89,257.48,89.490005,2199.57,659.4,64.37,1208.34,131.52,1495.56,2427.48,1297.1,2467.605,12.907705
70822.35,1697.17,57575.043,262143.0,86293.484,14447.141,34726.76,2887.96,11218.681,190845.61,1299.6,1587579.1,2323.411
30594.42,488.27002,20433.55,249504.4,26104.39,4020.77,4433.32,516.49,3501.9602,64408.082,1301.0,563436.5,1908.6361
42149.76,717.49005,27024.41,262143.0,38331.55,5922.04,12276.57,1069.97,4243.8003,88070.41,1301.5,745173.4,1832.201
39548.46,540.08,22326.97,262143.0,31012.21,5284.62,10005.11,935.71,5326.2,73234.92,1303.2,615645.8,1613.1698
7040.04,158.57,-3.14,748.89,182.12001,-72.22,234.27,67.13,526.68,776.16003,1303.9,-86.582634,-2.2752743
14870.91,166.42,246.49,3011.26,1312.52,628.0,1637.15,232.9,710.16003,3065.04,1304.4,6796.7363,46.392624
4399.59,97.340004,-36.11,81.64,17.27,-32.97,4.11,-20.55,30.36,-221.76001,1305.0,-995.70026,-24.467365
22545.18,339.12003,108.33,1926.39,816.4,458.44,1543.99,160.29,1957.56,1906.0801,1306.4,2987.1006,12.738648
40865.64,1127.26,37347.16,262143.0,61470.21,9944.38,29191.96,2500.25,8058.6,126591.97,1306.8,1029813.75,2612.0532
29723.55,533.8,15334.19,183189.17,20720.861,2986.1401,5104.62,482.24,3375.2402,50354.043,1307.1,422826.28,1474.0582
50926.32,1095.86,32877.37,262143.0,48274.363,8120.04,22648.84,2026.23,6078.6,107630.164,1307.2,906563.44,1844.8813
79113.45,1841.6101,69736.266,262143.0,95741.74,15813.041,33334.84,2860.56,13151.16,223639.69,1308.2,1922913.8,2519.3296
40590.72,1130.4,37983.01,262143.0,56694.273,10969.591,24291.47,2075.55,8879.641,127065.84,1308.7,1047346.8,2674.5413
76223.31,2026.8701,94955.17,262143.0,131542.45,21430.5,40302.66,3459.25,12825.12,262143.0,1308.8,2618302.0,3560.8843
37188.15,761.45,35395.652,262143.0,51758.19,7614.5005,16731.81,1463.16,8491.561,115563.37,1312.1,976002.75,2720.4126
13492.83,177.41,54.95,1381.6001,475.71002,37.68,1256.29,110.97,1573.4401,1851.9601,1312.5,1515.196,10.644307
56001.9,1075.4501,43068.242,262143.0,58031.91,9401.16,18553.91,1830.32,6016.56,136725.61,1312.8,1187567.4,2197.8894
31365.24,508.68002,19504.111,237643.06,27101.342,4735.12,7263.74,639.79,3215.52,63744.12,1315.7,537808.0,1776.9786
13598.97,150.72,102.05,1775.67,524.38,172.70001,1098.74,120.56,727.32,953.04004,1317.5,2813.9355,20.456358
59505.39,1205.76,32327.871,262143.0,50649.773,7586.24,15716.64,1487.82,7395.9604,110613.37,1318.5,891411.5,1552.3517
34278.87,717.49005,22272.021,262143.0,29793.89,4381.87,10905.2,895.98,3385.8,71113.68,1319.1,614130.6,1856.728
34455.48,901.18005,42627.07,262143.0,58900.12,10325.891,16822.23,1333.01,4967.16,132025.08,1319.2,1175402.5,3536.335
37713.63,461.58002,3735.03,43981.98,5466.74,711.21,167.14,-46.58,756.36005,14490.961,1320.0,102990.04,282.1684
39202.2,708.07,19446.021,233628.56,26699.42,3446.1501,7982.99,734.32,3978.4802,62148.242,1321.6,536206.25,1417.304
14079.21,219.8,50.24,1070.74,288.88,87.920006,1122.03,49.32,1403.16,1734.4801,1324.3,1385.3221,9.202824
132169.53,6765.1304,262143.0,262143.0,262143.0,60672.652,123452.07,11268.25,44601.48,262143.0,1328.4,7228353.5,5669.951
26382.75,279.46002,12847.311,155464.55,17318.67,3318.9802,6062.25,452.1,2996.4001,40091.043,1328.8,354252.84,1391.3267
73989.15,5436.91,99500.32,262143.0,146507.69,24484.15,41986.39,3878.47,15102.12,262143.0,1329.8,2743630.2,3844.0806
108240.18,2350.29,101467.53,262143.0,141928.0,22061.64,44478.42,4009.99,15381.961,262143.0,1330.5,2797874.2,2679.3257
31844.61,458.44,18693.99,229546.56,25556.46,4592.25,7621.31,502.79,4225.3203,61611.004,1331.5,515469.7,1677.4757
33795.15,450.59003,14943.261,180422.84,21656.58,2749.07,5233.4,583.62,4020.7202,49003.684,1331.7,412046.75,1263.2705
16649.19,166.42,260.62,2987.7102,1937.38,593.46,323.32,47.95,864.60004,3754.08,1334.0,7186.358,43.757275
86524.11,3769.57,186045.0,262143.0,262017.31,38994.09,80862.88,7100.71,28713.96,262143.0,1334.1,5130020.5,6146.943
57252.09,1235.5901,35453.742,262143.0,51758.19,8784.15,23162.59,1989.24,10033.32,116688.01,1334.2,977604.5,1769.597
10607.04,153.86,53.38,1001.66003,463.15002,128.74,780.9,113.71,1063.92,942.48004,1334.7,1471.9047,13.389091
23001.06,320.28,116.18,1838.4701,938.86005,309.29,1956.36,158.92,1515.3601,2315.28,1334.9,3203.5571,13.442171
14661.24,125.600006,142.87001,1846.3201,649.98004,76.93,52.06,-24.66,660.0,1989.2401,1335.1,3939.5098,26.862453
21209.73,543.22003,22885.89,262143.0,36893.43,6732.16,14865.87,1189.16,4819.3203,76140.24,1335.9,631057.5,3084.1882
58673.67,2595.2102,81029.27,262143.0,111429.19,16568.21,31793.59,2763.29,14092.32,255524.3,1336.7,2234308.0,3947.641
56298.57,1153.9501,36926.402,262143.0,53276.383,7525.0103,15564.57,1394.66,5957.16,117301.805,1336.9,1018211.75,1874.3772
18509.25,235.50002,105.19,2100.6602,719.06,230.79001,1680.99,34.25,1947.0001,2618.8801,1337.0,2900.518,15.2493
8637.36,811.69,541.65,14806.671,25320.96,13045.131,1326.16,402.78,330.0,20437.56,1337.5,14935.504,178.30266
52501.89,1029.92,31316.791,262143.0,46570.91,8521.96,13879.47,1289.17,5084.64,103122.37,1338.4,863531.9,1704.4984
68613.42,1607.68,63140.69,262143.0,89455.46,14101.74,26924.61,2035.82,9806.28,200257.2,1340.0,1741046.8,2630.1719
14883.09,742.61005,1.57,28.26,-43.960003,-81.64,110.97,-15.07,121.44,14.52,1341.4,43.291317,-0.6983832
36499.98,662.54004,24796.58,262143.0,36251.3,5510.7,11199.75,886.39,4725.6,80172.84,1341.5,683743.0,1941.4424
64639.26,1684.6101,76506.1,262143.0,106979.805,16398.65,30564.7,2637.25,9616.2,242451.02,1345.3,2109585.8,3383.1428
17872.41,204.1,163.28,1623.38,1131.9701,530.66003,102.75,-10.96,541.2,2344.32,1346.5,4502.2964,25.121544
34445.91,604.45,31180.201,262143.0,40991.133,5961.29,9435.19,830.22003,4551.3604,97870.086,1346.5,859765.5,2587.1545
25857.27,795.99005,28316.521,262143.0,43843.82,7641.1904,17405.85,1454.9401,5517.6,95046.6,1347.7,780802.2,3130.167
57211.2,1169.65,43992.973,262143.0,64478.332,11170.551,24773.71,1974.17,9614.881,140759.53,1350.5,1213066.0,2197.6255
64220.79,1565.29,57388.21,262143.0,80883.266,14729.74,26973.93,2064.59,13891.681,185364.97,1350.8,1582427.4,2554.0303
50943.72,1067.6,38829.242,262143.0,53675.16,7677.3003,17203.09,1659.07,6007.3203,126133.92,1351.8,1070680.9,2178.3013
19584.57,530.66003,7882.97,98302.414,16736.201,3554.4802,13669.86,1382.33,5921.52,35876.28,1353.2,217365.69,1149.8662
11205.6,102.05,98.91,1389.4501,634.28,92.630005,738.43,68.5,1009.80005,1326.6001,1354.2,2727.3528,24.237951
58908.57,1568.43,98154.836,262143.0,134746.83,18469.48,30076.98,2578.34,8847.96,262143.0,1357.1,2706529.8,4763.1147
50990.7,1474.2301,50084.57,262143.0,73695.805,12395.15,34251.37,2927.69,9847.2,166193.28,1357.7,1381036.2,2807.4197
22679.16,285.74002,6057.06,74096.16,8616.16,1910.6901,3571.59,271.26,2537.04,21663.842,1357.8,167017.89,762.6316
12392.28,218.23001,62.800003,1237.16,458.44,167.99,634.31,98.64,1037.52,1531.2001,1359.1,1731.6526,13.4896345
26146.98,373.66,13085.95,159747.5,18764.64,3199.6602,4963.5103,576.77,3148.2002,42989.76,1359.9,360833.1,1429.9772
62334.63,1128.8301,55253.01,262143.0,75174.74,10416.95,20092.42,1839.91,7130.64,170918.89,1361.5,1523551.2,2533.4023
86571.96,2427.22,103359.38,262143.0,161196.61,26443.512,63346.06,5477.2603,21270.48,262143.0,1362.1,2850040.5,3412.6711
15947.97,169.56001,660.97003,8079.22,2227.83,1029.92,171.25,23.29,798.60004,5091.24,1362.6,18225.645,117.50192
10756.68,128.74,56.52,849.37006,207.24,169.56001,752.13,34.25,1009.80005,868.56006,1366.7,1558.4873,14.023562
98076.84,3238.9102,140615.48,262143.0,196867.02,31172.352,61684.25,5347.11,22103.4,262143.0,1367.4,3877343.2,4098.3564
36907.14,1367.4701,71441.28,262143.0,96887.84,17081.6,25786.14,2134.46,7728.6,218232.97,1367.4,1969928.0,5533.6206
44390.01,877.63,33783.26,262143.0,48060.84,7140.3604,12612.22,1168.61,5177.04,114450.6,1367.8,931542.56,2175.0322
15862.71,183.69,26.69,1353.3401,882.34,150.72,1241.22,2.74,1155.0,2311.32,1368.3,735.95233,3.810832
18007.26,238.64001,3176.11,37968.883,3921.86,587.18,926.12,-41.1,1638.1201,10529.641,1370.1,87578.33,503.3092
66079.98,2128.9202,73893.625,262143.0,98977.516,16375.101,22892.7,2008.42,12484.561,237312.25,1370.3,2037549.1,3196.32
14015.7,171.13,117.75001,1651.64,1033.06,315.57,142.48,1.37,520.08,1883.64,1370.9,3246.8486,23.021223
60906.96,2422.51,86408.09,262143.0,117264.875,19132.021,35481.63,3266.08,19509.602,262143.0,1372.9,2382624.2,4055.36
68500.32,1358.05,62498.562,262143.0,86517.99,13503.57,21969.32,2193.37,7147.8003,196880.64,1375.4,1723340.8,2607.7139
53363.19,1106.8501,49483.26,262143.0,67951.17,11492.4,16052.29,1612.49,4771.8003,149540.17,1375.6,1364455.6,2650.3406
35034.03,604.45,303.01,5259.5,2171.31,654.69,3022.22,315.1,3600.9602,6470.64,1379.7,8355.224,23.72953
17331.27,263.76,83.21,1216.75,557.35004,185.26001,1523.4401,154.81,1152.36,1322.64,1381.0,2294.4397,12.727585
14015.7,136.59001,26.69,186.83,21.980001,-7.8500004,65.76,-45.21,121.44,64.68,1381.6,735.95233,4.4448104
31774.14,535.37,20124.26,246772.61,28077.88,4634.64,7795.3,560.33,3116.52,64257.6,1383.2,554908.06,1809.9026
35021.85,730.05005,28228.602,262143.0,39008.223,6501.37,12364.25,926.12,4119.72,88709.28,1383.6,778377.9,2303.6196
87625.53,2413.09,92044.39,262143.0,133178.39,23958.201,43789.31,4004.51,17726.281,262143.0,1383.7,2538039.8,3002.417
21944.01,296.73,664.11005,7444.9404,1474.2301,208.81001,83.57,15.07,293.04,3805.56,1384.5,18312.227,85.531265
29234.61,737.9,26311.63,262143.0,36783.53,6361.64,12671.13,1090.52,4085.4001,82827.37,1384.8,725519.1,2572.3535
12543.66,111.47,75.36,1238.73,428.61002,135.02,1102.85,116.45,1338.4801,951.72003,1385.3,2077.9832,16.177725
17468.73,277.89,6182.66,74524.766,8548.65,1042.48,2998.93,228.79,2155.56,19980.84,1385.6,170481.2,1010.9593
8569.5,102.05,18.84,623.29004,412.91,73.79,515.12,2.74,698.28,467.28003,1388.1,519.4958,5.2860007
41083.14,612.30005,27511.111,262143.0,37802.46,5562.5103,10628.46,1024.76,4028.6401,88014.96,1390.8,758593.75,1913.6682
12629.79,615.44,-26.69,78.5,92.630005,-17.27,-5.48,79.46,2.64,48.84,1391.5,-735.95233,-7.042288
54191.43,990.67004,38389.64,262143.0,55928.113,8656.98,19264.94,1464.53,5963.7603,122241.24,1392.8,1058559.2,2024.501
11931.18,213.52,106.76,706.5,703.36005,400.35,67.13,-46.58,360.36002,1166.88,1393.8,2943.8093,24.584337
56341.2,2105.37,88965.625,262143.0,122237.06,18693.99,28305.57,2775.62,9416.881,262143.0,1394.2,2453145.8,4513.8687
62880.12,1675.1901,57320.703,262143.0,78619.32,11162.7,24213.38,2272.83,9238.681,187160.17,1394.6,1580566.0,2605.4365
38009.43,562.06,241.78001,5165.3003,2439.78,229.22,3497.61,474.02,4249.08,6370.3203,1394.6,6666.863,17.18771
35241.96,697.08,25562.74,262143.0,36679.91,4818.33,11749.12,839.81,3420.12,79170.96,1397.3,704869.2,2072.9407
32323.11,855.65,766.16003,10321.181,4053.7402,1565.29,657.6,41.1,1098.24,6700.3203,1398.2,21126.162,66.77279
14537.7,196.25,164.85,2920.2002,1358.05,574.62,142.48,31.51,621.72003,3223.4402,1398.4,4545.588,31.42218
45310.47,1179.0701,52916.85,262143.0,84907.17,14136.28,30879.8,2697.53,9230.761,174859.1,1398.7,1459133.8,3338.215
3178.98,-12.56,26.69,23.550001,-62.800003,23.550001,-15.07,50.69,35.640003,126.72,1400.5,735.95233,23.005445
41660.82,626.43,350.11002,5721.08,2398.96,629.57,4166.17,372.64,3789.7202,5946.6,1401.4,9653.964,23.028448
46882.56,1182.2101,5838.83,70216.68,11902.17,3662.81,2690.68,295.92,2888.1602,26722.082,1405.1,161000.39,355.09305
15921.87,233.93001,119.32001,1413.0,758.31,105.19,719.25,147.96,1312.0801,1791.2401,1406.7,3290.1401,20.427338
16691.82,222.94,686.09,9346.21,3199.6602,1241.87,1638.52,228.79,1503.4801,7382.7603,1412.9,18918.305,116.52396
50046.75,935.72003,30580.46,262143.0,40779.18,6298.8403,12224.51,1160.39,6438.9604,96423.37,1413.6,843228.25,1746.0977
16808.4,260.62,5724.22,70097.36,7749.52,1433.41,1838.54,221.94,1980.0001,20394.0,1413.7,157840.14,972.7309
53471.07,996.95,39604.82,262143.0,54590.473,8653.84,18351.15,1600.16,6951.12,124968.37,1416.0,1092066.8,2116.767
40647.27,1185.3501,52945.113,262143.0,80779.64,14991.931,34493.86,3422.26,8648.641,178731.97,1416.2,1459913.1,3723.29
77764.08,4713.14,3304.85,62680.684,33089.32,11247.48,5604.67,1715.24,11575.08,61979.28,1416.3,91128.22,120.51272
5179.98,270.04,6881.31,82453.266,9426.28,1731.7101,145.22,95.9,570.24005,22945.56,1417.9,189745.83,3797.3245
63927.6,1095.86,50434.684,262143.0,67090.81,11190.96,16444.11,1352.1901,6118.2,158390.77,1419.5,1390690.2,2254.7444
16586.55,193.11,131.88,1979.77,852.51,458.44,1423.43,143.85,1422.9601,2178.0,1420.3,3636.4705,21.733791
39503.22,918.45,30969.82,262143.0,44088.742,6225.0503,13542.45,1135.73,6951.12,99323.41,1421.3,853964.44,2240.585
12608.04,73.79,350.11002,4786.93,1938.9501,874.49005,1126.14,168.51,666.60004,3438.6,1422.5,9653.964,78.39735
44062.02,1361.1901,40160.6,262143.0,60044.652,9840.761,21093.89,1683.73,9407.641,133244.77,1424.4,1107391.9,2605.0625
17635.77,318.71002,131.88,1975.06,615.44,243.35,959.0,34.25,1836.1201,2199.12,1424.9,3636.4705,20.381271
20277.96,299.87,131.88,2047.28,1022.07,411.34003,1427.54,90.42,1825.56,3063.7202,1426.4,3636.4705,17.59532
14973.57,229.22,65.94,1909.1201,434.89,50.24,693.22003,83.57,1032.24,1990.56,1427.2,1818.2352,11.591358
11924.22,514.96,1460.1001,19067.65,6101.02,1734.8501,8809.1,827.48,1605.1201,8766.12,1429.2,40260.926,349.10773
23994.6,248.06001,171.13,2786.75,890.19,207.24,1437.13,106.86,1634.16,3391.08,1429.2,4718.7534,19.392086
86591.97,2092.81,102227.414,262143.0,142256.14,23278.39,42639.88,3792.16,14840.761,262143.0,1432.0,2818827.5,3374.5051
52628.91,778.72003,22188.81,262143.0,33178.812,4752.39,7952.85,820.63,6078.6,74400.484,1433.0,611836.1,1204.4762
60656.4,1792.9401,72956.336,262143.0,103846.086,15517.881,31667.55,3059.21,11359.921,231762.97,1433.6,2011704.2,3438.0254
61154.91,1066.03,32792.59,262143.0,48233.543,7691.43,18882.71,1565.91,7318.08,107892.84,1434.5,904225.7,1532.1808
10858.47,331.27002,1978.2001,26994.58,8972.551,1775.67,12350.55,1105.59,4004.8801,14021.041,1437.0,54547.06,519.89545
35114.94,642.13,22113.451,262143.0,30211.512,4485.49,7632.27,734.32,5272.08,70679.41,1437.3,609758.2,1799.5847
25707.63,562.06,19084.92,238943.02,31400.002,4651.91,14764.49,1408.36,5723.52,66231.0,1439.6,526249.2,2121.6445
59516.7,1783.52,44663.363,262143.0,73694.234,13790.881,35062.41,3327.73,15354.24,157321.56,1441.4,1231551.4,2144.6633
12432.3,83.21,284.17,3190.24,839.95,416.05002,167.14,38.36,492.36002,2009.04,1442.7,7835.728,64.35454
15762.66,185.26001,43.960003,1317.2301,665.68,135.02,1256.29,124.67,1473.1201,2189.8801,1444.1,1212.1569,6.9740176
19520.19,292.02002,117.75001,2050.4202,585.61005,177.41,1498.78,124.67,1657.92,1999.8,1444.2,3246.8486,16.24749
21655.17,237.07,172.70001,2885.6602,1508.77,752.03,189.06,-4.11,904.2,3538.9202,1449.2,4762.045,21.802359
56625.69,1442.8301,40031.863,262143.0,57061.652,9014.94,19036.15,1939.92,11635.801,133956.25,1451.3,1103842.0,2020.3489
90685.32,4041.1802,105519.7,262143.0,149862.78,24199.98,44803.11,4130.55,18722.88,262143.0,1452.3,2909609.2,3325.9446
43910.64,708.07,20599.97,250981.78,26109.102,4124.39,7191.13,626.09,6108.9604,68126.52,1454.5,568025.4,1340.3615
60684.242,1488.3601,65830.1,262143.0,91171.48,14389.051,26158.78,2061.85,8411.04,208633.92,1455.9,1815204.9,3100.6843
13936.53,282.6,511.82,5879.6504,1149.24,243.35,241.12,-23.29,311.52002,2662.4402,1456.7,14112.969,104.005394
30945.9,466.29,19328.271,234922.25,25952.102,3733.4602,6684.23,900.09,3001.6802,61461.844,1457.2,532959.4,1784.825
17007.63,503.97003,317.14,4248.42,918.45,65.94,84.94,-16.44,500.28003,2024.8801,1458.3,8744.846,52.315834
77292.54,1505.63,50984.184,262143.0,70069.1,9749.7,20239.01,1833.06,11287.32,164379.61,1463.5,1405842.2,1885.0226
8395.5,127.170006,-29.830002,10.990001,230.79001,177.41,-26.03,102.75,195.36,307.56,1463.9,-822.53503,-11.159111
33781.23,565.2,16167.86,196138.53,19645.41,3041.09,2723.56,167.14,3135.0002,51452.28,1464.0,445813.97,1367.441
21825.69,555.78,12348.051,153042.03,24151.31,5085.23,17686.7,1433.02,4996.2,47657.28,1466.6,340486.22,1616.631
38284.35,2376.98,83388.984,262143.0,120734.57,18518.15,49076.14,4420.99,13207.921,262143.0,1468.3,2299375.0,6226.8247
20094.39,288.88,516.53,5485.58,1615.53,703.36005,65.76,34.25,417.12003,3548.1602,1470.8,14242.843,72.497025
19455.81,362.67,117.75001,2819.7202,736.33,406.63,1169.98,195.91,1622.28,2877.6,1470.9,3246.8486,16.30456
29158.92,536.94,16263.631,198159.12,21970.58,3532.5,6699.3,590.47003,2960.76,52616.523,1473.4,448454.75,1593.759
42840.54,795.99005,34442.66,262143.0,46329.133,7487.33,10677.78,848.03,5485.9204,108688.805,1473.9,949724.9,2297.7449
54055.71,1945.2301,88191.61,262143.0,120734.57,18934.201,35739.19,3246.9,12747.24,262143.0,1474.7,2431803.0,4663.818
22053.63,295.16,183.69,2711.3901,659.4,98.91,1679.62,95.9,1717.3201,2312.6401,1475.1,5065.084,22.81521
7473.3,-10.990001,-67.51,20.41,75.36,10.990001,1.37,9.59,-43.56,178.20001,1475.2,-1861.5266,-26.828829
33008.67,954.56006,24576.781,262143.0,42357.03,8357.11,19245.76,1705.65,6452.16,87068.52,1475.3,677682.25,2127.8542
42405.54,1474.2301,45332.18,262143.0,71428.72,13627.601,31679.88,2611.22,10731.601,152907.48,1475.8,1249993.4,3055.5605
84013.29,1810.2101,6053.9204,78435.63,17244.88,3570.1802,17857.95,1543.99,12549.24,37352.043,1476.6,166931.31,205.03343
36281.61,604.45,17117.71,207199.19,22815.24,4016.06,5566.31,597.32,3399.0002,56090.76,1478.9,472005.22,1347.9882
42436.86,846.23004,31633.932,262143.0,46478.28,7146.64,14257.59,1298.76,5697.12,102065.05,1479.3,872276.75,2130.3706
21033.12,481.99002,20350.34,245392.58,28434.271,4888.98,9642.06,878.17,4064.2803,67581.36,1480.1,561142.0,2765.4128
107940.9,2904.5,144603.28,262143.0,193293.7,29727.951,48074.67,4674.44,17823.96,262143.0,1483.0,3987303.2,3829.3735
91984.234,2139.9102,88412.984,262143.0,130109.05,20285.97,51362.67,4482.64,15673.681,262143.0,1485.0,2437907.2,2747.2212
13301.43,224.51001,621.72003,7382.14,1519.76,248.06001,69.87,64.39,502.92,4027.32,1486.1,17143.361,132.64279
30617.91,460.01,13816.0,167118.66,18841.57,2786.75,5908.81,724.73,3347.52,45637.684,1487.0,380963.56,1289.1962
93173.52,2891.9402,67833.42,262143.0,101384.32,16722.07,32201.85,2840.01,18873.361,222662.89,1487.2,1870444.5,2080.614
15581.7,237.07,1056.61,13305.75,2102.23,695.51,90.42,21.92,855.36005,6523.4404,1488.7,29135.055,192.88708
12454.92,54.95,331.27002,3546.6301,1113.13,320.28,412.37,12.33,518.76,3009.6,1489.4,9134.468,75.048416
28363.74,518.10004,16357.83,198057.08,21367.701,3501.1,4112.74,328.8,2505.36,50985.004,1489.9,451052.2,1647.964
46009.082,954.56006,32902.492,262143.0,46619.582,7011.62,13928.79,1449.46,9469.681,107174.766,1491.3,907256.1,2043.7218
55683.48,1989.1901,96901.98,262143.0,138323.28,20301.67,39297.082,3275.67,6433.68,262143.0,1491.7,2671983.2,4974.712
60388.44,1409.8601,68831.945,262143.0,97325.875,14745.44,26257.42,2090.62,10422.721,220298.77,1492.2,1897977.9,3258.0063
67006.53,1146.1001,34295.082,262143.0,49414.184,7038.31,12760.18,1008.32,5497.8003,111212.64,1492.4,945655.5,1462.4022
15212.82,81.64,514.96,6133.99,2171.31,642.13,1072.71,223.31,828.96,4543.44,1493.1,14199.552,95.78606
20155.291,304.58002,251.20001,3808.82,946.71,335.98,1674.14,182.21,2830.08,2511.9602,1493.3,6926.6104,34.63523
60645.96,1103.7101,60799.82,262143.0,83462.77,11726.33,21763.82,1919.37,7491.0005,190769.05,1497.0,1676499.4,2865.4832
19281.81,631.14,1441.26,17119.281,2617.1902,416.05002,176.73,-49.32,496.32,5971.68,1498.2,39741.426,212.7192
45404.43,742.61005,23452.66,262143.0,34794.34,4355.18,8955.69,906.94,3721.08,75810.24,1500.0,646685.6,1475.8721
17113.77,284.17,91.060005,1679.9,621.72003,105.19,1700.17,86.31,1279.0801,1310.76,1501.6,2510.8962,14.213564
23736.21,331.27002,6631.68,80881.695,10434.221,1698.7401,3734.62,508.27,2369.4001,21497.521,1507.5,182862.52,797.8425
30035.88,444.31003,3505.81,41568.89,6294.1304,1405.15,1198.75,138.37,1252.68,15223.561,1509.5,96669.51,332.73135
44762.37,747.32,27616.3,262143.0,40152.75,6573.5903,13652.05,1193.27,5980.9204,89274.24,1511.8,761494.25,1763.0116
88242.36,1678.3301,64685.57,262143.0,87050.23,13166.0205,23590.03,2105.69,12699.721,209843.05,1514.4,1783645.4,2094.9421
14329.7705,177.41,6950.39,84221.086,8399.5,1356.4801,937.08,101.38,574.2,22355.521,1514.9,191650.66,1385.8163
30193.35,926.30005,5826.27,72384.85,7831.16,1477.37,1087.78,43.84,1083.7201,21380.041,1516.9,160654.06,550.7322
61301.94,1102.14,38970.543,262143.0,54579.48,8773.16,15138.5,1278.21,6258.12,124689.84,1517.0,1074577.1,1816.654
18616.26,392.5,328.13,3687.9302,876.06006,171.13,84.94,-42.47,302.28,2218.9202,1517.9,9047.885,49.396748
16531.74,266.9,51.81,1326.65,686.09,383.08002,134.26,72.61,436.92,1417.68,1518.8,1428.6134,7.960743
45964.71,761.45,29770.342,262143.0,39705.3,5901.6304,10177.73,972.7,4415.4004,94857.84,1522.0,820889.94,1850.8606
53411.91,1915.4,56540.41,262143.0,93848.32,18642.18,44908.6,4144.25,15498.121,200308.69,1523.4,1559050.1,3025.7031
63235.082,1530.75,72617.21,262143.0,103568.195,15948.061,33552.67,2820.83,10471.561,229418.66,1525.4,2002353.1,3282.4504
35907.51,747.32,28632.092,262143.0,41774.562,6188.9404,11188.79,969.96,4887.96,90045.125,1526.4,789503.75,2278.905
65054.25,1139.8201,76981.81,262143.0,104706.445,15434.671,22591.3,1994.72,9563.4,246793.81,1527.8,2122703.0,3382.4631
46510.2,626.43,19212.09,232967.6,26399.55,5221.8203,8776.22,723.36,4656.96,63357.363,1528.2,529755.8,1180.0693
28695.21,453.73,180.55,3058.36,1182.2101,237.07,2281.05,134.26,2591.1602,4460.2803,1531.3,4978.501,16.990244
132392.25,3956.4001,121836.71,262143.0,176450.73,29808.021,53632.76,4795.0,22533.72,262143.0,1534.4,3359535.8,2630.265
17525.28,106.76,670.39,8963.13,2114.79,516.53,269.89,90.42,1137.8401,5604.72,1535.9,18485.39,108.37337
28469.01,403.49002,16213.391,194521.44,22199.8,3242.05,6903.43,645.27,3362.04,52966.32,1536.6,447069.4,1627.3602
77541.36,2846.4102,93708.59,262143.0,125130.57,18240.26,33119.75,2955.09,11271.48,262143.0,1536.8,2583928.8,3454.3733
11939.01,67.51,4601.67,55050.48,6159.1104,1193.2001,1990.61,230.16,1325.28,15568.081,1537.1,126886.836,1101.0369
15493.83,150.72,189.97,3204.37,1984.4801,753.60004,641.16,128.78,819.72003,3920.4001,1538.1,5238.249,34.057037
21413.31,461.58002,2154.04,28412.291,9553.45,3314.27,14843.95,1420.6901,3707.8801,17339.521,1539.7,59395.684,286.6199
11169.93,92.630005,131.88,1086.4401,353.25,188.40001,1.37,34.25,213.84001,760.32,1539.8,3636.4705,32.75806
129734.4,5198.27,183377.58,262143.0,262143.0,41785.55,88636.26,7250.04,38541.363,262143.0,1540.1,5056469.0,4040.477
50810.61,945.14,40796.453,262143.0,54915.46,7411.97,15204.26,1141.21,5454.24,127535.766,1541.5,1124924.9,2294.7097
73306.2,2413.09,64998.004,262143.0,102440.93,16139.601,39045.0,3512.68,22298.762,225235.56,1542.1,1792260.5,2534.177
62257.2,1102.14,41531.21,262143.0,62321.152,9880.011,23477.69,2150.9,8160.24,137133.48,1543.5,1145185.1,1906.3658
58891.17,1039.3401,40794.883,262143.0,57111.89,8765.311,18841.61,1528.92,6733.3203,129027.37,1543.9,1124881.6,1979.6353
28811.791,405.06003,15100.261,183854.86,21694.26,3640.83,7866.54,615.13,3751.4402,49922.402,1544.6,416375.88,1497.5222
70254.24,1551.16,65511.39,262143.0,92967.555,14808.24,31720.98,2922.21,14248.08,215582.4,1544.7,1806416.6,2665.2031
16291.62,147.58,39.25,1113.13,675.10004,535.37,152.07,-19.18,492.36002,2053.9202,1545.5,1082.2828,5.8884954
53477.16,717.49005,25025.8,262143.0,33922.992,4089.85,8178.9,731.58,5427.8403,82686.125,1547.0,690063.56,1337.0386
12389.67,102.05,323.42,3876.33,1185.3501,565.2,64.39,73.98,623.04004,3179.8801,1547.7,8918.011,73.63734
47605.53,795.99005,24498.281,262143.0,37479.043,6085.3203,10892.87,1119.29,4989.6,83165.28,1551.9,675517.7,1470.388
32888.61,634.28,25402.602,262143.0,36467.96,6374.2,14657.63,1272.73,4028.6401,80270.52,1553.4,700453.5,2207.4202
11640.6,218.23001,12866.15,157182.12,22598.58,4545.1504,10503.79,1100.11,4762.56,48129.844,1555.1,354772.3,3159.2559
59240.04,1196.3401,46847.23,262143.0,65423.473,9077.74,21403.51,1938.55,7003.9204,148482.84,1561.1,1291769.5,2260.0886
55899.242,992.24005,42735.402,262143.0,63583.434,9762.261,19458.11,1741.27,6902.2803,135288.12,1561.4,1178389.6,2184.9028
18242.16,127.170006,91.060005,2431.9302,781.86005,193.11,1320.68,73.98,1325.28,2405.04,1565.0,2510.8962,13.2725115
32751.15,428.61002,19976.682,242591.7,28266.281,4006.6401,6208.84,542.52,3008.28,65274.004,1566.7,550838.75,1742.9972
17639.25,390.93002,266.9,3309.56,593.46,196.25,141.11,110.97,311.52002,2151.6,1567.0,7359.523,42.26308
48738.27,1088.01,38056.8,262143.0,55469.67,9087.16,11401.14,1137.1,6758.4004,126226.33,1567.1,1049381.5,2231.6013
44236.89,1235.5901,54193.26,262143.0,77415.13,11222.36,24328.46,2223.51,8401.801,174973.92,1569.1,1494329.6,3501.7546
49906.68,1935.81,63151.684,262143.0,92163.71,14546.051,31253.81,2424.9,9997.681,205343.17,1569.3,1741349.9,3617.0557
35604.75,785.0,38358.242,262143.0,53835.3,9137.4,19355.36,1664.55,7093.68,120300.84,1571.5,1057693.5,3079.348
64112.04,1296.8201,44606.84,262143.0,63030.793,10671.29,19264.94,1720.72,6112.9204,141852.48,1571.6,1229992.8,1988.3484
43825.38,741.04004,25754.281,262143.0,34758.23,5898.49,8314.53,741.17,3847.8,80687.64,1575.5,710150.75,1679.2455
49543.02,1442.8301,77363.32,262143.0,108713.086,16891.63,25612.15,2449.56,7613.7603,240795.73,1576.6,2133222.8,4463.796
32160.42,394.07,496.12003,6678.7803,1894.9901,547.93,2333.11,352.09,3201.0002,4247.7603,1577.2,13680.056,43.107662
51940.742,880.77,18332.89,221048.16,27550.361,4314.3604,9799.61,685.0,4530.24,59951.76,1579.1,505512.7,1008.1873
22194.57,890.19,29596.07,262143.0,42989.742,7682.0103,16098.87,1290.54,4620.0,97204.805,1579.8,816084.56,3811.7322
18799.83,318.71002,113.04,1741.13,742.61005,127.170006,1501.52,195.91,2493.48,2282.28,1579.8,3116.9746,16.192032
60545.91,1431.8401,53227.71,262143.0,77101.13,12442.25,32981.38,2776.99,12149.28,174397.1,1584.0,1467705.5,2512.6338
48268.47,780.29004,26072.99,262143.0,37967.312,6250.1704,12442.34,1017.91,5035.8003,85536.0,1588.7,718938.9,1543.4589
7860.45,54.95,-9.42,-69.08,-20.41,-14.13,-16.44,-17.81,63.36,54.120003,1588.9,-259.7479,-4.4265137
54555.96,1673.62,51346.85,262143.0,70248.086,9967.931,22239.21,2002.9401,10974.48,165534.61,1589.8,1415842.5,2690.043
23686.621,263.76,9897.28,120412.73,13889.79,2260.8,4290.84,411.0,2735.04,32895.723,1591.2,272908.44,1193.7079
69008.4,1306.24,40330.16,262143.0,53858.85,9723.011,18553.91,1443.98,7056.72,128461.086,1591.8,1112067.2,1670.0021
75435.96,1879.29,81115.625,262143.0,112870.445,17651.51,25116.21,2097.47,5883.24,254378.53,1593.9,2236689.2,3073.5044
39331.832,766.16003,31684.172,262143.0,43958.43,6292.56,14865.87,1291.91,4319.04,102573.24,1594.1,873662.06,2302.2822
62835.75,1251.29,59978.71,262143.0,87416.03,14803.53,28163.09,2394.76,10647.12,192449.4,1597.0,1653858.1,2728.2249
24974.22,1679.9,59768.332,262143.0,83261.81,12322.931,24681.92,2212.55,8726.5205,186266.53,1597.5,1648057.1,6841.711
126397.95,11409.19,7939.49,158309.39,111063.375,39882.71,16430.41,5277.24,29558.762,162023.4,1597.9,218924.19,178.59804
26900.4,329.7,12246.0,150153.23,17036.07,2526.1301,4897.75,367.16,3157.4402,41441.402,1600.3,337672.25,1300.6208
42491.67,943.57,42187.473,262143.0,60796.684,11011.98,20848.66,1897.45,6193.4404,136530.25,1603.3,1163281.0,2837.76
3538.29,80.07,4.71,362.67,224.51001,158.57,19.18,12.33,118.8,546.48004,1603.8,129.87395,2.8060675
14516.82,244.92001,205.67001,2924.9102,709.64,288.88,172.62,47.95,217.8,2075.04,1606.8,5671.1626,39.508717
42275.04,868.21,28432.701,262143.0,39567.14,6524.9204,12064.22,1026.13,4653.0,89715.125,1609.6,784005.75,1922.017
57651.42,1011.08,29553.682,262143.0,39887.42,5524.83,11697.06,1134.36,6283.2,96131.64,1609.9,814915.75,1464.7185
19495.83,436.46002,1439.6901,18964.031,6738.4404,2177.59,9387.24,931.6,3405.6,12583.561,1610.2,39698.137,210.14279
17168.58,194.68001,182.12001,2513.57,1271.7001,431.75,84.94,9.59,580.80005,2781.24,1610.8,5021.7925,29.32999
26305.32,365.81,204.1,3741.31,1208.9,108.33,2293.3801,139.74,2543.6401,3306.6,1612.1,5627.871,21.184437
52908.18,1717.5801,85506.914,262143.0,124061.41,19942.14,28280.91,2509.84,11443.08,262143.0,1613.3,2357775.0,4619.909
56964.992,1097.43,748.89,10467.19,4834.0303,1323.51,7524.04,580.88,12048.961,11396.881,1613.7,20649.957,36.588844
23240.31,405.06003,11610.15,141219.94,20546.59,4304.94,14080.86,1374.11,4596.24,42052.562,1613.9,320139.28,1427.3838
84819.78,1830.6201,72220.0,262143.0,102535.13,15805.19,30846.92,2494.77,13302.961,231788.05,1614.3,1991400.4,2433.4973
52162.59,1449.1101,47808.07,262143.0,72686.29,11925.721,29500.21,2708.49,11020.681,160341.72,1615.8,1318263.8,2619.5415
59228.73,1463.24,42939.5,262143.0,59603.48,9391.74,17816.85,1445.35,5603.4004,137199.48,1615.9,1184017.4,2071.877
50256.42,989.10004,32327.871,262143.0,44449.84,7338.18,16600.291,1470.01,5530.8003,103369.2,1616.1,891411.5,1838.2236
29445.15,398.78,12800.21,154585.34,18661.021,2579.51,5615.63,447.99,3259.08,41367.48,1619.0,352954.1,1241.9462
67692.09,1064.4601,37538.703,262143.0,51993.69,7919.08,15878.3,1439.87,7852.68,121397.766,1619.7,1035095.4,1584.5879
127553.31,7752.66,248961.19,262143.0,262143.0,62697.953,135150.5,11982.0205,51012.723,262143.0,1620.7,6864877.0,5579.7026
31063.35,499.26,20253.0,242365.62,27330.56,4510.6104,9625.62,879.54,3479.52,64662.844,1622.9,558457.94,1863.1895
39949.53,1235.5901,45955.473,262143.0,67219.555,12746.83,23066.69,2233.1,9398.4,154271.05,1623.5,1267180.1,3288.0808
56659.62,1405.15,66947.945,262143.0,93752.555,14362.36,27364.38,2257.76,8446.681,209976.38,1623.8,1846028.4,3377.4116
8626.92,108.33,58.09,931.01,524.38,28.26,623.35,35.62,835.56006,912.12006,1624.8,1601.7786,18.25283
54553.35,2570.09,72176.04,262143.0,110631.625,17797.521,43664.64,4219.6,15697.44,244528.69,1625.1,1990188.2,3781.8628
21013.98,303.01,114.61,2009.6001,1042.48,172.70001,1527.55,113.71,1800.4801,3149.52,1628.3,3160.2659,14.594203
30972.0,417.62003,15919.801,195364.53,21749.21,3061.5,8295.35,616.5,3820.08,51230.523,1628.4,438973.94,1468.6616
10403.46,108.33,-18.84,1428.7001,425.47,131.88,764.46,31.51,1193.28,1817.64,1628.4,-519.4958,-6.1778817
57520.92,1081.73,37472.76,262143.0,51998.402,7988.16,15752.26,1297.39,6514.2,120203.164,1629.0,1033277.1,1861.6826
19941.27,268.47,227.65001,2309.47,686.09,282.6,1335.75,219.2,2324.52,2200.4402,1629.7,6277.2407,31.64103
10270.35,213.52,114.61,1767.8201,720.63,312.43002,-63.02,2.74,211.20001,1108.8,1629.8,3160.2659,30.907022
37113.332,629.57,23642.63,262143.0,32206.98,4600.1,8014.5,645.27,3285.4802,74380.68,1631.3,651923.94,1820.44
60534.6,2469.61,97872.234,262143.0,140288.92,22490.25,49548.79,4278.5103,8940.36,262143.0,1631.7,2698737.2,4621.797
52137.36,1358.05,61641.344,262143.0,88411.414,13743.78,28241.18,2439.97,9791.761,200588.53,1632.1,1699703.6,3379.431
19394.041,293.59,28.26,1882.43,602.88,146.01001,1487.82,160.29,2096.1602,1840.0801,1632.2,779.24365,3.1663222
4948.56,51.81,-47.100002,-34.54,54.95,50.24,21.92,30.14,108.240005,198.00002,1632.8,-1298.7395,-28.213919
31828.95,516.53,15987.311,194869.97,22394.48,3047.37,5882.78,504.16,3178.56,51177.723,1634.3,440835.47,1435.1577
23175.06,249.63,128.74,3284.4402,1367.4701,455.30002,1945.4,130.15,1627.56,3575.8801,1636.4,3549.888,14.883332
29095.41,648.41003,34362.59,262143.0,49404.76,7556.41,13835.63,1350.82,6024.4805,111253.56,1636.5,947517.0,3375.8394
27438.06,439.6,14635.54,178452.48,17434.85,2647.02,2529.02,91.79,2587.2002,46730.64,1637.7,403561.62,1524.1211
63515.22,1299.9601,46627.43,262143.0,65826.96,9283.41,20033.51,1817.99,6494.4004,150433.81,1639.7,1285708.8,2098.0012
48321.54,846.23004,35613.883,262143.0,47781.383,8011.7104,14865.87,1285.06,6495.72,111309.01,1640.1,982020.25,2106.306
5928.18,72.22,-21.980001,28.26,62.800003,-75.36,-12.33,76.72,63.36,-33.0,1640.4,-606.0784,-11.601207
32170.86,400.35,290.45,4303.37,1168.0801,263.76,2535.87,238.38,2860.4402,3661.6802,1643.9,8008.8936,24.814144
39937.35,1028.35,48246.1,262143.0,68191.38,10533.13,20321.21,1663.18,6210.6,155692.69,1645.6,1330342.1,3453.0767
24721.05,767.73004,23636.352,262143.0,35601.32,5743.06,11634.04,1119.29,3626.04,76113.84,1645.9,651750.75,2732.7732
36941.07,679.81,19568.48,237789.06,26807.75,3661.2402,8985.83,794.6,3810.84,62277.6,1646.1,539582.94,1513.5953
18372.66,342.26,69.08,1708.16,786.57,172.70001,1538.51,135.63,2007.7201,2292.84,1646.6,1904.8179,9.750516
16101.09,266.9,152.29001,2089.6702,719.06,-39.25,1017.91,200.02,1553.64,2443.32,1647.1,4199.258,26.04364
46218.75,1113.13,50769.09,262143.0,72367.586,11468.851,21669.291,1975.54,6812.5205,163051.69,1648.2,1399911.2,3139.727
130297.29,5477.73,142226.31,262143.0,203720.06,29208.281,46825.23,4207.27,23002.32,262143.0,1648.3,3921760.5,3119.9985
17751.48,249.63,172.70001,1841.6101,832.10004,202.53001,1813.88,141.11,1581.3601,1895.52,1649.0,4762.045,26.816776
21108.81,434.89,16120.761,194560.69,22419.602,3344.1,5859.49,537.04,2084.28,49967.28,1651.7,444515.22,2182.5884
20024.791,590.32,12646.351,154006.02,22028.67,4736.69,15349.48,1345.34,6079.9204,52514.883,1652.8,348711.56,1804.7026
12842.07,172.70001,76.93,45.530003,7.8500004,54.95,26.03,30.14,39.600002,-59.4,1653.3,2121.2744,16.12812
41124.03,475.71002,10685.42,131310.1,15180.33,2796.1702,7008.92,626.09,4468.2,38732.76,1655.2,294640.7,741.92487
85902.06,2270.22,100781.445,262143.0,134943.08,20656.49,38395.62,3404.45,18411.361,262143.0,1655.6,2778956.2,3353.486
18901.62,301.44,189.97,1904.41,767.73004,83.21,1287.8,160.29,1231.56,1709.4,1656.0,5238.249,27.736576
15293.73,116.18,558.92004,7019.47,2114.79,813.26,139.74,217.83,848.76,4584.3604,1656.9,15411.709,103.49253
3268.59,65.94,12.56,-1.57,67.51,29.830002,13.7,23.29,-5.28,-215.16,1657.7,346.33054,9.986977
76205.914,3742.8801,120249.445,262143.0,173020.28,26335.182,56975.56,5304.64,20780.762,262143.0,1658.5,3315768.5,4510.7334
21596.88,270.04,7730.68,93187.35,10396.54,1824.3401,2905.77,153.44,1945.68,24753.96,1659.7,213166.44,1022.4713
48901.832,858.79004,25167.102,262143.0,36734.86,6730.5903,11272.36,835.7,3858.36,81391.2,1660.0,693959.8,1470.4893
31631.46,485.13,219.8,3885.7502,1169.65,400.35,2200.22,146.59,2770.6802,4905.12,1660.3,6060.784,18.86815
19840.35,420.76,127.170006,1993.9,902.75,229.22,245.23,58.91,514.80005,2247.9602,1660.6,3506.5967,17.326706
11020.29,111.47,40.82,905.89,450.59003,139.73001,641.16,42.47,852.72003,1161.6001,1660.8,1125.5741,9.590804
24767.16,340.69,2289.06,30092.191,9900.42,2610.9102,7048.65,708.29,4539.48,17713.08,1662.4,63118.74,263.25912
94478.52,3020.6802,125333.1,262143.0,176755.31,28704.31,50802.34,4357.97,18885.24,262143.0,1663.1,3455945.8,3791.99
54350.64,1369.04,60324.113,262143.0,86029.73,13597.7705,30844.18,2752.33,8553.601,188426.05,1664.8,1663382.2,3172.4763
16258.561,200.96,7895.5303,96093.42,9399.59,1700.31,1048.05,89.05,805.2,25309.682,1665.2,217712.03,1387.5074
48761.76,1279.55,42605.09,262143.0,63820.504,12836.32,28183.64,2534.5,6724.08,137608.69,1665.5,1174796.4,2497.2224
43897.59,766.16003,20457.102,249071.1,28985.342,4140.0903,9550.2705,993.25,5367.12,67630.2,1667.9,564085.9,1331.4547
48389.4,684.52,20188.63,247417.88,29380.98,4871.71,10916.16,1065.86,5437.08,66834.24,1668.6,556683.0,1191.9043
30361.26,357.96002,613.87,8561.21,2634.4602,607.59,400.04,-6.85,1100.88,6367.68,1670.2,16926.904,56.810352
78775.02,2582.6501,98390.336,262143.0,140362.72,21483.88,38232.59,3385.27,15675.001,262143.0,1671.9,2713023.5,3570.1895
45206.94,942.00006,38631.42,262143.0,53530.723,9269.28,14075.38,1253.55,6122.16,123318.37,1673.1,1065226.1,2442.3438
5049.48,210.38,709.64,9255.15,921.59,150.72,39.73,-23.29,143.88,2906.6401,1673.5,19567.674,400.82822
75178.44,1580.9901,33210.21,262143.0,46979.113,7972.4604,20280.11,1772.78,10369.921,110771.766,1673.9,915741.2,1262.0698
46790.34,1182.2101,25005.39,262143.0,42752.67,8019.56,26477.99,2523.54,7522.68,91775.64,1674.0,689500.75,1527.0109
40956.12,745.75,31947.932,262143.0,45054.293,7086.9805,16837.3,1463.16,6729.3604,103142.164,1675.4,880935.0,2229.3496
13030.86,42.390003,119.32001,1194.77,519.67004,292.02002,41.1,-13.7,399.96002,1441.4401,1675.5,3290.1401,25.181177
55974.93,1499.3501,52902.723,262143.0,80382.43,12928.95,32536.13,2633.14,13910.16,180869.05,1675.9,1458744.1,2701.2993
73180.92,2241.96,75455.77,262143.0,106935.84,18855.701,35677.54,3204.43,16010.28,244899.61,1676.2,2080623.9,2947.1094
22901.01,503.97003,21670.71,262143.0,29610.201,3259.32,8439.2,737.06,3029.4001,69251.164,1677.6,597550.0,2704.6243
41800.89,973.4,44222.19,262143.0,60851.633,9110.71,16387.94,1234.37,5500.4404,137752.56,1677.9,1219386.5,3023.849
53229.21,1405.15,37023.742,262143.0,52693.91,7499.89,19111.5,1524.81,7893.6,118838.28,1678.4,1020895.8,1987.7457
50608.77,937.29004,40333.3,262143.0,61901.96,10183.0205,24880.57,2141.31,7714.08,132257.4,1679.5,1112153.9,2277.6992
15633.9,218.23001,4036.4702,48107.94,6210.9204,1188.49,1730.31,124.67,2320.56,13337.28,1679.6,111301.98,737.21594
3560.91,191.54001,3717.76,45154.773,4713.14,1119.41,72.61,-2.74,315.48,12588.841,1679.8,102513.83,2984.1719
52942.11,1657.92,52039.223,262143.0,80990.02,12869.29,39261.46,3645.57,13704.24,176086.69,1680.6,1434934.0,2809.4673
45387.03,2041.0001,82451.695,262143.0,115465.66,18106.81,33164.96,2923.58,10849.08,257617.81,1681.1,2273530.0,5193.1777
66858.63,2234.11,71483.67,262143.0,105463.18,18799.18,39420.38,3635.98,18226.56,236277.38,1682.3,1971096.9,3056.0205
14648.19,241.78001,139.73001,1351.77,438.03003,14.13,1072.71,-2.74,1104.8401,1848.0001,1683.5,3852.9272,26.27437
71233.86,2196.4302,87449.0,262143.0,119982.55,18860.41,26958.86,2541.35,10439.881,262143.0,1685.7,2411326.2,3509.083
9027.99,133.45,25.12,1138.25,445.88,149.15001,554.85,86.31,1118.04,1572.1201,1686.2,692.6611,6.955685
17852.4,364.24002,362.67,4940.79,913.74005,403.49002,110.97,-1.37,347.16,2115.9602,1686.8,10000.294,57.085003
23303.82,321.85,10305.48,124654.87,14808.24,2033.15,4244.2603,521.97003,2708.6401,32268.72,1688.1,284164.2,1263.4164
41955.75,618.58,22826.23,262143.0,32321.592,3946.9802,10277.74,932.97003,4348.08,74052.0,1688.5,629412.44,1554.5776
9543.9,191.54001,39.25,946.71,364.24002,70.65,617.87,60.28,867.24005,724.68005,1690.0,1082.2828,10.758793
32283.96,700.22003,26308.49,262143.0,35576.203,6063.3403,10888.76,838.44,4957.9204,84849.6,1690.6,725432.56,2329.0117
28909.23,433.32,19256.05,232140.2,25185.941,5179.43,7954.22,752.13,3066.36,60589.324,1690.7,530968.0,1903.4945
36325.11,485.13,18321.9,223136.25,25289.56,3425.7402,7108.93,691.85,3985.08,59803.92,1693.4,505209.66,1441.1571
16724.88,268.47,497.69,7083.8403,3213.79,865.07,264.41,87.68,1016.4,6534.0005,1693.6,13723.347,84.083405
13640.73,378.37003,161.71,2295.34,971.83,64.37,84.94,17.81,273.24002,1768.8,1693.8,4459.0054,32.895985
47929.17,893.33,28035.49,262143.0,40644.16,6620.6904,13236.94,1180.9401,5875.3203,93062.64,1694.0,773053.0,1671.4657
24029.4,373.66,160.14,2742.79,821.11005,213.52,1745.38,213.72,2874.9602,3108.6,1694.1,4415.714,18.054865
24025.05,571.48004,8214.24,99786.06,14709.33,2246.6702,7963.81,700.07,4441.8003,33619.082,1694.5,226500.16,976.5794
34069.2,562.06,20292.25,246800.88,28223.89,3651.82,9489.99,754.87,4066.9202,65660.766,1695.5,559540.25,1702.0103
61105.32,1102.14,46220.8,262143.0,60991.363,9594.2705,9995.5205,860.36,4905.12,144499.08,1695.7,1274496.2,2161.7556
21442.02,485.13,20893.56,253567.56,30087.48,4997.31,13958.93,893.24,3303.9602,68629.445,1695.9,576120.8,2785.094
37798.89,678.24005,26176.611,262143.0,39414.85,6071.1904,13772.61,1386.4401,4242.48,84596.164,1698.4,721796.1,1979.0829
10654.89,150.72,97.340004,2891.9402,5854.5303,3731.8901,127.41,-6.85,264.0,9775.92,1698.7,2684.0615,25.121096
13244.88,590.32,362.67,6570.45,4312.79,1402.01,700.07,234.27,1536.4801,7080.4805,1699.6,10000.294,77.29114
28661.28,460.01,202.53001,3559.1902,1304.67,202.53001,1872.79,109.6,2584.56,3249.84,1700.5,5584.58,19.204254
23406.48,389.36002,229.22,3826.09,1078.5901,409.77002,1450.83,75.35,2810.28,3141.6,1701.1,6320.5317,27.000475
145384.83,6612.8403,232422.81,262143.0,262143.0,56441.5,121479.27,10577.7705,44040.48,262143.0,1704.9,6408846.5,4569.973
19541.94,284.17,204.1,2193.29,877.63,263.76,1423.43,21.92,1368.8401,2851.2002,1705.0,5627.871,28.862375
55423.35,1067.6,41025.67,262143.0,56009.75,8792.0,17999.06,1564.54,8401.801,131571.0,1709.6,1131245.4,2115.469
56660.492,1824.3401,79303.84,262143.0,113531.414,16981.121,29131.68,2268.72,10936.2,250048.94,1712.6,2186731.0,4000.8691
14723.88,111.47,161.71,2436.6401,681.38,98.91,982.29,94.53,1528.56,1912.68,1713.1,4459.0054,30.402454
19187.85,229.22,84.78001,2700.4001,612.30005,386.22,974.07,60.28,1023.00006,2327.1602,1714.4,2337.7312,11.633281
17627.94,180.55,199.39,3345.6702,1526.04,624.86005,126.04,-24.66,817.08,3344.8801,1714.6,5497.997,31.340805
3067.62,32.97,34.54,59.660004,-7.8500004,1.57,-52.06,6.85,68.64,-17.16,1714.9,952.40894,31.193615
61613.4,1552.7301,11098.33,137689.0,19202.67,3818.2402,14933.0,1523.4401,8692.2,45773.64,1721.6,306026.3,514.02875
59722.02,1532.3201,55249.87,262143.0,77119.97,11922.58,19345.77,1983.76,6021.8403,172712.77,1722.2,1523464.6,2644.1223
28140.15,354.82,8942.721,110311.34,11941.42,1763.1101,3503.09,228.79,2233.4402,29952.121,1723.2,246587.34,907.64087
36638.31,420.76,15221.15,186106.23,22180.96,3176.11,6999.33,561.7,3179.8801,51165.844,1723.4,419709.3,1186.8486
25799.85,340.69,628.0,9781.101,5314.45,1593.55,2727.67,232.9,2929.08,10344.841,1725.4,17316.525,68.597145
47917.86,2116.36,76992.805,262143.0,120137.98,19612.441,46775.91,4140.14,16484.16,255142.81,1727.4,2123006.2,4593.114
12507.99,227.65001,560.49,6973.9404,2295.34,489.84003,2222.14,227.42,1330.56,5633.7603,1727.4,15454.999,127.12366
13311.0,14.13,481.99002,6515.5,1808.64,709.64,282.22,71.24,786.72003,4490.64,1728.2,13290.434,102.53242
49854.48,1083.3,42000.64,262143.0,60322.543,9757.551,20669.19,1794.7,6745.2,131881.2,1728.7,1158129.2,2407.7998
11227.35,127.170006,9.42,962.41003,246.49,9.42,557.59,95.9,859.32,1325.28,1729.6,259.7479,1.3989582
11832.0,40.82,89.490005,1774.1001,952.99005,602.88,21.92,93.16,522.72003,1925.8801,1730.1,2467.605,20.62546
31597.53,659.4,28046.48,262143.0,41659.953,5987.98,14787.78,1331.64,4501.2,90130.92,1733.7,773356.06,2536.8984
6605.04,73.79,45.530003,574.62,243.35,241.78001,480.87,75.35,407.88,850.08,1733.9,1255.4481,18.7093
76127.61,1439.6901,86580.79,262143.0,120808.37,19573.191,32229.25,2986.6,10581.12,262143.0,1735.3,2387386.0,3250.8337
59375.76,923.16003,44531.48,262143.0,69100.414,11577.181,21339.12,1844.02,8451.96,151902.97,1736.2,1227914.9,2143.4058
29284.2,469.43002,18678.291,227138.19,24876.65,3838.6501,6493.8,517.86,2637.36,60749.043,1737.0,515036.78,1822.6974
26123.49,480.42,445.88,5181.0,1427.13,431.75,164.4,19.18,505.56003,3529.6802,1737.9,12294.733,47.801792
21187.98,183.69,877.63,11522.23,4243.71,1241.87,5962.24,554.85,1554.9601,7184.7603,1742.1,24199.844,117.43249
62569.53,1102.14,32181.861,262143.0,43592.62,6774.5503,11472.38,1027.5,5231.16,99880.445,1742.7,887385.4,1469.6091
17966.37,307.72,62.800003,1764.68,712.78,51.81,30.14,20.55,541.2,1656.6001,1742.8,1731.6526,8.994207
10490.46,307.72,103.62,1337.64,478.85,109.9,109.6,-60.28,188.76001,1382.04,1742.9,2857.2268,27.242168
38674.11,693.94,32499.002,262143.0,46448.453,7941.06,12516.32,1087.78,6378.24,108040.69,1743.1,896130.25,2401.6953
3045.0,84.78001,9.42,1.57,111.47,-47.100002,27.4,20.55,76.560005,83.16,1744.1,259.7479,7.8453007
89662.2,2062.98,84905.6,262143.0,122434.88,19397.352,39797.13,3600.36,14786.641,262143.0,1744.1,2341194.2,2706.5464
40126.14,711.21,28784.38,262143.0,39615.812,5589.2,10414.74,816.52,3837.2402,91270.086,1745.9,793703.0,2050.0605
103253.34,6796.5303,219032.28,262143.0,262143.0,51464.6,111726.24,9173.5205,39625.082,262143.0,1746.8,6039615.0,6064.31
8274.57,183.69,94.200005,981.25006,461.58002,-3.14,194.54,5.48,273.24002,1044.12,1747.8,2597.479,31.550262
33411.48,638.99005,13264.931,160692.64,17775.541,2458.62,4953.92,434.29,4501.2,45268.082,1747.9,365768.34,1134.1631
15692.19,76.93,119.32001,1618.67,767.73004,182.12001,152.07,35.62,496.32,2145.0,1748.4,3290.1401,20.74096
39145.65,659.4,22840.361,262143.0,30826.951,4835.6,9521.5,749.39,3627.36,72093.125,1749.3,629802.06,1667.2781
18825.93,386.22,912.17004,12421.841,5392.95,1978.2001,1965.95,157.55,1985.28,9861.721,1749.6,25152.254,137.53783
23591.791,387.79,83.21,2497.87,1078.5901,296.73,1515.22,146.59,2145.0,3237.9602,1751.8,2294.4397,9.084715
20671.2,211.95001,5615.89,69583.97,7922.22,1314.0901,2835.9,163.03,2519.8801,19972.92,1756.4,154853.03,775.7869
72599.76,1659.4901,54907.613,262143.0,81993.25,12657.341,23605.1,2128.98,9921.12,180484.92,1757.7,1514027.2,2161.4517
11943.36,135.02,80.07,1915.4,579.33,255.91,868.58,26.03,1338.4801,1389.9601,1757.9,2207.857,18.168684
9697.0205,178.98001,51.81,821.11005,362.67,14.13,882.28,71.24,1100.88,1279.0801,1758.1,1428.6134,14.276514
18945.99,865.07,28559.871,262143.0,39085.152,6127.71,13583.55,1054.9,3754.08,88261.805,1759.3,787512.3,4309.106
10962.87,102.05,-47.100002,128.74,100.48,-42.390003,9.59,-47.95,54.120003,285.12003,1760.9,-1298.7395,-13.284165
12896.88,150.72,47.100002,1069.17,442.74002,230.79001,880.91,76.72,1058.64,1900.8,1763.3,1298.7395,9.442039
12221.76,194.68001,554.21,7917.5103,5184.14,1609.25,9735.22,890.5,2727.12,8902.08,1765.7,15281.834,128.6551
10373.88,106.76,83.21,824.25,405.06003,26.69,935.71,39.73,1042.8,959.64,1766.7,2294.4397,21.934185
21003.541,328.13,207.24,2414.6602,810.12006,169.56001,1812.51,341.13,1158.9601,2057.8801,1771.0,5714.4536,27.211754
21711.72,273.18002,9594.2705,117288.42,14484.82,2081.82,4186.72,404.15,2175.36,31284.002,1772.4,264553.22,1262.4751
48663.45,880.77,42220.44,262143.0,59209.41,8908.181,19225.21,1835.8,6306.9604,133438.81,1774.8,1164190.0,2479.6692
54053.97,1179.0701,39110.27,262143.0,53585.67,8562.78,13719.18,1145.32,6326.7603,122881.445,1777.3,1078429.9,2067.77
12529.74,155.43001,303.01,3667.52,805.41003,194.68001,23.29,28.77,198.00002,1833.4801,1777.7,8355.224,68.1455
13244.01,133.45,56.52,1532.3201,648.41003,31.400002,893.24,123.3,1285.68,2112.0,1777.7,1558.4873,11.202018
3784.5,120.89001,2797.74,33360.93,3917.1501,719.06,75.35,-15.07,322.08002,9401.04,1778.3,77145.12,2112.722
14405.46,188.40001,133.45,2642.31,1135.11,425.47,228.79,-49.32,488.40002,2162.1602,1778.5,3679.7615,25.487467
61131.42,1006.37006,38513.67,262143.0,52651.523,7846.8604,12806.76,1080.93,5991.4805,125538.6,1779.0,1061979.2,1800.3555
45955.14,789.71,20424.13,251798.17,33874.32,6152.83,18059.34,1439.87,8206.44,75151.56,1779.2,563176.75,1269.7452
12422.73,86.350006,102.05,921.59,503.97003,254.34001,38.36,-8.22,455.40002,1032.24,1780.8,2813.9355,22.487942
23621.371,654.69,23958.201,262143.0,35522.82,5684.97,13334.21,1078.1901,3954.7202,76554.73,1781.2,660625.5,2899.0007
5853.36,381.51,8022.7,95391.63,10787.471,1384.74,232.9,-23.29,620.4,28158.24,1781.6,221218.62,3917.9014
64442.64,1797.65,19332.98,239272.72,29850.41,5527.97,11046.31,994.62,6366.3604,71709.0,1781.7,533089.25,856.77716
4764.12,69.08,26.69,98.91,4.71,-18.84,-9.59,-65.76,72.600006,154.44,1783.6,735.95233,15.018242
114149.22,4127.5303,173996.83,262143.0,252713.48,39801.07,85483.89,7221.27,33752.402,262143.0,1784.9,4797803.5,4357.3027
31687.14,872.92004,27091.922,262143.0,37811.883,5261.0703,9309.15,697.33,4511.7603,86391.37,1786.1,747034.94,2443.5884
51247.35,858.79004,31505.191,262143.0,45564.543,6948.8203,11724.46,1022.02,5534.7603,99778.805,1786.4,868726.8,1756.7604
43929.78,1103.7101,44785.82,262143.0,61839.16,9209.62,20551.37,1782.37,6503.64,141543.61,1786.9,1234928.0,2913.9458
43155.48,943.57,39369.32,262143.0,56309.62,7375.8604,16750.99,1441.24,6993.3604,125235.01,1787.5,1085573.0,2607.3806
20658.15,251.20001,171.13,2956.31,987.53,83.21,1308.35,93.16,1746.3601,3006.9602,1787.6,4718.7534,22.685564
56057.582,1009.51,36511.92,262143.0,49869.48,7521.87,13482.17,1223.41,6181.56,118294.445,1788.8,1006782.9,1861.2987
30466.53,405.06003,230.79001,4169.92,1155.52,742.61005,2082.4,254.82,2510.6401,3890.04,1789.3,6363.823,20.659231
9283.7705,213.52,1918.54,24426.06,6659.9404,2100.6602,7577.47,753.5,2143.6802,10892.641,1792.0,52901.99,589.8748
12969.09,271.61002,-3.14,1442.8301,676.67004,277.89,634.31,190.43001,813.12006,1689.6001,1792.4,-86.582634,-1.6922599
14087.91,356.39,252.77,2512.0,643.7,255.91,120.56,16.44,220.44,1807.0801,1798.2,6969.902,50.301254
22499.07,315.57,252.77,3833.9402,2945.32,1088.01,3905.87,390.45,1144.4401,4858.9204,1798.5,6969.902,31.122547
61067.91,1676.76,55061.473,262143.0,76314.56,12586.69,22998.19,2205.7,8609.04,178605.25,1799.4,1518269.8,2577.0051
62867.94,1706.5901,73340.984,262143.0,108709.945,18544.84,33699.26,2868.78,13652.761,235461.61,1799.7,2022310.5,3334.5425
38727.18,942.00006,40204.562,262143.0,53763.082,8795.141,17660.67,1339.86,5769.72,127902.73,1800.8,1108604.0,2967.3044
55077.09,2163.46,69626.36,262143.0,102442.5,16469.3,43729.03,3937.3801,13836.24,227236.69,1801.1,1919883.1,3613.5288
51691.05,1003.23004,40670.85,262143.0,54375.383,8609.88,12576.6,1030.24,5827.8003,129160.69,1802.6,1121461.5,2248.66
57968.1,1792.9401,57444.73,262143.0,84844.375,11942.99,29049.48,2544.09,10854.36,181115.89,1803.7,1583985.9,2832.4143
4022.01,229.22,2529.27,29479.89,3516.8,376.80002,198.65,-27.4,351.12003,9217.561,1806.5,69742.305,1797.047
16142.85,414.48,243.35,3307.99,628.0,131.88,164.4,82.2,368.28003,2362.8,1807.2,6710.154,42.102272
64782.81,1640.65,73730.34,262143.0,105102.086,15948.061,29693.38,2642.73,10136.28,232888.92,1808.3,2033046.8,3253.1343
13572.0,161.71,17.27,139.73001,-108.33,-39.25,-53.43,-54.8,62.04,120.12,1809.9,476.20447,2.6382916
78440.07,1668.91,77082.29,262143.0,111261.195,18409.82,40482.13,3100.31,20316.121,255747.38,1812.1,2125473.5,2808.7366
51129.03,1152.38,42595.67,262143.0,61476.492,11183.11,20659.6,1723.46,5907.0,136275.48,1812.5,1174536.6,2381.028
28022.7,682.95,28307.102,262143.0,38643.98,6278.43,13864.4,1059.01,4593.6,93498.24,1813.0,780542.44,2887.2478
15577.35,182.12001,285.74002,3307.99,1705.02,521.24,182.21,19.18,564.96,3274.9202,1813.6,7879.0195,51.44771
39617.19,1023.64,3990.9402,51042.273,10647.74,3103.8901,930.23,131.52,2277.0,22055.88,1815.0,110046.52,287.03186
14786.5205,218.23001,69.08,1986.05,563.63,332.84,891.87,163.03,1280.4,1564.2001,1815.9,1904.8179,12.357813
60577.23,1442.8301,48743.793,262143.0,73308.016,11500.25,26271.12,2160.49,9152.88,159309.48,1817.6,1344065.5,2299.6943
36950.64,629.57,17249.59,208791.17,33222.77,6276.8604,22610.48,1971.43,7306.2,62674.92,1817.8,475641.66,1333.768
63842.34,1475.8,61853.293,262143.0,85089.29,13944.74,27061.61,2420.79,10659.0,195690.0,1818.8,1705548.0,2769.1484
32900.79,431.75,492.98,6677.2104,1698.7401,508.68002,3037.29,235.64,4209.48,4658.2803,1819.6,13593.473,41.84222
23791.89,485.13,241.78001,2519.85,1092.7201,409.77002,258.93,24.66,572.88,2781.24,1820.0,6666.863,28.056309
61105.32,1439.6901,68836.65,262143.0,97432.63,15926.08,31603.16,2505.73,8635.44,214729.69,1822.8,1898107.6,3219.9924
12808.14,230.79001,91.060005,1543.31,549.5,47.100002,713.77,116.45,1202.52,2040.7201,1823.5,2510.8962,19.32781
33854.31,544.79004,17973.361,220825.22,25058.771,3962.6802,8446.05,738.43,4443.12,59075.28,1824.9,495599.0,1516.9741
21637.77,307.72,174.27,2645.4502,1254.43,238.64001,1790.59,171.25,1364.88,2379.9602,1825.6,4805.336,22.028154
36784.47,576.19,521.24,7710.27,2577.9402,635.85004,3027.7,337.02,6237.0005,7329.9604,1826.5,14372.716,39.5156
11444.85,266.9,117.75001,949.85004,632.71,277.89,106.86,30.14,352.44,826.32,1827.8,3246.8486,28.417099
56297.7,1240.3,38984.67,262143.0,52555.75,7514.02,16000.23,1489.1901,5734.08,125070.01,1828.1,1074966.6,1978.9408
74798.25,1962.5001,76930.0,262143.0,113415.234,19717.63,42559.05,3668.86,18237.121,252426.25,1828.6,2121274.5,2939.7175
55946.22,1400.4401,50056.312,262143.0,74400.734,11371.511,24814.81,2082.4,7791.9604,158887.1,1828.6,1380257.0,2557.2153
21616.89,285.74002,103.62,2103.8,830.53,166.42,1178.2,65.76,2172.72,3702.6,1829.3,2857.2268,12.705641
39933.87,645.27,20179.21,245679.89,27621.012,4449.3804,9416.01,891.87,4639.8003,66576.84,1830.1,556423.3,1443.8135
102794.85,3097.61,126074.14,262143.0,175989.16,26401.121,53298.48,4875.83,18572.4,262143.0,1831.5,3476379.0,3505.7407
30003.69,419.19,15924.511,191739.39,22593.871,3260.8901,7870.65,634.31,3626.04,50552.043,1833.0,439103.8,1516.5409
88499.01,3391.2002,151216.12,262143.0,217859.48,35499.27,68615.08,5759.48,23905.201,262143.0,1834.4,4169646.2,4884.496
27249.27,480.42,16431.621,200586.34,24353.84,3844.9302,8402.21,686.37,3395.04,53231.64,1839.3,453086.9,1723.1481
13106.55,105.19,222.94,2778.9001,1202.62,340.69,104.12,78.090004,483.12003,2118.6,1839.7,6147.3667,47.634964
57587.04,982.82,37961.03,262143.0,52100.453,9247.301,12591.67,1306.98,5639.04,121682.88,1839.9,1046740.7,1883.7869
114727.77,7485.7603,262143.0,262143.0,262143.0,70452.18,157266.4,13110.9,53958.96,262143.0,1840.7,7228353.5,6532.091
112383.12,5159.02,197988.0,262143.0,262143.0,43404.223,77959.85,7292.5103,34772.76,262143.0,1842.3,5459338.0,5036.172
48897.48,763.02,27754.46,262143.0,40414.94,6751.0,17066.09,1393.29,7749.72,97561.2,1844.4,765303.9,1621.9133
61759.56,1880.8601,77674.18,262143.0,108169.87,16563.5,32519.69,2990.71,10457.04,247259.77,1844.4,2141794.5,3595.015
10572.24,226.08,1270.13,16605.89,4416.41,1196.3401,5349.85,595.95,2027.52,7725.9604,1845.2,35022.67,342.50266
147705.98,5137.04,134786.08,262143.0,197127.64,26503.17,65664.1,5970.46,30848.4,262143.0,1846.0,3716602.8,2608.1313
24743.67,511.82,712.78,9148.391,2499.4402,604.45,217.83,65.76,715.44,4886.64,1846.4,19654.258,81.36456
61919.64,3953.2603,133895.89,262143.0,191448.95,34127.09,57383.82,5223.81,22649.88,262143.0,1846.7,3692056.8,6181.8374
64603.59,3103.8901,115853.445,262143.0,167666.58,27139.021,50579.03,4048.35,16368.001,262143.0,1848.6,3194552.8,5126.448
26530.65,618.58,23529.59,262143.0,33236.902,4640.92,9653.0205,801.45,3409.56,74323.92,1849.2,648806.94,2534.8027
69727.89,1427.13,45599.082,262143.0,66120.555,11019.83,22117.28,2094.73,8079.72,148515.84,1851.8,1257353.0,1868.8147
14281.92,317.14,180.55,2543.4001,726.91003,116.18,71.24,-12.33,426.36002,1873.0801,1852.0,4978.501,35.14597
121672.11,4323.7803,159711.39,262143.0,225926.14,35806.992,72636.03,6758.21,32066.762,262143.0,1852.6,4403895.5,3752.132
65636.28,1031.49,45131.223,262143.0,63740.434,8991.391,20221.2,1720.72,8219.641,144683.89,1854.4,1244452.1,1964.9935
14671.68,197.82,4223.3003,50062.59,9467.101,1618.67,8191.23,695.96,2426.1602,17421.361,1856.8,116453.64,822.0403
43151.13,813.26,29705.97,262143.0,41523.363,6199.93,11298.39,941.19,4597.56,94523.88,1857.6,819114.94,1967.3419
30554.4,499.26,2375.4102,28384.031,4162.0703,634.28,78.090004,68.5,678.48004,10578.48,1860.9,65499.76,221.28688
46292.7,806.98004,22033.38,262143.0,31093.852,4954.92,9466.7,857.62,4032.6,70420.68,1861.8,607550.3,1359.873
14465.49,169.56001,624.86005,8440.32,3077.2002,1565.29,324.69,49.32,1450.68,6613.2,1862.9,17229.943,122.508995
44330.85,905.89,35974.98,262143.0,49519.37,6771.41,12375.21,982.29,4946.04,111278.64,1862.9,991977.2,2319.2966
6946.08,25.12,-21.980001,64.37,65.94,149.15001,47.95,-60.28,62.04,30.36,1863.5,-606.0784,-10.047673
45284.37,973.4,31264.98,262143.0,48505.152,8625.58,20693.85,2024.86,13345.2,111467.41,1864.6,862103.25,1973.053
81994.02,1722.29,70193.13,262143.0,100147.164,14156.69,31094.89,2575.6,11288.641,228231.97,1864.8,1935511.4,2446.7183
86648.52,1686.18,59692.973,262143.0,83877.25,13982.421,26267.01,2337.22,14364.24,193464.48,1866.2,1645979.1,1968.7498
12735.93,100.48,464.72,5944.02,3077.2002,1106.8501,4521.0,469.91,1349.04,6370.3203,1866.2,12814.229,103.33012
31052.91,494.55002,21240.531,255459.42,28834.621,3651.82,7144.55,615.13,5336.7603,67796.52,1867.8,585688.25,1954.7443
10897.62,500.83002,12286.82,149292.88,22958.111,3532.5,12205.33,1015.17,4543.44,46091.76,1868.8,338797.84,3222.7166
51932.04,1048.76,40305.043,262143.0,56259.383,8738.62,18751.19,1593.31,5784.24,128525.766,1869.2,1111374.8,2218.0803
10902.84,70.65,124.03001,1888.7101,529.09,216.66,94.53,-8.22,355.08002,1821.6001,1869.6,3420.014,31.52641
24324.33,372.09003,109.9,3089.76,1500.92,460.01,2466.0,95.9,4575.12,7336.56,1869.9,3030.392,11.918314
20104.83,287.31,227.65001,3152.56,686.09,252.77,160.29,-21.92,528.0,2434.08,1870.8,6277.2407,31.37548
112998.21,5582.9204,229549.7,262143.0,262143.0,46153.293,91920.15,7811.74,37419.363,262143.0,1873.7,6329623.0,5807.3687
14623.83,138.16,95.770004,1852.6001,441.17,42.390003,627.46,173.99,1306.8,2057.8801,1874.4,2640.7703,17.724808
12599.34,180.55,56.52,1580.9901,460.01,3.14,1059.01,38.36,901.56006,1325.28,1874.7,1558.4873,11.826358
59411.43,2177.59,86709.53,262143.0,121362.57,18968.74,35382.99,2979.75,12851.5205,262143.0,1875.4,2390936.0,4171.9756
54850.02,998.52,36962.51,262143.0,54138.312,8435.61,18268.95,1728.9401,6404.64,117993.484,1876.1,1019207.44,1925.7869
73653.33,2486.8801,121224.414,262143.0,172353.03,26445.08,51517.48,4959.4,16316.5205,262143.0,1877.8,3342652.2,4704.9434
41475.51,1281.12,5290.9004,66360.766,15495.9,4185.62,14261.7,1341.23,4522.3203,28430.16,1878.4,145891.73,363.74286
28599.51,417.62003,15236.851,183663.31,21216.98,3827.6602,5619.74,452.1,3058.4402,49724.402,1880.1,420142.22,1522.3007
38783.73,1105.28,36932.68,262143.0,53541.71,9193.92,22372.1,2023.49,6324.12,116211.484,1880.2,1018384.9,2721.7654
10787.13,109.9,-4.71,40.82,-15.700001,-7.8500004,27.4,-41.1,54.120003,153.12001,1880.5,-129.87395,-2.2484293
81345.87,3056.79,86191.43,262143.0,127085.23,20830.76,51965.47,4749.79,17922.96,262143.0,1880.9,2376649.8,3028.5461
25822.47,623.29004,25606.701,262143.0,34751.95,5297.18,10209.24,926.12,4489.3203,83103.24,1883.5,706081.4,2834.338
14102.7,81.64,485.13,6101.02,2312.61,290.45,209.61,95.9,757.68005,4589.64,1884.3,13377.016,97.3569
58662.36,1208.9,39179.35,262143.0,52791.25,7818.6,14504.19,1164.5,6313.56,129041.88,1886.7,1080334.8,1908.6189
45242.61,1009.51,32305.89,262143.0,45277.23,7422.9604,15342.63,1274.1,5392.2,104796.125,1887.5,890805.4,2040.6582
24842.85,595.03,25911.281,262143.0,46117.18,7970.89,20965.11,1709.76,5632.4404,86986.68,1887.8,714479.9,2981.198
5906.43,76.93,61.230003,496.12003,516.53,207.24,72.61,23.29,170.28001,842.16003,1891.0,1688.3613,28.640682
12809.01,163.28,326.56,3491.6802,987.53,507.11002,-4.11,79.46,611.16003,2465.76,1891.1,9004.593,71.894775
15504.2705,262.19,315.57,4094.56,1031.49,48.670002,138.37,83.57,205.92001,2113.32,1891.4,8701.555,57.196037
76090.2,1918.54,83561.68,262143.0,123419.27,23267.4,44270.18,3560.6301,14100.24,262143.0,1892.4,2304137.0,3138.984
80863.02,1755.26,56417.953,262143.0,78751.2,13517.7,28002.8,2629.03,10197.0,180630.12,1892.4,1555673.5,1993.878
59851.65,1022.07,48095.383,262143.0,64841.004,10514.29,19438.93,1765.93,7737.8403,152371.56,1893.6,1326186.1,2296.6096
19459.291,185.26001,153.86,2001.7501,1168.0801,394.07,141.11,38.36,608.52,3194.4001,1894.7,4242.549,21.607248
20177.91,659.4,9696.32,121620.055,21611.05,3885.7502,23307.81,2222.14,7287.72,48007.082,1895.0,267367.16,1372.9779
83728.8,2904.5,115280.39,262143.0,165542.38,26839.15,50521.49,4712.8,21201.842,262143.0,1895.1,3178751.2,3935.6753
51909.42,893.33,33921.42,262143.0,46302.44,5837.2603,14476.79,1152.17,5207.4004,106774.805,1898.1,935352.2,1867.43
27965.28,372.09003,12935.23,155255.73,20436.691,3314.27,9299.56,864.47003,3434.6401,45372.363,1898.5,356677.16,1321.5254
25278.72,621.72003,23633.21,262143.0,34985.883,5728.93,10762.72,991.88,4546.08,76183.805,1898.7,651664.2,2672.109
29524.32,532.23004,3069.35,39998.89,12258.561,2441.35,18715.57,1570.02,5654.8804,22156.201,1899.2,84634.52,296.24567
13256.19,117.75001,243.35,3645.54,764.59,135.02,21.92,73.98,242.88,1879.68,1901.4,6710.154,51.48819
14208.84,260.62,135.02,1219.89,551.07,146.01001,231.53,-19.18,212.52,1322.64,1901.4,3723.0532,26.169928
65736.33,2493.1602,87395.625,262143.0,123306.234,19606.16,40199.91,3779.83,16506.602,262143.0,1903.9,2409854.5,3800.3096
18914.67,210.38,8306.87,99993.305,11899.03,1683.04,3701.74,412.37,2162.1602,26617.8,1904.0,229054.34,1254.7051
13464.12,226.08,98.91,1733.28,243.35,108.33,1048.05,90.42,1601.16,1991.8801,1904.0,2727.3528,20.004446
13379.73,136.59001,98.91,1386.31,571.48004,122.46001,737.06,116.45,1261.92,1631.52,1904.3,2727.3528,20.136927
89525.61,3584.31,143849.69,262143.0,201633.53,33252.6,61230.78,5249.84,21778.682,262143.0,1904.5,3966523.5,4593.2075
14227.98,204.1,113.04,1530.75,711.21,241.78001,247.97,50.69,319.44,1430.88,1909.1,3116.9746,21.716314
45419.22,719.06,23413.41,262143.0,34423.82,6334.95,12497.14,1120.66,4519.68,76775.164,1909.3,645603.4,1472.9203
26274.871,671.96,25823.361,262143.0,35197.832,5454.18,12717.71,1079.56,3883.4402,81447.96,1909.6,712055.56,2809.0962
6277.92,3678.51,70.65,2166.6,4931.37,2711.3901,312.36002,101.38,377.52002,9864.36,1909.6,1948.1091,31.176987
110984.164,3446.1501,141406.77,262143.0,200779.45,33604.28,71944.18,6189.66,24350.041,262143.0,1910.8,3899162.2,3641.9915
5904.69,98.91,-32.97,7.8500004,-111.47,14.13,121.93,15.07,46.2,-88.44,1911.1,-909.1176,-16.96507
64534.86,1478.9401,61233.14,262143.0,92630.0,14078.19,30986.66,2942.76,8634.12,200500.1,1912.8,1688447.9,2711.9463
32284.83,569.91003,25391.611,262143.0,34301.36,4728.8403,8473.45,863.1,4266.24,83610.125,1912.9,700150.44,2247.7478
63221.16,1223.03,61757.523,262143.0,86409.664,13288.48,22873.52,2108.43,10719.721,195997.56,1913.8,1702907.2,2792.0352
50476.53,841.52,39490.21,262143.0,58091.57,9379.181,16504.39,1389.18,6053.52,125852.766,1914.1,1088906.5,2235.9124
50015.43,1080.16,44380.76,262143.0,62705.8,9686.9,20563.7,1711.13,5467.4404,140590.56,1915.8,1223758.9,2536.1125
5145.18,64.37,20.41,-54.95,39.25,-7.8500004,-19.18,-42.47,-50.160004,55.440002,1916.6,562.78705,10.342046
117799.74,2891.9402,107965.766,262143.0,160772.72,25923.842,47759.57,4227.82,20648.762,262143.0,1919.0,2977057.2,2619.5396
4898.1,144.44,28.26,193.11,733.19,841.52,73.98,17.81,118.8,1764.8401,1920.5,779.24365,15.496563
61138.38,1234.02,46652.55,262143.0,64963.46,10470.33,19695.12,1568.65,6895.68,151037.05,1920.5,1286401.4,2180.7773
67368.45,1326.65,50652.91,262143.0,72072.42,12839.46,24797.0,2197.48,10806.841,165101.64,1921.6,1396707.6,2148.7937
36226.8,726.91003,27409.06,262143.0,39179.35,4906.25,8069.3,757.61,4065.6,85108.32,1923.0,755779.75,2162.282
92648.04,2263.9402,97933.46,262143.0,136546.05,20724.0,36673.53,3404.45,11986.921,262143.0,1923.4,2700425.5,3021.3435
78913.35,1706.5901,49511.523,262143.0,65235.07,9566.011,15517.99,1343.97,8066.5205,160023.61,1928.9,1365235.0,1792.9271
126618.06,5524.83,162176.3,262143.0,226276.25,36935.82,72004.46,6010.19,23419.441,262143.0,1931.8,4471863.0,3661.1887
33101.76,389.36002,13811.29,166925.55,18624.91,3559.1902,6569.15,715.14,3890.04,46071.96,1933.0,380833.7,1191.9772
14481.15,233.93001,103.62,1687.75,494.55002,125.600006,1000.1,75.35,1107.4801,1833.4801,1933.0,2857.2268,19.459242
81679.95,2728.6602,73568.63,262143.0,103660.82,17285.701,36602.29,3148.26,10963.921,238186.1,1934.2,2028587.8,2574.2903
14812.62,158.57,76.93,1243.4401,728.48004,76.93,878.17,95.9,1073.16,2137.08,1934.7,2121.2744,13.849535
62905.35,1285.8301,64131.363,262143.0,89376.96,13462.75,28176.791,2441.34,11072.16,209099.89,1935.4,1768363.6,2913.955
47622.93,847.80005,26638.191,262143.0,39295.53,6451.1304,15256.32,1164.5,5945.2803,88393.805,1935.6,734523.75,1598.3282
23225.52,423.90002,21695.83,262143.0,33061.062,6559.4604,11809.4,1241.22,4725.6,72490.445,1937.6,598242.7,2669.9136
28378.53,472.57,18978.16,228851.06,28305.531,4535.73,8631.0,704.18,3343.56,61930.44,1938.3,523305.4,1911.1115
22618.26,390.93002,254.34001,4251.56,1299.9601,492.98,2401.61,172.62,3599.6401,5464.8003,1938.6,7013.1934,31.151741
21207.12,337.55002,95.770004,2259.23,568.34,83.21,1461.79,115.08,2038.0801,2197.8,1939.1,2640.7703,11.912098
29606.1,449.02002,13316.74,162402.38,18480.47,3380.2102,5737.56,491.83,2845.9202,42057.84,1939.7,367196.94,1285.0734
15138.0,89.490005,219.8,3628.27,2265.51,563.63,3207.17,304.14,840.84,3253.8,1940.2,6060.784,40.515305
21682.14,695.51,213.52,3209.08,1359.62,359.53,247.97,76.72,563.64,2521.2002,1940.7,5887.6187,27.156935
10268.61,70.65,270.04,3570.1802,863.5,205.67001,-15.07,-19.18,281.16,2271.72,1940.9,7446.1064,74.190926
16937.16,200.96,466.29,6099.45,2130.49,447.45,504.16,34.25,1139.16,4802.16,1940.9,12857.5205,77.71627
100574.61,5184.14,197451.06,262143.0,262143.0,48839.562,104430.99,9283.12,42401.043,262143.0,1941.9,5444532.5,5612.324
30462.18,883.91003,36166.52,262143.0,54960.992,8550.221,17174.32,1456.31,5731.4404,115641.24,1942.4,997258.7,3393.648
22566.06,298.30002,350.11002,4458.8003,1358.05,337.55002,150.7,90.42,419.76,2881.56,1942.6,9653.964,43.360638
30725.791,543.22003,20573.281,250669.34,28027.64,3659.6702,8424.13,780.9,3839.8801,67287.0,1943.0,567289.44,1913.4741
19387.08,510.25003,381.51,6953.5303,3818.2402,1265.42,808.3,183.58,1445.4,7100.2803,1944.0,10519.789,55.26554
44510.94,1164.9401,47351.203,262143.0,68348.38,9949.091,19062.18,1807.03,7624.3203,151199.4,1944.9,1305666.1,3040.678
17272.11,255.91,43.960003,1515.05,536.94,260.62,1196.01,82.2,1309.4401,1411.0801,1945.8,1212.1569,6.27715
82358.55,1800.79,78565.945,262143.0,111033.55,16817.84,30463.32,2493.4,12776.28,250575.61,1946.0,2166384.0,2726.562
66025.17,1863.5901,57320.703,262143.0,79013.39,11886.471,26294.41,2457.78,13361.041,187894.1,1946.4,1580566.0,2481.281
24552.27,449.02002,108.33,2975.1501,1361.1901,230.79001,1505.63,146.59,1675.0801,3336.9602,1946.6,2987.1006,11.615547
114653.82,3951.6902,184443.61,262143.0,262143.0,43416.78,92290.05,7989.84,31676.041,262143.0,1951.2,5085864.0,4598.643
75347.22,1069.17,48866.25,262143.0,66007.516,10302.341,19290.97,1607.01,7995.24,154194.48,1953.3,1347442.1,1853.3461
10412.16,138.16,65.94,1245.01,304.58002,15.700001,620.61,2.74,1042.8,957.00006,1953.8,1818.2352,17.107443
31079.88,811.69,4805.77,58713.293,6619.12,1193.2001,178.1,53.43,884.4,16630.68,1954.0,132514.72,441.11237
18659.76,301.44,237.07,2436.6401,692.37,241.78001,131.52,-39.73,427.68002,1667.16,1955.2,6536.989,35.326168
44792.82,948.28,22710.05,262143.0,35069.09,6243.89,9398.2,822.0,4792.9204,80508.125,1955.5,626208.9,1448.635
27453.72,387.79,20011.22,243244.81,26938.06,3654.9602,6088.28,457.58,2324.52,61611.004,1955.8,551791.1,2083.1135
37750.17,725.34,32352.99,262143.0,43669.55,6853.0503,11940.92,941.19,5445.0,105139.32,1957.7,892104.1,2449.4424
11262.15,230.79001,942.00006,13129.91,4989.46,1719.15,3296.22,342.5,1925.8801,8668.44,1959.4,25974.79,238.15451
107177.04,2028.4401,81900.625,262143.0,111270.62,17938.82,31436.02,2796.17,14006.5205,259634.77,1959.4,2258334.8,2183.9143
92167.8,3719.33,132245.81,262143.0,184471.86,31158.22,54541.07,4874.46,22173.361,262143.0,1959.6,3646557.2,4101.5293
31520.1,519.67004,20813.49,251768.34,30506.672,4815.19,7882.98,687.74,2841.9602,66782.766,1960.3,573912.94,1887.0188
3480.87,47.100002,51.81,125.600006,54.95,20.41,24.66,13.7,-175.56001,58.08,1963.5,1428.6134,41.55737
70115.914,1761.54,72636.055,262143.0,101155.1,18081.691,32007.31,2834.53,11363.881,228066.97,1963.8,2002872.8,2960.997
61964.88,1328.2201,53788.203,262143.0,71789.82,12294.671,24781.93,1916.63,6585.4805,168793.69,1964.1,1483160.5,2480.9353
104425.234,4229.58,167886.39,262143.0,238277.34,36615.543,74500.6,6373.24,24533.521,262143.0,1965.2,4629313.5,4595.836
83595.69,2851.12,119630.87,262143.0,161011.36,27010.281,45496.332,4112.74,19044.96,262143.0,1965.5,3298711.8,4090.7434
65090.79,1420.8501,51225.96,262143.0,70872.945,11997.94,23205.06,1918.0,9399.721,161154.84,1967.1,1412509.0,2249.192
44305.62,1084.87,31684.172,262143.0,52521.21,8749.61,26012.19,2023.49,11160.601,112330.69,1967.2,873662.06,2043.7137
19358.37,326.56,9363.48,116227.1,13161.311,2055.1301,3319.51,343.87,2056.56,31595.521,1968.6,258189.4,1381.9851
83676.6,2614.05,93127.695,262143.0,128540.62,20510.48,34045.87,3289.37,13291.08,262143.0,1969.0,2567911.0,3181.173
52575.84,1072.31,44964.8,262143.0,68367.22,12560.0,24612.05,2431.75,9955.44,148113.25,1969.4,1239863.2,2444.3186
77162.04,3348.81,115911.53,262143.0,179237.48,29991.71,69232.95,5889.63,23666.281,262143.0,1969.6,3196154.5,4294.087
14153.16,169.56001,5407.08,66230.45,7130.9404,1263.8501,1135.73,172.62,803.88,17776.441,1970.9,149095.28,1091.3413
93081.3,3816.6702,142328.36,262143.0,196301.81,30756.3,55601.45,4916.93,19975.56,262143.0,1971.2,3924574.2,4370.978
45538.41,747.32,16335.851,200021.14,27826.682,4923.52,14900.12,1400.14,3958.6802,54172.8,1971.6,450446.12,1024.6823
3199.86,131.88,3328.4001,39298.67,4298.66,714.35004,83.57,-36.99,287.76,11226.601,1972.6,91777.586,2973.086
49984.11,777.15,22133.861,262143.0,33971.66,4293.95,16879.77,1389.18,5471.4004,76921.68,1972.6,610321.0,1265.1182
28856.16,419.19,139.73001,3695.78,1369.04,249.63,2486.55,242.49,2130.48,4094.6401,1973.7,3852.9272,12.845229
63924.992,1260.7101,45862.84,262143.0,66264.99,10738.801,23220.13,1960.47,9604.32,150794.17,1974.0,1264625.9,2050.3477
62205.0,1000.09,33094.03,262143.0,45811.03,5667.7,9257.09,765.83,7718.0405,106942.445,1974.8,912537.6,1520.1547
18193.44,114.61,690.80005,9774.82,2518.28,934.15,205.5,126.04,807.84,5253.6,1975.0,19048.18,107.564186
63813.63,1196.3401,40330.16,262143.0,55442.98,7319.3403,14853.54,1085.04,8549.641,132875.17,1975.6,1112067.2,1806.0305
40789.95,679.81,23253.271,262143.0,31896.121,4928.23,11960.1,1146.6901,4935.48,77559.24,1976.3,641187.7,1628.971
7729.08,61.230003,64.37,1408.29,620.15,189.97,24.66,24.66,291.72,1289.64,1977.3,1774.944,22.812485
25159.53,547.93,7628.6304,90829.21,13214.69,2943.75,8562.5,808.3,1752.9601,28864.441,1977.6,210352.5,865.94794
42742.23,733.19,23041.32,262143.0,31156.65,4705.29,10338.0205,822.0,4490.64,76480.805,1978.4,635343.3,1540.3425
15897.51,287.31,150.72,2161.8901,722.2,7.8500004,945.3,165.77,764.28,1609.0801,1978.7,4155.9663,26.107584
37960.71,1168.0801,2873.1,34130.23,5003.5903,780.29004,894.61,63.02,1346.4,13178.881,1979.1,79223.11,215.40408
32171.73,681.38,25090.17,262143.0,37154.05,5480.87,11243.59,954.89,3890.04,79800.6,1979.8,691838.5,2228.863
112519.71,3075.6301,93509.2,262143.0,126964.336,18456.92,37350.31,3029.07,15007.081,262143.0,1980.4,2578430.8,2375.1548
128559.9,4023.9102,128639.52,262143.0,185944.53,31060.88,56778.28,5343.0,26764.32,262143.0,1983.9,3547117.2,2860.0002
13913.91,161.71,43.960003,1789.8,585.61005,97.340004,1149.43,121.93,1422.9601,1647.3601,1984.3,1212.1569,8.03353
70075.89,2358.1401,105083.24,262143.0,144612.7,21801.021,43385.16,3477.06,15731.761,262143.0,1984.4,2897574.2,4286.5957
24530.52,357.96002,237.07,3132.1501,1460.1001,230.79001,2037.1901,267.15,1994.52,2354.8801,1985.4,6536.989,26.632416
68857.89,2026.8701,78848.54,262143.0,125703.625,21612.621,57987.99,4466.2,17241.84,259248.02,1985.4,2174176.2,3273.0771
41334.57,971.83,35186.84,262143.0,51078.383,8218.95,16935.94,1507.0,5632.4404,112412.52,1987.7,970244.94,2432.9734
64803.69,2409.9502,104483.5,262143.0,147055.62,25272.291,44333.2,4048.35,9888.12,262143.0,1988.2,2881037.0,4608.958
53166.57,932.58,35290.46,262143.0,48869.39,8058.81,14326.09,1113.81,6159.12,111005.41,1989.3,973102.2,1896.8755
82899.69,1452.25,59713.383,262143.0,88450.664,14043.65,31553.84,2909.8801,11106.48,194274.97,1989.7,1646541.9,2058.5283
6251.82,274.75,5898.49,70028.28,8050.9604,1546.4501,53.43,76.72,649.44,19802.64,1989.8,162645.47,2696.6362
61103.582,2331.4502,86891.66,262143.0,130953.7,22932.99,50135.15,4937.48,21703.441,262143.0,1991.5,2395958.0,4064.935
4022.01,1025.2101,50.24,1624.9501,3188.6702,1248.15,220.57,89.05,66.0,2940.9602,1992.2,1385.3221,34.715397
110127.21,6028.8003,176449.17,262143.0,246227.81,38811.973,82812.39,7466.5,34812.363,262143.0,1992.7,4865424.5,4580.144
43801.02,744.18005,36626.53,262143.0,52835.21,7948.91,15815.28,1439.87,6210.6,115076.28,1993.7,1009943.1,2389.8955
14060.94,389.36002,262.19,3672.2302,852.51,251.20001,243.86,-24.66,43.56,1916.6401,1995.6,7229.6494,52.315163
65002.05,1882.43,108876.37,262143.0,152629.12,22463.56,43470.1,3529.12,11548.681,262143.0,1996.2,3002166.2,4788.118
29759.22,687.66003,1160.23,13172.301,3150.99,533.8,297.29,-100.01,947.76,7743.12,1996.4,31992.281,110.47347
32429.25,554.21,27759.172,262143.0,37896.66,5510.7,10636.68,889.13,3714.4802,85896.37,1997.1,765433.75,2446.4768
60270.992,2116.36,99976.03,262143.0,140769.34,24124.621,36343.36,2893.44,16434.0,262143.0,1997.1,2756747.5,4741.819
47689.92,838.38,28007.23,262143.0,38568.62,5361.5503,10103.75,831.59,6281.8804,92130.73,1997.3,772273.75,1678.1619
48468.57,1067.6,42449.66,262143.0,59994.41,8908.181,15115.21,1190.53,5025.24,128748.84,1997.9,1170510.5,2503.1653
40654.23,806.98004,30302.57,262143.0,44754.42,8143.5903,14415.14,1523.4401,5134.8003,96184.445,1998.9,835565.7,2130.1926
74730.39,2260.8,84795.7,262143.0,119434.62,19449.16,38655.92,3341.43,15127.2,262143.0,1999.2,2338164.0,3243.3342
47379.332,825.82,36598.27,262143.0,51235.383,7404.12,17122.26,1539.88,5221.9204,115729.69,2004.5,1009163.8,2207.6182
30149.85,541.65,18108.38,222994.95,24652.14,3796.26,6106.09,479.5,3162.7202,57621.96,2005.7,499322.03,1716.2893
94018.29,2042.5701,69908.96,262143.0,102046.87,14666.94,28716.57,2386.54,13498.32,226162.2,2006.9,1927675.6,2125.0305
27425.01,348.54,16695.38,199663.19,24355.41,4060.02,7510.34,639.79,3854.4001,54380.043,2009.2,460359.84,1739.5983
55698.27,868.21,40137.05,262143.0,55458.684,7481.0503,16266.01,1453.57,5565.12,124912.92,2010.7,1106742.5,2059.4058
31796.76,742.61005,32503.71,262143.0,44829.78,7773.0703,16649.61,1405.62,4931.52,103238.52,2012.2,896260.1,2921.8
39404.04,726.91003,233.93001,3659.6702,2147.76,637.42004,619.24,36.99,1054.68,5060.8804,2013.8,6450.406,15.97439
34995.75,730.05005,22736.74,262143.0,31662.191,5129.19,8266.58,904.2,4016.7603,71839.68,2015.7,626944.8,1856.6415
75105.36,2386.4001,96668.05,262143.0,138155.3,23510.75,43713.96,3579.81,15615.601,262143.0,2015.8,2665533.0,3679.1116
113134.8,4542.0103,153987.17,262143.0,217488.97,32467.602,52450.45,4830.62,21827.521,262143.0,2016.2,4246055.5,3890.682
40109.61,2723.9502,108394.375,262143.0,152291.58,25429.291,47856.84,4234.67,13391.4,262143.0,2016.6,2988875.8,7725.936
56019.3,943.57,34784.92,262143.0,49594.73,8200.11,14652.15,1219.3,6033.72,109665.6,2017.0,959162.4,1774.4249
43894.11,1507.2001,47808.07,262143.0,69249.56,11600.73,27372.6,2296.12,7694.2803,158166.36,2017.2,1318263.8,3113.182
32700.69,899.61005,32550.81,262143.0,48352.863,7900.24,14298.69,1245.33,4221.3604,102302.64,2017.9,897558.8,2845.1243
82138.44,2431.9302,87954.54,262143.0,130160.85,19422.47,49115.87,4214.12,16701.96,262143.0,2018.9,2425266.0,3060.6873
9096.72,135.02,53.38,924.73004,213.52,-48.670002,1009.69,31.51,632.28,1201.2001,2019.8,1471.9047,15.778099
51243.0,1186.92,49428.312,262143.0,70135.04,9154.67,21636.41,1856.35,7828.9204,157107.72,2020.5,1362940.5,2756.9744
58560.57,1380.03,62449.89,262143.0,89136.75,14825.511,31927.85,2574.23,8413.681,195789.0,2022.5,1721998.6,3048.126
34351.082,524.38,16912.041,206707.78,23752.531,3378.6401,6723.96,557.59,3507.2402,58146.004,2023.1,466334.06,1406.6821
3219.87,106.76,54.95,175.84001,315.57,135.02,2.74,34.25,-59.4,294.36002,2023.6,1515.196,47.79534
9910.17,45.530003,697.08,8487.42,2026.8701,350.11002,1198.75,100.01,938.52,4169.8804,2024.4,19221.344,200.11781
36686.16,660.97003,32409.512,262143.0,45570.82,5998.97,13886.32,1175.46,6189.4805,104714.28,2025.0,893662.6,2524.918
72268.29,1238.73,64106.242,262143.0,84373.375,12817.48,22126.87,2104.32,9344.28,200642.64,2025.1,1767671.0,2535.3054
51783.27,912.17004,39050.61,262143.0,53025.184,7433.95,8109.03,805.56,4455.0,126086.41,2025.8,1076784.9,2155.1917
16352.5205,213.52,152.29001,2328.31,439.6,149.15001,1363.15,78.090004,1912.68,2180.6401,2029.6,4199.258,25.627827
73869.09,3457.1401,103952.84,262143.0,148980.44,24708.66,53439.59,4881.31,18740.041,262143.0,2030.8,2866404.5,4022.672
3863.67,43.960003,-1.57,-65.94,43.960003,61.230003,106.86,42.47,30.36,-163.68001,2030.9,-43.291317,-2.1618462
20518.08,273.18002,7823.31,96324.21,12195.761,1650.0701,4462.09,391.82,2481.6,26928.002,2030.9,215720.62,1089.1915
13110.9,130.31,185.26001,2909.2102,909.03,166.42,326.06,16.44,462.00003,2506.6802,2031.5,5108.3755,39.40156
154645.98,6082.18,246149.31,262143.0,262143.0,52266.87,101755.38,9455.74,36498.0,262143.0,2031.6,6787342.0,4550.0225
67901.76,2494.73,103605.875,262143.0,144443.14,22732.031,42675.5,4163.43,16789.08,262143.0,2031.7,2856837.2,4361.67
20507.64,277.89,292.02002,3866.9102,1981.3401,1391.02,853.51,138.37,1487.64,5070.12,2031.8,8052.185,39.714203
57928.082,1570.0,73063.09,262143.0,102561.82,15932.36,30176.99,2723.56,8424.24,228577.81,2033.0,2014648.0,3605.2673
58683.242,2662.72,91793.195,262143.0,136042.08,22011.4,43360.5,3959.3,14488.32,262143.0,2033.2,2531113.5,4471.449
18853.77,158.57,174.27,2182.3,940.43005,412.91,317.84,23.29,728.64,2791.8,2034.3,4805.336,25.428556
30827.58,635.85004,20106.99,242857.03,27817.262,3881.04,7382.93,830.22003,3698.6401,66186.125,2034.4,554431.9,1863.9047
21897.03,244.92001,764.59,9584.851,1427.13,260.62,116.45,43.84,382.80002,4093.32,2034.9,21082.871,98.83721
78431.37,3193.3801,157868.22,262143.0,224002.89,33657.66,65247.62,5695.09,22971.96,262143.0,2035.6,4353071.5,5754.114
47397.6,869.78,21725.66,262143.0,34331.19,6019.3804,12391.65,1027.5,5619.24,73048.805,2037.0,599065.2,1309.5863
9166.32,100.48,14.13,657.83,251.20001,23.550001,476.76,-15.07,716.76,1387.3201,2037.2,389.62183,3.4075384
26096.52,665.68,24134.041,262143.0,40025.582,6060.2,15423.46,1405.62,5769.72,81818.88,2037.7,665474.1,2643.2131
45045.12,723.77,25559.602,262143.0,35704.94,5854.5303,8598.12,680.89,4224.0,81997.086,2038.0,704782.6,1621.3901
33693.36,609.16003,12825.33,163019.39,28515.91,5416.5,24590.13,2027.6,7234.9204,53840.164,2038.0,353646.75,1087.3617
55666.082,1109.99,30359.092,262143.0,45445.223,6681.9204,14593.24,1272.73,7421.0405,98064.125,2039.3,837124.2,1558.3625
15537.33,235.50002,47.100002,1877.7201,621.72003,200.96,1296.02,137.0,858.00006,2234.76,2039.3,1298.7395,7.667494
105143.85,4658.19,182451.28,262143.0,262143.0,41501.383,83298.74,7640.49,33469.92,262143.0,2041.1,5030927.0,4960.489
10678.38,141.3,122.46001,2387.97,992.24005,95.770004,-30.14,-23.29,352.44,1797.8401,2041.6,3376.7227,31.789734
96639.6,2902.9302,129228.27,262143.0,186987.0,29470.47,55750.78,4955.29,18528.84,262143.0,2041.9,3563351.5,3822.4148
12447.09,157.0,125.600006,1518.1901,460.01,189.97,782.27,45.21,1372.8,1338.4801,2042.0,3463.3052,27.851662
58829.4,1037.77,41002.12,262143.0,54690.953,8251.92,16904.43,1597.42,8174.7603,134708.64,2042.2,1130596.0,1991.7871
64152.06,1240.3,45363.582,262143.0,64125.082,10369.851,22203.59,2015.27,6363.72,144262.81,2043.8,1250859.2,2020.8352
71399.164,1967.2101,91661.31,262143.0,124744.35,18392.55,29518.02,2696.16,11144.761,262143.0,2044.3,2527476.8,3669.6414
31067.7,516.53,12191.051,150362.05,19483.701,2267.08,8236.44,745.28,3512.52,42427.44,2044.7,336157.06,1120.9695
54715.17,959.27,30142.432,262143.0,41468.41,6851.4805,12982.12,1224.78,7472.5205,98543.28,2045.7,831150.0,1574.1414
48199.742,1395.7301,48472.18,262143.0,70405.086,11611.721,24359.97,2039.93,9742.92,155971.2,2046.5,1336576.0,2874.3904
56784.03,1312.52,52797.53,262143.0,79776.414,13699.82,29154.97,2508.47,7753.68,172830.25,2047.1,1455843.6,2657.4983
14861.34,103.62,56.52,791.28,723.77,138.16,-6.85,30.14,278.52002,1372.8,2049.5,1558.4873,9.874097
47375.85,883.91003,35883.92,262143.0,54004.863,8675.82,18701.87,1648.11,4342.8003,115533.01,2050.1,989466.3,2164.668
32328.33,538.51,12933.66,157051.81,19373.8,2851.12,8778.96,772.68,3482.1602,43645.8,2050.2,356633.84,1142.8977
15364.2,624.86005,6623.83,82735.86,17031.361,3375.5,16705.78,1335.75,6399.3604,34089.0,2051.6,182646.06,1231.674
104036.34,3276.59,129022.6,262143.0,178791.61,31492.63,53906.76,5137.5,20304.24,262143.0,2052.2,3557680.2,3544.9265
13862.58,84.78001,282.6,3724.04,1667.3401,549.5,200.02,168.51,678.48004,2805.0,2052.7,7792.4365,57.28772
11218.65,84.78001,119.32001,1011.08,700.22003,529.09,78.090004,19.18,339.24002,1407.12,2052.8,3290.1401,29.410366
17129.43,384.65002,320.28,3471.27,913.74005,348.54,110.97,52.06,452.76,2839.32,2053.3,8831.428,52.460857
30483.06,434.89,15753.381,193749.0,22020.82,3607.86,7277.44,482.24,3061.08,52034.402,2053.3,434385.06,1476.6249
72119.52,2510.4302,91923.5,262143.0,122427.03,19197.96,31979.91,2952.35,15012.36,262143.0,2053.7,2534706.5,3643.372
23726.64,357.96002,185.26001,3124.3,816.4,146.01001,1419.32,198.65,1586.64,3437.28,2053.8,5108.3755,21.325153
85803.75,2099.09,84181.836,262143.0,129066.56,22031.81,54078.01,4590.87,19703.64,262143.0,2054.2,2321237.0,2804.1824
34241.46,546.36005,14670.08,181611.33,21268.791,3780.56,8136.43,723.36,4227.96,50229.96,2054.5,404514.03,1223.9805
26509.77,599.74,21990.99,262143.0,32309.031,5593.91,9606.44,872.69,3240.6,69780.484,2056.0,606381.44,2370.8533
42524.73,1968.78,64705.98,262143.0,101139.41,17133.41,47977.4,4304.54,14794.561,221766.61,2056.8,1784208.2,4349.627
36175.47,780.29004,27958.56,262143.0,39124.402,5361.5503,12288.9,1091.89,5394.8403,89510.52,2058.4,770931.75,2208.783
21708.24,558.92004,150.72,1904.41,907.46,368.95,393.19,15.07,1304.16,2692.8,2058.9,4155.9663,18.85159
65753.73,1144.53,41126.152,262143.0,58568.85,8581.62,18508.7,1507.0,6787.4404,130088.65,2060.5,1134016.0,1787.326
52028.61,952.99005,32734.502,262143.0,47046.62,6474.68,16568.78,1394.66,9543.601,105770.28,2060.6,902623.94,1797.9227
15791.37,169.56001,47.100002,1497.78,447.45,163.28,989.14,87.68,1075.8,2022.2401,2061.1,1298.7395,7.528057
24547.92,257.48,15425.251,188290.11,20438.26,2774.1902,3348.28,295.92,3050.52,49106.64,2061.2,425337.2,1795.6626
84237.75,2863.6802,86558.81,262143.0,122423.89,18255.96,32984.12,3042.77,12685.2,262143.0,2061.7,2386780.0,2937.0117
78059.01,2182.3,49156.703,262143.0,69419.125,11511.24,24003.77,2008.42,10862.28,159651.36,2061.9,1355451.1,1799.5647
55044.03,1207.3301,38391.21,262143.0,56136.92,9438.84,26684.86,2198.85,8822.88,126621.01,2062.2,1058602.5,1993.2085
13564.17,59.660004,299.87,4209.17,1055.04,606.02,89.05,-53.43,359.04,2538.36,2063.6,8268.641,62.210434
145777.2,8470.15,262143.0,262143.0,262143.0,72312.63,133005.08,11379.22,64730.164,262143.0,2065.4,7228353.5,5140.5923
55536.45,1183.78,44003.96,262143.0,68423.74,11214.511,29379.65,2308.45,7797.24,146551.69,2065.5,1213369.0,2264.4927
34338.9,667.25,27823.541,262143.0,40520.133,6226.62,12909.51,1034.35,4262.2803,91182.96,2069.9,767208.7,2315.7278
15586.05,237.07,166.42,1763.1101,546.36005,72.22,1215.1901,23.29,2039.4,1820.28,2070.1,4588.8794,29.529413
14285.4,425.47,204.1,4859.1504,9529.9,5570.3604,683.63,237.01,349.80002,18206.76,2070.1,5627.871,39.85071
11504.88,384.65002,3934.4202,49042.09,6141.8403,670.39,1613.86,160.29,1469.16,15630.121,2070.6,108488.04,976.7946
101558.58,3260.8901,160981.53,262143.0,223153.53,35379.953,56350.84,5185.45,23554.08,262143.0,2071.2,4438918.5,4531.1934
35437.71,568.34,22498.102,262143.0,30468.99,4419.5503,8204.93,628.83,3178.56,71627.164,2071.4,620364.56,1814.2196
42403.8,712.78,25093.31,262143.0,36585.71,5939.31,15245.36,1242.59,7217.7603,85578.24,2072.1,691925.06,1691.007
9634.38,200.96,76.93,822.68005,463.15002,59.660004,26.03,6.85,166.32,1013.76,2072.3,2121.2744,21.830791
262143.0,30205.23,23349.041,262143.0,202847.14,63412.3,36283.082,10010.59,70601.52,262143.0,2072.5,643828.44,253.67116
24942.03,383.08002,7223.5703,87065.92,10157.9,1742.7001,2857.82,202.76,2213.6401,23906.521,2072.5,199183.34,827.074
48451.17,839.95,25209.49,262143.0,34284.09,4727.27,12321.78,978.18,5547.9604,83091.37,2072.9,695128.6,1486.6775
34802.61,723.77,30679.371,262143.0,44341.51,7573.68,12851.97,1005.58,6643.56,99011.88,2073.2,845955.56,2519.4822
4274.31,73.79,14.13,51.81,83.21,-42.390003,-28.77,13.7,11.88,-68.64,2073.5,389.62183,8.452031
131617.95,4428.97,181391.53,262143.0,259902.52,40739.93,84365.97,7103.45,30097.32,262143.0,2074.2,5001705.5,3939.4958
37753.65,744.18005,24612.89,262143.0,34273.1,5859.24,10170.88,917.9,4464.24,80249.41,2075.4,678677.94,1863.029
16896.27,133.45,102.05,1661.06,759.88,144.44,0.0,32.88,472.56003,2774.6401,2075.7,2813.9355,16.26916
125755.02,6689.77,262143.0,262143.0,262143.0,66421.99,123132.86,10531.19,38950.562,262143.0,2078.8,7228353.5,5959.215
59869.92,1062.89,35734.77,262143.0,50519.46,8355.54,21113.07,1864.57,6767.64,118953.125,2079.6,985353.56,1705.5981
38059.02,679.81,24603.47,262143.0,34766.082,5889.0703,10694.22,959.0,4027.32,78030.484,2079.9,678418.2,1847.3651
14809.14,251.20001,188.40001,2519.85,698.65,72.22,30.14,119.19,267.96002,1601.16,2081.5,5194.958,35.374756
26815.14,368.95,196.25,3100.75,949.85004,221.37001,1865.9401,93.16,2859.12,3255.12,2081.8,5411.414,19.92563
15077.1,124.03001,329.7,5272.06,1351.77,839.95,291.81,54.8,924.00006,4385.04,2084.2,9091.176,61.524483
44465.7,992.24005,36389.46,262143.0,50386.01,8134.1704,14230.19,1239.85,6383.52,115228.086,2085.5,1003406.1,2338.9119
74959.2,1642.2201,52259.023,262143.0,76429.17,12746.83,22304.97,2027.6,8227.561,168772.56,2085.7,1440994.8,1992.3582
46089.992,645.27,33009.25,262143.0,46903.75,7141.93,13409.56,1059.01,4076.1602,101145.01,2087.3,910199.9,2046.7551
11403.09,252.77,61.230003,1136.68,400.35,29.830002,90.42,-2.74,297.0,1133.88,2087.5,1688.3613,14.352911
15142.35,183.69,161.71,2086.53,472.57,128.74,817.89,61.65,912.12006,2158.2002,2087.8,4459.0054,29.534626
34207.53,491.41,238.64001,3714.62,2537.12,1102.14,437.03,57.54,1359.6001,5504.4004,2089.2,6580.2803,18.946676
31318.26,436.46002,345.40002,5041.27,1486.79,822.68005,2886.59,161.66,2666.4001,3484.8,2089.6,9524.09,30.533615
17349.541,427.04,321.85,3661.2402,1039.3401,219.8,116.45,-10.96,418.44,2591.1602,2089.6,8874.72,52.041344
58730.22,1651.64,77046.18,262143.0,112269.13,19375.371,36676.27,3467.47,12512.28,249396.84,2092.0,2124478.0,3749.926
64304.31,1392.5901,87329.68,262143.0,119084.51,18177.46,26331.4,2308.45,11282.04,262143.0,2092.4,2408036.0,3882.0303
11474.43,120.89001,-28.26,91.060005,-6.28,-31.400002,17.81,12.33,-14.52,-10.56,2092.6,-779.24365,-8.041903
12165.21,185.26001,75.36,1100.5701,334.41,10.990001,1108.33,-1.37,1106.16,1865.16,2093.4,2077.9832,16.71211
6050.85,372.09003,4710.0,57158.992,6446.4204,1321.9401,138.37,16.44,735.24005,17325.0,2094.7,129873.945,2224.6328
53982.63,1284.26,61928.652,262143.0,88207.31,14516.221,18449.791,1613.86,7484.4004,194309.28,2096.5,1707626.0,3279.0964
29916.69,452.16,18259.102,225145.86,28994.762,5928.3203,10721.62,931.6,3391.08,61670.402,2100.0,503478.03,1744.0781
10285.14,95.770004,89.490005,53.38,-29.830002,-9.42,15.07,52.06,17.16,150.48001,2102.6,2467.605,23.877876
100994.82,1849.4601,92473.0,262143.0,128890.73,21730.371,37140.7,3137.3,14229.601,262143.0,2103.8,2549858.5,2616.9712
22702.65,288.88,301.44,2956.31,745.75,205.67001,1663.18,176.73,2802.36,3131.04,2103.9,8311.933,36.96412
28365.48,450.59003,15010.7705,179209.22,20546.59,3044.23,6267.75,494.57,4774.4404,50710.44,2104.1,413908.25,1512.0797
47914.38,817.97003,44713.6,262143.0,60835.934,10046.431,17509.97,1691.95,4225.3203,139398.61,2106.2,1232936.6,2667.227
59331.39,866.64,26465.49,262143.0,37800.89,5876.5103,10628.46,1241.22,7260.0005,86227.68,2106.7,729761.7,1274.3942
86284.86,2835.4202,116599.195,262143.0,161289.25,27501.691,51375.0,4327.83,20213.16,262143.0,2107.9,3215116.2,3862.7583
13914.78,219.8,67.51,1474.2301,595.03,128.74,1075.45,128.78,992.64,1921.92,2113.0,1861.5266,12.872054
62419.89,1097.43,33547.76,262143.0,45099.82,6306.6904,10843.55,735.69,7901.5205,112339.92,2114.6,925048.8,1535.7015
127179.21,3512.09,121351.586,262143.0,165244.08,23499.762,41980.91,3649.68,22985.16,262143.0,2115.4,3346159.0,2727.2134
13294.47,166.42,100.48,1271.7001,323.42,131.88,826.11,35.62,1578.7201,1459.92,2116.0,2770.6443,20.610142
12769.86,491.41,10735.66,132073.11,19904.46,3055.2202,12713.6,1227.52,5290.56,44107.8,2116.6,296026.0,2402.7627
14915.28,147.58,609.16003,8046.2505,2522.99,830.53,26.03,68.5,898.92004,4664.8804,2116.6,16797.031,115.774765
76884.51,1742.7001,65333.98,262143.0,92152.73,14219.49,26428.67,2149.53,8970.721,206847.97,2117.0,1801524.8,2428.6812
38190.39,1296.8201,31409.422,262143.0,52050.21,9826.63,20440.4,1754.97,7883.0405,111422.52,2117.4,866086.06,2350.5532
46793.82,1587.27,58129.25,262143.0,85371.89,13790.881,23806.49,1935.81,9526.44,184455.48,2119.0,1602860.9,3550.855
39395.34,595.03,12184.7705,150113.98,19048.81,3187.1,6133.49,443.88,9057.841,49144.92,2121.6,335983.9,883.3445
140508.48,8379.09,218129.53,262143.0,262143.0,47286.832,98187.9,8322.75,36802.92,262143.0,2122.3,6014722.5,4437.7524
74651.22,2009.6001,80362.02,262143.0,113529.84,19447.59,34441.8,2757.81,13795.32,259820.89,2123.6,2215909.2,3076.9597
69550.414,1136.68,44633.53,262143.0,61985.17,9498.5,16296.15,1422.06,9349.561,140570.77,2123.8,1230728.8,1833.8921
39838.17,604.45,23691.3,262143.0,34877.55,4818.33,10150.33,786.38,4931.52,77053.68,2125.7,653265.94,1699.3506
12380.97,259.05002,142.87001,1708.16,389.36002,9.42,67.13,19.18,248.16,1569.4801,2125.9,3939.5098,31.994034
24306.06,489.84003,530.66003,7545.4204,2659.58,1109.99,354.83,24.66,1190.64,5842.3203,2126.9,14632.465,61.42388
30959.82,546.36005,22859.201,262143.0,31516.182,4590.68,7862.43,679.52,3583.8,70847.04,2127.0,630321.56,2110.1138
10966.35,87.920006,310.86002,4184.0503,584.04004,150.72,60.28,23.29,377.52002,2464.4402,2128.7,8571.681,80.04977
70410.84,1127.26,47724.863,262143.0,68637.266,10865.971,21325.42,1904.3,8277.721,150626.53,2129.2,1315969.5,1937.0016
39282.24,667.25,19243.49,233832.67,26551.842,3992.5103,6444.48,623.35,3812.1602,61292.883,2129.5,530621.6,1399.6725
18881.61,282.6,189.97,2402.1,634.28,398.78,1309.72,153.44,1144.4401,2761.4402,2130.4,5238.249,27.767029
95999.28,3584.31,134506.61,262143.0,187728.05,28482.941,60971.85,5425.2,28865.762,262143.0,2131.0,3708896.8,4005.1265
13464.99,298.30002,42.390003,836.81,631.14,21.980001,100.01,-67.13,295.68002,1198.56,2131.0,1168.8656,8.001325
35355.93,725.34,28209.762,262143.0,37880.96,5865.52,12032.71,1106.96,4305.8403,88979.88,2131.8,777858.4,2280.3196
10519.17,131.88,105.19,1397.3,268.47,120.89001,634.31,17.81,1219.68,1380.7201,2132.5,2900.518,27.591831
34916.582,1094.29,1438.12,18048.72,2621.9001,629.57,346.61002,31.51,781.44,7987.3203,2133.1,39654.844,116.76396
45703.71,1282.6901,50467.652,262143.0,73017.56,12464.23,25299.791,2420.79,6215.8804,165592.69,2133.3,1391599.4,3156.2622
82787.46,1767.8201,47647.93,262143.0,74532.61,11349.53,27661.67,2252.28,11119.681,168170.64,2133.5,1313848.1,1644.616
18971.22,237.07,178.98001,3351.9502,2229.4001,794.42004,263.04,8.22,724.68005,4440.48,2134.6,4935.21,25.974802
34453.74,461.58002,8696.23,106973.52,16814.701,3593.7302,7251.41,608.28,2435.4001,32472.002,2135.8,239790.6,720.67834
110536.11,4298.66,161896.83,262143.0,238382.53,38843.37,80071.02,7017.14,31359.242,262143.0,2137.9,4464157.0,4186.7734
56241.15,968.69,27357.25,262143.0,39499.633,5937.74,12878.0,1111.07,5334.12,89509.2,2138.9,754351.1,1389.8081
57388.68,877.63,43565.93,262143.0,58451.1,9157.811,15263.17,1472.75,7175.5205,136674.12,2140.8,1201290.6,2169.5498
49642.2,1215.18,50095.562,262143.0,68770.71,9916.12,17774.38,1697.43,6163.08,160166.17,2141.0,1381339.2,2884.3413
68427.24,1285.8301,48356.0,262143.0,69166.35,10815.73,17148.291,1490.56,7316.7603,157168.45,2141.3,1333372.5,2019.5533
38078.16,1449.1101,57416.473,262143.0,87288.86,15794.2,31374.37,2485.18,11313.721,187034.77,2141.9,1583206.8,4310.313
33688.14,838.38,36474.242,262143.0,55353.492,7865.7,20249.97,2001.57,7604.5205,121759.445,2142.6,1005743.9,3094.6956
27926.13,579.33,26738.67,262143.0,36896.57,6203.0703,9696.86,968.59,3306.6,82736.28,2143.2,737294.4,2736.6506
15535.59,180.55,105.19,1927.9601,373.66,155.43001,919.27,138.37,1297.56,2127.84,2145.2,2900.518,18.35957
8382.45,244.92001,251.20001,3504.2402,659.4,200.96,53.43,45.21,274.56,1818.9601,2145.9,6926.6104,84.683586
14103.57,381.51,180.55,1370.61,499.26,45.530003,116.45,42.47,472.56003,1540.4401,2146.2,4978.501,35.60306
27396.3,610.73004,22876.47,262143.0,31156.65,4994.1704,10273.63,986.4,4214.7603,72985.445,2146.8,630797.75,2386.515
66300.09,1356.4801,66899.27,262143.0,99720.125,18733.24,35730.97,2663.28,18410.041,227628.73,2147.0,1844686.2,2884.0693
38826.36,828.96,1632.8,21617.33,8058.81,3107.03,893.24,237.01,2465.76,14157.001,2147.5,45022.97,119.24176
21940.53,373.66,251.20001,3852.78,1204.1901,321.85,1331.64,73.98,2250.6,3723.7202,2148.7,6926.6104,31.735695
25594.53,458.44,243.35,3370.79,949.85004,362.67,90.42,-24.66,448.80002,3244.56,2148.8,6710.154,26.185244
95739.15,2810.3,111606.59,262143.0,156293.5,26222.14,49565.23,4547.03,17030.64,262143.0,2149.2,3077449.8,3332.1074
56844.93,1097.43,38917.16,262143.0,53803.902,8124.7505,15313.86,1400.14,6819.12,122057.766,2149.3,1073105.1,1956.485
157296.88,5319.16,237040.17,262143.0,262143.0,53240.273,100562.11,8977.61,35459.16,262143.0,2151.6,6536166.0,4307.7456
27899.16,354.82,395.64,5031.85,1219.89,271.61002,2071.44,193.17,5169.12,5068.8003,2152.3,10909.411,39.54694
28007.91,304.58002,12409.28,149267.75,16890.06,2298.48,5074.48,563.07,2956.8,40917.363,2152.4,342174.56,1265.82
24437.43,541.65,1818.06,20851.17,2929.62,489.84003,350.72,16.44,568.92004,6945.8403,2152.8,50131.344,211.71675
3029.34,20.41,-34.54,-14.13,-78.5,23.550001,-5.48,-28.77,-19.800001,-133.32,2152.8,-952.40894,-33.60043
16956.3,282.6,226.08,3114.8801,659.4,255.91,386.34,79.46,467.28003,2443.32,2153.8,6233.949,37.122383
56892.78,1266.99,50147.37,262143.0,71971.945,10765.49,21969.32,1894.71,5323.56,158195.4,2154.9,1382767.9,2519.229
41962.71,736.33,17839.91,217625.56,26562.83,4011.35,11850.5,897.35,5810.64,59830.324,2160.0,491919.22,1214.565
32029.92,1438.12,33263.59,262143.0,49114.312,7666.31,17716.84,1470.01,8218.32,105573.6,2160.3,917213.06,2968.356
84499.62,2464.9001,79633.54,262143.0,125824.516,18687.71,41117.81,3298.96,15198.48,260820.12,2160.9,2195822.0,2693.575
20331.9,164.85,53.38,4706.8604,8421.48,4234.29,256.19,182.21,539.88,17569.201,2161.0,1471.9047,6.506709
45657.6,562.06,397.21002,7289.5103,3483.83,1128.8301,635.68,90.42,1511.4,7984.68,2163.6,10952.703,23.8746
90941.1,4105.5503,150826.77,262143.0,208105.08,32093.941,62326.78,5351.22,21509.4,262143.0,2164.4,4158910.0,4741.0615
15372.03,251.20001,108.33,1521.3301,577.76,84.78001,757.61,104.12,1139.16,1595.88,2164.5,2987.1006,19.149603
13332.75,114.61,654.69,7912.8003,1945.2301,395.64,205.5,-31.51,671.88,4375.8003,2165.4,18052.479,139.3993
35435.97,648.41003,25592.57,262143.0,36252.87,5854.5303,9318.74,960.37,4059.0002,79425.73,2166.5,705691.7,2063.993
12305.28,76.93,254.34001,2797.74,789.71,166.42,82.2,49.32,444.84003,2138.4001,2166.7,7013.1934,58.09792
72546.69,1458.53,45358.87,262143.0,62073.094,10190.87,18664.88,1597.42,9653.16,145650.12,2166.8,1250729.4,1786.6959
5414.0103,2155.61,-15.700001,1957.79,3543.4902,1964.0701,330.17,65.76,138.6,5559.8403,2167.7,-432.91315,-9.291432
15213.69,194.68001,26.69,1967.2101,527.52,58.09,1238.48,132.89,1100.88,1881.0001,2167.8,735.95233,4.016063
17188.59,557.35004,116.18,1935.81,764.59,222.94,68.5,-12.33,493.68002,1730.52,2169.8,3203.5571,18.325916
122841.39,4017.6301,131055.76,262143.0,192478.86,32808.293,82746.63,7437.73,34813.68,262143.0,2171.7,3613742.8,3049.4253
32993.88,549.5,19609.3,240659.03,26743.38,4488.6304,6814.38,723.36,3006.9602,64095.242,2171.9,540708.5,1698.3298
16804.05,243.35,45.530003,2070.83,558.92004,215.09001,1337.12,141.11,1655.28,2415.6,2172.8,1255.4481,6.746984
17189.46,248.06001,111.47,2322.03,557.35004,108.33,1004.21,26.03,1415.04,2650.56,2173.0,3073.6833,17.541494
76033.65,1640.65,55585.85,262143.0,77702.445,13401.5205,25216.22,2426.27,9457.801,177118.92,2173.4,1532729.0,2089.2942
65518.832,1384.74,37833.86,262143.0,51422.21,8382.23,17842.88,1690.58,9345.601,121797.73,2173.9,1043234.06,1650.0625
64801.95,992.24005,35048.68,262143.0,51351.562,6711.75,16741.4,1324.79,8017.68,119610.484,2174.7,966435.25,1545.4382
21261.93,521.24,2296.9102,27619.441,3237.34,813.26,115.08,43.84,561.0,9434.04,2178.1,63335.195,307.88037
23704.02,299.87,5107.21,62679.113,7590.95,1453.8201,3948.34,360.31,3503.28,18627.84,2178.9,140826.64,615.04254
3844.53,56.52,-18.84,31.400002,48.670002,-7.8500004,53.43,-61.65,69.96,-135.96,2182.5,-519.4958,-15.011565
23946.75,547.93,883.91003,11886.471,3859.06,1218.3201,456.21,52.06,840.84,6382.2,2182.6,24373.01,104.53839
51375.242,967.12006,36989.203,262143.0,53196.312,7716.5503,18073.041,1465.9,4299.24,118373.65,2182.7,1019943.44,2057.591
68365.47,1565.29,60220.492,262143.0,80682.305,12544.301,22973.53,2019.38,7170.24,191092.45,2183.4,1660525.0,2517.5845
12623.7,144.44,91.060005,1469.52,502.40002,102.05,1071.34,75.35,842.16003,1510.0801,2183.7,2510.8962,19.624811
9913.65,6733.7305,97.340004,4903.1104,10745.08,7608.22,1457.68,-5.48,229.68001,8227.561,2184.3,2684.0615,27.07416
79515.39,1800.79,67148.9,262143.0,101189.64,17078.46,37620.2,3319.51,12540.001,221659.69,2185.4,1851569.5,2413.5527
109448.61,2116.36,68692.21,262143.0,101938.53,16086.221,35048.71,2889.33,18746.64,238126.69,2186.4,1894124.9,1793.5115
74287.56,3023.82,88905.96,262143.0,123336.06,19684.66,34463.72,2819.46,14766.841,262143.0,2188.0,2451500.5,3420.872
32591.07,610.73004,19212.09,233977.11,25262.871,3837.08,4127.81,476.76,7296.9604,63642.484,2188.2,529755.8,1684.4854
51034.2,830.53,35238.652,262143.0,50607.383,8204.82,15800.21,1172.72,7253.4004,111047.64,2188.5,971673.6,1973.272
20152.68,596.60004,14900.87,180195.19,27964.842,4617.37,15571.42,1611.12,5452.9204,60185.402,2189.4,410877.88,2113.1113
18943.38,613.87,453.73,8873.641,4876.42,1522.9,871.32,198.65,1972.0801,9122.5205,2190.2,12511.19,67.483986
12238.29,194.68001,53.38,1185.3501,120.89001,-45.530003,1004.21,132.89,1033.56,1129.92,2191.2,1471.9047,11.471159
5302.65,86.350006,18.84,-34.54,4.71,58.09,-34.25,-31.51,7.92,73.920006,2192.4,519.4958,9.158672
70697.07,2468.04,138753.47,262143.0,191888.55,29905.361,51140.73,4222.34,14718.001,262143.0,2193.7,3826000.0,5610.661
77279.49,2717.6702,88047.17,262143.0,124647.016,20468.09,40290.332,3688.04,16447.201,262143.0,2194.3,2427820.2,3256.618
38846.37,243.35,1356.4801,17956.09,4986.3203,1557.4401,494.57,143.85,1739.76,11717.641,2195.7,37403.7,98.841705
50868.03,866.64,27679.102,262143.0,40422.793,6388.33,12417.68,952.15,5211.3604,88739.64,2196.2,763225.9,1554.8081
16965.87,332.84,2230.97,26277.092,3491.6802,910.60004,124.67,47.95,479.16003,8987.88,2196.4,61516.957,374.98163
29090.19,1397.3,78445.055,262143.0,116859.81,20774.24,30220.83,2593.41,9402.36,249685.94,2200.0,2163050.5,7709.241
125842.02,6488.81,172294.95,262143.0,262143.0,43278.62,106127.05,9917.43,54519.96,262143.0,2201.6,4750875.5,3913.676
93325.77,3615.7102,122012.555,262143.0,187907.03,31739.121,72364.77,6141.71,26603.281,262143.0,2201.7,3364384.5,3737.1084
41926.17,752.03,21446.201,262143.0,27898.9,4303.37,4304.54,572.66,4680.72,69006.96,2202.1,591359.4,1461.5615
60627.69,1188.49,48341.87,262143.0,68153.7,11241.2,28064.45,2239.95,7329.9604,154896.72,2203.3,1332982.9,2278.8245
67023.93,1273.27,41022.53,262143.0,54127.32,9317.95,15626.22,1286.43,6889.08,131029.805,2203.4,1131158.8,1749.014
87254.914,1524.4701,66370.18,262143.0,92735.195,13167.591,26376.61,2461.89,11796.841,208422.73,2205.1,1830097.0,2173.864
11403.96,237.07,653.12,9068.32,4293.95,1276.41,5123.8,438.4,1945.68,8131.2,2205.1,18009.186,162.75188
67544.19,2103.8,79843.92,262143.0,109033.37,15904.101,30042.73,2612.59,14333.881,255030.61,2205.9,2201623.0,3378.892
4527.48,321.85,4554.5703,53249.69,6666.22,1177.5,195.91,58.91,500.28003,15478.32,2206.4,125588.11,2875.3376
31440.06,431.75,778.72003,10418.5205,2559.1,1155.52,580.88,83.57,990.00006,6473.2803,2207.2,21472.492,69.818535
35950.14,436.46002,28467.24,262143.0,41035.09,6746.29,11664.18,1068.6,3618.12,92938.56,2208.7,784958.1,2263.0903
37300.38,698.65,23707.0,262143.0,33382.91,5576.64,11088.78,1094.63,4367.8804,78955.805,2208.8,653698.8,1816.2401
49816.2,780.29004,47333.93,262143.0,63148.543,10718.391,15557.72,1468.64,5105.7603,149288.05,2209.8,1305189.8,2715.758
58292.61,2108.51,64051.293,262143.0,92549.93,16040.69,34265.07,2831.79,15249.961,207946.2,2209.8,1766155.8,3140.6904
59618.492,954.56006,42239.28,262143.0,56019.17,8520.391,13331.47,1100.11,4926.24,134551.56,2212.2,1164709.5,2024.7439
29703.541,591.89,30528.65,262143.0,43226.812,7292.6504,12388.91,1196.01,4495.9204,98757.125,2214.4,841799.6,2937.6533
57440.88,1284.26,40487.16,262143.0,56097.67,8521.96,16230.39,1583.72,8259.24,134287.56,2215.1,1116396.4,2014.3257
88777.414,2395.82,90417.875,262143.0,126022.336,18080.121,41930.22,3338.69,17788.32,262143.0,2217.0,2493190.2,2911.0635
19363.59,346.97,1215.18,16962.281,5802.72,1675.1901,5826.61,611.02,2667.7202,11759.881,2217.2,33507.477,178.4336
12947.34,196.25,4314.3604,52656.23,6138.7,1216.75,2379.69,163.03,1657.92,15465.121,2217.5,118964.54,951.76294
15028.38,229.22,-10.990001,69.08,70.65,-31.400002,226.05,4.11,-62.04,-55.440002,2218.4,-303.0392,-3.0909061
56436.03,1323.51,55758.55,262143.0,78289.625,12754.681,23250.27,2160.49,6066.72,172475.17,2218.6,1537491.0,2823.906
35650.86,960.84,6886.02,82665.21,10013.46,1744.27,315.1,79.46,1341.12,25060.201,2218.6,189875.7,551.2647
38974.26,932.58,45811.03,262143.0,61401.133,11409.19,16356.43,1434.39,7425.0005,141007.69,2221.8,1263197.2,3359.7883
46178.73,946.71,37127.36,262143.0,52692.34,8229.94,15646.7705,1450.83,6139.3203,120183.37,2222.1,1023753.0,2297.7996
57137.25,811.69,35158.582,262143.0,48001.18,9057.33,14613.79,1446.72,5594.16,111744.6,2226.9,969465.75,1758.3855
65365.71,2599.9202,93386.74,262143.0,148520.44,25127.852,61082.82,5600.56,18544.682,262143.0,2227.0,2575054.0,4083.9265
36173.73,811.69,23466.791,262143.0,44454.55,9051.051,26887.62,2461.89,9876.24,89890.68,2227.2,647075.3,1853.8525
73292.28,1893.42,81927.31,262143.0,117329.24,19692.51,37946.26,3714.07,12124.2,257463.38,2227.9,2259070.8,3195.0935
19020.81,287.31,9895.71,122967.12,13944.74,2851.12,4137.4,261.67,1405.8,32079.96,2229.2,272865.16,1486.5342
11698.89,119.32001,260.62,3625.1301,893.33,211.95001,442.51,46.58,299.64,2303.4001,2229.7,7186.358,62.69599
31273.89,698.65,31447.102,262143.0,44465.543,7317.77,13749.32,1348.08,4856.2803,101200.445,2229.9,867125.06,2874.0652
78296.52,1750.55,67847.555,262143.0,95718.195,15648.19,28028.83,2127.61,12727.44,219233.53,2230.2,1870834.2,2476.6543
51412.65,1072.31,46333.84,262143.0,70318.734,14867.9,28431.61,2500.25,10437.24,159391.33,2230.9,1277613.2,2575.7798
36247.68,472.57,11997.94,147939.53,17394.031,1854.17,6382.83,483.61002,2979.2402,38932.082,2233.6,330832.22,945.4016
26987.4,348.54,11639.98,144832.5,16579.201,2295.34,5092.29,527.45,3014.8801,38244.363,2234.4,320961.8,1232.219
145643.22,9603.69,262143.0,262143.0,262143.0,76429.17,154134.6,14260.33,57599.523,262143.0,2235.1,7228353.5,5145.3228
51035.94,1458.53,45057.43,262143.0,74706.88,12360.61,33621.17,2970.16,10867.561,152048.17,2235.3,1242417.4,2523.29
13796.46,161.71,138.16,2111.6501,620.15,29.830002,963.11,53.43,1577.4,2110.6802,2240.7,3809.6357,27.63279
25228.26,414.48,544.79004,7086.9805,2325.1702,929.44,280.85,60.28,700.92004,4606.8003,2242.3,15022.087,60.743446
102218.04,4688.02,140562.11,262143.0,196970.64,30870.91,56846.78,4800.48,22070.4,262143.0,2247.2,3875871.5,3930.7844
43807.11,1055.04,36127.27,262143.0,51580.78,7658.4604,17712.73,1786.48,7289.0405,114964.086,2247.2,996176.44,2356.9768
65131.68,1858.88,81087.36,262143.0,111718.06,18595.08,39598.48,3699.0,7706.16,254938.2,2247.9,2235909.8,3558.6711
18066.42,260.62,67.51,1989.1901,557.35004,94.200005,1317.9401,104.12,1445.4,1929.8401,2248.1,1861.5266,9.684275
43993.29,744.18005,27996.24,262143.0,38720.91,5250.08,11557.32,1023.39,5153.2803,91885.2,2249.0,771970.7,1818.5427
36616.56,579.33,21502.72,259915.08,28941.38,4254.7,9054.33,837.07,2902.6802,69538.92,2249.0,592917.9,1678.0548
11461.38,86.350006,321.85,3329.9702,1317.2301,340.69,1376.85,132.89,595.32,2488.2002,2249.0,8874.72,79.29077
50759.28,949.85004,40154.32,262143.0,56163.613,8784.15,15444.01,1463.16,6111.6,125161.086,2249.2,1107218.6,2260.8604
83553.93,1934.2401,81589.766,262143.0,114606.87,18621.771,37170.84,3223.61,14176.801,262143.0,2249.6,2249763.2,2791.0154
112836.39,3419.4602,135275.92,262143.0,192876.08,31348.191,57452.32,5337.52,20145.84,262143.0,2249.8,3730109.8,3426.8384
68972.73,1168.0801,58462.094,262143.0,81071.664,14013.82,22857.08,2170.08,8945.641,184023.84,2250.4,1612038.8,2422.5164
33012.15,255.91,637.42004,7890.8203,2943.75,1687.75,357.57,212.35,1821.6001,8289.601,2250.4,17576.275,54.207867
40649.88,898.04004,28665.06,262143.0,39472.94,5295.6104,9800.98,778.16,5153.2803,90678.73,2250.8,790412.8,2015.2418
63802.32,1496.2101,63242.742,262143.0,93886.0,14725.03,30601.69,2524.91,10604.881,203591.53,2251.2,1743860.8,2833.1526
53721.63,1365.9,44894.152,262143.0,65381.082,10840.851,23596.88,2227.62,9226.801,143099.89,2253.0,1237915.1,2388.404
14249.73,142.87001,59.660004,847.80005,590.32,323.42,68.5,93.16,341.88,1647.3601,2253.0,1645.0701,10.970867
15178.89,282.6,-18.84,-6.28,7.8500004,103.62,34.25,-10.96,157.08,246.84001,2253.9,-519.4958,-4.548868
60993.96,1117.8401,46201.96,262143.0,65536.516,10084.11,20628.09,1919.37,6007.3203,145357.08,2253.9,1273976.8,2164.8208
4935.5103,296.73,5166.87,62124.902,8138.8804,1089.5801,160.29,-20.55,501.6,17141.521,2254.1,142471.72,2992.2603
33900.42,554.21,21286.06,257084.38,29437.502,4151.08,9196.81,723.36,4659.6,68646.6,2254.3,586943.6,1794.3087
16459.53,359.53,142.87001,2761.6301,967.12006,116.18,-15.07,2.74,483.12003,2270.4001,2254.3,3939.5098,23.818335
10961.13,62.800003,-9.42,540.08,533.8,161.71,-9.59,19.18,495.00003,1582.68,2255.2,-259.7479,-3.4572232
31488.78,422.33002,23845.16,262143.0,33167.82,4812.0503,8991.31,576.77,3540.2402,73926.6,2255.3,657508.5,2164.1772
57133.77,1033.06,26748.092,262143.0,42693.01,7958.33,18829.28,1654.96,8554.92,96564.6,2255.3,737554.2,1337.5942
69982.8,4498.0503,3169.83,63556.742,48068.69,18212.0,7955.59,2690.68,12359.16,66405.24,2255.7,87405.164,128.50713
10764.51,326.56,287.31,3620.4202,554.21,211.95001,189.06,-26.03,179.52,2174.04,2256.1,7922.3105,75.31422
31761.96,554.21,15466.07,189987.28,22738.31,3686.36,7865.17,672.67,2801.04,50120.402,2256.7,426462.75,1391.2643
17095.5,288.88,150.72,2124.21,992.24005,67.51,923.38,64.39,1861.2001,2156.8801,2257.2,4155.9663,24.207983
14998.8,142.87001,551.07,7653.7505,1894.9901,584.04004,190.43001,1.37,663.96,4168.56,2257.6,15195.251,104.050766
24099.871,562.06,5463.6,70092.65,14200.65,3471.27,18936.14,1533.03,6613.2,30251.762,2257.9,150653.78,647.20624
6995.67,67.51,-20.41,-81.64,48.670002,-51.81,-31.51,8.22,25.080002,-150.48001,2258.4,-562.78705,-9.341855
21544.68,282.6,182.12001,2793.03,701.79004,292.02002,1545.36,210.98,1903.4401,2365.4402,2261.2,5021.7925,23.169441
41866.14,1238.73,42758.953,262143.0,62679.113,11209.801,16222.17,1538.51,6779.5205,134826.12,2261.6,1179039.0,2919.2036
53169.18,761.45,45299.21,262143.0,60515.652,8768.45,14835.73,1213.82,6864.0005,144277.33,2262.5,1249084.2,2435.0134
63101.1,1383.17,50235.293,262143.0,72970.46,10134.351,20513.01,1597.42,5043.72,159672.48,2262.9,1385192.2,2275.2554
15467.73,233.93001,535.37,6204.64,1281.12,408.2,121.93,9.59,258.72,2622.84,2263.2,14762.338,97.96381
60059.582,1273.27,55201.203,262143.0,76292.586,10475.04,19389.61,1545.36,7805.16,173230.2,2264.2,1522122.6,2626.9387
55461.63,1975.06,64481.473,262143.0,95145.14,17458.4,38172.31,3386.64,12747.24,213256.56,2264.9,1778017.6,3323.232
35275.89,579.33,25777.83,262143.0,35276.332,5615.89,10960.0,812.41,4744.08,84193.56,2265.0,710800.06,2088.3794
66440.164,1372.18,44895.723,262143.0,65933.72,9501.641,21248.7,1835.8,8148.3604,147594.48,2265.0,1237958.5,1931.0718
82241.97,2400.53,58879.71,262143.0,81928.88,12658.91,22525.541,2001.57,7877.7603,185322.73,2265.5,1623554.1,2046.0156
7901.34,811.69,51.81,1409.8601,2940.61,1596.6901,65.76,67.13,175.56001,12318.24,2267.3,1428.6134,17.748299
23570.041,263.76,373.66,4494.91,1131.9701,213.52,2360.51,193.17,2393.1602,3234.0002,2269.1,10303.333,44.327866
3741.87,75.36,-32.97,59.660004,-4.71,-32.97,-49.32,21.92,31.68,307.56,2270.6,-909.1176,-26.192963
16496.94,158.57,47.100002,1301.53,1265.42,342.26,224.68001,39.73,547.80005,2566.08,2271.4,1298.7395,7.163315
102597.36,3314.27,125337.81,262143.0,167592.8,26000.771,48534.99,4192.2,20399.281,262143.0,2271.4,3456075.5,3491.9705
10506.12,106.76,47.100002,1452.25,794.42004,238.64001,156.18001,79.46,422.40002,2160.84,2271.7,1298.7395,11.818215
18752.85,279.46002,124.03001,1690.89,766.16003,51.81,1438.5,171.25,1628.88,2653.2002,2271.7,3420.014,17.910738
19105.2,142.87001,516.53,6860.9004,1662.63,496.12003,191.8,32.88,464.64,4330.9204,2273.5,14242.843,76.3024
21169.71,337.55002,191.54001,2160.32,811.69,375.23,1280.95,112.340004,1817.64,2583.24,2276.7,5281.5405,24.86983
49757.91,1072.31,704.93005,9440.41,3438.3,946.71,582.25,141.11,1417.68,8709.36,2276.8,19437.8,39.50726
23955.45,317.14,613.87,9936.53,5113.49,1296.8201,2959.2,282.22,2220.24,10418.761,2277.3,16926.904,72.26914
111887.22,5794.87,225767.58,262143.0,262143.0,52483.53,100379.9,8163.83,46188.12,262143.0,2277.6,6225334.5,5768.3926
32355.3,464.72,15225.86,185687.05,21543.541,3403.76,7070.57,517.86,3293.4001,50781.723,2277.8,419839.16,1344.5052
19050.39,433.32,551.07,7967.7505,1734.8501,346.97,149.33,86.31,559.68,4105.2,2279.5,15195.251,81.708824
117710.13,4642.49,160384.92,262143.0,218071.44,33109.73,64431.1,5512.88,30291.361,262143.0,2279.7,4422467.5,3894.818
32186.52,923.16003,36808.652,262143.0,53408.26,7121.52,21354.19,1823.47,7929.24,119838.84,2281.8,1014964.94,3268.828
101510.734,2518.28,114062.07,262143.0,163674.08,26341.46,57490.68,5110.1,21440.762,262143.0,2284.4,3145157.2,3211.7598
15298.95,178.98001,353.25,4802.6304,1901.27,521.24,165.77,-30.14,535.92004,3565.32,2284.8,9740.546,65.01909
63616.14,1177.5,43179.71,262143.0,63239.6,10084.11,22857.08,1838.54,6692.4004,138017.89,2285.5,1190641.0,1939.7134
19778.58,400.35,211.95001,2146.1902,827.39,109.9,1713.87,76.72,1657.92,1944.3601,2286.4,5844.3276,29.6399
36346.86,522.81,485.13,7421.39,2051.99,538.51,4310.02,297.29,5897.7603,6457.4404,2287.0,13377.016,37.1628
50695.77,1023.64,46354.25,262143.0,67451.914,9939.67,16176.96,1612.49,6519.4805,147946.92,2287.1,1278176.0,2613.3684
65570.164,1560.5801,65346.543,262143.0,93848.32,15345.181,32329.26,2524.91,12943.921,216119.66,2287.2,1801871.1,2848.478
18746.76,254.34001,191.54001,2458.62,1142.9601,-23.550001,1679.62,89.05,1605.1201,2819.52,2287.9,5281.5405,28.213413
4124.67,105.19,47.100002,106.76,43.960003,-4.71,38.36,38.36,219.12001,227.04001,2288.9,1298.7395,31.649815
60264.03,1191.63,45913.082,262143.0,62715.223,9798.37,18581.31,1428.91,6798.0005,141723.12,2289.3,1266011.2,2177.348
19093.89,163.28,149.15001,2954.74,990.67004,383.08002,1760.45,190.43001,2133.12,3108.6,2289.5,4112.6753,21.334585
14928.33,153.86,610.73004,7864.1304,3152.56,1166.51,297.29,60.28,1079.76,5248.3203,2289.5,16840.322,115.97338
76206.78,1620.2401,33400.18,262143.0,45817.312,7444.9404,9980.45,1268.62,5978.2803,109112.52,2290.0,920979.4,1252.1532
118627.11,3782.1301,138883.78,262143.0,206249.34,32726.65,67931.45,5773.18,24107.16,262143.0,2290.3,3829593.2,3346.4692
38236.5,505.54,23102.55,262143.0,32739.21,5413.3604,9046.11,1064.49,3593.04,73817.04,2291.5,637031.7,1726.5507
21318.48,167.99,3229.49,39206.043,5744.6304,612.30005,1716.61,191.8,682.44,12649.561,2291.6,89050.234,432.1384
15051.87,78.5,287.31,3559.1902,847.80005,265.33002,147.96,72.61,512.16003,2841.9602,2292.0,7922.3105,53.576954
33857.79,434.89,16459.88,199076.0,22190.38,3573.32,5866.34,543.89,2368.08,52943.883,2292.5,453866.16,1389.0073
26286.18,296.73,376.80002,4823.04,1056.61,114.61,87.68,-35.62,480.48,2332.4402,2293.1,10389.916,39.98571
132208.69,6325.5303,238534.81,262143.0,262143.0,54168.14,108316.31,9276.2705,40871.16,262143.0,2293.1,6577379.5,5157.706
17086.8,139.73001,87.920006,1632.8,858.79004,194.68001,1148.06,142.48,1251.3601,2438.04,2297.2,2424.3137,13.712144
37483.95,1196.3401,43212.68,262143.0,70832.125,11944.561,34107.52,3049.62,9918.48,150696.48,2299.0,1191550.1,3295.21
70317.75,3149.4202,109645.664,262143.0,155539.9,25471.682,57145.44,4936.11,23081.521,262143.0,2300.6,3023379.0,4457.364
40489.8,673.53,29470.47,262143.0,39254.71,7573.68,11969.69,1168.61,3808.2002,90277.445,2300.8,812621.25,2080.088
22114.53,295.16,7024.18,86444.2,10203.431,2030.01,4512.78,512.38,3867.6,24804.121,2301.4,193685.34,907.16956
53568.51,1562.15,78463.89,262143.0,108917.19,15723.551,28564.5,2486.55,6487.8003,241334.3,2301.6,2163570.0,4187.025
18790.26,200.96,157.0,2493.1602,918.45,211.95001,2196.11,186.32,1350.3601,1805.7601,2303.0,4329.1313,22.889984
21771.75,281.03,147.58,2719.24,1088.01,229.22,2033.08,-54.8,1388.64,3463.6802,2304.1,4069.3835,18.381311
14425.47,163.28,-37.68,89.490005,67.51,-31.400002,-8.22,-20.55,43.56,85.8,2304.1,-1038.9916,-8.468441
36170.25,551.07,24653.71,262143.0,34032.89,5534.25,9884.55,875.43,4253.04,79136.64,2304.3,679803.5,1947.8561
24062.46,392.5,147.58,3085.05,915.31006,191.54001,1613.86,175.36,2626.8,3850.4402,2305.7,4069.3835,16.53624
20836.5,684.52,105.19,2073.97,1031.49,350.11002,102.75,-20.55,541.2,2614.9202,2306.8,2900.518,13.434399
10643.58,98.91,259.05002,3119.59,604.45,147.58,53.43,19.18,398.64,1775.4,2311.1,7143.0674,68.58969
14610.78,116.18,167.99,1942.0901,595.03,65.94,952.15,193.17,1619.64,1436.16,2311.1,4632.171,31.874493
29724.42,431.75,226.08,4129.1,1347.06,584.04004,2718.08,278.11002,3066.36,4007.5203,2312.0,6233.949,20.74692
28987.53,475.71002,19606.16,236091.89,26950.621,4587.54,7421.29,734.32,2424.84,62587.8,2312.1,540621.94,1932.8837
66943.89,1471.0901,66038.914,262143.0,94561.1,15326.341,29582.41,2516.69,12887.16,211895.64,2312.2,1820962.6,2819.577
97686.21,3513.6602,141971.97,262143.0,194887.25,30231.922,47451.32,4542.92,23807.521,262143.0,2312.8,3914747.2,4154.4526
39248.31,1034.63,37887.242,262143.0,55505.78,8653.84,17859.32,1464.53,6518.16,121426.805,2313.1,1044706.06,2759.0762
65895.54,1251.29,56075.69,262143.0,75168.46,10880.101,17164.73,1445.35,6813.8403,176998.81,2313.7,1546235.9,2432.1428
148653.42,27828.25,25251.88,262143.0,195446.17,62988.402,36740.66,10140.74,63959.28,262143.0,2313.9,696297.5,484.69968
85133.85,3298.57,137701.56,262143.0,196355.2,29462.621,57874.28,5241.62,22264.441,262143.0,2315.5,3796994.5,4623.7217
133001.25,6016.24,200138.89,262143.0,262143.0,44542.473,85785.29,7676.11,38658.84,262143.0,2316.0,5518647.0,4301.5386
32322.24,664.11005,207.24,3669.09,1150.81,408.2,187.69,2.74,679.80005,3863.6401,2316.5,5714.4536,17.332476
50754.06,781.86005,343.83002,6168.5303,3229.49,916.88,702.81,-41.1,2389.2002,9258.48,2316.7,9480.798,18.36966
19497.57,573.05005,32057.832,262143.0,42733.832,7184.3203,11982.0205,1061.75,3872.8801,101801.05,2317.1,883965.4,4700.1343
17971.59,296.73,5320.73,64162.76,7867.27,924.73004,1456.31,200.02,1665.8401,17381.76,2317.7,146714.27,845.5131
4681.47,97.340004,21.980001,-39.25,0.0,26.69,13.7,-8.22,-137.28,117.48,2319.5,606.0784,12.424387
75433.35,3694.2102,129297.35,262143.0,186908.5,30181.682,63352.91,5332.04,21570.121,262143.0,2319.6,3565256.2,4899.893
33623.76,1763.1101,40140.19,262143.0,57314.42,9737.141,15479.63,1493.3,6271.3203,128689.445,2319.6,1106829.0,3412.36
19647.21,514.96,120.89001,1584.13,722.2,301.44,234.27,124.67,345.84003,1700.16,2321.0,3333.4314,16.592943
51678.0,1993.9,74835.625,262143.0,105434.92,16425.34,32682.72,3223.61,12245.641,237590.77,2321.5,2063523.9,4139.4893
37456.11,703.36005,29808.021,262143.0,40527.98,6625.4004,11209.34,912.42,3824.04,95467.69,2322.6,821928.94,2274.4092
39471.9,606.02,13619.75,169790.8,21240.531,3116.4502,7004.81,597.32,4078.8,49886.76,2326.0,375552.16,985.5751
30557.01,460.01,222.94,3297.0,1031.49,188.40001,2324.89,257.56,3315.84,2938.32,2329.7,6147.3667,19.860569
33340.14,733.19,23948.781,262143.0,33189.8,6338.0903,9299.56,994.62,5448.9604,78664.086,2331.0,660365.75,2052.8323
53567.64,1306.24,54659.55,262143.0,76868.77,12106.2705,26068.36,2374.21,5815.9204,174324.48,2331.2,1507187.1,2916.5112
34290.18,485.13,20929.67,254033.86,26961.611,4151.08,2407.09,257.56,2379.9602,65798.04,2333.1,577116.5,1744.1854
15492.09,230.79001,80.07,1546.4501,643.7,97.340004,1186.42,63.02,1011.12006,2265.12,2333.2,2207.857,13.777766
48936.63,827.39,31064.021,262143.0,42922.23,6779.2603,13958.93,1201.49,4198.9204,95488.805,2333.7,856562.0,1813.9833
98872.02,2312.61,75738.375,262143.0,109587.57,16448.89,38521.66,3711.33,15946.921,241178.53,2334.5,2088416.4,2189.2393
71750.64,2700.4001,98905.3,262143.0,139299.83,22440.012,47128.0,3857.92,15655.2,262143.0,2335.7,2727223.0,3940.3296
31394.82,935.72003,20979.91,257315.16,30063.932,4422.69,11065.49,932.97003,10686.721,72308.28,2336.0,578501.8,1909.7092
52059.06,871.35004,41047.652,262143.0,58705.44,8539.23,18653.92,1616.6,5664.12,130072.805,2337.0,1131851.5,2253.4521
55610.4,1373.75,13379.54,164928.5,28283.55,5827.8403,14924.78,1228.89,7256.0405,58606.684,2341.5,368928.56,686.914
59776.832,1502.49,74553.02,262143.0,112218.89,16912.041,31453.83,2805.76,12237.721,236190.25,2342.1,2055731.4,3565.0
96007.984,4352.04,161380.31,262143.0,224373.42,35791.293,64009.14,5067.63,30696.602,262143.0,2343.1,4449914.5,4805.0933
92755.92,2356.57,86125.49,262143.0,123521.32,18610.781,36602.29,3303.07,12875.28,262143.0,2345.2,2374831.8,2653.8445
55253.7,1139.8201,51998.402,262143.0,73859.086,11807.971,24307.91,2150.9,5584.9204,162841.81,2347.6,1433808.4,2689.7766
61581.21,1452.25,47547.453,262143.0,68957.54,11062.221,23216.02,2130.35,8322.601,150461.53,2348.7,1311077.5,2206.639
26528.91,510.25003,1015.79004,13563.23,5072.6704,1971.92,2942.76,213.72,2748.24,12309.001,2348.9,28009.48,108.47968
60304.92,1003.23004,31977.762,262143.0,47605.543,7807.6104,16318.07,1401.51,6933.9604,103383.73,2349.3,881757.5,1515.1573
70906.74,2945.32,124183.87,262143.0,174500.8,27077.791,45995.01,4129.18,16284.841,262143.0,2350.9,3424256.5,5006.5654
10774.95,249.63,171.13,1973.4901,861.93005,54.95,127.41,-15.07,121.44,1580.04,2351.7,4718.7534,44.410877
19684.62,869.78,45580.242,262143.0,62639.863,9923.971,20119.82,1909.78,3094.08,140219.64,2351.8,1256833.5,6619.619
76885.38,2223.12,71942.11,262143.0,103024.98,16835.111,35367.92,2727.67,15799.081,234113.89,2352.3,1983737.9,2674.398
67826.94,1419.28,62409.07,262143.0,84128.45,12004.221,21851.5,1800.18,6912.8403,193741.69,2355.2,1720873.0,2629.8403
13732.08,368.95,102.05,1920.1101,566.77,81.64,67.13,-15.07,385.44,1356.9601,2355.5,2813.9355,20.248375
61081.832,1413.0,51395.523,262143.0,73634.57,11456.29,30026.291,2687.94,10690.681,165279.84,2355.5,1417184.5,2404.815
10064.16,89.490005,-4.71,631.14,323.42,76.93,72.61,-35.62,219.12001,1235.52,2357.4,-129.87395,-2.3381119
30858.9,522.81,19789.852,239407.73,29021.451,4071.0103,8439.2,928.86,4227.96,63988.324,2357.7,545687.06,1832.6274
80975.25,1943.66,63070.043,262143.0,88499.336,13547.53,25846.42,2181.04,11051.04,203501.77,2359.0,1739098.8,2225.998
94538.55,5383.5303,183796.77,262143.0,256952.48,42680.453,75169.164,6589.7,29334.361,262143.0,2359.0,5068027.5,5557.7603
21661.26,315.57,1202.62,16397.08,6617.5503,3176.11,4770.34,504.16,3257.76,13848.12,2359.6,33161.145,157.74268
22402.5,331.27002,1836.9,23355.32,6958.24,1268.56,7863.8,642.53,2651.8801,13147.2,2359.8,50650.836,233.4434
74396.31,1879.29,85051.61,262143.0,122899.6,19527.66,39195.7,3326.36,12782.881,262143.0,2359.8,2345220.2,3267.738
26376.66,365.81,8883.061,107585.82,11768.721,1825.91,3093.46,378.12,2356.2002,28896.121,2359.8,244942.27,961.9236
20383.23,365.81,64.37,2138.34,836.81,226.08,1394.66,127.41,1705.4401,2843.28,2360.9,1774.944,8.029413
53569.38,990.67004,39177.78,262143.0,54270.19,8118.47,16948.27,1480.97,6668.64,125931.97,2362.0,1080291.5,2090.0874
42647.4,635.85004,20651.781,252032.11,29669.861,4669.18,12121.76,774.05,4777.08,66813.125,2363.5,569454.0,1383.567
86308.35,2141.48,92918.88,262143.0,126282.95,22586.021,38199.71,3614.06,12945.24,262143.0,2364.0,2562153.2,3077.2236
50253.81,945.14,41507.66,262143.0,58815.344,9259.86,16159.15,1467.27,6444.24,131949.84,2364.1,1144535.8,2360.6104
9353.37,155.43001,65.94,931.01,287.31,-4.71,408.26,20.55,720.72003,1490.28,2364.8,1818.2352,19.157183
90390.39,3819.81,137238.42,262143.0,193904.42,29387.262,59423.75,5345.74,24924.24,262143.0,2366.2,3784224.0,4340.1265
67813.89,1838.4701,65275.89,262143.0,96545.586,16346.841,33604.73,2841.3801,12566.4,213672.38,2368.0,1799923.0,2751.22
43729.68,653.12,29552.111,262143.0,38454.01,5906.3403,5271.7603,480.87,6273.9604,97050.37,2370.1,814872.44,1931.2406
44942.46,968.69,30640.121,262143.0,44644.523,6831.0703,15961.87,1409.73,4381.08,96870.84,2370.8,844873.3,1948.3176
17211.21,232.36,83.21,1489.93,579.33,240.21,1480.97,95.9,1003.2,1762.2001,2370.9,2294.4397,12.823343
33405.39,450.59003,634.28,9007.09,2369.1301,379.94,458.95,132.89,910.80005,5396.16,2371.5,17489.691,53.289207
111285.18,3110.1702,133439.02,262143.0,182102.73,29941.47,55317.86,5215.59,20203.92,262143.0,2372.7,3679458.8,3427.4238
15247.62,186.83,254.34001,3023.82,566.77,180.55,184.95,61.65,497.64,2798.4001,2373.3,7013.1934,46.693768
55498.17,1095.86,38262.473,262143.0,54483.71,7724.4004,16619.47,1668.66,7549.08,121470.37,2375.5,1055052.6,1970.2574
22630.44,477.28003,285.74002,3353.52,1325.0801,378.37003,210.98,87.68,491.04,2427.48,2375.7,7879.0195,35.101654
10794.96,169.56001,80.07,1273.27,403.49002,47.100002,828.85,64.39,830.28,1636.8,2375.9,2207.857,20.207905
68882.25,1709.7301,75586.086,262143.0,106869.91,15462.931,32011.42,3105.79,12141.36,240822.12,2376.3,2084217.1,3136.4985
37936.35,554.21,723.77,9834.48,3141.57,973.4,2601.6301,198.65,5474.04,9563.4,2376.4,19957.297,53.549908
75928.38,2913.9202,131834.47,262143.0,190273.02,31527.172,60673.19,5797.84,22115.281,262143.0,2376.6,3635215.0,4963.481
28493.371,427.04,18174.32,220402.89,24915.9,2857.4001,7443.21,706.92,2979.2402,59854.082,2378.8,501140.25,1822.7417
52026.87,1044.05,1868.3,24666.271,6314.54,678.24005,8599.49,616.5,5978.2803,11023.32,2378.9,51516.664,101.67575
29856.66,938.86005,31698.3,262143.0,45208.152,8003.8604,16364.65,1442.61,9133.08,102529.69,2379.0,874051.6,3034.5942
21536.85,420.76,1504.06,20444.541,7697.7104,2326.74,4782.67,480.87,3876.84,16001.041,2380.0,41473.082,198.67882
19914.3,270.04,178.98001,2679.99,945.14,146.01001,1570.02,158.92,1598.52,2680.9202,2380.3,4935.21,24.697355
21569.041,463.15002,22297.14,262143.0,35365.82,6090.0303,15590.6,1448.09,4906.4404,76875.484,2381.3,614823.25,2954.7473
41597.31,642.13,20766.39,254022.88,29566.24,4559.2803,9057.07,971.33,4126.3203,65638.32,2382.2,572614.25,1426.3971
29662.65,654.69,22710.05,262143.0,32046.842,4202.89,10206.5,924.75,3344.8801,73448.766,2382.4,626208.9,2188.0574
61649.94,1744.27,66128.4,262143.0,93022.5,12861.44,27072.57,2561.9,10622.04,205839.48,2382.7,1823430.1,3065.9333
7535.07,587.18,5396.0903,64252.254,8655.41,1510.3401,279.48,32.88,852.72003,19163.762,2382.9,148792.25,2046.5801
52899.48,802.27,378.37003,7448.08,4774.37,1342.3501,563.07,60.28,1986.6001,9972.601,2384.8,10433.207,19.450987
19696.8,259.05002,135.02,2254.52,665.68,65.94,1852.24,213.72,1758.2401,2080.32,2387.1,3723.0532,18.59979
14681.25,202.53001,125.600006,1128.8301,538.51,98.91,1180.9401,58.91,1104.8401,960.96,2387.6,3463.3052,23.461079
23271.63,414.48,11771.86,144287.72,17207.201,2723.9502,5005.98,491.83,2653.2002,39846.84,2387.9,324598.28,1445.3296
16864.08,263.76,50.24,1860.4501,926.30005,89.490005,1965.95,197.28,1178.76,1586.64,2389.6,1385.3221,7.517968
65385.72,1439.6901,59507.71,262143.0,82536.48,12663.62,24894.27,2170.08,10834.561,190476.0,2389.9,1640870.8,2601.1921
54016.56,1171.2201,337.55002,7328.7603,3614.1401,466.29,6758.21,663.08,6438.9604,10109.881,2390.0,9307.633,16.867353
91619.7,1909.1201,65007.42,262143.0,92242.21,16175.711,28104.18,2639.99,11618.641,210295.81,2392.3,1792520.2,2027.7246
53664.21,2095.95,89221.53,262143.0,124714.52,18207.291,36052.92,2664.65,9851.16,262143.0,2392.8,2460202.0,4752.723
33980.46,574.62,25295.842,262143.0,34233.85,4953.35,8639.22,721.99,3373.9202,79878.484,2397.1,697509.7,2127.4766
47537.67,1094.29,41840.5,262143.0,57609.582,8200.11,16659.2,1546.73,5314.3203,132390.72,2397.4,1153713.5,2515.5637
26134.8,529.09,18560.541,225010.84,24953.58,2890.37,4733.35,463.06,2927.76,58788.844,2397.5,511789.94,2029.5815
55760.91,1153.9501,49838.082,262143.0,69998.45,11740.46,25546.39,1989.24,6729.3604,157106.4,2398.8,1374239.5,2554.5269
24786.3,788.14,136.59001,2461.76,1238.73,135.02,243.86,15.07,578.16003,2476.32,2399.3,3766.3447,14.7563715
56703.12,846.23004,30918.012,262143.0,44930.26,6587.72,13961.67,1445.35,6765.0005,101548.92,2400.5,852535.9,1558.0267
114129.21,5408.6504,213323.75,262143.0,262143.0,46877.062,90022.7,8204.93,37102.562,262143.0,2401.0,5882207.5,5343.307
12958.65,499.26,5562.5103,70497.71,13074.96,2669.0,11581.98,969.96,5895.12,27896.88,2402.5,153381.12,1226.3263
25151.7,401.92,14269.73,173224.39,17211.91,2469.61,2774.25,308.25,2510.6401,45276.0,2402.9,393474.75,1621.174
95287.62,3794.6902,138218.1,262143.0,198338.11,31916.531,66524.46,5781.4,23507.88,262143.0,2404.0,3811237.5,4146.4146
21422.01,838.38,21480.74,262143.0,38362.953,6217.2,18237.44,1568.65,7364.2803,83900.52,2404.5,592311.75,2866.068
20960.041,375.23,7432.3804,91001.914,9652.36,1497.78,1865.9401,112.340004,1473.1201,25065.48,2407.0,204941.1,1012.8759
9246.36,42.390003,-62.800003,-17.27,25.12,103.62,4.11,-9.59,-27.720001,-69.96,2407.3,-1731.6526,-20.41949
51994.68,824.25,28737.281,262143.0,40559.383,5940.8804,13169.81,1102.85,5775.0,94588.56,2407.3,792404.25,1579.2863
44599.68,825.82,32756.48,262143.0,44674.35,7154.49,11906.67,957.63,3998.2803,102895.32,2408.5,903230.0,2098.9768
8219.76,130.31,175.84001,1664.2001,942.00006,552.64,319.21,130.15,591.36005,1910.04,2408.8,4848.6274,60.16564
4457.0103,175.84001,4017.6301,48676.28,5490.29,843.09,116.45,-45.21,605.88,14725.921,2410.5,110782.48,2576.3613
6139.59,1139.8201,100.48,3144.7102,6625.4004,3107.03,150.7,-13.7,403.92,13454.761,2411.3,2770.6443,45.793903
14586.42,152.29001,119.32001,1766.25,791.28,210.38,1113.81,106.86,1036.2001,2071.08,2412.5,3290.1401,22.389103
8223.24,76.93,42.390003,-136.59001,-64.37,1.57,-86.31,-36.99,13.200001,-118.8,2412.8,1168.8656,13.739049
55735.68,1099.0,39592.26,262143.0,56047.434,8503.12,15982.42,1274.1,6600.0005,127278.37,2413.5,1091720.4,2030.0752
52381.832,1136.68,40827.85,262143.0,60839.07,8839.101,20158.18,2076.92,9307.32,140001.84,2414.6,1125790.6,2227.5625
54547.26,730.05005,22248.47,262143.0,37709.832,6292.56,18036.05,1609.75,8483.641,82490.766,2417.6,613481.25,1165.2085
42862.29,643.7,21879.521,262143.0,32910.34,6276.8604,12880.74,1020.65,4857.6,72384.84,2419.1,603307.8,1458.5248
41960.97,785.0,35513.402,262143.0,49470.703,7812.3203,13964.41,1034.35,5000.16,114063.84,2420.7,979249.56,2418.8906
23309.041,717.49005,24247.08,262143.0,37370.71,6419.73,16145.45,1522.07,6739.9204,79939.2,2421.0,668591.06,2973.295
56760.54,970.26,42667.89,262143.0,60760.57,10096.67,15241.25,1545.36,5559.8403,136513.08,2421.8,1176528.0,2148.3328
41545.98,846.23004,29195.72,262143.0,43065.1,6446.4204,15635.81,1311.09,4518.3604,94970.05,2421.9,805045.3,2008.274
12417.51,128.74,29.830002,1318.8,937.29004,216.66,-58.91,-21.92,498.96002,2024.8801,2422.0,822.53503,5.868593
23660.52,494.55002,15649.761,192438.05,21633.031,2720.81,7182.91,767.2,2944.9202,52562.402,2422.0,431527.84,1890.1781
47234.91,945.14,34081.562,262143.0,44208.062,6681.9204,10990.14,1052.16,5653.56,106481.766,2422.3,939767.94,2062.0293
42031.44,1089.5801,43010.152,262143.0,61101.26,8770.0205,14579.54,1472.75,6755.7603,133477.08,2422.6,1185965.6,2924.8071
53077.832,985.96,1836.9,26412.111,7804.47,1273.27,8014.5,738.43,2911.9202,9802.32,2423.8,50650.836,97.951256
33483.69,758.31,31403.14,262143.0,45113.953,6584.58,13963.04,1178.2,5297.16,99553.086,2425.8,865912.9,2680.5676
8829.63,505.54,11585.03,139784.95,21791.602,4094.56,12245.06,1069.97,3319.8,44204.16,2428.5,319446.62,3750.489
31624.5,458.44,934.15,12346.48,2106.9402,386.22,116.45,52.06,803.88,5496.48,2428.6,25758.332,83.45822
54024.39,1009.51,35249.64,262143.0,52871.32,8101.2,16492.06,1457.68,5235.12,111950.52,2429.3,971976.6,1864.5798
19423.62,155.43001,189.97,2626.61,1733.28,218.23001,95.9,105.49,786.72003,3445.2002,2429.6,5238.249,26.964294
20746.02,408.2,4253.1304,50233.723,10325.891,2987.7102,13741.1,1230.26,3313.2002,23262.361,2430.1,117276.18,585.16907
37008.06,756.74005,28716.871,262143.0,40399.242,6281.5703,8587.16,730.21,6722.7603,93541.805,2430.3,791841.44,2217.655
67298.85,1309.38,45431.09,262143.0,59193.71,10376.13,17267.48,1456.31,8635.44,144629.77,2431.0,1252720.8,1929.1653
40356.69,571.48004,22824.66,262143.0,31013.781,4350.47,9103.65,701.44,4268.8804,74422.92,2435.3,629369.1,1616.1033
99868.17,2811.87,98175.24,262143.0,139318.67,24138.75,39382.02,3497.61,19633.682,262143.0,2435.6,2707092.5,2809.7607
95539.92,5171.58,158254.44,262143.0,234978.77,36785.1,77150.18,6602.03,25621.201,262143.0,2435.7,4363721.5,4735.091
101910.93,3667.52,122331.266,262143.0,170338.72,27369.81,53351.91,4770.34,21469.8,262143.0,2436.7,3373172.8,3431.1455
12842.94,87.920006,177.41,2362.85,915.31006,177.41,39.73,-5.48,306.24002,2442.0,2437.8,4891.9185,38.496864
62193.69,1245.01,41338.1,262143.0,57248.48,8886.2,19917.06,1678.25,6728.04,132967.56,2437.8,1139860.4,1899.4359
27167.49,730.05005,270.04,3402.1902,1029.92,240.21,94.53,-34.25,703.56,2671.6802,2437.9,7446.1064,27.42023
14101.83,81.64,191.54001,2471.1802,1345.49,646.84,300.03,20.55,421.08002,2802.36,2439.2,5281.5405,37.83587
66344.46,1279.55,62944.44,262143.0,89555.945,14542.91,25107.99,2019.38,8998.44,195645.12,2439.5,1735635.4,2711.6997
114351.93,3601.58,157105.19,262143.0,222147.16,34700.14,77107.71,6101.98,28720.56,262143.0,2439.7,4332032.0,3927.2222
22842.72,400.35,83.21,2618.76,996.95,70.65,1682.36,176.73,2069.76,2708.6401,2440.1,2294.4397,9.415418
72905.13,1595.12,66090.72,262143.0,90096.02,13470.601,25798.47,2434.49,12714.24,209016.73,2440.6,1822391.1,2590.9783
33588.09,654.69,21482.31,257048.27,28558.3,4735.12,6821.23,631.57,3282.84,66322.086,2442.8,592355.06,1827.7094
42951.9,852.51,171.13,4936.08,1829.05,569.91003,347.98,-19.18,1197.24,5064.8403,2443.0,4718.7534,10.391811
8728.71,65.94,-109.9,69.08,98.91,73.79,-34.25,6.85,-14.52,60.72,2443.5,-3030.392,-36.99951
23965.02,456.87003,21133.771,252173.4,26069.852,3892.03,3468.84,339.76,3020.1602,66385.445,2445.0,582744.44,2520.4375
57594.87,1188.49,42945.78,262143.0,59763.62,9953.801,16330.4,1663.18,5913.6,134905.33,2445.2,1184190.6,2130.9927
25660.65,350.11002,171.13,3297.0,1091.15,400.35,2034.45,182.21,3820.08,5043.72,2445.2,4718.7534,18.068104
27231.0,494.55002,1894.9901,30012.121,14893.0205,3284.4402,18633.37,1561.8,5653.56,16954.08,2446.4,52252.617,197.97217
59514.96,1180.64,36138.26,262143.0,51061.113,6504.5103,12088.88,1322.05,4799.52,117144.73,2449.5,996479.5,1735.1615
10945.47,6.28,39.25,813.26,428.61002,274.75,49.32,121.93,307.56,1428.2401,2449.9,1082.2828,9.2530775
12032.97,45.530003,97.340004,1350.2001,514.96,139.73001,89.05,5.48,456.72003,1412.4,2450.1,2684.0615,22.129568
5077.32,390.93002,8550.221,102200.73,11099.9,1467.9501,363.05,15.07,884.4,29290.8,2450.1,235764.52,4813.95
50472.18,1334.5,53194.742,262143.0,72858.99,12252.28,21665.18,2050.89,7242.8403,167930.4,2450.7,1466796.4,3012.4617
15777.45,265.33002,204.1,2664.29,946.71,172.70001,290.44,42.47,257.40002,1883.64,2451.8,5627.871,35.98752
14592.51,251.20001,97.340004,2102.23,872.92004,241.78001,1171.35,83.57,1914.0001,2013.0001,2452.2,2684.0615,18.07262
9829.26,78.5,53.38,814.83,565.2,21.980001,-8.22,58.91,157.08,871.2,2453.0,1471.9047,14.527686
39563.25,595.03,657.83,8770.0205,2615.62,731.62,449.36002,-31.51,1015.08,5678.64,2453.7,18139.06,46.541264
57473.94,965.55005,50064.16,262143.0,68698.49,10657.16,21191.16,1765.93,6197.4004,161738.28,2453.7,1380473.4,2489.6055
31717.59,463.15002,318.71002,4857.58,1574.7101,412.91,3187.99,275.37,2494.8,3688.08,2454.4,8788.138,27.73059
15990.6,331.27002,138.16,1916.9701,752.03,224.51001,1457.68,230.16,1392.6001,2295.48,2455.1,3809.6357,23.70396
48591.242,1102.14,38859.07,262143.0,55380.184,8375.95,20491.09,1608.38,7506.8403,123959.88,2456.2,1071503.4,2285.5645
11022.9,67.51,-9.42,155.43001,-42.390003,-25.12,105.49,36.99,-110.880005,66.0,2457.8,-259.7479,-3.4434533
8772.21,188.40001,117.75001,2293.77,1772.53,649.98004,235.64,86.31,541.2,2534.4001,2458.7,3246.8486,37.379642
33931.74,516.53,17569.871,218490.62,26526.72,3976.81,9179.0,753.5,3109.9202,59394.723,2459.9,484473.12,1479.5104
41623.41,780.29004,21251.521,261496.06,28894.281,4881.1304,8980.35,890.5,4422.0,70447.086,2462.1,585991.25,1458.8269
39582.39,835.24005,301.44,5385.1,6256.45,1964.0701,9554.38,793.23,2980.56,9844.561,2463.4,8311.933,20.774485
8207.58,186.83,-25.12,1147.67,255.91,47.100002,579.51,94.53,516.12,718.08,2464.3,-692.6611,-9.7509165
32912.97,521.24,16707.941,204442.27,26669.592,3719.33,10968.22,1090.52,3731.6401,56671.562,2464.3,460706.2,1450.4594
18127.32,230.79001,6287.85,76755.734,9226.891,1245.01,2445.45,321.95,1694.8801,20384.762,2464.6,173381.72,990.78516
56176.77,1420.8501,47246.01,262143.0,66184.92,11310.28,22240.58,2057.74,7861.9204,152412.48,2466.5,1302765.5,2403.6804
17432.19,408.2,536.94,6897.0103,1480.51,408.2,235.64,69.87,370.92,3612.84,2468.1,14805.629,87.06895
41556.42,1210.4701,50831.89,262143.0,80622.64,13671.561,27394.52,2575.6,9742.92,169032.61,2468.3,1401642.9,3496.4146
86710.29,3882.61,148796.75,262143.0,214692.8,33506.94,62115.8,5659.47,24222.0,262143.0,2468.8,4102934.2,4905.5
11392.65,182.12001,116.18,1607.68,560.49,97.340004,60.28,-2.74,252.12001,1178.76,2468.9,3203.5571,28.157856
28514.25,507.11002,266.9,4570.27,1904.41,379.94,2263.24,241.12,3907.2002,5817.24,2469.8,7359.523,25.763048
14803.92,202.53001,80.07,1375.3201,617.01,268.47,937.08,61.65,1529.88,2142.36,2470.5,2207.857,14.46472
88488.57,2967.3,125077.195,262143.0,173434.77,27522.102,51316.09,4932.0,20363.64,262143.0,2474.6,3448889.2,4040.4753
26796.871,405.06003,7276.95,88648.484,10646.17,1639.0801,1253.55,172.62,2927.76,27449.4,2474.8,200655.25,775.4515
11448.33,130.31,116.18,1461.67,788.14,120.89001,939.82,98.64,724.68005,1731.8401,2475.2,3203.5571,28.016043
14468.1,331.27002,472.57,5870.23,860.36005,383.08002,161.66,4.11,351.12003,3080.8801,2475.9,13030.686,92.39071
31851.57,913.74005,37339.312,262143.0,53458.5,8402.641,16789.35,1476.86,4399.56,117420.6,2478.7,1029597.4,3350.849
51809.37,2116.36,93658.35,262143.0,136787.83,24162.3,47686.96,3894.91,15684.24,262143.0,2479.9,2582543.2,5167.7695
40052.19,551.07,11374.65,138448.89,16984.26,2794.6,7151.4,593.21,4268.8804,37942.082,2480.9,313645.6,811.0089
20276.22,492.98,15233.711,187955.7,29424.941,5408.6504,16977.041,1404.25,5753.8804,58561.8,2481.4,420055.66,2147.1653
14033.97,346.97,230.79001,2384.83,1136.68,124.03001,-6.85,67.13,403.92,2170.08,2483.4,6363.823,46.020306
26367.96,367.38,14007.54,170337.16,19500.97,3129.01,5003.24,478.13,2406.36,44028.6,2483.6,386245.1,1517.918
23932.83,795.99005,22268.88,262143.0,41702.34,7658.4604,26679.38,2381.06,6519.4805,85130.766,2484.9,614044.0,2659.4392
34621.65,996.95,26700.99,262143.0,38433.6,5901.6304,15796.1,1209.71,7476.4805,90398.88,2485.1,736255.4,2204.1016
39004.71,868.21,33770.7,262143.0,45705.84,7236.1304,17677.11,1453.57,4742.7603,106170.24,2485.4,931196.1,2474.5515
21990.121,814.83,32360.842,262143.0,45597.51,7353.8804,13905.5,1263.14,5687.8804,102672.24,2486.9,892320.6,4206.6655
20971.35,292.02002,9398.0205,115200.32,12980.761,1449.1101,2719.45,164.4,2335.08,30154.082,2488.2,259141.81,1280.3241
58776.332,1447.54,58934.66,262143.0,83197.445,13366.98,26161.52,2231.73,8746.32,186072.48,2488.2,1625069.4,2865.9314
76458.21,1667.3401,51098.793,262143.0,75270.516,12115.69,28241.18,2239.95,9725.761,167791.81,2488.6,1409002.5,1909.8892
61511.61,1541.7401,72973.6,262143.0,100098.49,18519.72,30256.45,2629.03,10206.24,229398.84,2488.7,2012180.2,3391.0144
14646.45,142.87001,131.88,1527.6101,604.45,-48.670002,1346.71,127.41,1034.88,1887.6001,2489.9,3636.4705,24.74516
130063.26,3868.4802,121133.35,262143.0,171679.5,28628.951,53665.64,4485.38,27558.96,262143.0,2491.2,3340141.2,2661.92
24795.871,416.05002,11181.54,138652.98,14640.251,2080.25,3244.16,423.33,2234.76,36099.363,2492.7,308320.75,1288.3513
30396.06,507.11002,19320.42,231841.9,26237.842,4220.16,5575.9,463.06,2543.6401,60024.363,2495.9,532742.9,1816.3905
16883.22,271.61002,1792.9401,22932.99,3081.9102,500.83002,2930.43,300.03,1323.9601,6969.6,2496.0,49438.684,302.64035
11992.95,323.42,183.69,2106.9402,565.2,128.74,84.94,68.5,333.96002,1882.3201,2496.0,5065.084,42.793385
24189.48,412.91,169.56001,3832.37,1367.4701,288.88,2308.45,197.28,1729.2001,3451.8,2497.4,4675.4624,19.042223
14447.22,180.55,59.660004,1662.63,617.01,53.38,1059.01,79.46,1170.8401,2197.8,2497.4,1645.0701,10.807229
54060.93,990.67004,36686.19,262143.0,54022.133,7857.85,18342.93,1701.54,5639.04,118450.2,2498.8,1011588.2,1939.2966
19079.1,292.02002,67.51,2315.75,836.81,251.20001,1243.96,117.82,1523.28,3005.6401,2499.6,1861.5266,9.117175
15626.07,241.78001,130.31,1690.89,529.09,12.56,939.82,49.32,1248.7201,1506.1201,2502.2,3593.179,22.843882
13755.57,215.09001,282.6,4452.52,1384.74,576.19,93.16,68.5,848.76,3875.5203,2504.0,7792.4365,57.741165
40747.32,731.62,24708.66,262143.0,33907.293,4438.39,9700.97,746.65,4707.12,79640.88,2504.0,681318.7,1732.8005
53986.11,1179.0701,52357.934,262143.0,69649.914,10829.86,19441.67,1807.03,6136.68,165348.48,2504.5,1443722.1,2771.9973
45438.36,766.16003,22710.05,262143.0,31707.72,5253.22,11303.87,845.29,4377.12,75669.0,2508.8,626208.9,1428.0403
95211.06,4867.0,209037.66,262143.0,262143.0,45580.242,87274.48,7236.34,34379.402,262143.0,2509.5,5764022.0,6276.4907
82943.19,4080.4302,137373.44,262143.0,192836.83,29933.621,52414.832,4621.0103,29422.8,262143.0,2509.6,3787946.8,4734.5566
41381.55,1444.4,46545.793,262143.0,73264.055,12390.44,30044.1,2926.32,9408.96,159242.17,2509.9,1283457.6,3215.0488
44655.36,803.84,31955.781,262143.0,45958.613,7154.49,13138.3,1308.35,5621.8804,99514.805,2511.6,881151.44,2045.0905
52199.13,1183.78,61104.402,262143.0,92108.766,16831.97,27473.98,2392.02,8240.761,190864.1,2512.1,1684898.0,3346.0195
47579.43,722.2,25401.031,262143.0,35025.133,4689.5903,10221.57,909.68,6275.2803,84647.64,2514.2,700410.2,1525.4448
22074.51,513.39,471.00003,6513.93,1310.9501,191.54001,1164.5,89.05,508.2,3123.12,2514.2,12987.395,60.00688
58452.69,1163.37,44435.71,262143.0,62069.953,10244.25,19838.97,1898.82,6739.9204,140620.92,2514.7,1225274.1,2172.585
10091.13,131.88,6.28,-23.550001,34.54,-12.56,45.21,24.66,43.56,124.08,2518.8,173.16527,0.7793808
12214.8,102.05,45.530003,1441.26,946.71,445.88,283.59,1.37,496.32,2269.08,2519.0,1255.4481,9.657621
89667.42,4901.54,178678.56,262143.0,259618.34,42813.902,92184.56,7787.08,33727.32,262143.0,2520.0,4926898.0,5696.5317
48571.23,1039.3401,38736.61,262143.0,54301.594,9302.25,18403.21,1539.88,5254.9204,122994.97,2520.6,1068126.6,2279.2976
57480.03,1125.6901,35756.75,262143.0,47622.812,7130.9404,11584.72,1098.74,6330.72,114022.92,2521.0,985959.7,1777.6481
53471.07,877.63,32456.611,262143.0,45540.992,6444.85,14738.46,1308.35,5425.2,106471.2,2522.0,894961.4,1734.5347
41457.24,642.13,24325.58,262143.0,33712.61,4771.23,9751.66,920.64,3395.04,79148.52,2522.1,670755.6,1676.6904
13572.0,194.68001,-29.830002,163.28,17.27,-102.05,23.29,21.92,25.080002,238.92001,2522.7,-822.53503,-7.284322
20287.53,268.47,739.47003,9922.4,3067.78,802.27,528.82,94.53,1805.7601,7700.8804,2523.6,20390.209,103.217445
16622.22,240.21,130.31,2212.1301,549.5,271.61002,1686.47,68.5,1158.9601,1760.8801,2524.1,3593.179,21.414944
74222.31,1990.76,85560.29,262143.0,119323.14,20350.34,36550.23,3353.76,11074.801,262143.0,2525.8,2359246.8,3294.9968
21256.71,447.45,260.62,4130.67,1097.43,180.55,2011.16,95.9,1735.8,2533.08,2526.0,7186.358,34.055862
16162.86,215.09001,182.12001,2609.34,750.46,383.08002,91.79,42.47,274.56,1770.1201,2526.9,5021.7925,31.217247
9981.51,111.47,73.79,913.74005,328.13,-17.27,309.62,56.170002,776.16003,856.68005,2528.1,2034.6918,20.137337
23530.02,398.78,3778.9902,45927.21,4648.77,907.46,1294.65,102.75,1672.4401,13032.36,2528.1,104202.195,458.2006
37811.94,697.08,19712.92,242795.8,29310.33,4532.5903,8158.35,700.07,5052.96,63629.28,2528.4,543565.75,1489.6338
47000.01,2202.71,99880.266,262143.0,145576.69,22863.91,47286.92,4405.92,16592.4,262143.0,2530.4,2754107.0,6075.181
49802.28,1602.9701,54549.652,262143.0,77842.17,12669.9,24053.09,1996.09,9624.12,173448.0,2531.2,1504156.8,3130.7837
11943.36,61.230003,321.85,3942.27,1406.7201,211.95001,405.52,1.37,509.52002,3273.6,2532.6,8874.72,76.05059
67622.49,1458.53,60288.004,262143.0,83905.516,13162.881,20377.38,1915.26,10035.96,192631.56,2533.6,1662386.5,2548.1106
59972.582,1585.7001,64208.293,262143.0,92505.98,15241.561,28985.09,2749.59,9089.5205,206556.25,2533.7,1770485.0,3060.1697
49565.64,1243.4401,37497.883,262143.0,57683.37,10214.42,19027.93,1746.75,9695.4,121960.086,2534.8,1033969.8,2162.092
14068.7705,436.46002,365.81,4157.3604,1042.48,279.46002,132.89,87.68,203.28001,2706.0,2535.3,10086.876,73.34443
73188.75,1695.6001,47263.28,262143.0,71449.13,11688.65,23843.48,2064.59,9203.04,155981.77,2535.8,1303241.8,1845.4116
30542.22,660.97003,33891.59,262143.0,50378.16,7763.6504,14479.53,1397.4,5258.8804,107863.805,2535.9,934529.56,3171.7827
13242.2705,158.57,26.69,935.72003,427.04,26.69,706.92,23.29,1723.92,2100.12,2536.2,735.95233,4.7628207
41791.32,893.33,33417.45,262143.0,47107.85,7027.3203,11140.84,757.61,7691.64,105184.2,2536.5,921455.56,2285.3157
18424.86,447.45,14426.73,179785.42,25677.352,4758.67,14991.91,1205.6,3442.56,51287.28,2536.8,397803.9,2237.7866
50067.63,1714.4401,69452.09,262143.0,90879.45,15015.48,29237.17,2556.42,11379.721,218050.81,2536.8,1915078.0,3965.2249
32399.67,770.87006,30144.002,262143.0,40520.133,6248.6,10666.82,1031.61,4390.3203,92352.484,2537.4,831193.25,2659.1694
19931.7,130.31,9986.7705,121679.71,14282.29,2224.6902,2564.64,230.16,1584.0001,32490.48,2538.2,275376.06,1431.6158
32334.42,339.12003,1150.81,14021.671,3235.77,725.34,598.69,80.83,1548.3601,10115.16,2540.2,31732.535,100.76246
40913.49,819.54004,177.41,4581.2603,2312.61,690.80005,4322.35,353.46,5130.8403,8269.801,2542.1,4891.9185,11.398255
12872.5205,224.51001,2815.01,35924.742,6670.93,1318.8,5949.91,458.95,1970.7601,13692.36,2543.3,77621.33,624.2668
51270.84,924.73004,31013.781,262143.0,45008.76,5683.4004,13345.17,1275.47,5467.4404,97617.96,2543.4,855176.6,1728.5505
15816.6,188.40001,114.61,1769.39,918.45,194.68001,1205.6,149.33,1145.76,2449.9202,2543.4,3160.2659,19.718504
9532.59,89.490005,37.68,95.770004,-42.390003,15.700001,9.59,12.33,44.88,-191.40001,2544.7,1038.9916,10.301836
41139.69,1011.08,36574.723,262143.0,49648.113,8256.63,14711.06,1343.97,4139.52,114100.805,2545.3,1008514.5,2540.9617
20184.87,329.7,108.33,2453.9102,695.51,237.07,1798.81,10.96,2406.36,2729.76,2545.7,2987.1006,14.345173
20742.541,318.71002,180.55,1916.9701,923.16003,518.10004,1998.83,145.22,1162.92,1801.8,2545.8,4978.501,23.887686
41212.77,717.49005,24281.621,262143.0,34916.8,6319.25,13854.81,1126.14,4956.6,82390.445,2547.1,669543.5,1683.5927
40528.95,744.18005,18080.121,221165.9,29074.83,5199.8403,9413.2705,743.91,4344.12,64006.8,2550.3,498542.8,1274.5133
13313.61,48.670002,505.54,6294.1304,2030.01,861.93005,135.63,94.53,991.32007,4703.16,2551.4,13939.804,107.56971
9462.12,111.47,102.05,872.92004,277.89,86.350006,575.4,30.14,838.2,827.64,2552.7,2813.9355,29.837103
33250.53,514.96,20176.07,242976.34,30214.65,4634.64,8633.74,691.85,3268.32,63939.484,2552.9,556336.7,1733.9501
56483.88,1252.86,39878.0,262143.0,52494.523,10121.79,14286.36,1071.34,6376.9204,128591.766,2553.9,1099599.4,2017.6353
31956.84,588.75,21287.63,257869.38,28977.49,4742.97,9087.21,868.58,3191.76,67069.2,2554.8,586986.94,1903.6383
33843.0,753.60004,28595.98,262143.0,40130.77,6707.04,11514.85,985.03,5451.6,92062.086,2555.3,788508.0,2414.9343
42782.25,871.35004,29462.621,262143.0,40612.76,6115.1504,11898.45,904.2,5174.4004,96957.96,2555.4,812404.8,1968.05
6906.93,215.09001,1064.4601,12316.65,5523.2603,1555.87,7389.78,609.65,1339.8,7059.3604,2555.9,29351.514,439.6495
32572.8,976.54004,38215.37,262143.0,54978.26,7898.6704,18908.74,1579.61,6280.56,120439.445,2556.0,1053753.9,3353.5322
18901.62,463.15002,19979.82,240933.78,27693.23,4347.33,9311.89,932.97003,2706.0,63918.363,2556.4,550925.25,3021.328
52760.28,1168.0801,38020.69,262143.0,58223.453,7551.7,21721.35,1861.83,7298.2803,124176.37,2556.8,1048385.8,2059.4492
40713.39,606.02,21683.271,262143.0,29660.441,4158.93,8698.13,801.45,3554.7603,69352.805,2557.9,597896.4,1521.7778
17226.87,638.99005,375.23,7589.3804,4801.06,2103.8,734.32,243.86,1499.52,8189.2803,2558.2,10346.624,61.278793
15594.75,230.79001,422.33002,5141.75,1103.7101,384.65002,110.97,16.44,363.0,3387.12,2558.7,11645.364,76.43237
50339.07,854.08,4129.1,53142.934,16263.631,5228.1,11597.05,1315.2,6840.24,31916.281,2559.0,113856.16,233.53043
147076.98,6570.45,262143.0,262143.0,262143.0,56336.312,99700.38,8850.2,52658.76,262143.0,2559.2,7228353.5,5095.1543
11818.95,208.81001,1464.81,18602.93,4918.81,1447.54,5456.71,449.36002,1995.8401,8524.561,2563.8,40390.797,353.36548
8089.2603,70.65,31.400002,1055.04,405.06003,94.200005,50.69,19.18,306.24002,1099.56,2565.3,865.8263,10.098641
95984.49,2077.11,80713.7,262143.0,111834.24,17042.35,31414.1,2790.69,11877.36,256139.4,2566.5,2225606.5,2403.3362
15354.63,135.02,444.31003,5556.23,1799.2201,682.95,283.59,21.92,648.12006,4090.6802,2566.8,12251.442,81.73623
15821.82,207.24,92.630005,1585.7001,777.15,463.15002,1113.81,138.37,1077.12,1952.28,2567.3,2554.1877,15.739567
60288.39,1268.56,56827.723,262143.0,77790.36,14082.9,23674.97,1807.03,6413.8804,175233.97,2567.5,1566972.5,2694.1042
49526.492,2243.53,67056.27,262143.0,93498.21,15401.7,31426.43,2493.4,13091.761,215764.56,2570.5,1849015.4,3870.2466
20732.97,431.75,13034.141,157384.66,16425.34,1909.1201,1631.67,68.5,2624.1602,40987.32,2571.4,359404.5,1796.5039
48386.79,943.57,32858.53,262143.0,46531.66,7281.66,15742.67,1161.76,4703.16,103540.805,2573.3,906043.94,1940.6472
36057.15,869.78,31795.64,262143.0,51474.023,9292.83,19904.73,1593.31,7942.4404,108510.6,2573.9,876735.7,2520.304
14746.5,105.19,259.05002,3340.9602,3479.12,1191.63,6165.0,546.63,1244.76,4707.12,2574.0,7143.0674,49.227745
67232.73,2113.22,91110.24,262143.0,134618.08,22355.23,49846.082,4196.31,14215.08,262143.0,2574.3,2512281.5,3873.6765
53290.11,918.45,30415.611,262143.0,44338.37,7289.5103,13501.35,1128.88,6273.9604,97294.56,2574.9,838682.7,1630.9203
119443.17,4488.6304,141661.11,262143.0,205659.02,33538.34,73094.98,6530.79,29531.041,262143.0,2574.9,3906175.5,3390.082
43351.23,774.01,22677.08,262143.0,33301.27,5766.6104,10640.79,1020.65,5643.0,78771.0,2575.7,625299.75,1494.6663
15117.12,194.68001,111.47,1716.01,540.08,119.32001,1512.48,108.23,1903.4401,1738.4401,2575.9,3073.6833,20.08327
61292.37,1012.65,38954.84,262143.0,53315.633,8559.641,15027.53,1022.02,5509.68,121710.6,2576.0,1074144.1,1816.2053
52561.92,927.87006,27167.281,262143.0,37590.51,6154.4004,10214.72,658.97003,6687.12,88701.37,2577.8,749112.94,1476.8282
10730.58,26.69,70.65,1219.89,455.30002,89.490005,39.73,-26.03,237.6,1378.0801,2578.9,1948.1091,17.825129
33024.332,467.86002,15100.261,184781.16,20232.59,3659.6702,4864.87,472.65,3140.28,48321.242,2579.4,416375.88,1306.3727
71452.23,1628.0901,68397.055,262143.0,96182.914,15316.921,30623.61,2376.95,11709.721,217031.77,2580.4,1885986.2,2735.9736
76934.97,2472.75,95372.8,262143.0,132442.06,21425.791,41938.44,3448.29,16531.68,262143.0,2581.0,2629817.8,3543.4573
21088.8,282.6,177.41,2669.0,744.18005,193.11,1761.82,235.64,2049.96,2311.32,2581.5,4891.9185,23.05333
54029.61,1229.31,41675.652,262143.0,59617.613,7914.37,15409.76,1102.85,7195.3203,133450.69,2584.4,1149168.0,2204.462
88661.7,2259.23,95237.77,262143.0,137009.19,22206.08,43200.21,4063.42,13871.881,262143.0,2584.4,2626094.5,3070.2993
36757.5,599.74,26840.72,262143.0,38670.67,5625.31,14126.07,1334.38,4180.44,87060.6,2584.5,740108.3,2086.84
44319.54,698.65,16654.56,202366.73,22854.49,4099.27,8487.15,669.93,4988.2803,56356.082,2587.3,459234.28,1073.4518
34313.67,398.78,714.35004,9803.08,4207.6,1579.42,931.6,201.39,2100.12,10660.32,2587.6,19697.549,58.524105
31571.43,442.74002,23024.05,262143.0,32426.781,4954.92,7571.99,624.72003,3604.9202,74166.84,2587.6,634867.1,2084.146
40990.92,827.39,33555.61,262143.0,46654.12,6864.04,16159.15,1330.27,5441.04,103365.24,2590.0,925265.25,2339.596
33814.29,431.75,229.22,3942.27,2369.1301,1152.38,204.13,58.91,1287.0,5596.8003,2591.0,6320.5317,18.382118
51962.492,905.89,45280.37,262143.0,63617.973,9184.5,18055.23,1679.62,6606.6,142553.4,2591.6,1248564.8,2490.5464
59650.68,995.38,25567.451,262143.0,36805.51,6389.9004,17167.47,1487.82,6329.4004,88146.96,2591.9,704999.06,1224.5217
13310.13,144.44,117.75001,1092.7201,563.63,65.94,98.64,-41.1,102.96001,950.4,2592.8,3246.8486,24.29459
68832.664,1449.1101,51003.023,262143.0,73099.2,10153.19,23821.56,2038.56,8040.12,162899.89,2596.4,1406361.8,2117.6067
20830.41,433.32,312.43002,3876.33,946.71,357.96002,206.87,-50.69,653.4,2995.08,2596.9,8614.972,41.88485
57076.35,2552.82,94231.41,262143.0,136426.72,20507.34,43642.72,3803.12,14193.961,262143.0,2598.5,2598344.8,4719.505
87454.14,3612.57,111724.34,262143.0,159025.31,26215.861,56700.19,5156.68,17434.56,262143.0,2599.8,3080696.5,3651.7202
59153.04,1036.2001,53307.78,262143.0,72650.18,10497.0205,18255.25,1546.73,8747.641,168647.17,2601.3,1469913.2,2575.6921
18770.25,439.6,108.33,1869.8701,695.51,163.28,173.99,-57.54,492.36002,1912.68,2601.4,2987.1006,15.501661
8495.55,177.41,62.800003,1094.29,428.61002,61.230003,249.34,17.81,180.84001,935.88007,2602.8,1731.6526,20.135725
21941.4,463.15002,381.51,5609.6104,1257.5701,541.65,191.8,19.18,398.64,3429.36,2604.8,10519.789,48.71536
56494.32,1059.75,41347.52,262143.0,57997.37,7840.58,15108.36,1327.53,6658.08,133199.89,2607.9,1140120.0,2091.636
73203.54,1266.99,40939.32,262143.0,58622.23,8105.91,17278.44,1742.64,7728.6,131850.84,2608.3,1128864.2,1598.0333
73388.85,1970.3501,76705.49,262143.0,105142.91,15968.471,28308.31,2497.51,9836.641,245992.56,2609.8,2115083.8,2987.4456
24429.6,419.19,10391.83,124207.414,16357.83,1310.9501,4915.56,261.67,3849.12,34758.242,2611.0,286545.22,1215.2551
94751.7,4223.3003,170447.06,262143.0,250017.8,42046.17,91131.03,8167.94,38720.883,262143.0,2611.2,4699922.0,5142.4146
46302.27,1692.4601,65126.742,262143.0,94906.5,15544.57,29786.541,2676.98,9830.04,206521.92,2611.8,1795810.4,4020.6667
68535.12,1697.17,63379.332,262143.0,89777.31,14685.78,29798.87,2890.7,10410.841,204783.48,2612.8,1747627.1,2643.1343
13891.29,153.86,351.68002,4860.72,1667.3401,802.27,57.54,53.43,737.88,3639.2402,2613.4,9697.255,71.385925
18066.42,254.34001,7361.7305,88847.875,8313.15,1378.4601,995.99,97.27,1226.28,23204.281,2613.9,202992.98,1164.0829
19540.2,356.39,14299.561,174163.25,20358.191,3449.29,5993.75,498.68,1969.4401,46808.523,2616.3,394297.3,2091.3904
24577.5,411.34003,87.920006,2643.8801,882.34,182.12001,2222.14,242.49,1994.52,3587.7603,2620.0,2424.3137,9.228194
5869.02,155.43001,69.08,1970.3501,1579.42,601.31,295.92,120.56,399.96002,2633.4001,2620.1,1904.8179,32.653927
22559.1,584.04004,17907.42,221663.6,31285.39,6589.29,15760.48,1342.6,5577.0,62215.562,2621.3,493780.72,2268.6572
31424.4,412.91,16160.011,198909.6,22961.25,3099.1802,7703.5103,563.07,3286.8,54397.203,2624.1,445597.5,1469.3599
23791.89,386.22,175.84001,2719.24,1174.36,337.55002,2302.97,164.4,1576.0801,2196.48,2625.0,4848.6274,20.13186
48113.61,959.27,29759.352,262143.0,47506.633,8382.23,22422.791,1786.48,6611.8804,100679.05,2626.3,820586.9,1767.4978
103510.86,4639.35,190912.0,262143.0,262143.0,45151.633,92265.39,7793.93,31220.64,262143.0,2627.0,5264224.0,5272.4683
8735.67,3318.9802,83.21,6218.77,11178.4,6686.6304,435.66,256.19,180.84001,12477.961,2627.1,2294.4397,26.235058
24033.75,288.88,1095.86,12993.32,2610.9102,450.59003,208.24,58.91,452.76,6086.52,2628.2,30217.336,129.37146
33441.93,816.4,26620.92,262143.0,36926.402,6210.9204,11854.61,1313.83,2960.76,83038.56,2629.1,734047.5,2275.0444
39759.87,734.76,30841.08,262143.0,45723.113,6404.0303,13172.55,1353.56,6805.9204,97980.96,2630.1,850414.56,2216.8572
76846.23,2064.55,60355.51,262143.0,91055.3,15404.841,33218.39,3079.76,15791.16,205632.25,2634.7,1664248.0,2244.6567
85767.21,1645.3601,55395.883,262143.0,73430.47,10555.11,18405.95,1559.06,8310.721,175016.17,2635.1,1527490.8,1845.7375
34495.5,624.86005,20782.09,253550.3,31021.63,4262.5503,8196.71,786.38,3297.36,68059.2,2635.6,573047.1,1721.5656
60893.04,1175.93,26208.012,262143.0,36122.562,5438.48,8288.5,754.87,4163.2803,84667.445,2636.9,722661.94,1229.5957
6698.13,227.65001,144.44,2836.99,1554.3,409.77002,305.51,117.82,422.40002,3108.6,2638.1,3982.801,60.657078
10486.11,150.72,53.38,874.49005,384.65002,274.75,820.63,-34.25,702.24005,1041.48,2641.2,1471.9047,13.555031
8359.83,315.57,1551.16,20256.14,8206.391,1753.6901,10248.97,891.87,3024.12,11883.961,2641.5,42771.82,529.52783
15012.72,288.88,120.89001,1568.43,569.91003,464.72,1230.26,184.95,1494.2401,2329.8,2643.0,3333.4314,22.02396
20084.82,635.85004,1179.0701,15874.2705,6322.39,1665.77,10576.4,990.51,3400.32,11532.841,2644.2,32511.78,166.84975
68592.54,1207.3301,44595.85,262143.0,62153.16,8509.4,22735.15,2026.23,9257.16,143286.0,2645.2,1229689.8,1857.945
24661.02,488.27002,20840.182,251170.17,30748.451,5168.44,9561.23,808.3,3297.36,65882.52,2645.2,574648.94,2415.2366
15164.1,119.32001,116.18,1971.92,516.53,34.54,889.13,161.66,1347.7201,1652.64,2645.4,3203.5571,20.906033
26949.99,582.47003,117.75001,2078.6802,1160.23,631.14,219.2,12.33,558.36005,2761.4402,2650.8,3246.8486,11.492557
53819.94,1142.9601,43366.543,262143.0,65365.383,10564.53,19973.23,1870.05,7922.64,135425.4,2651.5,1195792.8,2302.8838
46817.31,1142.9601,36161.812,262143.0,52134.992,8958.42,19256.72,1635.78,9676.92,120455.28,2651.6,997128.9,2207.4763
22953.21,584.04004,19185.4,239236.61,38758.59,8912.891,22611.85,1872.79,9403.681,71022.6,2651.7,529019.9,2388.8818
29151.96,453.73,20347.201,249747.77,27412.201,4317.5,8028.2,637.05,3231.36,65079.96,2652.1,561055.44,1994.6569
28923.15,565.2,15582.251,186753.08,21719.38,4012.9202,7028.1,658.97003,3963.9602,49316.523,2652.2,429666.3,1539.4003
23318.61,342.26,12252.28,154370.25,19659.541,4052.1702,9813.31,869.95,3055.8,44002.203,2652.6,337845.4,1501.3228
45684.57,778.72003,16313.87,201134.28,26291.22,5111.9204,8339.19,800.08,4249.08,58065.48,2652.7,449840.03,1020.02515
16828.41,241.78001,3708.34,46186.26,4719.42,543.22003,1038.46,116.45,1888.92,13097.04,2654.3,102254.086,629.0651
41229.3,808.55005,24017.861,262143.0,35763.03,6303.5503,14830.25,1287.8,4344.12,78330.125,2654.4,662270.56,1664.6255
73329.69,1953.0801,87797.54,262143.0,123398.87,19891.9,34125.332,3111.27,10718.4,262143.0,2654.4,2420936.8,3422.3516
58248.242,1051.9,37628.19,262143.0,54599.89,7485.7603,22047.41,1786.48,6040.3203,121832.05,2655.6,1037562.94,1846.0536
12930.811,211.95001,901.18005,11300.86,3504.2402,626.43,5040.23,432.92,2436.7202,7815.72,2655.7,24849.215,198.26672
18788.52,265.33002,98.91,1714.4401,697.08,130.31,1620.71,187.69,1619.64,1543.0801,2655.9,2727.3528,14.052084
62878.38,1127.26,38700.5,262143.0,52414.453,7523.4404,14061.68,1335.75,6718.8003,125918.766,2657.6,1067130.9,1758.8036
32913.84,777.15,27341.55,262143.0,38501.11,6534.3403,12423.16,998.73,3499.32,84260.88,2658.0,753918.25,2374.164
95425.95,4341.0503,158183.78,262143.0,231667.64,36197.92,80865.62,6718.48,31937.4,262143.0,2658.8,4361773.0,4738.63
88294.56,3127.4402,107334.625,262143.0,151450.06,23761.951,50017.332,4336.05,17002.92,262143.0,2659.1,2959654.0,3474.8005
11353.5,152.29001,222.94,2562.24,612.30005,221.37001,39.73,-20.55,217.8,1838.7601,2660.0,6147.3667,55.1445
46436.25,741.04004,22681.791,262143.0,31949.502,5515.41,11738.16,932.97003,5951.8804,75467.05,2660.3,625429.6,1395.5908
23055.0,263.76,19802.41,240217.86,28889.57,4265.69,6017.04,571.29,2613.6,63282.12,2660.3,546033.4,2454.8506
33362.76,428.61002,1513.4801,19196.39,4254.7,1753.6901,442.51,110.97,1285.68,10482.12,2663.1,41732.83,128.70708
27302.34,453.73,16057.961,194990.86,21746.07,2893.51,6630.8,537.04,2385.24,51679.32,2664.3,442783.6,1680.6652
30450.871,447.45,17615.4,214311.28,26327.33,4253.1304,7503.49,650.75,2999.04,56800.92,2664.7,485728.56,1653.0239
26314.02,557.35004,26955.33,262143.0,37216.85,7181.18,12762.92,1164.5,3358.08,85854.125,2666.2,743268.56,2927.9128
46189.17,828.96,30407.762,262143.0,42619.223,6141.8403,10746.28,1013.8,4348.08,94110.73,2666.7,838466.2,1881.3192
42824.01,1651.64,69463.086,262143.0,100231.945,16601.18,38294.24,3379.79,14014.44,224554.45,2667.3,1915381.0,4636.8394
13034.34,549.5,11126.591,136679.5,21744.5,3909.3,11995.72,1100.11,4713.72,42852.48,2667.4,306805.56,2439.7432
14227.98,211.95001,147.58,2011.17,562.06,-12.56,1005.58,189.06,2007.7201,2114.6401,2671.3,4069.3835,28.657412
46646.79,974.97003,1653.2101,22477.691,5741.49,1475.8,305.51,-30.14,1527.2401,13040.28,2671.6,45585.754,100.33402
55655.64,970.26,36978.21,262143.0,49440.87,6713.3203,15708.42,1271.36,5592.8403,118914.84,2671.9,1019640.3,1898.7029
24270.39,516.53,13445.48,167913.08,22455.71,3477.55,9637.95,806.93,4849.68,48833.402,2674.2,370746.8,1582.9757
15917.5205,127.170006,175.84001,2072.4001,1199.48,131.88,58.91,63.02,666.60004,2633.4001,2675.5,4848.6274,30.585756
37253.4,516.53,19132.021,234250.28,26394.842,3906.1602,9133.79,672.67,6701.64,63312.484,2676.3,527548.0,1467.3987
65046.42,1931.1001,96713.57,262143.0,130884.625,20576.42,35093.92,3371.57,13800.601,262143.0,2677.1,2666788.2,4250.2144
36644.4,854.08,29764.06,262143.0,41738.453,6294.1304,14147.99,1285.06,4003.56,96738.84,2677.2,820716.75,2321.3816
65308.29,1268.56,43642.863,262143.0,62501.703,9635.09,16478.36,1343.97,8073.12,140730.48,2678.7,1203412.0,1909.7063
4021.1401,58.09,4.71,87.920006,72.22,12.56,35.62,-9.59,17.16,-92.4,2678.9,129.87395,2.3490427
15466.86,397.21002,114.61,1727.0,514.96,398.78,90.42,39.73,399.96002,1403.16,2679.0,3160.2659,20.186993
18861.6,227.65001,108.33,2433.5,935.72003,95.770004,1312.46,65.76,2044.68,2473.6802,2679.4,2987.1006,15.4217415
23435.19,405.06003,163.28,3494.82,701.79004,321.85,1582.35,93.16,1639.4401,3079.56,2680.2,4502.2964,18.921108
4064.6401,45.530003,-42.390003,-92.630005,-51.81,105.19,24.66,-9.59,188.76001,-43.56,2681.0,-1168.8656,-30.818815
10884.57,56.52,318.71002,4326.92,786.57,113.04,84.94,34.25,528.0,2455.2002,2681.4,8788.138,82.72082
3508.71,17.27,23.550001,-67.51,20.41,53.38,-41.1,30.14,-83.16,62.04,2683.3,649.36975,18.190773
30493.5,304.58002,13761.051,168084.2,18017.32,2570.09,5362.18,437.03,3368.6401,45974.28,2684.6,379448.38,1289.3077
64678.41,3494.82,120095.586,262143.0,179749.31,29966.592,57337.24,4910.08,17125.682,262143.0,2685.1,3311526.0,5308.049
13164.84,309.29,200.96,2669.0,566.77,169.56001,202.76,-32.88,392.04,1611.7201,2685.8,5541.2886,42.64586
55518.18,1022.07,25195.361,262143.0,35715.93,4925.0903,13815.08,1090.52,6060.12,86434.92,2686.1,694739.06,1296.5807
39832.082,1080.16,36301.543,262143.0,50847.59,7694.5703,14001.4,1285.06,9416.881,122305.92,2687.0,1000981.8,2604.7998
12199.14,301.44,1965.64,24416.64,6295.7,913.74005,6617.1,568.55,3438.6,12279.961,2688.6,54200.727,459.70593
50894.13,828.96,43168.723,262143.0,59342.863,10716.82,17490.791,1474.12,6902.2803,140418.97,2689.6,1190338.0,2424.2163
60589.41,1560.5801,43383.812,262143.0,69298.234,12170.641,33243.05,3260.6,11505.12,149606.17,2690.0,1196269.0,2046.293
14212.32,139.73001,133.45,1690.89,693.94,409.77002,949.41,154.81,1162.92,2146.32,2694.7,3679.7615,25.84742
16438.65,249.63,81.64,1698.7401,580.9,246.49,922.01,131.52,1100.88,1998.4801,2694.8,2251.1482,13.199918
55797.45,1723.8601,64318.19,262143.0,93969.21,14494.24,30256.45,2781.1,12496.44,208018.81,2695.6,1773515.2,3294.8577
18651.06,298.30002,142.87001,2185.4402,626.43,266.9,1243.96,-20.55,1393.92,2402.4001,2696.0,3939.5098,20.90214
9091.5,163.28,149.15001,2884.09,1851.03,334.41,274.0,100.01,454.08002,2857.8,2696.7,4112.6753,45.906902
49227.21,803.84,24287.9,262143.0,33893.16,5149.6,11475.12,960.37,8367.48,78066.125,2697.0,669716.6,1409.6969
46852.11,866.64,35847.812,262143.0,51571.363,7578.39,19451.26,1753.6,6273.9604,114098.164,2698.7,988470.6,2186.6733
107520.69,4295.52,193237.17,262143.0,262143.0,41840.5,78944.88,7132.22,27684.361,262143.0,2699.0,5328338.0,5137.633
9389.04,408.2,9806.221,117137.7,14878.891,1747.41,364.42,-15.07,777.48004,32543.281,2699.4,270397.56,2985.2727
56627.43,1097.43,42660.043,262143.0,60445.004,8226.8,19292.34,1705.65,6454.8003,135281.53,2699.9,1176311.6,2152.9885
50944.59,2431.9302,83608.78,262143.0,129408.83,22052.22,55104.14,4614.16,17853.0,262143.0,2700.1,2305435.8,4691.4844
66483.664,1131.9701,36362.77,262143.0,51240.09,8583.19,17420.92,1398.77,6605.2803,120776.05,2700.2,1002670.1,1562.8353
42413.37,830.53,27828.25,262143.0,38399.062,6388.33,11081.93,875.43,4923.6,89160.73,2702.2,767338.56,1874.9968
34770.42,1061.3201,103.62,2665.86,1949.9401,541.65,535.67,50.69,1313.4,4253.04,2702.4,2857.2268,7.5208445
39610.23,613.87,27258.342,262143.0,37887.242,6236.04,10676.41,897.35,3622.08,86838.84,2702.5,751623.8,1966.619
46970.43,805.41003,27453.021,262143.0,37524.57,6661.5103,11617.6,919.27,4356.0,91535.41,2706.8,756991.94,1670.1469
10163.34,124.03001,-4.71,-95.770004,36.11,23.550001,-42.47,35.62,31.68,-39.600002,2707.1,-129.87395,-2.3250537
43439.1,737.9,21092.951,255534.78,28357.342,4022.34,9984.56,878.17,4510.44,67495.56,2707.3,581618.8,1387.3708
74101.38,2670.57,134087.42,262143.0,187505.11,30100.041,56164.52,4721.02,17358.0,262143.0,2709.5,3697338.0,5172.813
12772.47,194.68001,105.19,1386.31,414.48,207.24,553.48,105.49,748.44,1957.56,2711.4,2900.518,22.547705
37758.87,1345.49,49296.434,262143.0,76113.6,13035.71,30955.15,2704.3801,7842.12,163174.45,2712.1,1359304.0,3731.8923
51502.26,940.43005,584.04004,9079.311,3030.1,464.72,4303.17,426.07,8133.8403,8535.12,2712.2,16104.37,31.423904
62130.18,1218.3201,56364.57,262143.0,77198.47,13169.16,21155.541,1890.6,6504.9604,175800.25,2712.8,1554201.5,2592.8962
33164.4,563.63,25055.63,262143.0,35852.52,4611.0903,11284.69,868.58,4627.9204,78896.41,2713.9,690886.1,2159.1416
26468.88,392.5,1196.3401,16109.7705,7237.7,2356.57,8780.33,837.07,3223.4402,13301.641,2714.9,32987.984,128.23141
18992.1,233.93001,436.46002,5403.94,2278.07,802.27,486.35,9.59,1558.92,5668.08,2715.2,12034.986,64.708336
68715.21,1439.6901,47525.473,262143.0,70998.54,9583.28,27745.24,2342.7,8747.641,153308.77,2717.0,1310471.4,1976.5276
53664.21,909.03,37920.21,262143.0,54287.46,8492.13,17586.69,1493.3,5771.04,119230.33,2717.7,1045615.1,2019.389
5275.68,95.770004,103.62,763.02,282.6,219.8,54.8,24.66,-14.52,916.08,2719.1,2857.2268,55.158325
45554.94,1061.3201,48638.6,262143.0,68679.65,10895.801,21285.69,1659.07,7293.0005,155317.81,2720.3,1341165.0,3051.7737
17286.9,293.59,164.85,1990.76,767.73004,379.94,1008.32,180.84,1570.8,1903.4401,2720.3,4545.588,26.26596
33098.28,687.66003,25013.24,262143.0,34626.35,5108.7803,9646.17,865.84,4942.08,81776.64,2720.7,689717.2,2159.7947
57901.98,1136.68,42840.59,262143.0,61137.37,9385.46,20449.99,1920.74,6911.5205,139319.4,2722.6,1181290.1,2114.4902
18816.36,271.61002,111.47,2201.1401,628.0,235.50002,1305.61,137.0,1763.52,1606.4401,2725.9,3073.6833,15.938362
20828.67,629.57,136.59001,2143.05,935.72003,271.61002,98.64,52.06,319.44,2439.36,2726.8,3766.3447,17.750221
18493.59,436.46002,620.15,7116.81,1277.9801,251.20001,220.57,-23.29,471.24002,3718.4402,2727.1,17100.07,94.879234
10935.9,146.01001,87.920006,1406.7201,364.24002,161.71,676.78,21.92,1114.0801,1203.8401,2727.5,2424.3137,21.986992
35534.28,671.96,19755.31,237873.84,26572.25,3347.24,5560.83,571.29,3367.32,62354.164,2729.3,544734.6,1588.5908
18192.57,709.64,16222.811,201555.03,33552.473,6334.95,26738.291,2271.46,8995.801,67452.0,2730.3,447329.16,2548.6526
24620.13,296.73,9462.391,117538.055,13985.561,2172.8801,4799.11,508.27,2729.76,31488.602,2730.5,260916.77,1097.9033
82098.42,2163.46,55457.113,262143.0,80106.11,13594.631,24795.63,2222.14,13596.001,182087.4,2731.5,1529179.1,1930.3965
58306.53,1898.13,81082.66,262143.0,111484.13,17758.271,34500.71,2674.24,15104.761,259964.77,2731.7,2235780.0,3975.1223
37060.26,709.64,21907.781,262143.0,29809.592,4615.8003,9526.98,726.1,2746.9202,71718.24,2732.0,604087.0,1689.203
33084.36,667.25,23174.771,262143.0,29891.23,4226.44,9159.82,780.9,4323.0,73807.805,2732.3,639023.1,2001.819
37983.332,962.41003,36254.44,262143.0,58524.89,11255.33,26632.8,2552.31,9840.601,125731.33,2733.6,999683.06,2728.0854
3981.12,131.88,23.550001,533.8,249.63,81.64,-21.92,57.54,137.28,430.32,2735.6,649.36975,15.913546
48598.2,902.75,24842.111,262143.0,33502.23,4728.8403,8633.74,752.13,5103.12,80337.84,2735.7,684998.5,1460.5623
71433.96,2036.29,91788.484,262143.0,126516.88,20838.611,30163.291,2504.36,13519.44,262143.0,2739.1,2530983.5,3672.9434
48689.55,1466.38,72563.836,262143.0,98286.71,15497.471,30068.76,2809.87,8973.36,225285.73,2740.4,2000881.4,4260.215
53522.4,1185.3501,46997.953,262143.0,67542.97,11355.811,22957.09,2155.01,6541.9204,149788.33,2741.0,1295925.6,2509.686
65424.87,1205.76,48305.76,262143.0,66844.32,9358.7705,21069.23,1930.33,10022.761,159644.77,2741.0,1331987.2,2110.0818
50676.63,1004.80005,38571.76,262143.0,55951.66,7251.83,13949.34,1252.18,4874.7603,120406.445,2741.9,1063581.0,2175.2598
18816.36,246.49,98.91,1645.3601,756.74005,142.87001,1000.1,139.74,2014.3201,2980.56,2742.1,2727.3528,14.029814
37383.03,946.71,34258.973,262143.0,52973.37,9393.311,23217.39,2311.19,6238.3203,112721.41,2742.6,944659.8,2619.2866
8855.73,131.88,51.81,959.27,607.59,62.800003,380.86002,80.83,795.96,1440.1201,2742.6,1428.6134,15.7277775
43058.04,810.12006,30501.96,262143.0,42454.37,6463.6904,13805.49,972.7,5404.08,99803.88,2742.9,841063.7,2024.4547
62794.86,2034.7201,74027.07,262143.0,107055.164,16362.541,37898.31,3508.57,13266.001,239052.02,2745.2,2041228.8,3369.6638
27161.4,643.7,25167.102,262143.0,33988.93,6063.3403,11287.43,1008.32,4349.4004,79883.766,2746.2,693959.8,2648.2935
60433.68,2019.02,56672.293,262143.0,86880.664,14359.221,40679.41,4131.92,30605.521,196070.17,2746.3,1562686.6,2680.271
60828.66,1849.4601,90691.055,262143.0,119263.484,18303.06,28960.43,2852.34,10577.16,262143.0,2747.3,2500722.8,4261.9
53431.92,1405.15,48377.98,262143.0,69709.57,11580.32,20584.25,1760.45,7949.0405,154537.69,2748.0,1333978.5,2587.7847
54259.29,1849.4601,69390.86,262143.0,95669.52,14861.62,27998.69,2442.71,9649.2,217572.97,2749.3,1913389.5,3655.5974
45278.28,1723.8601,52447.42,262143.0,85863.305,15274.53,32233.36,2960.57,13804.561,182802.84,2751.3,1446189.6,3310.9456
34592.07,971.83,1186.92,14707.761,2959.4502,591.89,168.51,-32.88,801.24005,6706.9204,2751.8,32728.234,97.10562
56487.36,1180.64,42097.98,262143.0,58072.73,9131.12,19741.7,1598.79,6165.72,136708.45,2752.9,1160813.2,2129.88
52728.09,1442.8301,66533.46,262143.0,94986.57,14546.051,28743.97,2478.33,7696.9204,208260.38,2753.0,1834599.4,3606.8384
71985.54,1445.9701,56824.582,262143.0,78517.27,10322.75,18073.041,1523.4401,8385.96,184103.05,2753.1,1566885.9,2256.0437
62003.16,1519.76,35639.0,262143.0,57471.42,10658.73,30848.291,2131.72,10035.96,120599.164,2753.8,982712.8,1642.4658
58929.45,1193.2001,54976.69,262143.0,77184.34,12902.261,23037.92,2133.09,6623.7603,171708.25,2753.8,1515932.0,2666.4434
11019.42,254.34001,477.28003,7154.49,4074.1501,1166.51,6722.59,711.03,1755.6001,6304.3203,2754.1,13160.561,122.840744
59597.61,1618.67,65071.793,262143.0,92568.77,13567.94,27713.73,2252.28,9125.16,205298.28,2754.6,1794295.1,3120.8564
38003.34,824.25,24272.201,262143.0,36956.23,5868.66,14083.6,1309.72,3849.12,75408.96,2755.7,669283.75,1825.1499
15719.16,105.19,606.02,7663.1704,1342.3501,348.54,619.24,98.64,906.84,5017.3203,2756.3,16710.447,109.23173
123325.11,5477.73,191835.17,262143.0,262143.0,44726.16,88582.83,7792.56,34059.96,262143.0,2757.5,5289679.5,4446.6
48759.15,2322.03,84659.11,262143.0,130749.6,22124.441,49311.78,4530.59,18474.72,262143.0,2760.2,2334397.5,4963.3975
72531.03,1672.05,73086.64,262143.0,106190.09,14977.801,32334.74,2929.06,9819.48,230321.53,2761.0,2015297.2,2880.1318
64986.39,2598.35,88866.71,262143.0,123100.56,19565.34,29304.3,2689.31,10496.641,262143.0,2761.7,2450418.2,3908.9004
5059.92,1230.88,26.69,1212.04,3405.33,1838.4701,364.42,28.77,-85.8,4399.56,2762.0,735.95233,14.081826
52997.79,1086.4401,40251.66,262143.0,58584.55,9046.34,18914.22,1480.97,7368.24,128515.2,2762.6,1109902.8,2170.576
91377.84,3504.2402,149989.95,262143.0,212832.34,33704.76,63815.97,5333.41,22003.08,262143.0,2762.6,4135835.8,4692.213
56075.85,1667.3401,52940.402,262143.0,71398.89,12161.221,19862.26,1870.05,12161.16,170309.05,2763.6,1459783.1,2698.3572
16623.96,259.05002,9.42,1552.7301,670.39,373.66,1353.56,58.91,1362.2401,2360.1602,2763.8,259.7479,0.6201879
55830.51,1009.51,40488.73,262143.0,55344.07,7922.22,14087.71,1350.82,6541.9204,130430.52,2764.4,1116439.8,2072.536
30558.75,456.87003,17824.21,216567.38,24214.111,3331.54,9247.5,783.64,2933.04,58270.082,2764.4,491486.3,1666.7222
54915.27,1141.39,51317.023,262143.0,71738.016,11393.49,20737.69,1716.61,6559.08,164664.72,2764.7,1415020.0,2670.8823
22231.98,979.68005,46390.363,262143.0,66577.42,10977.44,21878.9,1990.61,7176.8403,144627.12,2765.7,1279171.9,5965.2114
34036.14,857.22003,36130.41,262143.0,50825.613,8886.2,17541.48,1459.05,4880.04,113522.64,2766.0,996263.0,3034.16
10696.65,364.24002,10715.25,130010.13,19372.23,2833.85,10233.9,1032.98,4103.8804,40892.28,2768.4,295463.22,2863.2012
50627.91,833.67004,35708.082,262143.0,48660.582,6652.0903,13034.18,1289.17,6812.5205,115038.01,2769.1,984617.7,2015.6267
43756.65,880.77,28946.092,262143.0,44631.96,7415.1104,18804.62,1520.7,5918.8804,95890.086,2769.5,798162.0,1890.4501
45422.7,781.86005,30811.252,262143.0,41779.27,6774.5503,11714.87,913.79,4653.0,97977.0,2770.4,849592.06,1938.4803
28865.73,679.81,7083.8403,89391.09,21449.34,5865.52,21978.91,1860.46,7121.4004,36445.203,2771.5,195330.42,700.67377
42231.54,893.33,37532.42,262143.0,51992.12,7389.99,15738.56,1265.88,6891.72,117918.24,2773.5,1034922.2,2540.0818
51697.14,1125.6901,41162.26,262143.0,57658.25,9398.0205,16786.61,1449.46,7174.2,130669.445,2774.0,1135011.8,2275.5735
36263.34,690.80005,2535.55,31112.691,4030.1902,931.01,576.77,19.18,766.92004,10830.601,2774.2,69915.48,198.91869
59277.45,1139.8201,50882.133,262143.0,74722.586,10894.23,21104.85,1757.71,11454.961,168495.36,2774.3,1403028.2,2453.284
66876.9,1494.64,67648.164,262143.0,92516.96,15582.251,27286.291,2522.17,8539.08,209931.48,2775.4,1865336.2,2891.2036
30851.07,772.44,18558.97,231377.19,35000.01,6386.7603,21303.5,2150.9,5743.3203,67554.96,2776.5,511746.62,1719.0166
10811.49,108.33,372.09003,4609.52,2139.9102,725.34,1861.83,121.93,607.2,4066.9202,2776.7,10260.042,97.4037
12015.57,260.62,50.24,1449.1101,524.38,200.96,134.26,49.32,314.16,1331.88,2776.8,1385.3221,10.955129
12345.3,447.45,494.55002,5644.1504,1199.48,237.07,146.59,23.29,302.28,2319.24,2776.9,13636.765,113.54011
42714.39,750.46,26366.58,262143.0,39546.73,7251.83,16219.43,1335.75,4598.8804,86382.125,2777.1,727034.3,1763.9344
31606.23,554.21,22841.932,262143.0,33084.61,4939.22,7536.37,782.27,4184.4004,72165.73,2777.7,629845.4,2065.375
53824.29,1011.08,44920.84,262143.0,62974.273,10385.551,18615.56,1619.34,8224.92,142721.05,2777.7,1238651.1,2385.2644
15692.19,248.06001,84.78001,1179.0701,361.1,12.56,1098.74,171.25,1576.0801,1419.0,2778.2,2337.7312,14.447524
20547.66,835.24005,45732.53,262143.0,68736.17,11311.851,21955.62,2044.04,8194.561,151091.17,2778.4,1261032.8,6362.732
71688.87,1130.4,45762.363,262143.0,62947.582,10539.41,22002.2,1964.58,7963.5605,148107.97,2778.4,1261855.2,1824.1799
32036.01,835.24005,38358.242,262143.0,55565.44,8617.73,19945.83,1797.4401,6408.6,124328.164,2780.5,1057693.5,3422.492
14679.51,146.01001,640.56,8322.57,2105.37,686.09,2213.92,284.96,997.92004,5491.2,2780.7,17662.855,123.76628
77625.75,3526.2202,99682.445,262143.0,138285.61,19942.14,35367.92,3315.4,12851.5205,262143.0,2780.9,2748652.2,3670.655
88394.61,1750.55,67155.18,262143.0,93834.195,13847.4,30566.07,2808.5,10583.761,214422.12,2781.5,1851742.6,2171.2146
65685.0,2055.1301,87651.53,262143.0,123549.586,19777.291,34133.55,3437.33,15352.921,262143.0,2782.2,2416910.8,3814.4194
43512.18,643.7,12357.471,152759.44,17703.32,2165.03,6278.71,467.17,7108.2,43197.0,2785.0,340745.94,811.0219
80029.56,1420.8501,56824.582,262143.0,76145.0,11026.11,20102.01,1668.66,9826.08,182222.05,2785.1,1566885.9,2029.1812
10953.3,111.47,150.72,1686.18,568.34,204.1,1226.15,157.55,1131.24,1445.4,2786.8,4155.9663,38.343678
60009.992,898.04004,33378.2,262143.0,45503.312,8228.37,17889.46,1372.74,6832.3203,109817.41,2787.2,920373.3,1589.3339
12989.1,442.74002,28.26,58.09,-20.41,70.65,21.92,45.21,176.88,237.6,2787.5,779.24365,5.220741
50515.68,1394.16,55579.57,262143.0,75942.47,12727.99,24080.49,2519.43,10298.641,180160.2,2787.6,1532555.8,3144.8496
14915.28,139.73001,453.73,4926.66,1380.03,109.9,69.87,30.14,547.80005,3690.7202,2788.0,12511.19,85.97914
47682.09,915.31006,33725.17,262143.0,48569.523,6435.43,18430.61,1572.76,5274.72,108828.73,2789.0,929940.75,2021.3107
14805.66,265.33002,94.200005,1469.52,671.96,47.100002,838.44,53.43,846.12006,1755.6001,2793.1,2597.479,17.191652
66072.15,1312.52,33166.25,262143.0,49141.0,7683.58,15763.22,1371.37,8817.601,108614.88,2793.3,914529.0,1434.2479
41299.77,794.42004,31021.63,262143.0,41553.19,6813.8003,12698.53,1063.12,4814.04,97068.84,2793.8,855393.06,2146.662
31929.871,813.26,38006.562,262143.0,54240.363,9743.42,19432.08,1574.13,5975.64,119280.484,2795.2,1047996.2,3402.38
23160.27,270.04,147.58,2601.49,989.10004,205.67001,1550.84,253.45,2267.76,2187.24,2795.7,4069.3835,17.21935
65917.29,1645.3601,72621.92,262143.0,106033.09,16100.351,31086.67,2755.07,13316.16,232151.05,2796.1,2002483.1,3149.0496
59380.11,1097.43,39348.91,262143.0,59920.62,9110.71,23559.89,2104.32,8411.04,128498.05,2797.7,1085010.2,1893.701
67139.64,1387.88,45928.78,262143.0,65875.63,12363.75,23272.19,2207.07,9980.5205,148250.53,2797.9,1266444.1,1954.9371
9730.95,288.88,356.39,6429.1504,6501.37,1516.62,11584.72,1224.78,2114.6401,6968.2803,2798.2,9827.129,103.7175
11928.57,356.39,10194.011,123646.92,17014.09,2895.08,8837.87,923.38,4392.96,39229.082,2800.1,281090.53,2442.4626
52308.75,1447.54,56188.73,262143.0,81390.375,12318.221,30974.33,2629.03,10538.881,181836.61,2800.1,1549352.9,3070.3115
14913.54,334.41,1796.0801,22772.852,8652.2705,2102.23,7558.29,605.54,3021.4802,14751.001,2800.1,49525.266,343.34512
34808.7,692.37,24254.932,262143.0,31871.002,5309.74,9803.72,842.55,6353.16,78642.96,2800.1,668807.56,1991.3298
33729.9,631.14,23487.201,262143.0,33285.57,5471.45,13384.9,1111.07,5052.96,74025.6,2800.9,647638.06,1989.9723
12258.3,182.12001,20.41,383.08002,238.64001,94.200005,35.62,24.66,99.00001,661.32,2801.6,562.78705,3.7606006
12357.48,70.65,332.84,4085.1401,838.38,94.200005,117.82,43.84,489.72003,2563.4402,2803.5,9177.759,76.01132
42181.082,833.67004,32638.73,262143.0,47297.82,8295.88,15734.45,1401.51,5705.04,105518.164,2803.5,899983.1,2211.4045
8925.33,67.51,3.14,262.19,340.69,215.09001,36.99,38.36,249.48001,1111.4401,2804.0,86.582634,0.0058990717
40116.57,566.77,20303.24,245946.78,29583.512,5477.73,9225.58,848.03,6205.3203,66407.88,2804.1,559843.25,1446.0734
19894.291,309.29,285.74002,3593.7302,731.62,69.08,1970.06,97.27,2376.0,3603.6,2804.4,7879.0195,40.066868
35040.12,631.14,29556.82,262143.0,43407.363,7179.6104,14786.41,1148.06,4650.3604,93837.484,2804.9,815002.3,2410.799
20621.61,213.52,9790.5205,120225.89,14607.28,2394.25,5022.42,421.96,3000.36,33487.082,2805.2,269964.66,1356.4762
35721.332,681.38,22171.541,262143.0,29732.66,4494.91,10654.49,994.62,6157.8003,73036.92,2805.4,611359.94,1773.6685
21009.63,185.26001,120.89001,2337.73,1270.13,318.71002,172.62,58.91,579.48004,3218.1602,2805.5,3333.4314,15.452087
31413.96,926.30005,31334.06,262143.0,45363.582,8639.71,17000.33,1482.34,6118.2,100313.41,2805.9,864008.06,2850.957
66816.0,1676.76,54504.12,262143.0,78724.516,12392.011,25587.49,2137.2,9246.601,176225.28,2807.0,1502901.2,2331.372
12588.9,213.52,89.490005,1560.5801,568.34,89.490005,653.49,64.39,918.72003,1585.3201,2807.5,2467.605,19.325243
22453.83,365.81,10046.431,122525.945,13869.381,1340.78,2646.84,231.53,2610.9602,33036.96,2808.4,277021.12,1278.294
25303.08,372.09003,1628.0901,22207.65,8022.7,2333.02,6363.65,685.0,3032.04,15026.881,2808.4,44893.094,182.97298
22847.94,365.81,10236.4,126785.35,13853.681,2130.49,4689.5103,548.0,2265.12,33859.32,2810.2,282259.38,1280.0002
31769.791,361.1,503.97003,6988.0703,2771.05,673.53,331.54,-13.7,1248.7201,6846.8403,2811.6,13896.513,44.35648
36060.63,1348.63,41980.23,262143.0,66024.78,12186.341,26423.19,2130.35,8028.24,141852.48,2812.1,1157566.5,3327.5918
11520.54,111.47,111.47,1321.9401,682.95,681.38,238.38,4.11,353.76,1881.0001,2812.2,3073.6833,26.665222
26267.041,629.57,21554.531,260397.06,31323.07,4647.2,9961.2705,748.02,2810.28,68571.36,2815.0,594346.5,2345.2617
46977.39,934.15,36318.812,262143.0,51791.16,8664.83,15145.35,1330.27,6326.7603,116813.41,2815.2,1001458.06,2209.5063
31577.52,496.12003,16116.051,197435.36,19857.361,2920.2002,2956.46,200.02,3061.08,52299.723,2815.7,444385.34,1458.2496
36838.41,554.21,29417.092,262143.0,40485.59,6732.16,14006.88,964.48,4059.0002,93894.24,2816.1,811149.4,2282.2202
22861.86,373.66,1882.43,25554.89,9186.07,2497.87,13295.85,1379.59,3554.7603,16127.761,2817.9,51906.285,234.42702
39771.18,817.97003,32704.672,262143.0,45558.26,6871.89,12206.7,1265.88,4377.12,101196.484,2819.2,901801.44,2350.204
39656.34,645.27,27493.842,262143.0,38166.703,5195.1304,6691.08,701.44,3816.12,88119.24,2819.2,758117.56,1981.311
36506.94,715.92004,11103.04,134225.58,15368.73,2191.72,3760.65,419.22,5685.24,38240.402,2819.3,306156.2,868.59186
50634.87,1003.23004,36610.832,262143.0,50660.76,7708.7,16427.67,1268.62,6281.8804,115626.73,2819.5,1009510.2,2066.3254
3955.02,23.550001,-40.82,14.13,-21.980001,3.14,-13.7,-6.85,36.960003,105.600006,2819.6,-1125.5741,-30.510279
3019.77,51.81,-42.390003,105.19,171.13,12.56,20.55,15.07,46.2,-84.48,2820.3,-1168.8656,-41.136417
41648.64,1119.41,40331.73,262143.0,56656.594,8069.8003,16352.32,1409.73,5817.24,129519.73,2822.1,1112110.6,2767.822
27188.371,555.78,433.32,5870.23,1593.55,555.78,268.52,16.44,856.68005,4128.96,2822.9,11948.402,44.569527
25639.77,273.18002,303.01,12096.851,22562.47,13173.87,731.58,423.33,666.60004,38695.8,2823.7,8355.224,32.790283
11055.09,106.76,84.78001,825.82,351.68002,28.26,628.83,58.91,707.52,992.64,2825.2,2337.7312,20.927048
26375.791,599.74,23436.96,262143.0,43967.85,7664.74,23661.27,2016.64,6429.72,82995.0,2827.6,646252.75,2539.6497
17632.291,287.31,94.200005,1978.2001,860.36005,177.41,76.72,15.07,506.88,2056.56,2828.5,2597.479,14.275351
45183.45,883.91003,37207.43,262143.0,55733.434,9149.96,18052.49,1549.47,4510.44,117388.92,2829.6,1025960.8,2353.5032
24300.84,665.68,19706.64,240751.66,29619.621,5381.96,10333.91,983.66,3725.04,65309.645,2830.5,543392.56,2317.6772
60333.63,1037.77,48905.5,262143.0,65720.2,10519.0,20648.64,1930.33,9777.24,160372.1,2831.4,1348524.4,2316.6467
100425.84,2761.6301,127769.74,262143.0,180198.33,28611.682,47229.38,3814.08,17257.682,262143.0,2832.4,3523133.8,3636.739
18604.08,973.4,36320.383,262143.0,64456.35,11897.46,30429.07,2741.37,8224.92,130813.33,2832.9,1001501.3,5581.0176
18114.27,276.32,105.19,1802.3601,708.07,59.660004,1378.22,43.84,1429.56,2736.36,2834.2,2900.518,15.603613
28725.66,719.06,13258.65,163732.17,24273.771,5060.1104,12187.5205,1333.01,6155.16,52409.28,2835.2,365595.16,1318.7094
17915.041,235.50002,1018.93005,13145.61,2764.77,621.72003,4205.9,287.7,1218.3601,7972.8003,2835.5,28096.064,161.6206
18316.98,227.65001,229.22,2862.11,737.9,128.74,1180.9401,135.63,1820.28,2100.12,2835.8,6320.5317,34.7806
15269.37,508.68002,9371.33,113237.82,16373.53,3658.1,10717.51,782.27,3862.32,37511.76,2836.1,258405.86,1753.806
63700.53,1230.88,59696.113,262143.0,82043.49,14296.421,22770.77,2118.02,8826.841,187540.33,2838.5,1646065.8,2678.489
36151.11,430.18002,20791.51,253636.66,31172.352,5053.83,10358.57,882.28,4127.64,69863.64,2838.7,573306.9,1643.4225
28277.61,453.73,19433.46,233041.39,26338.32,4499.62,8969.39,746.65,3189.12,60557.64,2841.1,535859.94,1963.9727
7053.09,282.6,255.91,3158.84,670.39,241.78001,-46.58,-60.28,117.48,1528.56,2841.4,7056.4844,102.74253
58459.65,1879.29,51868.09,262143.0,75900.086,11250.62,26090.28,2296.12,12394.801,173519.28,2842.0,1430215.1,2535.8398
9021.03,246.49,1720.7201,23382.012,7592.52,1249.7201,10791.49,1009.69,4687.3203,12965.04,2842.3,47447.28,544.3849
41299.77,1111.56,38037.96,262143.0,57994.23,10800.03,27486.31,2497.51,6318.8403,128776.56,2843.0,1048862.0,2632.411
45447.06,1358.05,23697.58,262143.0,32623.031,5892.21,9163.93,630.2,4511.7603,78124.2,2845.1,653439.06,1489.8955
36339.03,918.45,27917.74,262143.0,40349.0,6842.06,14163.06,1117.92,5250.9604,88920.484,2845.5,769806.1,2195.6248
13541.55,260.62,4774.37,58060.17,6303.5503,1083.3,1786.48,116.45,1562.88,15603.721,2845.6,131648.89,1007.084
88892.25,3783.7002,162592.34,262143.0,227116.2,38501.11,64413.29,5975.94,24313.08,262143.0,2846.0,4483335.0,5228.8013
72330.93,1325.0801,70150.74,262143.0,96942.8,14158.261,23331.1,2186.52,8655.24,220067.77,2846.2,1934342.5,2772.0469
31886.371,967.12006,2851.12,34464.64,4210.74,648.41003,134.26,4.11,960.96,11639.761,2847.3,78617.03,254.65802
40267.95,769.30005,30426.602,262143.0,40622.18,7112.1,11453.2,1141.21,4692.6,96389.05,2848.1,838985.7,2159.4436
31649.73,497.69,17419.15,212078.75,23465.22,3741.31,6267.75,639.79,3070.32,56841.844,2848.4,480317.12,1572.642
21345.45,213.52,196.25,3278.1602,1990.76,1138.25,286.33,2.74,1028.28,4568.52,2850.0,5411.414,25.287745
23955.45,398.78,15646.62,190849.2,22560.9,2318.8901,4860.7603,593.21,2482.9202,50092.684,2850.7,431441.25,1866.5199
37195.11,676.67004,18621.771,231122.84,27278.75,4499.62,9976.34,830.22003,5190.24,60170.883,2851.4,513478.3,1430.4763
57534.84,1011.08,42969.332,262143.0,60247.184,8733.91,18193.6,1717.98,7312.8003,138050.89,2851.5,1184840.0,2134.3875
13530.24,111.47,266.9,3050.51,1475.8,342.26,1759.08,124.67,681.12006,2778.6,2852.2,7359.523,55.40168
60673.8,951.42004,32513.13,262143.0,46975.973,7562.6904,14861.76,1242.59,8198.5205,107157.6,2852.3,896519.8,1531.1686
8092.74,420.76,14670.08,178435.22,26837.58,4383.44,16513.98,1268.62,4253.04,56559.363,2853.0,404514.03,5182.0557
28561.23,427.04,12424.98,151745.22,18463.201,2609.34,7643.23,909.68,3614.1602,42049.92,2854.4,342607.47,1242.8494
55662.6,1150.81,41815.383,262143.0,57728.902,9837.62,17646.97,1522.07,8413.681,134250.61,2854.7,1153020.9,2146.937
47309.73,2522.99,69784.93,262143.0,106854.2,17452.121,46593.7,3783.94,15399.121,237784.81,2855.3,1924255.6,4216.5493
49656.992,673.53,44570.73,262143.0,63608.55,8729.2,14075.38,1145.32,5587.56,146908.08,2855.5,1228997.1,2565.3645
35831.82,723.77,23444.81,262143.0,31663.762,6123.0,8337.82,709.66,3429.36,75688.805,2857.3,646469.2,1869.7979
46130.01,736.33,4132.24,52747.293,6950.39,1380.03,3564.74,271.26,5648.2803,20400.602,2857.6,113942.74,255.12442
36795.78,869.78,34886.973,262143.0,47833.19,8645.99,15426.2,1296.02,4499.8804,112952.41,2858.5,961976.4,2709.9048
50570.492,1141.39,28258.432,262143.0,43540.812,7214.1504,17757.94,1471.38,7652.0405,93264.6,2859.3,779200.4,1596.7169
25903.38,651.55005,412.91,6082.18,1039.3401,416.05002,110.97,28.77,600.60004,3425.4001,2861.6,11385.615,44.57723
16382.97,613.87,304.58002,6408.74,4107.12,910.60004,567.18,117.82,1244.76,7551.72,2862.6,8398.516,52.156673
41780.01,631.14,27132.74,262143.0,38301.723,5399.23,10647.64,911.05,4517.04,86486.41,2864.6,748160.5,1855.8383
16302.93,263.76,119.32001,2420.9402,690.80005,80.07,1498.78,94.53,1482.3601,2042.04,2864.9,3290.1401,19.926502
24364.35,872.92004,36262.293,262143.0,50428.402,8368.101,16885.25,1194.64,5398.8003,110738.766,2865.1,999899.56,4254.489
11009.85,219.8,108.33,1100.5701,449.02002,87.920006,768.57,43.84,900.24005,1622.28,2866.9,2987.1006,27.13302
43172.01,1044.05,11227.07,139599.69,18574.67,3497.9602,7788.45,723.36,7270.56,46565.64,2869.1,309576.2,742.55505
103704.0,4012.9202,155148.97,262143.0,226854.02,36160.242,67345.09,5786.88,24654.96,262143.0,2869.3,4278091.0,4276.622
67843.47,1204.1901,49663.812,262143.0,70357.984,11016.69,24135.291,2128.98,9720.48,159367.56,2872.7,1369434.2,2092.057
36007.56,656.26,22876.47,262143.0,33197.652,5637.87,11650.48,961.74,4472.16,75699.36,2875.0,630797.75,1815.5375
27661.65,370.52002,246.49,4160.5,1403.5801,249.63,2274.2,254.82,2671.6802,3120.4802,2875.2,6796.7363,24.478287
17769.75,251.20001,87.920006,2204.28,772.44,189.97,1300.13,201.39,1366.2001,1807.0801,2876.3,2424.3137,13.146708
66528.9,1745.8401,65759.45,262143.0,93614.39,14389.051,32055.26,2666.02,16246.561,211969.56,2877.3,1813256.8,2825.1606
31643.64,646.84,29206.71,262143.0,39454.1,6884.45,10246.23,743.91,4163.2803,92076.6,2877.4,805348.3,2638.0352
42479.49,720.63,251.20001,5885.93,2361.28,525.95,3852.44,508.27,3945.4802,6658.08,2878.3,6926.6104,15.907888
34010.91,514.96,25234.611,262143.0,34858.71,5196.7,8180.27,526.08,3395.04,78600.73,2879.9,695821.3,2120.4233
13297.95,189.97,117.75001,1224.6001,464.72,98.91,743.91,21.92,1585.3201,1607.76,2880.0,3246.8486,24.317757
48856.59,843.09,28782.81,262143.0,41110.453,5848.25,13234.2,1024.76,4988.2803,92244.24,2880.3,793659.7,1683.4536
51724.98,3036.3801,114002.414,262143.0,164930.08,24934.74,57431.77,4525.11,16354.801,262143.0,2882.1,3143512.2,6300.772
24019.83,339.12003,268.47,3066.2102,869.78,174.27,1785.11,130.15,2794.4402,2731.08,2882.5,7402.8145,30.957647
12524.5205,109.9,67.51,1204.1901,265.33002,215.09001,772.68,32.88,1290.9601,1316.04,2884.1,1861.5266,14.411895
46430.16,1029.92,36788.242,262143.0,51678.12,8787.29,18249.77,1423.43,6221.16,118501.69,2884.8,1014402.1,2264.4675
51378.72,1051.9,42824.89,262143.0,60283.293,9492.221,19501.95,1642.63,6982.8003,139670.53,2885.8,1180857.1,2382.2083
53505.0,1946.8,49800.402,262143.0,86693.836,17083.17,43360.5,3735.99,25295.16,188781.12,2885.9,1373200.5,2660.261
11402.22,285.74002,100.48,1805.5,850.94,-97.340004,1009.69,147.96,1565.52,2888.1602,2886.0,2770.6443,24.196444
113828.19,3439.87,153910.25,262143.0,213023.89,34304.5,69220.62,5941.69,24354.0,262143.0,2886.6,4243934.5,3865.0435
62954.94,830.53,21177.73,258286.98,32086.092,5749.3403,18895.041,1739.9,6206.64,71264.164,2887.0,583956.56,960.8307
13039.561,295.16,42.390003,560.49,205.67001,161.71,-9.59,19.18,246.84001,863.28,2888.5,1168.8656,8.295002
43227.69,1345.49,44653.94,262143.0,67360.85,11974.391,24694.25,2283.79,11353.32,153985.92,2889.7,1231291.6,2952.5664
35439.45,617.01,26052.58,262143.0,34987.45,4992.6,8598.12,871.32,4704.48,83400.24,2890.3,718376.06,2100.9033
10105.92,32.97,189.97,1879.29,488.27002,4.71,105.49,-53.43,409.2,1776.7201,2891.0,5238.249,52.747486
26773.38,464.72,17573.01,213085.11,25341.371,3438.3,6821.23,690.48,2719.2002,54242.76,2891.6,484559.66,1875.6873
56170.68,1215.18,52943.543,262143.0,75289.35,10953.891,26773.91,2296.12,8309.4,168401.64,2892.0,1459869.8,2693.96
34026.57,596.60004,20242.01,245299.95,27958.56,5185.71,10228.42,820.63,3517.8,65864.04,2893.5,558154.9,1699.9221
16034.97,153.86,100.48,1347.06,489.84003,113.04,1286.43,82.2,1755.6001,1524.6001,2894.6,2770.6443,16.916803
25652.82,376.80002,18097.39,219677.55,24623.88,3587.4502,8633.74,726.1,3791.04,59349.844,2895.1,499019.0,2016.1112
12618.48,226.08,255.91,3493.25,560.49,94.200005,135.63,-39.73,279.84,1775.4,2895.2,7056.4844,56.98681
26450.61,480.42,28633.66,262143.0,40619.043,7267.5303,13061.58,1248.07,3483.4802,88140.37,2896.7,789547.0,3094.2104
38025.09,585.61005,28172.08,262143.0,40598.633,6334.95,13702.74,1023.39,4279.44,90933.484,2897.0,776819.3,2117.3496
18870.3,260.62,150.72,2221.55,956.13,207.24,1543.99,278.11002,1562.88,2733.7202,2898.2,4155.9663,21.837107
58695.42,1105.28,45789.05,262143.0,65155.004,10487.601,18114.14,1537.14,6479.8804,146600.53,2899.3,1262591.2,2229.5215
35442.06,838.38,38329.98,262143.0,52279.434,7865.7,15827.61,1349.45,4377.12,121210.33,2899.7,1056914.1,3091.2078
14337.6,229.22,59.660004,1635.9401,478.85,153.86,1089.15,52.06,1706.76,1704.1201,2899.9,1645.0701,10.897504
43439.97,970.26,4480.7803,60176.53,17145.97,5165.3003,7492.53,800.08,7095.0005,32687.162,2901.2,123553.414,293.92606
47784.75,1391.02,44799.953,262143.0,64569.39,9718.301,25617.63,2149.53,9515.881,146467.2,2901.5,1235317.8,2679.6323
30466.53,706.5,10167.32,120839.766,15387.57,3493.25,5862.23,630.2,1772.76,36063.723,2902.2,280354.56,953.1849
26839.5,653.12,186.83,3490.11,1770.9601,940.43005,474.02,76.72,1037.52,4131.6,2902.8,5151.6665,18.903122
13047.39,48.670002,453.73,5471.45,1266.99,428.61002,105.49,19.18,583.44,3016.2002,2903.0,12511.19,98.431244
22801.83,620.15,317.14,3987.8,1157.0901,131.88,297.29,45.21,480.48,3020.1602,2903.1,8744.846,38.76769
67119.63,1496.2101,56410.1,262143.0,78250.375,11873.91,24386.0,2171.45,7436.8804,176835.12,2903.5,1555457.0,2402.0142
65229.12,1135.11,40754.062,262143.0,69580.836,10154.761,33444.44,2992.08,13578.841,148179.25,2903.9,1123756.0,1785.3987
23122.86,219.8,9306.96,112893.99,12468.94,1964.0701,4034.65,490.46,2527.8,29760.72,2905.8,256630.9,1149.841
60520.68,1932.67,91223.28,262143.0,133944.55,21607.91,40242.38,3333.21,14316.721,262143.0,2905.9,2515398.5,4308.7383
50056.32,805.41003,31553.861,262143.0,43204.832,6923.7,12331.37,1063.12,5769.72,101055.24,2906.8,870068.9,1801.3643
42917.97,976.54004,36987.633,262143.0,53249.69,8413.63,19848.56,1628.93,5590.2,119644.805,2906.9,1019900.1,2463.1458
51299.55,935.72003,33988.93,262143.0,47922.68,7926.93,17904.53,1563.17,5893.8003,115316.52,2907.0,937213.6,1893.4054
44987.7,660.97003,22491.82,262143.0,30257.041,4165.21,10135.26,850.77,4023.36,71355.24,2907.4,620191.4,1428.4857
31649.73,428.61002,14136.28,172280.81,19862.07,2213.7002,7329.5,697.33,4704.48,47506.8,2908.8,389795.0,1276.0684
26850.81,444.31003,183.69,2771.05,1161.8,114.61,1500.15,175.36,1972.0801,2459.1602,2910.1,5065.084,18.560373
46699.86,963.98004,30966.682,262143.0,46258.48,8459.16,17082.53,1322.05,5934.72,99294.37,2910.4,853877.94,1894.9554
12414.03,172.70001,39.25,1083.3,481.99002,174.27,724.73,226.05,1143.12,1320.0,2910.6,1082.2828,8.040154
60752.97,1406.7201,69915.24,262143.0,97804.73,15940.211,29571.45,2627.66,10165.32,222237.84,2912.2,1927848.9,3289.4353
51022.02,2169.74,54073.94,262143.0,82516.06,13922.761,33003.3,2937.28,15293.5205,186572.77,2912.6,1491039.5,3029.2566
17721.9,219.8,81.64,1755.26,934.15,211.95001,1296.02,94.53,1643.4,1591.92,2913.8,2251.1482,12.171696
9979.7705,127.170006,172.70001,2042.5701,799.13,204.1,834.33,39.73,279.84,1846.68,2914.3,4762.045,48.47899
180506.73,7082.27,252970.97,262143.0,262143.0,49954.26,96678.164,8895.41,36434.64,262143.0,2915.2,6975443.0,4006.064
71075.52,1832.1901,37826.01,262143.0,55753.844,8708.79,24635.34,2060.48,12278.641,131225.17,2917.1,1043017.7,1520.6665
14561.19,317.14,320.28,4270.4,1055.04,251.20001,34.25,-42.47,447.48,2097.48,2917.6,8831.428,61.890045
39016.02,706.5,8146.7305,98611.7,12652.631,2182.3,548.0,98.64,1257.9601,26933.281,2917.8,224638.64,596.0207
14748.24,152.29001,14.13,905.89,513.39,423.90002,64.39,5.48,369.6,1578.7201,2918.2,389.62183,1.7393715
78413.1,2055.1301,76780.85,262143.0,105511.85,16174.141,29138.53,2402.98,11473.44,243406.69,2918.4,2117161.8,2798.7117
61222.77,1268.56,66502.06,262143.0,90482.24,15439.381,28834.39,2612.59,10171.92,215053.1,2918.5,1833733.5,3104.7832
14130.54,277.89,1298.39,17891.72,6718.0303,1661.06,6411.6,637.05,4614.72,10652.4,2920.0,35801.918,261.72137
19551.51,281.03,281.03,3791.55,857.22003,36.11,1083.67,108.23,1871.7601,2617.56,2920.4,7749.145,40.098064
68492.49,2006.4601,95507.81,262143.0,133106.17,21025.441,41369.89,3330.47,16676.88,262143.0,2921.4,2633540.5,3985.988
29438.19,503.97003,17552.602,213986.3,24157.59,4477.64,7822.7,528.82,3265.6802,56360.043,2921.5,483996.94,1703.8234
35366.37,530.66003,21659.72,262143.0,29407.672,4180.91,9951.68,806.93,5623.2,70967.164,2921.9,597247.0,1750.1016
58336.11,1439.6901,46332.273,262143.0,69524.31,11195.67,23855.81,1881.01,9732.36,155441.89,2922.7,1277570.0,2269.885
14231.46,204.1,244.92001,4377.16,4234.29,1447.54,8443.31,897.35,1059.9601,4664.8804,2922.9,6753.4453,48.20665
24948.121,901.18005,136.59001,1304.67,1066.03,356.39,210.98,38.36,485.76,2059.2002,2925.1,3766.3447,14.654173
24300.84,635.85004,31783.082,262143.0,47377.89,6801.24,15787.88,1371.37,5122.9204,100333.2,2925.7,876389.44,3738.588
22352.91,428.61002,1552.7301,19273.32,3628.27,891.76,154.81,105.49,736.56006,8292.24,2926.6,42815.113,197.61449
262143.0,32152.031,21207.56,262143.0,209772.42,69695.445,37317.43,11139.47,75273.0,262143.0,2929.5,584779.06,230.31375
10685.34,160.14,89.490005,996.95,474.14,12.56,642.53,134.26,682.44,1016.4,2930.2,2467.605,22.946121
22947.99,623.29004,14944.83,183131.1,26711.98,5399.23,15120.69,1552.21,6990.72,60929.883,2931.9,412090.03,1861.0671
12300.061,76.93,177.41,2419.37,606.02,361.1,102.75,26.03,516.12,2634.7202,2933.9,4891.9185,40.240112
14785.65,197.82,111.47,1621.81,458.44,103.62,957.63,157.55,863.28,1412.4,2934.0,3073.6833,20.555922
78016.38,1661.06,51808.434,262143.0,73070.945,12476.79,24120.22,2253.65,13201.32,169812.73,2934.6,1428570.1,1897.7318
36436.47,538.51,15610.511,191591.81,21593.781,3436.7302,6278.71,519.23,3765.9602,52823.76,2934.6,430445.56,1223.9824
58369.17,1243.4401,59713.383,262143.0,84461.29,12874.0,26269.75,2452.3,7793.2803,188357.4,2935.8,1646541.9,2924.0757
11494.44,117.75001,111.47,1419.28,682.95,20.41,872.69,98.64,710.16003,1693.56,2937.0,3073.6833,26.728039
84909.39,2981.4302,81641.57,262143.0,117567.88,21319.031,38468.23,3030.44,21776.041,262143.0,2937.1,2251191.5,2748.189
63617.01,1179.0701,40630.03,262143.0,54343.98,8743.33,15619.37,1227.52,5855.52,127003.805,2937.8,1120336.0,1825.0931
141167.08,8927.0205,262143.0,262143.0,262143.0,64577.242,150175.3,12798.54,54655.92,262143.0,2939.8,7228353.5,5308.5024
78019.86,1664.2001,74788.52,262143.0,102172.46,16883.781,28026.09,2324.89,11798.16,235255.69,2940.5,2062225.1,2739.809
18040.32,230.79001,188.40001,2387.97,676.67004,196.25,1830.32,127.41,1309.4401,1734.4801,2940.6,5194.958,28.859718
16912.8,200.96,472.57,6716.4604,1909.1201,356.39,257.56,6.85,557.04004,3746.1602,2941.0,13030.686,78.89133
12621.09,116.18,-7.8500004,-26.69,6.28,9.42,50.69,-46.58,105.600006,-60.72,2941.5,-216.45657,-2.7783687
21175.8,398.78,105.19,1139.8201,907.46,152.29001,367.16,-53.43,637.56,2125.2002,2941.7,2900.518,13.203115
3734.91,226.08,3172.9702,36858.89,4422.69,610.73004,157.55,16.44,278.52002,11117.04,2942.4,87491.75,2428.041
41415.48,670.39,21471.32,262143.0,29465.762,4986.3203,6037.59,531.56,3626.04,67655.28,2942.9,592052.0,1481.3304
15997.561,166.42,103.62,1601.4,723.77,4.71,1211.08,178.1,1156.3201,2184.6,2943.3,2857.2268,17.519907
26022.57,441.17,588.75,7733.8203,1610.8201,328.13,195.91,31.51,549.12,4198.9204,2943.8,16234.243,63.688896
28491.63,411.34003,144.44,3403.76,1672.05,463.15002,2056.37,202.76,2659.8,4257.0,2943.9,3982.801,13.495031
23282.94,427.04,2312.61,29955.602,10277.221,2993.99,18389.51,1570.02,4279.44,18617.281,2944.1,63768.11,282.99692
55517.31,1109.99,53419.25,262143.0,75818.445,12410.851,20734.95,1620.71,6735.9604,170012.05,2944.2,1472987.0,2750.176
14361.09,318.71002,287.31,3370.79,883.91003,398.78,260.3,9.59,432.96002,2378.6401,2945.1,7922.3105,56.20215
28336.77,500.83002,22485.541,262143.0,29801.74,5235.95,10036.62,915.16,3512.52,72875.88,2945.6,620018.25,2267.8303
57182.492,1598.26,76600.305,262143.0,120560.305,19603.021,40583.51,3779.83,12996.721,253278.97,2945.7,2112183.2,3829.1555
42007.082,797.56,30561.621,262143.0,42124.67,7319.3403,15152.2,1187.79,4901.16,94743.0,2948.7,842708.75,2079.1895
55874.01,1116.27,45737.242,262143.0,64162.76,9997.761,22725.56,2228.99,8096.8804,148172.64,2948.8,1261162.6,2339.5027
29744.43,769.30005,31164.502,262143.0,42614.51,7393.1304,12791.69,1054.9,4940.7603,100211.766,2951.0,859332.6,2994.7358
28228.89,582.47003,24314.59,262143.0,32396.951,4925.0903,9622.88,872.69,3635.28,76505.88,2951.9,670452.56,2461.7603
48670.41,960.84,56092.96,262143.0,78630.31,13930.61,23025.59,1876.9,5951.8804,174501.36,2952.7,1546712.1,3294.2803
53680.742,1477.37,52043.934,262143.0,72632.914,10785.9,25938.21,2300.23,7225.68,166591.92,2953.2,1435063.9,2771.047
56114.13,1453.8201,51276.203,262143.0,76780.85,13109.5,29605.7,2467.37,9431.4,171000.73,2953.3,1413894.4,2611.7185
74429.37,3992.5103,127787.016,262143.0,176532.38,26895.672,43252.27,4112.74,17137.56,262143.0,2953.4,3523610.0,4907.9814
17619.24,157.0,174.27,1858.88,778.72003,285.74002,72.61,23.29,678.48004,2706.0,2953.6,4805.336,27.280327
32200.44,843.09,27540.941,262143.0,42300.51,7457.5005,15623.48,1257.66,5101.8003,88259.164,2953.8,759416.25,2444.4905
41389.38,1001.66003,43394.8,262143.0,61675.883,10614.7705,20303.4,1771.41,6882.4805,140050.69,2955.3,1196571.9,2996.7664
18632.791,262.19,141.3,2516.7102,568.34,240.21,1172.72,210.98,1345.0801,2762.76,2955.8,3896.2183,20.682695
102784.414,4342.62,143799.44,262143.0,218801.48,36738.0,83405.6,7326.7603,32172.361,262143.0,2957.9,3965138.0,3999.174
23932.83,447.45,19998.66,244714.34,28478.23,3840.2202,8665.25,995.99,2910.6,63192.363,2958.6,551444.75,2388.2183
12273.96,81.64,513.39,6499.8003,2031.5801,472.57,246.6,30.14,731.28,4462.9204,2959.7,14156.26,118.594635
52919.492,1003.23004,30407.762,262143.0,41239.19,5644.1504,13247.9,1250.81,7029.0005,98223.84,2960.6,838466.2,1641.925
14822.19,295.16,10.990001,18.84,-23.550001,53.38,108.23,-46.58,168.96,175.56001,2961.0,303.0392,1.1199925
33935.22,593.46,277.89,5163.73,2141.48,282.6,3056.47,242.49,4065.6,6963.0005,2961.3,7662.563,22.413767
26902.14,568.34,32254.082,262143.0,45660.312,6444.85,15600.19,1490.56,5470.08,104907.01,2961.6,889376.8,3427.0476
66367.08,1259.14,48495.73,262143.0,69233.86,10068.41,18296.35,1646.74,8180.0405,156224.64,2961.9,1337225.4,2088.2952
78940.32,3486.9702,101622.96,262143.0,149272.47,24926.89,52769.66,4518.2603,21159.602,262143.0,2962.1,2802160.2,3679.7979
98695.414,3691.07,122665.67,262143.0,175199.45,28979.06,64092.71,5612.89,25505.041,262143.0,2964.7,3382393.8,3552.6536
65638.89,2163.46,104324.93,262143.0,134665.19,21637.74,27179.43,2757.81,13082.5205,262143.0,2965.1,2876664.5,4543.3926
22063.2,481.99002,11071.641,135476.88,18739.521,3898.31,11754.6,965.85,5297.16,42286.203,2965.8,305290.38,1433.8038
29486.041,422.33002,304.58002,4728.8403,1290.54,200.96,2571.49,220.57,3145.56,3538.9202,2966.6,8398.516,28.534794
47428.92,1354.91,50379.73,262143.0,67988.85,10129.641,18773.11,1680.99,6380.8804,158000.05,2967.3,1389175.0,3036.1174
13617.24,202.53001,119.32001,1530.75,549.5,157.0,108.23,32.88,315.48,1288.3201,2968.1,3290.1401,24.053776
27309.3,379.94,260.62,4614.23,1438.12,469.43002,2438.6,263.04,3301.32,3834.6,2968.2,7186.358,26.286394
55696.53,1673.62,53750.523,262143.0,85004.516,14563.32,30633.2,2520.8,8899.44,178130.05,2969.3,1482121.5,2758.3293
72105.6,1483.65,73033.266,262143.0,102067.27,14574.311,28452.16,2381.06,10841.16,228525.02,2970.5,2013825.5,2895.0142
34109.22,642.13,29847.271,262143.0,39752.402,5612.75,10699.7,998.73,4819.3203,95087.52,2973.1,823011.2,2500.9685
36390.36,731.62,10679.141,135987.12,21469.75,5414.93,12542.35,979.55,6754.4404,46830.96,2973.1,294467.53,838.0715
30772.77,645.27,21958.021,262143.0,29062.271,4829.3203,8699.5,802.82,2925.12,68577.96,2973.7,605472.4,2039.2135
36530.43,615.44,22100.89,262143.0,28729.432,4703.72,6869.18,653.49,3979.8,70077.484,2974.1,609411.8,1728.8322
58711.95,1223.03,35122.473,262143.0,50784.793,8927.0205,16771.541,1505.63,7625.64,116746.086,2974.1,968470.06,1709.4391
41507.7,937.29004,43357.12,262143.0,63994.773,8983.54,19012.86,1431.65,5207.4004,137006.77,2974.3,1195533.0,2985.6257
50885.43,844.66003,36131.98,262143.0,47919.543,8096.49,15874.19,1408.36,6514.2,116319.73,2974.7,996306.3,2029.2397
14837.85,160.14,6780.83,82467.39,9336.79,1472.66,1926.22,132.89,1069.2001,21047.4,2974.7,186975.19,1305.6549
13129.17,188.40001,91.060005,1574.7101,574.62,202.53001,945.3,104.12,1283.04,1441.4401,2975.3,2510.8962,18.830761
19871.67,307.72,11504.96,141375.36,16240.08,3017.54,3864.77,286.33,2304.72,36685.44,2975.5,317238.75,1654.3877
53647.68,1772.53,52562.03,262143.0,72444.516,12713.86,23079.02,1965.95,6600.0005,166488.97,2977.5,1449349.9,2800.368
99641.97,2904.5,108648.71,262143.0,150321.22,23809.05,46104.61,4001.77,15234.12,262143.0,2978.1,2995888.8,3116.6782
44858.94,1348.63,49150.42,262143.0,71205.78,12322.931,20193.8,1915.26,9526.44,161937.61,2979.1,1355277.9,3131.7607
16805.791,163.28,213.52,2344.01,927.87006,284.17,-39.73,28.77,625.68005,2134.4402,2981.0,5887.6187,35.326923
14484.63,244.92001,155.43001,2306.33,673.53,505.54,100.01,28.77,330.0,1690.92,2983.3,4285.8403,29.681492
35770.05,736.33,6659.9404,79088.75,10200.29,1884.0001,221.94,71.24,1367.52,23972.521,2984.5,183641.77,531.3531
67266.664,1522.9,57634.703,262143.0,78870.52,12178.49,17893.57,1530.29,7611.12,177625.81,2984.7,1589224.2,2448.8142
9620.46,125.600006,331.27002,3262.4602,1022.07,279.46002,73.98,57.54,344.52002,1865.16,2986.0,9134.468,97.45444
42523.86,730.05005,32597.91,262143.0,41509.23,6889.16,7376.08,706.92,5464.8003,104483.28,2987.0,898857.56,2190.8262
101176.65,5221.8203,172781.64,262143.0,247042.64,41664.66,78842.13,6777.39,28950.24,262143.0,2987.1,4764295.5,4881.7705
12253.08,80.07,354.82,4210.74,1157.0901,610.73004,327.43,58.91,547.80005,2526.48,2988.1,9783.837,81.79647
29705.28,667.25,33607.42,262143.0,48877.242,7780.9204,14834.36,1397.4,4515.72,102787.086,2988.3,926693.94,3233.8232
17513.97,290.45,122.46001,1992.3301,715.92004,81.64,1456.31,83.57,1012.44006,2069.76,2988.6,3376.7227,18.992111
3473.91,109.9,40.82,1073.88,731.62,218.23001,154.81,124.67,330.0,1382.04,2990.3,1125.5741,32.59723
44330.85,1150.81,47121.98,262143.0,64530.14,9980.49,18386.77,1786.48,8019.0005,145271.28,2990.9,1299345.5,3038.2502
67678.17,2472.75,97442.055,262143.0,144722.61,21275.07,53990.332,4684.03,19982.16,262143.0,2991.7,2686875.5,4115.6772
35050.56,456.87003,16715.791,204753.12,23739.97,2684.7002,6530.79,616.5,3219.4802,53875.8,2993.3,460922.66,1362.5812
40142.67,668.82,25875.17,262143.0,37094.39,6270.58,11579.24,941.19,5035.8003,86322.73,2993.9,713484.1,1842.0026
35905.77,651.55005,25080.75,262143.0,31891.41,5680.2603,9514.65,704.18,3429.36,78621.84,2994.4,691578.75,1996.2172
39698.97,742.61005,28977.49,262143.0,39348.91,6152.83,9639.32,932.97003,5062.2,92737.92,2994.7,799027.8,2086.039
3340.8,76.93,-28.26,47.100002,-65.94,-72.22,195.91,43.84,-137.28,-138.6,2994.9,-779.24365,-25.186369
12107.79,87.920006,113.04,1701.88,912.17004,161.71,89.05,-19.18,526.68,2079.0,2997.0,3116.9746,25.69416
19252.23,299.87,249.63,2386.4001,704.93005,164.85,1634.41,49.32,1304.16,2892.12,2997.6,6883.319,36.073597
77670.12,2127.35,91983.164,262143.0,132274.08,20954.791,39282.01,3490.76,13741.2,262143.0,2998.9,2536351.5,3385.1277
19475.82,357.96002,-14.13,844.66003,876.06006,260.62,194.54,-1.37,120.12,1151.04,2999.3,-389.62183,-3.0744138
9135.87,130.31,84.78001,1210.4701,372.09003,186.83,95.9,-54.8,176.88,1238.16,2999.5,2337.7312,25.533377
27467.64,456.87003,18733.24,225820.95,24807.57,4529.45,7576.1,606.91,3112.56,59786.76,3000.4,516551.97,1949.0267
18817.23,324.99002,599.74,6975.5103,1549.5901,492.98,202.76,-19.18,485.76,3344.8801,3001.0,16537.281,90.12894
12346.17,124.03001,149.15001,2072.4001,590.32,73.79,937.08,94.53,1454.64,2473.6802,3002.9,4112.6753,33.54141
56500.41,1128.8301,38121.17,262143.0,53202.59,7798.1904,14753.53,1319.31,5074.08,120409.086,3002.9,1051156.5,1928.1395
3928.92,56.52,42.390003,-144.44,-25.12,-32.97,10.96,52.06,-72.600006,-95.04,3004.7,1168.8656,29.848871
44090.73,1083.3,44132.703,262143.0,60236.19,8614.59,13875.36,1159.02,7443.4805,141009.0,3005.5,1216918.9,2860.9512
13845.18,193.11,3011.26,38370.8,6193.6504,1048.76,4747.05,343.87,2294.1602,12718.2,3006.2,83032.74,620.86865
74428.5,2560.6702,138999.95,262143.0,196152.67,31384.3,55404.17,4767.6,20656.682,262143.0,3007.9,3832796.5,5338.7925
43608.75,722.2,18926.352,232529.56,30242.91,4921.95,11321.68,1049.42,6581.52,67536.484,3008.6,521876.84,1239.9156
64184.25,1588.8401,71059.77,262143.0,99597.664,14674.79,26194.4,2245.43,11980.32,224426.4,3008.9,1959408.2,3164.5146
24153.81,230.79001,186.83,2345.58,1210.4701,628.0,83.57,94.53,526.68,2675.6401,3009.3,5151.6665,21.11617
57474.81,1075.4501,34219.723,262143.0,47738.992,7813.89,15253.58,1246.7,6061.4404,108100.086,3010.6,943577.56,1701.3463
59312.25,1380.03,41705.48,262143.0,59382.113,11044.95,18985.46,1496.04,7855.3203,138572.28,3012.1,1149990.5,2009.4706
17710.59,525.95,188.40001,2915.49,894.9,353.25,164.4,-13.7,315.48,2427.48,3012.7,5194.958,29.415634
8064.0303,155.43001,711.21,8454.45,1281.12,113.04,12.33,4.11,106.920006,2917.2002,3012.7,19610.965,251.17075
68823.96,1544.88,64808.03,262143.0,87337.53,15878.98,29038.52,2607.11,8454.601,208821.38,3015.1,1787022.1,2691.391
39788.582,1018.93005,31335.63,262143.0,56885.812,9236.311,29701.6,2264.61,11267.5205,115614.84,3015.1,864051.4,2250.796
10632.2705,56.52,260.62,3063.07,1125.6901,274.75,21.92,-42.47,381.48,2570.04,3015.1,7186.358,69.08591
40094.82,610.73004,23414.98,262143.0,33101.883,5706.95,11847.76,1037.09,3952.08,77024.64,3015.2,645646.7,1668.7618
47361.93,1163.37,50225.87,262143.0,67714.1,9986.7705,17033.21,1538.51,7072.56,156573.12,3015.6,1384932.5,3031.125
47572.47,929.44,34508.6,262143.0,46453.16,6926.8403,16392.05,1294.65,4695.24,107129.88,3016.1,951543.1,2073.057
18302.19,229.22,141.3,2033.15,681.38,381.51,1035.72,128.78,2090.8801,1925.8801,3017.1,3896.2183,21.07436
25024.68,478.85,15539.86,191492.9,23545.291,3245.1902,8685.8,602.8,3882.12,53247.48,3017.5,428497.44,1774.5282
27920.041,502.40002,19271.75,234589.4,26641.33,5000.45,10179.1,854.88,2968.6802,62979.844,3017.9,531400.9,1972.5771
14202.75,324.99002,158.57,2072.4001,565.2,174.27,212.35,32.88,316.80002,1514.04,3018.0,4372.423,30.922552
15318.09,235.50002,61.230003,1150.81,670.39,164.85,601.43,228.79,1290.9601,1770.1201,3018.3,1688.3613,10.429011
80574.18,2155.61,76424.46,262143.0,102301.2,16684.39,27182.17,2116.65,11325.601,243264.12,3021.1,2107334.5,2710.9736
49121.07,1077.02,46057.523,262143.0,64294.64,9255.15,18933.4,1678.25,7291.68,146333.89,3021.2,1269994.1,2679.9072
171910.27,11914.73,262143.0,262143.0,262143.0,135133.05,229462.67,19956.791,80935.805,262143.0,3021.6,7228353.5,4358.9897
29590.44,467.86002,714.35004,10093.53,3501.1,1540.17,471.28,45.21,1581.3601,8652.601,3022.6,19697.549,68.02535
12237.42,149.15001,-32.97,28.26,116.18,28.26,19.18,53.43,92.4,5.28,3023.2,-909.1176,-8.703323
62406.84,2406.81,92568.77,262143.0,130496.836,19703.5,43007.04,3726.4,13563.001,262143.0,3023.3,2552499.2,4240.1274
60609.42,1223.03,49739.17,262143.0,69726.84,11586.601,17512.71,1475.49,6328.08,155043.25,3023.9,1371512.1,2345.4287
18752.85,208.81001,208.81001,4165.21,3659.6702,945.14,6207.47,426.07,3647.1602,5299.8003,3024.5,5757.745,30.837069
139543.66,4127.5303,192089.5,262143.0,262143.0,41448.0,82554.83,6959.6,24557.281,262143.0,3025.9,5296692.0,3934.886
3597.45,65.94,28.26,-163.28,91.060005,-3.14,1.37,12.33,135.96,221.76001,3026.2,779.24365,21.46086
12185.22,119.32001,61.230003,1042.48,292.02002,208.81001,160.29,-24.66,310.2,2325.84,3026.8,1688.3613,13.367457
38540.13,772.44,12498.7705,156866.56,24265.92,5319.16,13357.5,1185.05,7006.56,54927.844,3027.7,344642.16,926.2634
12735.061,125.600006,229.22,3909.3,1051.9,259.05002,84.94,98.64,575.52,2514.6,3030.5,6320.5317,50.46364
75957.96,2720.81,117120.44,262143.0,165867.36,26096.541,56768.69,4434.69,20999.88,262143.0,3030.8,3229489.0,4407.678
11771.97,163.28,722.2,9209.62,2631.32,1006.37006,3827.78,330.17,1065.24,4726.9204,3031.9,19914.004,174.41121
22190.22,268.47,9564.44,117748.44,13318.311,2139.9102,3756.54,295.92,2711.28,31934.762,3032.3,263730.7,1231.3865
41379.81,642.13,22005.121,262143.0,32506.852,5582.9204,10531.19,969.96,4213.44,72861.36,3034.7,606771.06,1519.4924
68253.24,1397.3,1460.1001,21406.951,8667.971,1694.03,8532.36,669.93,4288.68,11910.36,3036.3,40260.926,60.165756
38652.36,869.78,29803.31,262143.0,43945.87,8010.14,16159.15,1511.11,4502.52,98982.84,3037.7,821799.0,2203.639
57628.8,1191.63,43054.113,262143.0,61806.19,8171.85,19159.45,1639.89,8294.88,143623.92,3039.0,1187177.8,2135.112
13137.0,153.86,1.57,769.30005,755.17004,290.45,146.59,-32.88,359.04,2142.36,3040.2,43.291317,-0.6582941
56477.79,1119.41,41262.742,262143.0,57617.434,8159.29,18355.26,1707.02,5731.4404,128133.73,3041.7,1137782.4,2087.9565
95597.34,2279.6401,66038.914,262143.0,97963.3,14856.91,35504.92,3278.41,17767.201,215987.66,3043.0,1820962.6,1974.1637
52411.41,1212.04,45982.16,262143.0,64748.37,10058.99,20859.62,1891.97,6541.9204,145651.45,3043.3,1267916.0,2507.491
47988.332,764.59,36051.91,262143.0,51225.96,8404.21,16515.35,1242.59,7072.56,112891.69,3043.8,994098.44,2147.0364
35402.04,604.45,28837.762,262143.0,39228.02,5841.97,11060.01,960.37,4320.3604,92085.84,3044.8,795174.9,2328.0684
19260.06,257.48,8619.3,104025.06,11360.5205,1786.66,3230.46,413.74,1669.8,29405.64,3045.7,237669.31,1278.5679
15227.61,157.0,240.21,3436.7302,1464.81,519.67004,457.58,149.33,901.56006,3763.32,3046.8,6623.5713,44.103302
27463.291,563.63,28720.012,262143.0,40011.453,6769.8403,11131.25,1009.69,3546.84,90004.2,3046.9,791928.06,2989.0679
15388.561,133.45,87.920006,1248.15,1337.64,538.51,2756.44,210.98,880.44006,2919.84,3046.9,2424.3137,15.335735
28554.27,398.78,16977.98,204417.14,23350.611,3158.84,5933.47,506.9,2502.7202,54455.28,3047.3,468152.28,1699.0588
19568.91,335.98,389.36002,5078.95,1734.8501,827.39,241.12,-10.96,683.76,4172.52,3047.5,10736.246,55.88971
9690.93,522.81,16588.621,206481.7,30081.201,5488.72,17607.24,1683.73,6318.8403,63382.44,3048.9,457416.06,4893.337
44759.76,706.5,32246.23,262143.0,44040.07,6427.58,12353.29,1182.31,4249.08,101543.64,3049.2,889160.3,2058.8718
12897.75,97.340004,127.170006,1716.01,992.24005,246.49,19.18,26.03,543.84,1907.4,3049.6,3506.5967,27.191603
26546.31,585.61005,825.82,10186.16,1937.38,389.36002,274.0,0.0,619.08,5928.12,3049.8,22771.23,87.94678
32839.89,982.82,38077.21,262143.0,57622.14,9603.69,21395.291,1839.91,9451.2,128517.84,3050.2,1049944.2,3314.2205
8899.23,130.31,65.94,133.45,-34.54,91.060005,-26.03,1.37,135.96,355.08002,3051.0,1818.2352,20.18583
67819.98,2023.7301,73089.78,262143.0,106885.6,19000.14,37802.41,3334.58,9738.96,230487.84,3051.7,2015383.9,3080.3997
54964.86,1381.6001,61773.223,262143.0,86740.93,12914.82,25242.25,2219.4,9042.0,197890.45,3054.1,1703340.1,3212.3953
16300.32,180.55,116.18,2329.8801,706.5,438.03003,1498.78,202.76,1792.56,2212.32,3054.3,3203.5571,19.379063
23660.52,409.77002,11638.41,146741.62,16505.41,2479.03,3194.84,312.36002,852.72003,37823.28,3054.6,320918.5,1405.4308
16488.24,268.47,780.29004,10363.57,3210.6501,562.06,1250.81,121.93,1350.3601,7778.7603,3055.0,21515.783,134.31026
70532.64,1879.29,63787.53,262143.0,88163.35,13822.28,28068.56,2559.16,10035.96,200962.1,3055.9,1758882.9,2584.7983
53211.81,2006.4601,72800.91,262143.0,105097.375,17310.82,37995.582,3422.26,17053.08,237968.3,3057.1,2007418.4,3910.81
61195.8,2187.01,71833.78,262143.0,104764.53,17461.541,32505.99,2638.62,13149.841,239857.2,3058.6,1980750.8,3355.2637
17387.82,262.19,171.13,2062.98,810.12006,315.57,1367.26,152.07,930.60004,2184.6,3058.7,4718.7534,27.140385
47562.03,1009.51,35323.43,262143.0,50552.434,8399.5,15631.7,1341.23,5385.6,112846.805,3060.1,974011.25,2122.496
30862.38,653.12,22931.42,262143.0,32415.791,4433.68,9155.71,974.07,5348.64,72475.92,3061.9,632312.94,2123.4697
5975.16,194.68001,2381.6902,30178.541,6667.79,1602.9701,7672.0,817.89,2320.56,13358.4,3064.4,65672.93,1138.6847
14769.99,340.69,161.71,2877.81,734.76,260.62,183.58,-1.37,302.28,1846.68,3065.7,4459.0054,30.30442
14971.83,281.03,103.62,1522.9,720.63,92.630005,1079.56,46.58,1082.4,1821.6001,3066.3,2857.2268,18.788721
61795.23,1180.64,41465.27,262143.0,57370.94,8765.311,16689.34,1596.05,7029.0005,132561.0,3067.0,1143366.9,1917.5739
10205.1,390.93002,9661.78,115688.59,17301.4,3246.76,11443.61,1001.47003,4877.4004,37818.0,3067.6,266414.75,2706.004
37022.85,598.17004,23499.762,262143.0,32878.94,5732.0703,9992.78,901.46,5113.68,78289.2,3070.2,647984.44,1813.8577
32703.3,998.52,41047.652,262143.0,55636.094,7972.4604,14102.78,1294.65,6172.3203,128915.164,3072.7,1131851.5,3587.771
28042.71,921.59,7586.24,91386.56,10920.92,2298.48,565.81,-23.29,1026.9601,26249.521,3073.0,209183.64,772.4916
29191.11,379.94,852.51,10876.96,2070.83,629.57,223.31,-6.85,591.36005,4919.64,3073.8,23507.184,82.5022
62951.46,1391.02,65589.89,262143.0,90870.03,12371.601,23680.45,1956.36,9086.88,204647.53,3074.9,1808581.2,2978.066
20111.791,222.94,193.11,2472.75,739.47003,287.31,1656.33,49.32,1540.4401,2069.76,3076.0,5324.8315,26.453835
33638.55,797.56,24430.771,262143.0,34569.832,5688.1104,8683.06,845.29,2960.76,79350.484,3076.0,673656.2,2075.581
71205.15,1706.5901,39158.94,262143.0,53073.85,8669.54,12969.79,1022.02,5996.7603,128401.69,3076.2,1079772.0,1571.4199
62508.63,1119.41,37166.61,262143.0,54632.863,7138.79,19111.5,1437.13,9962.04,123714.37,3076.2,1024835.25,1699.0509
72410.97,1673.62,63325.953,262143.0,87513.375,13206.841,24657.26,2220.77,9785.16,197358.48,3077.4,1746155.2,2499.4973
30814.53,492.98,26036.88,262143.0,33390.76,5576.64,8191.23,764.46,3589.08,80245.445,3078.4,717943.2,2414.9192
6638.1,87.920006,18.84,3.14,78.5,-42.390003,5.48,-13.7,-46.2,-244.20001,3078.5,519.4958,7.114955
40613.34,761.45,31321.502,262143.0,46142.3,7306.7803,13432.85,1205.6,4254.3604,98416.56,3080.4,863661.75,2204.0725
75115.8,1623.38,61534.582,262143.0,83591.516,13158.171,18729.27,2038.56,8408.4,195733.56,3082.7,1696759.8,2341.27
11341.32,169.56001,222.94,3730.32,489.84003,248.06001,57.54,-31.51,253.44,1664.52,3082.8,6147.3667,55.204796
55125.81,1103.7101,44875.312,262143.0,63644.664,9622.53,20276.0,1964.58,7356.3604,147317.28,3082.9,1237395.8,2326.5632
53652.9,863.5,22962.82,262143.0,31184.91,4596.96,9758.51,879.54,5071.4404,76412.164,3084.3,633178.75,1222.7172
32406.63,679.81,22490.25,262143.0,39625.23,7363.3003,16471.51,1400.14,6126.12,82749.484,3084.5,620148.06,1983.3093
27236.22,478.85,12662.051,155166.25,17304.541,1880.8601,1874.16,152.07,2106.72,42381.242,3084.8,349144.47,1328.2485
42153.24,701.79004,510.25003,8641.28,2356.57,387.79,3229.09,347.98,5710.3203,6617.16,3086.8,14069.678,33.60996
13688.58,194.68001,83.21,1469.52,568.34,124.03001,806.93,65.76,1176.12,2035.4401,3087.4,2294.4397,16.380653
8249.34,86.350006,21.980001,36.11,-9.42,-80.07,-20.55,-56.170002,18.480001,142.56001,3087.9,606.0784,6.61829
27740.82,659.4,1395.7301,17144.4,2869.9602,1058.18,278.11002,158.92,921.36005,7472.5205,3089.3,38485.98,142.85706
20037.84,240.21,4455.66,54537.094,5300.3203,1149.24,1228.89,164.4,2167.4402,16494.72,3089.9,122860.75,634.7848
56142.84,1105.28,38785.28,262143.0,50794.21,8242.5,14490.49,1230.26,4732.2,121436.05,3090.7,1069468.6,1974.2476
23277.72,281.03,8624.011,105304.62,11803.261,2185.4402,3509.94,254.82,2670.36,28875.002,3091.3,237799.2,1058.2972
33645.51,552.64,22785.41,262143.0,32323.16,5375.68,12145.05,915.16,3890.04,74370.125,3092.0,628286.8,1935.3268
27912.21,516.53,18298.352,220738.88,26796.762,3680.08,8530.99,760.35,3915.12,60544.44,3092.1,504560.3,1873.4192
28527.3,386.22,1077.02,14726.601,4023.9102,1182.2101,565.81,2.74,2113.32,11214.721,3092.5,29697.842,106.94737
10777.561,127.170006,89.490005,872.92004,395.64,135.02,624.72003,142.48,1023.00006,1582.68,3093.4,2467.605,22.74122
57911.55,1260.7101,59627.03,262143.0,80404.414,12445.391,18275.8,1617.97,6733.3203,190293.84,3094.0,1644160.9,2942.9268
73376.67,1887.14,67608.914,262143.0,94028.875,14467.551,28626.15,2533.1301,12099.12,220578.61,3094.3,1864254.0,2633.4805
39927.78,615.44,18150.771,219343.14,25211.06,3563.9001,7691.18,702.81,3288.12,57851.64,3094.5,500490.9,1298.7772
11132.5205,199.39,169.56001,1863.5901,741.04004,200.96,57.54,-39.73,390.72,1424.28,3094.6,4675.4624,42.549076
57401.73,1000.09,24539.102,262143.0,33822.51,6312.97,10592.84,971.33,7328.64,83103.24,3095.3,676643.25,1221.3136
44998.14,1190.06,35624.87,262143.0,49971.53,7798.1904,13190.36,1111.07,7097.64,115761.37,3096.2,982323.25,2262.6418
32275.26,778.72003,420.76,6933.12,2703.54,737.9,6236.24,539.78,4980.3604,6374.2803,3097.0,11602.072,36.274662
35326.35,483.56003,320.28,6149.6904,4505.9004,1540.17,1698.8,289.07,2325.84,8174.7603,3097.1,8831.428,24.922688
43105.89,609.16003,16635.72,203495.56,25093.31,3307.99,9753.03,757.61,4061.6401,53733.242,3097.1,458714.78,1102.4534
26161.77,321.85,13467.461,163415.03,20194.91,3158.84,6338.99,683.63,2172.72,42486.84,3098.8,371352.9,1470.8638
23343.84,390.93002,13836.41,168168.98,20546.59,3771.1401,9807.83,823.37,6250.2,49465.684,3100.0,381526.34,1693.7284
20728.62,303.01,169.56001,3395.9102,1066.03,144.44,1689.21,175.36,1469.16,2242.6802,3100.9,4675.4624,22.388483
53864.31,907.46,53695.57,262143.0,74987.914,10346.301,18685.43,1427.54,4602.8403,171209.28,3101.1,1480606.2,2849.2725
28277.61,346.97,186.83,3063.07,1218.3201,558.92004,2434.49,224.68001,3021.4802,3466.32,3101.8,5151.6665,17.890911
124922.43,5832.5503,258307.4,262143.0,262143.0,60504.66,106388.72,9591.37,42117.242,262143.0,3102.1,7122590.5,5911.15
15146.7,287.31,135.02,1981.3401,439.6,292.02002,863.1,117.82,1335.8401,2098.8,3103.0,3723.0532,24.48761
28235.85,670.39,23689.73,262143.0,33933.98,5678.6904,11684.73,1116.55,3369.9602,74127.24,3103.8,653222.6,2397.8784
52300.92,1066.03,47498.78,262143.0,67784.75,10294.49,20574.66,1607.01,7535.8804,147565.45,3104.9,1309735.5,2595.7021
47812.59,894.9,26269.24,262143.0,35574.633,5540.5303,10475.0205,974.07,6427.08,85722.125,3105.6,724350.25,1569.9205
93520.65,2764.77,111448.02,262143.0,162633.17,26135.791,50424.22,4390.85,19413.24,262143.0,3106.4,3073077.2,3406.3271
35817.9,755.17004,27666.541,262143.0,41055.5,6041.3604,10706.55,985.03,4540.8003,88193.164,3106.6,762879.56,2207.5322
17927.22,249.63,175.84001,2446.06,1064.4601,277.89,67.13,35.62,471.24002,2130.48,3107.4,4848.6274,27.044888
34396.32,604.45,16740.91,207098.7,25107.441,4082.0002,8439.2,843.92,4048.4402,54481.684,3107.6,461615.28,1390.6053
43158.09,912.17004,35637.43,262143.0,51252.652,7671.02,17257.89,1637.15,5516.2803,115350.84,3108.5,982669.5,2359.9844
21886.59,610.73004,345.40002,3851.2102,1169.65,649.98004,98.64,102.75,496.32,3161.4001,3109.4,9524.09,44.122513
8339.82,169.56001,37.68,957.7,310.86002,-51.81,0.0,53.43,209.88,832.92004,3111.2,1038.9916,11.918236
12052.11,463.15002,6862.47,85992.04,14247.75,2694.12,11516.22,993.25,4843.08,30664.922,3112.7,189226.34,1627.0449
36950.64,631.14,24215.682,262143.0,34401.84,4695.87,10405.15,815.15,3743.5203,77519.64,3112.8,667725.25,1872.8021
56441.25,1011.08,28267.852,262143.0,40259.51,6793.39,12436.86,1026.13,5856.8403,96752.05,3113.6,779460.1,1431.0071
17928.09,692.37,492.98,6353.79,1122.55,295.16,154.81,-28.77,528.0,3352.8,3114.1,13593.473,77.62203
36629.61,1094.29,42466.93,262143.0,62164.152,10286.641,18010.02,1689.21,8140.4404,138704.28,3114.3,1170986.8,3313.8782
38340.9,642.13,26597.371,262143.0,35292.03,5504.4204,9051.59,801.45,5701.08,84457.56,3114.4,733398.2,1982.469
3816.69,235.50002,4334.77,51324.87,5615.89,1182.2101,205.5,46.58,407.88,14699.5205,3114.9,119527.32,3246.3433
57562.68,1455.39,53401.98,262143.0,75402.39,11564.62,30578.4,2492.03,7372.2,174365.4,3115.0,1472510.8,2651.5608
53868.66,998.52,35774.02,262143.0,50783.223,6917.4204,18077.15,1767.3,6944.5205,115102.69,3115.7,986435.9,1897.8058
37594.44,643.7,17772.4,214449.45,24477.871,3961.11,8063.82,680.89,4305.8403,57467.523,3117.0,490057.7,1350.6725
67259.7,1722.29,60377.492,262143.0,83399.98,11544.21,22946.13,2004.31,8177.4004,188499.97,3117.2,1664854.1,2565.6648
58149.93,1413.0,70554.234,262143.0,96851.734,15082.99,28953.58,2642.73,8597.16,216453.61,3118.0,1945468.5,3468.1487
58509.242,1172.79,69540.016,262143.0,94597.21,15825.601,26872.55,2238.58,8191.9204,217677.25,3119.2,1917502.4,3397.2812
30818.88,1191.63,31509.9,262143.0,55166.66,10478.181,32177.19,2756.44,7417.08,108298.086,3119.8,868856.7,2922.3389
21117.51,624.86005,35226.09,262143.0,51571.363,7963.04,18736.12,1568.65,6585.4805,114675.01,3120.3,971327.2,4768.4766
15571.26,191.54001,105.19,1838.4701,535.37,194.68001,964.48,127.41,1440.1201,2559.48,3120.5,2900.518,18.315222
77422.17,1822.77,63588.14,262143.0,94104.234,14238.33,30486.61,2746.85,11700.48,206528.53,3120.9,1753384.8,2347.3335
28702.17,367.38,19518.24,237161.06,25999.201,5144.89,6743.14,849.4,2746.9202,62208.96,3121.2,538197.6,1943.352
138330.88,3706.77,147256.58,262143.0,202275.67,31557.002,54834.25,5016.94,22215.602,262143.0,3121.6,4060465.5,3042.7192
27477.21,623.29004,30156.56,262143.0,41204.652,7664.74,12708.12,1042.57,4839.12,95884.805,3121.7,831539.56,3137.0376
61924.86,1304.67,47126.69,262143.0,61702.57,9275.561,17910.01,1372.74,7298.2803,148378.56,3122.9,1299475.4,2174.96
16663.11,215.09001,10.990001,1439.6901,737.9,109.9,1161.76,87.68,1442.76,2774.6401,3123.8,303.0392,0.8857784
47950.05,750.46,166.42,4045.8901,3031.6702,1130.4,637.05,90.42,1471.8,6552.4805,3126.1,4588.8794,8.923513
65704.14,2067.6902,67800.45,262143.0,94956.74,14249.32,27900.05,2170.08,10496.641,214290.12,3126.4,1869535.5,2949.454
33327.09,460.01,15996.73,195259.34,22251.611,4207.6,5815.65,463.06,3983.7603,52506.96,3127.2,441095.22,1371.4067
52608.9,945.14,34951.34,262143.0,46710.64,7145.0703,13298.59,1028.87,5351.2803,111833.05,3128.3,963751.25,1898.5626
61658.64,1119.41,31860.012,262143.0,46847.23,7368.0103,19577.3,1571.39,6717.4805,105379.56,3128.8,878510.7,1476.4098
22634.791,376.80002,5372.54,65158.14,7254.97,1210.4701,2398.87,250.71,2024.8801,17511.121,3131.0,148142.88,677.65985
80245.32,3152.56,162609.61,262143.0,229406.84,36497.793,71071.49,6502.02,23133.0,262143.0,3133.2,4483811.0,5792.9595
57817.59,1373.75,58758.82,262143.0,82878.734,12393.58,22540.61,1867.31,7005.24,179652.0,3135.0,1620220.8,2904.7756
19561.95,298.30002,169.56001,2361.28,830.53,408.2,1523.4401,121.93,1499.52,2973.9602,3135.7,4675.4624,23.78337
31859.4,524.38,19358.102,236697.92,27361.96,4028.62,8736.49,520.6,2911.9202,60494.28,3135.7,533781.94,1736.2974
50708.82,956.13,32867.95,262143.0,46044.96,7374.29,14954.92,1127.51,5095.2,104658.84,3136.8,906303.6,1852.2673
32940.81,547.93,19304.72,233386.78,25806.092,3939.1301,7466.5,695.96,3103.32,61504.082,3138.5,532310.0,1674.6305
17230.35,249.63,166.42,2695.6902,888.62006,18.84,1367.26,212.35,3001.6802,2977.9202,3139.0,4588.8794,26.615978
87645.54,4523.17,204734.28,262143.0,262143.0,47545.883,84755.05,7347.31,29408.281,262143.0,3139.4,5645360.5,6677.9736
65962.53,1697.17,60525.07,262143.0,86494.445,13545.961,27630.16,2402.98,11449.681,197593.45,3140.3,1668923.5,2622.5356
69930.6,2486.8801,90824.5,262143.0,127878.08,19869.92,45631.96,3872.99,17322.361,262143.0,3141.4,2504402.5,3712.5112
14985.75,240.21,157.0,1909.1201,670.39,188.40001,989.14,75.35,1733.16,2011.68,3144.9,4329.1313,28.95506
14302.8,150.72,84.78001,1668.91,668.82,20.41,985.03,95.9,1375.4401,1697.52,3145.3,2337.7312,15.948114
62842.71,1716.01,70811.71,262143.0,95462.28,14899.301,28434.35,2209.81,11218.681,223363.81,3146.8,1952568.1,3220.8042
10714.05,116.18,23.550001,12.56,141.3,-6.28,-8.22,-58.91,44.88,2.64,3147.3,649.36975,5.2847247
22860.121,678.24005,15896.251,195862.22,29592.932,6416.5903,21724.09,2265.98,8118.0005,67374.125,3148.5,438324.6,1987.2234
39388.38,714.35004,576.19,7686.72,2257.6602,271.61002,4540.18,243.86,4910.4004,5907.0,3149.4,15887.912,40.826023
6705.09,25.12,-17.27,-42.390003,117.75001,-3.14,-49.32,-19.18,76.560005,106.920006,3149.9,-476.20447,-8.364389
48620.82,1026.78,46109.332,262143.0,64456.35,10052.71,20067.76,1716.61,5545.3203,140012.4,3150.5,1271422.6,2710.537
17570.52,288.88,149.15001,3086.62,3485.4001,715.92004,6867.81,669.93,1420.3201,4544.7603,3151.6,4112.6753,23.271002
57995.07,1155.52,51191.42,262143.0,71070.766,11368.37,19943.09,1982.39,6704.2803,160254.61,3151.9,1411556.6,2522.801
39072.57,631.14,24889.21,262143.0,35365.82,6402.4604,13958.93,998.73,4308.48,81298.805,3152.7,686297.25,1820.328
11119.47,298.30002,200.96,3297.0,513.39,128.74,157.55,32.88,307.56,1713.3601,3154.3,5541.2886,50.674297
65196.93,1251.29,57874.91,262143.0,79919.28,12809.631,22705.01,2015.27,7658.64,183836.4,3154.6,1595847.8,2537.12
55978.41,1714.4401,72383.28,262143.0,105982.85,18584.09,30870.21,2700.27,11770.44,233841.97,3154.8,1995902.8,3696.1467
8867.91,238.64001,109.9,1436.55,260.62,172.70001,153.44,39.73,186.12001,975.48004,3156.2,3030.392,34.434425
11697.15,246.49,58.09,918.45,478.85,164.85,489.09,71.24,930.60004,1045.4401,3156.4,1601.7786,13.1994095
11992.95,105.19,124.03001,1370.61,389.36002,149.15001,709.66,94.53,1462.56,1181.4,3156.4,3420.014,28.56989
34315.41,662.54004,29851.98,262143.0,41550.05,6438.5703,13393.12,1080.93,6006.0,96295.32,3158.4,823141.06,2486.3274
18563.19,193.11,5776.0303,71683.06,8704.08,1381.6001,3498.98,271.26,2019.6001,20494.32,3158.6,159268.75,888.66364
27721.68,335.98,207.24,4113.4,2734.9402,912.17004,275.37,156.18001,964.92004,4923.6,3158.7,5714.4536,20.37485
32386.621,1163.37,24295.75,262143.0,41182.67,7710.27,21411.73,1861.83,7372.2,86199.96,3158.8,669933.06,2143.9326
67253.61,3355.09,137100.25,262143.0,190387.62,30781.422,53971.15,4907.34,19281.24,262143.0,3160.2,3780414.0,5827.699
61083.57,942.00006,35031.41,262143.0,52918.42,8716.641,21813.14,1985.13,8739.721,115778.52,3160.8,965959.06,1638.7671
73374.93,1169.65,43510.98,262143.0,60691.492,9999.33,19127.94,1897.45,8226.24,137256.25,3162.5,1199775.5,1694.5092
97894.14,2891.9402,121252.67,262143.0,179297.14,29467.33,57008.44,5186.82,20081.16,262143.0,3164.1,3343431.5,3540.4705
83841.03,6583.0103,4491.77,84337.266,44341.51,15194.461,8146.02,2267.35,15611.641,89884.086,3164.3,123856.45,152.18277
27228.39,477.28003,18521.291,222530.23,26115.38,3673.8,7348.68,516.49,2963.4001,59154.48,3164.5,510707.66,1943.9044
23863.23,370.52002,293.59,3852.78,1102.14,304.58002,1833.06,90.42,2397.12,2764.08,3164.6,8095.4756,34.17718
64259.07,2072.4001,91301.78,262143.0,127728.92,19573.191,39764.25,3586.66,10941.48,262143.0,3164.9,2517563.0,4061.504
55941.87,967.12006,44829.78,262143.0,58611.242,8630.29,13828.78,1027.5,6627.72,137929.45,3165.1,1236140.2,2290.2825
33774.27,1105.28,40537.402,262143.0,55012.8,7881.4004,14350.75,1171.35,5903.04,128499.37,3167.1,1117781.8,3430.7761
33996.99,1000.09,54138.312,262143.0,77634.93,11925.721,22528.28,1863.2,12950.5205,171523.45,3168.1,1492814.5,4552.164
123186.78,6254.8804,216182.73,262143.0,262143.0,50068.87,104681.7,9970.86,47518.684,262143.0,3168.1,5961041.0,5016.714
62959.29,1505.63,58214.03,262143.0,84200.67,12076.44,24335.31,2127.61,10230.0,184605.97,3169.2,1605198.6,2642.7285
34111.832,513.39,23625.361,262143.0,32407.941,4997.31,9806.46,693.22003,3843.84,76290.73,3172.2,651447.75,1979.261
18324.81,254.34001,69.08,1722.29,626.43,178.98001,1067.23,146.59,1346.4,2230.8,3172.3,1904.8179,9.778587
17348.67,368.95,8635.0,105266.93,16489.71,3625.1301,10014.7,897.35,4481.4004,35712.6,3173.0,238102.22,1422.1318
21490.74,309.29,10960.17,133205.08,15770.65,1863.5901,3886.69,398.67,2180.6401,33363.0,3173.6,302216.66,1457.1926
63867.57,1480.51,80157.92,262143.0,112162.375,18486.75,30926.38,2823.57,12801.36,246218.3,3174.5,2210281.2,3587.517
34240.59,676.67004,20406.861,247979.94,30136.15,4816.7603,11069.6,979.55,4923.6,67518.0,3175.2,562700.56,1703.0565
44735.4,789.71,30924.291,262143.0,41719.613,7292.6504,12199.85,1280.95,5142.72,99366.96,3176.2,852709.06,1975.5028
23186.371,401.92,70.65,2373.84,742.61005,359.53,2276.94,161.66,1620.9601,3160.08,3177.0,1948.1091,7.7122107
15272.85,238.64001,111.47,2017.4501,665.68,73.79,1383.7,105.49,1243.4401,1983.9601,3177.1,3073.6833,19.868294
35158.44,607.59,19865.21,242959.08,28812.64,4229.58,9525.61,886.39,3591.7202,64759.203,3177.5,547765.0,1614.5208
46471.05,990.67004,21684.84,262143.0,31189.621,6141.8403,10909.31,924.75,5505.72,73923.96,3178.4,597939.6,1333.2054
52640.22,1202.62,44693.19,262143.0,66244.586,10018.17,24103.78,1942.66,8582.641,144875.28,3178.4,1232373.9,2426.5752
37639.68,590.32,23688.16,262143.0,31230.441,4154.22,7763.79,739.8,4015.4402,74796.484,3179.3,653179.4,1798.4279
47499.39,763.02,20339.352,252667.95,35270.05,5944.02,19477.291,1554.95,6186.8403,73120.086,3179.9,560839.0,1223.3287
3908.04,226.08,17.27,1604.54,1705.02,1012.65,402.78,146.59,294.36002,2141.04,3180.8,476.20447,11.635206
41298.03,946.71,50422.12,262143.0,75122.93,12059.17,23618.8,1975.54,6687.12,163895.17,3183.8,1390343.9,3489.927
36640.92,752.03,33180.383,262143.0,45322.76,7741.6704,14090.45,1220.67,4728.24,102714.484,3187.7,914918.7,2588.1904
64086.81,1292.11,51232.242,262143.0,71213.63,12778.23,24905.23,2438.6,8074.4404,167024.89,3189.1,1412682.2,2284.7236
22595.64,219.8,412.91,7201.5903,3903.02,791.28,4130.55,409.63,1181.4,4427.2803,3189.6,11385.615,51.24921
92967.33,2675.28,83345.02,262143.0,120847.62,18785.05,37096.86,3182.51,18414.0,262143.0,3189.7,2298162.8,2562.2935
27910.47,401.92,15910.381,195833.95,23287.81,2612.48,7667.89,674.04,3628.6802,51780.96,3190.1,438714.2,1628.9054
38456.61,835.24005,34758.23,262143.0,49010.69,7069.7104,10942.19,932.97003,5448.9604,111992.766,3192.2,958426.44,2583.2568
27485.041,441.17,1413.0,17025.08,3336.25,874.49005,337.02,105.49,922.68005,7369.56,3192.4,38962.184,145.99236
56614.38,1609.25,62170.434,262143.0,92367.81,15703.141,27330.13,2487.92,16144.921,201557.4,3194.5,1714292.9,3138.83
31572.3,835.24005,31225.73,262143.0,45090.402,7873.5503,14757.64,1386.4401,5034.48,100928.52,3194.7,861020.94,2826.8433
13703.37,221.37001,1120.98,15392.28,6290.99,1359.62,9925.65,1017.91,3574.56,10593.0,3195.6,30909.998,232.89421
30743.19,422.33002,17590.281,213391.27,25019.521,3887.32,7191.13,697.33,2661.12,55594.44,3195.8,485035.9,1634.9606
32630.22,651.55005,2887.23,37168.18,7752.66,1986.05,883.65,189.06,2880.2402,21790.56,3196.7,79612.73,251.9941
66510.63,1554.3,47696.6,262143.0,63875.453,10365.141,19347.14,1457.68,11163.24,158584.81,3196.8,1315190.1,2049.432
14638.62,324.99002,378.37003,4819.9004,1100.5701,191.54001,117.82,-15.07,324.72,2477.6401,3198.2,10433.207,72.903595
66900.39,1880.8601,43828.12,262143.0,66582.13,10760.78,32323.78,2950.98,16808.88,153865.81,3198.6,1208520.4,1872.1528
43039.77,839.95,20235.73,241302.73,34436.383,5818.4204,24140.77,2081.03,7844.7603,75312.6,3198.8,557981.75,1343.3054
13246.62,208.81001,131.88,1865.16,591.89,431.75,1109.7,157.55,1619.64,1665.8401,3198.8,3636.4705,27.465767
56842.32,1397.3,50765.953,262143.0,75969.164,14054.641,38898.41,3152.37,11472.12,165941.17,3200.8,1399824.8,2552.5815
26109.57,390.93002,18265.38,219701.1,25545.47,3394.34,7921.34,641.16,2692.8,56864.28,3202.0,503651.16,1999.221
15905.34,259.05002,5920.47,73235.79,8542.37,1562.15,2552.31,221.94,2105.4001,20623.682,3203.4,163251.55,1063.2955
26861.25,505.54,1938.9501,25576.871,3204.37,518.10004,1939.92,147.96,2762.76,7723.3203,3203.4,53464.773,205.39035
40480.23,817.97003,24499.852,262143.0,37855.84,6594.0,16259.16,1428.91,5068.8003,84658.2,3203.9,675561.0,1729.4916
5061.66,268.47,255.91,2706.6802,1824.3401,546.36005,513.75,83.57,719.4,3689.4001,3204.6,7056.4844,143.55838
31450.5,425.47,182.12001,4297.0903,3036.3801,778.72003,606.91,116.45,1506.1201,6105.0,3205.5,5021.7925,15.556902
29954.1,533.8,12856.73,158651.64,17915.271,2901.36,8604.97,664.45,4214.7603,43812.12,3206.4,354512.6,1226.2224
76397.31,2793.03,99775.07,262143.0,156744.1,28498.64,70052.21,6203.36,21399.842,262143.0,3206.9,2751206.2,3733.16
11279.55,51.81,50.24,695.51,607.59,160.14,90.42,60.28,308.88,1269.8401,3209.2,1385.3221,11.735233
96368.164,4138.52,141852.64,262143.0,196352.06,30764.15,53342.32,5099.14,26448.842,262143.0,3211.9,3911456.8,4207.747
35026.2,712.78,33353.082,262143.0,45376.14,6518.64,13308.18,1024.76,4443.12,104859.484,3212.0,919680.75,2721.651
68439.42,1672.05,77010.07,262143.0,105617.05,16323.291,30977.07,2760.55,10608.841,240517.2,3212.3,2123482.2,3216.2898
69968.88,1301.53,49404.76,262143.0,67320.03,10660.301,16905.8,1487.82,8492.88,159065.28,3214.4,1362291.1,2017.891
26361.871,502.40002,14323.11,171505.23,20436.691,3312.7002,4951.18,401.41,2020.92,45273.363,3216.8,394946.66,1552.4957
51778.05,1367.4701,71880.88,262143.0,100390.516,15921.37,28248.03,2560.53,13128.721,229986.25,3217.2,1982049.6,3968.3257
20418.03,1056.61,17786.531,216176.45,31503.621,4959.6304,15841.31,1372.74,6993.3604,68584.56,3217.7,490447.34,2489.7288
23361.24,301.44,262.19,4144.8003,1265.42,12.56,2502.99,153.44,2084.28,2583.24,3217.9,7229.6494,31.089966
33632.46,496.12003,17108.291,209058.06,23515.46,3697.35,8091.22,574.03,3991.6802,55634.043,3219.9,471745.47,1453.444
54224.492,2122.6401,91887.39,262143.0,125557.62,19800.84,36120.05,3071.54,12360.48,262143.0,3220.3,2533710.8,4844.1743
14225.37,116.18,97.340004,1620.2401,1103.7101,285.74002,168.51,0.0,703.56,2430.12,3224.3,2684.0615,18.564861
127084.38,3724.04,108794.73,262143.0,171676.36,31861.582,75697.98,6358.17,32007.361,262143.0,3224.5,2999915.0,2446.7363
27604.23,662.54004,28759.262,262143.0,44361.92,6374.2,15965.98,1485.08,5167.8003,94617.6,3225.7,793010.3,2977.8667
53062.17,1199.48,41774.562,262143.0,63272.57,11041.811,25703.94,2334.48,8184.0005,138398.05,3226.8,1151895.4,2250.0022
41431.14,519.67004,909.03,11957.12,4604.81,1705.02,368.53,302.77,1386.0,8842.681,3227.1,25065.672,61.73362
45266.1,1012.65,40900.07,262143.0,57085.203,8080.79,16845.52,1439.87,5381.64,129662.28,3227.4,1127782.0,2582.4492
22646.1,372.09003,6415.02,78652.29,8598.891,1202.62,1883.75,212.35,1412.4,20937.842,3227.8,176888.31,808.9414
10765.38,130.31,56.52,1026.78,789.71,23.550001,156.18001,0.0,277.2,1752.9601,3229.1,1558.4873,14.01142
179875.98,7503.0303,262143.0,262143.0,262143.0,68114.45,122168.38,10370.9,46091.76,262143.0,3229.3,7228353.5,4165.9097
45868.14,888.62006,381.51,6104.16,2370.7002,412.91,4855.28,339.76,4874.7603,7043.5205,3230.3,10519.789,22.781748
26222.67,334.41,381.51,5422.7803,1916.9701,959.27,172.62,5.48,1296.2401,5780.2803,3232.7,10519.789,40.59853
20418.9,499.26,12038.761,147705.61,25407.31,5119.77,21715.87,1891.97,6993.3604,48257.883,3233.6,331957.8,1684.7704
13177.0205,116.18,224.51001,3419.4602,863.5,381.51,67.13,-15.07,483.12003,2533.08,3233.7,6190.658,47.715534
39571.082,1364.3301,41155.98,262143.0,64136.07,10869.11,27421.92,2507.1,11369.16,142424.05,3234.0,1134838.5,2972.747
13066.53,237.07,106.76,1651.64,314.0,12.56,746.65,108.23,1162.92,1454.64,3234.3,2943.8093,22.361315
37182.93,753.60004,28473.521,262143.0,40926.76,5841.97,14019.21,1159.02,5141.4004,91425.84,3234.6,785131.3,2188.508
39952.14,579.33,12123.54,148313.19,17398.74,1916.9701,5277.24,524.71,5447.64,40826.28,3236.2,334295.53,866.6377
53349.27,1376.89,54709.793,262143.0,84907.17,13798.73,29102.91,2539.98,12187.561,186011.77,3239.1,1508572.5,2931.146
80561.13,3089.76,2150.9001,40896.93,20599.97,6242.3203,3662.01,867.21,7807.8003,42468.363,3240.4,59309.105,75.33851
50843.67,803.84,26721.4,262143.0,37734.953,5069.5303,9225.58,822.0,5682.6,86448.125,3241.1,736818.2,1501.6967
64879.38,1425.56,55841.76,262143.0,74543.6,11687.08,21881.64,2102.95,9160.801,174653.17,3242.1,1539785.5,2459.9421
18102.96,216.66,620.15,9231.601,2703.54,1105.28,206.87,38.36,1001.88007,6725.4004,3243.7,17100.07,96.948135
54079.2,946.71,32128.48,262143.0,44022.8,7689.8604,14813.81,1234.37,5239.08,101819.52,3245.0,885913.44,1697.6697
16436.91,715.92004,14049.931,170480.03,23452.66,4210.74,9387.24,704.18,6809.8804,56173.92,3246.6,387414.0,2443.01
16056.72,257.48,95.770004,2108.51,659.4,339.12003,768.57,145.22,1136.52,2049.96,3246.8,2640.7703,16.05382
54667.32,811.69,24492.0,262143.0,36389.46,6133.99,10839.44,990.51,5031.8403,82465.68,3247.5,675344.5,1279.9891
30532.65,723.77,5089.94,60266.023,7920.6504,1369.04,3981.22,346.61002,1680.3601,19938.602,3247.6,140350.44,475.64734
29546.94,960.84,33659.23,262143.0,53078.562,9737.141,25795.73,2339.96,5620.56,106459.33,3250.9,928122.5,3256.1719
33955.23,535.37,174.27,3888.8901,2099.09,730.05005,95.9,56.170002,1161.6001,5736.72,3251.7,4805.336,13.674555
10736.67,103.62,251.20001,3122.7302,1153.9501,513.39,23.29,52.06,687.72003,2201.76,3251.8,6926.6104,65.89583
17332.14,238.64001,64.37,2163.46,412.91,138.16,1185.05,56.170002,1545.7201,1983.9601,3252.8,1774.944,9.618919
16718.791,224.51001,6535.91,80504.89,8116.9004,1398.87,723.36,82.2,1151.04,20995.92,3254.3,180221.75,1116.7643
12572.37,109.9,257.48,3270.31,957.7,233.93001,47.95,30.14,640.2,2938.32,3255.3,7099.776,57.55653
57421.742,979.68005,21449.34,262143.0,32944.883,5600.1904,11695.69,772.68,6002.04,75064.445,3255.5,591445.94,1067.0376
24465.27,687.66003,26021.182,262143.0,37358.152,6072.7603,13019.11,1194.64,3641.8801,81470.41,3256.2,717510.25,3040.0671
12925.59,161.71,185.26001,3334.6802,1631.2301,555.78,908.31,183.58,856.68005,3036.0,3257.3,5108.3755,39.98079
103505.64,3083.4802,139717.44,262143.0,201149.98,30806.541,61415.73,5455.34,17754.0,262143.0,3257.8,3852580.5,3858.5403
19441.02,582.47003,478.85,5733.64,1337.64,343.83002,246.6,34.25,547.80005,3344.8801,3258.7,13203.851,69.425415
45019.02,684.52,30925.861,262143.0,43512.55,6276.8604,15435.79,1294.65,4425.96,101131.805,3260.3,852752.3,1963.1504
16383.84,489.84003,12960.351,158635.94,24145.031,4507.47,14049.35,1416.58,5423.8804,51601.44,3261.3,357369.8,2260.7783
63851.91,1417.7101,62057.39,262143.0,84765.875,11899.03,24480.53,2081.03,9148.92,193745.64,3261.4,1711175.8,2777.8723
13267.5,109.9,403.49002,5435.3403,1434.9801,284.17,104.12,58.91,624.36005,3495.36,3262.3,11125.868,85.95463
118455.72,4127.5303,121053.28,262143.0,179041.23,29029.3,59771.73,5093.66,20853.361,262143.0,3262.5,3337933.5,2920.9282
28493.371,1563.7201,58140.242,262143.0,85940.234,13046.7,30537.3,2579.71,14880.36,180821.53,3263.4,1603164.0,5833.209
49497.78,926.30005,27539.371,262143.0,42897.113,6804.3804,17738.76,1591.9401,8943.0,96796.92,3263.6,759372.94,1589.8062
42977.13,684.52,16274.62,200079.23,25883.021,3771.1401,11105.22,969.96,5401.4404,57942.723,3264.1,448757.75,1081.7357
38943.81,598.17004,18968.74,235275.5,26831.3,3464.9902,8592.64,713.77,2946.2402,65436.363,3267.5,523045.66,1391.6727
25865.1,640.56,26496.89,262143.0,37117.94,5848.25,11288.8,1026.13,4003.56,84074.766,3267.7,730627.5,2928.0698
33756.87,638.99005,25358.64,262143.0,36014.23,5777.6,10132.5205,1127.51,3628.6802,78921.484,3269.8,699241.3,2146.8938
22308.541,254.34001,61.230003,2880.9502,959.27,324.99002,2035.82,176.73,1940.4,3706.56,3270.9,1688.3613,6.847695
64594.02,1361.1901,54526.1,262143.0,72232.56,12914.82,20003.37,1698.8,9888.12,173232.84,3272.2,1503507.4,2412.577
62832.27,1301.53,64462.633,262143.0,92699.086,13809.721,27893.2,2535.87,7215.12,204237.02,3272.3,1777498.1,2932.4202
21185.37,452.16,1916.9701,23133.951,3600.01,767.73004,327.43,19.18,687.72003,7458.0005,3272.3,52858.695,257.71896
53200.5,1277.9801,51653.0,262143.0,81740.484,13528.69,31800.44,2801.65,9316.561,165312.84,3272.4,1424284.2,2775.06
57779.31,1084.87,40369.41,262143.0,58421.273,9712.0205,21344.6,1779.63,7230.9604,136139.53,3272.5,1113149.5,1996.6943
25876.41,419.19,384.65002,5261.0703,1518.1901,367.38,2196.11,171.25,4082.7603,4382.4004,3274.2,10606.373,41.502136
69922.77,2169.74,69101.984,262143.0,103616.87,15313.78,36077.582,3205.8,14475.12,227608.92,3275.7,1905424.0,2824.6663
11865.061,166.42,23.550001,780.29004,315.57,161.71,976.81,116.45,1312.0801,1331.88,3276.0,649.36975,4.6750536
4217.7603,98.91,-56.52,-69.08,-89.490005,-53.38,-68.5,2.74,97.68,221.76001,3277.1,-1558.4873,-39.31504
58488.36,1733.28,55843.332,262143.0,81173.71,12015.21,27620.57,2434.49,11675.4,180915.25,3277.3,1539828.8,2728.9258
22526.91,193.11,116.18,2513.57,819.54004,378.37003,1583.72,47.95,2019.6001,3517.8,3278.6,3203.5571,13.746153
40234.02,615.44,24061.82,262143.0,35761.46,6049.21,11679.25,983.66,4981.68,77931.484,3278.9,663482.7,1708.9525
16394.28,229.22,6857.7603,83663.734,9697.891,1555.87,963.11,87.68,966.24005,23060.4,3279.2,189096.47,1195.0215
23921.52,401.92,114.61,2684.7002,894.9,246.49,1645.37,176.73,1504.8,2655.84,3279.4,3160.2659,12.698807
26272.26,384.65002,12315.08,149167.28,18210.43,2538.6902,6158.15,465.8,3135.0002,40778.76,3280.2,339577.06,1339.2592
26140.89,1632.8,64961.89,262143.0,116128.195,23966.05,64500.97,5699.2,16352.161,236363.17,3280.5,1791264.8,7104.3794
90397.35,2062.98,81486.14,262143.0,112412.0,19033.111,35774.81,3490.76,11143.44,259424.89,3280.6,2246905.8,2576.3716
18708.48,277.89,106.76,2108.51,692.37,221.37001,1605.64,113.71,1490.28,2981.8801,3280.6,2943.8093,15.3162
66524.55,2428.79,126212.305,262143.0,181452.75,29329.172,58907.26,5201.89,19261.441,262143.0,3282.0,3480188.8,5423.613
38313.06,898.04004,37304.77,262143.0,50731.41,7928.5005,10809.3,1176.83,4913.04,116191.69,3282.8,1028644.9,2782.9827
17684.49,345.40002,1026.78,12076.44,4742.97,786.57,6319.81,631.57,2765.4001,9490.801,3282.9,28312.52,165.00986
26752.5,361.1,178.98001,2796.1702,1251.29,279.46002,1644.0,105.49,2539.6802,4040.5203,3284.6,4935.21,18.128862
16515.21,259.05002,51.81,1628.0901,786.57,238.64001,779.53,39.73,1124.64,2634.7202,3285.0,1428.6134,7.9697113
53733.81,872.92004,31712.432,262143.0,44867.46,7611.3604,15167.2705,1519.33,5311.68,100473.125,3285.7,874441.3,1686.4501
43897.59,905.89,27652.41,262143.0,38738.18,6091.6,11303.87,837.07,4163.2803,89089.445,3286.9,762489.94,1800.1145
35268.93,731.62,22710.05,262143.0,32692.111,4683.31,12288.9,1130.25,3843.84,72354.484,3287.3,626208.9,1840.0892
24961.17,384.65002,11877.051,144460.42,18427.09,2326.74,5195.04,447.99,3206.28,39539.28,3289.4,327498.8,1359.4816
36151.11,935.72003,34781.78,262143.0,55133.69,9646.08,21433.65,1787.85,6276.6,119196.01,3289.8,959075.8,2749.9277
58919.01,1240.3,51310.742,262143.0,74300.25,12123.54,28146.65,2330.37,10145.5205,169843.1,3290.5,1414846.8,2489.0142
65818.98,2172.8801,70872.945,262143.0,104803.78,14845.921,31103.11,2707.12,10259.04,226488.25,3290.5,1954256.6,3077.7778
15199.7705,6360.0703,169.56001,5242.23,8487.42,4757.1,780.9,179.47,652.08,18573.72,3294.6,4675.4624,30.89594
104599.234,3111.74,128807.516,262143.0,179567.19,31348.191,58981.24,5003.24,20272.56,262143.0,3296.7,3551749.5,3519.9648
110641.38,4249.99,143874.81,262143.0,208357.84,35397.223,65201.04,5889.63,29380.56,262143.0,3297.8,3967216.2,3717.058
16913.67,155.43001,48.670002,1467.9501,1188.49,785.0,30.14,39.73,460.68002,2160.84,3299.0,1342.0308,7.2275877
51536.19,1142.9601,37767.92,262143.0,51441.05,8239.36,17682.59,1654.96,7015.8003,120180.73,3303.1,1041415.9,2094.3652
66357.51,2670.57,103196.1,262143.0,142075.58,23322.352,37061.24,3305.81,13923.36,262143.0,3304.0,2845538.0,4445.54
10812.36,29.830002,100.48,1612.39,557.35004,235.50002,5.48,57.54,237.6,1713.3601,3305.9,2770.6443,25.571016
10893.2705,45.530003,171.13,2216.84,1059.75,466.29,189.06,97.27,501.6,2148.9602,3306.5,4718.7534,43.917633
29385.121,962.41003,29533.271,262143.0,51095.652,9644.511,21218.56,1882.38,10472.881,113884.33,3306.6,814352.94,2872.6445
13659.87,252.77,78.5,1862.02,1584.13,767.73004,202.76,97.27,537.24005,1962.8401,3307.2,2164.5657,15.431307
11720.64,87.920006,86.350006,1215.18,453.73,100.48,678.15,19.18,978.12006,1046.76,3307.4,2381.0225,20.064932
124944.18,3750.7302,161213.89,262143.0,228741.16,36281.133,72468.89,6474.62,31805.4,262143.0,3309.6,4445325.5,3688.2273
19826.43,266.9,6824.79,82319.81,8975.69,1084.87,1478.23,124.67,1808.4,23386.441,3309.7,188187.34,983.2236
23647.47,270.04,8245.641,102357.73,13690.4,2245.1,5544.39,780.9,2534.4001,29833.32,3310.5,227366.0,995.9852
12322.68,146.01001,255.91,2915.49,1086.4401,314.0,428.81,101.38,660.0,2151.6,3310.7,7056.4844,58.378757
6993.06,207.24,94.200005,3083.4802,5981.7,3466.56,302.77,149.33,139.92,6283.2,3312.1,2597.479,37.515247
60978.3,996.95,5686.54,75300.34,12335.49,2758.49,4819.66,354.83,10661.641,26805.24,3313.0,156801.14,265.63785
34280.61,502.40002,13415.65,163275.3,21695.83,3196.52,8684.43,700.07,4618.68,43987.684,3316.3,369924.28,1117.9539
11679.75,183.69,555.78,6875.0303,1050.3301,161.71,123.3,-4.11,326.04,2620.2002,3320.1,15325.126,135.05621
86702.46,1931.1001,91031.74,262143.0,126344.19,19629.71,36883.14,3198.95,10636.561,262143.0,3321.2,2510117.0,3000.998
44827.62,1056.61,42642.77,262143.0,56964.312,9912.98,15874.19,1413.84,6339.9604,137254.92,3321.4,1175835.4,2718.8735
11640.6,103.62,146.01001,1361.1901,329.7,158.57,709.66,115.08,759.0,1016.4,3323.2,4026.0925,34.863796
51396.992,979.68005,38783.71,262143.0,51298.184,8341.41,17914.12,1464.53,7254.72,127394.52,3324.5,1069425.4,2156.549
62007.51,1499.3501,66360.766,262143.0,87937.27,13498.86,19977.34,1753.6,9460.44,204015.25,3326.5,1829837.4,3058.9624
47437.62,1946.8,68109.74,262143.0,102911.93,16954.43,38666.88,3215.39,9890.761,217827.73,3327.4,1878063.9,4104.21
59211.332,1146.1001,41148.133,262143.0,60110.594,8063.5205,17819.59,1487.82,5992.8003,129334.92,3327.9,1134622.1,1985.9838
77703.18,1662.63,71210.49,262143.0,101454.98,17200.92,34667.85,3019.48,12141.36,224535.97,3328.0,1963564.1,2619.319
26670.72,632.71,326.56,4355.18,1544.88,392.5,109.6,45.21,496.32,2789.1602,3329.3,9004.593,34.0088
4747.59,163.28,80.07,1290.54,855.65,164.85,234.27,72.61,332.64,1675.0801,3329.5,2207.857,47.222046
49511.7,1201.05,39721.0,262143.0,57221.793,8773.16,16761.95,1330.27,6878.5205,126995.88,3330.2,1095270.2,2292.8306
38382.66,935.72003,39220.17,262143.0,54943.723,6978.6504,17652.45,1604.27,7409.16,124171.086,3330.3,1081460.4,2920.618
11718.9,251.20001,136.59001,1701.88,541.65,117.75001,54.8,57.54,145.20001,1574.76,3330.5,3766.3447,32.32584
16671.81,169.56001,78.5,1799.2201,532.23004,329.7,1461.79,171.25,927.96,2098.8,3330.6,2164.5657,12.462814
44053.32,1345.49,38903.03,262143.0,53869.844,8220.5205,16997.59,1286.43,6813.8403,125763.01,3332.8,1072715.5,2523.9558
14584.68,169.56001,-65.94,-3.14,103.62,-73.79,52.06,27.4,0.0,72.600006,3332.9,-1818.2352,-13.927098
43051.95,1073.88,25003.82,262143.0,35185.27,5443.19,8274.8,767.2,4670.16,83449.086,3333.1,689457.5,1659.5905
66873.42,1574.7101,68973.24,262143.0,95300.57,14995.07,26060.14,2438.6,8463.841,216373.1,3333.6,1901874.0,2948.0088
38225.19,640.56,20168.22,245325.06,30095.33,4034.9001,11934.07,1022.02,5586.24,69145.56,3334.7,556120.25,1507.5751
15472.08,117.75001,166.42,1621.81,1163.37,543.22003,249.34,-54.8,716.76,2601.7202,3334.8,4588.8794,29.7543
12835.11,213.52,67.51,1317.2301,365.81,233.93001,732.95,95.9,1388.64,1716.0001,3336.4,1861.5266,14.03895
34754.76,799.13,27591.182,262143.0,37869.973,7055.58,11553.21,1068.6,3603.6,87739.086,3338.0,760801.6,2268.8909
44544.87,810.12006,19001.71,229179.19,24441.762,3414.75,8196.71,687.74,4247.7603,61263.844,3338.2,523954.8,1218.6747
30086.34,547.93,22366.22,262143.0,31896.121,5122.91,9411.9,964.48,3152.1602,69182.52,3338.6,616728.06,2124.5544
14552.49,139.73001,58.09,1527.6101,427.04,142.87001,1145.32,47.95,1217.04,1841.4,3340.4,1601.7786,10.413347
34380.66,717.49005,31943.22,262143.0,45704.273,7732.2505,12667.0205,1069.97,4565.8804,100259.28,3341.1,880805.06,2655.5222
78005.94,2686.27,94540.695,262143.0,133869.19,22199.8,44072.9,3714.07,18564.48,262143.0,3341.7,2606873.2,3464.2942
44497.89,778.72003,31991.89,262143.0,45770.21,7377.43,14859.0205,1313.83,5173.08,104970.37,3342.2,882147.1,2054.6514
58844.19,2133.6301,22207.65,262143.0,36474.242,6226.62,16355.06,1223.41,7927.9204,82505.28,3342.5,612355.6,1078.0659
35607.36,1612.39,50535.16,262143.0,83230.414,12917.96,43012.52,3515.42,9451.2,170889.84,3343.6,1393460.9,4056.9148
27926.13,569.91003,348.54,4898.4004,1411.43,376.80002,113.71,46.58,695.64,3928.32,3343.7,9610.672,34.685425
92068.62,1304.67,46548.93,262143.0,70210.41,10544.12,23681.82,2019.38,10652.4,154148.28,3348.5,1283544.1,1444.5964
9334.23,7.8500004,39.25,833.67004,445.88,-64.37,-6.85,58.91,240.24,1181.4,3348.8,1082.2828,11.022924
63376.89,1413.0,35759.89,262143.0,52839.92,8335.13,14443.91,1278.21,8132.5205,121742.28,3349.0,986046.25,1612.2966
18759.81,241.78001,6253.31,76785.56,9369.761,976.54004,2045.41,158.92,2475.0,22107.361,3349.8,172429.3,952.08246
3922.83,58.09,34.54,152.29001,-21.980001,-47.100002,-26.03,23.29,-54.120003,252.12001,3352.3,952.40894,24.175137
24194.7,532.23004,15852.291,194458.64,26487.47,5047.5503,12917.73,1115.18,5128.2,58332.12,3352.7,437112.44,1872.358
61706.492,1829.05,56047.434,262143.0,83352.875,14508.37,35017.2,3427.74,11156.641,187495.45,3354.0,1545456.8,2596.0115
22969.74,408.2,113.04,2639.1702,1045.62,205.67001,1934.4401,171.25,1624.92,3235.32,3355.3,3116.9746,13.071003
57569.64,1471.0901,52836.78,262143.0,74352.06,12063.881,15690.61,1671.4,8995.801,167286.25,3356.4,1456925.9,2623.169
44477.88,728.48004,21592.21,262143.0,30599.3,5590.77,8803.62,820.63,5047.68,70315.086,3357.4,595385.44,1387.0402
40194.87,602.88,18690.852,229843.3,25598.852,4246.85,8474.82,856.25,4556.64,63206.883,3357.4,515383.12,1328.5585
29813.16,850.94,35739.48,262143.0,50389.152,6685.06,14695.99,1370.0,5583.6,111999.37,3357.4,985483.5,3426.5928
61265.4,1062.89,51620.03,262143.0,73654.984,11351.101,21040.46,2011.16,9332.4,165687.73,3360.3,1423375.1,2408.0842
32925.15,467.86002,230.79001,4270.4,1416.14,205.67001,2228.99,275.37,3862.32,3395.04,3360.9,6363.823,19.04187
34027.44,697.08,19797.701,243918.34,27432.611,4899.97,10017.44,852.14,3325.08,63290.043,3361.2,545903.5,1662.5447
64768.02,1607.68,67354.57,262143.0,92199.82,15279.24,25536.8,2438.6,9542.28,205646.77,3361.8,1857240.6,2972.4143
23844.09,417.62003,14558.61,177312.67,21000.32,3449.29,5056.67,539.78,2849.8801,47097.6,3362.5,401440.38,1744.7747
44196.0,599.74,26693.14,262143.0,35803.85,5171.58,11555.95,922.01,4245.12,84563.164,3362.6,736038.94,1725.8942
26646.36,342.26,208.81001,3486.9702,1420.8501,607.59,298.66,89.05,864.60004,3907.2002,3362.7,5757.745,21.405903
52673.28,970.26,42350.75,262143.0,67409.52,12034.051,28896.041,2501.62,8292.24,143560.56,3363.7,1167783.2,2297.8982
18038.58,251.20001,202.53001,2877.81,865.07,81.64,1753.6,126.04,2319.24,2218.9202,3364.6,5584.58,31.102291
38408.76,712.78,42473.21,262143.0,65702.93,12059.17,26342.36,2348.18,7728.6,142767.25,3364.9,1171160.0,3160.7957
44626.65,836.81,39286.11,262143.0,52681.35,8118.47,15282.35,1132.99,5854.2,127003.805,3368.1,1083278.5,2516.061
16451.7,310.86002,10724.67,130506.26,21681.701,3755.4402,14659.0,1197.38,3934.9202,41475.723,3368.4,295722.97,1862.8982
10701.0,138.16,50.24,1218.3201,324.99002,56.52,838.44,35.62,749.76,1257.9601,3369.6,1385.3221,12.423764
56364.69,821.11005,16626.3,202829.88,27027.55,5780.74,8366.59,785.01,6580.2,62136.363,3374.7,458455.03,842.40753
26557.621,593.46,22152.701,262143.0,31690.451,5137.04,9858.5205,1002.84,3566.6401,72284.52,3374.8,610840.5,2383.9897
44532.69,918.45,38713.062,262143.0,56136.92,9679.051,16872.92,1361.78,5859.4805,125402.65,3375.3,1067477.2,2484.579
69607.83,1365.9,56877.96,262143.0,81825.266,12792.36,20458.21,1857.72,9756.12,182838.48,3376.2,1568357.8,2335.334
23864.1,469.43002,19596.74,239522.34,25558.031,4063.1602,8119.99,806.93,2366.76,62800.324,3377.0,540362.2,2346.944
89794.44,1968.78,83410.96,262143.0,118761.086,20185.49,41798.7,3308.55,12603.36,262143.0,3377.7,2299981.0,2654.9673
12422.73,185.26001,84.78001,1331.36,317.14,78.5,553.48,17.81,1228.92,1071.8401,3379.5,2337.7312,18.513062
26003.43,194.68001,81.64,2278.07,653.12,166.42,71.24,47.95,538.56,2452.56,3379.6,2251.1482,7.976795
75872.7,2066.12,77063.45,262143.0,106976.664,17839.91,35907.7,2998.93,14510.761,251564.3,3379.9,2124954.2,2903.1023
70948.5,2342.4402,54546.51,262143.0,82539.61,13886.65,31438.76,2623.55,11485.32,189340.81,3380.6,1504070.1,2197.228
33910.86,610.73004,23769.8,262143.0,31707.72,4251.56,6488.32,598.69,2834.04,74884.92,3381.0,655430.5,2003.1754
17964.63,167.99,7207.87,88037.75,10495.45,1753.6901,3090.72,282.22,1888.92,23474.88,3381.1,198750.42,1146.196
12059.07,312.43002,98.91,2522.99,372.09003,222.94,-9.59,17.81,100.32001,1255.3201,3381.3,2727.3528,22.451756
58240.41,1229.31,49612.0,262143.0,70891.78,11380.931,22868.041,2072.81,8338.44,155299.33,3381.3,1368005.5,2434.63
41863.53,555.78,17555.74,217126.3,24504.56,4538.87,9769.47,879.54,3561.36,58840.324,3382.9,484083.47,1198.0361
12101.7,507.11002,17981.21,218889.4,31489.49,5936.1704,15763.22,1085.04,6881.16,68084.28,3384.4,495815.44,4247.3623
88050.96,3778.9902,102353.016,262143.0,145683.44,23031.9,53421.78,4323.72,14454.001,262143.0,3385.1,2822290.8,3322.652
136743.98,3785.27,186412.39,262143.0,256553.7,39560.86,71244.11,6766.43,22954.8,262143.0,3385.3,5140151.0,3896.764
12429.69,387.79,147.58,1852.6001,858.79004,128.74,35.62,6.85,246.84001,1264.56,3386.2,4069.3835,32.94816
26411.46,662.54004,8537.66,104951.37,13549.101,1873.01,5004.61,490.46,4667.52,30187.082,3386.4,235418.17,923.26276
34102.26,1058.18,16557.22,200047.84,25601.99,4835.6,6525.31,561.7,2708.6401,57611.402,3387.2,456550.22,1387.204
3739.26,836.81,43.960003,1207.3301,1524.4701,918.45,226.05,31.51,147.84001,4844.4004,3387.3,1212.1569,32.614067
38253.03,747.32,27302.3,262143.0,37987.723,5684.97,11127.14,960.37,3115.2002,85537.32,3388.3,752836.0,2039.7152
19481.041,345.40002,489.84003,5520.12,1464.81,337.55002,191.8,26.03,510.84003,3315.84,3388.6,13506.891,70.893745
56491.71,1535.4601,42581.543,262143.0,59193.71,8302.16,13547.93,1196.01,5475.3604,137170.45,3388.7,1174147.1,2154.1904
30108.09,458.44,615.44,8685.24,3036.3801,1036.2001,1264.51,69.87,2055.24,9077.641,3389.0,16970.195,57.44556
50888.04,998.52,32272.922,262143.0,43118.48,6397.75,10547.63,942.56,6255.4805,104056.92,3389.1,889896.3,1812.308
46859.94,642.13,24776.17,262143.0,33704.76,5432.2,8309.05,739.8,4620.0,79504.92,3389.6,683180.25,1510.7551
13767.75,205.67001,954.56006,11547.351,3931.28,1014.22003,4895.0103,432.92,1820.28,8356.92,3389.8,26321.121,197.23909
16009.74,185.26001,98.91,1731.7101,1011.08,304.58002,574.03,23.29,949.08,2839.32,3391.4,2727.3528,16.664644
31685.4,478.85,18207.291,221313.48,24795.012,2769.48,6888.36,453.47,4074.84,57987.6,3391.8,502049.4,1641.9908
34114.44,993.81006,1164.9401,16045.4,3810.3901,485.13,337.02,0.0,1012.44006,7365.6,3391.9,32122.156,96.63698
17397.39,213.52,135.02,2257.6602,728.48004,62.800003,1878.27,71.24,1198.56,1574.76,3396.2,3723.0532,21.190292
73590.69,1598.26,53821.17,262143.0,77454.38,11806.4,22133.72,1827.58,7488.3604,175026.73,3396.7,1484069.6,2090.1218
28259.34,701.79004,26792.05,262143.0,38946.992,5838.83,14702.84,1445.35,4720.3203,86964.24,3397.0,738766.3,2709.7717
66265.29,1931.1001,82765.695,262143.0,125617.27,20226.31,48729.53,4094.93,15020.28,262143.0,3398.7,2282188.2,3570.1926
32191.74,525.95,3323.6902,44859.613,13803.44,3174.54,17930.56,1445.35,2873.6401,21523.92,3399.1,91647.72,294.20593
6069.12,78.5,-9.42,-64.37,-80.07,20.41,5.48,6.85,29.04,-240.24,3399.7,-259.7479,-5.4378657
23405.61,321.85,14568.03,176681.53,19766.3,2769.48,6201.99,571.29,1997.16,46252.8,3401.2,401700.1,1778.6305
19403.61,304.58002,536.94,7025.75,1413.0,244.92001,134.26,64.39,436.92,3759.36,3402.1,14805.629,78.12108
13962.63,87.920006,623.29004,8394.79,3253.04,1241.87,291.81,26.03,879.12006,5633.7603,3402.5,17186.652,126.63563
13314.48,160.14,-36.11,146.01001,-4.71,0.0,-24.66,91.79,-18.480001,-52.800003,3402.8,-995.70026,-8.754473
44219.492,1318.8,57309.71,262143.0,81985.41,12450.101,26812.27,2193.37,7934.5205,179355.0,3403.0,1580262.9,3704.642
18434.43,274.75,171.13,2752.2102,665.68,81.64,1343.97,217.83,1743.7201,2211.0,3405.2,4718.7534,25.54272
14108.79,243.35,166.42,2066.12,700.22003,350.11002,153.44,52.06,393.36002,2109.36,3406.5,4588.8794,32.725994
13980.03,219.8,102.05,1392.5901,635.85004,42.390003,1528.92,84.94,1663.2001,1693.56,3407.3,2813.9355,19.871511
47324.52,1811.78,43468.59,262143.0,74063.18,13517.7,31237.37,2616.7,13061.4,160877.64,3408.8,1198606.6,2625.2637
62921.88,1805.5,91904.664,262143.0,126027.05,19945.281,36137.86,3074.28,12394.801,262143.0,3408.9,2534187.0,4175.2344
47764.742,634.28,21551.39,262143.0,31244.57,4801.06,9979.08,1037.09,6336.0005,73191.36,3409.2,594259.9,1289.0806
27445.89,248.06001,207.24,3355.09,2446.06,1158.66,300.03,36.99,1025.64,5301.12,3409.3,5714.4536,20.589632
20139.63,365.81,92.630005,1744.27,684.52,157.0,134.26,142.48,632.28,2217.6,3410.5,2554.1877,12.15071
12273.09,207.24,78.5,1436.55,397.21002,177.41,469.91,117.82,963.60004,1560.2401,3410.7,2164.5657,17.287937
48033.57,659.4,33519.5,262143.0,48432.93,7283.2305,15992.01,1587.83,5480.64,109313.164,3411.9,924269.56,1994.27
11972.94,480.42,28966.5,262143.0,51171.01,9079.311,21699.43,1650.85,6504.9604,106527.96,3412.1,798724.75,6916.4204
42521.25,868.21,32024.861,262143.0,44153.113,7391.56,10832.59,1028.87,5120.2803,104066.164,3412.4,883056.25,2152.4272
34594.68,645.27,16356.261,200041.56,23874.99,4298.66,8480.3,846.66,3917.7603,55124.523,3412.5,451008.94,1350.8351
28839.63,557.35004,15304.36,186771.92,22634.691,4325.35,9035.15,694.59,2009.04,50361.96,3412.7,422003.75,1516.3107
11927.7,81.64,189.97,3019.11,849.37006,320.28,91.79,49.32,448.80002,1945.68,3412.8,5238.249,44.538353
13333.62,172.70001,141.3,1734.8501,400.35,105.19,872.69,58.91,1054.68,2399.76,3413.7,3896.2183,29.30003
27908.73,455.30002,160.14,3336.25,1094.29,354.82,2423.53,212.35,2317.9202,4416.72,3413.9,4415.714,15.406227
49543.89,744.18005,19006.42,233608.16,27963.271,4361.46,12413.57,1105.59,5171.7603,66141.24,3414.2,524084.66,1095.8802
30241.2,494.55002,9182.931,112148.24,13415.65,1478.9401,5138.87,386.34,3488.7603,31380.361,3414.7,253210.9,867.22296
88352.85,2229.4001,97872.234,262143.0,138364.11,22152.701,46133.38,3755.17,11355.961,262143.0,3414.9,2698737.2,3166.2905
20254.47,271.61002,6827.93,81676.11,8754.32,1386.31,2901.66,175.36,1413.7201,22785.842,3415.4,188273.92,962.86707
42267.21,778.72003,21931.33,262143.0,33654.52,5264.21,12693.05,1268.62,4824.6,72757.086,3416.0,604736.4,1482.578
67806.06,1392.5901,46390.363,262143.0,67338.875,11030.82,25727.23,2163.23,7669.2,151112.28,3417.5,1279171.9,1955.1774
31141.65,868.21,33557.18,262143.0,47147.1,6477.8203,12080.66,912.42,4792.9204,98986.805,3418.2,925308.56,3080.008
50405.19,1477.37,51029.71,262143.0,75721.1,12965.061,27161.62,2589.3,8528.5205,162778.45,3418.5,1407097.6,2893.655
7041.7803,293.59,1978.2001,25663.22,9504.78,3366.08,11427.17,972.7,2947.56,13841.5205,3419.3,54547.06,802.2241
74109.21,1450.68,52981.223,262143.0,73518.39,12096.851,23559.89,2176.93,9628.08,170608.69,3419.6,1460908.8,2043.0842
49708.32,1040.91,42669.46,262143.0,59225.113,9225.32,15039.86,1333.01,5852.8804,132774.84,3420.0,1176571.4,2453.3533
51860.7,1097.43,37059.85,262143.0,52246.46,8284.891,14797.37,1201.49,5895.12,118571.65,3420.6,1021891.5,2042.2162
59874.27,1248.15,45101.39,262143.0,63655.652,10649.311,23406.45,2167.34,7230.9604,143874.72,3422.8,1243629.6,2152.7668
81885.27,1472.66,48988.71,262143.0,67392.25,10112.37,20732.21,1928.96,8217.0,158615.17,3423.6,1350818.9,1709.5635
18059.46,317.14,1485.2201,19100.621,3692.6401,477.28003,3168.81,346.61002,2538.36,8412.36,3424.0,40953.586,234.1446
32785.082,744.18005,25526.63,262143.0,35056.53,6237.6104,12531.39,1163.13,3652.4402,78508.32,3424.9,703873.5,2225.2104
34874.82,898.04004,40535.832,262143.0,57769.723,9383.891,15064.5205,1417.95,5167.8003,125376.24,3425.2,1117738.5,3322.35
26408.85,1194.77,22708.48,262143.0,49513.09,11073.21,31759.34,2734.52,12253.561,93962.88,3425.6,626165.56,2457.5984
54646.44,654.69,30588.31,262143.0,42099.55,7159.2,12165.6,1256.29,5844.9604,100733.164,3428.3,843444.7,1599.4518
17406.09,211.95001,94.200005,2226.26,557.35004,-54.95,1464.53,147.96,1834.8,2164.8,3429.4,2597.479,14.473861
50161.59,990.67004,42603.52,262143.0,58557.863,8658.55,21006.21,1704.28,5524.2,133495.56,3429.9,1174753.1,2427.4167
42783.992,789.71,30436.021,262143.0,46512.82,7517.16,15300.16,1397.4,5174.4004,99439.56,3430.1,839245.44,2033.0216
54961.38,1058.18,39421.133,262143.0,54681.53,9217.471,17326.39,1604.27,8936.4,126635.52,3431.4,1087001.6,2049.7864
52074.72,860.36005,33230.62,262143.0,46955.562,7350.74,15865.97,1435.76,4986.96,105775.56,3431.8,916304.0,1823.57
11121.21,95.770004,246.49,3601.58,728.48004,196.25,243.86,19.18,811.80005,3222.12,3432.2,6796.7363,62.371834
12957.78,152.29001,73.79,998.52,314.0,87.920006,1013.8,116.45,1420.3201,1026.9601,3434.8,2034.6918,15.282305
96390.78,3270.31,92429.05,262143.0,132145.33,22151.13,47737.65,4204.53,16071.001,262143.0,3434.9,2548646.5,2740.7131
63599.61,1912.26,83120.516,262143.0,117117.3,19626.57,35863.86,3107.16,12701.04,262143.0,3436.1,2291972.2,3735.8252
70730.13,1761.54,75619.055,262143.0,103502.25,18362.72,31163.39,2589.3,10061.04,240617.53,3436.3,2085126.2,3055.8616
13471.08,146.01001,471.00003,5347.4204,1434.9801,221.37001,360.31,32.88,682.44,4090.6802,3437.2,12987.395,98.9695
23000.19,657.83,28445.262,262143.0,40452.62,6408.74,14178.13,1333.01,2472.36,92739.24,3438.4,784352.06,3535.124
33544.59,615.44,24584.63,262143.0,35350.12,5325.44,10540.78,863.1,4057.6802,78124.2,3438.4,677898.7,2094.5122
69679.17,1358.05,58165.363,262143.0,77534.45,12217.74,20689.74,1912.52,8644.681,180257.89,3438.5,1603856.6,2385.7693
44209.05,841.52,35810.133,262143.0,48173.883,6908.0,11312.09,1300.13,6486.4805,115764.01,3438.7,987431.6,2315.0276
3401.7,125.600006,2997.1301,35375.242,4499.62,739.47003,24.66,100.01,316.80002,9610.92,3439.1,82643.125,2518.1765
13110.9,598.17004,14790.971,179540.5,26721.4,5361.5503,17304.47,1391.92,5064.8403,56517.12,3439.3,407847.5,3224.6199
7148.79,346.97,9441.98,112652.21,11713.7705,1453.8201,235.64,50.69,732.60004,29125.8,3440.0,260353.97,3775.4133
22103.22,343.83002,9236.311,114474.984,11950.841,1587.27,1194.64,106.86,2472.36,31274.762,3441.4,254682.81,1193.7911
5631.5103,14.13,12.56,-21.980001,28.26,-20.41,80.83,23.29,54.120003,58.08,3442.1,346.33054,5.376961
12673.29,128.74,72.22,832.10004,722.2,469.43002,231.53,-49.32,447.48,1287.0,3442.8,1991.4005,15.293604
13356.24,144.44,135.02,1956.2201,1238.73,419.19,574.03,10.96,423.72003,2453.8801,3443.3,3723.0532,27.90433
37190.76,678.24005,27756.031,262143.0,39513.76,5438.48,12029.97,945.3,5578.3203,85550.52,3443.8,765347.2,2132.8865
10357.35,105.19,131.88,1813.3501,709.64,290.45,191.8,73.98,312.84003,1527.2401,3444.6,3636.4705,35.406532
36546.96,598.17004,22292.432,262143.0,29195.72,2926.48,6263.64,556.22003,5083.3203,72600.0,3445.5,614693.44,1743.035
17615.76,361.1,221.37001,3210.6501,715.92004,282.6,93.16,19.18,312.84003,2170.08,3445.8,6104.0757,34.93076
62388.57,1136.68,36395.742,262143.0,53059.723,7176.47,21656.96,2048.15,6846.8403,117569.766,3448.3,1003579.3,1666.9943
60021.3,1431.8401,40524.84,262143.0,57182.543,10307.051,21522.7,1850.87,13412.5205,133424.28,3448.6,1117435.4,1929.4781
63009.75,1351.77,69828.89,262143.0,91568.68,12727.99,21828.21,1883.75,6840.24,217595.4,3448.6,1925467.8,3167.6653
33700.32,1205.76,31567.99,262143.0,46591.32,7700.85,17612.72,1676.88,5624.52,106844.766,3448.6,870458.44,2677.3164
43790.582,767.73004,33809.95,262143.0,47368.473,8397.931,14212.38,1174.09,4627.9204,108831.37,3450.6,932278.44,2206.5615
28342.86,486.7,233.93001,3893.6,1059.75,296.73,2271.46,291.81,2558.1602,3409.56,3450.6,6450.406,22.598873
11069.01,491.41,-6.28,434.89,375.23,273.18002,130.15,15.07,269.28,590.04004,3451.1,-173.16527,-2.6221833
21716.07,237.07,656.26,8536.09,2956.31,507.11002,974.07,80.83,1434.8401,6523.4404,3451.6,18095.77,85.40596
60444.992,1559.01,67604.2,262143.0,93268.99,14998.211,28959.06,2422.16,8275.08,213314.66,3454.6,1864124.0,3196.8813
43718.37,825.82,29792.32,262143.0,41112.02,7265.9604,12734.15,1142.58,5349.9604,93762.24,3454.8,821496.0,1947.4504
61978.8,1665.77,65415.62,262143.0,93873.445,14181.811,29027.56,2472.85,10796.28,208941.48,3456.9,1803775.9,3016.7778
11181.24,114.61,117.75001,1450.68,357.96002,84.78001,1078.1901,68.5,1078.4401,1012.44006,3457.2,3246.8486,29.110636
16668.33,450.59003,18511.871,227133.48,31632.361,4763.3804,13186.25,1049.42,3722.4001,64785.6,3459.8,510447.9,3174.464
54863.07,1441.26,49555.48,262143.0,68141.14,12801.78,23602.36,2100.21,9192.48,159004.56,3460.6,1366447.0,2581.62
61309.77,1136.68,46249.062,262143.0,62878.504,10046.431,20671.93,1748.12,7438.2,143795.53,3460.6,1275275.6,2155.8616
54460.26,937.29004,33568.17,262143.0,46938.293,7915.9404,17896.31,1475.49,6522.12,110394.24,3460.9,925611.6,1761.3694
70922.4,2565.3801,100117.336,262143.0,143769.61,23717.99,46582.74,4027.8,17896.56,262143.0,3462.8,2760644.0,4035.2205
16842.33,171.13,7198.45,87293.57,10308.62,1635.9401,3207.17,304.14,2119.9202,22966.682,3463.8,198490.67,1221.041
27701.67,469.43002,16696.951,203121.89,22967.531,3961.11,6599.29,583.62,2599.08,53345.164,3464.6,460403.16,1722.3767
43998.51,1204.1901,35794.43,262143.0,53728.543,8795.141,21362.41,1720.72,6409.9204,122385.125,3465.6,986998.6,2325.0896
58797.21,1174.36,47004.23,262143.0,64641.613,11789.131,22317.3,1750.86,6275.2803,147279.0,3466.3,1296098.6,2284.7524
30836.28,485.13,18521.291,226463.1,23410.271,4110.2603,5499.18,468.54,2447.28,59241.6,3466.4,510707.66,1716.3478
125503.59,5328.58,130892.48,262143.0,219843.97,38772.723,83996.07,7573.36,35205.723,262143.0,3466.9,3609240.2,2980.999
12821.19,157.0,394.07,4625.22,1566.8601,180.55,697.33,23.29,464.64,3392.4001,3467.6,10866.12,86.880806
37692.75,785.0,28760.83,262143.0,41771.42,6363.2104,14147.99,1267.25,3723.7202,95843.88,3469.1,793053.56,2180.6877
28699.56,450.59003,18767.781,227309.31,26820.31,4184.0503,7354.16,543.89,4007.5203,60569.523,3469.6,517504.4,1868.7634
38949.9,631.14,26587.951,262143.0,38290.73,6834.2104,11810.7705,1013.8,3558.7202,83193.0,3471.1,733138.44,1950.765
58602.332,1188.49,45324.332,262143.0,64698.133,10558.25,20907.57,1789.22,5913.6,150105.12,3471.8,1249777.0,2210.3909
25671.09,397.21002,7791.91,94207.85,15279.24,2734.9402,12509.47,924.75,4222.68,31970.4,3472.7,214854.8,866.8579
64068.54,2165.03,65136.164,262143.0,97864.38,16736.201,29150.86,2627.66,8778.0,209322.97,3473.6,1796070.1,2905.8748
56408.19,736.33,32951.16,262143.0,46996.383,8355.54,14019.21,1302.87,5874.0,105886.445,3473.8,908598.1,1669.235
29317.26,514.96,12811.2,156657.75,17226.041,3541.9202,5962.24,527.45,3773.8801,44305.8,3475.1,353257.12,1248.4401
5600.19,1701.88,40.82,1767.8201,3199.6602,1813.3501,252.08,32.88,88.44,10029.36,3476.9,1125.5741,19.841032
63665.73,1701.88,66808.21,262143.0,95738.6,13512.99,30279.74,2490.66,6766.3203,217434.38,3477.2,1842175.2,2999.3582
10581.81,378.37003,213.52,4538.87,3556.05,701.79004,584.99,190.43001,894.96,5439.72,3477.9,5887.6187,56.693596
29894.07,676.67004,34114.53,262143.0,49001.273,7534.43,15860.49,1302.87,5574.3604,108651.84,3478.7,940677.0,3261.897
55328.52,976.54004,45514.3,262143.0,65649.555,10996.28,22989.97,2085.14,5887.2,147350.28,3478.9,1255015.2,2351.057
31973.371,536.94,193.11,3567.04,1012.65,580.9,2163.23,224.68001,3352.8,5076.72,3480.2,5324.8315,16.268925
35693.49,858.79004,25407.31,262143.0,34218.152,5867.0903,9325.59,939.82,4676.7603,80930.52,3480.3,700583.4,2034.2544
22178.91,532.23004,21596.92,260795.84,33006.11,5834.12,12099.84,1201.49,2828.76,70721.64,3480.9,595515.3,2783.2012
25717.2,342.26,174.27,3198.09,1526.04,580.9,2649.58,231.53,2013.0001,4135.56,3481.1,4805.336,18.375278
52615.86,1160.23,50910.39,262143.0,70739.49,8749.61,23916.09,2281.05,8194.561,160743.0,3481.8,1403807.5,2765.5515
6684.21,91.060005,-25.12,-32.97,-15.700001,-67.51,28.77,-8.22,-31.68,-174.24,3482.2,-692.6611,-11.7453
80665.53,1656.3501,57777.57,262143.0,80526.875,11112.46,20984.291,1701.54,9031.44,181985.77,3483.4,1593163.6,2046.9543
16678.77,266.9,133.45,1378.4601,645.27,1.57,1308.35,217.83,1359.6001,2766.7202,3483.7,3679.7615,21.877235
12247.86,193.11,36.11,394.07,1081.73,342.26,172.62,108.23,114.840004,1382.04,3484.1,995.70026,7.429781
39256.14,1609.25,59050.844,262143.0,83841.14,12470.511,21167.87,1785.11,5220.6,188790.38,3484.2,1628273.0,4299.9805
7642.08,80.07,34.54,921.59,343.83002,124.03001,317.84,-10.96,640.2,792.00006,3484.7,952.40894,11.922894
96706.59,2174.45,92604.88,262143.0,127567.21,22573.46,41991.87,3357.87,12342.001,262143.0,3485.2,2553495.0,2736.9583
20155.291,463.15002,343.83002,4279.8203,1301.53,467.86002,198.65,95.9,460.68002,2637.36,3485.5,9480.798,47.775723
60107.43,2708.25,94402.53,262143.0,136002.83,21574.941,46530.68,4156.58,16503.96,262143.0,3486.1,2603063.5,4489.601
15615.63,196.25,246.49,3394.34,1248.15,565.2,282.22,54.8,681.12006,3607.56,3487.5,6796.7363,44.13244
40876.082,723.77,28922.541,262143.0,40063.26,5675.5503,10017.44,748.02,4283.4004,91350.6,3488.5,797512.6,2022.0946
19576.74,188.40001,8379.09,105314.03,12884.99,1449.1101,3957.93,419.22,1809.7201,28405.082,3488.6,231045.73,1222.7859
29052.78,518.10004,25520.352,262143.0,37458.633,6614.41,14017.84,1441.24,6372.9604,84250.32,3490.0,703700.4,2510.5854
44644.92,659.4,24394.66,262143.0,38050.52,6683.49,13875.36,1102.85,6351.8403,80688.96,3490.5,672660.44,1561.3262
77807.58,2008.03,69098.84,262143.0,98749.87,16596.47,29519.39,2730.41,15391.2,227240.66,3491.3,1905337.4,2538.2056
30167.25,786.57,32937.03,262143.0,46186.26,8032.12,16287.93,1439.87,5372.4004,104907.01,3492.0,908208.5,3120.7473
11274.33,277.89,1552.7301,19679.951,6738.4404,2031.5801,9811.94,935.71,1940.4,11117.04,3492.0,42815.113,392.78052
35504.7,678.24005,28826.771,262143.0,40513.85,5848.25,9811.94,913.79,4675.4404,90310.445,3492.0,794871.9,2320.449
31774.14,521.24,15133.23,185413.86,21047.42,3303.28,7687.07,638.42,3467.6401,50941.44,3494.7,417285.0,1360.7797
37773.66,475.71002,18736.38,225791.12,26010.191,4116.54,6977.41,587.73,3355.4402,60062.64,3495.8,516638.56,1417.2266
7565.52,255.91,3001.84,38344.11,9575.431,2176.02,11438.13,989.14,3451.8,15804.36,3496.4,82772.99,1133.4823
32913.84,620.15,18796.041,228639.11,26583.24,4472.93,8837.87,601.43,4532.8804,60230.28,3496.8,518283.62,1631.8143
117283.83,5388.24,196556.16,262143.0,262143.0,45608.5,94849.21,7391.15,31805.4,262143.0,3496.8,5419856.0,4790.787
16904.97,241.78001,5788.5903,70934.17,8079.22,1788.2301,3109.9,226.05,1312.0801,19295.762,3498.4,159615.08,978.05566
3678.36,9.42,-43.960003,-39.25,-9.42,-25.12,-54.8,1.37,30.36,266.64,3498.6,-1212.1569,-35.17059
41141.43,747.32,35067.52,262143.0,49819.242,6636.39,13262.97,1012.43,4791.6,111512.28,3499.5,966954.75,2436.1072
98401.35,4973.7603,172937.08,262143.0,242039.06,34871.27,70307.03,6099.24,29917.8,262143.0,3500.9,4768581.5,5023.9995
16772.73,172.70001,282.6,2877.81,1116.27,50.24,124.67,6.85,369.6,2571.36,3501.3,7792.4365,47.17452
48422.46,764.59,24790.3,262143.0,32571.22,5523.2603,7259.63,505.53,4460.2803,79390.086,3502.2,683569.9,1462.8074
174144.42,8325.71,262143.0,262143.0,262143.0,69423.836,134247.67,12294.38,49620.12,262143.0,3502.5,7228353.5,4303.0537
47360.19,1731.7101,62165.723,262143.0,84255.625,13056.12,21213.08,2008.42,9597.721,195700.56,3503.0,1714162.9,3752.0688
111446.13,3860.6301,138530.53,262143.0,191602.81,30629.13,61656.85,5619.74,31248.361,262143.0,3503.8,3819852.8,3553.0989
56625.69,963.98004,39516.902,262143.0,57129.16,7360.16,15446.75,1443.98,5802.72,125223.125,3505.1,1089642.4,1994.3466
53992.2,1441.26,32827.133,262143.0,50236.863,9311.67,24836.73,2118.02,8475.721,112770.24,3507.2,905178.2,1737.4049
27225.78,516.53,16309.16,197664.58,22088.33,3328.4001,4966.25,431.55,3256.4402,50959.92,3508.1,449710.2,1711.7748
52160.85,872.92004,34056.44,262143.0,46605.453,7003.77,11344.97,902.83,6978.8403,106760.28,3508.1,939075.2,1865.8248
35839.65,634.28,23995.88,262143.0,33522.64,4973.7603,9588.63,860.36,4110.48,78186.24,3508.2,661664.44,1913.3525
33314.04,1177.5,51805.293,262143.0,76019.41,11195.67,23703.74,2142.68,6469.3203,165134.64,3508.7,1428483.6,4445.2705
20066.55,315.57,9305.391,111685.09,12082.721,1786.66,3725.03,256.19,2092.2002,31173.121,3511.2,256587.64,1324.9004
30804.96,496.12003,285.74002,4581.2603,1701.88,477.28003,2209.81,109.6,3248.52,4004.8801,3511.2,7879.0195,25.52158
53399.73,849.37006,522.81,9071.46,3041.09,899.61005,5497.81,406.89,6292.4404,9497.4,3512.0,14416.008,26.993284
96387.3,3234.2002,170896.08,262143.0,241108.05,35221.383,74821.18,6617.1,27747.72,262143.0,3513.4,4712303.0,5068.455
14204.49,202.53001,-84.78001,-174.27,-18.84,18.84,-16.44,1.37,33.0,9.240001,3514.0,-2337.7312,-18.065413
23143.74,628.0,22838.791,262143.0,34188.32,5981.7,12027.23,1041.2,4205.52,73219.086,3514.3,629758.75,2820.5552
88363.29,1361.1901,57906.312,262143.0,84335.695,13423.5,30278.37,2545.46,13036.32,189532.2,3515.5,1596713.6,1872.7129
27384.99,901.18005,31186.48,262143.0,45131.223,6528.06,13956.19,1115.18,3846.4802,97517.64,3515.7,859938.7,3255.1377
15571.26,343.83002,830.53,11520.66,4892.12,1359.62,7591.17,774.05,2344.32,9078.96,3516.3,22901.105,151.50377
18696.3,299.87,216.66,2527.7002,791.28,69.08,801.45,134.26,1921.92,3294.7202,3517.1,5974.201,32.13386
42713.52,692.37,26184.46,262143.0,37799.32,6003.68,11766.93,1086.41,4303.2,85974.24,3518.3,722012.56,1751.7794
30631.83,3201.2302,83508.305,262143.0,138830.39,23353.75,54146.51,4568.95,15157.561,262143.0,3519.2,2302665.0,7793.813
67450.23,2026.8701,68602.72,262143.0,97217.55,16323.291,33380.05,2931.8,11509.08,220067.77,3520.0,1891657.2,2907.084
7916.13,183.69,84.78001,898.04004,321.85,10.990001,315.1,-5.48,603.24005,905.52,3521.2,2337.7312,29.621716
16253.34,229.22,12.56,1337.64,599.74,-12.56,857.62,35.62,1243.4401,2282.28,3521.4,346.33054,1.2095103
30381.27,425.47,20289.111,247033.23,30021.541,5407.08,9050.22,737.06,4284.72,67376.766,3522.1,559453.7,1908.4403
70971.99,1238.73,53811.75,262143.0,69764.52,10837.71,16949.64,1480.97,9625.44,168553.45,3522.7,1483809.8,2166.8994
29433.84,461.58002,5612.75,69602.81,8046.2505,763.02,2200.22,223.31,3424.08,20354.4,3523.0,154766.45,544.22754
34105.74,392.5,19631.281,242442.55,27770.16,5369.4004,8366.59,749.39,3412.2002,63373.203,3523.5,541314.6,1644.7739
36459.96,621.72003,28822.06,262143.0,40501.293,5595.48,11125.7705,1001.47003,4167.24,91680.6,3526.4,794741.94,2259.2568
14984.88,158.57,138.16,1375.3201,607.59,303.01,915.16,64.39,2218.9202,2080.32,3528.1,3809.6357,25.361982
29486.041,524.38,17097.3,209230.77,22843.5,3604.7202,7330.87,572.66,2690.1602,54461.883,3528.4,471442.44,1656.9067
108683.88,3695.78,136403.17,262143.0,189731.36,31148.8,56068.62,4918.3,17747.4,262143.0,3528.4,3761192.8,3587.4617
84358.68,2212.1301,91206.016,262143.0,122056.516,19915.451,22922.84,2090.62,10619.4,262143.0,3528.6,2514922.5,3090.311
13183.11,227.65001,-7.8500004,1182.2101,536.94,94.200005,578.14,13.7,863.28,1830.8401,3532.9,-216.45657,-2.7025535
59170.44,1304.67,33794.25,262143.0,54048.82,8760.601,28191.86,2171.45,7283.7603,116414.766,3533.7,931845.5,1632.003
80494.14,1511.91,82870.88,262143.0,113688.414,17799.09,30622.24,2637.25,10917.721,258446.77,3535.0,2285088.8,2942.6536
97448.7,3033.24,116483.016,262143.0,163554.75,27245.781,49063.81,4453.87,18469.441,262143.0,3537.7,3211912.5,3416.7124
71903.76,1266.99,38067.793,262143.0,55870.023,8906.61,19889.66,1909.78,9921.12,124646.28,3539.1,1049684.6,1512.7534
78705.42,3483.83,116082.664,262143.0,161220.17,26870.55,50943.45,4282.62,17293.32,262143.0,3540.2,3200873.2,4216.0786
24816.75,364.24002,14767.421,180279.97,20683.182,2659.58,5267.65,446.62,2414.28,47108.16,3540.2,407198.12,1700.409
38578.41,728.48004,14762.711,183280.23,22047.51,2832.28,7855.58,713.77,5716.9204,50339.523,3541.6,407068.25,1093.1346
93650.28,3662.81,150743.56,262143.0,207959.06,32142.611,61096.52,5374.5103,26356.441,262143.0,3541.7,4156615.8,4601.34
43929.78,1058.18,38271.89,262143.0,63974.363,9679.051,24477.791,2182.41,8281.681,132653.4,3541.8,1055312.4,2489.9778
44063.76,894.9,31200.611,262143.0,42167.062,6458.98,12624.55,1011.06,4352.04,97392.24,3544.7,860328.3,2023.5593
22351.17,452.16,80.07,1340.78,1106.8501,604.45,215.09,43.84,603.24005,1958.8801,3545.6,2207.857,9.242796
64169.46,1191.63,42671.03,262143.0,61175.05,9269.28,19373.17,1542.62,6799.3203,135966.61,3546.2,1176614.6,1900.3134
59927.34,1040.91,45310.203,262143.0,61961.62,9440.41,15449.49,1393.29,6276.6,141420.84,3546.3,1249387.4,2160.8223
71733.24,1372.18,72105.39,262143.0,104114.555,17995.34,33991.07,3382.53,9907.92,230885.17,3546.8,1988240.1,2873.0627
30903.27,535.37,16659.271,199851.6,21953.31,2789.8901,5558.09,449.36002,2255.8801,53659.32,3547.2,459364.16,1540.3474
3739.26,47.100002,-17.27,54.95,-20.41,14.13,-16.44,-1.37,-33.0,84.48,3548.1,-476.20447,-14.205525
13732.08,320.28,4923.52,62675.973,11236.49,1631.2301,8598.12,811.04,4457.64,22487.521,3549.2,135761.56,1024.1522
68044.44,1537.03,78269.21,262143.0,106099.03,16566.64,25692.98,2305.71,9362.761,244049.53,3549.2,2158202.0,3287.8748
21534.24,505.54,665.68,7644.33,1579.42,617.01,368.53,42.47,516.12,4132.92,3549.7,18355.518,87.3863
49784.01,1058.18,39361.473,262143.0,54389.51,7893.9604,12416.31,1057.64,5621.8804,125110.92,3551.0,1085356.6,2259.635
32108.22,538.51,20279.691,246240.38,27570.771,4443.1,9650.28,869.95,2919.84,64113.723,3552.3,559193.94,1804.9017
19012.11,259.05002,130.31,2201.1401,1012.65,42.390003,1335.75,10.96,1714.68,3020.1602,3554.6,3593.179,18.59731
57701.88,2325.1702,69572.984,262143.0,95721.336,15051.591,31537.4,2796.17,12212.641,222534.84,3555.4,1918411.4,3446.4634
56747.492,929.44,33318.543,262143.0,44782.68,7441.8003,11994.35,823.37,5801.4004,106828.92,3555.8,918728.3,1677.7588
24500.07,489.84003,1168.0801,16990.541,8226.8,3140.0,6174.59,668.56,3105.9602,14209.801,3556.0,32208.74,135.31834
142214.55,5137.04,161537.31,262143.0,232366.28,37320.473,94664.26,8154.24,37018.082,262143.0,3556.8,4454243.5,3246.714
8926.2,266.9,130.31,1836.9,546.36005,7.8500004,72.61,-24.66,163.68001,1272.4801,3557.0,3593.179,40.740738
17856.75,227.65001,106.76,1373.75,692.37,138.16,1346.71,117.82,1663.2001,1848.0001,3558.1,2943.8093,16.09445
18062.94,438.03003,785.0,9355.63,1434.9801,538.51,50.69,-21.92,351.12003,4180.44,3559.0,21645.656,123.259674
27523.32,309.29,70.65,2394.25,1185.3501,94.200005,2533.1301,194.54,4436.52,4291.3203,3559.0,1948.1091,6.339396
56010.6,1088.01,31286.96,262143.0,48605.633,8211.101,19499.21,1667.29,8261.88,107013.73,3559.4,862709.3,1596.1368
37530.93,954.56006,52103.59,262143.0,70502.42,11936.71,18079.89,1765.93,5574.3604,160398.48,3559.5,1436708.9,3968.4224
57989.85,2292.2002,81928.88,262143.0,117503.516,18957.75,38976.5,3274.3,11667.48,259518.61,3559.6,2259114.0,4038.5598
68730.87,1449.1101,70926.32,262143.0,95755.875,15225.86,25147.72,2179.67,8916.601,223377.02,3559.7,1955728.4,2949.561
110092.414,3821.3801,116715.375,262143.0,165047.83,26779.49,59268.94,5518.36,22752.842,262143.0,3560.6,3218319.8,3030.2356
33537.63,855.65,37951.61,262143.0,52342.23,7882.97,15639.92,1156.28,6527.4004,120368.164,3560.9,1046480.94,3234.5405
30905.01,522.81,138.16,3449.29,1321.9401,320.28,2811.24,298.66,2240.04,4635.8403,3561.2,3809.6357,11.782107
39460.59,695.51,14150.41,171712.47,19926.441,2055.1301,3357.87,228.79,8387.28,51301.8,3561.4,390184.62,1024.3083
15275.46,229.22,54.95,1918.54,441.17,4.71,942.56,60.28,1688.28,2442.0,3561.9,1515.196,9.285429
49433.4,865.07,36312.53,262143.0,47158.09,8110.62,11072.34,1048.05,7700.8804,114834.73,3562.5,1001284.8,2099.318
134440.23,4644.06,162163.73,262143.0,239076.47,41231.34,88781.48,7952.85,32039.041,262143.0,3563.1,4471516.5,3447.843
11248.23,87.920006,152.29001,1047.1901,481.99002,193.11,-16.44,52.06,359.04,1478.4,3563.3,4199.258,37.711163
57371.28,890.19,22524.791,262143.0,33076.76,5501.2803,14393.22,1256.29,5481.9604,75944.88,3563.9,621100.5,1121.5746
24098.13,238.64001,833.67004,12622.801,3846.5002,979.68005,1924.85,143.85,4014.12,8143.0806,3564.9,22987.69,97.914474
27951.36,194.68001,244.92001,3326.83,1623.38,114.61,241.12,80.83,1156.3201,4637.16,3568.1,6753.4453,24.05361
27843.48,701.79004,28369.9,262143.0,39931.383,5782.31,13309.55,964.48,5632.4404,93042.84,3568.2,782274.06,2912.287
33940.44,558.92004,15434.671,188858.45,21460.33,3372.36,5588.23,487.72,3900.6,51886.562,3568.6,425596.94,1299.2561
71206.02,1530.75,52792.82,262143.0,74783.81,13401.5205,25935.47,2222.14,12353.881,172992.61,3570.3,1455713.8,2118.8596
26158.291,438.03003,135.02,2753.78,2373.84,1188.49,376.75,104.12,871.2,3990.36,3570.7,3723.0532,13.758348
74232.75,1425.56,35596.61,262143.0,49473.84,6995.9204,15816.65,1294.65,7641.4805,115225.445,3571.6,981543.94,1370.0778
55027.5,948.28,45062.14,262143.0,63985.35,9616.25,18423.76,1409.73,7361.64,141412.92,3571.9,1242547.2,2340.4292
93639.84,5050.69,198441.73,262143.0,262143.0,50440.96,96637.06,8496.74,34578.723,262143.0,3573.9,5471849.5,6058.284
58531.86,898.04004,39248.43,262143.0,58100.992,10927.2,20385.6,1761.82,7798.5605,128397.73,3574.1,1082239.5,1916.251
18608.43,481.99002,91.060005,1607.68,1069.17,412.91,278.11002,84.94,497.64,2535.7202,3575.3,2510.8962,12.991585
39698.97,573.05005,17441.13,211701.95,22763.432,3026.9602,7317.17,600.06,3863.6401,56383.8,3575.5,480923.22,1255.1583
50548.742,935.72003,37311.05,262143.0,53276.383,8674.25,16187.92,1553.58,6911.5205,118607.28,3575.5,1028818.1,2109.455
61479.42,1208.9,45757.652,262143.0,62738.773,9383.891,14817.92,1630.3,7509.4805,146912.05,3577.0,1261725.4,2127.0554
44826.75,832.10004,26212.72,262143.0,37072.41,6041.3604,10354.46,1041.2,4309.8003,84860.164,3577.3,722791.8,1670.9523
57340.832,1103.7101,47924.25,262143.0,67668.57,11021.4,22580.34,1845.39,7527.9604,151104.36,3577.6,1321467.4,2388.6833
32477.97,599.74,17948.24,221837.88,25664.791,4168.35,8726.9,679.52,3474.2402,57057.004,3577.8,494906.3,1579.0906
49891.89,985.96,37019.03,262143.0,50210.17,9116.99,16570.15,1357.67,7488.3604,125407.92,3579.2,1020765.94,2120.5051
63971.1,1157.0901,45610.07,262143.0,64007.332,9380.75,15776.92,1637.15,9490.801,144873.97,3581.6,1257656.0,2037.5713
21052.26,277.89,8397.931,102813.02,11509.67,1403.5801,3871.62,428.81,2121.24,26881.8,3581.7,231565.25,1139.5715
21300.21,383.08002,9566.011,118210.016,12883.421,1742.7001,4385.37,413.74,1796.52,31724.88,3582.3,263774.0,1283.0916
15841.83,340.69,339.12003,4119.68,959.27,332.84,120.56,-46.58,320.76,1956.2401,3582.7,9350.925,60.206436
59834.25,1836.9,65019.98,262143.0,94727.52,17535.33,31583.98,2742.74,10813.44,208872.84,3583.8,1792866.5,3106.034
75672.6,2841.7002,121393.98,262143.0,168707.5,24958.291,41813.77,3641.46,14572.801,262143.0,3584.0,3347327.8,4585.775
35614.32,491.41,8146.7305,99191.03,11365.23,1243.4401,4183.98,480.87,3833.2803,29545.56,3585.3,224638.64,653.0451
8674.7705,131.88,-4.71,577.76,232.36,61.230003,730.21,-2.74,686.4,935.88007,3585.8,-129.87395,-2.5524297
43056.3,825.82,175.84001,6016.24,6663.08,1923.2501,3141.41,384.97,16473.602,19067.4,3587.7,4848.6274,10.676965
3525.24,194.68001,3976.81,47574.14,5038.1304,1070.74,6.85,50.69,377.52002,13074.601,3588.1,109656.9,3224.4858
75474.24,1640.65,51770.75,262143.0,74215.47,12038.761,20693.85,1837.17,10330.32,168508.56,3589.0,1427531.1,1960.2579
39129.12,1017.36005,11388.78,140472.61,20738.13,4202.89,9639.32,698.7,4407.48,44452.32,3589.8,314035.2,831.1969
9998.91,50.24,39.25,-21.980001,50.24,67.51,2.74,79.46,-113.520004,-25.080002,3590.0,1082.2828,10.223699
22329.42,353.25,15428.391,186197.3,22312.84,4680.17,8958.43,650.75,2292.84,50534.883,3590.6,425423.75,1974.5687
78453.99,2337.73,78275.49,262143.0,115519.03,16376.671,43944.12,3926.42,15293.5205,257121.48,3591.1,2158375.0,2851.7239
39282.24,671.96,324.99002,4576.5503,1420.8501,452.16,2922.21,221.94,3748.8,6593.4004,3591.8,8961.303,22.654993
28547.31,744.18005,42912.812,262143.0,55367.62,9847.04,13301.33,1171.35,3721.08,134291.53,3593.3,1183281.5,4297.043
15741.78,271.61002,94.200005,1978.2001,425.47,194.68001,943.93,91.79,1367.52,1696.2001,3594.2,2597.479,16.109844
15934.92,536.94,2464.9001,31409.422,9583.28,2744.36,13682.19,1131.62,4311.12,20684.4,3594.2,67967.37,441.2812
55850.52,1494.64,77394.72,262143.0,104717.43,16211.82,25973.83,2423.53,7208.5205,243859.45,3594.6,2134088.5,3961.17
60138.75,1442.8301,51880.652,262143.0,75342.734,10834.57,25919.03,2533.1301,10932.24,169626.61,3594.7,1430561.5,2465.6074
107256.21,3444.58,108589.055,262143.0,165991.39,26730.82,66255.94,6056.77,22834.682,262143.0,3595.6,2994243.8,2893.7603
16257.69,252.77,95.770004,1467.9501,618.58,31.400002,971.33,71.24,1190.64,1900.8,3596.1,2640.7703,15.843008
14002.65,43.960003,386.22,5772.89,1185.3501,321.85,130.15,-9.59,854.04004,3775.2002,3596.4,10649.663,77.86304
48840.06,863.5,31045.182,262143.0,46275.75,7129.37,14727.5,1127.51,5628.48,101452.56,3598.7,856042.5,1816.469
53709.45,989.10004,36984.492,262143.0,52541.62,7895.5303,17789.45,1619.34,6316.2,119565.6,3599.3,1019813.56,1967.8741
24158.16,295.16,14065.631,171148.84,18744.23,2593.6401,4103.15,301.4,1990.56,43985.043,3599.6,387846.9,1663.7322
14420.25,255.91,3416.32,41388.34,3893.6,533.8,1287.8,21.92,1032.24,10501.921,3600.1,94201.9,676.38367
98387.43,3918.7202,143100.8,262143.0,204067.03,33210.21,67261.52,5586.86,27483.72,262143.0,3602.2,3945873.5,4157.641
22338.121,547.93,326.56,4909.39,1518.1901,271.61002,356.2,-21.92,386.76,3047.8801,3602.6,9004.593,40.798946
57908.94,1946.8,83844.28,262143.0,114674.375,19435.031,29281.01,2437.23,9900.0,253333.1,3605.4,2311929.2,4138.7754
59356.62,1356.4801,57477.703,262143.0,81404.5,13662.141,25312.12,2198.85,8738.4,185895.61,3605.7,1584895.1,2767.7212
10206.84,56.52,76.93,595.03,370.52002,287.31,53.43,15.07,245.52,1019.04004,3608.0,2121.2744,20.550306
56751.84,1066.03,51353.133,262143.0,74174.66,11157.99,22528.28,1789.22,7029.0005,158446.2,3608.3,1416015.6,2586.2356
54732.57,1034.63,27443.602,262143.0,39699.02,5901.6304,12817.72,1260.4,7663.9204,92066.05,3608.3,756732.2,1432.6536
38220.84,733.19,24846.82,262143.0,36011.09,4845.02,12036.82,1093.26,3879.4802,80529.24,3608.6,685128.3,1857.7439
69539.1,2428.79,102717.25,262143.0,147058.77,24082.23,42554.94,3760.65,13830.961,262143.0,3609.7,2832334.2,4222.4106
41112.72,935.72003,35043.973,262143.0,46792.28,7941.06,13343.8,1237.11,4786.3203,107253.96,3609.7,966305.5,2436.1716
13954.8,160.14,103.62,1152.38,400.35,365.81,690.48,84.94,1148.4,1429.56,3609.9,2857.2268,20.230928
29312.91,585.61005,27393.361,262143.0,38055.23,6491.95,12488.92,1157.65,4280.7603,85714.2,3611.6,755346.9,2670.9934
8061.42,368.95,8488.99,101238.31,11335.4,2248.24,195.91,41.1,739.2,29755.441,3612.4,234076.14,3009.8801
13036.08,288.88,218.23001,2869.9602,745.75,131.88,52.06,80.83,141.24,1701.4801,3612.6,6017.493,46.864822
56967.6,1249.7201,48632.32,262143.0,65869.35,8644.42,15742.67,1445.35,5728.8003,151402.69,3612.7,1340991.8,2439.878
57824.55,1792.9401,60407.32,262143.0,88664.18,14940.12,30142.74,2856.45,9115.92,190953.84,3612.9,1665676.6,2985.9387
142941.88,4658.19,149539.36,262143.0,221202.02,34638.91,63065.21,5741.67,27120.72,262143.0,3613.9,4123411.0,2990.197
14534.22,171.13,53.38,1513.4801,514.96,128.74,895.98,63.02,865.92004,1725.2401,3616.1,1471.9047,9.501125
29604.36,1091.15,23099.41,262143.0,37711.402,7477.91,17830.55,1653.59,5318.2803,78990.125,3617.1,636945.1,2229.9724
53625.93,984.39,25110.58,262143.0,37797.75,6267.4404,13890.43,1041.2,5256.24,83148.125,3618.0,692401.25,1337.8468
11778.93,120.89001,40.82,9.42,-45.530003,-34.54,-36.99,0.0,330.0,170.28001,3618.6,1125.5741,8.908688
33958.71,455.30002,12696.591,153169.2,17562.021,2706.6802,8211.78,735.69,5372.4004,43437.242,3619.1,350096.88,1068.0177
148690.83,5582.9204,195713.06,262143.0,262143.0,42784.07,77125.52,6718.48,36804.242,262143.0,3619.3,5396608.5,3762.4368
18982.53,226.08,135.02,2260.8,618.58,149.15001,1083.67,83.57,2023.56,2947.56,3620.8,3723.0532,19.337288
51805.02,1216.75,41484.113,262143.0,62308.594,11757.73,19638.95,1538.51,8524.561,137394.84,3623.3,1143886.5,2288.5967
33552.42,745.75,3518.37,43159.3,5749.3403,1981.3401,220.57,28.77,1272.4801,14436.841,3623.4,97015.836,298.82416
62217.18,1962.5001,61005.492,262143.0,91201.305,14318.4,38694.28,3200.32,16237.32,207263.77,3623.5,1682170.6,2802.5457
11835.48,100.48,346.97,4656.62,1472.66,602.88,1132.99,153.44,693.0,3203.6401,3625.2,9567.381,82.82143
32821.62,573.05005,219.8,3700.4902,1656.3501,698.65,2605.74,312.36002,3657.7202,5600.7603,3626.0,6060.784,18.147703
34717.35,499.26,353.25,5749.3403,1516.62,326.56,3509.94,337.02,3764.6401,4675.4404,3626.6,9740.546,28.092737
8276.31,394.07,1004.80005,14051.5,5989.5503,1009.51,9879.07,945.3,4082.7603,10706.5205,3628.3,27706.441,346.1298
57389.55,1153.9501,42576.832,262143.0,58791.793,10577.091,19412.9,1782.37,6045.6,136992.25,3628.5,1174017.2,2120.2385
32814.66,1508.77,993.81006,19840.09,17320.24,6551.6104,3345.54,1075.45,4703.16,24049.08,3629.0,27403.402,85.59334
105869.43,1885.5701,76939.42,262143.0,105510.28,17543.18,27145.18,2296.12,13504.921,248253.73,3630.6,2121534.2,2076.9128
76129.35,2752.2102,94733.805,262143.0,140874.53,22494.96,51336.64,4714.17,17886.0,262143.0,3631.3,2612198.0,3556.9663
48674.76,756.74005,37523.0,262143.0,52191.51,8060.3804,15960.5,1391.92,6664.68,123210.125,3632.5,1034662.4,2203.158
64115.52,1205.76,30418.752,262143.0,48502.01,7964.6104,21551.47,1972.8,10021.44,105045.6,3633.8,838769.25,1355.5232
58700.64,1081.73,35182.133,262143.0,49547.633,6696.0503,16723.59,1659.07,5884.56,112945.805,3634.4,970115.1,1712.6746
75653.46,1527.6101,59460.613,262143.0,88398.85,13571.08,29004.27,2794.8,14440.801,194887.45,3634.5,1639572.0,2246.2405
44982.48,811.69,34795.91,262143.0,49765.863,8416.7705,15070.0,1194.64,7348.4404,112568.28,3634.8,959465.4,2210.7385
17082.45,213.52,125.600006,2221.55,704.93005,124.03001,861.73,57.54,1452.0,2204.4001,3635.2,3463.3052,20.022701
77009.79,2637.6,95569.05,262143.0,134936.8,20859.021,41656.22,3848.33,16918.441,262143.0,3636.0,2635229.0,3547.2998
32915.582,516.53,18023.602,219167.3,24243.941,3959.54,5663.58,495.94,2976.6,57817.324,3636.9,496984.3,1564.6295
41465.07,1135.11,36778.82,262143.0,53157.062,8240.931,21117.18,1745.38,11045.761,129468.24,3637.3,1014142.3,2535.0884
58481.4,1499.3501,32823.992,262143.0,54337.703,10000.9,30989.4,2705.75,8677.681,114544.33,3637.5,905091.56,1603.8064
11385.69,117.75001,78.5,788.14,549.5,276.32,56.170002,83.57,323.40002,1795.2001,3639.1,2164.5657,18.713297
16318.59,120.89001,427.04,5319.16,1477.37,535.37,146.59,10.96,679.80005,4412.7603,3640.3,11775.237,73.82297
33987.42,580.9,21612.621,262143.0,29655.73,3799.4001,10138.0,900.09,3702.6,70745.41,3640.6,595948.25,1817.1855
58748.492,1174.36,52430.152,262143.0,76864.06,12884.99,25027.16,2249.54,8904.721,170917.56,3641.5,1445713.5,2550.7222
51948.57,1340.78,56223.273,262143.0,84560.2,15514.74,30359.2,2582.45,9808.92,180873.0,3642.5,1550305.4,3093.5073
64383.48,1654.78,51285.62,262143.0,74287.695,11927.29,30450.99,2730.41,9552.841,169323.0,3643.2,1414154.1,2276.562
43298.16,1048.76,41680.363,262143.0,57394.492,10101.38,16063.25,1561.8,4975.08,129766.56,3644.4,1149297.9,2751.3967
72223.05,1687.75,10066.841,120803.66,14915.001,2607.77,1367.26,220.57,2933.04,39597.363,3644.6,277583.94,397.53494
22585.2,303.01,791.28,10451.49,4374.02,1436.55,7380.19,564.44,1543.0801,7609.8003,3644.8,21818.822,99.17406
22797.48,259.05002,5995.83,73460.305,7776.2104,1144.53,1675.51,130.15,3235.32,21077.762,3645.2,165329.53,750.98895
31391.34,789.71,24572.07,262143.0,36153.96,6298.8403,12950.61,1145.32,6293.7603,80634.84,3645.3,677552.4,2237.1074
24623.61,372.09003,11771.86,145290.94,15805.19,3089.76,5240.25,517.86,3281.52,39330.723,3645.9,324598.28,1365.9177
42706.56,821.11005,35320.293,262143.0,48938.473,7192.1704,16271.49,1404.25,4631.8804,112610.52,3646.4,973924.75,2363.7144
40284.48,660.97003,6614.41,80194.03,9024.36,1235.5901,1443.98,178.1,4538.16,22222.201,3646.8,182386.31,468.46408
50085.03,1073.88,35585.62,262143.0,51160.023,7054.0103,16131.75,1612.49,6540.6,115756.086,3647.8,981240.94,2030.4943
33512.4,800.7,37450.78,262143.0,55435.133,8413.63,16856.48,1431.65,9061.801,122865.6,3647.8,1032671.06,3194.2466
22209.36,312.43002,8925.45,109182.516,11947.7,1786.66,3101.68,279.48,2365.4402,28977.96,3648.7,246111.12,1148.061
52368.78,571.48004,26611.5,262143.0,37975.16,5950.3003,12405.35,1269.99,5664.12,87398.52,3649.3,733787.75,1451.934
6397.11,186.83,419.19,5239.0903,2070.83,645.27,3270.19,265.78,843.48004,3862.32,3651.4,11558.781,186.35966
133985.22,2976.7202,86623.18,262143.0,132333.73,22634.691,54942.48,4929.2603,22764.72,262143.0,3652.8,2388555.0,1847.5288
139510.6,6535.91,191161.64,262143.0,262143.0,42360.17,87984.14,8010.39,68138.41,262143.0,3654.9,5271107.5,3916.8027
22463.4,260.62,10947.61,134963.48,15095.551,2400.53,5323.82,457.58,1883.64,35827.44,3655.9,301870.34,1392.4546
40368.0,905.89,23623.791,262143.0,30547.49,4441.5303,7703.5103,645.27,4243.8003,74494.2,3656.4,651404.44,1672.2521
54505.5,1077.02,32803.582,262143.0,49629.273,7432.3804,15245.36,1413.84,7574.16,109523.05,3656.7,904528.75,1719.7981
12320.94,158.57,-31.400002,942.00006,475.71002,109.9,1346.71,158.92,1030.92,1746.3601,3659.4,-865.8263,-8.286766
15268.5,149.15001,274.75,4713.14,1716.01,560.49,1363.15,186.32,927.96,3195.7202,3661.5,7575.98,50.450584
66420.15,1229.31,43781.02,262143.0,61245.703,10468.761,20934.97,2007.05,8834.761,142941.48,3661.5,1207221.6,1883.6688
73300.98,1690.89,69202.46,262143.0,97159.45,13115.78,28272.69,2463.26,11385.0,218543.17,3663.1,1908194.5,2698.3596
29596.53,869.78,24762.041,262143.0,36599.84,5710.0903,14149.36,1533.03,6576.24,80208.484,3664.1,682790.6,2391.1843
61111.41,1128.8301,44317.96,262143.0,62471.87,10037.011,20148.59,1826.21,6380.8804,142798.92,3664.8,1222027.2,2072.5115
4182.09,1141.39,81.64,1825.91,3957.9702,2133.6301,128.78,20.55,-38.280003,5500.4404,3666.0,2251.1482,54.815983
26338.38,481.99002,20284.4,246417.78,28679.191,3978.3801,10146.22,842.55,3587.7603,65160.484,3667.8,559323.8,2201.0244
13644.21,232.36,1292.11,16927.74,2397.3901,384.65002,128.78,0.0,427.68002,6085.2,3668.5,35628.75,269.7697
38793.3,584.04004,14717.181,182526.64,21180.871,3848.07,6936.31,689.11,4761.24,50647.082,3669.9,405812.78,1083.718
23371.68,389.36002,10291.351,125449.28,13175.44,1727.0,1302.87,197.28,1702.8,33426.363,3670.7,283774.6,1258.0166
33832.56,723.77,32527.262,262143.0,46368.383,7492.04,15134.39,1424.8,5649.6,102107.28,3670.9,896909.5,2747.9172
14599.47,324.99002,100.48,1235.5901,657.83,139.73001,1015.17,38.36,1085.04,1754.28,3672.1,2770.6443,18.67848
47861.31,971.83,32502.14,262143.0,44586.43,6597.14,15935.84,1333.01,4258.3203,106353.73,3672.2,896216.8,1940.6743
10371.2705,254.34001,103.62,1526.04,631.14,83.21,150.7,46.58,190.08,1564.2001,3673.0,2857.2268,27.566738
21074.01,427.04,16499.13,201613.12,21774.33,3213.79,5966.35,628.83,2390.52,53027.043,3674.7,454948.44,2237.5298
48200.61,659.4,21838.701,262143.0,31279.111,5201.41,10094.16,963.11,5319.6,70278.125,3675.6,602182.2,1294.4578
5696.7603,513.39,51.81,1230.88,2538.6902,1273.27,201.39,-28.77,124.08,3767.28,3676.3,1428.6134,25.003672
15035.34,196.25,149.15001,2510.4302,739.47003,59.660004,1342.6,76.72,1601.16,1680.3601,3676.9,4112.6753,27.36345
3023.25,47.100002,9.42,114.61,-58.09,58.09,9.59,-23.29,-76.560005,-5.28,3677.0,259.7479,7.9089365
108522.06,3392.77,144191.94,262143.0,190957.53,27768.592,43633.13,3305.81,22829.4,262143.0,3677.5,3975960.8,3798.023
35797.89,913.74005,49756.44,262143.0,70750.484,10617.91,19473.18,1549.47,7192.68,155942.17,3678.2,1371988.4,3973.119
39261.36,1070.74,41551.62,262143.0,58887.562,9897.28,24218.86,1926.22,7920.0005,134981.89,3679.7,1145748.0,3025.019
34282.35,638.99005,19920.16,245651.62,31447.102,5840.4004,14730.24,1391.92,5343.3604,67684.32,3680.3,549280.2,1660.3885
39361.41,753.60004,27688.521,262143.0,41155.98,7057.1504,14637.08,1019.28,4293.96,86557.68,3680.6,763485.6,2010.3057
68961.42,1434.9801,53212.01,262143.0,74633.09,11140.721,17574.36,1593.31,6875.8804,162969.84,3681.7,1467272.5,2205.2385
18771.12,199.39,155.43001,1548.02,607.59,98.91,1787.85,82.2,1895.52,1968.1201,3682.7,4285.8403,22.675203
24178.17,502.40002,23298.8,262143.0,37574.812,6523.35,14421.99,1069.97,5022.6,80154.36,3683.4,642443.1,2754.238
3292.08,15.700001,21.980001,39.25,61.230003,-7.8500004,-38.36,2.74,31.68,266.64,3683.7,606.0784,18.090017
38322.63,629.57,24633.3,262143.0,35229.23,5738.35,8806.36,704.18,3471.6,78599.41,3684.5,679240.75,1836.8765
25195.2,769.30005,9187.641,109163.67,11641.551,1860.4501,1030.24,73.98,1103.52,31628.521,3688.3,253340.78,1041.642
98583.18,2025.3,82421.86,262143.0,110835.73,17573.01,29093.32,2634.51,12188.881,257937.25,3688.7,2272707.5,2389.4993
19916.91,229.22,207.24,3190.24,1067.6,237.07,1682.36,100.01,2521.2002,3313.2002,3689.2,5714.4536,28.750937
8029.23,163.28,69.08,552.64,92.630005,204.1,568.55,94.53,351.12003,549.12,3690.5,1904.8179,23.599566
11621.46,142.87001,127.170006,1169.65,398.78,230.79001,405.52,41.1,2057.8801,2225.52,3691.5,3506.5967,30.287653
17544.42,265.33002,67.51,2609.34,780.29004,98.91,1854.98,109.6,1618.3201,2401.08,3691.5,1861.5266,10.002164
4434.39,255.91,3447.7202,40780.75,4392.8604,962.41003,146.59,26.03,343.2,11679.36,3691.6,95067.734,2222.0393
57619.23,1056.61,41573.6,262143.0,50734.55,7455.93,4349.75,527.45,7079.16,128838.6,3691.7,1146354.0,2061.9998
27076.14,766.16003,508.68002,9580.141,5931.46,1846.3201,1167.24,378.12,2024.8801,11037.841,3693.3,14026.387,52.716404
27826.95,624.86005,25611.41,262143.0,39355.19,6964.52,14817.92,1430.28,4435.2,82457.766,3694.2,706211.2,2630.5818
14081.82,95.770004,507.11002,6545.33,1689.3201,591.89,224.68001,-6.85,447.48,3978.4802,3694.6,13983.095,101.96565
9074.1,196.25,80.07,1403.5801,362.67,323.42,150.7,71.24,168.96,968.88007,3695.7,2207.857,24.229885
15649.561,204.1,65.94,2201.1401,805.41003,502.40002,1128.88,58.91,1384.68,2519.8801,3695.7,1818.2352,11.047468
52730.7,1342.3501,46421.76,262143.0,64136.07,10759.21,20796.6,1722.09,8070.4805,149645.77,3696.5,1280037.6,2516.1382
29504.31,560.49,14115.87,171685.78,18712.83,2813.4402,6256.79,575.4,2164.8,44157.96,3697.7,389232.22,1366.953
24679.291,342.26,16210.251,196673.9,23615.941,3665.9502,6676.0103,709.66,2853.84,53112.844,3698.3,446982.84,1877.0452
17940.27,315.57,6.28,1153.9501,2571.6602,1398.87,201.39,160.29,351.12003,4482.72,3699.0,173.16527,0.00087463856
23634.42,657.83,8132.6,100081.23,18218.281,2843.27,11535.4,979.55,5855.52,37210.8,3699.0,224249.02,982.86035
66771.63,1427.13,54232.51,262143.0,76141.86,12128.25,23398.23,2296.12,9154.2,173483.64,3701.6,1495411.9,2321.2913
50138.1,957.7,33576.02,262143.0,43300.6,6535.91,11625.82,1042.57,4709.7603,105652.805,3701.8,925828.0,1913.7422
25095.15,678.24005,27118.611,262143.0,40085.242,6903.29,12562.9,1169.98,4037.8801,84846.96,3703.6,747770.9,3088.7734
13973.94,160.14,111.47,2037.8601,927.87006,113.04,-17.81,-23.29,513.48004,2328.48,3703.7,3073.6833,21.808048
37571.82,602.88,16364.11,202139.08,22089.9,4383.44,6237.61,458.95,3000.36,54114.723,3703.8,451225.38,1244.3148
43155.48,731.62,18945.191,228375.34,26523.58,3554.4802,9629.73,671.3,3354.12,60251.402,3704.8,522396.3,1254.1974
28459.44,430.18002,18274.8,221332.33,26118.521,3621.9902,8092.59,706.92,2727.12,58505.043,3706.0,503910.9,1835.0111
12113.88,362.67,359.53,4702.1504,780.29004,273.18002,153.44,-65.76,310.2,1867.8,3706.3,9913.711,83.85957
15660.87,237.07,728.48004,10924.061,5507.56,1648.5,7300.73,769.94,2357.52,9438.0,3707.7,20087.17,131.99973
60977.43,1924.8201,73460.305,262143.0,107951.63,16652.99,38718.94,3371.57,7719.3604,230412.61,3708.5,2025600.8,3443.551
23362.98,499.26,91.060005,2596.78,1131.9701,364.24002,108.23,-6.85,735.24005,3590.4001,3708.5,2510.8962,10.144187
38398.32,659.4,20882.57,254228.53,30888.182,4884.27,10979.18,926.12,3676.2002,69414.84,3708.5,575817.75,1553.9653
38219.1,714.35004,27361.96,262143.0,39857.59,5436.91,10857.25,950.78,4387.68,88775.28,3709.4,754481.06,2045.9901
69558.24,2797.74,88937.36,262143.0,133826.8,23066.441,47341.72,4378.52,21842.041,262143.0,3709.4,2452366.2,3654.818
5454.0303,81.64,61.230003,56.52,114.61,47.100002,-43.84,-17.81,-72.600006,-113.520004,3711.1,1688.3613,31.099312
36649.62,1295.25,14497.381,175273.23,30918.012,6013.1,28534.36,2527.65,7599.24,56449.8,3714.2,399752.0,1130.0167
69551.28,1348.63,57970.684,262143.0,79531.49,12720.141,23200.95,2126.24,7201.9204,181608.25,3714.4,1598488.6,2382.155
10178.13,32.97,307.72,3510.52,1299.9601,419.19,783.64,127.41,370.92,2196.48,3714.6,8485.098,85.444374
49727.46,1045.62,40449.48,262143.0,55483.8,9609.971,16209.84,1526.18,6346.56,128590.445,3714.9,1115357.4,2324.764
21675.18,554.21,584.04004,7967.7505,1472.66,573.05005,137.0,-9.59,439.56003,3702.6,3715.0,16104.37,76.042244
73474.98,1521.3301,68503.81,262143.0,91967.46,14097.03,29109.76,2119.39,10466.28,218386.1,3715.3,1888930.0,2664.78
63830.16,1259.14,49699.92,262143.0,71643.81,11011.98,25491.59,2175.56,8995.801,160708.69,3716.2,1370429.9,2225.2747
19690.71,271.61002,200.96,2442.9202,642.13,273.18002,2096.1,215.09,1639.4401,2060.52,3716.3,5541.2886,28.180805
44337.81,774.01,37455.492,262143.0,49437.73,7729.1104,11866.94,954.89,6408.6,118266.73,3716.9,1032800.94,2414.4067
32862.51,1108.42,761.45,14575.881,9547.17,3516.8,1985.13,515.12,3099.36,16069.681,3717.3,20996.287,65.25057
13120.47,202.53001,425.47,3720.9001,2898.2202,621.72003,5284.09,594.58,1603.8,5215.3203,3718.2,11731.946,91.71896
51506.61,938.86005,45730.96,262143.0,63803.23,11526.94,21540.51,1876.9,8498.16,146487.0,3719.0,1260989.4,2537.612
33229.65,573.05005,21085.102,256019.9,28906.842,5049.12,8647.44,797.34,3598.32,70041.84,3721.5,581402.4,1813.2574
14497.68,401.92,7127.8003,87439.586,13202.131,2648.59,9007.75,721.99,5041.08,29502.002,3725.0,196542.58,1404.7434
20632.92,240.21,7568.97,92250.06,10822.011,1131.9701,2193.37,134.26,2840.6401,25006.08,3726.5,208707.44,1047.8783
16877.13,514.96,15243.131,187960.4,22099.32,2968.87,6119.79,615.13,2113.32,49991.043,3726.5,420315.38,2581.406
41369.37,635.85004,376.80002,6501.37,2458.62,232.36,3485.28,327.43,5427.8403,5629.8003,3726.9,10389.916,25.042398
57517.44,1097.43,50597.96,262143.0,70662.56,10561.391,20022.55,1849.5,5380.3203,159937.81,3727.6,1395192.5,2514.2573
33869.97,532.23004,22739.88,262143.0,31155.08,4826.18,8433.72,809.67,3434.6401,72040.32,3728.9,627031.44,1918.6516
33476.73,574.62,16263.631,195684.81,21848.121,3929.7102,6367.7603,545.26,3153.4802,53673.844,3731.0,448454.75,1388.0679
80875.2,1376.89,52211.92,262143.0,74333.22,9883.15,24490.12,2330.37,7223.0405,163353.97,3735.5,1439696.0,1844.8792
11489.22,102.05,58.09,648.41003,414.48,139.73001,58.91,91.79,434.28003,1780.68,3736.6,1601.7786,13.456389
54331.5,1444.4,7754.2305,92841.95,12916.391,3003.4102,845.29,168.51,2550.24,33002.64,3737.3,213815.81,407.07126
25301.34,332.84,9635.09,117425.016,13805.011,1560.5801,3603.1,369.9,2624.1602,31779.002,3737.4,265678.78,1087.8329
28214.1,723.77,32946.45,262143.0,46580.332,6879.74,12465.63,1164.5,4755.96,104488.56,3737.8,908468.2,3337.8079
20293.62,372.09003,2579.51,31856.871,5438.48,1246.5801,239.75,161.66,1069.2001,12834.36,3738.2,71127.625,362.43494
16908.45,157.0,372.09003,4901.54,1904.41,276.32,286.33,153.44,1300.2001,4844.4004,3738.7,10260.042,61.92066
49360.32,1014.22003,37251.39,262143.0,52346.94,8222.09,17888.09,1442.61,9865.681,124691.164,3738.8,1027173.0,2156.8115
13638.99,193.11,119.32001,1524.4701,726.91003,139.73001,943.93,93.16,1189.3201,1931.16,3738.8,3290.1401,24.01382
53704.23,2152.47,72350.31,262143.0,108887.35,18618.63,35452.86,2946.87,12615.24,244801.94,3738.9,1994993.6,3850.9521
103883.22,6375.77,180044.47,262143.0,251710.27,40399.242,69124.72,5844.42,28609.682,262143.0,3739.1,4964561.5,4954.453
11695.41,84.78001,227.65001,2868.3901,872.92004,152.29001,43.84,54.8,673.2,2744.28,3739.8,6277.2407,54.654617
69099.75,1719.15,43768.46,262143.0,57893.75,9773.25,16668.791,1719.35,8001.8403,141688.81,3740.6,1206875.2,1810.064
75353.31,2913.9202,112832.766,262143.0,162663.0,25810.8,53790.31,4642.93,21699.48,262143.0,3741.5,3111260.2,4280.3613
63354.27,971.83,48065.55,262143.0,67861.68,10884.811,19837.6,1620.71,7894.9204,152247.48,3741.6,1325363.6,2168.237
47716.02,2037.8601,70004.734,262143.0,97322.734,15188.181,28967.28,2446.82,11660.881,226480.33,3742.7,1930316.5,4193.809
86588.49,1358.05,73852.805,262143.0,102254.1,16455.17,32564.9,2856.45,11711.04,233666.4,3743.0,2036423.5,2437.6855
13748.61,109.9,65.94,1708.16,514.96,290.45,97.27,50.69,439.56003,2183.28,3743.1,1818.2352,12.71321
15422.49,2749.07,175.84001,7333.47,12492.49,6462.12,419.22,78.090004,171.6,10928.28,3744.7,4848.6274,31.599594
18263.041,268.47,108.33,1948.3701,552.64,375.23,1644.0,167.14,1787.28,1870.4401,3744.9,2987.1006,15.959953
42608.25,920.02,34015.62,262143.0,47563.152,6751.0,12293.01,1087.78,5291.8804,108507.96,3745.2,937949.6,2281.6204
65074.26,1395.7301,34797.48,262143.0,47600.832,7377.43,13051.99,1197.38,8813.641,115658.41,3746.3,959508.7,1527.9298
14092.26,94.200005,430.18002,5639.4404,1723.8601,92.630005,301.4,43.84,867.24005,4323.0,3747.7,11861.82,86.28078
10410.42,155.43001,692.37,8565.92,2417.8,836.81,323.32,49.32,1114.0801,5511.0,3749.8,19091.469,189.15991
4372.62,53.38,45.530003,9.42,125.600006,61.230003,-9.59,71.24,170.28001,-83.16,3751.1,1255.4481,28.771788
64900.26,1317.2301,43829.69,262143.0,60258.17,9668.061,20489.72,1935.81,11646.36,148658.4,3751.8,1208563.6,1929.9496
42630.87,1138.25,30321.41,262143.0,43820.27,6853.0503,18011.39,1523.4401,6696.3604,99868.56,3752.6,836085.1,2032.6405
52033.832,1380.03,35747.332,262143.0,59468.46,9985.2,23291.37,1919.37,9166.08,122296.69,3755.0,985700.0,1963.2957
13373.64,81.64,400.35,5538.96,1301.53,155.43001,150.7,36.99,703.56,4253.04,3758.0,11039.285,84.59319
22911.45,306.15002,155.43001,3100.75,1307.81,301.44,1490.56,201.39,2032.8,3701.28,3758.4,4285.8403,18.396854
66450.6,1284.26,55865.312,262143.0,75435.36,11406.051,20462.32,1887.86,7689.0005,176427.25,3758.7,1540434.9,2402.7666
14812.62,174.27,150.72,1986.05,904.32,273.18002,10.96,86.31,522.72003,2306.04,3758.9,4155.9663,28.092966
20289.27,177.41,144.44,3141.57,1580.9901,441.17,221.94,39.73,766.92004,3550.8,3759.2,3982.801,19.354952
11083.8,1505.63,59.660004,3253.04,5659.85,3400.62,193.17,87.68,439.56003,10100.641,3760.5,1645.0701,14.390176
10932.42,149.15001,157.0,2320.46,687.66003,365.81,-32.88,16.44,271.92,2237.4001,3760.9,4329.1313,40.061268
33689.01,742.61005,28140.682,262143.0,39928.242,7000.6304,13095.83,1015.17,5199.48,89622.73,3761.1,775953.56,2387.3357
35094.93,590.32,25317.82,262143.0,32214.832,5038.1304,9553.01,706.92,3131.04,76363.32,3762.7,698115.75,2061.6758
57882.84,1449.1101,62663.41,262143.0,88149.23,13166.0205,25564.2,2557.79,9815.5205,200588.53,3763.2,1727886.2,3094.3745
26789.91,373.66,6499.8003,80396.56,9520.48,1321.9401,2097.47,163.03,2178.0,21669.121,3763.3,179226.05,692.70966
59115.63,1306.24,49905.59,262143.0,68284.016,10068.41,17931.93,1415.21,5314.3203,158320.81,3763.8,1376101.0,2412.77
43479.992,1816.4901,58644.21,262143.0,82197.35,14334.101,23487.28,1928.96,7696.9204,186356.28,3764.5,1617060.5,3855.423
17701.02,155.43001,304.58002,3563.9001,1656.3501,230.79001,6.85,68.5,567.60004,3859.6802,3764.7,8398.516,48.19853
60792.12,1728.5701,27752.89,262143.0,54612.453,10677.57,50744.8,4625.12,14460.601,112611.84,3764.9,765260.56,1304.2987
14152.29,403.49002,447.45,6691.3403,3526.2202,959.27,420.59,143.85,1033.56,6516.8403,3765.6,12338.024,89.39966
55413.78,1727.0,56389.69,262143.0,81052.82,13181.721,26989.0,2453.67,11697.841,182571.84,3766.7,1554894.1,2908.584
27271.02,461.58002,18565.25,229161.92,26415.25,3816.6702,7308.95,600.06,3649.8,61799.76,3768.6,511919.78,1945.4733
41736.51,478.85,24356.98,262143.0,32544.531,5689.68,10813.41,1123.4,5253.6,80384.05,3769.6,671621.44,1667.6155
32889.48,368.95,21494.871,257346.56,28880.15,4242.14,9411.9,683.63,3641.8801,69907.2,3770.4,592701.44,1867.6453
31843.74,1109.99,17954.521,218255.12,29724.81,5254.79,15453.6,1226.15,5876.64,66795.96,3772.6,495079.5,1611.1251
25738.08,902.75,739.47003,12256.99,7711.8403,2972.01,1428.91,449.36002,2401.08,14485.681,3772.9,20390.209,81.14732
20845.2,799.13,17902.71,215681.89,28950.8,5816.85,15505.66,1387.81,5109.72,66628.32,3773.2,493650.88,2454.6233
23272.5,571.48004,199.39,2854.26,847.80005,246.49,169.88,39.73,335.28,2321.8801,3775.2,5497.997,23.4968
15127.561,191.54001,139.73001,2084.96,717.49005,75.36,1067.23,154.81,2089.56,1836.1201,3775.4,3852.9272,25.410084
72599.76,1736.42,47558.44,262143.0,74854.46,11616.431,29775.58,2823.57,19159.8,162297.97,3775.9,1311380.5,1872.0157
33304.47,847.80005,37821.3,262143.0,53866.703,8407.351,16916.76,1390.55,6955.08,120591.24,3777.1,1042887.75,3246.0046
58827.66,938.86005,28292.97,262143.0,40915.77,6440.14,15222.07,1256.29,7409.16,97145.41,3777.3,780152.8,1374.137
53478.9,775.58,26157.771,262143.0,36684.62,5457.3203,11686.1,1167.24,6332.04,84840.37,3778.5,721276.6,1397.5155
23920.65,304.58002,12349.62,150712.16,16258.921,2540.26,4356.6,357.57,1821.6001,38668.082,3778.5,340529.47,1475.147
12770.73,213.52,147.58,1508.77,916.88,174.27,764.46,106.86,1075.8,1619.64,3780.7,4069.3835,32.041576
56975.43,1243.4401,39449.39,262143.0,58535.883,9215.9,23062.58,1938.55,8234.16,131487.84,3781.3,1087780.9,1978.7104
58612.77,1434.9801,55100.723,262143.0,78437.2,13376.4,23906.5,2268.72,10219.44,175925.64,3783.8,1519352.0,2686.9058
54061.8,909.03,37554.402,262143.0,50886.84,8592.61,11983.39,967.22003,6029.7603,117338.766,3783.9,1035528.3,1985.1835
15885.33,224.51001,124.03001,2092.81,745.75,295.16,928.86,57.54,1320.0,2402.4001,3784.7,3420.014,21.324385
11849.4,146.01001,10.990001,1287.4,334.41,62.800003,694.59,108.23,1038.8401,1647.3601,3785.6,303.0392,1.6518586
34510.29,1334.5,28148.531,262143.0,50965.34,8446.601,29500.21,2509.84,8997.12,106320.73,3788.0,776170.0,2331.1482
62067.54,1596.6901,79189.234,262143.0,111039.82,16593.33,31893.6,2709.86,9745.561,247518.48,3788.6,2183570.8,3646.9648
135861.81,17965.51,14856.91,262143.0,149071.5,49750.16,25876.56,6792.46,44437.8,262143.0,3789.4,409665.72,311.6656
21914.43,378.37003,183.69,3055.2202,1048.76,180.55,1376.85,141.11,1837.4401,3578.5203,3790.0,5065.084,22.966486
28030.53,491.41,21958.021,262143.0,30638.55,4465.08,9010.49,674.04,3854.4001,70872.125,3791.0,605472.4,2238.8086
97922.85,3358.2302,119571.2,262143.0,178552.97,27950.71,63766.65,5822.5,23291.4,262143.0,3796.5,3297066.5,3490.335
35957.97,557.35004,390.93002,6455.8403,2268.6501,720.63,4373.04,491.83,4068.2402,6138.0,3797.7,10779.538,30.085144
52518.42,1020.50006,44536.19,262143.0,61686.87,10999.42,19877.33,1665.92,7744.4404,143280.72,3798.3,1228044.8,2423.6575
20383.23,478.85,635.85004,8754.32,1805.5,150.72,112.340004,24.66,566.28,4416.72,3798.7,17532.982,88.19298
13753.83,152.29001,277.89,4297.0903,1243.4401,379.94,135.63,23.29,613.80005,3220.8,3799.0,7662.563,56.769455
62735.7,1174.36,37397.402,262143.0,53105.25,8138.8804,14991.91,1533.03,8706.721,121351.56,3801.5,1031199.2,1703.4163
57331.26,1409.8601,65310.434,262143.0,91235.84,15040.601,29994.78,2755.07,10847.761,202473.48,3801.7,1800875.5,3256.1675
35222.82,965.55005,18519.72,228482.11,32747.06,6535.91,19441.67,1576.87,8362.2,73615.086,3801.8,510664.34,1502.3472
62327.67,1221.4601,64541.133,262143.0,88744.25,13026.29,22150.16,1770.04,8421.601,202770.48,3801.9,1779662.8,2959.7703
65738.07,2026.8701,67809.875,262143.0,98738.875,15381.29,33104.68,3098.94,12719.5205,218837.53,3802.8,1869795.2,2948.341
21848.31,351.68002,207.24,2992.4202,940.43005,186.83,1468.64,210.98,1911.3601,1962.8401,3802.9,5714.4536,26.120941
90015.42,1538.6001,60113.73,262143.0,91207.586,16492.85,26720.48,2420.79,12171.721,194990.4,3804.5,1657581.1,1908.439
61303.68,1055.04,51051.69,262143.0,71212.06,10817.301,19222.47,1774.15,9319.2,161800.33,3805.3,1407703.8,2380.0723
44235.15,686.09,28614.82,262143.0,41353.8,7152.9204,13268.45,1208.34,6450.8403,96506.52,3805.7,789027.5,1848.5774
14572.5,362.67,177.41,2769.48,654.69,207.24,28.77,19.18,224.40001,1752.9601,3806.9,4891.9185,33.809116
32896.44,599.74,18136.64,224401.67,27203.39,4454.0903,9399.57,1043.9401,4486.68,62139.004,3807.2,500101.28,1575.3656
76505.19,1549.5901,64724.82,262143.0,91532.57,14403.181,22937.91,1967.32,10475.5205,204668.64,3807.4,1784727.8,2417.9614
45150.39,1103.7101,45476.62,262143.0,63850.332,9734.0,16323.55,1290.54,5676.0,141298.08,3807.9,1253976.2,2878.8884
26400.15,394.07,7286.37,90110.16,11867.631,1612.39,4755.27,363.05,2585.8801,26687.762,3808.5,200914.98,788.1395
70672.71,3270.31,113543.98,262143.0,170310.47,27259.91,55376.77,4712.8,19184.88,262143.0,3809.1,3130871.2,4592.686
125340.9,6889.16,247216.92,262143.0,262143.0,55603.12,96302.78,9085.84,62300.043,262143.0,3810.1,6816780.5,5638.4194
50393.01,1318.8,38326.84,262143.0,53684.582,8930.16,16231.76,1494.67,6564.3604,119799.24,3810.4,1056827.5,2173.6116
68874.42,1645.3601,60614.562,262143.0,84765.875,13390.53,28985.09,2192.0,10684.08,192808.45,3813.2,1671391.1,2515.3323
62069.28,1802.3601,65458.01,262143.0,90348.8,14776.841,23326.99,1915.26,11938.08,212224.33,3813.7,1804944.8,3014.3315
15814.86,249.63,43.960003,1378.4601,759.88,197.82,1061.75,49.32,1578.7201,2814.24,3813.8,1212.1569,6.9476976
37870.23,1450.68,29051.281,262143.0,50860.152,8859.511,22181.67,2141.31,10265.641,109981.086,3814.8,801062.5,2192.3923
17920.26,310.86002,1273.27,14258.74,2033.15,430.18002,117.82,26.03,330.0,4909.08,3814.9,35109.258,202.15393
31457.46,489.84003,868.21,10762.351,2524.56,866.64,63.02,31.51,627.0,6085.2,3815.6,23940.098,77.91329
33038.25,411.34003,6133.99,75399.25,10297.63,1783.52,4944.33,389.08,3917.7603,23717.762,3816.9,169139.17,529.85394
67779.09,1018.93005,40964.44,262143.0,59785.6,10420.091,18182.64,1678.25,8898.12,131563.08,3819.0,1129557.0,1727.0658
24719.31,789.71,44799.953,262143.0,61972.613,10104.5205,15981.05,1405.62,5546.64,143845.69,3821.3,1235317.8,5180.914
18325.68,235.50002,471.00003,7229.85,3507.3801,1307.81,490.46,80.83,1157.64,6211.9204,3821.5,12987.395,72.486885
18029.01,384.65002,786.57,10520.57,3903.02,1025.2101,979.55,120.56,2195.1602,9196.44,3822.0,21688.95,123.74252
52005.992,1266.99,39818.34,262143.0,53830.594,8526.67,15496.07,1252.18,6493.08,125273.28,3823.3,1097954.2,2188.1663
56558.7,1273.27,44544.043,262143.0,60850.062,9584.851,18518.291,1530.29,7854.0005,144675.97,3823.4,1228261.2,2250.8489
19886.46,317.14,153.86,1824.3401,725.34,185.26001,1600.16,91.79,1367.52,1811.04,3825.0,4242.549,21.121635
109974.96,3086.62,123486.78,262143.0,172844.45,29957.172,64139.29,5515.62,26015.88,262143.0,3825.4,3405035.0,3209.522
28905.75,428.61002,10710.54,130912.88,15137.94,3077.2002,4977.21,406.89,2773.32,38052.96,3826.5,295333.34,1058.4395
60708.6,1634.37,68119.164,262143.0,95710.34,15387.57,30348.24,2467.37,9954.12,215592.97,3826.8,1878323.6,3207.249
17483.52,226.08,8342.98,102163.05,10770.2,1796.0801,2113.91,131.52,1857.2401,27755.64,3828.6,230050.05,1363.3989
50674.02,1026.78,31371.74,262143.0,50734.55,10101.38,19362.21,1615.23,8706.721,109640.52,3829.0,865047.06,1769.1182
11745.87,147.58,188.40001,2289.06,769.30005,102.05,137.0,-75.35,411.84003,2494.8,3830.4,5194.958,44.86113
16944.12,767.73004,11110.891,137877.4,21344.15,4110.2603,13039.66,1122.03,4815.3604,44920.92,3831.6,306372.66,1873.9033
17303.43,296.73,127.170006,2636.03,752.03,56.52,1427.54,131.52,1306.8,2962.08,3831.9,3506.5967,20.01365
10588.7705,116.18,80.07,-15.700001,-20.41,23.550001,-20.55,54.8,174.24,332.64,3832.4,2207.857,20.620874
29806.2,599.74,28267.852,262143.0,41195.23,5692.8203,16056.4,1415.21,3541.56,86878.445,3832.4,779460.1,2710.6597
17458.291,288.88,337.55002,5551.52,3092.9001,1353.3401,176.73,65.76,1635.4801,7600.56,3836.0,9307.633,54.28221
75440.31,1420.8501,37951.61,262143.0,54312.582,8446.601,19533.46,1905.67,10173.24,126206.52,3836.2,1046480.94,1437.387
32270.041,405.06003,582.47003,8781.011,7005.3403,1855.7401,11882.01,1156.28,2869.6802,9349.561,3838.4,16061.078,50.60872
41362.41,758.31,20444.541,250772.97,29955.602,5565.6504,11017.54,916.53,5540.04,64881.96,3838.6,563739.5,1412.255
12438.39,191.54001,75.36,2625.04,5895.35,3289.1501,30.14,134.26,174.24,11473.44,3839.8,2077.9832,16.323105
42971.91,744.18005,26952.191,262143.0,38246.77,6758.85,12297.12,956.26,4301.8804,86305.56,3841.0,743182.0,1792.3225
18771.99,200.96,967.12006,13359.131,5754.0503,1471.0901,6312.96,778.16,2014.3201,9898.681,3841.7,26667.451,146.30553
13096.11,106.76,224.51001,3350.3801,921.59,353.25,142.48,27.4,386.76,2481.6,3842.6,6190.658,48.01651
13983.51,224.51001,169.56001,1913.8301,467.86002,81.64,1087.78,80.83,1648.68,2336.4001,3843.9,4675.4624,33.670193
30630.09,511.82,19863.64,243188.3,28258.432,4396.0,9548.9,853.51,3124.4402,65210.645,3844.0,547721.75,1853.213
29416.44,395.64,11343.25,137125.38,16185.131,2257.6602,5300.53,494.57,4144.8003,38459.523,3844.5,312779.75,1101.5452
43924.56,686.09,560.49,8700.94,2025.3,406.63,3481.17,258.93,7087.08,7446.12,3845.5,15454.999,35.48459
40888.26,865.07,30421.89,262143.0,43960.0,7226.7104,10479.13,891.87,4229.2803,95157.484,3846.9,838855.8,2126.3381
13404.96,288.88,64.37,803.84,513.39,207.24,54.8,-43.84,245.52,1455.9601,3847.1,1774.944,12.729889
48943.59,1009.51,35838.39,262143.0,49038.953,7330.33,13861.66,1042.57,6031.08,112890.37,3847.6,988210.8,2092.6382
37354.32,795.99005,22408.611,262143.0,33137.992,6628.54,12988.97,1141.21,4981.68,74697.484,3848.5,617896.94,1714.2328
16833.63,376.80002,6272.1504,75733.664,8964.7,1668.91,1760.45,108.23,1614.3601,20152.441,3848.8,172948.81,1064.3386
24077.25,993.81006,42754.242,262143.0,59013.16,9919.261,19327.96,1742.64,9184.561,136679.4,3848.9,1178909.1,5076.1655
40180.082,748.89,36516.633,262143.0,51222.82,7123.0903,15663.21,1394.66,3780.4802,115131.73,3849.8,1006912.75,2597.537
60257.07,1061.3201,34144.36,262143.0,49806.684,7813.89,15716.64,1363.15,5381.64,111992.766,3850.5,941499.5,1619.1676
50938.5,785.0,31161.361,262143.0,43554.94,7397.8403,11840.91,965.85,4742.7603,98721.484,3851.1,859246.06,1748.1187
33210.51,607.59,19508.82,238464.17,27354.111,4074.1501,7707.62,690.48,2985.84,62879.523,3851.3,537937.9,1678.5944
32189.13,606.02,15710.99,195056.81,22516.941,3614.1401,5474.52,572.66,2274.36,48628.8,3854.8,433216.2,1394.5432
62399.88,1183.78,56163.613,262143.0,80236.42,12272.69,22852.97,2120.76,7376.16,175908.48,3857.5,1548660.2,2572.477
17576.61,288.88,128.74,1741.13,665.68,116.18,1417.95,165.77,1669.8,2659.8,3858.6,3549.888,19.942448
53744.25,880.77,31489.49,262143.0,43737.062,5512.27,11880.64,1105.59,5396.16,98712.24,3858.7,868293.9,1674.2615
30265.56,505.54,1105.28,15732.971,4994.1704,1620.2401,1106.96,158.92,2497.4402,11454.961,3859.0,30477.086,103.417336
14943.12,211.95001,171.13,1803.93,449.02002,240.21,1041.2,108.23,2053.9202,1977.3601,3859.9,4718.7534,31.74416
16549.14,243.35,6284.7104,77636.5,8879.92,1265.42,3098.94,323.32,1857.2401,19522.8,3860.9,173295.14,1084.8224
48464.22,1031.49,44832.92,262143.0,63214.48,9944.38,20073.24,1776.89,5381.64,139761.61,3862.7,1236226.8,2643.9946
19568.91,295.16,7203.16,88248.13,10101.38,1153.9501,2740.0,342.5,2341.6802,22890.121,3863.1,198620.55,1051.4596
10945.47,200.96,3658.1,45327.473,4725.7,747.32,2176.93,227.42,802.56006,12526.801,3863.3,100868.766,954.5869
34750.41,722.2,15586.961,189905.64,21350.432,2935.9001,6996.59,552.11,3590.4001,50260.32,3864.9,429796.2,1281.4797
40394.97,1012.65,42906.53,262143.0,60620.844,10069.98,17888.09,1815.25,5476.68,135904.56,3865.1,1183108.4,3036.0022
25833.78,397.21002,9443.551,116332.3,13585.211,2135.2,4870.35,343.87,2622.84,32039.041,3865.1,260397.28,1044.1927
15198.03,146.01001,306.15002,4942.3604,1281.12,1124.12,265.78,-9.59,741.84,3437.28,3865.6,8441.807,56.596485
30964.17,516.53,19158.71,232581.38,26270.81,3884.1802,5866.34,611.02,3678.84,59483.164,3866.6,528283.94,1768.114
25758.09,1306.24,36304.68,262143.0,48726.523,7682.0103,15941.32,1419.32,6192.12,113098.92,3868.2,1001068.3,4028.9343
48706.082,775.58,24578.352,262143.0,35965.562,5542.1,9454.37,1050.79,5111.04,81242.05,3868.7,677725.56,1441.8413
12109.53,138.16,31.400002,1445.9701,849.37006,81.64,779.53,87.68,984.72003,1478.4,3870.6,865.8263,6.413979
23316.0,651.55005,433.32,6718.0303,1744.27,337.55002,137.0,72.61,731.28,4283.4004,3871.4,11948.402,52.13781
44628.39,1073.88,49180.25,262143.0,71191.66,13059.261,24366.82,2004.31,7545.12,156732.84,3871.8,1356100.4,3149.8555
31504.44,452.16,19742.75,238220.81,27953.852,4259.41,6555.45,731.58,2610.9602,62736.96,3872.8,544388.25,1790.7808
16052.37,202.53001,3576.4602,43443.473,5151.1704,660.97003,2253.65,160.29,1446.7201,11872.08,3875.5,98617.62,636.0349
28247.16,422.33002,17984.352,219000.88,23835.74,3582.7402,7466.5,627.46,3795.0002,57657.6,3875.9,495902.03,1819.4089
26929.98,328.13,14188.091,169757.83,18832.15,3617.28,5501.92,494.57,2805.0,46033.684,3878.2,391223.62,1505.3882
44877.21,588.75,21713.102,262143.0,29646.31,3719.33,9395.46,685.0,4026.0002,72028.445,3878.2,598718.94,1382.3912
14274.09,73.79,91.060005,1336.0701,573.05005,105.19,198.65,30.14,689.04004,2216.28,3880.7,2510.8962,17.24014
73683.78,1318.8,40100.94,262143.0,54918.6,8289.601,15672.8,1428.91,8273.761,130421.29,3881.1,1105746.8,1555.0791
67984.414,1315.66,54298.453,262143.0,76455.86,11624.28,23987.33,2161.86,8675.04,169910.4,3882.1,1497230.1,2282.637
20072.64,364.24002,124.03001,2251.3801,775.58,26.69,1628.93,201.39,1742.4,1808.4,3883.4,3420.014,16.667343
55909.68,1155.52,59886.082,262143.0,85108.13,13134.62,26071.1,2257.76,9843.24,191967.61,3883.6,1651303.9,3061.583
30603.99,276.32,747.32,8771.59,3347.24,1182.2101,4721.02,353.46,1859.8801,7271.8804,3884.3,20606.666,68.81963
4959.87,29.830002,-25.12,87.920006,72.22,61.230003,19.18,-4.11,-15.84,-133.32,3884.5,-692.6611,-15.480994
16588.291,285.74002,1023.64,13059.261,2198.0,522.81,1598.79,106.86,1917.9601,4316.4004,3885.0,28225.938,175.43901
51130.77,901.18005,3253.04,41661.52,9366.62,2254.52,737.06,112.340004,2762.76,22535.041,3885.0,89699.6,180.90977
69586.95,1325.0801,68541.49,262143.0,95718.195,14206.931,24506.56,2224.8801,11396.881,215895.25,3887.4,1889969.0,2815.273
45700.23,726.91003,24061.82,262143.0,33758.14,5228.1,12305.34,1090.52,4584.3604,77039.164,3888.9,663482.7,1504.4248
50072.85,1733.28,70359.555,262143.0,98151.695,15367.16,28742.6,2483.81,7227.0005,221457.73,3889.7,1940100.4,4016.6284
39846.87,733.19,24884.5,262143.0,35244.93,4385.0103,9605.07,871.32,4029.9602,80873.766,3889.9,686167.3,1784.598
98811.12,2634.4602,98076.336,262143.0,146108.92,22276.73,49594.0,4481.27,17285.4,262143.0,3889.9,2704365.2,2836.9675
19197.42,279.46002,58.09,1723.8601,670.39,54.95,1668.66,156.18001,1704.1201,1730.52,3890.7,1601.7786,7.65182
3657.48,119.32001,59.660004,1281.12,752.03,455.30002,117.82,31.51,176.88,1281.7201,3891.0,1645.0701,45.639114
64896.78,1218.3201,51365.69,262143.0,72684.72,10654.0205,23743.47,2071.44,9012.96,163545.36,3891.1,1416362.0,2262.0752
25451.85,342.26,11815.82,145842.02,16192.98,3742.8801,5223.81,508.27,3136.32,39487.8,3893.9,325810.44,1326.3746
57850.65,1072.31,40176.3,262143.0,55637.66,9697.891,19238.91,1807.03,6231.72,126680.41,3894.3,1107824.8,1984.6866
37858.05,664.11005,26076.13,262143.0,39389.73,6204.64,11960.1,1185.05,3315.84,86450.766,3895.0,719025.44,1968.3999
17573.13,273.18002,204.1,2320.46,777.15,109.9,1430.28,57.54,2053.9202,1899.4801,3896.5,5627.871,32.20801
23659.65,331.27002,984.39,12685.601,3780.56,1036.2001,4574.43,516.49,1862.52,9288.841,3897.5,27143.654,117.96189
42214.14,927.87006,12052.891,148573.81,20366.041,3727.1802,14346.64,1179.57,7278.4805,47641.44,3898.6,332347.44,815.361
29826.21,770.87006,1303.1001,16536.81,2736.51,802.27,401.41,20.55,855.36005,7459.3203,3899.1,35931.793,123.91905
14731.71,167.99,-6.28,18.84,-7.8500004,114.61,39.73,23.29,146.52,-102.96001,3900.2,-173.16527,-2.2188647
49412.52,876.06006,35003.152,262143.0,48327.742,8142.0205,15111.1,1446.72,6832.3203,111806.64,3901.6,965179.9,2024.4388
26931.72,857.22003,34403.41,262143.0,49126.87,7944.2,16563.3,1557.6901,4737.48,106597.92,3903.4,948642.56,3651.4678
51914.64,1011.08,21184.01,257494.14,29228.691,4487.06,8907.74,726.1,5421.24,69439.92,3904.9,584129.7,1165.7218
43478.25,780.29004,29498.73,262143.0,44088.742,6761.99,17320.91,1546.73,6607.9204,93936.484,3907.0,813400.5,1938.904
36324.24,566.77,18483.611,228358.08,27223.8,4188.7603,7932.3,648.01,4567.2,61156.92,3907.3,509668.7,1453.9207
24454.83,544.79004,22664.521,262143.0,32505.281,4903.1104,11424.43,806.93,3383.1602,71740.68,3909.8,624953.44,2648.9087
25896.42,566.77,29811.16,262143.0,39240.582,6281.5703,9328.33,943.93,3635.28,91033.805,3911.4,822015.5,3290.4568
28725.66,494.55002,252.77,3064.6401,987.53,213.52,2549.57,101.38,2340.36,2745.6,3914.1,6969.902,24.159645
19302.69,332.84,1124.12,14610.421,5075.81,2025.3,7685.7,756.24,2170.08,11061.601,3914.1,30996.58,165.51134
14536.83,56.52,414.48,5253.22,2117.9302,576.19,209.61,16.44,432.96002,4064.2803,3914.4,11428.907,80.52351
33548.07,488.27002,19648.55,238374.67,26727.682,4213.8804,8846.09,621.98,3030.7202,63344.164,3915.5,541790.8,1673.6035
18838.11,219.8,161.71,1957.79,819.54004,229.22,1117.92,71.24,1255.3201,1809.7201,3917.9,4459.0054,23.544182
19256.58,329.7,6498.23,81041.836,8870.5,1546.4501,2009.79,113.71,2024.8801,22285.56,3918.6,179182.75,963.8614
6307.5,28.26,42.390003,45.530003,-59.660004,76.93,-8.22,-30.14,63.36,-97.68,3918.8,1168.8656,18.215656
104919.39,3815.1,106683.07,262143.0,162581.36,25495.23,63089.87,5301.9,22288.201,262143.0,3918.9,2941688.0,2906.2925
40566.36,646.84,17233.89,215149.67,29713.82,4228.0103,15311.12,1342.6,7054.08,66992.64,3919.4,475208.78,1213.6924
23841.48,359.53,230.79001,2993.99,1276.41,400.35,2298.86,194.54,2860.4402,3697.32,3920.4,6363.823,26.677877
44337.81,670.39,5790.16,72634.484,9757.551,1405.15,5974.57,423.33,9428.761,24554.64,3921.0,159658.38,372.3923
33802.11,1006.37006,44776.402,262143.0,59724.37,8573.7705,17509.97,1778.26,5756.52,139520.05,3921.3,1234668.4,3786.5154
18169.95,189.97,164.85,2931.1902,701.79004,149.15001,1372.74,65.76,1788.6001,2105.4001,3921.7,4545.588,24.940851
5948.19,4.71,-40.82,73.79,7.8500004,7.8500004,34.25,-42.47,-3.96,155.76001,3923.8,-1125.5741,-20.621723
49624.8,1544.88,56678.57,262143.0,79545.625,13194.28,21719.98,1805.66,5970.3604,175236.61,3923.9,1562859.8,3264.646
51623.19,2064.55,88763.09,262143.0,125121.16,19358.102,39408.05,3514.05,11553.961,262143.0,3925.5,2447561.0,4915.2793
12096.48,381.51,12553.721,155761.28,22912.58,3892.03,11176.46,952.15,4543.44,45983.523,3925.9,346157.38,2966.3066
23883.24,795.99005,33566.6,262143.0,50387.582,8082.3604,17259.26,1767.3,4585.68,104338.086,3925.9,925568.3,4017.492
9123.69,246.49,31.400002,469.43002,235.50002,164.85,116.45,15.07,200.64001,819.72003,3926.0,865.8263,8.840295
36987.18,748.89,25989.781,262143.0,35690.812,5652.0,11255.92,946.67,4808.7603,81457.2,3926.3,716644.44,2008.0947
25067.31,383.08002,14378.061,173046.97,18938.91,2983.0,2271.46,227.42,1816.3201,44823.242,3927.0,396461.88,1638.9915
45932.52,932.58,35949.86,262143.0,49254.043,7162.3403,14541.18,1372.74,5299.8003,116322.37,3927.4,991284.5,2236.824
70898.04,2458.62,61175.05,262143.0,103456.73,18323.47,53814.97,5062.15,20577.48,221488.1,3928.5,1686846.1,2466.1135
40537.65,769.30005,37158.76,262143.0,52167.96,8889.34,16292.04,1580.98,6085.2,120552.96,3928.7,1024618.9,2619.9075
23411.7,558.92004,1537.03,17387.75,2675.28,444.31003,334.28,-9.59,710.16003,6223.8003,3929.2,42382.195,186.71475
18017.7,226.08,7879.83,96617.805,10140.63,1405.15,3314.03,239.75,1536.4801,27265.922,3931.5,217279.11,1249.4506
22438.17,354.82,273.18002,4463.5103,1183.78,87.920006,1774.15,78.090004,2572.6802,2861.76,3932.2,7532.6895,33.81052
17854.14,251.20001,166.42,2733.37,637.42004,254.34001,1431.65,82.2,1606.4401,1842.7201,3932.5,4588.8794,25.651125
62707.86,1191.63,39515.332,262143.0,56463.48,8766.88,13947.97,1196.01,6553.8003,127145.05,3932.9,1089599.1,1800.7423
22124.1,295.16,9330.511,115756.1,13660.57,2245.1,4482.64,358.94,2346.9602,30526.32,3932.9,257280.3,1204.8375
16518.69,270.04,131.88,1827.4801,692.37,191.54001,1235.74,290.44,1108.8,2167.4402,3934.6,3636.4705,21.827185
22740.93,359.53,98.91,2515.1401,1292.11,113.04,2305.71,172.62,1465.2001,2849.8801,3934.7,2727.3528,11.4360075
32884.26,439.6,16569.781,200975.7,23650.48,4045.8901,7799.41,657.6,3260.4001,53924.64,3936.3,456896.56,1439.7136
26802.09,335.98,12575.7,152593.02,18105.24,2731.8,5969.09,524.71,2735.04,39399.363,3937.2,346763.44,1340.5675
51069.87,973.4,41551.62,262143.0,59214.12,8996.101,17594.91,1507.0,4956.6,133277.77,3937.3,1145748.0,2325.3347
20565.93,467.86002,8412.061,102009.18,18923.21,3549.77,18937.51,1717.98,5731.4404,34657.92,3939.2,231954.88,1168.5076
41793.93,821.11005,24631.73,262143.0,36474.242,6052.35,12779.36,1087.78,5158.56,81300.125,3940.8,679197.44,1684.1195
64869.81,1361.1901,51621.6,262143.0,70734.78,10280.36,20160.92,1539.88,8070.4805,163137.48,3940.9,1423418.5,2274.2957
13522.41,215.09001,17.27,1387.88,444.31003,42.390003,820.63,50.69,1190.64,2319.24,3941.2,476.20447,2.6516342
82817.914,1571.5701,66103.28,262143.0,92642.56,15787.921,29049.48,2337.22,12067.44,209328.25,3943.8,1822737.5,2281.1685
41130.99,634.28,19182.26,236426.31,27341.55,4308.08,9996.89,745.28,4197.6,63027.363,3945.7,528933.25,1332.4587
8261.5205,144.44,637.42004,8371.24,4786.93,1475.8,7107.56,558.96,2125.2002,6658.08,3946.0,17576.275,219.60469
15330.2705,251.20001,117.75001,1262.28,514.96,238.64001,1245.33,49.32,1098.24,1561.56,3946.0,3246.8486,20.961405
15957.54,295.16,441.17,5141.75,1029.92,268.47,-6.85,-34.25,234.96,2980.56,3947.3,12164.859,78.04766
32533.65,579.33,21301.76,257745.34,29994.852,5534.25,10631.2,890.5,3851.7603,67978.68,3947.6,587376.56,1871.1115
16248.99,224.51001,113.04,1818.06,590.32,130.31,727.47003,108.23,1327.92,2378.6401,3947.9,3116.9746,18.890915
77667.51,1563.7201,47522.332,262143.0,63490.8,9961.65,17652.45,1694.6901,9209.641,150526.2,3948.1,1310384.9,1748.4735
15386.82,348.54,81.64,1290.54,649.98004,200.96,152.07,54.8,398.64,1825.56,3948.3,2251.1482,14.170611
9593.49,243.35,150.72,1387.88,527.52,160.14,64.39,39.73,-10.56,954.36005,3950.3,4155.9663,43.920364
21136.65,295.16,205.67001,3552.9102,849.37006,-48.670002,1591.9401,89.05,1837.4401,1950.9601,3950.5,5671.1626,26.821709
34452.0,557.35004,20074.021,242740.84,26335.182,3532.5,7677.48,653.49,4717.68,65457.484,3956.3,553522.75,1664.9766
27717.33,434.89,16558.791,200126.34,22372.5,3954.83,5547.13,513.75,2414.28,50293.32,3956.5,456593.5,1707.1508
37264.71,522.81,22564.041,262143.0,29724.81,4915.67,6014.3,612.39,4770.48,72320.164,3957.4,622182.8,1730.2833
57707.1,1292.11,54836.96,262143.0,77975.625,11476.7,24057.2,2234.47,7691.64,174657.12,3959.0,1512079.0,2716.0217
14599.47,196.25,161.71,1598.26,835.24005,105.19,857.62,71.24,1663.2001,1482.3601,3959.5,4459.0054,30.670053
45516.66,805.41003,35998.53,262143.0,53796.05,8421.48,16707.15,1456.31,4952.64,118054.2,3959.6,992626.56,2260.3271
37103.76,817.97003,37521.43,262143.0,51784.883,8077.6504,12408.09,1079.56,5973.0,117159.24,3960.0,1034619.1,2890.415
39346.62,492.98,1350.2001,18510.3,3620.4202,984.39,423.33,-39.73,1366.2001,10111.2,3960.2,37230.53,97.11596
15899.25,227.65001,519.67004,6598.7104,1194.77,397.21002,20.55,50.69,405.24002,2893.4402,3960.4,14329.426,92.45446
14748.24,136.59001,98.91,1591.9801,629.57,193.11,932.97003,35.62,1314.7201,2067.12,3961.3,2727.3528,18.1756
41231.04,934.15,43102.78,262143.0,66519.336,11594.45,28982.35,2709.86,10978.44,146201.89,3962.3,1188519.8,2988.028
14552.49,224.51001,86.350006,1775.67,675.10004,72.22,1290.54,126.04,1092.9601,1543.0801,3962.5,2381.0225,15.965788
29667.871,389.36002,18312.48,224596.36,26247.262,3626.7002,7041.8,683.63,3136.32,58700.402,3964.0,504949.9,1763.858
48843.54,1251.29,44109.152,262143.0,60912.863,11506.53,20670.56,1975.54,8685.601,140851.92,3964.4,1216269.5,2581.0852
40743.84,805.41003,28889.57,262143.0,39895.27,6518.64,11314.83,853.51,5038.4404,94506.73,3965.6,796603.5,2026.3473
10591.38,130.31,42.390003,1221.4601,390.93002,39.25,590.47003,-36.99,1052.04,1671.1201,3966.0,1168.8656,10.443527
54993.57,1265.42,48825.43,262143.0,70565.22,11864.49,23357.13,1696.06,7848.72,153567.48,3966.6,1346316.5,2537.535
50659.23,1058.18,47304.1,262143.0,66885.14,10595.931,19919.8,1739.9,6485.16,150027.25,3966.6,1304367.4,2668.8645
58078.59,921.59,34623.21,262143.0,48236.68,8421.48,15657.73,1233.0,6850.8003,112714.805,3966.6,954703.4,1703.5128
41022.24,814.83,27694.8,262143.0,38008.133,5257.93,12416.31,868.58,3912.4802,89169.96,3967.2,763658.8,1929.3138
91213.414,4505.9004,174828.92,262143.0,241973.12,38928.152,69179.52,6040.33,29973.24,262143.0,3969.1,4820747.5,5479.29
21729.99,408.2,780.29004,9247.301,1637.51,340.69,9.59,42.47,533.28,4623.96,3969.5,21515.783,101.67046
70698.81,1439.6901,54899.76,262143.0,74085.164,11947.7,22541.98,1961.84,10488.721,175138.92,3971.1,1513810.8,2219.2778
33978.72,503.97003,23970.762,262143.0,33839.78,4877.99,10524.34,931.6,4235.8804,77037.84,3971.3,660971.8,2016.0831
19421.88,273.18002,135.02,2636.03,1135.11,193.11,1448.09,146.59,1788.6001,2589.84,3971.4,3723.0532,18.87723
36075.42,442.74002,18750.51,229135.23,25754.281,3702.06,6203.36,761.72003,7587.3604,63781.082,3971.6,517028.16,1485.109
3096.33,103.62,12.56,50.24,36.11,-1.57,1.37,-12.33,17.16,228.36002,3973.5,346.33054,10.598222
14159.25,124.03001,265.33002,3372.36,1091.15,84.78001,102.75,61.65,270.6,2814.24,3974.5,7316.2324,52.579063
43488.69,728.48004,35717.5,262143.0,47608.68,7950.4805,11224.41,975.44,4816.68,109932.24,3975.2,984877.4,2347.3005
33510.66,453.73,20127.4,248190.31,26482.762,3774.28,2422.16,169.88,2530.4402,63117.12,3975.5,554994.6,1716.3296
37179.45,538.51,14439.29,179523.22,20843.32,3375.5,7176.06,815.15,5393.52,51041.76,3976.8,398150.22,1109.4318
93007.35,2942.1802,88836.88,262143.0,138415.92,25969.371,64917.45,5719.75,25407.361,262143.0,3978.1,2449595.8,2730.021
72093.42,1274.8401,39622.09,262143.0,54656.41,9740.28,17831.92,1528.92,8479.681,129928.92,3978.3,1092542.9,1570.4144
61260.18,1303.1001,45517.44,262143.0,64677.723,11071.641,24135.291,2228.99,8289.601,147425.53,3980.0,1255101.8,2123.46
47130.51,1084.87,36954.66,262143.0,49775.28,8225.23,13508.2,1323.42,5277.3604,115795.69,3981.2,1018990.94,2240.899
52861.2,822.68005,32045.271,262143.0,46892.76,7452.79,15742.67,1327.53,6593.4004,106229.64,3981.3,883619.06,1732.3087
18177.78,288.88,299.87,4125.96,739.47003,142.87001,24.66,1.37,332.64,2110.6802,3982.5,8268.641,46.167316
33802.98,918.45,38246.77,262143.0,54453.883,8812.41,18152.5,1785.11,5837.04,121103.41,3984.5,1054619.6,3234.1077
60854.76,1033.06,27661.83,262143.0,37990.86,6868.75,14665.85,1475.49,6710.8804,92027.766,3985.4,762749.7,1298.6768
40894.35,907.46,44999.34,262143.0,69956.06,11008.841,17403.11,1598.79,4841.7603,148422.12,3986.5,1240815.6,3145.2397
58999.05,1260.7101,41088.473,262143.0,61131.094,9702.601,23822.93,1864.57,8404.44,133646.05,3987.9,1132977.0,1990.2415
55419.87,1208.9,56516.863,262143.0,79449.85,12709.15,25658.73,1931.7,8141.7603,180103.45,3988.1,1558400.8,2914.8254
7876.11,54.95,-6.28,-47.100002,-50.24,23.550001,-4.11,-35.62,-23.76,-93.72,3988.2,-173.16527,-3.279801
34516.38,532.23004,23261.121,262143.0,30742.172,5198.27,7448.69,663.08,5920.2,74083.68,3988.7,641404.1,1925.8788
41647.77,802.27,37712.973,262143.0,52174.242,7335.04,11669.66,1115.18,4011.4802,118615.2,3989.8,1039900.75,2588.0952
55994.94,1212.04,49285.44,262143.0,67894.65,10170.46,23546.19,2034.45,8184.0005,156594.25,3990.7,1359001.0,2515.627
49135.86,1653.2101,84623.0,262143.0,113821.87,18612.352,31578.5,2922.21,9658.44,262143.0,3991.0,2333401.8,4923.236
47649.9,756.74005,28451.541,262143.0,37965.742,6590.8604,12525.91,1196.01,5472.72,91703.05,3993.2,784525.2,1706.233
17930.7,293.59,62.800003,2852.6902,599.74,84.78001,1293.28,104.12,1395.2401,2093.52,3993.2,1731.6526,9.014089
56430.81,1011.08,40680.27,262143.0,55984.633,8884.63,20747.28,1827.58,4765.2,128397.73,3993.3,1121721.2,2060.183
74511.15,2122.6401,93140.25,262143.0,128426.01,18028.31,32305.97,2794.8,12239.04,262143.0,3993.4,2568257.2,3573.0872
13270.11,324.99002,116.18,1708.16,420.76,29.830002,137.0,-17.81,231.00002,1157.64,3994.2,3203.5571,24.032593
20846.94,397.21002,103.62,2143.05,649.98004,211.95001,1223.41,65.76,1799.16,2059.2002,3994.4,2857.2268,13.21184
30300.36,682.95,25536.05,262143.0,43484.293,8531.38,18001.8,1486.45,5775.0,89305.92,3994.5,704133.25,2408.6555
5678.49,412.91,3447.7202,42234.57,4832.46,1153.9501,149.33,34.25,726.0,13332.001,3994.5,95067.734,1734.9938
9847.53,81.64,91.060005,1425.56,157.0,86.350006,767.2,120.56,624.36005,1155.0,3995.2,2510.8962,25.439262
37046.34,577.76,6653.66,79098.17,10506.44,2055.1301,5754.0,417.85,1829.52,25219.922,3996.3,183468.6,512.52826
11176.89,147.58,232.36,2973.58,1106.8501,571.48004,165.77,65.76,576.84,2725.8,3996.8,6407.1143,58.441444
27536.371,354.82,4578.12,56075.69,7088.5503,667.25,1250.81,120.56,1911.3601,15288.24,3997.3,126237.48,474.36752
63230.73,849.37006,35775.59,262143.0,47589.84,8024.2705,12434.12,957.63,6221.16,115407.6,3998.7,986479.2,1616.7358
38891.61,708.07,25848.48,262143.0,36544.89,4945.5,8387.14,764.46,4282.08,85485.84,3999.0,712748.2,1899.3259
3471.3,146.01001,3921.86,46019.84,5069.5303,1188.49,156.18001,-17.81,339.24002,12722.16,4000.0,108141.7,3229.3452
53839.082,1568.43,65845.805,262143.0,93349.06,14100.171,27467.13,2518.06,8247.36,206925.84,4000.8,1815637.9,3495.8699
25231.74,477.28003,15329.48,185093.6,21490.16,3096.04,5264.91,623.35,2555.52,48612.96,4000.9,422696.4,1736.1177
11096.85,185.26001,73.79,898.04004,351.68002,122.46001,397.3,142.48,1140.4801,1272.4801,4000.9,2034.6918,18.012833
43470.42,1201.05,8820.261,106819.664,13225.681,2205.85,1585.09,221.94,2032.8,32371.682,4001.0,243210.62,579.145
21569.91,317.14,213.52,2890.37,1519.76,849.37006,1348.08,153.44,930.60004,3762.0002,4001.4,5887.6187,27.30344
37097.67,2268.6501,55516.773,262143.0,88127.24,15331.051,25910.81,2444.08,11058.96,195369.25,4003.0,1530824.2,4277.8447
39627.63,569.91003,25531.342,262143.0,35679.82,5278.3403,9883.18,857.62,3915.12,82855.086,4003.2,704003.4,1841.1481
33328.832,565.2,20336.21,247962.67,27922.451,4964.3403,7636.38,691.85,3416.1602,65449.562,4004.0,560752.44,1743.6123
13836.48,205.67001,158.57,2836.99,1637.51,866.64,456.21,-19.18,1061.28,3494.04,4004.6,4372.423,31.767582
55227.6,1951.51,73633.0,262143.0,106898.164,15530.44,35081.59,3133.19,15389.881,236278.69,4009.0,2030362.6,3811.1091
31862.01,671.96,25060.342,262143.0,34648.332,6429.1504,9931.13,1020.65,3777.84,79332.0,4009.9,691016.0,2247.862
24310.41,717.49005,26410.541,262143.0,37725.53,6710.18,12957.46,1246.7,3492.7202,83445.125,4011.0,728246.5,3105.2327
30801.48,888.62006,35704.94,262143.0,50338.91,8174.99,14687.7705,1342.6,5219.2803,114425.52,4011.2,984531.1,3313.4062
21458.55,343.83002,14.13,1394.16,901.18005,392.5,34.25,60.28,559.68,1907.4,4012.5,389.62183,0.8827418
90929.79,1719.15,61195.46,262143.0,85469.234,12966.631,25147.72,2159.12,11948.641,201487.45,4014.4,1687408.9,1923.2523
44237.76,970.26,37873.11,262143.0,52530.633,9278.7,15613.89,1370.0,4821.96,117490.56,4014.8,1044316.4,2446.8613
16342.08,218.23001,226.08,2276.5,584.04004,169.56001,1019.28,67.13,1811.04,1756.92,4016.2,6233.949,38.55522
45681.09,522.81,24562.65,262143.0,35161.723,5801.1504,9866.74,894.61,4569.8403,79087.805,4017.9,677292.6,1536.4032
18193.44,230.79001,62.800003,2292.2002,618.58,56.52,1183.68,184.95,3319.8,2785.2002,4018.7,1731.6526,8.869471
47562.03,912.17004,34728.402,262143.0,52909.0,9201.7705,20808.93,1830.32,8030.8804,119156.41,4019.3,957603.94,2086.7256
60447.6,901.18005,36624.96,262143.0,52937.26,8124.7505,19488.25,1701.54,6636.9604,121144.33,4019.4,1009899.8,1731.3958
53484.992,956.13,34499.18,262143.0,46997.953,6055.49,12816.35,1171.35,7168.9204,110777.05,4020.4,951283.3,1843.2756
53470.2,1364.3301,51949.73,262143.0,69348.47,11701.21,19327.96,1764.56,7398.6,162345.48,4021.3,1432466.2,2776.9248
11996.43,67.51,70.65,1034.63,442.74002,34.54,513.75,-6.85,792.00006,1395.2401,4022.2,1948.1091,15.838722
162721.33,8284.891,262143.0,262143.0,262143.0,70091.086,139529.02,11825.84,54587.28,262143.0,4023.4,7228353.5,4605.2
30159.42,745.75,1739.56,21683.271,2694.12,423.90002,261.67,-1.37,813.12006,8054.64,4023.5,47966.777,163.917
60052.62,2034.7201,71786.68,262143.0,106066.06,17830.49,37210.57,3007.15,12290.5205,238149.12,4025.0,1979452.0,3416.912
37331.7,981.25006,42931.652,262143.0,57926.723,9534.61,19454.0,1659.07,6568.3203,133191.97,4025.0,1183801.0,3287.1287
33498.48,752.03,25809.23,262143.0,36428.71,6020.95,12965.68,1049.42,4913.04,84124.92,4025.5,711665.94,2201.9211
26628.09,503.97003,11760.87,143739.78,16017.141,2452.34,7429.5103,572.66,2704.6802,38859.48,4026.1,324295.25,1261.8403
52992.57,1337.64,48775.19,262143.0,72808.75,11168.98,25754.63,2309.82,8382.0,157358.53,4027.6,1344931.2,2630.6794
24703.65,558.92004,442.74002,5967.5703,1565.29,488.27002,160.29,6.85,677.16003,3264.36,4028.5,12208.151,50.243248
32247.42,667.25,23785.5,262143.0,33287.14,4987.89,11943.66,1015.17,4564.56,77330.88,4028.9,655863.4,2107.95
71135.55,1425.56,54976.69,262143.0,78729.22,15075.141,26642.39,2241.32,10692.0,180692.17,4029.0,1515932.0,2208.7388
28404.63,775.58,31177.06,262143.0,45657.17,6637.9604,14779.56,1157.65,4080.12,99155.766,4029.1,859678.94,3137.304
10694.04,185.26001,92.630005,1770.9601,558.92004,18.84,101.38,31.51,246.84001,1488.9601,4029.3,2554.1877,23.766172
9838.83,164.85,43.960003,596.60004,128.74,-1.57,-10.96,15.07,75.240005,141.24,4029.5,1212.1569,11.775068
76038.0,1752.1201,71769.414,262143.0,99528.586,15976.32,29033.041,2593.41,9405.0,225207.84,4030.2,1978976.0,2697.7192
39311.82,750.46,29245.96,262143.0,40955.02,7207.87,12347.81,1169.98,3925.6802,91476.0,4030.3,806430.6,2126.1187
21480.3,337.55002,163.28,2463.33,888.62006,125.600006,2056.37,138.37,1704.1201,2150.28,4031.1,4502.2964,20.734097
15177.15,698.65,19738.041,241720.34,34400.27,5774.46,17536.0,1619.34,6713.5205,76059.73,4032.0,544258.44,3717.4573
17482.65,186.83,309.29,4103.98,2339.3,1015.79004,676.78,98.64,1610.4,5522.8804,4032.0,8528.389,49.58335
12620.22,138.16,381.51,4970.62,1117.8401,398.78,1257.66,86.31,689.04004,3564.0002,4033.1,10519.789,85.43468
77929.38,1681.4701,57353.67,262143.0,79787.41,12618.091,23931.16,2305.71,9257.16,185312.17,4033.3,1581475.0,2103.3064
11960.76,102.05,185.26001,2464.9001,1135.11,277.89,145.22,-20.55,768.24005,2382.6,4033.5,5108.3755,43.28656
27708.63,505.54,3786.84,50922.953,14679.501,3692.6401,22907.77,2085.14,5879.2803,27742.441,4033.7,104418.65,389.7607
38607.12,2143.05,71328.24,262143.0,99335.48,16656.13,32464.89,2689.31,11605.44,224518.81,4033.7,1966811.0,5281.544
10506.99,116.18,91.060005,412.91,167.99,106.76,19.18,56.170002,295.68002,546.48004,4033.8,2510.8962,23.77983
19245.27,657.83,20588.98,254239.53,37472.76,6214.06,22388.541,1687.84,5940.0,74995.805,4034.3,567722.3,3057.8618
28825.71,970.26,741.04004,8955.28,1858.88,472.57,145.22,102.75,1016.4,6017.8804,4037.8,20433.502,72.503944
36968.04,585.61005,18072.271,219826.7,24963.0,3653.3901,8592.64,680.89,3713.1602,59175.6,4037.8,498326.34,1396.7687
95852.25,1893.42,85214.89,262143.0,115889.555,19307.861,29124.83,2637.25,10995.601,262143.0,4038.0,2349722.8,2540.9219
13243.14,135.02,95.770004,1612.39,890.19,29.830002,1045.31,128.78,1052.04,1815.0001,4038.6,2640.7703,19.677002
40722.09,868.21,33271.44,262143.0,45625.773,5948.73,14472.68,1130.25,4381.08,100667.164,4039.7,917429.56,2335.0952
59247.87,1395.7301,74614.25,262143.0,104530.6,16386.09,30320.84,2585.19,7741.8003,227657.77,4040.0,2057419.8,3599.792
35651.73,452.16,266.9,4637.7803,1701.88,147.58,2341.33,220.57,4639.8003,4783.68,4040.2,7359.523,20.405085
59724.63,965.55005,47473.66,262143.0,65961.984,9930.25,16823.6,1293.28,6508.9204,147309.36,4040.7,1309042.8,2271.7322
31071.18,423.90002,227.65001,3742.8801,1613.9601,816.4,3079.76,260.3,3232.6802,3575.8801,4041.2,6277.2407,19.948788
30302.1,706.5,30619.71,262143.0,42174.91,6124.5703,16152.3,1417.95,4383.72,97512.37,4041.4,844310.5,2888.1982
107933.94,3022.25,120387.6,262143.0,174174.23,30074.922,64247.52,5941.69,23517.121,262143.0,4041.7,3319578.0,3188.1338
45044.25,956.13,32219.541,262143.0,43792.01,6904.8604,15828.98,1634.41,4540.8003,102263.05,4043.0,888424.4,2044.168
17655.78,210.38,828.96,10990.0,1904.41,775.58,23.29,38.36,865.92004,6056.16,4044.3,22857.814,133.24425
50289.48,1361.1901,36505.64,262143.0,61595.812,9095.011,29301.56,2705.75,8069.16,121639.33,4044.6,1006609.6,2074.5435
39931.26,893.33,31988.752,262143.0,46519.1,7791.91,14515.15,1274.1,5018.64,99743.164,4045.2,882060.56,2289.5156
44497.89,737.9,24832.691,262143.0,38100.76,7129.37,16278.34,1535.77,5842.3203,85407.96,4045.5,684738.75,1594.6343
12451.44,318.71002,15.700001,1003.23004,640.56,251.20001,167.14,-6.85,244.20001,1290.9601,4047.2,432.91315,2.6051977
12996.93,571.48004,1381.6001,18149.201,8094.9204,2315.75,10210.61,1086.41,2636.04,12903.001,4049.6,38096.36,302.9419
9798.81,119.32001,61.230003,1249.7201,373.66,-14.13,785.01,43.84,752.4,1236.8401,4050.0,1688.3613,16.86652
40615.95,621.72003,20287.541,247384.9,26068.281,3270.31,2746.85,194.54,3677.5203,62673.6,4050.1,559410.4,1427.1763
22353.78,241.78001,76.93,2194.86,948.28,425.47,1893.34,205.5,1598.52,3508.56,4050.4,2121.2744,8.839971
26347.95,367.38,11525.37,144797.97,17056.48,2300.05,6981.52,527.45,2802.36,39378.242,4050.4,317801.53,1249.7112
12242.64,152.29001,62.800003,1593.55,331.27002,37.68,897.35,141.11,1271.16,1950.9601,4050.5,1731.6526,13.666739
14634.2705,199.39,56.52,1309.38,802.27,241.78001,1368.63,52.06,988.68005,1752.9601,4050.9,1558.4873,10.042822
4015.05,167.99,4229.58,51536.82,6079.04,1031.49,79.46,101.38,369.6,14096.28,4052.3,116626.805,3011.0022
60195.3,957.7,54769.453,262143.0,79592.73,12057.601,24007.88,2272.83,5441.04,173704.1,4052.4,1510217.6,2600.506
52962.12,745.75,21165.17,262143.0,35040.832,6604.99,14846.69,1434.39,6349.2,74787.24,4053.4,583610.2,1141.6293
74479.83,2664.29,143764.9,262143.0,206180.25,31963.63,59930.65,5248.47,19685.16,262143.0,4053.9,3964185.8,5518.0356
43583.52,946.71,43606.75,262143.0,59115.21,8146.7305,16770.17,1442.61,5682.6,136424.64,4055.0,1202416.2,2859.7534
12410.55,150.72,37.68,1391.02,521.24,255.91,1023.39,108.23,1045.4401,1452.0,4055.6,1038.9916,7.6809826
33655.082,595.03,15996.73,196557.73,23203.031,3510.52,7289.77,713.77,3491.4001,50998.203,4056.1,441095.22,1358.0316
24952.47,318.71002,11379.36,139263.72,17416.01,3089.76,5323.82,437.03,2773.32,35263.8,4056.3,313775.44,1302.927
62216.31,2406.81,44084.03,262143.0,63269.434,10316.471,16948.27,1680.99,7497.6,148291.45,4057.1,1215576.9,2024.9376
33497.61,653.12,23862.432,262143.0,36392.6,5848.25,14838.47,1227.52,6110.2803,79768.92,4060.0,657984.75,2035.8071
43930.65,899.61005,28881.72,262143.0,39939.23,7400.9805,13520.53,1046.68,5306.4004,95709.24,4060.1,796387.0,1878.7688
31116.42,458.44,219.8,3538.78,1136.68,471.00003,1667.29,241.12,3612.84,5295.8403,4062.3,6060.784,19.19701
7712.55,48.670002,48.670002,682.95,342.26,65.94,10.96,-8.22,72.600006,1149.7201,4063.3,1342.0308,17.04315
12896.01,268.47,499.26,6369.49,989.10004,153.86,46.58,27.4,178.20001,3102.0002,4063.9,13766.638,109.69307
57239.04,763.02,29249.102,262143.0,42820.18,7476.3403,13906.87,1108.33,6351.8403,96416.766,4064.5,806517.25,1460.0638
7508.1,94.200005,47.100002,649.98004,378.37003,81.64,542.52,38.36,803.88,831.60004,4064.6,1298.7395,16.93659
44350.86,785.0,22232.771,262143.0,31054.602,5119.77,10780.53,850.77,5021.2803,74267.164,4065.1,613048.3,1432.3114
44612.73,879.2,24024.14,262143.0,33543.05,4444.67,13546.56,942.56,4387.68,79139.28,4065.4,662443.7,1538.7068
33180.93,626.43,23377.3,262143.0,32351.422,5199.8403,9551.64,793.23,2980.56,72029.766,4065.7,644607.7,2013.4423
31498.35,577.76,19387.93,236814.1,28145.39,4443.1,8632.37,680.89,4123.68,61364.164,4066.1,534604.44,1758.9187
46717.26,982.82,40100.94,262143.0,57184.113,8344.55,17404.48,1238.48,5899.08,124956.484,4066.2,1105746.8,2453.2915
63788.4,1551.16,50885.273,262143.0,72648.61,11779.71,20592.47,1639.89,10637.881,167704.69,4066.3,1403114.9,2279.864
18525.78,303.01,59.660004,1416.14,563.63,65.94,1370.0,127.41,910.80005,1441.4401,4066.5,1645.0701,8.207799
55109.28,2559.1,64399.832,262143.0,91574.96,13038.851,27886.35,2313.93,9473.641,208017.48,4068.1,1775766.5,3340.2502
48441.6,756.74005,30217.791,262143.0,44245.742,7812.3203,14975.47,1398.77,6079.9204,98511.6,4068.6,833227.94,1782.5825
58238.67,2270.22,72541.85,262143.0,101732.87,16536.81,33403.34,3140.04,10428.0,223957.81,4069.5,2000275.2,3560.4446
36245.07,503.97003,12468.94,155401.75,20676.9,4190.33,10969.59,1001.47003,4152.72,44352.0,4069.7,343819.62,982.6251
17187.72,276.32,50.24,1807.0701,1051.9,285.74002,1406.99,98.64,1416.3601,2306.04,4069.7,1385.3221,7.3575764
56354.25,1425.56,65390.504,262143.0,90998.77,15170.91,28760.41,2341.33,12423.841,216602.77,4069.7,1803083.4,3316.6992
43493.04,894.9,25091.74,262143.0,35043.973,6022.52,12128.61,1083.67,6028.4404,83020.086,4073.0,691881.8,1648.5294
57800.19,1869.8701,81753.04,262143.0,112691.46,16640.43,34255.48,3056.47,14254.681,262143.0,4073.4,2254265.2,4043.1162
89382.06,1615.53,47633.8,262143.0,65012.133,11456.29,21985.76,2041.3,13346.5205,157398.12,4073.5,1313458.5,1522.7505
9396.0,188.40001,-4.71,1011.08,343.83002,43.960003,101.38,5.48,182.16,898.92004,4073.9,-129.87395,-2.4332664
3256.41,62.800003,-17.27,153.86,23.550001,-26.69,-12.33,12.33,5.28,44.88,4074.0,-476.20447,-16.163597
23356.02,285.74002,860.36005,12709.15,6597.14,1678.3301,9940.72,941.19,2505.36,10524.36,4075.5,23723.64,104.32474
27778.23,703.36005,12767.24,158260.72,21662.861,4212.31,10932.6,1106.96,4477.44,49175.28,4076.5,352044.97,1313.1394
27672.09,499.26,12727.99,156941.92,17535.33,2427.22,4666.22,380.86002,2679.6,42860.402,4076.5,350962.7,1314.1245
24807.18,747.32,19084.92,240136.22,32302.752,6152.83,17815.48,1516.59,6705.6,70868.164,4076.9,526249.2,2198.6921
19036.47,453.73,825.82,10694.841,2257.6602,673.53,217.83,5.48,566.28,4231.9204,4077.0,22771.23,123.03606
30549.18,609.16003,21918.771,262143.0,29211.422,5162.16,8651.55,808.3,3311.8801,69478.2,4077.6,604390.06,2050.4722
19058.22,287.31,103.62,2420.9402,789.71,186.83,1268.62,73.98,1562.88,2944.9202,4078.0,2857.2268,14.545699
3867.15,56.52,72.22,67.51,4.71,64.37,27.4,-26.03,122.76,191.40001,4078.3,1991.4005,52.39683
24899.4,361.1,10429.511,127063.24,12743.69,2632.8901,1549.47,46.58,1624.92,33236.28,4078.8,287584.22,1196.6338
16890.18,496.12003,111.47,1351.77,574.62,306.15002,263.04,-35.62,261.36002,1272.4801,4079.7,3073.6833,17.870037
45750.69,789.71,27087.21,262143.0,38129.02,6297.27,13050.62,1015.17,6581.52,90868.805,4080.0,746905.06,1691.8387
28512.51,728.48004,27052.672,262143.0,39879.57,6385.1904,13826.04,1465.9,4275.48,87233.52,4082.2,745952.7,2711.8372
27191.85,466.29,14029.5205,169578.84,19419.33,3234.2002,4029.17,475.39,2271.72,44155.32,4082.5,386851.2,1474.2074
26146.11,351.68002,12624.37,154536.67,16414.35,1982.91,5140.24,391.82,3152.1602,40191.363,4082.9,348105.47,1379.5485
31211.25,486.7,11861.351,144964.39,16948.15,2406.81,5452.6,548.0,4143.48,41900.76,4084.0,327065.9,1085.6057
59569.77,1099.0,45727.82,262143.0,60675.793,10299.2,17975.77,1578.24,6075.9604,144698.4,4086.1,1260902.9,2193.8438
38807.22,973.4,42000.64,262143.0,56402.25,8452.88,16519.46,1189.16,4943.4004,130800.125,4086.5,1158129.2,3093.5137
51872.01,1310.9501,37122.652,262143.0,51753.48,7204.7305,11594.31,1063.12,4890.6,117783.6,4086.9,1023623.2,2045.232
38499.24,692.37,30679.371,262143.0,42324.062,6496.66,11680.62,1223.41,5889.8403,99838.2,4086.9,845955.56,2277.47
25047.3,310.86002,951.42004,13498.86,4232.72,2080.25,1500.15,279.48,2369.4001,11947.32,4087.2,26234.537,107.607635
45453.15,913.74005,30461.14,262143.0,42751.1,7514.02,13119.12,1174.09,4527.6,99595.32,4087.7,839938.06,1915.1575
49363.8,1844.7501,80429.53,262143.0,110295.64,16605.89,29078.25,2561.9,12033.12,256839.02,4088.5,2217770.8,4657.6055
33764.7,536.94,458.44,8587.9,4378.73,1681.4701,586.36,102.75,2192.52,10517.761,4089.7,12641.063,37.821167
48810.48,1794.51,73855.945,262143.0,112141.96,18591.941,34071.9,3220.87,13280.5205,251362.33,4091.3,2036510.1,4325.347
42636.96,1174.36,35500.84,262143.0,62270.91,9776.391,33548.56,2974.27,9529.08,129270.24,4092.6,978903.2,2379.682
40655.97,764.59,27321.14,262143.0,36351.78,5948.73,11579.24,935.71,3826.6802,83750.05,4092.7,753355.44,1920.4253
33039.99,533.8,18315.621,221077.98,25834.352,3995.6501,12149.16,1022.02,2307.36,60306.844,4093.6,505036.5,1584.0055
36060.63,1546.4501,33034.37,262143.0,56969.023,10762.351,30893.5,2793.43,12116.28,123723.6,4094.0,910892.56,2618.279
78443.55,1530.75,60532.92,262143.0,79280.29,11696.5,15020.68,1363.15,10045.2,191092.45,4094.1,1669140.0,2205.3958
32375.31,775.58,35279.473,262143.0,47691.89,7573.68,10414.74,1089.15,7328.64,110948.64,4094.9,972799.2,3114.7107
48401.582,1413.0,26076.13,262143.0,52788.113,10256.811,35277.5,3114.01,13969.561,102581.164,4095.5,719025.44,1539.3966
36605.25,571.48004,25149.83,262143.0,34916.8,6364.7803,11662.81,934.34,4536.8403,79801.92,4096.0,693483.56,1963.4487
26871.69,452.16,252.77,3873.1902,1268.56,397.21002,2641.36,224.68001,3032.04,3104.6401,4096.8,6969.902,25.895494
111879.39,3030.1,109755.56,262143.0,152633.83,23551.57,40350.61,3704.48,16335.001,262143.0,4097.5,3026409.2,2803.9521
54743.01,708.07,26333.611,262143.0,36078.6,4779.08,12064.22,934.34,4806.12,85261.445,4097.8,726125.25,1374.4054
12938.64,226.08,1048.76,13764.19,5465.1704,1880.8601,5467.67,564.44,2209.6802,9453.841,4099.1,28918.598,230.75894
14174.04,92.630005,324.99002,4502.7603,1477.37,777.15,346.61002,-24.66,798.60004,3795.0002,4102.5,8961.303,64.55795
92465.34,4151.08,158964.08,262143.0,262143.0,49382.78,115080.0,10528.45,45756.48,262143.0,4102.6,4383289.0,4914.5146
47982.242,763.02,1945.2301,24666.271,4523.17,1097.43,698.7,109.6,1358.28,10975.801,4103.5,53637.94,114.91495
39862.53,957.7,33387.62,262143.0,45875.402,7810.7505,13791.79,1141.21,5343.3604,104752.56,4104.5,920633.1,2393.802
115070.55,2804.02,120436.27,262143.0,168019.83,27760.74,50553.0,4330.57,16199.041,262143.0,4104.8,3320920.0,2991.555
57162.48,963.98004,27724.63,262143.0,43132.613,7693.0005,18225.11,1813.88,10769.881,98078.64,4106.9,764481.3,1385.7676
62995.832,1191.63,36067.61,262143.0,50902.543,8784.15,19390.98,1601.53,8048.0405,118191.484,4107.5,994531.3,1636.0221
44146.41,1491.5,48715.53,262143.0,71413.02,11145.431,22854.34,1811.14,7877.7603,155267.64,4109.6,1343286.2,3154.1577
13982.64,73.79,292.02002,3893.6,1304.67,678.24005,54.8,-16.44,666.60004,3466.32,4109.9,8052.185,58.71349
60130.92,1150.81,42016.34,262143.0,57650.402,8284.891,16301.63,1406.99,5752.56,133774.08,4111.2,1158562.1,1996.8796
45263.492,942.00006,24341.281,262143.0,35693.953,4821.47,14261.7,1402.88,6114.24,80308.805,4112.4,671188.56,1536.6035
16644.84,205.67001,303.01,2990.85,998.52,268.47,823.37,27.4,2732.4001,2845.9202,4113.2,8355.224,51.050674
78309.57,1464.81,59013.16,262143.0,83437.66,11928.86,23143.41,2046.78,7194.0005,184569.0,4114.2,1627233.9,2153.6812
71522.7,1676.76,54939.01,262143.0,76096.336,13137.761,24735.35,2028.97,8805.721,175134.97,4114.5,1514893.0,2195.271
54964.86,1078.5901,38096.05,262143.0,48536.55,7300.5,8261.1,730.21,7108.2,119883.73,4116.4,1050463.8,1980.7269
9329.01,105.19,113.04,1069.17,654.69,10.990001,568.55,94.53,699.60004,430.32,4117.6,3116.9746,33.6454
15611.28,218.23001,84.78001,1857.31,660.97003,323.42,1245.33,75.35,871.2,1481.04,4120.1,2337.7312,14.527586
24541.83,265.33002,10922.49,133522.22,16023.421,1932.67,5707.42,500.05,2869.6802,34219.68,4120.3,301177.7,1271.5175
17849.791,230.79001,182.12001,1584.13,1146.1001,524.38,341.13,10.96,294.36002,2617.56,4120.8,5021.7925,28.172491
13578.09,69.08,70.65,1628.0901,513.39,353.25,79.46,26.03,580.80005,2498.76,4123.4,1948.1091,13.877244
19654.17,357.96002,175.84001,2355.0,792.85004,32.97,1378.22,120.56,1686.9601,2514.6,4125.9,4848.6274,24.580675
23520.45,370.52002,237.07,3670.6602,888.62006,208.81001,1437.13,235.64,3055.8,3079.56,4126.0,6536.989,27.81907
63918.9,1613.9601,51525.832,262143.0,73543.516,12341.7705,25386.1,2112.54,9913.2,165962.28,4127.9,1420777.6,2303.8608
16515.21,364.24002,1009.51,13663.711,2518.28,646.84,200.02,71.24,718.08,6528.72,4128.8,27836.314,173.77345
61022.67,1758.4,53292.082,262143.0,77996.03,13574.221,28345.3,2570.12,12298.44,177520.2,4129.1,1469480.4,2496.011
15238.92,215.09001,175.84001,1957.79,505.54,56.52,1175.46,117.82,1061.28,1883.64,4129.5,4848.6274,31.99229
35984.94,568.34,397.21002,5830.98,1829.05,304.58002,2271.46,183.58,3890.04,5813.2803,4130.2,10952.703,30.560827
39594.57,854.08,40077.39,262143.0,57504.39,9011.801,17675.74,1565.91,4550.04,126838.805,4131.5,1105097.4,2893.095
11497.05,105.19,51.81,1546.4501,549.5,232.36,17.81,0.0,392.04,1250.04,4132.3,1428.6134,11.884755
41516.4,744.18005,270.04,4080.4302,1642.2201,378.37003,4411.4,404.15,3779.1602,4346.7603,4132.7,7446.1064,17.597624
65228.25,1332.93,30206.8,262143.0,43182.85,7162.3403,18057.97,1720.72,9877.561,104698.445,4133.0,832924.9,1323.0914
44133.36,921.59,43146.742,262143.0,59991.273,9008.66,16438.63,1485.08,5229.8403,136678.08,4133.1,1189732.0,2794.3103
16997.19,277.89,94.200005,1803.93,527.52,149.15001,1357.67,220.57,1667.16,2035.4401,4134.2,2597.479,14.846115
75965.79,1681.4701,62643.004,262143.0,89727.07,14508.37,28986.46,2481.07,11126.28,200254.56,4134.3,1727323.5,2356.7812
18201.27,310.86002,163.28,2289.06,700.22003,235.50002,1243.96,72.61,1808.4,2237.4001,4138.4,4502.2964,24.649582
52059.93,1111.56,33404.89,262143.0,50425.26,8286.46,21285.69,1630.3,6734.64,113890.92,4138.5,921109.3,1833.6594
28710.871,632.71,26993.012,262143.0,39085.152,7424.5303,13805.49,1297.39,4749.3604,89004.96,4138.6,744307.6,2687.153
10800.18,321.85,51.81,719.06,356.39,122.46001,145.22,-19.18,227.04001,525.36005,4138.9,1428.6134,12.716131
69723.54,2292.2002,106387.914,262143.0,149016.56,22191.951,49119.98,4210.0103,16496.041,262143.0,4139.5,2933549.5,4361.7656
59285.28,1337.64,46481.42,262143.0,64220.85,9726.15,17746.98,1393.29,6504.9604,149845.1,4140.3,1281682.8,2240.7207
24223.41,690.80005,23984.89,262143.0,37216.85,6041.3604,14364.45,1324.79,4131.6,79151.164,4143.3,661361.44,2830.0757
127249.68,3163.55,132143.77,262143.0,190819.38,31472.22,61367.78,5352.59,21801.121,262143.0,4145.5,3643743.5,2968.1968
66482.79,1125.6901,46153.293,262143.0,63264.723,9748.13,19421.12,1868.68,8866.44,147119.28,4145.9,1272634.9,1983.9175
42786.6,918.45,33229.05,262143.0,47917.973,7454.3604,15559.09,1449.46,5070.12,106150.445,4146.9,916260.7,2219.5427
7904.82,86.350006,53.38,-34.54,-150.72,-39.25,-45.21,-56.170002,89.76,128.04001,4147.3,1471.9047,18.307924
7789.98,26.69,-39.25,-127.170006,4.71,48.670002,60.28,61.65,-36.960003,-44.88,4147.4,-1082.2828,-15.406296
15459.9,255.91,128.74,1814.92,508.68002,17.27,1171.35,28.77,1184.04,1846.68,4148.3,3549.888,22.809805
27405.871,471.00003,11597.591,143645.58,15043.74,2840.1301,2313.93,193.17,3615.4802,41073.12,4148.5,319792.97,1208.966
11283.9,92.630005,130.31,1190.06,692.37,276.32,27.4,4.11,281.16,1404.4801,4149.1,3593.179,32.01927
73529.79,1372.18,42275.39,262143.0,63975.934,10487.601,25690.24,2101.58,12532.08,144145.33,4149.4,1165705.2,1642.8921
78744.57,1686.18,70745.77,262143.0,102502.164,15965.33,35218.59,2972.9,10381.801,221837.89,4150.1,1950750.0,2567.7915
22950.6,607.59,27234.791,262143.0,39147.953,5113.49,11746.38,882.28,3404.28,84936.73,4151.1,750974.44,3391.9622
25990.38,304.58002,241.78001,4443.1,2494.73,464.72,243.86,112.340004,1222.3201,5782.9204,4151.9,6666.863,25.598476
11339.58,185.26001,288.88,4155.79,766.16003,58.09,86.31,6.85,208.56001,2232.12,4153.0,7965.602,71.83993
56922.36,1183.78,18340.74,232322.33,34015.62,5592.3403,19367.69,1883.75,7950.3604,70110.484,4153.0,505729.12,920.26154
87900.45,2028.4401,59022.582,262143.0,82387.32,12638.5,23985.96,1882.38,10611.48,195543.48,4153.9,1627493.8,1918.8889
4150.77,180.55,3070.9202,37978.3,5111.9204,441.17,50.69,-28.77,326.04,10890.0,4154.9,84677.81,2114.382
12531.48,113.04,9.42,904.32,929.44,259.05002,90.42,-69.87,662.64,1524.6001,4155.0,259.7479,1.1493025
3198.99,15.700001,29.830002,108.33,39.25,-17.27,-20.55,-23.29,-10.56,-44.88,4155.5,822.53503,25.661797
28141.02,598.17004,29866.111,262143.0,42335.05,6471.54,13262.97,1257.66,4655.64,92079.24,4156.4,823530.7,3033.505
11587.53,185.26001,14.13,1066.03,318.71002,232.36,789.12,94.53,739.2,1639.4401,4156.8,389.62183,2.4865854
7133.13,40.82,-20.41,-47.100002,113.04,43.960003,39.73,31.51,36.960003,-58.08,4157.3,-562.78705,-9.181103
9972.81,78.5,119.32001,981.25006,588.75,488.27002,8.22,17.81,336.6,1772.76,4157.4,3290.1401,33.209343
42491.67,1661.06,51371.973,262143.0,72447.66,10652.45,23221.5,1894.71,8265.84,163227.25,4160.1,1416535.1,3455.777
11022.03,292.02002,-6.28,777.15,485.13,26.69,894.61,117.82,1118.04,1461.2401,4160.7,-173.16527,-2.6290975
56262.9,1141.39,41402.473,262143.0,58586.12,8201.681,18971.76,1513.85,6135.3604,131600.05,4162.7,1141635.2,2103.036
18821.58,249.63,5708.52,69940.36,7435.52,1216.75,1865.9401,132.89,2774.6401,19089.84,4164.0,157407.22,866.1944
13842.57,255.91,-51.81,70.65,4.71,-59.660004,-49.32,-26.03,204.6,-47.52,4164.6,-1428.6134,-11.7015295
34166.64,481.99002,13009.0205,158810.22,18263.81,2464.9001,3448.29,371.27,2587.2002,43639.203,4167.5,358711.84,1087.6576
47780.4,866.64,29748.361,262143.0,42325.633,6047.64,11672.4,971.33,5299.8003,95166.73,4168.0,820283.9,1779.1733
33361.02,375.23,3904.59,45241.12,6369.49,1262.28,2265.98,164.4,749.76,14564.881,4168.0,107665.5,333.6456
33224.43,593.46,18865.121,229441.38,25277.0,3921.86,5721.12,528.82,3224.76,62276.28,4168.4,520188.47,1622.4955
17671.44,160.14,178.98001,2376.98,755.17004,563.63,1027.5,145.22,1520.64,2031.4801,4171.0,4935.21,27.95887
40681.2,781.86005,25217.342,262143.0,38089.77,6003.68,14035.65,1312.46,4349.4004,84546.0,4172.6,695345.1,1771.3706
35679.57,858.79004,37020.6,262143.0,48533.41,7512.45,15576.9,1263.14,6053.52,115185.84,4173.1,1020809.25,2965.6948
12997.8,205.67001,51.81,1466.38,529.09,86.350006,764.46,123.3,1058.64,1677.7201,4173.1,1428.6134,10.397058
61429.832,2463.33,87340.67,262143.0,126465.08,21028.58,43844.11,3983.96,14362.921,262143.0,4175.4,2408339.2,4064.2405
25020.33,695.51,452.16,5578.21,1686.18,260.62,167.14,-21.92,794.64,4320.3604,4176.4,12467.898,50.671146
30879.78,481.99002,218.23001,4436.8203,1530.75,497.69,2912.62,321.95,3688.08,5050.3203,4177.0,6017.493,19.206417
45034.68,704.93005,28004.092,262143.0,37678.43,6623.83,11291.54,931.6,3907.2002,88608.96,4177.2,772187.2,1776.9658
23041.95,271.61002,114.61,2956.31,2263.9402,1088.01,115.08,57.54,1477.0801,5612.64,4177.3,3160.2659,13.221725
12928.2,158.57,23.550001,963.98004,786.57,293.59,83.57,65.76,442.2,1689.6001,4177.3,649.36975,4.2083707
81052.68,3152.56,115253.7,262143.0,165027.42,24780.88,49878.96,4193.57,16477.56,262143.0,4177.4,3178015.5,4064.7112
24987.27,1070.74,36288.98,262143.0,53172.76,9134.261,19318.37,1698.8,7015.8003,112079.88,4178.7,1000635.44,4151.4556
64968.992,1709.7301,52346.94,262143.0,75903.22,12607.101,24275.03,2239.95,13911.48,174599.05,4179.1,1443419.0,2302.7437
76078.02,1447.54,53764.652,262143.0,74256.29,11002.561,23554.41,2042.67,8444.04,171165.73,4179.5,1482511.1,2019.6292
23909.34,372.09003,240.21,3901.4502,1130.4,147.58,2305.71,215.09,2728.4402,2983.2002,4179.9,6623.5713,27.725826
53502.39,1535.4601,38358.242,262143.0,56881.1,10126.5,31308.61,2659.17,8643.36,130348.69,4180.0,1057693.5,2048.9087
72047.31,1447.54,54012.71,262143.0,75452.63,12165.931,22061.11,2000.2,9534.36,174016.92,4183.1,1489351.1,2142.5183
70604.85,1422.42,31057.74,262143.0,53824.312,10018.17,22689.94,1982.39,15216.961,120694.2,4183.2,856388.75,1256.721
34766.07,623.29004,24984.98,262143.0,35116.19,4835.6,12517.69,967.22003,4272.8403,80554.32,4183.7,688938.0,2053.8135
35367.24,555.78,15740.82,192582.48,22388.201,3331.54,6307.48,682.26,5149.3203,51765.12,4184.5,434038.72,1271.551
15552.99,301.44,122.46001,1916.9701,794.42004,222.94,60.28,-8.22,456.72003,1714.68,4184.6,3376.7227,21.512793
13873.89,166.42,59.660004,1420.8501,276.32,64.37,912.42,102.75,1679.04,1766.16,4184.9,1645.0701,11.2951565
59645.46,1299.9601,61544.004,262143.0,85579.13,14035.801,22165.23,1939.92,7592.64,191810.53,4185.4,1697019.6,2949.24
10578.33,102.05,73.79,1342.3501,752.03,207.24,72.61,68.5,352.44,1882.3201,4186.8,2034.6918,18.944788
4741.5,18.84,-14.13,-7.8500004,39.25,-43.960003,-49.32,89.05,-26.400002,-245.52,4188.1,-389.62183,-9.520702
31846.35,390.93002,10639.891,131539.31,16505.41,2868.3901,8209.04,554.85,4158.0,37427.28,4189.1,293385.25,954.27075
3929.79,51.81,9.42,73.79,40.82,127.170006,87.68,19.18,188.76001,216.48001,4189.4,259.7479,5.853786
18043.8,295.16,116.18,4097.7,6171.6704,1929.53,16108.46,1393.29,1815.0001,7442.16,4190.0,3203.5571,17.409939
25762.44,472.57,13169.16,160750.73,18201.01,2333.02,4811.44,374.01,3041.28,42573.96,4190.0,363127.53,1460.5715
31295.64,342.26,249.63,3623.56,1384.74,653.12,3288.0,313.73,3021.4802,4192.3203,4190.3,6883.319,21.806671
59138.25,970.26,30423.46,262143.0,43080.8,7658.4604,15978.31,1280.95,7908.12,101299.445,4191.7,838899.1,1469.9203
148594.27,4898.4004,195284.45,262143.0,262143.0,39823.05,77988.62,7085.64,35101.44,262143.0,4195.9,5384790.0,3756.635
30242.94,893.33,27264.621,262143.0,47704.453,9611.54,27202.72,2309.82,7553.0405,96938.164,4196.2,751797.0,2576.653
5042.52,332.84,4710.0,57066.363,6548.47,753.60004,190.43001,34.25,372.24002,16595.041,4196.4,129873.945,2669.6826
15405.96,221.37001,32.97,1223.03,1359.62,494.55002,1253.55,143.85,1151.04,2406.36,4197.8,909.1176,5.1189823
88872.24,1602.9701,67596.35,262143.0,89913.91,13574.221,20029.4,1735.79,9323.16,211700.28,4199.7,1863907.5,2173.7336
58077.72,1045.62,34945.062,262143.0,51441.05,7857.85,17514.08,1583.72,5600.7603,112737.24,4201.9,963578.1,1719.3835
25904.25,436.46002,19574.76,233086.92,26774.781,3254.61,7395.2603,512.38,2717.8801,61174.082,4202.5,539756.1,2159.6003
10532.22,106.76,114.61,1175.93,530.66003,62.800003,794.6,101.38,574.2,1236.8401,4202.7,3160.2659,30.113695
36640.92,1000.09,31863.15,262143.0,49922.863,7245.5503,19004.64,1809.77,6904.9204,108828.73,4204.1,878597.25,2485.4019
24484.41,419.19,11647.83,142231.02,15816.181,1643.79,1650.85,231.53,2014.3201,37733.523,4204.3,321178.25,1359.205
87614.22,1522.9,19609.3,241051.53,29828.432,4187.19,6407.49,549.37,8949.601,68857.805,4205.2,540708.5,638.9359
17226.87,226.08,48.670002,1796.0801,708.07,127.170006,1116.55,145.22,1518.0,1817.64,4207.1,1342.0308,7.078003
122621.28,4071.0103,144350.52,262143.0,204625.95,32142.611,63622.8,5279.98,25809.96,262143.0,4207.5,3980333.5,3364.902
22478.19,532.23004,11575.61,143496.44,19215.23,3386.4902,11183.31,949.41,3717.12,43142.883,4208.8,319186.88,1471.4196
14136.63,243.35,12.56,-125.600006,23.550001,65.94,-35.62,-8.22,0.0,128.04001,4211.8,346.33054,1.5403454
8231.07,285.74002,976.54004,13415.65,6038.22,1510.3401,11362.78,937.08,2750.8801,9109.32,4212.8,26927.2,338.221
19981.291,252.77,4260.98,51295.043,5386.6704,725.34,1063.12,167.14,1467.8401,15182.641,4213.0,117492.625,608.7263
79470.15,2078.6802,85990.48,262143.0,123179.06,19668.96,42383.69,3844.22,13500.961,262143.0,4213.1,2371108.8,3092.822
5653.2603,367.38,7999.1504,97746.63,10610.061,1502.49,187.69,86.31,547.80005,27124.682,4213.3,220569.25,4044.702
54080.94,1171.2201,45022.89,262143.0,63990.062,9964.79,21643.26,1853.61,7285.08,144672.0,4213.4,1241465.0,2379.3352
19784.67,240.21,263.76,3452.4302,844.66003,500.83002,1779.63,119.19,2097.48,2826.12,4214.2,7272.941,37.117912
62843.582,1456.9601,47143.96,262143.0,66899.27,10782.761,25766.96,2115.28,11165.881,151607.28,4215.1,1299951.6,2143.935
17889.81,276.32,6765.1304,82118.85,8961.561,1342.3501,1423.43,121.93,1122.0,21423.602,4215.4,186542.28,1080.2333
28210.621,704.93005,32073.531,262143.0,45080.98,7477.91,16798.94,1456.31,5949.24,105300.37,4218.0,884398.3,3249.7468
50584.41,952.99005,50272.973,262143.0,73356.68,9737.141,22825.57,1837.17,7675.8003,159111.48,4218.2,1386231.2,2840.6257
72883.38,1722.29,90384.91,262143.0,124838.555,18758.361,32551.2,3020.85,11110.44,262143.0,4220.0,2492281.0,3544.8171
29223.3,861.93005,37196.44,262143.0,53241.84,8845.38,15257.69,1523.4401,5257.56,115210.92,4222.6,1025657.9,3638.3274
39532.8,693.94,35357.973,262143.0,53750.523,8033.6904,17315.43,1483.71,6391.4404,113768.164,4222.6,974963.75,2556.283
49513.44,1314.0901,54562.21,262143.0,75166.89,11713.7705,23294.11,1882.38,7282.4404,173421.61,4223.6,1504503.0,3149.7783
13692.93,279.46002,293.59,3579.6,861.93005,240.21,141.11,80.83,273.24002,1759.56,4224.3,8095.4756,60.304714
31995.121,665.68,25601.99,262143.0,34552.562,5465.1704,9146.12,724.73,3903.2402,80781.36,4226.1,705951.44,2286.9102
64707.12,1824.3401,75973.875,262143.0,111666.25,18144.49,35202.15,2871.52,11786.28,242906.4,4226.7,2094910.1,3356.0762
13475.43,95.770004,188.40001,2378.55,759.88,513.39,19.18,-2.74,535.92004,2943.6,4226.7,5194.958,38.97489
37191.63,844.66003,24473.16,262143.0,33309.12,5350.56,8955.69,826.11,5480.64,75361.445,4227.8,674825.0,1880.4551
12365.311,124.03001,37.68,1106.8501,423.90002,81.64,874.06,121.93,1222.3201,1553.64,4230.1,1038.9916,7.712743
46453.65,868.21,32407.941,262143.0,47388.883,8066.66,20284.22,1834.43,5035.8003,103523.64,4232.9,893619.3,1993.7139
80293.17,1540.17,67437.78,262143.0,95322.555,15987.311,29681.05,2479.7,11152.681,215315.77,4233.1,1859535.1,2400.4507
40082.64,974.97003,1266.99,18105.24,5807.43,1105.28,6355.43,557.59,1709.4,11015.4,4233.5,34936.09,89.378654
23246.4,295.16,147.58,2939.04,1706.5901,899.61005,256.19,35.62,830.28,3301.32,4235.1,4069.3835,17.151846
29040.6,552.64,21750.781,262143.0,40515.42,5865.52,19078.62,1622.08,8268.48,80094.96,4236.1,599757.9,2140.501
10776.69,281.03,59.660004,591.89,458.44,73.79,-57.54,9.59,120.12,1202.52,4237.7,1645.0701,14.82876
34319.76,1009.51,44686.91,262143.0,62156.3,10774.91,20263.67,1764.56,7706.16,136894.56,4238.5,1232200.6,3721.9314
35191.5,601.31,15789.49,190090.89,21917.201,3647.11,5310.12,330.17,4412.7603,53617.082,4238.5,435380.75,1281.8601
24783.69,485.13,10274.08,126972.19,15469.211,3072.49,3629.1301,361.68,1437.4801,34230.242,4239.0,283298.38,1184.2938
52974.3,1386.31,64955.613,262143.0,88872.99,13404.66,23899.65,2194.74,6700.3203,203221.92,4239.2,1791091.6,3504.9077
11080.32,204.1,117.75001,2001.7501,464.72,254.34001,50.69,-16.44,208.56001,1560.2401,4239.9,3246.8486,29.384886
11563.17,315.57,135.02,1131.9701,207.24,9.42,172.62,0.0,335.28,1283.04,4240.6,3723.0532,32.386448
51109.02,872.92004,22735.17,262143.0,32991.98,5039.7,12449.19,1117.92,5753.8804,76986.36,4241.9,626901.5,1270.8903
24033.75,364.24002,94.200005,2890.37,1113.13,237.07,2186.52,154.81,1659.2401,2946.2402,4242.3,2597.479,10.206717
33770.79,584.04004,1466.38,19185.4,7167.0503,2376.98,2694.79,383.6,3533.6401,16888.08,4242.7,40434.086,123.15217
24158.16,434.89,248.06001,4634.64,1175.93,89.490005,1365.89,157.55,2009.04,2921.1602,4245.2,6840.028,28.359043
14926.59,102.05,147.58,2165.03,863.5,551.07,413.74,101.38,531.96,2163.48,4245.2,4069.3835,27.269354
15720.03,342.26,130.31,1654.78,631.14,200.96,13.7,43.84,356.40002,1890.2401,4246.1,3593.179,22.701365
34462.44,816.4,14034.23,173662.42,26547.13,6418.16,11046.31,1016.54,6004.68,59021.164,4246.8,386981.06,1163.3715
49255.92,822.68005,39650.35,262143.0,62726.21,8559.641,21959.73,1939.92,5075.4004,128573.28,4246.9,1093322.1,2300.6409
33716.85,558.92004,1591.9801,22856.06,7658.4604,2394.25,885.02,100.01,2756.1602,15725.16,4248.0,43897.395,134.00182
33934.35,737.9,25138.842,262143.0,35081.652,6210.9204,10476.39,765.83,4579.08,80069.88,4249.2,693180.56,2117.1401
36229.41,671.96,28501.781,262143.0,38053.66,7151.35,11725.83,1005.58,4704.48,88787.164,4250.3,785910.56,2248.364
36546.96,865.07,44542.473,262143.0,65107.902,10715.25,20393.82,1426.17,6081.24,146558.28,4251.6,1228218.0,3483.7537
52201.742,1040.91,41138.71,262143.0,64775.062,10448.351,22078.92,1972.8,6565.68,137877.97,4252.3,1134362.4,2252.2776
52510.59,1613.9601,64784.48,262143.0,90683.2,14324.681,25502.55,2149.53,10230.0,209605.45,4252.7,1786372.8,3526.5493
66339.24,1304.67,51985.84,262143.0,74981.63,11880.19,25094.291,2100.21,9918.48,168829.33,4252.9,1433462.0,2239.596
52404.45,974.97003,34549.42,262143.0,49831.8,8278.61,15957.76,1594.68,6536.64,114642.01,4253.7,952668.7,1884.0446
18258.69,312.43002,11922.58,144108.73,16819.41,1934.2401,3697.6301,360.31,1419.0,37371.84,4255.2,328754.25,1866.0228
51066.39,1026.78,45536.28,262143.0,65566.34,11814.25,20803.45,1594.68,5949.24,146275.81,4256.1,1255621.2,2548.596
13640.73,152.29001,76.93,1276.41,621.72003,194.68001,989.14,108.23,1202.52,1432.2001,4256.4,2121.2744,15.125275
16403.85,370.52002,453.73,6236.04,1527.6101,59.660004,357.57,63.02,481.80002,3226.08,4257.2,12511.19,78.086205
17601.84,398.78,18962.46,228559.03,34017.19,6378.91,17749.72,1557.6901,5474.04,68942.28,4257.7,522872.5,3079.2476
29343.36,516.53,15294.94,186757.78,21384.97,3689.5002,6529.42,412.37,1931.16,49064.402,4258.4,421744.0,1489.3455
37379.55,748.89,1668.91,21735.08,3490.11,610.73004,231.53,32.88,706.2,8490.24,4258.5,46018.668,126.65794
19608.06,301.44,124.03001,2603.06,673.53,98.91,1813.88,195.91,1958.8801,1949.6401,4259.2,3420.014,17.085941
15636.51,157.0,464.72,5832.5503,2372.27,667.25,4157.95,323.32,917.4,4214.7603,4260.4,12814.229,83.97683
28510.77,408.2,1011.08,13919.62,4656.62,1529.18,1387.81,141.11,2599.08,11965.801,4260.5,27879.607,100.39711
11483.13,226.08,64.37,1347.06,483.56003,202.53001,119.19,126.04,297.0,1458.6001,4260.9,1774.944,15.027739
24893.31,375.23,673.53,9173.511,3248.33,995.38,1031.61,135.63,1379.4,6523.4404,4261.0,18571.975,76.36122
178616.22,3855.9202,125596.87,262143.0,177862.17,28132.83,51672.29,4644.3,21645.361,262143.0,4263.3,3463218.8,2009.5132
25547.55,348.54,1821.2001,24583.06,7518.7305,2574.8,2930.43,443.88,3199.6802,16117.2,4264.2,50217.926,202.82497
33501.09,722.2,7488.9004,93455.82,10329.03,2176.02,200.02,20.55,831.60004,27217.082,4265.4,206499.58,638.15784
21700.41,372.09003,103.62,2383.26,1058.18,244.92001,2093.36,260.3,2125.2002,3226.08,4266.1,2857.2268,12.652891
9980.64,499.26,18260.67,223891.42,32875.8,6140.27,14960.4,1122.03,3876.84,64888.562,4267.0,503521.28,5230.2725
31859.4,645.27,29274.22,262143.0,41842.07,6408.74,11421.69,1035.72,3800.28,92093.766,4267.1,807209.9,2626.222
15355.5,202.53001,365.81,4622.08,690.80005,303.01,264.41,36.99,369.6,2682.24,4267.6,10086.876,67.11466
49871.88,654.69,30024.682,262143.0,41620.703,6849.91,14364.45,1163.13,5332.8003,96360.0,4269.1,827903.1,1720.3597
73150.47,1871.4401,67612.055,262143.0,96503.195,16649.85,29275.53,2629.03,12216.601,216482.66,4269.1,1864340.5,2641.7495
51120.332,1180.64,32374.97,262143.0,50657.62,8471.721,25565.57,2086.51,8343.721,111562.445,4269.3,892710.2,1809.776
78274.77,1285.8301,56655.023,262143.0,80723.125,13178.58,27867.17,2360.51,9504.0,184884.48,4269.9,1562210.5,2068.5007
10966.35,138.16,235.50002,2805.59,1323.51,398.78,682.26,124.67,516.12,2212.32,4270.5,6493.6973,60.40134
55144.95,2227.83,112496.78,262143.0,157585.61,22837.22,51653.11,4412.77,16060.44,262143.0,4270.6,3101995.8,5831.884
64025.04,1408.29,63919.414,262143.0,93327.086,13751.631,34419.88,2746.85,8772.721,203348.64,4270.7,1762519.4,2853.5125
71864.61,1449.1101,44696.332,262143.0,65315.14,10503.301,21754.23,1664.55,8375.4,145255.45,4271.2,1232460.5,1777.3032
12556.71,255.91,89.490005,1205.76,314.0,48.670002,20.55,35.62,281.16,1013.76,4271.4,2467.605,19.377348
21488.13,282.6,7821.74,95707.2,11531.65,1805.5,1138.47,212.35,2456.52,27800.521,4272.7,215677.33,1039.7676
13392.78,207.24,475.71002,6377.3403,3064.6401,789.71,246.6,119.19,1019.04004,4956.6,4272.8,13117.269,100.5595
106500.18,3516.8,132074.69,262143.0,190230.62,32354.56,65201.04,6255.42,27298.922,262143.0,4272.8,3641838.8,3544.8328
31059.871,364.24002,288.88,5006.73,2698.83,524.38,287.7,101.38,1413.7201,6259.4404,4272.8,7965.602,25.59297
4643.19,43.960003,29.830002,-29.830002,26.69,0.0,-23.29,-17.81,-6.6000004,-13.200001,4273.3,822.53503,17.369015
71654.07,1750.55,78471.74,262143.0,115294.52,19147.72,39614.92,3759.28,15792.48,260276.3,4274.6,2163786.5,3130.2766
9512.58,317.14,304.58002,3494.82,491.41,248.06001,137.0,32.88,265.32,1445.4,4274.7,8398.516,90.54868
69770.52,1453.8201,59984.992,262143.0,81834.68,13880.37,22167.97,2057.74,9321.841,193447.33,4275.1,1654031.2,2457.2136
43729.68,963.98004,9771.681,120395.45,17321.81,2472.75,14067.16,1011.06,6169.68,39042.96,4275.3,269445.16,637.9133
46354.47,737.9,24675.691,262143.0,39991.043,6281.5703,16526.31,1745.38,5761.8003,81473.05,4275.3,680409.6,1521.0422
15023.16,194.68001,45.530003,-1.57,36.11,-37.68,75.35,-50.69,-96.36,-168.96,4275.4,1255.4481,7.6653357
46139.582,1265.42,50467.652,262143.0,74510.63,11671.381,25402.541,2028.97,7580.7603,163896.48,4275.6,1391599.4,3126.436
71311.29,1384.74,62294.46,262143.0,84808.266,13903.921,21519.96,1982.39,10903.2,198145.2,4276.2,1717712.8,2496.699
15987.99,394.07,1518.1901,18783.48,7148.2104,1783.52,10951.78,995.99,3161.4001,13577.5205,4276.9,41862.703,270.50714
34408.5,569.91003,21301.76,261585.56,30161.271,4863.8604,8803.62,760.35,4666.2,68855.164,4277.0,587376.56,1769.1039
24939.42,398.78,14911.86,180641.06,20775.81,2987.7102,5232.03,468.54,1977.3601,46226.402,4278.6,411180.9,1708.5999
24325.2,653.12,2460.1902,29906.932,3972.1,657.83,208.24,27.4,782.76,9781.2,4278.9,67837.49,288.17535
36372.96,638.99005,25223.621,262143.0,36194.78,6115.1504,13530.12,994.62,4150.08,81048.0,4279.3,695518.25,1981.7948
21716.94,398.78,219.8,3479.12,1245.01,339.12003,167.14,-36.99,722.04004,3124.4402,4279.4,6060.784,27.938639
31171.23,624.86005,28398.16,262143.0,41024.1,6116.72,7869.28,734.32,3360.7202,91544.64,4280.9,783053.3,2603.8652
18893.791,626.43,2946.8901,37615.633,7846.8604,1855.7401,6565.04,631.57,1364.88,13217.16,4281.0,81257.8,444.9579
33594.18,527.52,15805.19,192022.0,20756.97,3995.6501,7115.78,650.75,3232.6802,51396.844,4281.3,435813.66,1344.1932
24687.99,538.51,109.9,1916.9701,1039.3401,621.72003,231.53,-20.55,748.44,2581.9202,4283.5,3030.392,11.728024
53625.93,1566.8601,43889.35,262143.0,65753.17,10657.16,24085.97,1968.6901,11469.48,143982.97,4283.7,1210208.8,2339.0942
52916.01,824.25,34185.18,262143.0,48674.71,7022.6104,16589.33,1593.31,6264.72,105791.41,4284.5,942625.06,1846.1399
79722.45,2292.2002,38432.03,262143.0,63186.223,11022.971,38527.14,3223.61,12664.08,135467.64,4287.0,1059728.1,1377.3569
31347.84,343.83002,1430.27,18061.281,3077.2002,720.63,161.66,86.31,966.24005,7867.2,4287.0,39438.387,129.4546
28776.121,547.93,22053.791,262143.0,32335.72,6046.0703,11383.33,1157.65,8037.4805,73752.36,4288.6,608113.1,2190.2908
28144.5,485.13,19248.201,236303.84,27046.39,4688.02,7269.22,672.67,3036.0,63377.164,4289.0,530751.56,1954.4451
16460.4,216.66,83.21,1204.1901,505.54,279.46002,1235.74,167.14,1479.7201,2164.8,4291.8,2294.4397,13.453869
23367.33,324.99002,623.29004,8719.78,4639.35,1508.77,6238.98,665.82,1743.7201,7583.4004,4293.5,17186.652,75.26585
26506.291,643.7,14029.5205,169919.53,18858.84,3091.33,4503.19,452.1,2799.7202,45474.0,4293.5,386851.2,1512.362
77285.58,1865.16,95405.766,262143.0,131446.69,21741.361,40239.64,3615.43,12038.4,262143.0,4295.3,2630726.8,3528.5974
17396.52,251.20001,7890.8203,96922.38,10292.92,1657.92,2424.9,235.64,1733.16,24965.16,4295.3,217582.16,1295.9069
56643.96,1527.6101,48230.402,262143.0,67086.1,10228.551,21952.88,1790.59,8239.44,158105.64,4296.0,1329909.2,2433.5364
10803.66,120.89001,72.22,1175.93,464.72,-50.24,650.75,50.69,562.32,1127.28,4296.4,1991.4005,18.113297
66572.4,1518.1901,32133.191,262143.0,48596.21,9032.21,17582.58,1574.13,10619.4,112126.086,4297.7,886043.4,1379.094
55188.45,926.30005,39642.5,262143.0,55913.98,9120.13,18174.42,1463.16,6437.64,129031.33,4298.4,1093105.6,2052.8174
32418.81,795.99005,27876.922,262143.0,40557.812,6284.7104,14160.32,1267.25,5398.8003,91081.32,4299.0,768680.6,2457.6501
39213.51,741.04004,29307.191,262143.0,42110.543,5986.41,11354.56,1011.06,4312.44,94393.2,4301.9,808119.0,2135.916
78960.33,2563.81,84354.53,262143.0,112727.57,16169.431,29237.17,2741.37,12653.5205,262143.0,4302.2,2325999.0,3053.5586
65221.29,1488.3601,48899.223,262143.0,68023.39,11095.19,20632.2,1735.79,9469.681,160888.2,4302.4,1348351.4,2142.688
43975.02,777.15,27507.97,262143.0,38042.67,7113.6704,11335.38,809.67,3121.8,90602.164,4302.9,758507.1,1787.5516
15091.0205,152.29001,199.39,3209.08,2452.34,780.29004,4990.91,301.4,877.80005,4412.7603,4303.2,5497.997,36.77755
39681.57,844.66003,32260.361,262143.0,45465.633,7159.2,14834.36,1370.0,5050.3203,101465.766,4303.6,889549.94,2323.499
28249.77,932.58,14100.171,179221.78,29737.371,6385.1904,17722.32,1724.83,8042.7603,61584.6,4304.4,388799.3,1426.1133
33762.96,557.35004,1879.29,24622.31,5215.54,1712.8701,434.29,116.45,1614.3601,13153.801,4304.6,51819.703,158.1484
24952.47,328.13,14583.73,175992.3,20273.41,2843.27,5142.98,428.81,1883.64,46658.043,4306.0,402133.03,1670.1063
34994.01,601.31,30206.8,262143.0,40016.16,7220.43,11898.45,945.3,7485.72,101147.64,4307.2,832924.9,2467.0842
61242.78,836.81,26627.201,262143.0,37318.902,5413.3604,14017.84,1215.1901,8609.04,87460.56,4309.5,734220.7,1242.1387
27910.47,452.16,10110.801,121750.37,14465.98,2212.1301,4573.06,402.78,3310.56,33129.36,4310.1,278796.1,1034.7798
92475.78,2497.87,79354.086,262143.0,108801.0,15560.2705,32577.23,3159.22,12335.4,252531.84,4310.1,2188116.2,2452.5237
8277.18,357.96002,4374.02,57575.043,12030.91,2989.28,13646.57,1201.49,6523.4404,24158.64,4310.5,120609.6,1509.9406
30778.86,753.60004,33948.11,262143.0,49111.17,7702.4204,16007.08,1474.12,4831.2,105295.086,4312.4,936088.06,3152.6396
53905.2,1224.6001,41609.71,262143.0,59689.832,9503.21,20486.98,1965.95,6873.24,136899.84,4314.0,1147349.8,2206.0544
21139.26,321.85,138.16,2609.34,728.48004,241.78001,1524.81,39.73,991.32007,2071.08,4314.8,3809.6357,17.687084
67874.79,2409.9502,71246.6,262143.0,102455.06,17238.6,33056.73,2934.54,11716.32,233546.3,4315.8,1964559.9,3000.267
160893.45,3929.7102,150305.53,262143.0,212904.56,33852.34,65716.164,5981.42,30270.24,262143.0,4315.9,4144537.5,2670.0718
30070.68,464.72,13076.53,159566.95,18931.06,2416.23,5438.9,520.6,4569.8403,44453.64,4317.2,360573.38,1242.364
99750.72,2483.74,111027.266,262143.0,152172.25,24697.67,38914.85,4023.69,14719.32,262143.0,4319.2,3061475.2,3181.4573
18323.07,632.71,13023.15,163350.66,24813.852,4520.0303,16727.7,1531.66,5188.9204,52499.043,4321.4,359101.47,2031.2017
72250.89,2537.12,98972.805,262143.0,141160.28,22560.9,42412.46,3504.46,16634.64,262143.0,4321.9,2729084.5,3915.7122
63217.68,935.72003,33164.68,262143.0,44891.01,6805.95,13050.62,946.67,7031.64,109544.164,4323.7,914485.7,1498.9827
38193.87,1000.09,52806.953,262143.0,74135.41,11572.471,21796.7,2083.77,6539.2803,164062.81,4324.1,1456103.4,3952.1782
35439.45,711.21,33404.89,262143.0,44561.312,6185.8003,12516.32,826.11,4231.9204,105714.84,4324.9,921109.3,2694.0828
17997.69,455.30002,343.83002,3744.4502,1127.26,673.53,308.25,-6.85,411.84003,2913.2402,4325.1,9480.798,53.623062
53436.27,888.62006,28669.771,262143.0,39402.293,6652.0903,13306.81,1096.0,5155.9204,91798.086,4325.3,790542.75,1533.0415
80576.79,1982.91,77127.82,262143.0,111647.414,18226.13,30297.55,2949.61,14079.12,244326.73,4325.3,2126729.0,2735.8442
24282.57,555.78,5232.81,66440.836,14579.0205,3548.2002,20206.13,1863.2,6745.2,31570.441,4327.6,144289.95,615.15405
20866.08,525.95,530.66003,7691.43,1957.79,563.63,215.09,112.340004,707.52,4631.8804,4327.9,14632.465,71.71508
31845.48,489.84003,219.8,4399.14,1372.18,595.03,3020.85,286.33,3001.6802,3657.7202,4328.8,6060.784,18.734627
28830.93,478.85,1406.7201,16747.191,2532.4102,956.13,-10.96,-5.48,765.60004,7199.2803,4329.4,38789.02,138.50764
56147.19,767.73004,23344.33,262143.0,34780.21,5917.33,14589.13,1326.16,6530.04,80531.88,4329.6,643698.56,1187.7823
42728.31,595.03,25008.531,262143.0,34893.25,5526.4004,10366.79,927.49,3632.6401,82183.2,4329.6,689587.4,1672.4836
30855.42,503.97003,1559.01,20901.41,5761.9004,2526.1301,1937.18,119.19,2180.6401,14046.12,4330.2,42988.273,143.46625
34798.26,609.16003,2336.1602,29051.281,6380.48,1376.89,375.38,39.73,1236.8401,11905.08,4330.3,64417.48,190.95262
55677.39,1656.3501,68276.164,262143.0,94531.27,15513.171,30131.78,2757.81,9026.16,212312.77,4331.6,1882652.8,3505.2205
63859.742,2915.49,43196.98,262143.0,65359.1,10228.551,21377.48,1948.14,12047.641,149000.28,4333.1,1191117.2,1933.0836
37124.64,1212.04,48508.293,262143.0,68973.24,9336.79,24975.1,1900.1901,6666.0005,151737.97,4333.2,1337571.8,3734.964
17400.0,211.95001,252.77,3899.8801,885.48004,161.71,965.85,108.23,1644.7201,3157.4402,4333.6,6969.902,40.53606
17927.22,334.41,13973.0,172846.02,19871.49,3530.9302,6506.13,478.13,1449.3601,44472.12,4334.9,385292.7,2227.567
49700.492,952.99005,29203.57,262143.0,39377.17,6236.04,11525.81,1161.76,6140.64,95628.73,4336.1,805261.75,1679.058
35074.05,569.91003,22231.201,262143.0,29530.13,4887.41,8272.06,758.98,3003.0,69302.64,4337.5,613005.06,1811.2831
73108.71,1186.92,47431.273,262143.0,65985.53,9016.511,22544.72,2046.78,9911.881,150548.64,4338.0,1307874.0,1854.003
64178.16,1924.8201,64407.684,262143.0,95357.09,16731.49,34232.19,2857.82,9877.561,209254.33,4340.6,1775983.0,2868.455
57763.65,1081.73,52899.582,262143.0,75268.945,11807.971,21385.7,2156.3801,7505.5205,168285.48,4341.9,1458657.6,2617.464
47439.36,998.52,18893.38,231976.92,30291.58,4719.42,15482.37,1617.97,2510.6401,61035.484,4342.7,520967.7,1137.7277
47810.85,1109.99,66555.445,262143.0,90642.38,15922.94,24203.791,1941.29,6411.24,209515.69,4342.8,1835205.5,3979.211
5319.18,75.36,34.54,89.490005,-81.64,89.490005,16.44,-21.92,85.8,-63.36,4343.0,952.40894,17.566355
41802.63,816.4,26666.451,262143.0,37706.69,5991.12,13673.97,978.18,5014.68,85044.96,4343.6,735303.0,1822.9403
32329.2,519.67004,12246.0,151596.06,16880.64,2615.62,1816.62,149.33,2002.4401,41302.8,4344.2,337672.25,1082.0494
18504.9,240.21,353.25,4697.44,937.29004,215.09001,57.54,45.21,469.92,1965.4801,4344.6,9740.546,53.581367
80896.08,1683.04,54871.5,262143.0,75510.72,11742.03,21902.19,1981.02,10585.08,174757.45,4346.1,1513031.4,1938.4043
18364.83,320.28,94.200005,2172.8801,795.99005,72.22,1334.38,137.0,1626.2401,2158.2002,4348.2,2597.479,13.666044
12081.69,375.23,15442.5205,187423.47,29641.602,4430.54,17182.541,1570.02,5348.64,56041.92,4349.9,425813.38,3653.5967
51956.4,1108.42,39870.152,262143.0,57848.223,10015.03,18023.72,1923.48,7260.0005,127063.2,4350.4,1099383.0,2193.1074
35094.93,761.45,26729.25,262143.0,38439.883,6052.35,13769.87,1122.03,5295.8403,89789.05,4350.5,737034.6,2176.6665
25648.47,384.65002,14389.051,178234.25,20048.9,3433.59,5108.73,406.89,3463.6802,47487.0,4350.6,396764.9,1603.0564
3343.41,120.89001,3314.27,39199.76,4796.35,879.2,35.62,-36.99,269.28,10509.841,4351.7,91387.96,2833.3093
11035.95,141.3,7.8500004,12.56,-1.57,0.0,60.28,-31.51,31.68,89.76,4352.2,216.45657,1.0338032
31588.83,543.22003,21543.541,258236.75,29373.13,5017.72,8577.57,776.79,2931.7202,68172.73,4352.6,594043.44,1948.9907
41320.65,733.19,32514.701,262143.0,46644.703,8683.67,15467.3,1205.6,4359.96,102022.805,4352.6,896563.1,2248.8918
44345.64,1296.8201,46798.562,262143.0,66690.46,9617.82,19373.17,1920.74,10161.36,151534.69,4353.7,1290427.5,3016.3838
84011.55,2218.4102,117002.69,262143.0,169026.2,26795.191,48845.98,4648.41,14106.841,262143.0,4354.4,3226242.0,3981.042
19729.86,226.08,167.99,2296.9102,781.86005,197.82,1405.62,119.19,1539.1201,3185.1602,4355.6,4632.171,23.344925
65403.12,1580.9901,69930.945,262143.0,96143.664,15365.591,21221.3,1649.48,8681.641,216916.92,4356.9,1928281.9,3056.1724
4610.13,142.87001,40.82,2165.03,1086.4401,384.65002,450.73,84.94,561.0,2232.12,4357.0,1125.5741,24.316801
13825.17,141.3,50.24,1579.42,378.37003,268.47,726.1,127.41,1606.4401,1813.68,4357.2,1385.3221,9.390303
27500.7,403.49002,11563.051,142406.86,16312.301,2997.1301,5703.31,390.45,3028.08,38182.32,4357.4,318840.56,1201.2028
20219.67,282.6,200.96,3063.07,891.76,427.04,1619.34,201.39,2183.28,2657.1602,4358.1,5541.2886,27.417416
27996.6,460.01,3425.7402,41675.652,5975.4204,1270.13,2172.82,80.83,621.72003,14155.681,4358.7,94461.66,348.8631
54708.21,1348.63,49465.992,262143.0,74119.7,12699.73,29675.57,2542.72,8457.24,160171.45,4359.4,1363979.5,2584.254
33916.082,516.53,14012.25,171789.4,18761.5,2560.6702,3982.59,267.15,3607.56,46749.12,4362.2,386374.97,1180.2754
15194.55,227.65001,61.230003,1690.89,370.52002,124.03001,774.05,146.59,1141.8,1947.0001,4362.3,1688.3613,10.521935
41389.38,866.64,37863.69,262143.0,54918.6,8898.761,19722.52,1778.26,6167.04,120545.05,4363.0,1044056.6,2614.6704
31259.1,455.30002,16783.3,205057.7,23531.16,4088.28,5960.87,621.98,4194.96,54545.043,4364.0,462784.16,1534.1467
37947.66,1004.80005,25755.852,262143.0,40667.71,5868.66,20025.291,1487.82,6343.9204,86683.086,4364.3,710194.06,1939.6174
16771.86,252.77,166.42,2435.07,1018.93005,81.64,1205.6,95.9,1260.6001,2283.6,4365.9,4588.8794,27.370913
55412.04,1210.4701,37599.93,262143.0,55367.62,9544.03,22672.13,2078.29,9370.681,126688.33,4366.2,1036783.7,1939.1349
22364.22,361.1,189.97,3144.7102,1507.2001,406.63,2142.68,135.63,1512.7201,2914.56,4367.2,5238.249,23.287357
52214.79,1042.48,35136.6,262143.0,53142.934,8985.11,19040.26,1486.45,6296.4004,112672.56,4367.3,968859.6,1923.045
61088.79,1012.65,34550.992,262143.0,50806.773,8408.92,21493.93,2039.93,8784.601,114693.484,4367.4,952712.0,1616.1415
15360.72,155.43001,61.230003,1080.16,682.95,89.490005,254.82,72.61,572.88,1734.4801,4367.8,1688.3613,10.397293
34133.582,637.42004,28859.74,262143.0,38984.67,6166.9604,9748.92,822.0,3501.9602,91923.484,4368.8,795780.94,2416.4614
58775.46,1084.87,55618.82,262143.0,77725.99,12782.94,22752.96,2233.1,7588.68,177112.33,4369.4,1533638.1,2704.6694
6487.59,61.230003,-9.42,26.69,189.97,-14.13,38.36,23.29,273.24002,125.4,4369.7,-259.7479,-5.15161
25088.19,248.06001,626.43,8820.261,2810.3,638.99005,372.64,39.73,1176.12,6366.3604,4369.9,17273.234,70.39244
45917.73,1047.1901,44561.312,262143.0,61511.03,8991.391,19137.53,1646.74,5914.9204,141267.72,4370.2,1228737.4,2773.767
78283.47,1555.87,73846.52,262143.0,100093.78,14354.511,23362.61,1875.53,9807.601,228738.84,4370.3,2036250.4,2696.1743
55228.47,1114.7001,49048.37,262143.0,68684.36,10372.99,19206.03,1834.43,6511.56,153667.81,4370.8,1352464.0,2538.28
49904.07,780.29004,40557.812,262143.0,54381.66,7776.2104,15686.5,1319.31,6432.3604,128549.52,4370.9,1118344.6,2322.74
76425.15,1783.52,56441.5,262143.0,86921.484,15032.751,29685.16,2835.9,15660.48,190452.25,4371.6,1556322.8,2110.5981
14230.59,15018.62,277.89,9457.681,16652.99,9561.301,2202.96,283.59,531.96,14415.721,4372.7,7662.563,54.834038
58142.97,1478.9401,35266.91,262143.0,54535.523,9022.79,27643.86,2652.32,8445.36,118265.41,4372.7,972452.8,1733.28
50036.31,916.88,25526.63,262143.0,36056.62,5476.16,11701.17,965.85,4775.7603,82618.805,4373.3,703873.5,1457.6707
9646.56,447.45,907.46,13434.49,8174.99,2278.07,18171.68,1393.29,4154.04,12537.36,4374.9,25022.38,267.97012
54723.0,877.63,26399.55,262143.0,37731.812,6636.39,15815.28,1157.65,6782.16,88403.05,4375.0,727943.44,1378.3536
66713.34,1122.55,30106.32,262143.0,44531.48,6810.66,18097.7,1571.39,8236.801,104441.05,4375.2,830154.25,1289.3097
19536.72,514.96,20884.14,254440.48,31238.291,5964.43,14389.11,1183.68,4654.3203,72580.2,4375.5,575861.06,3055.4263
3105.03,31.400002,4.71,97.340004,-1.57,-25.12,-67.13,-4.11,69.96,18.480001,4375.9,129.87395,3.3371468
5318.31,4050.6,98.91,3425.7402,7287.9404,4028.62,665.82,60.28,267.96002,7432.9204,4376.8,2727.3528,52.175987
14515.08,205.67001,21.980001,1202.62,439.6,216.66,1434.39,-5.48,1026.9601,2015.6401,4377.2,606.0784,3.3296947
91684.08,2287.49,80741.96,262143.0,114591.164,18359.58,40413.63,3516.79,16595.041,260870.3,4378.4,2226385.8,2516.9922
51069.0,2300.05,84200.67,262143.0,120863.31,19383.22,43039.92,3975.74,13515.48,262143.0,4380.6,2321756.5,4713.191
16906.71,185.26001,199.39,3837.08,2376.98,692.37,746.65,83.57,1025.64,4873.4404,4382.5,5497.997,32.720444
30101.13,442.74002,19092.771,231791.67,26883.111,4108.69,7922.71,606.91,3516.4802,62032.082,4382.8,526465.7,1812.5734
47647.29,1483.65,49520.94,262143.0,68020.25,10041.721,15900.22,1712.5,7745.7603,152611.81,4383.1,1365494.6,2970.6638
13881.72,172.70001,42.390003,1657.92,456.87003,152.29001,852.14,139.74,817.08,1772.76,4384.7,1168.8656,7.731104
28672.59,436.46002,18122.51,220049.64,24616.031,3311.1301,7387.04,619.24,4274.16,59732.64,4386.6,499711.62,1806.1758
16644.84,314.0,1127.26,13338.721,2050.4202,339.12003,65.76,-21.92,571.56,4885.3203,4387.3,31083.164,192.63928
72165.63,1577.8501,53091.12,262143.0,74450.97,11526.94,23698.26,2186.52,9851.16,170228.53,4388.0,1463939.1,2102.4902
33647.25,894.9,14772.131,183511.03,27724.63,5931.46,13394.49,1168.61,6403.3203,60354.363,4388.1,407328.0,1254.2856
37889.37,478.85,26735.531,262143.0,35863.51,5597.0503,9635.21,820.63,4098.6,84507.73,4388.2,737207.8,2016.5319
15759.18,370.52002,563.63,7107.39,1607.68,571.48004,180.84,23.29,385.44,3294.7202,4388.2,15541.582,101.26087
73907.37,1810.2101,75835.71,262143.0,104832.05,16599.611,26183.44,2475.59,8821.561,233423.53,4389.3,2091100.4,2932.8306
58114.26,1493.0701,49624.562,262143.0,69364.17,10920.92,18526.51,1482.34,9773.28,162427.33,4390.8,1368351.9,2440.535
31573.17,576.19,18150.771,222630.72,24901.771,3735.03,7296.62,797.34,3385.8,58420.562,4390.9,500490.9,1642.7126
37572.69,632.71,10911.5,137178.75,22110.31,3826.09,16686.6,1420.6901,6289.8003,46024.44,4390.9,300874.62,829.3499
19139.13,249.63,1527.6101,18863.55,2816.58,489.84003,138.37,83.57,496.32,6008.64,4391.3,42122.453,227.21243
52076.46,1073.88,39948.652,262143.0,53042.453,6988.0703,13552.04,1005.58,5170.4404,125126.766,4392.8,1101547.5,2192.3586
60842.582,1135.11,39896.84,262143.0,56246.82,7383.7104,17726.43,1646.74,9160.801,128059.805,4393.6,1100118.9,1873.9075
19754.22,284.17,169.56001,2701.97,1081.73,235.50002,1386.4401,134.26,1713.3601,1870.4401,4395.3,4675.4624,23.542147
4383.06,161.71,3246.76,39562.43,4631.5,855.65,208.24,-24.66,339.24002,10561.32,4397.2,89526.44,2116.9795
73454.1,2328.31,92441.6,262143.0,125579.59,19268.611,41787.74,3733.25,13267.32,262143.0,4397.9,2548992.5,3597.325
70600.5,2196.4302,105268.5,262143.0,145904.81,21680.13,37222.9,3266.08,15453.24,262143.0,4399.3,2902682.5,4262.239
15493.83,191.54001,477.28003,6783.97,2136.77,788.14,267.15,116.45,781.44,4745.4004,4400.7,13160.561,87.077194
44763.242,1205.76,26818.74,262143.0,42341.332,7361.7305,24814.81,2101.58,8966.761,95796.37,4401.1,739502.25,1712.0334
63366.45,1212.04,49112.742,262143.0,71177.52,11049.66,24770.97,2234.47,9894.721,162497.28,4401.2,1354239.0,2215.0718
52413.15,662.54004,20848.031,256402.98,30214.65,5283.0503,11657.33,1176.83,4480.08,70251.73,4401.9,574865.4,1136.2968
26827.32,381.51,298.30002,4027.05,1034.63,270.04,2456.41,180.84,2745.6,3335.6401,4402.0,8225.351,30.792524
9244.62,401.92,8591.04,106891.88,19110.041,3932.85,14659.0,1327.53,6293.7603,38833.082,4403.5,236890.06,2656.0862
81820.89,2139.9102,82219.336,262143.0,120202.34,21165.17,42576.86,3642.83,16167.36,262143.0,4404.3,2267123.0,2872.153
11112.51,130.31,499.26,6790.25,3681.6501,909.03,5569.05,613.76,2216.28,6033.72,4404.6,13766.638,127.458725
43104.15,909.03,19989.24,245015.78,30960.4,6212.49,11894.34,1045.31,6355.8003,71348.64,4405.8,551185.0,1324.947
59197.41,1150.81,50627.793,262143.0,72117.95,11395.061,23859.92,2042.67,6629.04,162272.89,4406.0,1396015.1,2444.3179
64891.56,1292.11,46424.902,262143.0,66885.14,11040.24,27554.81,2263.24,7773.4805,147783.25,4406.4,1280124.2,2044.558
83339.914,1538.6001,76416.61,262143.0,103941.85,16216.53,22658.43,1785.11,10314.48,246462.48,4407.2,2107118.0,2620.704
71300.85,3620.4202,117026.234,262143.0,169782.95,28360.48,52860.082,4733.35,15645.961,262143.0,4407.6,3226891.2,4691.859
59970.84,1369.04,52155.402,262143.0,78109.07,11015.12,28552.17,2265.98,8857.2,169840.45,4408.3,1438137.5,2485.6128
24806.31,427.04,15842.87,192909.05,20469.66,3064.6401,4167.54,228.79,2176.6802,50326.32,4408.3,436852.66,1825.0837
15600.84,562.06,100.48,1679.9,643.7,92.630005,57.54,63.02,315.48,1719.9601,4408.6,2770.6443,17.415379
77746.68,1557.4401,63610.12,262143.0,87469.414,12789.221,25924.51,2152.27,10243.2,203533.45,4408.8,1753990.9,2338.34
63316.86,1210.4701,37692.562,262143.0,53529.152,8898.761,19580.041,1698.8,7456.68,122650.445,4410.0,1039337.94,1701.101
28168.86,763.02,30249.191,262143.0,44164.1,6873.4604,15494.7,1342.6,6112.9204,99253.445,4411.1,834093.8,3069.39
33421.05,626.43,26850.14,262143.0,35254.35,5703.81,10991.51,974.07,5269.4404,87753.6,4411.4,740368.06,2296.0764
13902.6,150.72,130.31,2091.24,612.30005,204.1,1043.9401,102.75,1785.9601,1841.4,4412.0,3593.179,25.79975
18829.41,263.76,119.32001,2008.03,805.41003,171.13,1515.22,94.53,1656.6001,2442.0,4412.8,3290.1401,17.118637
12967.35,449.02002,252.77,5132.33,3391.2002,1326.65,664.45,243.86,1147.0801,7002.6,4412.9,6969.902,54.7344
8100.57,100.48,83.21,748.89,334.41,-9.42,461.69,16.44,512.16003,879.12006,4413.1,2294.4397,28.370338
42089.73,811.69,31404.71,262143.0,45649.32,8445.03,15219.33,1260.4,5192.8804,106755.01,4415.1,865956.2,2132.3772
30112.44,750.46,33538.34,262143.0,46561.492,7482.62,13820.56,1176.83,4494.6,106459.33,4416.4,924789.06,3183.5247
34565.97,679.81,26653.89,262143.0,37568.53,6897.0103,12136.83,1120.66,4041.84,85621.805,4418.4,734956.6,2203.7576
8291.1,208.81001,95.770004,2593.6401,1783.52,1028.35,313.73,90.42,636.24005,3385.8,4418.7,2640.7703,32.02679
34296.27,767.73004,14657.5205,187462.72,28179.932,4259.41,16997.59,1594.68,6226.4404,56374.562,4419.8,404167.72,1220.9758
61951.832,899.61005,39777.52,262143.0,53532.293,8718.21,13521.9,1030.24,5970.3604,126578.766,4420.1,1096828.8,1834.8303
11116.86,146.01001,701.79004,9171.94,2419.37,540.08,2283.79,235.64,1267.2001,5430.48,4420.4,19351.219,179.49869
50209.44,1427.13,45245.832,262143.0,71384.766,9423.141,31119.55,2694.79,9078.96,150219.97,4421.6,1247612.4,2575.5713
69870.57,1321.9401,59317.742,262143.0,83390.555,14191.23,27458.91,2186.52,10652.4,187727.77,4421.9,1635632.5,2426.3887
73921.29,2051.99,98828.37,262143.0,138824.11,24182.71,41295.91,3641.46,12373.681,262143.0,4422.4,2725101.8,3821.6194
29773.14,844.66003,29735.8,262143.0,40262.652,6670.93,13117.75,882.28,4465.56,92559.73,4423.1,819937.5,2854.6436
101109.664,3863.77,131719.86,262143.0,190403.33,29032.441,54497.23,4396.33,22564.08,262143.0,4423.2,3632054.8,3723.8398
12387.061,122.46001,244.92001,2749.07,1240.3,310.86002,730.21,145.22,384.12003,2354.8801,4423.4,6753.4453,55.533386
48770.46,1166.51,44567.59,262143.0,62228.523,11456.29,21029.5,1763.1901,8034.8403,143716.33,4423.8,1228910.5,2611.8308
54188.82,1169.65,44280.28,262143.0,61506.32,8572.2,17166.1,1553.58,6526.08,141294.12,4424.6,1220988.2,2335.4133
3725.34,172.70001,4600.1,54430.332,6367.9204,861.93005,80.83,83.57,591.36005,15214.32,4425.0,126843.555,3529.6147
12342.69,23.550001,287.31,4017.6301,1348.63,408.2,206.87,12.33,694.32,3138.9602,4427.3,7922.3105,65.55641
33833.43,1180.64,42573.69,262143.0,61707.28,9911.41,20311.62,1822.1,5932.08,134587.2,4428.1,1173930.6,3596.86
41713.02,1120.98,41162.26,262143.0,56967.453,8920.74,15390.58,1197.38,6124.8003,130186.33,4429.5,1135011.8,2820.4778
89566.5,1803.93,64533.28,262143.0,90898.3,13889.79,26450.59,2461.89,15139.081,211312.2,4430.0,1779446.2,2059.0945
43893.242,885.48004,40631.6,262143.0,55879.44,9126.41,15575.53,1586.46,5365.8003,127898.766,4430.3,1120379.2,2645.7644
6733.8,1240.3,47.100002,2263.9402,5342.71,3571.75,171.25,68.5,54.120003,5406.72,4430.9,1298.7395,18.999065
29216.34,466.29,979.68005,14340.381,6320.8203,2312.61,4177.13,287.7,3055.8,13383.48,4432.3,27013.781,94.87546
53606.79,920.02,32067.252,262143.0,45719.973,6017.81,16067.36,1131.62,5636.4004,103377.125,4433.7,884225.1,1709.3734
83314.68,1907.55,66880.43,262143.0,95192.24,14271.301,29205.66,2798.91,10245.841,213818.89,4435.1,1844166.6,2294.2317
34537.26,651.55005,22987.941,262143.0,31275.97,4719.42,7954.22,639.79,3735.6,73477.805,4435.7,633871.44,1902.0979
61040.94,1131.9701,42474.78,262143.0,62377.67,10288.21,20891.13,1749.49,7275.8403,136451.05,4437.2,1171203.2,1988.5687
28197.57,222.94,339.12003,4077.29,1720.7201,551.07,330.17,82.2,801.24005,4684.68,4438.4,9350.925,33.38672
13604.19,136.59001,251.20001,3670.6602,1276.41,841.52,79.46,-20.55,564.96,3090.12,4438.5,6926.6104,51.795383
11972.94,251.20001,91.060005,777.15,384.65002,43.960003,-20.55,-1.37,236.28001,792.00006,4439.3,2510.8962,20.745821
73736.85,1948.3701,83905.516,262143.0,115341.625,17591.852,35347.37,3337.32,13749.12,262143.0,4439.4,2313617.8,3252.5305
52715.04,1661.06,60024.242,262143.0,95773.14,15543.001,37355.79,2994.82,12728.761,205494.97,4440.1,1655113.6,3254.676
3613.98,116.18,-29.830002,-10.990001,-45.530003,50.24,60.28,80.83,-33.0,-168.96,4440.1,-822.53503,-24.600246
69146.73,1179.0701,54805.562,262143.0,78798.305,14012.25,28138.43,2627.66,11796.841,175355.4,4440.5,1511213.2,2265.2197
24664.5,309.29,290.45,4366.17,1215.18,224.51001,178.1,15.07,695.64,4200.24,4441.2,8008.8936,32.670387
11216.04,119.32001,91.060005,1596.6901,775.58,260.62,61.65,0.0,517.44,1966.8,4442.4,2510.8962,22.21331
37570.95,620.15,18601.361,226863.44,28438.98,5777.6,15094.66,1283.6901,5408.04,63010.203,4442.9,512915.53,1414.6033
50384.31,1263.8501,51555.66,262143.0,74553.02,11406.051,22889.96,2161.86,8558.88,165968.89,4443.4,1421600.1,2924.7017
27318.871,737.9,23137.09,262143.0,32450.332,5980.1304,10454.47,1067.23,5034.48,74383.32,4443.5,637984.06,2420.5586
21310.65,434.89,17364.201,213523.14,24831.121,3901.4502,6899.32,682.26,2249.28,56802.242,4444.3,478801.97,2328.738
38083.38,701.79004,34480.34,262143.0,49305.85,7948.91,13756.17,1271.36,4679.4004,110585.64,4444.9,950763.8,2587.72
21855.27,445.88,164.85,2493.1602,855.65,329.7,171.25,38.36,381.48,2515.9202,4447.3,4545.588,20.566605
3098.07,32.97,-17.27,3.14,50.24,-78.5,-5.48,36.99,-63.36,310.2,4447.4,-476.20447,-16.938599
53026.5,789.71,37380.133,262143.0,55395.883,9093.44,19166.3,1517.96,8477.04,124569.73,4447.7,1030722.94,2014.5652
58532.73,974.97003,34736.25,262143.0,47833.19,7492.04,16137.23,1549.47,8310.721,117696.484,4448.3,957820.3,1695.8098
38688.9,1080.16,37604.64,262143.0,54683.1,8790.431,18033.31,1664.55,7142.5205,121902.01,4448.5,1036913.56,2778.0994
16636.14,365.81,488.27002,6102.5903,1219.89,164.85,187.69,20.55,327.36002,2386.56,4448.7,13463.6,82.91827
72461.43,1320.37,57548.35,262143.0,78716.664,12494.061,24090.08,2485.18,11649.0,186153.0,4450.2,1586843.1,2269.7795
16009.74,324.99002,182.12001,2917.06,756.74005,423.90002,60.28,50.69,345.84003,2211.0,4450.3,5021.7925,31.52538
61890.06,2070.83,74721.016,262143.0,118101.69,22953.4,44137.29,4286.73,13110.24,249271.45,4450.5,2060363.6,3451.0005
69270.27,1290.54,55128.98,262143.0,79476.54,13597.7705,28315.16,2290.64,8263.2,171539.28,4450.9,1520131.2,2274.5273
38101.65,649.98004,386.22,5432.2,3593.7302,723.77,371.27,76.72,1671.1201,7019.7603,4452.6,10649.663,27.982777
23657.91,543.22003,58.09,1595.12,3223.2102,1376.89,9055.7,863.1,888.36005,2607.0,4454.0,1601.7786,6.0205956
43379.07,847.80005,29495.592,262143.0,45409.113,7631.77,15959.13,1422.06,6952.4404,101624.164,4455.3,813313.94,1943.1326
7617.72,83.21,-28.26,53.38,-58.09,-12.56,24.66,-46.58,56.760002,159.72,4456.2,-779.24365,-11.607087
28628.22,381.51,687.66003,9308.53,6068.0503,1728.5701,10192.8,901.46,1172.16,7384.08,4457.6,18961.596,67.6797
16305.54,106.76,141.3,1711.3,679.81,307.72,-58.91,12.33,604.56,2649.24,4457.9,3896.2183,23.777414
10037.19,144.44,113.04,1354.91,290.45,-7.8500004,785.01,50.69,931.92004,1156.3201,4458.8,3116.9746,31.200974
28385.49,521.24,191.54001,3433.59,931.01,241.78001,2187.89,215.09,3388.4402,3742.2002,4459.1,5281.5405,18.293547
3065.8801,72.22,14.13,193.11,356.39,153.86,28.77,-9.59,-26.400002,187.44,4460.7,389.62183,12.17759
47487.21,854.08,30798.691,262143.0,45195.59,7961.47,15898.85,1248.07,6746.5205,103557.96,4461.5,849245.75,1853.405
31428.75,681.38,29417.092,262143.0,42396.28,6677.2104,13013.63,1220.67,4066.9202,94034.164,4461.9,811149.4,2675.2188
50697.51,929.44,23884.41,262143.0,33196.082,4361.46,10068.13,915.16,5301.12,78674.64,4462.3,658590.75,1346.0287
10552.23,149.15001,61.230003,1395.7301,489.84003,69.08,23.29,91.79,402.6,1705.4401,4462.4,1688.3613,15.590864
43761.87,464.72,17698.611,215735.28,25647.521,4480.7803,10042.1,769.94,5479.3203,61727.164,4463.9,488023.03,1155.358
13332.75,475.71002,109.9,1634.37,436.46002,125.600006,30.14,-6.85,380.16,2003.7601,4463.9,3030.392,22.56823
75475.11,2337.73,84572.766,262143.0,114409.05,17010.951,32707.38,2713.97,13203.961,262143.0,4464.1,2332016.8,3202.8767
52050.36,1254.43,963.98004,16662.41,8215.811,2251.3801,3131.82,446.62,4123.68,20174.88,4464.8,26580.867,51.95333
13953.93,191.54001,251.20001,3034.81,993.81006,562.06,72.61,17.81,732.60004,3428.04,4465.4,6926.6104,50.472126
60717.3,1055.04,46737.332,262143.0,64754.652,10340.0205,17912.75,1720.72,7306.2,151407.97,4465.7,1288739.1,2199.9006
19444.5,301.44,139.73001,3055.2202,645.27,-36.11,1494.67,120.56,1556.28,2778.6,4466.3,3852.9272,19.546692
53924.34,1274.8401,60748.01,262143.0,80503.32,11669.811,23266.71,2130.35,6959.04,185145.84,4466.4,1675070.9,3220.0408
98310.87,9544.03,7013.1904,123375.31,60220.492,17971.791,9496.84,2886.59,19932.0,125601.97,4466.5,193382.31,202.9685
50522.64,817.97003,34627.92,262143.0,48076.543,8517.25,13041.03,1106.96,5335.4404,109359.37,4466.7,954833.25,1958.6991
12871.65,381.51,232.36,2956.31,929.44,219.8,128.78,26.03,484.44003,2290.2002,4467.7,6407.1143,50.61502
31945.53,290.45,232.36,3887.32,2312.61,453.73,249.34,35.62,947.76,4977.72,4468.2,6407.1143,19.79698
87936.12,3221.6401,134481.5,262143.0,188654.34,31321.502,52346.332,4494.97,19054.201,262143.0,4469.9,3708204.2,4371.645
42783.12,540.08,22774.42,262143.0,30447.012,4243.71,8899.5205,700.07,4478.7603,72258.125,4471.3,627983.8,1521.0322
11127.3,142.87001,23.550001,1125.6901,747.32,309.29,157.55,-19.18,438.24002,1330.56,4471.5,649.36975,5.0513206
51700.62,1193.2001,31557.002,262143.0,44974.223,7540.7104,16509.87,1300.13,7175.5205,103720.32,4471.7,870155.44,1744.2151
50698.38,976.54004,44344.652,262143.0,59867.242,8179.7,14746.68,1411.1,4951.3203,138461.4,4473.8,1222763.2,2499.8992
28601.25,665.68,26740.24,262143.0,36461.68,4488.6304,8265.21,720.62,4363.9204,85759.086,4477.2,737337.7,2672.1868
17795.85,425.47,166.42,2827.57,938.86005,298.30002,175.36,6.85,506.88,2600.4001,4477.7,4588.8794,25.738422
10771.47,4.71,-28.26,558.92004,303.01,43.960003,-1.37,-1.37,376.2,1276.4401,4478.0,-779.24365,-8.501467
45978.63,1102.14,69690.734,262143.0,96837.6,13949.45,26398.53,2157.75,7011.8403,216615.97,4478.2,1921658.2,4332.7915
22635.66,331.27002,11283.591,137291.8,14725.03,1982.91,3927.79,330.17,2522.52,36729.0,4479.2,311134.7,1424.2897
29825.34,387.79,14740.73,180414.98,20394.3,3304.85,6923.98,613.76,5404.08,49742.883,4479.6,406462.16,1412.1316
26179.17,340.69,17279.42,210412.98,23144.941,2763.2002,5369.03,500.05,2570.04,54420.96,4480.6,476464.2,1886.219
26633.31,471.00003,16065.811,195800.98,21033.291,3709.9102,3748.32,186.32,2609.6401,49686.12,4480.6,443000.03,1723.7512
111523.56,2684.7002,116640.016,262143.0,165496.84,25116.861,59405.94,4781.3,17715.72,262143.0,4480.8,3216241.8,2989.4043
12510.6,40.82,84.78001,1716.01,659.4,157.0,439.77,102.75,488.40002,2158.2002,4480.8,2337.7312,18.376009
4657.98,32.97,17.27,-47.100002,54.95,86.350006,-17.81,83.57,176.88,116.16,4482.1,476.20447,9.6009245
43366.02,952.99005,1012.65,13354.421,3312.7002,1105.28,508.27,-4.11,1185.3601,8235.48,4485.3,27922.898,65.76653
22261.56,292.02002,111.47,2095.95,1029.92,105.19,1686.47,161.66,1685.64,3214.2002,4486.1,3073.6833,13.316978
26778.6,362.67,16977.98,205822.3,23531.16,4607.95,5301.9,604.17,2240.04,52654.8,4486.2,468152.28,1811.7886
8761.7705,133.45,87.920006,985.96,284.17,150.72,426.07,6.85,802.56006,838.2,4487.6,2424.3137,27.690943
52247.85,921.59,41438.582,262143.0,57433.742,7904.95,15612.5205,1365.89,6586.8003,132414.48,4489.9,1142631.0,2266.6992
57085.92,1694.03,78584.78,262143.0,120783.24,21596.92,41711.02,3545.56,14685.001,262143.0,4490.1,2166903.5,3935.0305
55895.76,2094.3801,83883.53,262143.0,117684.06,19268.611,44745.57,4082.6,16818.121,262143.0,4490.3,2313011.8,4289.8843
72732.0,1306.24,54755.32,262143.0,76091.625,10793.75,19965.01,1830.32,10450.44,177198.12,4491.1,1509827.9,2151.5327
22005.78,552.64,1538.6001,23035.041,10226.98,2802.4502,13589.03,1317.9401,4110.48,16754.76,4491.5,42425.492,198.9116
22051.02,299.87,72.22,2171.31,1312.52,326.56,1571.39,78.090004,2082.96,3087.4802,4491.7,1991.4005,8.364354
67346.7,1741.13,54165.0,262143.0,80602.234,13269.641,27621.94,2745.48,15841.32,182144.17,4492.2,1493550.4,2298.5955
64075.5,1800.79,66346.63,262143.0,102367.14,19824.39,31915.52,3001.67,13458.721,236112.38,4492.2,1829447.8,2959.5737
87060.03,1902.8401,66765.82,262143.0,90066.195,13779.891,23518.791,1782.37,8785.92,209540.77,4493.2,1841006.4,2191.726
32937.332,634.28,25708.75,262143.0,36094.3,5403.94,8770.74,876.8,3537.6,81660.484,4493.5,708895.25,2230.7295
40805.61,533.8,21585.932,262143.0,29231.83,4885.8403,9626.99,702.81,3735.6,69871.56,4494.3,595212.3,1511.5157
36397.32,662.54004,19756.88,242084.6,28186.21,5003.5903,8132.32,842.55,4047.12,64220.64,4495.1,544777.94,1551.0223
54850.02,712.78,25405.74,262143.0,35298.312,6206.2104,11272.36,978.18,7656.0005,82629.37,4495.6,700540.06,1323.354
74460.69,1626.52,73039.54,262143.0,108048.98,16054.82,32915.62,2576.97,11284.681,236649.61,4497.2,2013998.5,2803.6584
32615.43,637.42004,30792.41,262143.0,44498.51,7156.06,15767.33,1368.63,4501.2,101051.28,4497.5,849072.56,2698.4146
70031.52,1174.36,38939.14,262143.0,55086.594,10270.94,19896.51,1619.34,8688.24,127484.28,4498.6,1073711.1,1588.7974
31842.0,562.06,449.02002,5681.83,1648.5,69.08,1946.77,150.7,3763.32,4337.52,4498.9,12381.316,39.319427
75894.45,1734.8501,80613.23,262143.0,109873.31,18417.67,30618.13,2589.3,14562.24,258139.2,4499.0,2222836.0,3036.0032
31099.02,805.41003,31096.99,262143.0,46602.312,7196.8804,16553.71,1257.66,4542.12,102267.01,4499.2,857471.06,2858.0427
63804.93,1464.81,68858.63,262143.0,92609.59,14140.99,26778.02,2194.74,11132.881,219097.56,4499.5,1898713.8,3084.696
94314.96,2639.1702,117743.73,262143.0,164457.5,26080.842,50835.22,4593.61,17628.602,262143.0,4499.9,3246675.5,3568.49
15659.13,186.83,75.36,1788.2301,717.49005,193.11,1548.1,71.24,1053.36,1991.8801,4500.3,2077.9832,12.760121
36575.67,844.66003,33196.082,262143.0,45636.76,7969.3203,12772.51,1037.09,4286.04,104687.88,4500.8,915351.6,2594.0366
64362.6,1720.7201,68778.56,262143.0,94947.32,14845.921,24839.47,2064.59,11943.36,224067.38,4501.0,1896506.0,3054.403
23442.15,353.25,98.91,2296.9102,868.21,215.09001,1798.81,26.03,1945.68,2189.8801,4507.1,2727.3528,11.064012
53317.95,1298.39,52433.293,262143.0,74901.56,11823.67,25717.64,2176.93,9797.04,169486.69,4508.1,1445800.1,2810.7888
10489.59,113.04,216.66,3562.33,2251.3801,868.21,4489.49,331.54,774.84,3915.12,4508.1,5974.201,58.056705
22868.82,315.57,8322.57,103778.57,11077.92,1491.5,2957.83,160.29,1565.52,27932.521,4508.1,229487.27,1039.5493
165738.48,6796.5303,234167.08,262143.0,262143.0,59481.023,117071.98,10583.25,54311.402,262143.0,4508.9,6456943.0,4038.722
11845.05,78.5,202.53001,1904.41,609.16003,400.35,20.55,47.95,455.40002,1684.3201,4509.4,5584.58,47.887913
63965.88,1557.4401,73540.375,262143.0,104536.88,17210.34,27928.82,2398.87,8916.601,228323.05,4509.7,2027808.6,3286.2026
9345.54,502.40002,6223.48,76093.195,8606.74,1819.63,106.86,16.44,1203.8401,21865.8,4510.2,171606.77,1903.0479
16274.22,202.53001,97.340004,2210.56,1047.1901,160.14,1263.14,169.88,1214.4,2597.76,4510.2,2684.0615,16.101734
43720.11,893.33,38094.48,262143.0,50668.613,7818.6,15696.09,1226.15,5034.48,117816.6,4510.4,1050420.5,2490.3218
58651.05,1070.74,42688.3,262143.0,58035.05,9817.21,16723.59,1550.84,5302.4404,133887.61,4511.5,1177090.9,2080.0479
62592.15,1766.25,73868.5,262143.0,104474.086,16076.801,35577.53,2946.87,13477.2,234429.38,4511.6,2036856.4,3373.337
4023.75,47.100002,-15.700001,174.27,204.1,146.01001,-2.74,12.33,-17.16,401.28003,4512.8,-432.91315,-12.156236
51773.7,899.61005,22854.49,262143.0,32470.74,5966.0,13075.28,1037.09,9012.96,77909.05,4513.5,630191.7,1261.1511
69407.73,1657.92,65828.53,262143.0,95240.914,15977.891,35095.29,3201.69,8803.08,211811.17,4515.5,1815161.5,2710.7854
89460.36,1679.9,141566.9,262143.0,197042.86,30483.121,35748.78,3327.73,11349.36,262143.0,4520.7,3903578.0,4523.599
17261.67,306.15002,131.88,2130.49,872.92004,226.08,1293.28,78.090004,1248.7201,2490.84,4521.0,3636.4705,20.844652
35757.0,865.07,33511.652,262143.0,45438.94,6983.3604,14015.1,1286.43,5973.0,107693.52,4521.6,924053.2,2678.685
40235.76,923.16003,32467.602,262143.0,45054.293,7292.6504,13650.68,1171.35,5083.3203,104666.766,4521.8,895264.44,2306.2092
44762.37,806.98004,29946.182,262143.0,42575.26,6540.62,14941.22,1493.3,4907.7603,96947.41,4522.4,825738.56,1911.8344
69837.51,1526.04,65669.96,262143.0,94625.48,14370.211,31525.07,3035.92,9886.801,209709.73,4522.6,1810789.1,2687.605
101593.38,2628.1802,98878.6,262143.0,142314.22,23699.15,49881.7,4396.33,19489.8,262143.0,4522.9,2726487.0,2781.825
20685.12,295.16,698.65,8649.13,1774.1001,368.95,100.01,24.66,533.28,4144.8003,4523.0,19264.635,95.57187
73073.04,2780.4702,83968.31,262143.0,120439.414,19428.75,29765.99,3012.6301,19869.96,262143.0,4523.0,2315349.5,3284.5437
41021.37,985.96,29249.102,262143.0,43300.6,7583.1,15572.79,1578.24,8400.48,96580.445,4523.9,806517.25,2037.6908
46645.92,585.61005,25769.98,262143.0,36686.19,5394.52,12276.57,941.19,6922.08,81520.56,4524.6,710583.6,1578.6083
31641.9,758.31,30726.47,262143.0,44509.5,6925.27,14254.85,1365.89,5074.08,98369.05,4526.0,847254.3,2775.509
26339.25,249.63,191.54001,3196.52,1180.64,186.83,2422.16,226.05,2456.52,4390.3203,4526.5,5281.5405,19.792421
61674.3,1047.1901,36709.742,262143.0,51960.723,7810.7505,14809.7,1302.87,6804.6,117136.805,4527.3,1012237.56,1700.8689
40341.03,780.29004,33167.82,262143.0,45942.91,7804.47,13526.01,1449.46,6147.24,104204.766,4527.3,914572.3,2349.8176
28587.33,799.13,29971.3,262143.0,42311.5,6991.2104,11775.15,1087.78,5722.2,99281.164,4527.7,826431.2,2996.6504
79580.64,2614.05,101197.49,262143.0,142893.56,21666.0,41364.41,3708.59,13411.2,262143.0,4528.2,2790428.2,3634.8948
23716.2,334.41,11848.79,143286.06,16992.111,2114.79,5625.22,531.56,2802.36,38863.44,4528.4,326719.53,1427.4923
26740.32,494.55002,1204.1901,15375.011,2771.05,686.09,-21.92,27.4,682.44,6468.0005,4529.4,33204.438,127.75894
33541.98,590.32,20935.951,257385.81,28578.71,4397.5703,9424.23,757.61,4950.0,70202.88,4529.9,577289.7,1783.6497
96697.89,3615.7102,152632.27,262143.0,215868.73,35164.86,67720.47,6217.06,28608.361,262143.0,4530.0,4208695.0,4512.1353
30632.7,940.43005,17778.68,223257.14,32406.371,5893.7803,20271.89,1815.25,8800.44,70919.64,4530.8,490230.84,1658.4465
17222.52,205.67001,8116.9004,95606.73,10610.061,1188.49,1337.12,34.25,1403.16,25934.041,4530.9,223816.11,1346.5427
56690.94,1113.13,40338.01,262143.0,56590.652,7672.5903,18486.78,1633.04,6354.4805,127286.28,4531.3,1112283.8,2033.4631
44311.71,1453.8201,16389.23,205608.78,30775.14,6429.1504,11313.46,1164.5,4575.12,65765.04,4531.4,451918.03,1056.5211
44218.62,1135.11,26704.13,262143.0,40303.473,7716.5503,16856.48,1427.54,6928.68,89189.766,4531.5,736342.0,1725.7213
108670.83,3909.3,111816.98,262143.0,153557.0,24404.08,47233.49,4341.53,15454.561,262143.0,4531.6,3083250.8,2941.0073
46566.75,974.97003,37612.492,262143.0,58171.64,9352.49,20791.12,1911.15,6489.12,124468.086,4533.3,1037130.06,2308.4321
36670.5,593.46,14960.53,184864.36,22080.48,3455.57,7874.7603,719.25,4303.2,49587.12,4533.5,412522.94,1165.485
15436.41,174.27,163.28,1796.0801,376.80002,-28.26,949.41,73.98,1090.3201,1556.28,4533.7,4502.2964,29.24375
14448.09,240.21,37.68,1576.28,869.78,86.350006,772.68,84.94,934.56006,1640.76,4534.0,1038.9916,6.456748
80726.43,2499.4402,92030.266,262143.0,130138.875,21287.63,42160.38,3804.49,15760.801,262143.0,4534.2,2537650.5,3258.5972
26144.371,447.45,15902.53,195943.86,22427.451,4023.9102,7932.3,597.32,3314.52,49482.844,4534.4,438497.72,1738.1499
29118.9,648.41003,30176.97,262143.0,42261.26,6972.37,13139.67,1124.77,3413.52,97590.24,4536.2,832102.4,2962.1228
59628.06,1245.01,53416.113,262143.0,72490.04,12161.221,19530.72,1712.5,8543.04,174086.89,4536.4,1472900.5,2560.36
5133.0,20.41,14.13,95.770004,-86.350006,83.21,20.55,-5.48,-11.88,-236.28001,4536.6,389.62183,6.8708186
45004.23,852.51,28316.521,262143.0,40349.0,5590.77,15285.09,1235.74,8034.8403,92788.086,4538.4,780802.2,1798.0183
19570.65,368.95,1348.63,18427.09,7399.41,2285.9202,3967.52,528.82,3109.9202,14489.641,4539.3,37187.24,196.0319
28290.66,485.13,15586.961,189261.94,22852.92,3122.7302,8565.24,845.29,3381.84,50867.523,4542.7,429796.2,1574.3148
50895.87,952.99005,45994.723,262143.0,65616.586,9966.36,18027.83,1808.4,7376.16,145461.36,4543.0,1268262.4,2582.8926
67728.63,1262.28,35281.043,262143.0,48381.12,7766.79,15394.69,1416.58,7170.24,115269.01,4544.3,972842.5,1488.4231
51931.17,1560.5801,45663.453,262143.0,68645.11,11495.54,27801.41,2134.46,11828.5205,151096.45,4544.3,1259128.0,2513.1409
52077.332,1031.49,30253.9,262143.0,42840.59,7625.49,16278.34,1448.09,7197.9604,99419.766,4544.5,834223.6,1660.046
48065.76,1408.29,54293.742,262143.0,79165.68,13250.801,29837.23,2618.07,9926.4,181175.28,4545.5,1497100.2,3228.7056
26601.99,720.63,27642.99,262143.0,41055.5,6217.2,15130.28,1200.12,3692.04,83231.28,4545.8,762230.2,2970.118
27233.61,607.59,21330.021,259320.05,28391.88,3888.8901,7226.75,682.26,3824.04,68414.28,4546.0,588155.8,2238.4175
20690.34,310.86002,144.44,2841.7002,931.01,240.21,1782.37,53.43,1379.4,2671.6802,4547.7,3982.801,18.960382
27535.5,684.52,26083.98,262143.0,36847.902,5195.1304,12375.21,1276.84,4208.16,82282.2,4547.8,719241.9,2707.5066
25676.31,387.79,199.39,2626.61,1069.17,103.62,2578.34,180.84,1723.92,3422.7603,4548.2,5497.997,21.203415
73229.64,1149.24,45745.09,262143.0,65688.805,10128.07,21208.97,1870.05,5697.12,147172.08,4548.2,1261379.0,1785.1034
57205.11,1036.2001,45352.59,262143.0,62151.594,9253.58,14434.32,1074.08,6075.9604,147073.08,4548.7,1250556.1,2265.816
19997.82,241.78001,161.71,2940.61,1172.79,69.08,1609.75,161.66,1659.2401,3043.9202,4550.2,4459.0054,22.12082
14515.08,207.24,18.84,155.43001,84.78001,-12.56,-9.59,-79.46,-36.960003,-122.76,4551.1,519.4958,2.7111669
29723.55,810.12006,24363.262,262143.0,39929.812,7700.85,18615.56,1619.34,6136.68,84848.28,4551.4,671794.6,2342.601
25116.03,276.32,373.66,4890.5503,1635.9401,525.95,80.83,-4.11,646.80005,4585.68,4551.4,10303.333,41.53776
16523.041,116.18,386.22,5870.23,1321.9401,830.53,247.97,47.95,950.4,5025.24,4552.8,10649.663,65.833435
107277.96,3895.1702,148385.42,262143.0,201878.45,33395.473,52321.67,4123.7,17356.682,262143.0,4552.8,4091592.2,3953.8474
31146.871,463.15002,10625.761,130353.96,15291.801,1818.06,3674.34,335.65,4919.64,35315.28,4553.0,292995.62,974.42664
16491.72,177.41,91.060005,1938.9501,547.93,222.94,1202.86,24.66,1151.04,2141.04,4555.3,2510.8962,14.787402
31555.77,379.94,460.01,6634.8203,1709.7301,430.18002,2676.98,230.16,3688.08,4605.48,4555.9,12684.355,40.68094
15708.72,383.08002,207.24,3295.4302,1237.16,362.67,241.12,12.33,553.08,2775.9602,4556.3,5714.4536,36.72088
12745.5,205.67001,15.700001,1114.7001,540.08,191.54001,628.83,71.24,929.28,1515.3601,4556.7,432.91315,2.5220196
43269.45,1194.77,46842.523,262143.0,63449.98,10139.061,20086.94,1781.0,6186.8403,148567.33,4557.1,1291639.8,3094.337
82575.18,1670.4801,47258.57,262143.0,69230.72,10665.011,15863.23,1309.72,7406.5205,154351.56,4557.2,1303111.9,1635.3646
61914.42,1092.7201,41192.09,262143.0,56358.293,9473.38,16122.16,1391.92,5678.64,130273.445,4559.1,1135834.2,1901.2649
35140.17,620.15,26102.82,262143.0,35497.703,5375.68,8198.08,745.28,4296.6,81136.445,4559.4,719761.4,2122.8926
51804.15,1325.0801,52357.934,262143.0,74633.09,14164.54,22063.85,1671.4,5602.08,164774.28,4559.4,1443722.1,2888.7944
13600.71,100.48,387.79,5469.8804,1563.7201,486.7,6.85,0.0,567.60004,3732.9602,4559.7,10692.955,80.52373
53850.39,1130.4,38761.73,262143.0,54051.96,8746.471,12365.62,1193.27,5479.3203,125590.086,4560.1,1068819.2,2057.085
27543.33,505.54,17196.21,212615.69,23193.611,4260.98,6237.61,512.38,4191.0,57838.44,4560.3,474169.78,1784.1113
27295.38,394.07,15013.91,184732.48,20623.521,2521.4202,5751.2603,613.76,3234.0002,49012.92,4560.6,413994.84,1571.7281
23911.08,249.63,12384.16,151999.56,17271.57,2681.56,4285.36,328.8,2472.36,40241.523,4561.5,341481.88,1479.8679
12012.09,64.37,265.33002,3697.35,1540.17,543.22003,621.98,-23.29,832.92004,3632.6401,4561.7,7316.2324,62.156315
10184.22,155.43001,65.94,1092.7201,626.43,171.13,119.19,-39.73,432.96002,1648.68,4562.3,1818.2352,17.512718
50091.12,995.38,28583.422,262143.0,46902.18,8091.7803,21851.5,2012.53,11109.12,109747.445,4562.7,788161.7,1630.5577
29945.4,846.23004,44346.223,262143.0,63247.453,9137.4,19504.69,1554.95,6148.56,142965.25,4562.8,1222806.5,4233.24
55237.17,1238.73,35554.223,262143.0,49217.934,7501.4604,16229.0205,1231.63,5924.16,112672.56,4563.7,980375.2,1839.3854
79609.35,1537.03,66715.586,262143.0,94832.71,15819.32,30297.55,2809.87,12208.681,217041.02,4568.3,1839621.2,2395.1401
23068.05,323.42,8024.2705,98556.75,10690.13,1048.76,2818.09,260.3,2398.4402,27001.922,4568.7,221261.92,993.58905
20025.66,489.84003,1419.28,19276.46,5780.74,1400.4401,5336.15,501.42,2818.2002,14650.681,4570.2,39135.348,201.64236
21387.21,255.91,9189.21,112466.95,13447.051,2512.0,3999.03,293.18,2716.56,29707.922,4570.3,253384.06,1227.4939
8821.8,271.61002,51.81,811.69,642.13,296.73,72.61,-2.74,201.96,966.24005,4570.4,1428.6134,15.792114
60392.79,1042.48,38342.543,262143.0,53829.023,7974.0303,18889.56,1811.14,6973.56,122221.445,4570.5,1057260.5,1814.2849
19034.73,1160.23,23813.762,262143.0,43123.19,7966.18,31042.83,2370.1,10566.601,92499.0,4571.3,656642.7,3576.093
13454.55,114.61,26.69,94.200005,47.100002,-18.84,38.36,19.18,-48.84,-297.0,4573.2,735.95233,4.671898
22840.11,351.68002,12662.051,156854.0,16403.361,2524.56,2057.74,180.84,2055.24,42542.28,4574.7,349144.47,1584.0934
23254.23,1092.7201,26730.82,262143.0,44686.91,8404.21,22855.71,2201.59,6606.6,98230.445,4576.1,737077.94,3285.6943
10493.94,116.18,17.27,1259.14,1015.79004,346.97,-5.48,65.76,562.32,1851.9601,4576.1,476.20447,3.7054672
69468.63,1254.43,48866.25,262143.0,68284.016,10030.73,18848.46,1786.48,10932.24,161480.89,4576.2,1347442.1,2010.2648
55385.94,965.55005,37997.14,262143.0,53497.75,8576.91,18219.63,1612.49,6032.4004,121834.69,4578.3,1047736.4,1960.5544
30010.65,449.02002,14024.811,174805.38,21185.58,3573.32,7191.13,594.58,3331.6802,47209.8,4579.5,386721.3,1335.1973
16101.96,116.18,202.53001,2684.7002,1621.81,395.64,254.82,65.76,649.44,3429.36,4583.3,5584.58,34.96331
53661.6,1120.98,41090.043,262143.0,57677.094,9159.38,19767.73,1534.4,6489.12,132625.69,4585.2,1133020.4,2188.3843
34420.68,530.66003,14996.641,185685.47,21155.75,4775.94,8043.27,690.48,3319.8,50574.48,4586.6,413518.66,1244.7289
14061.811,287.31,-23.550001,147.58,14.13,-29.830002,-30.14,-34.25,-68.64,55.440002,4586.7,-649.36975,-5.7884912
59628.93,1009.51,32137.9,262143.0,43154.59,7251.83,13663.01,986.4,6111.6,105359.766,4586.8,886173.2,1540.0242
37425.66,560.49,16412.781,202077.84,26044.73,4107.12,11912.15,1091.89,5241.72,59248.203,4587.2,452567.44,1252.8965
27820.86,422.33002,15813.041,194238.84,21826.14,4295.52,7318.54,590.47003,2942.28,51177.723,4587.3,436030.16,1624.1515
11444.85,59.660004,178.98001,2438.21,894.9,271.61002,80.83,83.57,462.00003,2666.4001,4587.4,4935.21,43.713993
40250.55,734.76,29578.8,262143.0,42416.69,6435.43,14859.0205,1354.93,4598.8804,95747.52,4589.7,815608.4,2100.1533
75326.34,1241.87,43981.98,262143.0,61705.71,8539.23,21935.07,1949.51,8029.5605,144516.25,4590.8,1212762.9,1668.4634
16356.87,368.95,923.16003,12756.25,6258.02,1456.9601,8114.5103,697.33,3104.6401,10648.44,4592.1,25455.293,160.37111
31533.15,558.92004,29468.9,262143.0,41605.0,6137.1304,11847.76,1138.47,4575.12,89406.24,4593.0,812578.0,2671.0562
50820.18,1237.16,51599.62,262143.0,72675.305,11462.57,18521.03,1694.6901,7452.72,165385.45,4593.6,1422812.4,2902.082
66747.27,1285.8301,41611.28,262143.0,56859.12,9828.2,11816.25,1026.13,5806.68,131609.28,4593.8,1147393.0,1781.4878
72846.84,2179.1602,77297.38,262143.0,107177.625,16346.841,31710.02,2538.61,10977.12,242732.17,4594.4,2131404.5,3032.912
11502.2705,180.55,94.200005,1061.3201,447.45,64.37,674.04,153.44,495.00003,984.72003,4594.5,2597.479,22.416195
24969.0,513.39,14905.58,185258.44,22710.05,3615.7102,9065.29,986.4,3424.08,48492.844,4594.7,411007.75,1705.8555
18669.33,260.62,87.920006,2647.02,748.89,28.26,1645.37,87.68,2343.0,3037.32,4596.1,2424.3137,12.46505
46019.52,1486.79,27909.89,262143.0,44343.082,7510.8804,18322.38,1727.57,7542.4805,95940.24,4596.7,769589.7,1733.0636
58739.79,1764.68,55620.39,262143.0,79873.75,13494.15,31053.791,2815.35,9431.4,182486.05,4597.0,1533681.4,2706.389
54765.63,839.95,31195.9,262143.0,44289.703,6920.56,14183.61,1271.36,6262.08,104932.086,4597.8,860198.44,1627.6901
63430.832,1413.0,52031.37,262143.0,79515.79,12724.851,31936.07,2970.16,9247.92,167661.12,4598.9,1434717.5,2344.3835
33991.77,5209.2603,53158.633,262143.0,79815.664,14861.62,24064.05,2253.65,8379.36,172847.4,4599.7,1465800.6,4470.4565
84470.914,2312.61,116793.875,262143.0,159555.97,24130.9,44805.85,3799.01,16909.201,262143.0,4600.7,3220484.2,3952.319
60923.492,1194.77,52414.453,262143.0,76669.38,12392.011,23883.21,2252.28,9455.16,170528.17,4602.4,1445280.6,2458.8877
61129.68,1256.0,59094.8,262143.0,83662.164,12497.2,23494.13,2076.92,6506.2803,183113.05,4603.3,1629485.1,2763.0518
17267.76,197.82,461.58002,6301.98,2625.04,896.47003,716.51,102.75,1411.0801,6403.3203,4603.8,12727.646,75.42932
37436.97,1039.3401,26847.0,262143.0,43157.73,7897.1,15593.34,1254.92,6346.56,92835.6,4603.9,740281.44,2049.4258
20553.75,233.93001,139.73001,2772.62,918.45,301.44,1752.23,242.49,2828.76,2840.6401,4604.2,3852.9272,18.437824
18401.37,314.0,97.340004,1774.1001,711.21,51.81,1679.62,147.96,1985.28,1617.0001,4605.3,2684.0615,14.12482
18094.26,527.52,530.66003,6292.56,1383.17,194.68001,131.52,2.74,590.04004,3615.4802,4605.6,14632.465,82.85415
19151.31,257.48,117.75001,2097.52,1033.06,152.29001,1043.9401,130.15,1679.04,2675.6401,4606.3,3246.8486,16.579699
27713.85,557.35004,7248.6904,88643.77,13955.73,3631.4102,7584.32,757.61,4184.4004,32177.64,4606.6,199876.0,746.8451
50884.56,1099.0,29176.88,262143.0,41488.82,6477.8203,14264.44,1323.42,5380.3203,94951.56,4609.6,804525.8,1638.4639
41462.46,1141.39,13530.261,167292.92,18997.0,2953.1702,4171.65,286.33,7578.12,49214.883,4609.9,373084.56,932.0396
57394.77,1183.78,44741.863,262143.0,63949.242,8966.2705,17497.64,1417.95,6904.9204,144266.77,4610.3,1233716.0,2227.901
41759.13,989.10004,46033.973,262143.0,63049.633,10250.53,17385.3,1561.8,7164.9604,146027.64,4611.9,1269344.6,3150.926
13231.83,144.44,211.95001,2376.98,1152.38,215.09001,36.99,0.0,208.56001,1791.2401,4613.7,5844.3276,44.799686
38650.62,808.55005,28745.13,262143.0,39282.973,6033.5103,12009.42,1239.85,4280.7603,93858.6,4615.6,792620.7,2125.458
51399.6,1081.73,35612.312,262143.0,49845.934,10087.25,15102.88,1271.36,7157.0405,115229.41,4615.6,981976.94,1980.0225
56878.86,2965.73,76405.625,262143.0,125391.195,21782.182,55257.582,4586.7603,26846.16,262143.0,4616.6,2106815.2,3839.8157
11783.28,194.68001,552.64,7313.06,2045.7101,485.13,165.77,12.33,736.56006,4495.9204,4617.0,15238.543,133.09886
66043.44,3271.8801,140745.8,262143.0,196750.84,30983.951,52950.5,4781.3,18053.64,262143.0,4617.8,3880936.5,6092.3306
18064.68,262.19,2965.73,35888.633,4176.2,731.62,1419.32,36.99,1795.2001,10395.0,4618.1,81777.29,468.4078
12101.7,312.43002,2230.97,26369.72,2998.7002,979.68005,350.72,1.37,619.08,9003.721,4619.3,61516.957,526.104
84553.56,1491.5,60926.992,262143.0,82886.586,13217.83,24991.541,1798.81,9869.641,196243.1,4619.8,1680006.1,2059.2827
25775.49,822.68005,15381.29,189425.22,23925.23,3885.7502,10787.38,935.71,6635.64,53770.203,4621.0,424125.0,1705.2192
70302.96,1535.4601,20588.98,258172.38,33177.242,5250.08,14116.48,1124.77,7634.8804,75579.24,4624.1,567722.3,836.3562
53431.05,1201.05,43646.0,262143.0,62311.73,10649.311,22951.61,2007.05,8205.12,140855.89,4626.2,1203498.5,2334.6067
10752.33,288.88,72.22,1342.3501,288.88,-6.28,138.37,9.59,242.88,1016.4,4626.6,1991.4005,18.20454
12443.61,92.630005,25.12,1023.64,866.64,94.200005,106.86,73.98,347.16,1902.1201,4628.9,692.6611,4.771946
61027.02,1240.3,47206.76,262143.0,66147.24,10194.011,23070.8,2050.89,6305.64,153063.25,4631.1,1301683.2,2210.7246
13625.94,183.69,0.0,1398.87,579.33,95.770004,783.64,119.19,1070.52,2122.56,4631.2,0.0,-1.0
48012.69,1260.7101,42151.363,262143.0,64641.613,10073.12,24853.17,1954.99,7477.8003,136011.48,4632.7,1162285.2,2509.1782
63771.87,3077.2002,129433.945,262143.0,188553.86,31194.33,60841.7,5419.72,20350.441,262143.0,4633.8,3569022.8,5802.2065
64163.37,1292.11,69626.36,262143.0,98041.8,14833.36,25328.56,1872.79,9573.96,223007.4,4634.2,1919883.1,3101.6694
21592.53,235.50002,117.75001,3183.9602,1086.4401,529.09,1704.28,141.11,1771.4401,1929.8401,4634.2,3246.8486,14.592165
46080.42,1166.51,47847.32,262143.0,65630.71,10610.061,19519.76,1696.06,6721.4404,151995.36,4638.0,1319346.1,2967.8633
36600.03,1518.1901,50310.652,262143.0,83654.31,15946.49,42032.97,3378.42,11495.881,174567.36,4638.4,1387270.2,3929.3162
29867.1,521.24,331.27002,4450.95,1515.05,403.49002,2864.67,258.93,5533.4404,5309.04,4639.0,9134.468,30.713055
30164.64,990.67004,31096.99,262143.0,56138.492,9906.7,23944.86,1937.18,9167.4,114255.24,4639.2,857471.06,2946.6045
21374.16,304.58002,1624.9501,20680.041,2468.04,486.7,1431.65,187.69,669.24005,7324.68,4640.6,44806.51,216.37018
64569.66,2333.02,71102.164,262143.0,100056.1,15893.11,28538.47,2468.74,15017.641,233443.33,4641.0,1960577.1,3147.4973
32330.94,546.36005,235.50002,4736.69,1527.6101,346.97,3007.15,241.12,3220.8,4981.68,4641.4,6493.6973,19.826756
64908.96,2223.12,58002.082,262143.0,80077.85,10955.46,26727.33,2146.79,10212.841,185078.53,4642.2,1599354.4,2553.9824
49081.92,921.59,38736.61,262143.0,52645.242,8192.261,16419.45,1483.71,5995.4404,125212.56,4642.6,1068126.6,2255.5713
17427.84,304.58002,474.14,6821.6504,1483.65,458.44,124.67,46.58,487.08002,3211.56,4644.4,13073.978,76.7879
49072.35,1022.07,1285.8301,16910.47,4008.2102,1284.26,645.27,28.77,1809.7201,12030.48,4645.0,35455.59,73.91965
45887.28,1621.81,60185.953,262143.0,85630.945,15123.811,32108.69,3072.91,13487.761,200910.61,4647.0,1659572.6,3749.1772
54692.55,1036.2001,22710.05,262143.0,35772.453,5452.6104,13305.44,1363.15,5186.2803,79891.68,4648.1,626208.9,1186.2411
14227.98,252.77,152.29001,1687.75,544.79004,62.800003,943.93,39.73,1471.8,2085.6,4649.0,4199.258,29.603928
24323.46,378.37003,235.50002,2997.1301,1102.14,359.53,2131.72,141.11,3142.9202,3645.84,4651.8,6493.6973,26.683088
49038.42,896.47003,35078.51,262143.0,47698.17,9376.04,16944.16,1489.1901,6239.64,113302.2,4652.6,967257.9,2044.2843
53236.17,1375.3201,51550.953,262143.0,76276.88,11398.2,27015.03,2453.67,10208.881,172047.48,4653.0,1421470.4,2767.719
5662.83,61.230003,-6.28,84.78001,23.550001,54.95,-94.53,13.7,168.96,-9.240001,4653.1,-173.16527,-4.170846
72111.69,1237.16,40630.03,262143.0,58091.57,9787.38,16944.16,1261.77,6120.8403,133143.12,4656.2,1120336.0,1609.9813
63513.48,1282.6901,50996.742,262143.0,73871.64,13177.011,24807.96,2267.35,8011.08,161186.53,4656.9,1406188.5,2294.755
64360.86,1252.86,42196.89,262143.0,59911.203,10443.641,23959.93,2044.04,9618.841,138679.2,4657.4,1163540.6,1873.5956
50800.17,701.79004,29851.98,262143.0,42468.5,7300.5,12978.01,1132.99,5679.9604,97008.125,4657.6,823141.06,1679.1846
14656.0205,191.54001,89.490005,1328.2201,755.17004,89.490005,-8.22,23.29,294.36002,1504.8,4657.8,2467.605,16.45852
37760.61,565.2,25492.092,262143.0,38135.3,4629.93,11021.65,854.88,3920.4001,82626.73,4658.8,702921.1,1929.2587
77443.05,1249.7201,51232.242,262143.0,73617.305,11914.73,24650.41,2193.37,8668.44,161062.45,4659.5,1412682.2,1890.5156
5430.54,5534.25,62.800003,2522.99,4273.54,2877.81,743.91,128.78,323.40002,12190.2,4661.5,1731.6526,32.064777
19188.72,103.62,307.72,4228.0103,1340.78,511.82,150.7,47.95,855.36005,4899.8403,4662.1,8485.098,44.852043
12652.41,125.600006,392.5,5228.1,1113.13,376.80002,749.39,9.59,558.36005,3005.6401,4663.2,10822.828,87.69832
25523.19,320.28,127.170006,2582.6501,1000.09,213.52,2005.68,243.86,1690.92,3673.56,4663.6,3506.5967,13.246191
40650.75,717.49005,1056.61,14659.091,4100.8403,979.68005,621.98,123.3,1686.9601,10199.641,4663.8,29135.055,73.31819
44544.87,653.12,19675.24,241046.81,26803.041,4367.74,10017.44,671.3,6882.4805,65468.043,4664.0,542526.75,1261.9069
64482.66,1409.8601,60052.504,262143.0,83299.49,12605.53,23958.56,2296.12,9445.92,195749.4,4664.3,1655892.9,2661.7915
12039.061,58.09,219.8,2802.4502,1422.42,367.38,2226.25,234.27,813.12006,3251.1602,4666.0,6060.784,51.201633
41692.14,887.05005,32767.47,262143.0,45164.19,7426.1,13784.94,1445.35,4667.52,103227.96,4668.2,903533.0,2246.1792
15099.72,152.29001,270.04,3237.34,887.05005,497.69,53.43,97.27,498.96002,3045.2402,4668.5,7446.1064,50.13382
10574.85,142.87001,92.630005,1164.9401,590.32,-73.79,839.81,71.24,745.80005,1243.4401,4668.7,2554.1877,24.045315
25102.98,434.89,18701.84,225357.81,25346.08,4600.1,7054.13,643.9,3036.0,59071.324,4669.0,515686.12,2129.1394
14780.43,150.72,78.5,1202.62,857.22003,222.94,164.4,46.58,343.2,2114.6401,4669.2,2164.5657,14.185587
54059.19,1116.27,37816.59,262143.0,53155.492,9010.23,17990.84,1433.02,7603.2,121974.6,4669.6,1042757.9,1999.1465
40334.07,540.08,27004.0,262143.0,40802.73,6240.75,10198.28,667.19,4482.72,90297.24,4671.8,744610.6,1913.2782
27761.7,745.75,25350.791,262143.0,34554.133,5366.2603,9583.15,583.62,4501.2,79170.96,4672.2,699024.9,2609.9253
18925.98,248.06001,149.15001,2000.18,1102.14,279.46002,906.94,161.66,1404.4801,2775.9602,4673.0,4112.6753,21.532736
63981.54,1527.6101,52156.973,262143.0,76843.66,13410.94,28082.26,2376.95,10358.04,170992.81,4673.2,1438180.8,2329.8088
60925.23,1722.29,64957.184,262143.0,111520.24,20329.932,50583.14,3833.26,15508.681,223101.12,4673.4,1791134.9,3047.4492
26828.19,298.30002,243.35,3702.06,1515.05,825.82,421.96,2.74,933.24005,4548.72,4673.7,6710.154,24.935163
9478.65,83.21,42.390003,-1.57,75.36,18.84,-26.03,-8.22,42.24,85.8,4674.1,1168.8656,11.786921
81998.37,1277.9801,34846.152,262143.0,52065.91,9380.75,29981.08,2731.78,6012.6,119260.69,4674.1,960850.75,1214.0625
35826.6,737.9,33417.45,262143.0,44509.5,6807.52,9992.78,856.25,4447.08,106015.805,4675.8,921455.56,2665.961
17478.3,450.59003,1673.62,23039.75,9157.811,3061.5,16846.89,1534.4,3463.6802,15747.601,4677.8,46148.54,272.78308
44644.92,1029.92,33910.43,262143.0,49109.6,7887.68,15490.59,1515.22,7225.68,108147.6,4678.0,935049.06,2170.752
41158.832,788.14,19105.33,235311.61,27848.66,4110.2603,11701.17,953.52,4012.8,62973.242,4678.2,526812.0,1326.2126
33729.03,467.86002,14373.351,178667.58,23132.38,2821.29,9466.7,837.07,4808.7603,48923.16,4678.5,396332.0,1217.4373
13641.6,167.99,92.630005,1403.5801,460.01,266.9,101.38,-47.95,706.2,2662.4402,4679.4,2554.1877,18.414911
20178.78,290.45,1117.8401,15050.0205,5904.77,2199.57,4725.13,475.39,2461.8,10406.881,4680.8,30823.418,157.3922
66900.39,1384.74,42796.633,262143.0,62438.902,8801.42,18370.33,1772.78,7864.5605,139968.84,4680.8,1180078.0,1828.0685
13118.73,65.94,350.11002,4675.46,1219.89,541.65,157.55,15.07,591.36005,3637.9202,4681.2,9653.964,75.30654
35008.8,1000.09,46206.67,262143.0,63380.902,10432.65,15697.46,1393.29,6285.8403,140891.53,4681.7,1274106.8,3772.7788
16792.74,185.26001,218.23001,3163.55,1284.26,328.13,234.27,-10.96,636.24005,3322.4402,4681.9,6017.493,36.15711
18292.62,2560.6702,246.49,13224.11,27134.31,16792.72,634.31,256.19,252.12001,10946.761,4683.5,6796.7363,37.52764
73320.99,2337.73,107193.32,262143.0,150432.69,25601.99,45430.57,3418.15,17905.8,262143.0,4684.0,2955757.8,4179.1167
17799.33,292.02002,50.24,2180.73,1012.65,216.66,1786.48,79.46,1178.76,2299.4402,4684.3,1385.3221,7.0703993
35777.01,726.91003,24499.852,262143.0,33469.26,4976.9004,9654.39,704.18,4197.6,75451.2,4684.4,675561.0,1956.9806
65047.29,2235.6802,50734.55,262143.0,72359.734,12324.5,23362.61,1882.38,9889.44,164541.97,4685.0,1398958.9,2229.0964
24279.09,405.06003,4472.93,54289.03,6334.95,1582.56,2594.78,187.69,3104.6401,16587.121,4685.1,123336.96,525.75507
25647.6,665.68,791.28,10504.87,2472.75,934.15,349.35,95.9,894.96,5608.68,4685.4,21818.822,87.21297
45395.73,651.55005,28825.201,262143.0,38681.66,5656.71,9350.25,783.64,4709.7603,93659.28,4686.1,794828.56,1814.5422
22653.06,331.27002,12154.94,148430.94,16616.88,3118.02,4718.28,337.02,2376.0,39035.043,4686.1,335161.38,1533.1752
20632.92,339.12003,144.44,3061.5,1477.37,328.13,1805.66,200.02,1461.2401,2799.7202,4686.8,3982.801,19.015932
110570.914,4165.21,137004.48,262143.0,195221.66,28785.951,48228.11,4105.89,20997.24,262143.0,4686.9,3777773.2,3541.769
13990.47,155.43001,381.51,4620.5103,1775.67,618.58,208.24,58.91,1012.44006,5083.3203,4688.5,10519.789,76.96912
16161.12,265.33002,128.74,1552.7301,827.39,-102.05,1356.3,138.37,1603.8,2053.9202,4688.9,3549.888,21.776714
43008.45,2417.8,69529.02,262143.0,106263.88,18813.31,46255.31,4390.85,13906.2,236976.97,4689.5,1917199.2,4621.3345
20210.1,260.62,279.46002,3166.6902,1675.1901,485.13,246.6,76.72,785.4,4353.3604,4690.4,7705.8545,38.536682
4145.55,17.27,47.100002,1.57,50.24,105.19,-31.51,-4.11,40.920002,30.36,4690.4,1298.7395,31.48537
29183.28,378.37003,202.53001,4322.21,1755.26,775.58,221.94,27.4,1209.12,5668.08,4691.1,5584.58,18.842861
13792.11,56.52,252.77,3166.6902,1444.4,339.12003,84.94,16.44,744.48004,3080.8801,4691.2,6969.902,51.401512
29312.041,449.02002,513.39,8308.44,4466.6504,2105.37,598.69,89.05,2242.6802,10684.08,4691.2,14156.26,49.07839
60362.34,2169.74,91571.82,262143.0,133895.89,21998.84,45945.69,3742.84,13382.16,262143.0,4691.5,2525009.2,4336.553
61786.53,1332.93,40688.12,262143.0,57623.71,9291.261,18625.15,1513.85,7200.6,133181.4,4692.1,1121937.8,1881.8809
6937.38,511.82,411.34003,8905.04,9573.86,4438.39,202.76,61.65,54.120003,26843.521,4692.3,11342.325,168.5331
13758.18,188.40001,78.5,1632.8,759.88,114.61,1035.72,110.97,1391.28,2064.48,4692.8,2164.5657,15.313896
11744.13,266.9,196.25,2160.32,802.27,58.09,176.73,-13.7,463.32,2282.28,4694.1,5411.414,46.77908
58635.39,1124.12,40653.582,262143.0,56425.8,8631.86,17726.43,1654.96,7695.6,130060.92,4694.5,1120985.4,1981.385
32295.27,401.92,17420.72,210924.8,23477.781,3334.6802,6345.84,634.31,3399.0002,54630.844,4697.2,480360.44,1541.326
32939.07,551.07,26762.22,262143.0,35766.17,6075.9004,10107.86,880.91,4790.2803,86516.766,4698.9,737943.75,2322.0566
31949.88,471.00003,19568.48,236380.78,27162.57,3708.34,7071.94,848.03,2742.9602,61927.8,4699.1,539582.94,1750.2045
37473.51,816.4,28079.451,262143.0,41735.312,6760.4204,13373.94,1208.34,3729.0002,91693.805,4699.6,774265.2,2141.4626
20330.16,379.94,1516.62,20827.621,7276.95,1844.7501,10628.46,1198.75,3124.4402,13597.32,4700.3,41819.41,212.2971
25633.68,452.16,16415.92,198237.62,22173.111,3331.54,5941.69,568.55,3293.4001,53090.402,4701.7,452653.97,1830.0629
18434.43,183.69,139.73001,1940.52,861.93005,306.15002,1668.66,117.82,1294.92,1673.76,4701.8,3852.9272,20.672499
37489.17,675.10004,14925.99,183190.75,21359.852,3639.26,7376.08,678.15,5567.7603,51730.8,4702.0,411570.53,1137.3774
24400.89,431.75,138.16,2664.29,737.9,202.53001,1735.79,163.03,2407.6802,2197.8,4703.2,3809.6357,15.189211
16698.78,244.92001,233.93001,3050.51,887.05005,549.5,-15.07,-10.96,384.12003,2401.08,4703.2,6450.406,39.054398
19788.15,350.11002,3248.33,40816.863,8562.78,2031.5801,11133.99,1020.65,4308.48,20020.441,4703.3,89569.73,468.35767
49162.832,697.08,24746.342,262143.0,33136.42,4336.3403,9096.8,682.26,5386.9204,83207.52,4703.6,682357.75,1438.2065
56079.332,1650.0701,62445.184,262143.0,83071.84,12442.25,22232.36,1635.78,8230.2,197333.4,4703.6,1721868.9,3182.7952
29979.33,544.79004,20507.34,248256.27,28470.38,5311.31,11080.56,948.04,3392.4001,67321.32,4706.1,565471.1,1954.8539
37713.63,767.73004,28798.512,262143.0,49374.934,9258.29,22936.541,1846.76,7047.4805,102041.28,4708.9,794092.6,2182.3367
46354.47,2532.4102,131993.05,262143.0,184707.36,31009.07,60988.29,5343.0,22238.041,262143.0,4709.1,3639587.5,8140.575
68587.32,2061.4102,92859.23,262143.0,129835.87,20568.57,45811.43,4303.17,15447.961,262143.0,4710.4,2560508.2,3870.0627
45794.19,868.21,18011.041,222139.31,25333.521,3643.9702,8109.03,687.74,4121.04,58618.562,4710.8,496637.97,1123.5465
22346.82,373.66,1337.64,18290.5,8457.59,3061.5,12327.26,1104.22,3036.0,13465.32,4711.3,36884.2,170.14825
71852.43,2172.8801,80363.59,262143.0,108188.7,16191.41,27531.52,2359.14,12278.641,251469.25,4711.7,2215952.5,3196.9146
13105.68,131.88,61.230003,1273.27,370.52002,351.68002,715.14,137.0,1207.8,1779.3601,4712.1,1688.3613,12.358378
19835.13,227.65001,106.76,1979.77,1056.61,215.09001,1705.65,197.28,1593.2401,3098.04,4713.7,2943.8093,14.389428
64627.95,1356.4801,43228.383,262143.0,61085.562,10051.141,21418.58,1605.64,6627.72,140285.64,4714.2,1191983.1,1911.4832
20063.94,419.19,673.53,9481.23,1712.8701,158.57,130.15,-9.59,550.44,4443.12,4714.3,18571.975,94.981995
45680.22,1036.2001,39383.453,262143.0,53201.023,8724.49,16512.61,1585.09,5413.3203,126309.484,4714.9,1085962.8,2464.1006
61201.02,1270.13,56055.28,262143.0,82555.31,12235.011,26339.62,2145.42,7789.3203,173243.4,4715.1,1545673.1,2617.8274
28673.46,430.18002,16453.6,201883.17,22567.182,3439.87,7559.66,663.08,2709.9602,54039.48,4715.5,453692.97,1639.7024
29252.01,817.97003,31525.602,262143.0,43735.492,8551.79,15778.29,1570.02,4639.8003,102446.52,4716.2,869289.6,3080.461
64099.86,1537.03,66269.7,262143.0,88174.34,14456.561,23398.23,2222.14,7043.5205,204128.77,4716.3,1827326.5,2955.017
13759.05,97.340004,500.83002,6882.8804,2490.02,1039.3401,160.29,21.92,795.96,5384.2803,4718.1,13809.93,103.07607
43134.6,822.68005,33924.562,262143.0,49051.51,9236.311,18818.32,1607.01,6204.0005,113691.6,4718.4,935438.75,2247.7307
61392.42,1031.49,41936.27,262143.0,57176.26,10241.11,15200.15,1233.0,7479.12,133228.92,4718.5,1156354.2,1952.0978
74334.54,1442.8301,58832.613,262143.0,83470.625,13509.851,24612.05,2245.43,7384.08,183914.28,4718.6,1622255.5,2261.958
39346.62,1048.76,37121.082,262143.0,53343.89,8418.34,15889.26,1531.66,6590.7603,118852.805,4719.9,1023579.9,2696.5044
22800.09,963.98004,43137.32,262143.0,73064.664,14544.48,31281.21,2908.51,8186.64,148940.89,4721.7,1189472.1,5408.6055
27566.82,577.76,23977.041,262143.0,30955.691,4567.1304,6315.7,498.68,3637.9202,75148.92,4723.1,661145.0,2485.8977
39524.1,909.03,25831.21,262143.0,38320.562,7455.93,17227.75,1750.86,5076.72,86221.086,4723.6,712272.0,1867.6661
24258.21,301.44,11263.181,136999.78,14417.311,1960.93,3590.77,316.47,1774.0801,36780.48,4723.9,310571.9,1326.5513
74896.56,1496.2101,39111.84,262143.0,54918.6,9498.5,21136.36,1654.96,9098.761,132269.28,4724.3,1078473.2,1492.1223
23734.47,307.72,8137.31,100393.66,11839.37,1830.6201,4162.06,315.1,3057.12,28152.96,4725.0,224378.88,979.2804
47659.47,858.79004,20132.111,247636.11,31054.602,3956.4001,10553.11,1019.28,6593.4004,71566.445,4725.2,555124.56,1206.7836
51872.01,1223.03,41539.062,262143.0,63082.6,9338.36,22710.49,1948.14,8635.44,139158.36,4725.5,1145401.6,2288.6682
58352.64,1684.6101,50061.023,262143.0,70367.41,10015.03,19758.14,1470.01,7909.4404,157509.0,4725.9,1380386.9,2451.947
68636.04,1725.43,63880.164,262143.0,90582.73,15167.7705,32262.13,3035.92,10018.801,207323.17,4726.0,1761437.1,2660.11
10017.18,120.89001,194.68001,2866.82,1078.5901,499.26,124.67,31.51,652.08,2515.9202,4726.3,5368.123,54.568012
16262.91,117.75001,464.72,6465.2603,1723.8601,381.51,520.6,80.83,485.76,4189.68,4727.0,12814.229,80.703766
20081.34,227.65001,810.12006,11503.391,2636.03,783.43005,374.01,32.88,1056.0,7044.8403,4729.4,22338.32,114.34685
69090.18,2008.03,85111.27,262143.0,117778.266,16726.781,28011.02,2766.03,10387.08,262143.0,4730.0,2346865.5,3521.2463
8827.0205,511.82,8961.561,108848.1,12778.23,2176.02,335.65,34.25,1036.2001,31879.32,4731.0,247106.83,2901.809
19325.31,255.91,175.84001,2830.7102,1012.65,108.33,1513.85,164.4,2442.0,2777.28,4731.1,4848.6274,25.015984
12387.061,304.58002,1497.78,19328.271,6567.31,2229.4001,9588.63,1008.32,2929.08,14583.36,4733.4,41299.914,344.7234
12936.9,174.27,116.18,1320.37,453.73,474.14,724.73,-8.22,1028.28,1661.8801,4733.9,3203.5571,24.677345
21635.16,458.44,1430.27,18978.16,7518.7305,2278.07,11324.42,1346.71,3934.9202,15486.24,4735.7,39438.387,188.01962
30265.56,686.09,27520.531,262143.0,40636.312,6236.04,15217.96,1327.53,5863.4404,90009.484,4735.8,758853.5,2598.9026
49949.31,1119.41,44847.05,262143.0,61357.17,10266.23,20691.11,1837.17,7079.16,139772.17,4736.1,1236616.4,2566.1626
10037.19,169.56001,40.82,1084.87,587.18,196.25,217.83,46.58,248.16,1292.28,4736.2,1125.5741,10.628128
63396.03,2595.2102,67630.89,262143.0,112614.53,22592.3,54956.18,4995.02,16461.72,239983.92,4736.5,1864860.0,3049.226
62602.59,1533.89,44195.5,262143.0,69533.734,12253.851,35073.37,3075.65,11218.681,152071.92,4738.1,1218650.5,2017.528
30653.58,444.31003,12789.221,157697.08,18108.38,2890.37,4626.49,421.96,3026.76,41966.76,4738.2,352651.06,1191.9215
42342.03,695.51,19471.14,239302.55,25584.72,3907.7302,6551.34,491.83,4373.16,63088.082,4738.7,536898.9,1313.8271
38495.76,690.80005,19876.201,240285.38,26851.71,4786.93,9380.39,895.98,4979.04,66180.84,4739.3,548068.06,1475.2825
14246.25,346.97,161.71,2402.1,741.04004,292.02002,34.25,-31.51,320.76,1920.6001,4739.9,4459.0054,31.455276
44477.88,513.39,15773.79,193631.25,21670.71,3838.6501,8021.35,897.35,5650.9204,54453.96,4740.1,434947.84,1013.0071
51028.98,935.72003,38964.26,262143.0,55306.39,7688.29,19373.17,1852.24,7586.0405,128342.28,4740.6,1074403.9,2182.2253
35234.13,737.9,31224.16,262143.0,42908.1,7418.2505,13015.0,994.62,3928.32,98585.52,4741.4,860977.6,2532.8228
33695.97,403.49002,11289.87,141449.16,16634.15,2749.07,5167.64,434.29,3142.9202,37020.723,4742.4,311307.84,956.98785
41836.56,1643.79,65224.082,262143.0,100740.625,17123.99,39028.56,3304.44,13275.24,219692.89,4743.5,1798494.4,4456.599
23768.4,205.67001,263.76,4202.89,1559.01,471.00003,458.95,54.8,1139.16,4560.6,4749.8,7272.941,30.729118
14680.38,303.01,67.51,2011.17,651.55005,227.65001,589.1,71.24,1240.8,2364.12,4750.0,1861.5266,12.14861
51269.1,904.32,35315.582,262143.0,51657.71,9016.511,18982.72,1715.24,5899.08,112555.086,4750.3,973794.9,1968.5167
58508.37,1029.92,42747.96,262143.0,59221.973,10197.15,17925.08,1374.11,6787.4404,135014.89,4751.0,1178735.9,2088.038
26822.1,1562.15,48437.64,262143.0,73523.1,11553.631,31416.84,2912.62,12287.881,164371.69,4751.4,1335623.6,5162.4404
39888.63,1579.42,59937.89,262143.0,84787.85,13104.79,30387.97,2805.76,11144.761,196307.77,4752.1,1652732.5,4295.3667
71376.54,2387.97,53587.242,262143.0,86538.41,15417.4,40741.06,3919.57,15667.081,189273.48,4752.8,1477619.1,2145.6187
78267.81,2355.0,94702.41,262143.0,133175.25,21866.96,41895.97,3837.37,13854.721,262143.0,4753.1,2611332.2,3458.6074
23262.93,323.42,711.21,9818.78,2340.87,752.03,420.59,45.21,1235.52,7083.12,4753.3,19610.965,86.41428
52428.81,924.73004,33211.78,262143.0,47930.53,6827.93,13805.49,1491.93,6045.6,105188.164,4753.8,915784.5,1810.2198
58663.23,1023.64,38598.453,262143.0,51251.082,8616.16,15879.67,1322.05,5573.04,122658.37,4754.0,1064317.0,1880.2777
17670.57,601.31,932.58,11139.15,1642.2201,632.71,295.92,28.77,537.24005,4542.12,4754.3,25715.041,149.89836
21521.19,431.75,215.09001,2582.6501,893.33,153.86,1919.37,145.22,1554.9601,2232.12,4754.8,5930.91,27.576097
9334.23,116.18,83.21,3921.86,6708.6104,3446.1501,156.18001,60.28,198.00002,9999.0,4755.1,2294.4397,24.488602
47762.13,753.60004,28330.65,262143.0,38031.68,5719.5103,10761.35,822.0,4773.12,91287.24,4756.7,781191.75,1694.9845
24701.91,460.01,210.38,3226.35,1249.7201,293.59,213.72,28.77,531.96,2709.9602,4756.7,5801.036,23.351343
69113.67,1989.1901,74496.5,262143.0,99059.16,15643.48,28854.94,2619.44,9195.12,232338.48,4756.8,2054172.9,3080.9167
38296.53,629.57,22284.58,262143.0,32553.951,5207.69,10914.79,895.98,3083.52,71075.41,4757.2,614476.94,1662.7727
41270.19,574.62,26573.82,262143.0,37092.82,5045.98,9450.26,730.21,3534.9602,85390.805,4758.1,732748.8,1840.054
58426.59,1157.0901,43201.69,262143.0,65811.266,10548.83,23546.19,1979.65,8817.601,143462.89,4759.3,1191247.1,2113.1667
19512.36,304.58002,379.94,5455.75,811.69,282.6,112.340004,23.29,473.88,2650.56,4759.6,10476.498,54.674232
45986.46,719.06,28065.32,262143.0,40471.46,5617.46,13504.09,1064.49,4641.12,91124.88,4760.0,773875.56,1743.9742
12425.34,191.54001,81.64,1180.64,379.94,141.3,389.08,24.66,987.36005,2080.32,4760.8,2251.1482,17.786406
22975.83,331.27002,9405.87,116209.836,12712.29,2230.97,4674.44,483.61002,3207.6,32406.002,4761.9,259358.27,1169.5144
17676.66,199.39,87.920006,2004.89,1141.39,237.07,1337.12,158.92,1312.0801,2389.2002,4762.3,2424.3137,13.221208
19254.84,306.15002,116.18,2037.8601,949.85004,28.26,1109.7,104.12,1454.64,2184.6,4762.4,3203.5571,16.252039
29267.67,789.71,31828.611,262143.0,46614.87,6768.27,15794.73,1500.15,4997.52,103788.96,4762.9,877644.8,3108.4138
35054.04,750.46,974.97003,11975.96,2262.37,281.03,187.69,23.29,743.16003,5818.56,4763.3,26883.906,78.52473
19374.9,348.54,12897.551,158007.94,18375.281,3064.6401,6203.36,502.79,2638.6802,41733.12,4766.8,355638.16,1902.3417
20613.78,303.01,232.36,3592.1602,959.27,620.15,1533.03,104.12,2331.12,3351.4802,4768.0,6407.1143,31.229439
40869.12,730.05005,20967.352,257534.95,28735.71,4989.46,9481.7705,897.35,3364.6802,67413.73,4768.4,578155.56,1465.8892
46683.332,891.76,37216.85,262143.0,51654.57,7440.2305,11645.0,1193.27,5664.12,116140.2,4769.3,1026220.6,2278.4326
8628.66,135.02,111.47,1690.89,362.67,43.960003,90.42,-30.14,204.6,868.56006,4771.1,3073.6833,35.937172
46611.12,861.93005,25850.05,262143.0,35541.66,5292.47,12771.14,1190.53,5253.6,83817.37,4773.2,712791.5,1584.6993
22804.44,345.40002,155.43001,2384.83,960.84,10.990001,1311.09,134.26,1999.8,3742.2002,4774.5,4285.8403,18.487873
13004.76,164.85,142.87001,1582.56,651.55005,367.38,820.63,141.11,1240.8,1811.04,4774.7,3939.5098,30.41143
4104.66,142.87001,3959.54,48024.73,5154.31,981.25006,172.62,58.91,336.6,13726.681,4774.7,109180.695,2757.1414
32502.33,483.56003,21333.16,257057.67,28807.932,3802.54,7644.6,674.04,4059.0002,69034.68,4776.5,588242.4,1875.6776
5995.17,51.81,48.670002,32.97,18.84,70.65,-58.91,2.74,93.72,88.44,4777.2,1342.0308,22.211802
16243.7705,332.84,202.53001,2339.3,730.05005,237.07,149.33,-41.1,415.80002,1507.4401,4777.3,5584.58,34.649345
12506.25,64.37,229.22,3172.9702,731.62,188.40001,219.2,39.73,422.40002,3170.6401,4781.0,6320.5317,51.405205
21964.89,270.04,9891.0,120662.35,13523.98,2337.73,4486.75,339.76,1836.1201,32431.082,4782.0,272735.28,1286.5383
60168.332,1089.5801,61426.254,262143.0,84999.805,13253.94,22066.59,2107.06,8087.64,196511.05,4782.8,1693772.8,2918.0063
66314.88,1863.5901,60445.004,262143.0,90361.35,15156.78,36463.92,2966.05,10565.28,200067.12,4783.4,1666715.8,2605.144
22716.57,591.89,3529.36,46509.68,13947.881,4103.98,13952.08,1375.48,6796.68,25588.201,4784.7,97318.875,443.2242
30757.11,637.42004,22758.72,262143.0,31627.65,4981.6104,6678.75,664.45,5186.2803,75923.766,4786.1,627550.9,2114.6863
73545.45,1681.4701,67693.695,262143.0,90859.05,14734.45,26290.3,2456.41,8709.36,210137.4,4786.5,1866591.8,2630.7305
50303.4,777.15,25014.81,262143.0,36202.633,5776.0303,12691.68,1111.07,7956.9604,83533.56,4787.1,689760.5,1420.8339
24117.27,314.0,152.29001,2849.55,929.44,268.47,1645.37,116.45,2300.76,3979.8,4787.9,4199.258,17.054783
45828.992,858.79004,5966.0,72052.016,10259.95,2044.14,457.58,20.55,1723.92,23939.521,4788.0,164507.0,371.21335
5428.8,32.97,-26.69,-58.09,36.11,25.12,115.08,-10.96,-46.2,297.0,4789.3,-735.95233,-15.057035
32947.77,527.52,288.88,5030.2803,1705.02,595.03,2601.6301,139.74,3977.1602,5710.3203,4790.4,7965.602,24.069199
29629.59,668.82,22132.291,262143.0,29534.842,4221.73,4386.74,361.68,2673.0,71996.766,4791.5,610277.7,2134.7466
21472.47,318.71002,204.1,3009.6902,824.25,337.55002,1352.1901,132.89,2424.84,3711.84,4791.6,5627.871,26.17753
20914.8,232.36,607.59,7451.22,2042.5701,739.47003,71.24,39.73,751.08,4851.0,4791.8,16753.738,82.06267
57801.93,1380.03,49334.113,262143.0,69500.766,12974.48,22233.73,2056.37,9745.561,163501.81,4793.0,1360343.0,2439.3606
62149.32,2207.4202,84379.66,262143.0,129284.8,22446.291,46301.89,3859.29,15176.041,262143.0,4793.1,2326691.8,3880.9536
80911.74,2171.31,106458.56,262143.0,155255.73,27057.38,50776.31,4075.75,18366.48,262143.0,4793.8,2935497.5,3760.9934
49355.97,726.91003,29140.771,262143.0,40677.133,6380.48,14000.03,1254.92,6972.24,95739.6,4795.1,803530.1,1687.1473
28806.57,519.67004,19234.07,233672.53,26311.63,4673.89,8652.92,874.06,2645.28,60379.44,4796.5,530361.9,1908.0997
16492.59,211.95001,301.44,4215.45,1628.0901,199.39,138.37,-2.74,1015.08,4821.96,4797.3,8311.933,51.25899
29142.39,422.33002,18626.48,229091.27,24901.771,3256.1802,6952.75,671.3,4593.6,61098.844,4798.5,513608.16,1826.4884
25121.25,321.85,11903.74,144760.28,14999.78,1879.29,1538.51,95.9,2121.24,38306.402,4798.6,328234.75,1353.85
57621.84,1496.2101,58593.973,262143.0,80961.766,13222.54,22492.66,2050.89,9045.96,186200.53,4800.0,1615675.2,2906.4673
49167.18,832.10004,50263.55,262143.0,70381.53,11742.03,18173.05,1667.29,3991.6802,155580.48,4800.3,1385971.4,2921.9866
37088.1,767.73004,20249.861,249074.23,32791.02,5510.7,17333.24,1759.08,5745.9604,70775.766,4800.6,558371.4,1560.1205
14198.4,200.96,98.91,1651.64,348.54,89.490005,959.0,35.62,876.48004,2013.0001,4801.4,2727.3528,18.918186
57438.27,1353.3401,57738.32,262143.0,82552.17,13753.2,29457.74,2523.54,9748.2,185976.12,4802.1,1592081.4,2873.1658
56636.13,1428.7001,63592.85,262143.0,87390.914,11635.2705,27876.76,2518.06,8475.721,201310.56,4803.4,1753514.8,3209.434
59323.56,1064.4601,36460.11,262143.0,49740.742,7123.0903,14676.81,1489.1901,5536.08,117353.28,4804.0,1005354.2,1756.2753
39397.082,725.34,38529.37,262143.0,52056.492,8386.94,16540.01,1465.9,5694.4805,117450.96,4804.7,1062412.1,2795.2554
28923.15,579.33,27014.99,262143.0,37516.723,5947.16,11025.76,1076.82,3480.84,84383.64,4805.4,744913.6,2669.596
36206.79,599.74,15919.801,196169.94,25041.5,3929.7102,7099.34,580.88,4725.6,52591.44,4805.5,438973.94,1256.1775
31144.26,620.15,16043.83,200149.89,22179.39,3262.4602,7244.56,643.9,4268.8804,55036.082,4805.9,442393.94,1471.9196
68833.53,1182.2101,55736.57,262143.0,76432.31,13498.86,23806.49,1907.04,8339.761,176415.36,4806.0,1536885.0,2314.2036
52636.742,866.64,31282.252,262143.0,42567.41,6827.93,14730.24,1449.46,4988.2803,98578.92,4807.1,862579.5,1698.2529
34919.19,558.92004,36943.67,262143.0,55675.344,10875.391,18659.4,1720.72,4569.8403,121717.2,4807.7,1018687.94,3023.9963
16383.84,281.03,109.9,2227.83,733.19,403.49002,220.57,27.4,245.52,2119.9202,4808.0,3030.392,18.179222
31012.89,549.5,18108.38,222167.56,25724.451,4069.4402,8174.79,857.62,3995.6401,58717.562,4808.2,499322.03,1668.4998
36292.92,910.60004,33825.652,262143.0,48063.98,7101.1104,17533.26,1726.2,6017.8804,110688.6,4808.7,932711.44,2663.853
45942.96,990.67004,32663.852,262143.0,48522.42,8369.67,19718.41,1571.39,4509.12,104844.96,4812.6,900675.8,2031.8129
14706.48,172.70001,119.32001,1728.5701,599.74,92.630005,909.68,-24.66,1405.8,1816.3201,4813.0,3290.1401,22.19816
69964.53,2282.78,97613.18,262143.0,142139.95,23440.102,48406.21,4189.46,12216.601,262143.0,4814.8,2691594.2,3988.1426
54037.44,891.76,26947.48,262143.0,38141.582,5645.72,15230.29,1142.58,6296.4004,86540.52,4815.6,743052.1,1424.8452
72849.45,2731.8,82693.48,262143.0,110425.95,16200.83,25973.83,2238.58,13124.761,262143.0,4815.7,2280197.0,3244.5923
65662.38,1708.16,51648.293,262143.0,73852.805,11759.301,25049.08,2224.8801,8738.4,164048.28,4816.4,1424154.4,2247.9941
30745.8,541.65,19015.84,232834.14,26094.97,4253.1304,8314.53,646.64,2577.9602,61302.12,4816.6,524344.4,1767.3926
27655.56,441.17,9336.79,115933.516,13087.5205,2312.61,5536.17,400.04,2538.36,30136.922,4816.8,257453.44,964.304
91730.19,2629.75,114602.16,262143.0,159435.08,26613.07,46279.97,4045.61,20989.32,262143.0,4817.0,3160049.5,3571.1482
24289.53,229.22,147.58,2782.04,1538.6001,847.80005,258.93,28.77,898.92004,4806.12,4817.0,4069.3835,16.372303
35988.42,618.58,22878.041,262143.0,32751.771,4179.3403,8136.43,634.31,3579.84,70717.68,4817.9,630841.06,1816.6282
49180.23,1340.78,60058.78,262143.0,85073.59,13255.511,24427.1,1994.72,8796.48,194243.28,4818.7,1656066.0,3490.6843
20638.14,464.72,444.31003,5309.74,1375.3201,161.71,53.43,-38.36,555.72003,3612.84,4819.8,12251.442,60.55517
28357.65,434.89,13702.961,168439.03,20728.71,3662.81,6055.4,665.82,3100.6802,45286.562,4820.1,377846.62,1380.6345
62028.39,1197.91,46252.203,262143.0,65530.23,10063.7,22762.55,1789.22,7847.4004,146232.25,4820.8,1275362.2,2131.0183
13797.33,183.69,109.9,1884.0001,596.60004,153.86,791.86,71.24,1264.56,2228.1602,4821.1,3030.392,21.774647
78648.0,1781.9501,77685.17,262143.0,102673.3,16134.891,28854.94,2775.62,10414.801,239752.92,4821.2,2142097.5,2823.2258
9715.29,34.54,51.81,304.58002,460.01,157.0,95.9,61.65,179.52,1335.8401,4821.6,1428.6134,14.2477865
10645.32,69.08,75.36,1149.24,475.71002,95.770004,994.62,100.01,604.56,954.36005,4821.7,2077.9832,19.240963
14248.86,163.28,230.79001,3636.12,821.11005,310.86002,150.7,2.74,179.52,2006.4,4822.6,6363.823,45.31118
51388.29,824.25,29164.32,262143.0,40425.93,6958.24,12335.48,897.35,4584.3604,93590.64,4822.7,804179.44,1621.6942
57277.32,1223.03,52806.953,262143.0,69941.93,11256.9,20674.67,1659.07,8859.841,169101.25,4822.8,1456103.4,2635.0728
60451.082,2028.4401,72620.35,262143.0,102905.66,15448.801,25457.34,2246.8,8255.28,226558.2,4823.2,2002439.8,3433.8142
41342.4,1730.14,63840.914,262143.0,93173.23,14566.461,29771.47,2397.5,7638.8403,201946.81,4823.5,1760354.8,4414.2207
13599.84,455.30002,172.70001,4578.12,2659.58,789.71,274.0,80.83,847.44006,6132.72,4823.6,4762.045,35.308437
17924.61,303.01,119.32001,2296.9102,816.4,282.6,1387.81,120.56,2063.1602,2395.8,4823.7,3290.1401,18.033234
21139.26,246.49,2400.53,30594.592,4466.6504,1304.67,2813.98,153.44,1780.68,10756.681,4824.6,66192.42,323.6881
15171.061,224.51001,345.40002,4658.19,565.2,235.50002,149.33,-47.95,282.48,2447.28,4825.9,9524.09,64.09617
12581.94,193.11,902.75,10985.29,3785.27,1003.23004,5855.38,660.34,1490.28,7088.4004,4826.9,24892.506,204.14874
53881.71,1018.93005,32531.97,262143.0,47192.633,8498.41,16604.4,1582.35,8011.08,107206.445,4827.0,897039.3,1725.3068
17367.81,211.95001,108.33,2877.81,552.64,111.47,1279.58,93.16,2131.8,2416.9202,4827.4,2987.1006,16.83416
15339.84,210.38,76.93,1890.28,474.14,128.74,980.92,117.82,1593.2401,1739.76,4827.5,2121.2744,13.339167
51067.26,1006.37006,35014.14,262143.0,49541.35,8713.5,15015.2,1361.78,5907.0,110625.24,4828.8,965482.9,1959.4235
29320.74,602.88,27749.75,262143.0,38808.832,6515.5,12016.2705,1067.23,6115.56,86896.92,4829.4,765174.0,2705.0334
30264.69,560.49,27632.0,262143.0,38465.0,4768.0903,11217.56,1096.0,3546.84,84955.2,4829.5,761927.1,2609.5083
30337.77,427.04,14076.62,175073.84,19516.67,2854.26,6819.86,513.75,4476.12,46900.92,4830.2,388149.94,1325.6726
24532.26,383.08002,12095.28,148820.31,15641.91,2540.26,3700.37,315.1,2649.24,40386.723,4832.6,333516.28,1408.7021
26726.4,686.09,29589.791,262143.0,43839.113,6667.79,14976.84,1150.8,5029.2,95781.84,4833.1,815911.44,3164.559
9049.74,193.11,174.27,3059.9302,675.10004,178.98001,98.64,13.7,168.96,1252.68,4833.2,4805.336,54.059917
15875.76,113.04,502.40002,6110.4404,1369.04,485.13,72.61,38.36,675.84,4551.3604,4833.9,13853.221,89.4824
65399.64,1957.79,84104.91,262143.0,121395.55,19656.4,30092.05,2485.18,10165.32,259295.53,4834.1,2319115.8,3676.0112
11511.84,169.56001,218.23001,3042.6602,1430.27,230.79001,700.07,109.6,587.4,2414.28,4836.6,6017.493,53.20243
9397.74,612.30005,108.33,4174.6304,7977.1704,4697.44,271.26,76.72,311.52002,15300.121,4837.7,2987.1006,31.959019
7795.2,81.64,25.12,-106.76,-127.170006,6.28,-13.7,32.88,-64.68,64.68,4838.4,692.6611,8.213856
18272.61,574.62,334.41,3994.08,1022.07,133.45,124.67,52.06,421.08002,2612.28,4839.4,9221.05,51.327225
46324.02,587.18,23283.102,262143.0,34401.84,4542.0103,11265.51,948.04,6325.4404,77029.92,4840.2,642010.25,1436.0887
13997.43,171.13,84.78001,1293.68,637.42004,89.490005,579.51,82.2,1562.88,1803.1201,4840.4,2337.7312,16.317858
61444.62,1262.28,68492.82,262143.0,95826.52,15475.49,28691.91,2539.98,9080.28,210299.77,4840.5,1888626.9,3186.2063
36535.65,788.14,25746.432,262143.0,42652.19,7926.93,11114.81,1124.77,6053.52,85471.32,4840.7,709934.3,2013.8801
14820.45,577.76,16050.11,194697.28,29027.73,5115.06,13527.38,1194.64,5200.8003,60956.28,4841.2,442567.12,3095.4612
34673.85,717.49005,15538.29,191962.34,27060.521,5958.1504,16579.74,1554.95,6446.8804,60159.004,4841.4,428454.12,1280.2979
60935.67,2102.23,75962.88,262143.0,104952.93,15381.29,31677.14,2860.56,12508.32,240744.25,4841.9,2094607.0,3563.3376
57701.88,1274.8401,44352.5,262143.0,59821.71,8625.58,16412.6,1609.75,6654.12,143342.77,4842.0,1222979.6,2196.7441
39729.42,1386.31,21432.07,261978.06,37604.64,7711.8403,18969.02,1719.35,8033.5205,85029.125,4842.4,590969.75,1541.4137
58575.36,1056.61,54827.543,262143.0,74884.29,11304.0,20507.53,1642.63,6514.2,171231.73,4842.7,1511819.4,2675.2878
31663.65,502.40002,317.14,5455.75,2081.82,427.04,2700.27,193.17,2960.76,4625.2803,4842.9,8744.846,27.637758
36534.78,549.5,23300.371,262143.0,32404.8,5085.23,8673.47,713.77,3490.08,74149.68,4843.6,642486.44,1822.4983
9145.44,128.74,75.36,1157.0901,229.22,89.490005,537.04,112.340004,689.04004,1024.3201,4843.8,2077.9832,22.560543
10440.0,172.70001,43.960003,1168.0801,285.74002,28.26,609.65,97.27,1089.0,1437.4801,4844.0,1212.1569,11.039438
2953.65,20.41,-18.84,-18.84,23.550001,-43.960003,84.94,-9.59,58.08,42.24,4844.1,-519.4958,-19.237734
47506.35,1378.4601,43003.87,262143.0,68084.625,11511.24,27102.71,2638.62,11825.881,149978.4,4844.4,1185792.4,2587.242
50205.09,835.24005,32869.52,262143.0,42481.062,6060.2,8154.24,728.84,4984.3203,103511.766,4844.8,906346.94,1870.9515
7457.64,411.34003,7119.95,88761.52,14812.95,3130.58,12635.51,1024.76,5298.48,32499.72,4845.9,196326.11,2728.7603
28761.33,582.47003,22706.91,262143.0,30657.39,4505.9004,9009.12,631.57,2966.04,71606.04,4846.3,626122.25,2256.3457
19220.041,295.16,216.66,3921.86,817.97003,197.82,1426.17,138.37,2051.28,3364.6802,4846.5,5974.201,31.230972
5037.3,59.660004,29.830002,-6.28,7.8500004,103.62,76.72,19.18,2.64,-104.28001,4847.9,822.53503,15.931852
45735.03,858.79004,32916.62,262143.0,46434.32,7705.56,17578.47,1471.38,4963.2,105894.37,4847.9,907645.7,2056.8572
14466.36,150.72,445.88,5837.2603,1986.05,785.0,774.05,83.57,1026.9601,4815.3604,4848.1,12294.733,87.12674
55962.75,783.43005,40137.05,262143.0,54370.67,8273.9,14109.63,1194.64,4986.96,125479.2,4848.4,1106742.5,2049.6682
45899.46,1025.2101,36923.26,262143.0,50911.96,7845.29,14704.21,1396.03,5373.72,116045.164,4851.1,1018125.2,2299.0723
16995.45,108.33,146.01001,2599.9202,1447.54,295.16,401.41,19.18,575.52,3845.1602,4854.0,4026.0925,23.563993
23838.0,728.48004,18379.99,227978.14,32137.9,6008.39,14541.18,1486.45,5356.56,69131.04,4856.2,506811.4,2203.5728
7900.47,47.100002,91.060005,1634.37,668.82,226.08,72.61,53.43,328.68002,2121.24,4857.3,2510.8962,31.955181
17108.55,237.07,172.70001,2333.02,618.58,237.07,1406.99,142.48,974.16003,1554.9601,4857.4,4762.045,27.862114
14452.44,1055.04,2238.82,31144.092,11417.04,3218.5,16942.791,1678.25,5501.7603,19033.08,4858.2,61733.414,441.92172
38360.91,693.94,21229.541,258767.4,30922.72,5454.18,11099.74,1072.71,2787.84,68496.125,4859.6,585385.2,1581.3433
36308.582,643.7,19303.15,242538.31,32836.55,5425.9204,13834.26,1309.72,5439.72,69016.2,4862.8,532266.7,1519.0851
7271.46,136.59001,105.19,1987.6201,1172.79,477.28003,402.78,102.75,299.64,1953.6001,4863.1,2900.518,40.36203
16049.76,304.58002,343.83002,4260.98,513.39,257.48,201.39,-54.8,211.20001,2667.7202,4864.1,9480.798,60.25256
43734.03,1361.1901,54749.043,262143.0,79204.93,12401.431,22478.96,2075.55,6663.3604,170821.2,4864.2,1509654.8,3578.3652
13376.25,124.03001,122.46001,2431.9302,890.19,194.68001,65.76,15.07,506.88,2447.28,4864.9,3376.7227,25.176338
14212.32,218.23001,122.46001,1227.74,720.63,157.0,660.34,80.83,1350.3601,1462.56,4865.3,3376.7227,23.63646
14415.03,177.41,4367.74,54596.75,7316.2,1369.04,4749.79,413.74,1646.04,17916.361,4866.1,120436.445,865.34375
18296.1,409.77002,1899.7001,24702.38,9272.42,2537.12,13809.6,1220.67,4051.08,17977.08,4866.9,52382.492,295.87628
80219.22,1714.4401,36838.48,262143.0,56498.023,8415.2,23728.4,2116.65,8813.641,124083.97,4867.0,1015787.4,1312.0228
64935.93,816.4,29021.451,262143.0,41102.6,6689.77,14458.98,1311.09,8950.92,97841.05,4867.5,800239.94,1276.8594
51516.18,854.08,34777.07,262143.0,48762.633,9244.16,15523.47,1300.13,4946.04,110074.805,4867.7,958945.9,1929.1823
9068.88,133.45,67.51,982.82,362.67,-26.69,897.35,24.66,769.56006,1008.48004,4868.2,1861.5266,20.284502
34432.86,620.15,27504.83,262143.0,39267.27,6480.9604,11442.24,1128.88,4180.44,84161.88,4870.8,758420.5,2282.941
11614.5,219.8,20.41,1207.3301,263.76,152.29001,928.86,116.45,957.00006,1265.88,4871.3,562.78705,4.0244837
26549.791,601.31,24543.81,262143.0,36788.242,4644.06,11932.7,1119.29,3175.9202,77144.766,4872.0,676773.1,2642.199
50380.832,1245.01,43251.93,262143.0,61507.89,11140.721,19382.76,1641.26,8108.7603,131728.08,4873.0,1192632.4,2453.6475
36117.18,590.32,19709.781,241189.69,27413.771,3876.33,6025.2603,443.88,3664.32,62384.523,4874.5,543479.2,1559.3318
15517.32,188.40001,178.98001,2764.77,737.9,213.52,642.53,105.49,2266.4402,2471.04,4874.6,4935.21,31.978947
49449.93,1245.01,53805.473,262143.0,79777.984,11563.051,29250.87,2438.6,9280.92,173554.92,4874.9,1483636.8,3110.07
8300.67,177.41,81.64,934.15,463.15002,3.14,-42.47,-16.44,155.76001,1128.6001,4876.8,2251.1482,27.121521
66485.4,2747.5,92689.664,262143.0,140681.42,22042.8,45837.46,3973.0,18897.121,262143.0,4877.2,2555832.8,3985.1538
19869.06,340.69,8655.41,104976.484,10892.66,1516.62,3329.1,327.43,1985.28,27421.682,4878.3,238665.02,1244.5447
14364.57,163.28,43.960003,858.79004,780.29004,183.69,187.69,42.47,480.48,1899.4801,4878.7,1212.1569,7.750121
11927.7,174.27,161.71,1896.56,778.72003,194.68001,393.19,1.37,452.76,2180.6401,4881.0,4459.0054,37.76405
55032.72,1876.15,90425.73,262143.0,131090.3,22617.42,44620.9,4020.95,12529.44,262143.0,4881.6,2493406.8,4697.076
28881.39,525.95,11219.221,137320.05,20906.121,4027.05,15798.84,1354.93,3604.9202,42819.48,4882.0,309359.75,1109.6918
17662.74,252.77,252.77,4006.6401,1003.23004,368.95,2119.39,209.61,2137.08,3709.2002,4882.3,6969.902,39.918194
25690.23,692.37,28625.81,262143.0,44880.023,8592.61,20741.8,1713.87,6297.72,96730.92,4883.3,789330.56,3184.949
60723.39,1623.38,89091.23,262143.0,130372.805,20130.541,36417.34,2930.43,12703.681,262143.0,4883.5,2456609.0,4193.9604
20070.9,309.29,7388.4204,92369.38,10704.261,1981.3401,3530.49,275.37,1915.3201,25635.72,4884.2,203728.94,1051.5282
79836.42,2132.06,93130.836,262143.0,132542.55,21962.73,36859.85,3187.99,13825.681,262143.0,4884.5,2567997.5,3334.3499
26943.9,708.07,31831.752,262143.0,44165.67,6645.81,12649.21,1202.86,4804.8003,97805.41,4884.7,877731.44,3376.9175
11246.49,119.32001,141.3,2581.08,668.82,427.04,63.02,28.77,496.32,1836.1201,4884.8,3896.2183,34.923126
13535.46,75.36,210.38,2512.0,814.83,103.62,128.78,9.59,520.08,2757.4802,4887.1,5801.036,43.44065
76485.18,2599.9202,112694.6,262143.0,160903.03,25402.602,49588.52,4103.15,16045.921,262143.0,4888.9,3107450.5,4211.8384
14189.7,124.03001,412.91,5882.79,1796.0801,373.66,706.92,101.38,1201.2001,5274.72,4889.2,11385.615,82.2015
22969.74,664.11005,307.72,4840.31,1180.64,395.64,232.9,39.73,617.76,3579.84,4889.7,8485.098,37.304398
32686.77,516.53,26624.06,262143.0,35222.953,5344.2803,8585.79,665.82,3307.9202,84940.68,4890.1,734134.1,2327.9026
52134.75,1007.94006,39962.78,262143.0,57509.1,8656.98,20399.3,1694.6901,5648.2803,129642.484,4890.5,1101937.1,2190.6814
62485.14,1408.29,43537.67,262143.0,60959.96,9655.5,19301.93,1639.89,7769.5205,143928.84,4890.6,1200511.5,1991.2207
17898.51,373.66,299.87,5449.47,2306.33,1059.75,974.07,121.93,1358.28,5583.6,4891.1,8268.641,46.903267
15906.21,81.64,386.22,4491.77,2477.46,857.22003,369.9,71.24,1020.36005,4977.72,4891.6,10649.663,68.425186
52662.84,785.0,23209.31,262143.0,33349.94,5072.6704,11249.07,813.78,4224.0,74598.484,4892.9,639975.5,1259.1056
14635.14,100.48,839.95,10533.13,2420.9402,577.76,109.6,45.21,968.88007,5744.64,4894.4,23160.854,163.09886
35214.12,1089.5801,45878.543,262143.0,66403.15,9972.641,20219.83,1767.3,6444.24,149140.2,4895.1,1265058.9,3724.1326
16103.7,177.41,5692.8203,70111.49,7713.41,1149.24,2981.12,238.38,1706.76,19451.521,4896.8,156974.31,1009.76636
13983.51,149.15001,2340.87,28583.422,2865.25,321.85,857.62,78.090004,918.72003,8882.28,4897.5,64547.35,477.64124
30632.7,697.08,24510.84,262143.0,33838.21,6168.5303,9740.7,891.87,3874.2002,74987.88,4899.0,675864.0,2286.8206
15270.24,193.11,444.31003,5132.33,2502.58,1281.12,4808.7,210.98,983.4,4333.56,4899.1,12251.442,82.193474
58549.26,1223.03,41371.07,262143.0,60065.062,9843.9,23835.26,1905.67,8731.801,133610.4,4899.6,1140769.4,2019.3394
44915.492,931.01,37824.44,262143.0,51447.332,7674.16,12836.9,1165.87,6126.12,118407.96,4900.5,1042974.4,2406.8274
13582.44,83.21,263.76,3645.54,1574.7101,519.67004,108.23,89.05,698.28,3666.9602,4900.5,7272.941,54.523922
70722.3,1631.2301,59501.434,262143.0,85762.82,12773.5205,28930.291,2296.12,12768.36,200515.92,4901.1,1640697.6,2404.5815
77138.55,3041.09,103626.28,262143.0,164694.58,29212.99,69813.83,6058.14,23568.602,262143.0,4902.1,2857400.0,3840.0278
24619.26,441.17,227.65001,3111.74,817.97003,343.83002,1570.02,324.69,1904.7601,1991.8801,4903.2,6277.2407,25.438795
12257.43,139.73001,419.19,4920.3804,1580.9901,232.36,1294.65,102.75,517.44,3772.56,4903.2,11558.781,96.78236
57338.22,976.54004,35029.84,262143.0,51032.85,7532.8604,17466.13,1405.62,8243.4,110470.805,4903.4,965915.8,1745.7992
13745.13,113.04,56.52,1380.03,405.06003,14.13,1148.06,82.2,1165.56,1656.6001,4904.2,1558.4873,10.757156
47159.22,830.53,27547.22,262143.0,39355.19,6064.91,11450.46,1120.66,3701.28,87764.164,4905.8,759589.44,1669.1681
19730.73,263.76,5881.22,72420.96,8655.41,1221.4601,2393.39,215.09,2575.32,20887.682,4905.8,162169.27,851.26227
10190.31,186.83,6.28,898.04004,532.23004,39.25,397.3,94.53,959.64,1314.7201,4906.3,173.16527,0.76206243
68133.18,1516.62,70296.75,262143.0,102908.8,17321.81,34693.88,3019.48,10668.24,229265.53,4906.6,1938368.6,2949.0242
21444.63,635.85004,31420.41,262143.0,46385.652,8253.49,15113.84,1161.76,5045.04,99826.32,4907.7,866389.06,4188.3076
13896.51,124.03001,497.69,5620.6,1326.65,263.76,134.26,2.74,599.28,3548.1602,4908.6,13723.347,101.40053
56622.21,808.55005,36618.68,262143.0,52960.812,7517.16,16326.29,1513.85,6930.0005,121350.24,4909.6,1009726.6,1848.119
36696.6,720.63,43036.84,262143.0,61397.992,9295.971,15219.33,1370.0,5356.56,135117.84,4910.1,1186701.5,3352.2312
88104.9,1869.8701,90912.42,262143.0,119795.71,17001.531,25139.5,2130.35,12642.961,262143.0,4913.0,2506826.8,2949.3406
9926.7,180.55,91.060005,1301.53,361.1,114.61,13.7,-23.29,79.200005,1449.3601,4913.0,2510.8962,25.228395
12976.05,157.0,23.550001,84.78001,-117.75001,-45.530003,43.84,-31.51,17.16,84.48,4914.0,649.36975,4.1891646
25523.19,832.10004,10139.061,126513.74,17618.541,3342.53,9246.13,1028.87,5068.8003,42882.84,4914.3,279575.3,1134.8258
14480.28,205.67001,117.75001,2198.0,763.02,301.44,978.18,56.170002,1079.76,1595.88,4916.6,3246.8486,22.250534
43978.5,1171.2201,36147.68,262143.0,49111.17,8520.391,20871.95,1568.65,6770.2803,119280.484,4916.8,996739.2,2349.1145
119096.04,3209.08,134002.64,262143.0,191681.31,31290.102,57701.66,4938.85,20841.48,262143.0,4918.0,3695000.2,3216.1035
29134.56,351.68002,189.97,3579.6,1591.9801,260.62,2230.36,247.97,2538.36,2944.9202,4919.3,5238.249,17.64342
32255.25,350.11002,307.72,5279.91,1629.66,301.44,3141.41,313.73,4121.04,4637.16,4919.6,8485.098,26.277485
71205.15,1321.9401,48547.543,262143.0,66958.93,10617.91,18001.8,1546.73,8409.721,156140.17,4920.1,1338654.1,1948.4176
62327.67,1039.3401,37701.98,262143.0,53653.184,8192.261,17352.42,1509.74,8376.721,122914.445,4920.3,1039597.6,1728.5466
52191.3,956.13,33230.62,262143.0,45935.062,7451.22,17015.4,1356.3,6102.3604,106088.41,4920.7,916304.0,1819.4944
18065.55,306.15002,111.47,1618.67,552.64,111.47,1608.38,93.16,1411.0801,1759.56,4921.4,3073.6833,16.642324
35086.23,978.11005,26038.451,262143.0,37150.91,6488.81,13582.18,1234.37,6664.68,87599.164,4922.1,717986.5,2120.9124
17311.26,182.12001,169.56001,2794.6,1744.27,444.31003,38.36,79.46,679.80005,3494.04,4922.3,4675.4624,27.005527
6476.2803,76.93,0.0,202.53001,17.27,111.47,47.95,4.11,87.12,95.04,4923.9,0.0,-1.0
81275.4,1571.5701,76053.945,262143.0,104919.96,16896.34,27965.81,2600.26,11292.601,239106.12,4924.1,2097118.0,2674.5413
11397.87,130.31,94.200005,1499.3501,293.59,14.13,886.39,15.07,777.48004,859.32,4924.2,2597.479,22.63068
53112.63,974.97003,39136.96,262143.0,54984.543,7798.1904,14978.21,1471.38,6037.68,124453.56,4924.7,1079165.9,2105.8726
19931.7,227.65001,191.54001,3735.03,830.53,219.8,1579.61,58.91,1924.56,2671.6802,4925.4,5281.5405,26.476675
29141.52,775.58,34020.332,262143.0,50276.113,7939.49,15145.35,1272.73,3821.4001,108727.086,4927.0,938079.56,3336.9158
72903.39,2000.18,89022.14,262143.0,121981.16,19279.602,38561.39,3333.21,14777.4,262143.0,4928.0,2454704.0,3490.3975
39492.78,843.09,28126.55,262143.0,39034.91,5641.0103,10301.03,1034.35,4474.8003,89270.28,4929.6,775563.94,2035.3281
14589.9,301.44,755.17004,9294.4,2392.6802,761.45,124.67,43.84,1502.16,7666.5605,4930.2,20823.123,146.99309
43168.53,540.08,368.95,6947.25,2989.28,1106.8501,513.75,61.65,2663.76,9309.96,4931.7,10173.459,23.437077
28469.88,436.46002,394.07,6014.6704,3534.07,1100.5701,668.56,94.53,2364.12,9585.841,4932.2,10866.12,38.57644
44831.1,687.66003,24771.46,262143.0,34952.91,5469.8804,12479.33,934.34,5338.08,80955.6,4932.2,683050.4,1578.8695
54702.992,1042.48,17235.46,210144.5,28894.281,5074.24,17153.77,1209.71,5059.56,60634.203,4932.8,475252.06,899.8673
51216.9,1230.88,44325.812,262143.0,70211.97,13679.41,26805.42,2192.0,10521.721,151169.05,4932.9,1222243.8,2473.5283
40354.95,781.86005,9230.03,114198.664,13806.58,2486.8801,6001.97,524.71,4767.8403,32820.48,4933.3,254509.64,652.96625
33899.55,543.22003,19637.56,239112.58,28410.72,4312.79,12024.49,1226.15,3718.4402,60578.76,4933.4,541487.75,1655.3136
58674.54,1364.3301,45790.62,262143.0,69441.1,10669.721,25809.43,2408.46,7320.72,154325.17,4933.6,1262634.5,2230.3918
30385.621,445.88,17858.75,217283.3,24316.16,3534.07,6180.07,557.59,2753.52,56428.684,4933.6,492438.7,1679.4745
32229.15,880.77,37734.953,262143.0,58969.203,13330.87,20297.92,1712.5,6412.56,129241.2,4935.4,1040506.8,3346.6802
11323.05,577.76,3410.04,44525.203,11639.98,3281.3,17620.94,1386.4401,4610.7603,21654.602,4935.6,94028.734,860.08307
13794.72,196.25,343.83002,4336.3403,1879.29,100.48,47.95,21.92,916.08,3722.4001,4935.6,9480.798,70.265594
68673.45,2540.26,98899.016,262143.0,134511.33,21293.91,37698.29,3249.64,15342.36,262143.0,4938.1,2727050.0,4116.6753
40636.832,811.69,25564.31,262143.0,37097.53,5903.2,11177.83,986.4,4597.56,80089.68,4938.1,704912.5,1797.7186
146085.19,12691.881,10266.23,186792.33,92000.43,31233.58,15627.59,4704.58,30820.682,192042.84,4939.9,283081.9,199.93417
54595.98,1091.15,43652.28,262143.0,62663.41,9900.42,21254.18,1850.87,9782.5205,140605.08,4941.7,1203671.8,2285.1003
61497.69,1141.39,46187.832,262143.0,61773.223,7967.7505,14569.95,1217.93,7323.3604,149249.77,4941.8,1273587.2,2146.4238
42557.79,766.16003,2268.6501,29264.8,5140.18,1500.92,363.05,57.54,1462.56,11934.12,4942.4,62555.953,151.41843
33197.46,591.89,18981.3,229612.5,27156.291,3507.3801,8314.53,905.57,2702.04,57901.8,4944.4,523392.0,1633.8206
57917.64,940.43005,33955.96,262143.0,50257.273,8826.54,19292.34,1804.29,7205.8804,111216.6,4946.6,936304.56,1675.3093
28692.6,532.23004,1012.65,12812.7705,2339.3,781.86005,358.94,86.31,666.60004,6197.4004,4949.1,27922.898,99.91099
32864.25,375.23,12905.4,159449.2,18678.291,3006.55,7585.69,665.82,4680.72,45162.48,4949.2,355854.62,1121.7854
45733.29,802.27,24311.451,262143.0,32695.252,4719.42,7619.94,717.88,6250.2,81383.28,4949.6,670366.0,1518.9435
61590.78,1348.63,49029.53,262143.0,69459.945,11300.86,23133.82,2042.67,7795.9204,160925.17,4951.4,1351944.5,2275.0984
63539.582,1596.6901,50257.273,262143.0,74485.516,13454.9,31534.66,2603.0,12571.681,166638.12,4952.3,1385798.4,2260.5364
90275.55,2066.12,98776.555,262143.0,140168.03,23328.63,42257.65,3770.24,15034.801,262143.0,4953.5,2723673.2,3127.4753
45627.15,1466.38,36703.46,262143.0,58298.812,9036.92,24098.3,1970.06,7270.56,125085.84,4954.1,1012064.4,2299.0256
28797.0,395.64,18460.06,223348.2,24601.9,3267.1702,6123.9,564.44,3917.7603,58346.64,4955.5,509019.28,1831.8835
2995.41,56.52,-40.82,152.29001,-95.770004,-6.28,31.51,13.7,-27.720001,-67.32,4956.2,-1125.5741,-39.964195
33329.7,574.62,905.89,12238.15,2723.9502,879.2,187.69,82.2,724.68005,6221.16,4956.2,24979.088,76.71289
5760.27,167.99,7.8500004,1304.67,2672.1401,1854.17,97.27,21.92,163.68001,6375.6,4957.0,216.45657,2.8965104
32748.541,858.79004,2603.06,32290.191,3515.2302,775.58,316.47,5.48,1025.64,11078.761,4957.0,71777.0,226.26953
74326.71,1375.3201,58587.69,262143.0,85310.664,14147.2705,29960.53,2740.0,9658.44,190358.53,4957.0,1615502.0,2252.7747
36480.84,503.97003,19135.16,234537.6,25145.121,3231.06,6862.33,489.09,3476.8801,62748.844,4961.0,527634.56,1498.7411
17010.24,237.07,6752.5703,84148.86,9658.641,1383.17,2470.11,253.45,1547.04,22766.041,4962.6,186195.95,1134.0309
58694.55,1061.3201,42043.03,262143.0,58433.832,9482.801,17479.83,1733.05,7807.8003,133809.72,4964.7,1159298.1,2047.072
2993.67,17.27,18.84,-125.600006,-50.24,87.920006,-27.4,-39.73,17.16,122.76,4965.3,519.4958,16.993929
34219.71,839.95,34012.48,262143.0,46591.32,7944.2,14997.39,1323.42,5064.8403,106904.164,4965.8,937863.06,2840.9143
70860.63,1598.26,61132.66,262143.0,85376.6,13638.591,27883.61,2663.28,10002.96,192239.53,4965.8,1685677.1,2465.705
3452.16,241.78001,4461.94,53990.73,5466.74,1042.48,254.82,19.18,483.12003,15932.4,4966.0,123033.914,3694.5732
3322.53,119.32001,28.26,1015.79004,642.13,40.82,179.47,50.69,204.6,1663.2001,4967.0,779.24365,23.319366
72938.19,1504.06,44729.3,262143.0,60517.223,9354.061,16179.7,1523.4401,9758.761,150136.81,4968.2,1233369.5,1752.4205
64204.26,1548.02,67370.27,262143.0,97132.766,16637.291,33125.23,2619.44,7914.72,210522.84,4969.9,1857673.6,2999.2224
58480.53,2034.7201,62410.64,262143.0,98090.46,17566.73,36074.84,3004.41,13804.561,214581.84,4970.0,1720916.4,3050.3804
14573.37,249.63,152.29001,1888.7101,665.68,108.33,994.62,132.89,1314.7201,1659.2401,4972.5,4199.258,28.878613
13875.63,453.73,189.97,1998.6101,910.60004,221.37001,212.35,152.07,505.56003,1923.2401,4972.6,5238.249,38.145454
67050.9,1610.8201,47208.332,262143.0,70814.85,10641.46,29693.38,2474.22,10636.561,152366.28,4973.2,1301726.6,2012.0894
17045.91,471.00003,726.91003,9507.92,1711.3,536.94,253.45,41.1,773.52,5319.6,4976.9,20043.879,120.92969
57045.03,1763.1101,54714.5,262143.0,80487.625,14670.08,28087.74,2782.47,10227.36,185498.28,4978.1,1508702.2,2741.4177
12111.2705,125.600006,54.95,905.89,1138.25,466.29,45.21,-24.66,455.40002,1639.4401,4978.6,1515.196,11.9726
28098.39,417.62003,15164.631,185908.42,24367.97,3731.8901,8952.95,835.7,2259.84,51167.16,4979.3,418150.8,1542.1189
34280.61,500.83002,125.600006,3687.9302,1679.9,697.08,2519.43,227.42,3562.6802,5409.3604,4980.3,3463.3052,9.47587
14871.78,362.67,22570.32,262143.0,32305.89,4823.04,12928.69,928.86,4127.64,75910.56,4980.8,622355.94,4338.341
11136.87,287.31,213.52,2854.26,408.2,200.96,87.68,20.55,232.32,1404.4801,4980.9,5887.6187,53.81815
43035.42,855.65,35146.02,262143.0,49329.402,7616.0703,13801.38,1416.58,4931.52,109375.2,4981.2,969119.3,2334.0654
70938.06,1662.63,58275.26,262143.0,86053.27,14035.801,31956.62,2812.61,12052.921,191554.45,4982.0,1606887.0,2347.8425
16206.36,238.64001,147.58,1949.9401,700.22003,343.83002,1111.07,124.67,1403.16,2164.8,4982.7,4069.3835,25.037003
7547.25,146.01001,18.84,423.90002,372.09003,29.830002,615.13,58.91,819.72003,970.2,4982.9,519.4958,6.1374183
10754.94,257.48,0.0,770.87006,503.97003,114.61,115.08,27.4,223.08,1009.80005,4983.3,0.0,-1.0
69506.04,1183.78,24471.59,262143.0,33406.46,5245.37,11634.04,1098.74,10336.921,84961.805,4983.8,674781.7,1005.67346
9143.7,205.67001,1166.51,15685.87,6341.23,2086.53,10148.96,757.61,3288.12,10384.44,4983.9,32165.447,363.76697
7827.39,12.56,23.550001,-103.62,48.670002,0.0,69.87,-2.74,117.48,204.6,4984.8,649.36975,7.6024656
21555.99,312.43002,155.43001,2628.1802,1127.26,86.350006,2126.24,130.15,1624.92,3142.9202,4985.7,4285.8403,19.616545
20871.3,298.30002,3914.01,47125.12,4584.4004,844.66003,1163.13,208.24,2073.72,14212.44,4985.7,107925.24,535.1933
28689.99,447.45,15754.95,189618.33,21706.82,3048.9402,6497.91,611.02,2968.6802,48903.363,4986.4,434428.34,1569.1301
20184.87,372.09003,1376.89,17649.941,5944.02,1802.3601,7921.34,849.4,2068.4402,10368.601,4986.9,37966.484,194.03938
66653.31,2003.3201,88285.81,262143.0,125491.67,19827.531,36213.21,3304.44,11482.681,262143.0,4987.5,2434400.5,3786.1992
23486.52,433.32,14960.53,179666.1,18661.021,2865.25,3745.58,338.39,2654.52,48517.92,4988.3,412522.94,1820.2826
10667.94,58.09,89.490005,1274.8401,642.13,69.08,61.65,0.0,491.04,2167.4402,4988.3,2467.605,22.985176
17469.6,354.82,780.29004,9754.41,1565.29,362.67,163.03,67.13,388.08002,3806.8801,4988.7,21515.783,126.70917
18252.6,221.37001,48.670002,2037.8601,518.10004,249.63,939.82,57.54,1861.2001,2768.04,4990.4,1342.0308,6.6240478
11122.95,100.48,95.770004,1103.7101,199.39,-15.700001,746.65,67.13,901.56006,1412.4,4991.2,2640.7703,23.618326
23768.4,370.52002,133.45,2353.4302,918.45,538.51,2275.57,145.22,1503.4801,2621.52,4992.8,3679.7615,15.053421
13391.04,144.44,76.93,1402.01,747.32,182.12001,1100.11,79.46,1304.16,1833.4801,4993.5,2121.2744,15.425947
21915.3,331.27002,6074.33,72468.06,8303.73,1328.2201,1676.88,124.67,1574.76,20210.521,4993.9,167494.1,791.5012
4874.61,0.0,-7.8500004,108.33,-15.700001,10.990001,108.23,20.55,5.28,-43.56,4994.9,-216.45657,-5.6044607
59913.42,1389.4501,60156.12,262143.0,84528.805,13491.011,25366.92,2170.08,9003.721,187070.4,4995.5,1658750.0,2869.8115
46269.21,734.76,36551.17,262143.0,52028.23,5710.0903,13423.26,926.12,4755.96,113135.88,4996.0,1007865.1,2257.6982
33180.93,759.88,22491.82,262143.0,37414.67,5198.27,16785.24,1637.15,5398.8003,81007.086,4996.3,620191.4,1937.1396
40622.91,1091.15,43135.75,262143.0,62832.973,9897.28,23998.291,2216.66,6790.08,141451.2,4996.3,1189428.9,3035.0947
44597.94,547.93,25061.91,262143.0,34839.87,4574.98,9716.04,857.62,6186.8403,81577.32,4996.4,691059.25,1605.7501
29789.67,635.85004,24229.81,262143.0,36312.53,5159.02,13131.45,1061.75,4597.56,77088.0,4996.9,668114.9,2324.5908
22164.99,610.73004,23119.82,262143.0,39022.35,5105.64,15582.38,1338.49,5612.64,82650.484,4997.3,637507.9,2981.4
28716.09,967.12006,24143.46,262143.0,36712.883,6583.0103,16175.59,1237.11,6159.12,86786.05,4997.8,665733.9,2402.938
71700.18,3395.9102,133884.89,262143.0,203542.66,33467.69,75163.68,6528.05,26535.96,262143.0,4999.8,3691753.5,5338.005
30585.72,566.77,27442.031,262143.0,39482.36,6003.68,11060.01,960.37,4474.8003,86576.164,4999.9,756688.94,2564.3494
20181.39,497.69,335.98,5116.6304,1036.2001,480.42,184.95,1.37,727.32,3109.9202,5001.5,9264.342,46.600483
68540.34,1131.9701,56023.883,262143.0,74446.266,11522.23,15075.48,1322.05,8087.64,174963.36,5001.5,1544807.4,2336.0928
55512.09,858.79004,34328.05,262143.0,50101.84,7718.12,17155.14,1252.18,5679.9604,110847.01,5001.6,946564.6,1767.1152
33206.16,858.79004,33183.52,262143.0,47435.98,7030.4604,14448.0205,1430.28,6012.6,107255.28,5002.9,915005.2,2856.2798
16257.69,153.86,408.2,5115.06,1315.66,434.89,50.69,-21.92,700.92004,4414.08,5003.6,11255.742,70.78987
37698.84,679.81,232.36,4388.1504,3892.03,1979.77,9781.8,953.52,1102.2001,5752.56,5003.8,6407.1143,16.623102
19812.51,244.92001,182.12001,2714.53,899.61005,265.33002,960.37,137.0,3393.7202,3260.4001,5004.0,5021.7925,25.282528
35716.98,648.41003,24276.91,262143.0,33687.492,4563.99,10173.62,964.48,6402.0005,81520.56,5004.9,669413.56,1942.4244
46480.62,781.86005,16437.9,202445.23,26057.291,5212.4004,15102.88,1283.6901,5785.56,60058.684,5005.9,453260.06,1010.1683
26420.16,392.5,12695.0205,155535.19,18786.621,2876.24,5379.99,480.87,2600.4001,42814.203,5008.5,350053.56,1372.8741
18072.51,376.80002,215.09001,3259.32,909.03,237.07,1543.99,84.94,2505.36,2362.8,5010.9,5930.91,33.02912
12182.61,232.36,138.16,1339.2101,474.14,254.34001,104.12,46.58,219.12001,1280.4,5011.9,3809.6357,31.425823
48840.06,2581.08,39154.23,262143.0,65624.43,12987.04,27717.84,2694.79,9667.681,135718.45,5013.2,1079642.1,2291.1948
39377.94,649.98004,23399.281,262143.0,33598.0,5289.33,9222.84,869.95,3430.6802,73908.125,5013.4,645213.75,1698.0199
61914.42,2042.5701,64770.35,262143.0,97991.555,16235.37,34991.17,3189.36,15346.32,218842.81,5014.2,1785983.2,2990.1172
47275.8,706.5,22959.682,262143.0,32130.05,4903.1104,8296.72,690.48,3923.04,73642.805,5016.7,633092.2,1387.5961
12833.37,169.56001,62.800003,946.71,453.73,72.22,527.45,71.24,1037.52,1734.4801,5017.8,1731.6526,12.991617
13391.04,100.48,362.67,4815.19,1124.12,430.18002,209.61,2.74,484.44003,3462.36,5018.3,10000.294,76.43661
9523.0205,194.68001,48.670002,811.69,354.82,18.84,587.73,56.170002,634.92004,452.76,5019.0,1342.0308,13.612873
17594.88,453.73,152.29001,2728.6602,901.18005,167.99,208.24,-42.47,405.24002,2265.12,5019.3,4199.258,23.747658
20451.09,348.54,157.0,3196.52,879.2,251.20001,1574.13,146.59,1888.92,2786.52,5019.4,4329.1313,20.949883
43337.31,662.54004,290.45,4856.0103,3011.26,1099.0,767.2,104.12,2098.8,8677.681,5019.8,8008.8936,18.162777
53138.73,1124.12,32291.762,262143.0,48122.07,7638.0503,19253.98,1644.0,8058.6,107624.88,5020.9,890415.8,1736.519
34949.64,671.96,28825.201,262143.0,40568.8,5187.2803,10027.03,652.12,3676.2002,93512.766,5021.0,794828.56,2357.189
59046.03,1332.93,44534.62,262143.0,62624.16,10222.2705,17855.21,1574.13,9271.681,142963.92,5021.3,1228001.5,2155.533
58089.9,1120.98,40414.94,262143.0,58809.062,9967.931,19225.21,1761.82,9391.801,131862.72,5022.2,1114405.0,1988.2544
30925.89,601.31,22226.49,262143.0,29657.3,3970.53,5349.85,631.57,4198.9204,72710.88,5022.4,612875.1,2053.9329
67809.54,1873.01,49067.21,262143.0,71752.14,12539.591,16845.52,1487.82,8045.4004,167514.61,5022.6,1352983.5,2067.948
13986.12,36.11,177.41,2062.98,1006.37006,516.53,135.63,90.42,509.52002,2513.28,5023.4,4891.9185,35.26852
58081.2,1152.38,46158.0,262143.0,65596.17,11731.04,23832.52,1739.9,8511.36,146257.33,5023.6,1272764.6,2271.2725
26100.0,692.37,21923.48,262143.0,30844.22,5582.9204,11651.85,1027.5,4365.24,71067.484,5023.6,604519.94,2400.6958
13894.7705,370.52002,64.37,1303.1001,621.72003,127.170006,83.57,64.39,376.2,1003.2,5024.2,1774.944,12.245891
35094.06,595.03,22312.84,262143.0,29913.21,4742.97,8754.3,724.73,3798.9602,70684.68,5025.1,615256.1,1816.9009
60291.0,2672.1401,86387.68,262143.0,121433.23,20637.65,33143.04,2530.39,12113.641,262143.0,5027.1,2382061.2,4095.8335
26864.73,657.83,34985.883,262143.0,47924.25,8211.101,17268.85,1463.16,5412.0,108839.28,5028.3,964703.7,3722.568
56267.25,1149.24,42243.992,262143.0,60664.8,8748.04,18619.67,1709.76,7774.8003,135752.77,5029.9,1164839.5,2145.6355
58656.27,901.18005,36083.312,262143.0,49524.082,7024.18,14221.97,1161.76,6464.04,114490.2,5029.9,994964.3,1757.8992
24911.58,229.22,588.75,7179.6104,3832.37,1281.12,1305.61,226.05,1487.64,7632.24,5031.6,16234.243,66.573845
21964.02,208.81001,9547.17,115319.64,16171.001,2508.86,6545.86,502.79,2856.4802,31984.922,5031.8,263254.47,1241.8303
70648.35,1766.25,46176.84,262143.0,68579.17,10826.721,26788.98,2012.53,11407.44,159367.56,5033.0,1273284.1,1867.8359
45824.64,844.66003,25298.98,262143.0,36648.51,5135.47,10880.54,978.18,4524.96,79767.6,5033.3,697596.25,1577.5304
32797.26,1169.65,42335.05,262143.0,60672.652,10219.13,19266.31,1638.52,6988.08,133254.0,5033.6,1167350.2,3689.7231
17579.22,514.96,419.19,4584.4004,1103.7101,474.14,145.22,28.77,652.08,3109.9202,5035.4,11558.781,67.18052
43113.72,940.43005,36056.62,262143.0,49042.09,8214.24,14490.49,1365.89,4579.08,112613.164,5037.1,994228.3,2390.2144
33227.91,386.22,298.30002,4424.2603,1257.5701,281.03,2572.86,232.9,2992.4402,2881.56,5039.2,8225.351,24.668428
14884.83,113.04,147.58,2964.1602,1045.62,342.26,21.92,58.91,654.72003,2716.56,5039.5,4069.3835,27.348665
35365.5,1422.42,-18.84,169.56001,108.33,111.47,43.84,-73.98,225.72002,488.40002,5039.8,-519.4958,-2.5231762
30978.09,712.78,24813.852,262143.0,35458.453,5218.68,10135.26,872.69,3590.4001,80197.92,5040.2,684219.25,2289.2798
19045.17,315.57,525.95,6548.47,1149.24,296.73,132.89,-17.81,389.40002,3536.28,5040.6,14502.591,77.960266
21238.44,340.69,155.43001,2094.3801,963.98004,178.98001,1548.1,193.17,1521.9601,2927.76,5041.3,4285.8403,19.924797
12070.38,169.56001,89.490005,1287.4,656.26,97.340004,713.77,38.36,875.16003,1652.64,5041.8,2467.605,20.198376
9151.53,136.59001,98.91,1351.77,362.67,144.44,854.88,43.84,583.44,587.4,5042.2,2727.3528,29.902632
5133.87,31.400002,4.71,114.61,-6.28,-15.700001,31.51,64.39,146.52,269.28,5042.3,129.87395,1.6231616
5875.98,405.06003,5025.5703,59758.91,6849.91,1402.01,194.54,17.81,640.2,17191.682,5042.5,138575.5,2444.423
11334.36,285.74002,178.98001,2601.49,836.81,178.98001,156.18001,-20.55,143.88,1264.56,5042.6,4935.21,44.149868
78959.46,2232.54,15007.631,183102.83,22375.64,3719.33,1637.15,231.53,3767.28,58225.203,5042.7,413821.7,542.4467
102954.06,2871.53,15348.32,246507.28,82114.14,15528.87,34822.66,2904.4,15741.001,84749.28,5044.8,423215.9,425.25195
62665.23,1960.93,78547.1,262143.0,110405.55,17397.17,36976.3,3063.32,11758.561,246564.12,5045.2,2165864.5,3582.872
14302.8,131.88,390.93002,5455.75,3105.4602,883.91003,4240.15,454.84,1074.4801,5409.3604,5047.5,10779.538,77.149635
24220.8,315.57,628.0,7966.18,1744.27,397.21002,328.8,57.54,685.08,4253.04,5047.6,17316.525,73.13446
5759.4,279.46002,7086.9805,85324.79,10398.11,1967.2101,297.29,2.74,599.28,23979.121,5047.8,195417.0,3517.3008
36920.19,460.01,16585.48,200614.61,21761.771,3829.2302,6338.99,617.87,4802.16,53809.8,5048.5,457329.44,1283.4379
38596.68,612.30005,25174.951,262143.0,31511.47,4692.73,3749.69,268.52,4521.0,79677.84,5050.8,694176.25,1863.9521
14964.0,163.28,189.97,3113.31,1637.51,624.86005,64.39,38.36,694.32,3387.12,5051.2,5238.249,35.2983
50383.44,1442.8301,59666.28,262143.0,87124.016,14241.471,26983.52,2408.46,7975.4404,186604.45,5051.4,1645243.1,3385.025
18961.65,238.64001,48.670002,1568.43,704.93005,62.800003,1035.72,47.95,1787.28,2584.56,5051.4,1342.0308,6.338955
57878.492,1304.67,50937.082,262143.0,67282.35,10387.12,19738.96,1502.89,6889.08,161296.1,5051.4,1404543.5,2515.3198
39979.11,505.54,16643.57,203715.36,23465.22,3221.6401,6773.28,628.83,4437.8403,56254.44,5053.8,458931.22,1189.3163
63911.07,2241.96,67272.93,262143.0,95474.84,15775.36,35488.48,2961.94,13217.16,217631.05,5053.8,1854989.5,3008.631
6250.08,122.46001,31.400002,1607.68,2898.2202,2270.22,152.07,20.55,39.600002,5801.4004,5054.3,865.8263,13.364585
44911.14,879.2,37967.312,262143.0,55667.492,8342.98,21118.55,1764.56,6182.8804,121157.52,5054.9,1046913.94,2416.1565
21536.85,387.79,703.36005,8748.04,1621.81,678.24005,34.25,-1.37,650.76,4036.56,5055.1,19394.51,92.37798
64391.31,1755.26,56937.62,262143.0,85323.23,13787.74,28191.86,2481.07,10160.04,181164.73,5055.9,1570002.9,2527.256
64667.97,2728.6602,38593.742,262143.0,62060.53,10124.931,26432.78,2661.91,16764.0,136436.53,5056.4,1064187.1,1705.3837
4399.59,128.74,81.64,1723.8601,774.01,310.86002,234.27,13.7,356.40002,2225.52,5056.5,2251.1482,52.05664
42134.1,764.59,579.33,8795.141,2858.9702,934.15,378.12,132.89,1597.2001,8998.44,5056.6,15974.495,38.31346
55214.55,1201.05,50175.633,262143.0,68211.79,11484.551,22647.47,1807.03,6625.08,157743.97,5056.9,1383547.1,2597.294
56426.46,898.04004,26828.16,262143.0,41644.25,5455.75,19074.51,1411.1,7673.16,92806.56,5057.1,739762.0,1358.4308
66952.59,1679.9,71808.664,262143.0,98183.09,16656.13,26947.9,2381.06,7960.9204,221146.2,5057.2,1980058.2,3065.6094
69826.2,1271.7001,54398.934,262143.0,76491.97,10980.58,20492.46,1960.47,5829.12,174542.28,5057.9,1500000.9,2226.5168
69874.92,1033.06,45526.863,262143.0,64715.402,10974.301,21507.63,1968.6901,9023.5205,145702.92,5058.3,1255361.6,1861.925
48433.77,838.38,38920.3,262143.0,54508.832,9223.75,16771.541,1545.36,9415.561,130203.484,5058.5,1073191.8,2296.6133
23473.47,529.09,7608.22,92436.89,14222.631,3064.6401,8646.07,648.01,3854.4001,30975.121,5058.5,209789.72,925.7333
9703.98,139.73001,-9.42,197.82,218.23001,58.09,43.84,8.22,15.84,421.08002,5059.1,-259.7479,-3.775556
24915.93,403.49002,1329.79,16951.291,2290.6301,460.01,1608.38,204.13,2034.1201,6586.8003,5062.0,36667.742,151.60014
11251.71,146.01001,89.490005,1496.2101,868.21,500.83002,116.45,42.47,443.52002,2171.4001,5062.4,2467.605,21.74076
28520.34,555.78,3945.4102,46958.703,5878.08,1161.8,310.99,-20.55,968.88007,14630.881,5062.5,108791.08,394.5364
72625.86,1271.7001,49828.66,262143.0,68117.59,10807.88,22063.85,1750.86,8619.601,161401.69,5062.9,1373979.8,1960.7196
30201.18,536.94,22526.361,262143.0,31180.201,4656.62,6667.79,617.87,4184.4004,71825.164,5063.0,621143.8,2131.633
17750.61,174.27,615.44,8396.36,2309.47,670.39,315.1,65.76,1050.7201,5487.24,5063.9,16970.195,98.133736
39324.0,664.11005,22215.5,262143.0,30677.8,4064.7302,8843.35,771.31,5034.48,71588.88,5064.7,612572.06,1614.2783
23543.94,785.0,186.83,2361.28,816.4,513.39,83.57,41.1,691.68005,3148.2002,5065.0,5151.6665,21.689058
15519.93,456.87003,254.34001,3034.81,1190.06,293.59,160.29,42.47,304.92,2183.28,5067.1,7013.1934,45.85694
27237.09,361.1,12743.69,159158.75,16269.91,2899.79,5725.23,491.83,2687.52,42521.16,5067.4,351395.6,1336.7762
59920.38,1138.25,52302.98,262143.0,72626.63,12717.0,23166.7,2190.6301,6438.9604,167746.92,5067.5,1442206.9,2494.749
42403.8,948.28,29880.24,262143.0,40008.312,5631.5903,8422.76,704.18,4210.8003,95956.086,5067.6,823920.3,2013.7832
16449.09,219.8,81.64,1929.53,649.98004,172.70001,1089.15,176.73,1161.6001,2117.28,5067.8,2251.1482,13.190905
48665.19,750.46,36354.92,262143.0,51207.12,9234.74,14587.76,1211.08,5596.8003,115551.484,5068.6,1002453.7,2134.9631
27523.32,299.87,915.31006,11398.2,3444.58,791.28,702.81,158.92,1482.3601,8211.721,5069.9,25238.838,94.08597
30645.75,491.41,536.94,7867.27,2923.34,623.29004,200.02,90.42,893.64,6380.8804,5070.3,14805.629,49.096165
20379.75,292.02002,124.03001,2011.17,777.15,240.21,1489.1901,113.71,1386.0,2493.48,5070.4,3420.014,16.401108
52166.07,750.46,30148.71,262143.0,41003.69,6243.89,11213.45,883.65,6949.8003,98601.37,5071.3,831323.1,1651.455
68863.11,1009.51,22716.33,262143.0,31737.55,4584.4004,13746.58,1211.08,9720.48,75286.2,5072.0,626382.0,942.1929
20767.77,177.41,182.12001,2488.4502,1274.8401,172.70001,1431.65,135.63,1894.2001,3392.4001,5072.5,5021.7925,24.073605
60204.0,1204.1901,40071.113,262143.0,56865.402,8363.391,19526.61,1649.48,7003.9204,129172.56,5072.7,1104924.2,1902.0713
101387.19,1934.2401,81335.42,262143.0,118356.02,19124.17,34408.92,3231.83,12707.641,262143.0,5073.0,2242749.8,2292.7476
4258.65,75.36,29.830002,61.230003,80.07,-42.390003,-13.7,21.92,7.92,-51.480003,5073.0,822.53503,19.027666
29272.02,613.87,26650.75,262143.0,38254.62,4867.0,14317.87,1219.3,4151.4004,83298.6,5074.9,734870.06,2602.1892
50924.582,1191.63,46129.742,262143.0,65641.7,10960.17,23350.28,2216.66,6879.8403,145696.33,5075.2,1271985.5,2589.0166
13329.2705,157.0,89.490005,1402.01,645.27,136.59001,985.03,20.55,1829.52,1729.2001,5075.4,2467.605,18.196283
46920.84,861.93005,28746.701,262143.0,41838.93,6973.9404,9998.26,594.58,4634.52,92137.32,5075.6,792664.0,1750.7463
39684.18,852.51,25956.81,262143.0,39102.42,7074.4204,16708.52,1568.65,7364.2803,91110.37,5075.8,715735.3,1869.1779
16447.35,197.82,227.65001,3317.4102,733.19,62.800003,1286.43,-21.92,2134.4402,2406.36,5076.0,6277.2407,38.57498
18537.96,202.53001,178.98001,2406.81,844.66003,376.80002,13.7,2.74,521.4,3330.36,5076.6,4935.21,26.60524
46559.79,728.48004,25622.4,262143.0,36365.91,6016.24,10954.5205,876.8,5071.4404,80129.28,5077.2,706514.25,1572.4677
56032.35,1058.18,43875.223,262143.0,66243.016,11897.46,26398.53,2492.03,13453.44,141356.17,5077.6,1209819.1,2237.873
16089.78,152.29001,117.75001,1698.7401,693.94,65.94,1475.49,75.35,1009.80005,1529.88,5077.7,3246.8486,19.924728
13780.8,125.600006,367.38,4793.21,1530.75,540.08,91.79,73.98,716.76,3470.28,5077.8,10130.168,75.22371
48124.92,934.15,4766.52,59371.12,8474.86,1530.75,5171.75,357.57,8091.6,23750.762,5078.9,131432.42,282.1916
27705.15,959.27,25418.3,262143.0,36811.793,5998.97,12483.44,1172.72,4386.3604,84362.52,5081.3,700886.4,2622.2217
24815.01,431.75,576.19,9145.25,6772.9805,1764.68,6486.95,791.86,2266.4402,9678.24,5081.8,15887.912,65.38963
35134.082,938.86005,32867.95,262143.0,51651.434,8131.0303,23076.28,2150.9,7824.9604,110812.69,5082.3,906303.6,2673.8103
20508.51,328.13,194.68001,3209.08,1135.11,282.6,1398.77,132.89,1886.28,2336.4001,5083.3,5368.123,26.14165
98310.87,4278.25,179438.45,262143.0,250590.84,37490.03,70265.93,6378.72,29424.121,262143.0,5083.4,4947851.0,5217.7075
66520.2,1340.78,62569.21,262143.0,88723.84,13750.061,23396.86,1900.1901,8063.8804,199199.89,5083.7,1725288.8,2688.4043
23511.75,259.05002,197.82,2686.27,836.81,309.29,2509.84,191.8,1660.56,2484.24,5083.8,5454.7056,23.056599
24130.32,456.87003,14649.671,179681.8,22474.55,3992.5103,11042.2,846.66,2465.76,46339.92,5084.0,403951.28,1734.8563
17814.99,298.30002,128.74,2229.4001,1061.3201,133.45,1227.52,112.340004,1316.04,2742.9602,5084.1,3549.888,19.662218
3482.61,197.82,5008.3003,59597.203,7077.56,949.85004,0.0,87.68,535.92004,16426.08,5084.4,138099.3,4110.8237
12943.86,125.600006,460.01,6229.7603,996.95,158.57,139.74,32.88,327.36002,3204.9602,5085.4,12684.355,100.61375
52438.38,1224.6001,44115.43,262143.0,72177.61,12070.16,29186.48,2875.6301,10582.44,152540.53,5086.7,1216442.6,2404.4163
36594.81,511.82,19981.39,243470.89,28354.201,3763.29,8107.66,854.88,4147.44,64815.96,5090.0,550968.56,1560.1881
13958.28,130.31,281.03,3329.9702,668.82,26.69,-23.29,17.81,242.88,1719.9601,5090.3,7749.145,56.566494
68330.67,1555.87,58977.05,262143.0,92347.41,14681.07,34213.01,2737.26,10787.04,196402.81,5090.4,1626238.2,2466.8364
21019.2,318.71002,128.74,2348.72,722.2,304.58002,1952.25,102.75,2674.32,2881.56,5093.3,3549.888,16.512428
19132.17,260.62,92.630005,2166.6,508.68002,141.3,1619.34,186.32,1597.2001,2013.0001,5093.7,2554.1877,12.843199
19778.58,276.32,703.36005,9743.42,3370.79,1463.24,341.13,108.23,909.48004,5826.4805,5093.9,19394.51,100.67908
53219.64,1522.9,54953.14,262143.0,75041.29,12087.431,22399.5,2078.29,10915.08,175870.2,5095.6,1515282.6,2951.3618
20421.51,262.19,210.38,3058.36,3736.6,956.13,7458.28,593.21,1833.4801,4284.72,5096.9,5801.036,28.455446
39202.2,874.49005,40526.41,262143.0,56928.203,8908.181,16587.96,1354.93,5744.64,127072.445,5097.5,1117478.8,2954.8115
11701.5,124.03001,94.200005,797.56,400.35,80.07,728.84,61.65,625.68005,931.92004,5098.2,2597.479,22.017513
58587.54,1430.27,57397.633,262143.0,81756.18,13195.851,22855.71,2027.6,6887.7603,185664.61,5098.4,1582687.2,2800.1587
13559.82,193.11,1833.76,23639.49,5485.58,877.63,6722.59,509.64,1524.6001,10570.561,5098.8,50564.254,385.6674
12749.85,172.70001,158.57,2062.98,405.06003,235.50002,1475.49,157.55,1356.9601,1470.4801,5099.4,4372.423,34.560265
70617.9,1595.12,65093.773,262143.0,91545.13,14572.74,28557.65,2757.81,11732.16,203401.45,5100.7,1794901.2,2634.5647
42824.88,613.87,21980.0,262143.0,27867.5,4579.69,7196.61,406.89,4326.96,71199.484,5102.5,606078.4,1466.5082
32158.68,695.51,29662.012,262143.0,42082.28,5330.1504,12984.86,968.59,4048.4402,94098.84,5102.5,817902.8,2636.2505
37194.24,569.91003,16400.22,198465.28,23674.031,3833.9402,8358.37,543.89,4345.44,55475.64,5102.8,452221.1,1259.7328
13434.54,464.72,7294.22,90174.52,12830.04,2847.98,9729.74,1093.26,4197.6,30802.201,5105.2,201131.45,1551.4052
37053.3,569.91003,9861.17,117668.37,18483.611,3496.3901,14482.2705,1327.53,4242.48,38381.64,5105.3,271912.75,759.94025
33534.15,588.75,1546.4501,19675.24,3223.2102,456.87003,187.69,120.56,689.04004,7675.8003,5105.4,42641.945,130.8553
59579.34,817.97003,46913.17,262143.0,65797.13,9666.49,16733.18,1360.41,6378.24,148328.4,5105.9,1293587.8,2250.3762
31993.38,1719.15,54639.14,262143.0,77837.46,11589.74,22513.21,1876.9,6852.12,172083.12,5106.9,1506624.4,4882.0674
93953.04,2108.51,60140.42,262143.0,85817.77,14743.87,28896.041,2342.7,13594.681,196501.81,5108.6,1658317.1,1829.2257
49379.46,770.87006,17832.06,216234.53,24870.371,3816.6702,5329.3,511.01,5136.12,59249.523,5109.0,491702.75,1031.5336
11794.59,160.14,12.56,1494.64,620.15,288.88,893.24,2.74,641.52,1894.2001,5109.1,346.33054,2.0447793
33452.37,505.54,20979.91,254344.72,31546.012,4378.73,10622.98,917.9,3882.12,67742.41,5110.1,578501.8,1792.1874
61933.56,2753.78,103324.84,262143.0,149266.19,25605.13,47184.17,3925.05,19076.64,262143.0,5110.4,2849088.0,4769.1025
40741.23,1340.78,33596.43,262143.0,50999.883,8920.74,16081.06,1370.0,7793.2803,121524.484,5111.0,926390.8,2356.8057
81224.94,4662.9004,189721.95,262143.0,262143.0,39958.07,73400.49,5680.02,28518.602,262143.0,5112.0,5231409.5,6677.4736
17271.24,144.44,471.00003,6391.47,3030.1,1031.49,316.47,67.13,1239.4801,6559.08,5112.8,12987.395,76.97339
23439.541,397.21002,6297.27,75893.805,8085.5005,888.62006,1323.42,180.84,2006.4,21306.121,5113.4,173641.45,767.1609
37165.53,708.07,31150.371,262143.0,41528.07,5827.8403,8309.05,856.25,5720.8804,97860.84,5113.8,858943.0,2395.4695
9758.79,78.5,21.980001,806.98004,293.59,182.12001,171.25,-15.07,394.68002,1023.00006,5115.6,606.0784,5.439924
10133.76,111.47,-47.100002,136.59001,69.08,-42.390003,76.72,65.76,-7.92,341.88,5116.6,-1298.7395,-14.289215
3650.52,284.17,4582.83,55631.383,6843.6304,802.27,164.4,9.59,584.76,15702.721,5117.1,126367.34,3588.4507
49726.59,2706.6802,111600.31,262143.0,179987.95,31508.33,72873.04,6414.34,19018.56,262143.0,5117.3,3077276.5,6415.9067
48666.06,981.25006,46687.09,262143.0,67433.07,10274.08,24454.5,2013.9,7871.16,150832.45,5117.4,1287353.8,2741.9607
55635.63,1482.0801,66892.99,262143.0,96735.555,14462.841,29019.34,2415.31,7232.2803,207345.61,5118.2,1844513.1,3436.7683
19377.51,321.85,177.41,2510.4302,1039.3401,139.73001,1841.28,116.45,2803.6802,3034.6802,5119.3,4891.9185,25.177559
45749.82,686.09,22618.99,262143.0,32249.371,4832.46,10975.07,1086.41,5702.4004,75492.125,5119.4,623697.94,1412.6204
59645.46,1299.9601,63002.53,262143.0,84941.71,12263.2705,15283.72,1375.48,7146.4805,198143.89,5119.6,1737237.1,3019.1572
52289.61,1252.86,37554.402,262143.0,56625.19,9019.65,20310.25,1323.42,7626.9604,128548.2,5121.4,1035528.3,2052.4988
42510.81,920.02,31844.31,262143.0,44529.91,7247.12,14337.05,1348.08,5336.7603,101593.805,5121.8,878077.75,2140.8127
13509.36,171.13,120.89001,1464.81,841.52,100.48,980.92,34.25,1458.6001,2015.6401,5122.9,3333.4314,24.58613
44144.67,949.85004,12586.69,155744.0,22878.041,3713.05,17890.83,1565.91,10685.4,48486.242,5123.2,347066.47,814.2339
40938.72,714.35004,24931.602,262143.0,34050.16,5859.24,9705.08,783.64,3758.04,76131.0,5123.8,687466.1,1740.2654
21111.42,351.68002,135.02,2623.47,1094.29,296.73,1837.17,269.89,1675.0801,2721.84,5123.9,3723.0532,17.286463
51989.46,1026.78,37749.082,262143.0,49687.363,7807.6104,13939.75,1013.8,6832.3203,121037.41,5125.9,1040896.4,2075.0608
19106.07,364.24002,188.40001,2689.4102,865.07,178.98001,1878.27,186.32,1590.6001,2015.6401,5126.7,5194.958,27.19412
25890.33,348.54,14883.601,179881.19,19808.691,2651.73,4745.68,389.08,1985.28,46848.12,5127.2,410401.66,1642.6881
54154.89,1354.91,39077.3,262143.0,56738.23,8451.311,16692.08,1426.17,5603.4004,127022.28,5129.5,1077520.9,2062.174
47689.05,833.67004,23744.682,262143.0,34858.71,5407.08,12419.05,1011.06,5599.4404,79106.28,5130.3,654737.9,1422.6284
16132.41,164.85,350.11002,4758.67,2105.37,876.06006,135.63,78.090004,1334.52,5327.52,5131.1,9653.964,61.05179
13708.59,70.65,260.62,3526.2202,1596.6901,103.62,954.89,135.63,809.16003,2604.36,5131.7,7186.358,53.35806
23639.64,282.6,6179.52,76469.99,9165.66,1216.75,4311.39,345.24,2151.6,20663.281,5132.0,170394.61,746.4168
16599.6,227.65001,56.52,1248.15,547.93,244.92001,823.37,145.22,1288.3201,2016.9601,5132.5,1558.4873,8.735394
49222.86,1212.04,46371.523,262143.0,66123.695,9878.44,18537.47,1517.96,7179.4805,144447.61,5133.5,1278652.4,2692.6028
63383.85,1497.78,63541.043,262143.0,90612.555,13337.15,28798.77,2589.3,8762.16,201138.97,5134.2,1752086.1,2865.3203
72393.57,1494.64,75166.89,262143.0,103043.81,17172.66,29709.82,2705.75,13353.12,237629.05,5135.6,2072658.2,2967.7634
16623.09,135.02,167.99,2964.1602,1301.53,552.64,58.91,43.84,920.04004,3623.4001,5135.8,4632.171,27.894867
40913.49,624.86005,20397.441,249576.62,29029.3,5394.52,8963.91,672.67,3830.6401,67202.52,5136.5,562440.8,1424.4703
156074.52,3637.6902,130214.234,262143.0,195256.2,31867.861,69245.28,6586.96,23833.922,262143.0,5136.5,3590538.5,2384.4783
17671.44,271.61002,2102.23,26066.71,3262.4602,425.47,1339.86,100.01,2395.8,7517.4004,5136.6,57967.07,339.13968
73749.03,1502.49,58967.633,262143.0,83630.766,13933.75,24962.77,2150.9,9654.48,184945.2,5136.6,1625978.5,2285.1584
58116.0,951.42004,39832.473,262143.0,55876.3,8730.7705,19840.34,1598.79,6438.9604,127172.766,5137.7,1098344.0,1958.7043
25115.16,871.35004,11355.811,137023.33,22317.55,4592.25,17879.87,1528.92,3297.36,42999.0,5138.0,313126.1,1291.7996
36369.48,723.77,30918.012,262143.0,44324.242,6746.29,13656.16,1245.33,4981.68,99124.086,5138.0,852535.9,2429.6558
36062.37,562.06,18921.64,229761.66,24827.98,3378.6401,7074.68,682.26,3414.84,62315.883,5138.4,521746.94,1499.215
12953.43,39.25,210.38,3179.25,985.96,463.15002,387.71,84.94,538.56,2518.56,5138.5,5801.036,45.437485
2964.96,81.64,-1.57,252.77,-3.14,-18.84,6.85,-15.07,19.800001,-84.48,5138.6,-43.291317,-2.5140138
36298.14,739.47003,29602.352,262143.0,42119.96,6603.4204,12260.13,1186.42,4716.3604,95037.37,5138.9,816257.75,2330.7974
67584.21,1182.2101,35265.34,262143.0,51684.402,9721.44,28082.26,2449.56,14093.641,116826.6,5139.3,972409.5,1490.9417
5664.57,-3.14,72.22,100.48,23.550001,58.09,47.95,-39.73,108.240005,258.72,5142.1,1991.4005,35.45353
30631.83,469.43002,17747.281,216999.12,24919.041,3574.8901,7395.2603,548.0,2642.6401,59121.48,5144.0,489365.03,1655.5626
17498.31,287.31,98.91,1803.93,390.93002,73.79,1148.06,67.13,1358.28,1960.2001,5146.2,2727.3528,15.161924
10375.62,183.69,136.59001,1274.8401,557.35004,160.14,5.48,78.090004,323.40002,1388.64,5146.2,3766.3447,36.64037
28103.61,463.15002,25043.07,262143.0,34404.98,5697.5303,9391.35,721.99,3845.1602,79625.05,5146.6,690539.75,2546.8535
30533.52,428.61002,18011.041,217481.12,24143.46,4344.19,5915.66,516.49,2273.04,53955.004,5146.8,496637.97,1685.5956
55994.94,1257.5701,63749.85,262143.0,87610.71,13236.671,19608.81,1808.4,7440.8403,195684.73,5148.0,1757843.9,3254.2126
32694.6,887.05005,5695.96,69536.875,11109.32,2532.4102,1504.26,209.61,2410.32,24971.762,5148.7,157060.89,497.1268
46064.76,775.58,29384.121,262143.0,40152.75,7531.29,12221.7705,1024.76,4737.48,92677.2,5149.3,810240.25,1822.8657
65986.89,1133.54,42184.332,262143.0,56592.223,9501.641,14690.51,1174.09,6782.16,135841.2,5150.2,1163194.4,1826.8583
27525.06,571.48004,24292.611,262143.0,35466.3,6218.77,12061.48,1060.38,3974.5203,78798.73,5150.5,669846.56,2522.4514
5880.33,5342.71,25.12,2488.4502,5479.3003,4215.45,482.24,54.8,348.48,7007.8804,5151.1,692.6611,11.214254
52599.332,1530.75,75520.14,262143.0,110064.85,17383.041,37490.05,3283.89,12025.2,246519.25,5151.4,2082398.8,4104.174
53513.7,938.86005,33536.77,262143.0,46964.98,7200.02,17636.01,1522.07,6749.16,109237.92,5152.3,924745.75,1790.8649
12599.34,178.98001,270.04,3169.83,915.31006,390.93002,-61.65,61.65,710.16003,2646.6,5154.5,7446.1064,60.28149
51586.65,700.22003,29396.682,262143.0,38970.543,5279.91,12958.83,1396.03,4374.48,93820.32,5156.3,810586.6,1628.3336
19600.23,444.31003,423.90002,5871.8003,942.00006,328.13,120.56,-47.95,298.32,2979.2402,5157.2,11688.655,60.837402
27672.96,359.53,697.08,10911.5,3727.1802,835.24005,648.01,38.36,912.12006,6491.7603,5159.8,19221.344,71.02379
47696.88,1028.35,39262.562,262143.0,57841.94,9063.61,22578.97,1964.58,9045.96,131357.17,5160.0,1082629.2,2352.6272
4821.54,69.08,50.24,144.44,54.95,34.54,-63.02,-13.7,50.160004,274.56,5161.4,1385.3221,28.792906
29272.02,460.01,23014.63,262143.0,30669.951,4826.18,9110.5,789.12,3362.04,72837.6,5163.2,634607.4,2247.0208
32491.89,668.82,31032.621,262143.0,45019.75,7222.0,14409.66,1257.66,4259.64,98741.28,5163.4,855696.1,2729.8162
31803.72,540.08,24535.96,262143.0,34923.082,5903.2,9454.37,775.42,3590.4001,76843.805,5163.4,676556.7,2204.8406
21513.36,331.27002,9435.7,116734.21,13781.461,2136.77,4304.54,478.13,3326.4001,31326.242,5166.2,260180.8,1253.0502
18951.21,285.74002,149.15001,3158.84,810.12006,109.9,1217.93,152.07,1870.4401,2197.8,5166.2,4112.6753,21.502737
23603.1,618.58,16797.43,204035.64,24677.262,4031.7603,8947.47,594.58,3425.4001,56133.004,5166.2,463173.75,2033.8048
21026.16,405.06003,689.23004,7802.9004,1598.26,304.58002,80.83,-12.33,431.64,4330.9204,5166.3,19004.889,92.724525
62110.17,1367.4701,49977.812,262143.0,71662.66,10139.061,25751.89,2216.66,7539.8403,161878.2,5166.9,1378092.5,2299.7188
68027.914,1216.75,66244.586,262143.0,94711.82,16809.99,25725.86,2246.8,11181.721,213969.38,5166.9,1826633.9,2783.2756
23940.66,394.07,14894.591,184366.67,23956.63,4320.64,9076.25,756.24,2324.52,49865.64,5167.0,410704.72,1777.8588
26892.57,406.63,14707.761,179058.5,17653.08,2891.9402,2771.51,253.45,2820.84,46779.48,5167.6,405553.06,1562.7354
176931.9,5031.85,162849.83,262143.0,235206.42,36131.98,73815.6,6381.46,31812.002,262143.0,5167.8,4490435.0,2630.6624
63239.43,1080.16,45150.062,262143.0,64567.82,9463.96,21277.47,1930.33,7154.4004,144400.08,5168.9,1244971.6,2040.359
52237.41,2282.78,92102.484,262143.0,135264.92,20734.99,45244.25,4430.58,12019.921,262143.0,5170.5,2539641.8,5040.2554
26140.89,628.0,27318.0,262143.0,36405.16,5268.9204,8547.43,757.61,4447.08,86358.37,5172.0,753268.9,2986.9788
37625.76,1102.14,43237.8,262143.0,57981.67,8467.011,15496.07,1430.28,4808.7603,131841.61,5172.4,1192242.8,3284.6953
53086.53,1904.41,33690.633,262143.0,47906.98,5391.3804,9990.04,815.15,7436.8804,116537.52,5172.6,928988.4,1813.5703
62823.57,2095.95,75821.586,262143.0,107678.45,15200.74,30867.47,2564.64,8911.32,244691.05,5172.9,2090710.9,3449.7957
31049.43,483.56003,15310.641,187037.25,21107.08,2943.75,5841.68,364.42,3120.4802,48743.64,5173.0,422176.9,1408.9014
31674.09,824.25,29919.49,262143.0,42465.363,7760.5103,13975.37,1243.96,4729.56,92328.73,5173.8,825002.56,2699.841
14363.7,122.46001,271.61002,3570.1802,1014.22003,259.05002,27.4,-38.36,839.52,3912.4802,5173.9,7489.398,53.066525
35376.81,643.7,398.78,5422.7803,1984.4801,795.99005,324.69,63.02,946.44006,5533.4404,5175.8,10995.994,31.230255
32193.48,423.90002,15857.001,191480.34,23036.611,4257.8403,6554.08,558.96,3273.6,51717.6,5176.2,437242.28,1407.3225
26098.26,439.6,26080.842,262143.0,36496.223,6334.95,7067.83,675.41,2940.9602,81282.96,5176.5,719155.4,2856.3213
51414.39,525.95,31833.32,262143.0,46720.062,6551.6104,13728.7705,1241.22,5727.4805,104245.69,5176.7,877774.7,1769.2974
8024.88,229.22,518.10004,6862.47,2325.1702,524.38,142.48,64.39,951.72003,5847.6,5176.9,14286.135,183.59677
36853.2,912.17004,41050.793,262143.0,59358.562,10060.561,15955.0205,1202.86,5760.4805,127665.125,5177.1,1131938.1,3183.897
24845.46,365.81,698.65,9387.03,4388.1504,1697.17,295.92,19.18,1157.64,7438.2,5177.4,19264.635,79.40103
71264.31,1570.0,46445.312,262143.0,64464.203,10837.71,25543.65,2449.56,10567.921,153848.64,5178.7,1280687.0,1862.4546
75918.81,2353.4302,99227.14,262143.0,140521.28,20691.031,47400.63,3871.62,14274.48,262143.0,5178.8,2736097.8,3736.0603
39062.13,632.71,21573.371,262143.0,30567.9,4865.43,6791.09,452.1,3595.6802,68905.32,5179.4,594866.0,1578.1053
39792.06,649.98004,20128.97,249047.53,28669.771,4474.5,5999.23,467.17,3651.12,68463.125,5181.0,555037.94,1445.3524
13301.43,229.22,869.78,12029.341,4124.39,1177.5,4410.03,453.47,1438.8,7333.9204,5181.2,23983.389,185.9649
86109.99,1709.7301,59995.98,262143.0,85305.95,13224.11,31159.28,2496.14,12726.12,193616.28,5181.6,1654334.2,1991.1296
19908.21,265.33002,124.03001,3604.7202,2328.31,730.05005,501.42,149.33,1376.76,5945.2803,5181.9,3420.014,16.813265
18885.09,315.57,769.30005,11544.21,4581.2603,2034.7201,4614.16,426.07,2712.6,9358.801,5182.4,21212.746,115.47313
35108.85,774.01,34503.89,262143.0,47695.03,8423.05,16472.88,1386.4401,5177.04,106089.73,5182.6,951413.25,2808.9622
63958.92,1489.93,48566.383,262143.0,67519.42,10453.061,22583.08,2039.93,11670.12,155765.28,5182.8,1339173.6,2170.119
41492.04,1607.68,58157.51,262143.0,85141.1,11972.82,25155.94,2296.12,11179.08,187356.84,5183.9,1603640.1,4006.652
52089.51,946.71,39422.703,262143.0,54307.87,8733.91,18377.18,1511.11,8401.801,127807.69,5184.7,1087045.0,2162.9395
39872.97,626.43,35486.71,262143.0,49461.28,7094.83,15068.63,1315.2,5290.56,112903.56,5184.9,978513.56,2543.6975
34444.17,535.37,15624.641,190155.27,22217.07,3479.12,6430.78,513.75,3251.1602,49679.523,5185.9,430835.2,1296.0099
23041.95,808.55005,30635.41,262143.0,48648.023,8696.23,23429.74,2034.45,7801.2,107556.24,5186.2,844743.44,3800.4868
73539.36,2069.26,95740.17,262143.0,130115.33,18891.81,30637.31,2611.22,9559.44,262143.0,5186.3,2639947.8,3721.4028
13538.94,75.36,273.18002,3964.2502,1741.13,585.61005,498.68,69.87,698.28,3273.6,5186.9,7532.6895,56.691692
57614.88,1051.9,36579.43,262143.0,52461.55,8308.44,17426.4,1509.74,7506.8403,121986.484,5188.8,1008644.3,1814.312
68973.6,1232.4501,41452.71,262143.0,55094.44,8331.99,15519.36,1519.33,7223.0405,132686.4,5189.1,1143020.6,1717.3793
11109.9,445.88,12961.921,157871.36,25050.92,4801.06,11888.86,1101.48,4510.44,48605.043,5189.1,357413.12,3334.8633
12547.14,98.91,94.200005,1015.79004,638.99005,321.85,-53.43,64.39,502.92,1760.8801,5189.9,2597.479,20.4662
60221.4,1221.4601,42393.14,262143.0,57626.85,10115.511,17867.541,1690.58,7724.64,134917.2,5189.9,1168952.1,2011.7682
37062.87,558.92004,21290.771,256946.2,27310.15,4356.75,6454.07,621.98,3952.08,67890.24,5191.2,587073.56,1641.4847
67701.664,1243.4401,56345.73,262143.0,76868.77,11217.65,19847.19,1713.87,7546.4404,174983.17,5193.1,1553682.0,2378.6367
29394.69,445.88,18442.791,224117.5,23699.15,4322.21,7488.42,626.09,4188.3604,59211.242,5193.1,508543.1,1792.9352
16316.85,276.32,70.65,1615.53,824.25,127.170006,123.3,50.69,402.6,2150.28,5194.2,1948.1091,11.380119
53919.12,1150.81,44109.152,262143.0,60597.293,9077.74,18771.74,1845.39,4994.8804,139227.0,5194.2,1216269.5,2338.0251
50078.07,926.30005,36365.91,262143.0,55599.98,8096.49,20022.55,1694.6901,7142.5205,120999.125,5195.5,1002756.7,2075.3276
11031.6,102.05,39.25,676.67004,425.47,51.81,71.24,-78.090004,176.88,1100.88,5195.9,1082.2828,9.173026
60411.06,1585.7001,45515.87,262143.0,61567.55,11103.04,17479.83,1637.15,8055.9604,147051.97,5197.1,1255058.5,2153.2466
41536.41,1612.39,47825.34,262143.0,63377.76,8839.101,14590.5,1316.57,7129.3203,152198.64,5198.0,1318740.0,3291.1384
11721.51,69.08,288.88,3355.09,996.95,544.79004,376.75,163.03,459.36002,2823.4802,5198.8,7965.602,69.46654
13563.3,67.51,357.96002,4257.8403,1077.02,477.28003,5.48,16.44,336.6,2889.4802,5198.8,9870.42,74.460236
10872.39,53.38,4.71,43.960003,-18.84,-17.27,97.27,98.64,348.48,84.48,5199.8,129.87395,0.23863947
19110.42,304.58002,183.69,2775.76,588.75,117.75001,1343.97,246.6,1587.9601,2241.36,5201.2,5065.084,26.48301
30763.2,544.79004,27862.791,262143.0,38044.242,6203.0703,10364.05,927.49,3730.32,89187.125,5202.3,768291.0,2588.6562
36425.16,759.88,1398.87,20672.191,7457.5005,1444.4,7519.93,837.07,2822.1602,15164.16,5202.5,38572.56,108.805695
48561.66,894.9,42102.69,262143.0,56502.73,7881.4004,14130.18,1420.6901,4903.8003,136507.81,5206.1,1160943.2,2477.936
13407.57,94.200005,618.58,8330.42,2267.08,320.28,1620.71,127.41,945.12006,4812.72,5206.4,17056.777,130.91518
20933.07,466.29,747.32,10828.29,4491.77,1092.7201,5744.41,380.86002,19406.64,18432.48,5207.1,20606.666,101.075775
71409.6,1185.3501,44456.12,262143.0,60311.55,10168.891,12984.86,1275.47,8820.24,141662.4,5208.7,1225836.9,1779.0161
20190.09,314.0,221.37001,3058.36,846.23004,251.20001,1580.98,239.75,2640.0,2917.2002,5208.9,6104.0757,30.349422
42067.11,1172.79,47693.46,262143.0,68375.07,11156.42,22736.52,1938.55,7537.2,153659.89,5209.7,1315103.5,3240.6426
13731.21,246.49,5140.18,62476.582,6305.12,1051.9,1452.2,264.41,1239.4801,17853.0,5210.1,141735.77,1069.332
53962.62,968.69,38237.35,262143.0,55202.773,9460.82,16042.7,1259.03,6324.12,121247.28,5210.4,1054360.0,2025.0201
45735.03,1833.76,81815.84,262143.0,120948.09,20265.56,39812.2,3434.59,11010.12,259600.45,5210.6,2255997.0,5113.9033
25904.25,463.15002,549.5,7644.33,2879.3801,1089.5801,320.58,84.94,1139.16,6553.8003,5212.7,15151.96,59.652077
48549.48,715.92004,26952.191,262143.0,37636.043,5593.91,9766.73,852.14,3480.84,86405.88,5212.7,743182.0,1586.298
33743.82,631.14,16293.461,199488.92,22834.08,3680.08,8735.12,734.32,4003.56,54311.402,5213.4,449277.28,1379.6007
34847.85,620.15,24430.771,262143.0,33370.35,4991.0303,11151.8,1072.71,4704.48,77866.805,5213.5,673656.2,2003.5189
28020.96,860.36005,27052.672,262143.0,40645.73,5344.2803,15956.39,1517.96,6188.16,91361.164,5214.8,745952.7,2759.4263
54843.06,747.32,33772.27,262143.0,48979.293,7537.5703,15828.98,1102.85,5250.9604,107792.52,5215.4,931239.44,1759.7089
55647.81,1227.74,48768.91,262143.0,67583.79,11500.25,21302.13,1598.79,7740.4805,157334.77,5216.1,1344758.1,2504.7861
54218.4,1298.39,2645.4502,34105.11,6820.08,1646.93,5022.42,576.77,5045.04,16180.561,5216.4,72945.87,138.50888
19068.66,654.69,27091.922,262143.0,38821.39,5983.27,12320.41,1163.13,3882.12,86283.125,5217.1,747034.94,4061.2686
41255.4,1006.37006,41405.613,262143.0,55370.76,8338.2705,15023.42,1349.45,6931.3203,129402.24,5218.3,1141721.9,2868.64
35395.95,580.9,1201.05,14944.83,2323.6,18.84,942.56,132.89,2332.4402,6052.2,5221.8,33117.855,96.018936
12061.68,20.41,243.35,3154.1301,946.71,525.95,26.03,45.21,447.48,2306.04,5222.5,6710.154,56.686283
75009.664,1483.65,52569.883,262143.0,71723.88,12457.95,20232.16,1672.77,8939.04,165089.77,5223.1,1449566.4,2002.8665
3000.6301,29.830002,-4.71,20.41,-29.830002,1.57,28.77,-23.29,-19.800001,-186.12001,5223.8,-129.87395,-5.4880476
73781.22,1894.9901,84458.16,262143.0,119544.516,19400.49,37453.06,3481.17,13792.681,262143.0,5224.3,2328856.5,3271.9907
30710.13,390.93002,17291.98,211714.5,24170.15,3143.1401,8820.06,801.45,4563.24,57904.44,5224.5,476810.53,1608.9487
71688.0,1891.8501,54676.82,262143.0,73107.055,10988.431,18360.74,1576.87,10002.96,177244.33,5224.6,1507663.2,2179.7493
75007.05,1447.54,44534.62,262143.0,63278.85,10603.78,23895.541,2072.81,10142.881,144085.92,5227.0,1228001.5,1696.6365
32792.91,921.59,1287.4,17237.031,3165.12,752.03,409.63,-1.37,1057.3201,7681.08,5227.7,35498.88,111.24902
52312.23,1667.3401,69857.15,262143.0,101563.305,15734.54,31437.39,2742.74,14329.921,230808.61,5229.6,1926247.0,3817.1821
52987.35,1953.0801,74323.805,262143.0,111154.44,18857.271,32745.74,2993.45,12343.32,250991.4,5230.2,2049410.9,4009.5571
27110.94,1003.23004,1182.2101,13563.23,2752.2102,246.49,258.93,-41.1,1104.8401,6461.4004,5232.0,32598.361,123.68066
9394.26,47.100002,78.5,1216.75,449.02002,72.22,158.92,32.88,450.12003,1404.4801,5232.6,2164.5657,22.892197
53324.04,1205.76,47335.5,262143.0,68153.7,12640.07,23647.57,2112.54,7392.0005,149066.28,5232.9,1305233.1,2537.1245
53395.38,1703.4501,74834.055,262143.0,103720.484,18993.861,26839.67,2472.85,10113.841,232605.12,5233.0,2063480.6,4006.233
62482.53,3303.28,79784.266,262143.0,121437.94,19072.361,51454.46,4386.74,16119.841,262143.0,5233.3,2199978.2,3649.9646
13230.09,186.83,152.29001,1770.9601,623.29004,375.23,793.23,97.27,1388.64,1857.2401,5233.7,4199.258,31.912254
57834.12,1067.6,35276.332,262143.0,51499.14,8375.95,15559.09,1349.45,7434.24,114565.445,5233.7,972712.56,1743.0071
12192.18,343.83002,970.26,11925.721,1681.4701,367.38,95.9,49.32,542.52,5216.64,5234.0,26754.031,226.53896
28705.65,359.53,16296.601,201671.22,22733.602,3717.76,7696.66,816.52,2717.8801,50595.6,5234.2,449363.84,1622.2246
26755.98,1039.3401,17937.25,225602.73,36441.27,5710.0903,21454.2,1712.5,10092.721,75972.6,5236.3,494603.25,1915.8317
25620.63,989.10004,6083.75,71610.84,8482.71,1500.92,624.72003,-27.4,1103.52,21138.48,5237.9,167753.84,677.93866
61800.45,2072.4001,80110.82,262143.0,118227.28,20567.0,48356.89,4125.07,17054.4,262143.0,5238.1,2208982.5,3705.368
11898.99,183.69,403.49002,4633.0703,2245.1,312.43002,3594.8801,353.46,976.80005,4094.6401,5238.3,11125.868,95.95533
91442.22,3529.36,118582.1,262143.0,172927.66,27245.781,56834.45,4818.29,19138.682,262143.0,5238.7,3269793.0,3706.8433
10085.91,149.15001,53.38,932.58,442.74002,111.47,885.02,138.37,823.68005,1063.92,5239.0,1471.9047,14.132563
8940.99,835.24005,273.18002,5702.24,7443.37,3119.59,208.24,60.28,183.48001,20408.521,5240.1,7532.6895,86.35994
14033.97,182.12001,84.78001,1678.3301,303.01,103.62,1080.93,-1.37,782.76,1178.76,5240.2,2337.7312,16.272768
23494.35,277.89,138.16,3163.55,962.41003,177.41,2076.92,205.5,2995.08,3401.6401,5241.8,3809.6357,15.813879
45815.94,2155.61,88006.35,262143.0,134013.64,23986.46,46519.72,4130.55,15623.5205,262143.0,5242.3,2426694.8,5491.201
76748.79,4174.6304,125816.664,262143.0,172039.03,27181.41,50853.03,4559.36,18148.682,262143.0,5243.3,3469279.5,4686.223
19467.12,226.08,7893.9604,98421.734,10145.341,1943.66,3652.42,328.8,2100.12,25279.32,5244.3,217668.73,1158.424
16215.93,144.44,353.25,4837.17,1362.76,387.79,116.45,75.35,645.48004,4070.8801,5251.1,9740.546,61.28584
18275.22,419.19,266.9,3523.08,1135.11,438.03003,483.61002,15.07,571.56,3121.8,5252.0,7359.523,40.75754
19937.791,525.95,640.56,8110.62,1937.38,425.47,289.07,64.39,619.08,4555.3203,5252.2,17662.855,90.86112
4524.87,7.8500004,-31.400002,-6.28,45.530003,-43.960003,135.63,0.0,29.04,278.52002,5253.5,-865.8263,-20.84141
31506.18,580.9,26949.05,262143.0,36540.18,7105.8203,11651.85,982.29,4852.3203,85863.37,5254.0,743095.44,2444.6638
33807.332,513.39,20370.75,247526.2,26335.182,4012.9202,5375.88,479.5,3354.12,62826.723,5254.9,561704.8,1721.8407
35356.8,524.38,20502.63,251112.1,29448.49,5281.48,8302.2,575.4,3032.04,64545.363,5255.5,565341.3,1657.0043
56478.66,1822.77,56731.953,262143.0,91449.36,14819.23,40917.79,3477.06,13853.4,196518.97,5255.9,1564331.8,2871.0522
51700.62,1962.5001,76253.336,262143.0,105070.68,14679.501,26612.25,2386.54,10013.5205,239395.2,5257.4,2102616.0,4216.0825
15673.92,205.67001,87.920006,1538.6001,389.36002,262.19,1374.11,105.49,1127.28,1875.7201,5257.5,2424.3137,15.038326
6755.55,32.97,-47.100002,65.94,-23.550001,40.82,-45.21,-30.14,122.76,-64.68,5257.7,-1298.7395,-20.934679
20393.67,290.45,188.40001,2361.28,923.16003,136.59001,1638.52,149.33,1490.28,2717.8801,5257.9,5194.958,25.414022
19308.78,243.35,243.35,3114.8801,1537.03,491.41,72.61,5.48,888.36005,4152.72,5260.7,6710.154,35.035084
74926.14,2918.6301,93457.39,262143.0,124618.76,22022.39,24888.791,2226.25,11061.601,262143.0,5261.8,2577002.0,3565.3936
28136.67,775.58,33035.94,262143.0,47866.16,8299.0205,18527.88,1687.84,4695.24,106724.64,5261.8,910935.9,3356.0898
19025.16,227.65001,200.96,2928.05,1045.62,138.16,57.54,15.07,398.64,3296.04,5262.2,5541.2886,29.201626
43834.082,678.24005,12767.24,161297.1,22027.102,4799.49,7830.92,863.1,4344.12,47626.92,5262.8,352044.97,831.78735
68476.83,1208.9,48318.32,262143.0,66429.84,10961.74,15716.64,1702.91,6617.16,152185.45,5264.3,1332333.5,2016.5168
54334.11,1256.0,51059.543,262143.0,68671.805,11401.341,17563.4,1457.68,6374.2803,158388.12,5264.4,1407920.2,2685.9116
13697.28,136.59001,64.37,1419.28,401.92,194.68001,1009.69,110.97,920.04004,1821.6001,5266.0,1774.944,12.436872
13954.8,243.35,737.9,8427.761,967.12006,59.660004,80.83,41.1,355.08002,3145.56,5266.7,20346.918,150.18994
19583.7,376.80002,139.73001,2543.4001,1004.80005,92.630005,274.0,75.35,512.16003,2183.28,5266.8,3852.9272,19.400648
4942.47,340.69,4038.04,49291.723,5984.8403,772.44,-13.7,28.77,690.36005,15206.4,5267.1,111345.26,2335.0146
85658.46,1772.53,40804.3,262143.0,59490.44,10234.83,20121.19,2022.12,15524.5205,141147.61,5268.9,1125141.2,1361.0237
47068.742,973.4,30001.13,262143.0,43812.42,6108.87,11469.64,1074.08,5092.56,98107.69,5269.0,827253.75,1821.4434
35809.2,602.88,19230.93,234969.34,26160.91,4884.27,8609.08,732.95,3880.8,61494.844,5270.1,530275.3,1534.5172
13115.25,32.97,295.16,4069.4402,1197.91,416.05002,238.38,4.11,699.60004,3138.9602,5270.2,8138.767,63.347244
40230.54,645.27,20582.701,252085.48,28567.72,5129.19,10320.21,764.46,4742.7603,69397.68,5270.4,567549.2,1461.8357
61417.65,1081.73,44825.07,262143.0,61792.062,11181.54,19740.33,1876.9,6840.24,140257.92,5270.6,1236010.2,2085.7805
13473.69,109.9,249.63,3061.5,668.82,246.49,172.62,56.170002,456.72003,2599.08,5270.7,6883.319,51.973568
42334.2,772.44,28007.23,262143.0,42276.96,7386.85,18851.2,1560.43,5545.3203,93089.05,5271.1,772273.75,1890.5934
38395.71,693.94,42119.96,262143.0,57328.55,7741.6704,4342.9,402.78,4804.8003,128931.01,5271.1,1161419.4,3135.5645
36314.67,626.43,15732.971,194037.88,24708.66,3659.6702,11225.78,964.48,5480.64,54624.242,5271.5,433822.28,1237.7327
34460.7,703.36005,3243.62,38199.67,5030.2803,865.07,572.66,78.090004,938.52,12464.761,5271.7,89439.86,268.12555
13415.4,108.33,296.73,2821.29,607.59,122.46001,171.25,-45.21,405.24002,2554.2002,5272.3,8182.0586,62.242176
63349.92,2816.58,96065.164,262143.0,137309.06,22620.56,53329.99,4482.64,15363.48,262143.0,5273.7,2648909.0,4334.796
40105.26,744.18005,29332.31,262143.0,40760.34,6119.8604,12066.96,963.11,4473.48,93648.73,5273.8,808811.6,2090.192
17792.37,285.74002,114.61,1835.3301,813.26,116.18,1448.09,80.83,1817.64,3123.12,5274.1,3160.2659,17.417799
39124.77,502.40002,11431.17,140469.47,15508.461,3058.36,5469.04,342.5,4490.64,38174.402,5274.4,315204.06,834.3873
14603.82,215.09001,144.44,1213.61,524.38,-25.12,1030.24,43.84,1590.6001,1994.52,5275.6,3982.801,27.279388
37664.91,676.67004,41320.832,262143.0,56055.28,9231.601,14679.55,1252.18,4898.52,132550.44,5276.3,1139384.1,3135.7588
59461.89,808.55005,32905.633,262143.0,45920.93,7713.41,12019.01,1054.9,5854.2,108473.64,5276.3,907342.75,1581.2698
58541.43,1205.76,39545.16,262143.0,57471.42,8322.57,15539.91,1583.72,7446.12,128747.52,5276.5,1090421.6,1930.4303
15091.89,222.94,54.95,1532.3201,609.16003,92.630005,1335.75,149.33,1161.6001,1320.0,5278.9,1515.196,9.410536
60290.13,1219.89,45184.6,262143.0,63657.223,10011.891,19380.02,1494.67,7201.9204,143618.64,5280.5,1245924.0,2141.8572
9614.37,144.44,47.100002,1149.24,483.56003,135.02,657.6,-34.25,723.36005,1015.08,5280.6,1298.7395,13.007127
47633.37,2512.0,75350.586,262143.0,107951.63,18665.73,34696.62,2930.43,8556.24,238798.56,5281.4,2077723.5,4521.976
66020.82,1538.6001,50208.6,262143.0,71496.234,10479.75,15334.41,1302.87,6222.4805,156818.64,5281.8,1384456.2,2173.4338
30908.49,503.97003,22385.06,262143.0,29608.63,4540.44,7909.0103,700.07,2897.4001,71310.36,5282.1,617247.56,2069.7585
58569.27,1549.5901,57642.55,262143.0,88474.21,13775.181,35865.23,3412.67,10682.761,190328.17,5283.5,1589440.6,2812.9888
15884.46,270.04,61.230003,1299.9601,893.33,331.27002,86.31,-13.7,434.28003,1544.4,5284.5,1688.3613,10.021503
14231.46,185.26001,4965.91,61204.883,6876.6,1262.28,531.56,56.170002,1438.8,16650.48,5285.2,136930.44,996.6964
26786.43,588.75,29790.752,262143.0,42000.64,7440.2305,12753.33,993.25,3810.84,95969.28,5285.3,821452.75,3178.9158
20019.57,348.54,12363.75,151282.06,18320.33,3347.24,4836.1,435.66,2486.8801,43763.28,5286.8,340919.1,1764.8119
43427.79,1131.9701,30076.49,262143.0,44591.14,6815.37,19321.11,1711.13,6221.16,100232.88,5287.1,829331.7,1979.1971
70373.43,1441.26,56257.812,262143.0,76254.91,12487.78,22521.43,1853.61,8387.28,178695.0,5289.4,1551257.8,2284.7205
94041.78,2369.1301,104755.12,262143.0,144907.86,22648.82,36718.74,3137.3,15125.881,262143.0,5289.6,2888526.5,3183.9556
13494.57,193.11,692.37,9024.36,2285.9202,1003.23004,69.87,64.39,765.60004,5776.3203,5289.9,19091.469,145.69934
48078.81,956.13,36855.75,262143.0,51890.07,8631.86,16733.18,1556.32,5141.4004,116273.52,5290.4,1016263.56,2190.798
15924.48,105.19,433.32,5576.64,1436.55,681.38,63.02,42.47,549.12,4379.7603,5290.4,11948.402,76.8023
20435.43,318.71002,6502.9404,81475.16,9445.12,1020.50006,3666.12,297.29,2599.08,21950.281,5290.9,179312.64,908.86096
33024.332,679.81,31990.32,262143.0,45237.98,6151.2603,15474.15,1183.68,5559.8403,100227.6,5291.4,882103.8,2768.705
53292.72,869.78,37636.043,262143.0,52643.67,8338.2705,16257.79,1348.08,6399.3604,117040.445,5292.3,1037779.44,2018.2267
10736.67,56.52,65.94,711.21,689.23004,262.19,1486.45,71.24,234.96,1079.76,5293.0,1818.2352,16.560154
53757.3,1541.7401,50009.21,262143.0,69456.805,10630.471,21321.31,2149.53,9540.96,165228.36,5295.7,1378958.2,2658.877
10563.54,39.25,21.980001,1301.53,579.33,136.59001,752.13,34.25,913.44006,1180.0801,5295.8,606.0784,4.9493184
12534.09,219.8,240.21,3041.09,547.93,180.55,1193.27,221.94,1023.00006,1378.0801,5297.7,6623.5713,53.795803
7721.25,103.62,-6.28,36.11,40.82,-45.530003,-4.11,21.92,-11.88,59.4,5298.2,-173.16527,-3.3255253
35014.89,938.86005,1372.18,17419.15,5821.56,1502.49,679.52,195.91,1483.68,10112.5205,5298.4,37836.61,111.04882
27471.99,480.42,16640.43,204826.92,22835.65,3111.74,7258.2603,554.85,4614.72,56468.28,5300.9,458844.62,1730.9023
99135.63,3008.12,141011.12,262143.0,195488.56,32938.6,59226.47,5364.92,25849.56,262143.0,5300.9,3888252.8,4065.985
28894.44,737.9,35361.11,262143.0,48600.92,8331.99,14894.64,1527.55,4511.7603,112399.33,5301.3,975050.25,3498.134
3434.76,152.29001,17.27,821.11005,1003.23004,298.30002,189.06,84.94,376.2,1429.56,5302.1,476.20447,13.376227
16436.91,122.46001,102.05,2188.58,1045.62,540.08,146.59,58.91,608.52,3065.04,5303.3,2813.9355,16.751778
6017.79,180.55,5898.49,73454.02,12516.04,2215.27,7877.5,750.76,2958.12,23307.24,5303.9,162645.47,2801.5464
152212.6,6110.4404,225624.7,262143.0,262143.0,51133.332,103789.83,9158.45,53384.76,262143.0,5304.9,6221395.0,4237.2354
65082.96,1488.3601,48009.03,262143.0,70144.46,10030.73,15383.73,1411.1,7692.9604,153671.77,5306.0,1323805.1,2108.1362
15274.59,122.46001,345.40002,4267.2603,1694.03,547.93,61.65,-23.29,1057.3201,4109.16,5306.6,9524.09,63.654953
8559.06,167.99,65.94,957.7,301.44,59.660004,480.87,84.94,719.4,1005.84,5306.9,1818.2352,21.02784
47695.14,915.31006,30172.262,262143.0,41014.68,6827.93,10401.04,949.41,3756.7202,97602.125,5307.7,831972.5,1807.7673
17999.43,301.44,130.31,1926.39,612.30005,153.86,1364.52,52.06,1667.16,2588.52,5308.1,3593.179,19.699888
8670.42,2744.36,64.37,2428.79,4323.7803,2998.7002,430.18,94.53,607.2,16785.121,5308.6,1774.944,20.227184
7656.87,268.47,124.03001,2959.4502,2273.36,692.37,648.01,194.54,650.76,3820.08,5308.9,3420.014,45.315296
62290.26,1905.9801,51811.57,262143.0,72471.2,13552.24,23335.21,2130.35,10212.841,164189.53,5309.3,1428656.6,2377.2395
25661.52,307.72,11164.2705,138224.38,15059.44,3124.3,4046.98,245.23,2552.8801,36742.203,5309.4,307844.53,1242.9329
35368.11,579.33,22472.98,262143.0,30541.21,5234.3804,8617.3,682.26,3285.4802,70890.6,5309.9,619671.9,1815.7611
13358.85,108.33,251.20001,3141.57,673.53,384.65002,86.31,6.85,653.4,2756.1602,5310.5,6926.6104,52.764988
54302.79,2051.99,84827.1,262143.0,119070.375,18899.66,32916.99,2844.12,12217.921,262143.0,5310.8,2339029.8,4465.44
19082.58,230.79001,7189.0303,88533.875,10154.761,1012.65,3259.23,293.18,2976.6,24347.4,5311.6,198230.94,1076.165
23083.71,439.6,11597.591,140992.28,15516.311,1992.3301,6210.21,443.88,2641.32,37601.523,5312.6,319792.97,1435.5183
49648.29,742.61005,23702.291,262143.0,32387.531,5958.1504,10721.62,887.76,6986.7603,78287.88,5313.7,653569.0,1364.0076
20827.8,270.04,240.21,3179.25,1070.74,113.04,2137.2,183.58,1818.9601,2647.9202,5313.8,6623.5713,31.975903
11213.43,136.59001,624.86005,7964.6104,2004.89,529.09,1032.98,90.42,1069.2001,5575.68,5315.0,17229.943,158.32843
15084.93,362.67,16343.7,198507.67,21596.92,3213.79,6286.93,511.01,2480.28,53069.28,5315.5,450662.6,3096.8193
55826.16,1033.06,36442.84,262143.0,55235.742,11002.561,25205.26,2313.93,5734.08,120057.96,5315.8,1004878.0,1865.4806
38169.51,684.52,29136.06,262143.0,39878.0,5626.8804,11192.9,927.49,5030.52,94859.164,5316.1,803400.2,2181.545
22091.91,491.41,202.53001,2389.54,1232.4501,392.5,24.66,35.62,669.24005,2736.36,5317.8,5584.58,25.2123
11245.62,147.58,1808.64,21876.38,2555.9602,279.46002,345.24,19.18,1120.68,6545.8804,5318.3,49871.594,458.85162
19618.5,211.95001,182.12001,3053.6501,620.15,92.630005,1804.29,39.73,2376.0,2638.6802,5319.3,5021.7925,25.54244
24029.4,304.58002,350.11002,4612.66,1183.78,293.59,2146.79,124.67,2518.56,3628.6802,5319.3,9653.964,40.659172
15297.21,216.66,3.14,1365.9,563.63,185.26001,771.31,82.2,1486.3201,1675.0801,5320.4,86.582634,-0.41309685
13679.01,103.62,320.28,4719.42,1602.9701,370.52002,183.58,30.14,510.84003,3488.7603,5322.4,8831.428,65.94592
25454.46,318.71002,12085.86,147842.19,17113.0,2581.08,5029.27,516.49,2525.1602,39755.76,5323.2,333256.53,1356.5713
82807.47,1568.43,55943.812,262143.0,75374.13,11919.44,19149.86,1616.6,8273.761,177834.36,5323.5,1542599.5,1930.6638
50607.03,858.79004,34919.94,262143.0,49709.34,7496.7505,13483.54,1054.9,4858.9204,109886.05,5323.7,962885.44,1971.9298
45615.84,778.72003,38537.223,262143.0,55183.934,8204.82,17629.16,1664.55,6435.0005,125827.69,5324.2,1062628.6,2414.537
10027.62,43.960003,40.82,364.24002,307.72,-67.51,49.32,-10.96,232.32,1044.12,5324.8,1125.5741,10.639226
32996.49,521.24,28971.21,262143.0,38367.66,5270.49,8691.28,628.83,4548.72,94088.28,5325.4,798854.6,2509.429
14725.62,200.96,40.82,1574.7101,303.01,139.73001,1316.57,134.26,1207.8,1482.3601,5325.5,1125.5741,6.9258957
33643.77,1405.15,51450.473,262143.0,75750.93,11332.261,24014.73,2034.45,5764.4404,163837.1,5325.6,1418699.8,4371.539
42305.49,714.35004,1237.16,15444.091,3629.84,565.2,263.04,141.11,1106.16,7143.8403,5327.2,34113.555,82.61384
58290.0,1040.91,30123.592,262143.0,46197.25,7215.72,16681.12,1517.96,5693.16,99554.41,5327.8,830630.5,1476.6163
120474.99,4587.54,198207.8,262143.0,262143.0,44799.953,97483.72,8699.5,35034.12,262143.0,5329.3,5465398.5,4703.0596
51432.66,896.47003,38074.07,262143.0,56698.98,8151.4404,17860.69,1470.01,7104.24,124697.766,5329.4,1049857.6,2115.6025
41093.582,1370.61,49723.473,262143.0,67214.84,12035.62,20765.09,1786.48,7335.24,159537.84,5330.6,1371079.2,3458.684
14162.73,83.21,92.630005,1274.8401,409.77002,3.14,1042.57,190.43001,1287.0,1409.76,5331.5,2554.1877,17.700521
53172.66,1006.37006,23041.32,262143.0,32324.73,5595.48,8354.26,674.04,4183.08,77781.0,5332.7,635343.3,1237.9904
28615.17,502.40002,14709.33,181537.53,18923.21,2967.3,3019.48,100.01,4551.3604,49634.64,5332.8,405596.3,1468.7571
70679.67,1683.04,33345.23,262143.0,57049.094,10919.351,26150.56,2197.48,16667.64,137223.25,5332.9,919464.25,1347.9261
30813.66,540.08,24653.71,262143.0,36246.59,5096.22,11025.76,889.13,3395.04,77646.36,5333.0,679803.5,2286.6416
16749.24,288.88,623.29004,8013.2803,2491.59,1339.2101,335.65,64.39,817.08,6358.4404,5333.5,17186.652,105.40059
14696.91,312.43002,21.980001,1078.5901,580.9,-43.960003,-1.37,43.84,372.24002,1652.64,5334.8,606.0784,3.2761278
71775.0,2808.73,84522.52,262143.0,125072.484,20750.691,47388.3,4370.3,21909.361,262143.0,5335.4,2330631.2,3366.0398
34252.77,560.49,22166.83,262143.0,32051.55,4187.19,9596.85,964.48,4540.8003,73471.2,5336.8,611230.06,1849.3628
19099.98,248.06001,73.79,2047.28,626.43,211.95001,952.15,78.090004,1276.4401,3278.8801,5337.5,2034.6918,10.046218
35877.93,599.74,748.89,11492.4,8275.471,2311.04,12131.35,1108.33,2956.8,12380.28,5337.9,20649.957,58.68149
119801.61,2678.4202,111697.66,262143.0,157420.77,24917.47,45429.2,3683.93,15933.721,262143.0,5339.5,3079960.8,2664.8174
14438.5205,222.94,0.0,14.13,-51.81,-1.57,61.65,8.22,26.400002,-84.48,5339.8,0.0,-1.0
58808.52,1237.16,42798.203,262143.0,60768.42,10060.561,19034.78,1443.98,7188.72,136629.25,5340.5,1180121.2,2079.8188
15166.71,150.72,120.89001,2235.6802,623.29004,69.08,1375.48,100.01,1647.3601,2057.8801,5341.1,3333.4314,21.790194
59427.09,1232.4501,53168.05,262143.0,76592.45,12572.561,26545.12,2205.7,11070.841,176359.92,5341.1,1466060.4,2557.087
38440.082,844.66003,34566.69,262143.0,49579.03,8182.8403,15918.03,1363.15,6687.12,108222.84,5341.7,953144.9,2570.1208
9764.01,227.65001,171.13,2081.82,708.07,265.33002,72.61,-34.25,198.00002,1044.12,5342.1,4718.7534,49.112602
45627.15,970.26,32806.723,262143.0,48188.01,8222.09,15408.39,1471.38,5283.9604,105487.805,5342.3,904615.4,2054.8362
29854.05,508.68002,17734.72,214653.55,23689.73,4562.42,9040.63,775.42,2391.84,56501.28,5343.0,489018.7,1697.5176
72276.12,1318.8,47850.46,262143.0,67429.93,10297.63,20377.38,1934.4401,8445.36,153558.25,5343.0,1319432.8,1891.9551
30408.24,514.96,135.02,3155.7002,1518.1901,770.87006,412.37,61.65,1107.4801,4763.8804,5343.8,3723.0532,11.695676
12766.38,323.42,152.29001,2416.23,491.41,224.51001,19.18,-12.33,409.2,2601.7202,5345.3,4199.258,33.107716
42944.94,1290.54,32368.691,262143.0,58763.53,10057.42,27879.5,2382.43,11049.721,116219.41,5345.5,892537.06,2154.0737
43675.742,832.10004,32767.47,262143.0,45327.473,8036.83,16263.2705,1330.27,6978.8403,102364.69,5345.7,903533.0,2144.12
14018.311,357.96002,266.9,3661.2402,1047.1901,557.35004,26.03,-53.43,372.24002,2506.6802,5347.0,7359.523,53.437965
113786.43,5176.29,182302.12,262143.0,256803.34,41320.832,87047.06,7565.14,34902.12,262143.0,5347.1,5026814.5,4579.894
26231.371,378.37003,125.600006,3242.05,1634.37,157.0,2015.27,180.84,2391.84,4584.3604,5347.4,3463.3052,12.690448
18254.34,423.90002,558.92004,6375.77,1394.16,273.18002,50.69,-5.48,381.48,3006.9602,5347.7,15411.709,86.54524
9801.42,290.45,152.29001,1728.5701,351.68002,193.11,94.53,9.59,229.68001,1191.9601,5347.7,4199.258,43.425407
63961.53,1193.2001,47073.312,262143.0,66605.68,11556.7705,21943.291,1679.62,7246.8003,151809.25,5348.7,1298003.5,2103.2866
21481.17,326.56,10142.2,126466.64,14348.23,2347.1501,3899.02,461.69,2402.4001,33455.402,5349.1,279661.9,1348.9673
13497.18,164.85,-18.84,-86.350006,-95.770004,-1.57,-28.77,30.14,71.28001,142.56001,5349.9,-519.4958,-4.9910474
12447.96,119.32001,124.03001,1937.38,529.09,244.92001,332.91,68.5,679.80005,2254.56,5350.3,3420.014,27.489023
24647.1,285.74002,10997.851,134063.88,15489.62,2230.97,4312.7603,213.72,1991.8801,35886.84,5351.3,303255.66,1274.8246
53310.12,995.38,30908.592,262143.0,44236.32,7736.9604,17962.07,1671.4,7422.3604,100865.164,5352.0,852276.1,1656.7482
39787.71,927.87006,31210.031,262143.0,43983.55,6744.72,13773.98,1376.85,4053.7202,101090.88,5352.4,860588.06,2241.819
12131.28,87.920006,95.770004,1270.13,536.94,373.66,121.93,-21.92,442.2,2261.1602,5353.3,2640.7703,21.572094
39590.22,982.82,36522.91,262143.0,58165.363,10470.33,29682.42,2724.93,7370.8804,123420.01,5353.5,1007085.8,2636.7063
3635.73,197.82,4565.56,55009.66,6287.85,828.96,206.87,57.54,324.72,15115.32,5354.5,125891.14,3589.4712
4989.45,186.83,87.920006,2452.34,4025.4802,1502.49,50.69,72.61,137.28,9221.5205,5354.9,2424.3137,49.383
70823.22,1312.52,50575.98,262143.0,68728.32,10256.811,18742.97,1712.5,7162.3203,162129.0,5355.2,1394586.4,2040.8208
24506.16,331.27002,2585.79,33200.793,5768.18,1940.52,2603.0,179.47,5884.56,14591.28,5355.6,71300.8,300.69424
98394.39,4141.66,172882.12,262143.0,248036.45,41707.05,84674.22,8184.38,31686.602,262143.0,5356.1,4767066.5,5022.7583
9265.5,117.75001,47.100002,774.01,205.67001,114.61,527.45,52.06,823.68005,901.56006,5356.7,1298.7395,13.5345335
43109.37,821.11005,19246.63,235109.08,25217.342,4786.93,8347.41,839.81,4861.56,62173.324,5357.1,530708.25,1275.533
14008.74,252.77,91.060005,1700.31,847.80005,309.29,1117.92,182.21,1360.92,2294.1602,5358.9,2510.8962,17.585642
40838.67,1064.4601,38936.0,262143.0,63145.402,9939.67,29326.22,2619.44,9650.5205,132547.81,5358.9,1073624.6,2725.018
27799.11,452.16,238.64001,3656.53,1254.43,117.75001,2530.39,242.49,2302.08,2744.28,5359.0,6580.2803,23.544907
66517.59,1706.5901,78856.39,262143.0,111928.445,17560.451,34191.09,2755.07,11338.801,252163.56,5359.9,2174392.8,3388.607
28281.09,397.21002,14059.351,172926.08,18891.81,2898.2202,5003.24,574.03,3692.04,45365.76,5360.4,387673.72,1420.4058
41830.47,595.03,18880.82,233033.53,28358.91,4557.71,10553.11,853.51,6667.3203,63707.164,5360.5,520621.34,1289.5568
10904.58,259.05002,111.47,1786.66,602.88,288.88,157.55,-26.03,122.76,991.32007,5361.1,3073.6833,28.227932
39923.43,891.76,38730.332,262143.0,51805.293,8157.72,13486.28,1198.75,5004.12,124803.37,5362.3,1067953.5,2772.7822
52200.87,1240.3,51417.5,262143.0,72086.555,11203.5205,22976.27,1885.12,8276.4,165209.89,5362.9,1417790.5,2815.3213
12368.79,172.70001,32.97,1365.9,667.25,127.170006,579.51,78.090004,1539.1201,1937.7601,5363.9,909.1176,6.621505
12819.45,654.69,11230.21,139673.48,22242.191,3647.11,15230.29,1115.18,4125.0,43421.402,5364.1,309662.78,2503.7678
56496.93,1318.8,54899.76,262143.0,80900.53,13545.961,29479.66,2515.32,10088.761,178466.64,5364.6,1513810.8,2777.3992
63694.44,1808.64,74273.56,262143.0,102706.266,14932.2705,30861.99,2581.08,8920.561,229835.77,5364.8,2048025.5,3333.1235
47555.07,1485.2201,56936.05,262143.0,82662.07,13558.5205,29793.39,2686.57,10292.04,183039.12,5365.1,1569959.5,3422.257
97298.19,3081.9102,113306.91,262143.0,158920.11,25625.541,42069.96,3753.8,13007.28,262143.0,5365.3,3124334.2,3328.6658
68662.14,2676.85,99844.16,262143.0,142053.61,21237.39,46854.0,4078.49,14463.24,262143.0,5365.8,2753111.2,4156.711
11430.061,321.85,21.980001,1260.7101,373.66,97.340004,164.4,5.48,282.48,1173.4801,5366.7,606.0784,4.4982967
41984.46,752.03,22427.451,262143.0,32208.55,3976.81,10316.1,1054.9,4993.56,72086.52,5366.8,618416.44,1526.3562
54704.73,1414.5701,47886.57,262143.0,64924.21,11393.49,25724.49,1831.6901,8300.16,153809.05,5368.6,1320428.4,2501.8674
68044.44,1204.1901,55534.043,262143.0,77981.91,11230.21,17581.21,1564.54,10732.921,176147.4,5369.3,1531300.4,2332.5422
11785.89,59.660004,188.40001,1780.38,758.31,350.11002,6.85,63.02,525.36005,2596.4402,5369.7,5194.958,44.705402
4352.61,1095.86,83.21,916.88,1885.5701,747.32,41.1,24.66,80.520004,8210.4,5370.4,2294.4397,53.660652
22305.06,785.0,12216.17,157163.28,31081.291,6688.2,28379.55,2418.05,7215.12,54377.402,5371.8,336849.72,1564.96
34295.4,865.07,22348.951,262143.0,38425.75,7842.1504,15735.82,1546.73,5694.4805,79910.164,5373.2,616251.9,1862.2463
62690.46,1081.73,36221.473,262143.0,51685.973,8397.931,16616.73,1761.82,10224.721,120758.88,5373.5,998774.0,1651.0137
41567.73,963.98004,30828.521,262143.0,43430.91,7536.0005,15583.75,1379.59,6120.8403,100928.52,5373.7,850068.25,2119.5347
15976.68,237.07,103.62,2106.9402,507.11002,194.68001,880.91,84.94,1452.0,2251.9202,5373.9,2857.2268,17.544113
49075.832,781.86005,34150.64,262143.0,49822.383,8118.47,18340.19,1467.27,7194.0005,112808.52,5374.1,941672.7,1988.666
17666.22,199.39,737.9,8922.311,1679.9,312.43002,145.22,-8.22,456.72003,4008.84,5374.3,20346.918,118.42709
18241.291,507.11002,222.94,2827.57,687.66003,83.21,284.96,39.73,333.96002,1914.0001,5374.8,6147.3667,33.94471
17184.24,259.05002,133.45,1515.05,748.89,197.82,1119.29,138.37,880.44006,1763.52,5374.9,3679.7615,21.204306
34132.71,684.52,21976.861,262143.0,30030.96,5072.6704,10424.33,931.6,4072.2002,71804.04,5376.4,605991.9,1839.9581
64975.95,1171.2201,48352.863,262143.0,71902.86,10442.07,24053.09,2061.85,8877.0,153836.77,5376.7,1333286.0,2126.7402
48036.18,1026.78,34968.61,262143.0,45198.73,6548.47,10209.24,845.29,4279.44,111580.92,5379.3,964227.44,2080.416
26741.19,434.89,12563.141,153695.16,19020.55,2585.79,8252.88,531.56,4275.48,42547.562,5380.5,346417.12,1342.2799
19230.48,183.69,120.89001,1580.9901,1194.77,923.16003,60.28,16.44,691.68005,2904.0,5381.0,3333.4314,16.974188
62076.242,1099.0,48794.03,262143.0,68700.06,9084.0205,20788.38,1733.05,7698.24,155397.0,5381.1,1345450.8,2246.4512
77089.83,1891.8501,83274.375,262143.0,117268.016,17265.291,35846.05,3204.43,13119.48,262143.0,5381.6,2296214.8,3087.6116
21244.53,335.98,237.07,2804.02,902.75,216.66,1646.74,120.56,1518.0,2424.84,5381.9,6536.989,30.90645
40532.43,1402.01,54741.19,262143.0,81738.914,13916.48,25880.67,2122.1301,9167.4,179234.89,5382.9,1509438.2,3860.5405
15200.64,554.21,108.33,645.27,551.07,98.91,101.38,-49.32,332.64,1763.52,5383.2,2987.1006,19.376795
37549.2,598.17004,17313.96,212226.33,23608.09,3962.6802,7297.99,665.82,3623.4001,57554.64,5384.6,477416.62,1317.3926
98982.51,3601.58,148627.19,262143.0,207159.94,29501.871,56398.79,4696.36,25811.281,262143.0,5384.8,4098258.8,4292.276
20043.93,390.93002,14356.08,171949.55,20788.371,2885.6602,5229.29,452.1,2620.2002,46351.8,5387.4,395855.78,2046.8683
73852.56,1753.6901,72490.04,262143.0,106725.46,16651.42,27938.41,2593.41,7922.64,232252.69,5388.5,1998846.5,2805.4788
34667.76,508.68002,23554.71,262143.0,32051.55,5267.35,9803.72,772.68,4192.3203,75308.64,5389.3,649499.6,1941.6787
31226.91,489.84003,18965.602,230149.45,24389.951,2701.97,3864.77,480.87,2612.28,59149.203,5390.7,522959.12,1735.5474
44888.52,998.52,39342.633,262143.0,56182.453,9236.311,18701.87,1765.93,4359.96,123216.73,5391.7,1084837.1,2504.9773
56275.95,852.51,20278.121,249909.47,32813.0,5407.08,15805.69,1393.29,6477.24,73279.805,5392.5,559150.6,1029.2767
25847.7,423.90002,11032.391,134550.58,14607.28,2474.32,4860.7603,475.39,2680.9202,36350.16,5393.5,304208.1,1219.3848
32132.58,580.9,21069.4,256453.23,30585.172,5474.5903,11913.5205,1060.38,4234.56,67234.2,5394.3,580969.44,1873.8026
55800.06,1175.93,47289.973,262143.0,65582.04,10176.74,16235.87,1434.39,7302.24,149212.81,5395.9,1303977.8,2422.1672
10721.88,124.03001,58.09,942.00006,433.32,163.28,64.39,34.25,223.08,1314.7201,5397.5,1601.7786,14.490998
14463.75,150.72,708.07,9076.17,2190.1501,615.44,454.84,47.95,1017.72003,5380.3203,5398.3,19524.383,138.973
37413.48,1218.3201,40166.883,262143.0,65043.53,11914.73,29609.81,2479.7,8680.32,139316.77,5398.3,1107565.0,3068.651
67851.3,1571.5701,49968.39,262143.0,72296.93,11503.391,27730.17,2353.66,9938.28,162205.56,5401.0,1377832.6,2104.6501
27065.7,458.44,11639.98,142461.81,17932.541,2698.83,7048.65,613.76,3280.2002,40364.28,5401.0,320961.8,1228.6514
48853.98,973.4,35464.73,262143.0,49808.25,7228.2803,15539.91,1197.38,5476.68,113645.41,5401.1,977907.5,2074.6099
3027.6,83.21,-36.11,952.99005,1345.49,890.19,153.44,43.84,335.28,1040.16,5401.6,-995.70026,-35.101856
54678.63,2012.7401,53229.28,262143.0,75217.13,12450.101,22435.12,1756.34,10517.761,174306.0,5403.4,1467748.8,2782.441
7348.02,329.7,1582.56,20907.691,7999.1504,1855.7401,10820.26,1004.21,4305.8403,11952.601,5405.0,43637.645,614.7988
13096.11,200.96,739.47003,9905.13,2997.1301,697.08,780.9,156.18001,1275.12,7163.64,5405.1,20390.209,160.44598
87478.5,4270.4,150787.52,262143.0,214086.78,34979.6,65869.6,5549.87,24107.16,262143.0,5405.2,4157827.8,4927.4805
15673.92,229.22,108.33,1689.3201,668.82,-72.22,919.27,65.76,1296.2401,1804.4401,5405.2,2987.1006,18.761509
20476.32,544.79004,18037.73,219179.86,24601.9,3950.12,8173.42,594.58,2699.4001,58000.8,5406.1,497373.9,2517.7146
49951.92,920.02,35978.12,262143.0,50271.402,7509.31,17118.15,1457.68,3894.0002,113196.6,5406.6,992063.75,2058.3743
10146.81,219.8,152.29001,1720.7201,416.05002,318.71002,-27.4,20.55,233.64001,984.72003,5407.0,4199.258,41.9132
10413.9,120.89001,56.52,1081.73,373.66,95.770004,590.47003,23.29,760.32,892.32,5408.4,1558.4873,14.51807
29744.43,450.59003,12720.141,158521.33,17624.82,2590.5,5453.97,538.41,3024.12,41854.562,5408.5,350746.25,1221.7433
63804.06,1108.42,46530.09,262143.0,65271.184,10804.74,23192.73,2055.0,7951.68,147651.25,5408.6,1283024.6,2084.1367
50654.88,1059.75,38686.37,262143.0,52595.0,8699.37,16577.0,1424.8,5941.3203,124130.164,5409.7,1066741.2,2182.6633
44304.75,766.16003,30960.4,262143.0,40447.91,7493.6104,13112.2705,1024.76,4258.3203,98209.32,5412.7,853704.75,1997.045
86142.18,2326.74,92405.49,262143.0,119693.664,18351.73,24794.26,2039.93,14776.081,262143.0,5413.3,2547997.0,3066.121
20036.1,298.30002,10559.82,129561.12,15536.721,2284.35,3337.32,291.81,1391.28,33013.203,5413.4,291177.38,1505.9274
17304.3,183.69,183.69,2256.09,874.49005,37.68,1708.39,132.89,2911.9202,2192.52,5413.7,5065.084,29.351524
41154.48,902.75,35117.76,262143.0,56457.203,9132.69,20295.18,1823.47,9075.0,120769.445,5413.8,968340.1,2438.8252
22603.47,361.1,149.15001,2183.87,985.96,191.54001,243.86,30.14,568.92004,2626.8,5414.4,4112.6753,17.866753
55424.22,1931.1001,90730.305,262143.0,128038.21,20567.0,42009.68,3790.79,13192.08,262143.0,5414.8,2501805.2,4679.603
12475.8,144.44,47.100002,1530.75,199.39,-4.71,927.49,109.6,714.12006,1619.64,5415.3,1298.7395,9.794476
51118.59,1077.02,44580.152,262143.0,61867.42,10818.87,20192.43,1954.99,9146.28,143920.92,5416.1,1229256.9,2492.5132
69502.56,1050.3301,42039.89,262143.0,62939.73,8580.05,18915.59,1674.14,6332.04,133836.12,5416.9,1159211.5,1728.457
29830.56,632.71,23242.281,262143.0,30560.05,4469.79,11597.05,889.13,3309.2402,74094.24,5416.9,640884.6,2226.7493
15091.89,397.21002,133.45,1602.9701,872.92004,196.25,104.12,32.88,355.08002,1991.8801,5417.4,3679.7615,24.282726
46758.15,2766.34,105797.59,262143.0,159322.03,25528.201,62000.72,5695.09,20143.201,262143.0,5417.7,2917271.8,6468.451
39051.69,976.54004,30049.8,262143.0,47065.46,8515.681,21943.291,1834.43,7212.4805,102784.445,5417.9,828595.75,2199.142
4877.22,51.81,-10.990001,72.22,56.52,26.69,-87.68,26.03,-101.64001,-63.36,5418.0,-303.0392,-7.4427953
68797.86,2394.25,101378.05,262143.0,142461.81,22019.25,42874.15,3688.04,18543.361,262143.0,5418.2,2795407.0,4212.2573
19298.34,304.58002,157.0,2778.9001,753.60004,384.65002,1687.84,193.17,2141.04,2894.76,5419.2,4329.1313,22.261017
36745.32,514.96,160.14,3882.61,3903.02,1397.3,367.16,246.6,1870.4401,7316.7603,5419.6,4415.714,11.460824
64620.12,2020.5901,71736.445,262143.0,103940.28,15437.811,36583.11,3222.24,15440.041,232758.25,5420.0,1978066.9,3173.1035
5808.12,54.95,14.13,116.18,25.12,-34.54,4.11,98.64,112.200005,100.32001,5420.7,389.62183,5.955936
43281.63,1720.7201,1116.27,21744.5,15117.53,4465.08,2848.23,717.88,4819.3203,26864.64,5420.8,30780.125,72.74196
66345.33,2036.29,83781.484,262143.0,119250.92,17885.441,31707.28,3029.07,12245.641,262143.0,5421.1,2310197.8,3609.6606
18897.27,204.1,102.05,2152.47,1022.07,139.73001,1383.7,168.51,1251.3601,2373.36,5421.1,2813.9355,14.4405575
3740.1301,78.5,-25.12,83.21,166.42,-7.8500004,27.4,39.73,80.520004,116.16,5421.9,-692.6611,-20.20357
31419.18,703.36005,17025.08,211186.98,32335.72,6080.6104,18762.15,1828.95,7233.6,67205.164,5422.0,469451.0,1548.3278
37599.66,628.0,27206.531,262143.0,36191.64,5191.99,9151.6,641.16,3558.7202,84874.68,5422.8,750195.2,2067.894
69784.44,1246.5801,57889.043,262143.0,79735.59,11139.15,18374.44,1717.98,11916.961,184916.17,5423.3,1596237.4,2370.8477
13630.29,277.89,317.14,4648.77,1089.5801,53.38,6.85,28.77,224.40001,2147.6401,5424.8,8744.846,65.52654
19092.15,185.26001,106.76,2400.53,522.81,138.16,1389.18,131.52,1634.16,1577.4,5426.7,2943.8093,14.988316
50328.63,1317.2301,57413.332,262143.0,83082.836,13834.841,25816.28,2468.74,10395.0,185219.77,5427.1,1583120.1,3260.7197
54239.28,1719.15,69045.46,262143.0,97181.43,15329.48,29656.39,2855.08,7593.9604,214617.48,5427.9,1903865.4,3638.7385
16342.95,288.88,150.72,2103.8,687.66003,216.66,754.87,121.93,1280.4,2358.84,5429.4,4155.9663,25.368744
62680.89,1945.2301,68169.4,262143.0,99194.17,16205.541,28068.56,2302.97,15102.12,228620.05,5430.0,1879708.8,3108.591
48472.05,726.91003,31794.07,262143.0,45074.703,7178.04,14771.34,1079.56,6237.0005,102990.37,5430.3,876692.4,1874.4423
49210.68,737.9,23685.021,262143.0,33933.98,5571.93,10914.79,915.16,4971.12,77150.05,5430.9,653092.8,1375.1426
39926.04,794.42004,22279.871,262143.0,38810.402,7773.0703,21103.48,1997.46,5203.4404,79832.28,5431.2,614347.06,1594.5317
42046.23,693.94,19391.07,235055.7,29958.74,4560.85,10502.42,886.39,5183.64,65173.684,5431.5,534691.0,1317.6322
27263.19,251.20001,14836.501,179400.77,22009.83,2700.4001,6525.31,619.24,2940.9602,45912.242,5431.9,409102.94,1554.9792
11378.73,116.18,230.79001,2610.9102,794.42004,326.56,139.74,73.98,450.12003,1995.8401,5432.3,6363.823,56.99255
85581.9,2121.07,77868.86,262143.0,109512.21,16609.031,29363.21,2681.09,10769.881,247241.3,5433.3,2147162.5,2600.5422
34614.69,569.91003,14726.601,180906.39,20932.81,2678.4202,8063.82,667.19,3846.4802,48972.0,5433.9,406072.53,1215.4409
57083.31,2185.4402,58217.17,262143.0,89651.71,15703.141,36218.69,3214.02,13966.921,194813.53,5434.4,1605285.2,2915.0232
24703.65,590.32,24920.611,262143.0,34353.17,5425.9204,9961.2705,975.44,4092.0002,79734.6,5434.8,687163.06,2883.3406
56415.15,866.64,35356.402,262143.0,51879.082,8952.141,14169.91,1415.21,6093.12,113918.64,5434.9,974920.44,1790.9312
49625.67,1331.36,56764.92,262143.0,81321.29,12633.79,24883.31,2150.9,6708.24,183245.05,5435.0,1565240.8,3269.564
29982.81,489.84003,18968.74,231739.86,24705.521,3703.6301,6769.17,791.86,2871.0,60081.12,5436.0,523045.66,1807.9025
72223.05,949.85004,31263.41,262143.0,44859.613,6948.8203,10947.67,1019.28,12995.4,105334.69,5436.3,862059.94,1236.6833
14560.32,133.45,133.45,2003.3201,1031.49,296.73,26.03,-15.07,674.52,2620.2002,5437.4,3679.7615,25.205751
8381.58,2391.11,1634.37,41075.91,55844.902,25619.262,828.85,147.96,192.72,64831.8,5437.4,45066.258,556.5367
18042.93,315.57,167.99,2121.07,869.78,306.15002,1046.68,124.67,1207.8,2424.84,5438.4,4632.171,25.621063
34124.88,659.4,23670.89,262143.0,31820.762,4673.89,7769.27,635.68,4807.4404,74418.96,5438.7,652703.1,1982.3185
67414.56,1946.8,60920.71,262143.0,90524.63,14572.74,28878.23,2644.1,8907.36,196484.64,5441.3,1679832.9,2582.808
19115.64,632.71,6408.74,80688.586,17324.951,4563.99,14987.8,1235.74,5438.4004,32761.082,5441.9,176715.16,957.58984
48253.68,1259.14,48619.76,262143.0,67805.164,9468.67,19034.78,1739.9,7860.6,157461.48,5442.4,1340645.5,2879.9211
60143.1,1573.14,47203.62,262143.0,66412.57,10952.32,20308.88,1802.92,7329.9604,154272.36,5442.7,1301596.6,2243.0806
22768.77,361.1,204.1,2811.87,1020.50006,100.48,1696.06,126.04,2172.72,3813.4802,5442.8,5627.871,24.630228
51394.38,1133.54,40743.07,262143.0,55044.203,9308.53,17411.33,1586.46,6296.4004,126671.164,5443.6,1123452.9,2265.664
60823.44,1409.8601,22030.24,262143.0,30458.002,5495.0,10079.09,619.24,5340.72,75943.56,5443.7,607463.75,1034.6124
49853.61,963.98004,30740.602,262143.0,45812.6,7889.2505,20293.81,1846.76,7467.24,105186.84,5444.4,847643.94,1762.0504
20350.17,295.16,172.70001,3149.4202,825.82,260.62,1597.42,247.97,2005.0801,2731.08,5445.3,4762.045,23.26461
18189.09,284.17,78.5,2420.9402,960.84,83.21,1479.6,161.66,1161.6001,1784.64,5445.5,2164.5657,11.3397875
53733.81,1169.65,30497.252,262143.0,45142.21,8912.891,17262.0,1590.57,6214.56,102923.05,5445.9,840933.8,1621.7891
3296.43,56.52,-31.400002,81.64,-54.95,-23.550001,-1.37,13.7,30.36,-13.200001,5446.7,-865.8263,-28.235466
23491.74,359.53,251.20001,3846.5002,1921.68,1249.7201,1996.09,346.61002,1155.0,4864.2,5447.6,6926.6104,29.574083
72351.81,2285.9202,122846.23,262143.0,177107.0,30663.672,53313.55,5052.56,16599.0,262143.0,5448.2,3387372.2,4853.6885
12514.95,149.15001,42.390003,1463.24,433.32,169.56001,1022.02,78.090004,1172.16,1440.1201,5449.9,1168.8656,8.684637
8169.3,365.81,287.31,4430.54,2761.6301,970.26,505.53,121.93,1140.4801,6176.2803,5450.2,7922.3105,99.5576
33496.74,709.64,22692.781,262143.0,32635.592,5898.49,12443.71,1113.81,4585.68,77231.88,5451.2,625732.7,1936.0204
102071.01,4264.12,134428.11,262143.0,197601.78,31020.06,61069.12,5279.98,29038.682,262143.0,5451.9,3706732.2,3764.6218
3443.46,43.960003,-47.100002,62.800003,-25.12,-14.13,83.57,58.91,-40.920002,19.800001,5452.1,-1298.7395,-40.108837
46905.18,1069.17,49337.25,262143.0,70072.24,10291.351,17862.06,1520.7,6984.12,153896.17,5452.8,1360429.5,3006.4827
43351.23,934.15,42884.55,262143.0,59915.91,9146.82,17838.77,1613.86,5002.8003,131824.44,5453.3,1182502.2,2827.4495
29298.121,500.83002,18485.18,226764.53,32652.861,6289.4204,18707.35,1450.83,5747.2803,68067.125,5453.8,509711.9,1802.9849
50274.69,1800.79,106161.836,262143.0,146010.0,22672.371,43938.64,3823.67,15952.2,262143.0,5454.1,2927315.5,6036.651
50026.742,634.28,2114.79,27964.842,6283.14,1045.62,5126.54,458.95,3901.9202,10717.08,5454.3,58313.402,119.86876
64441.77,1552.7301,65315.14,262143.0,88226.16,15544.57,24351.75,2348.18,8350.32,209078.77,5455.7,1801005.2,2896.9802
25020.33,584.04004,28335.361,262143.0,42297.37,7375.8604,15009.72,1360.41,3862.32,89496.0,5456.7,781321.7,3237.0586
15557.34,467.86002,135.02,1541.7401,739.47003,205.67001,212.35,43.84,539.88,1838.7601,5457.8,3723.0532,23.814857
18076.86,248.06001,78.5,2424.08,788.14,532.23004,1389.18,234.27,1359.6001,2203.08,5458.2,2164.5657,11.4164
14257.561,147.58,232.36,2540.26,1111.56,227.65001,65.76,31.51,480.48,2402.4001,5459.2,6407.1143,45.597767
38875.082,755.17004,31930.66,262143.0,45594.37,8137.31,18336.08,1519.33,5955.8403,104096.52,5460.3,880458.75,2347.4731
41706.93,935.72003,22234.34,262143.0,34761.37,5980.1304,15330.3,1442.61,6865.3203,79504.92,5460.4,613091.56,1523.2809
15112.7705,249.63,106.76,1885.5701,660.97003,122.46001,835.7,124.67,1213.0801,2137.08,5461.4,2943.8093,19.198236
35071.44,788.14,25440.281,262143.0,41046.082,6281.5703,19574.56,1890.6,4053.7202,87170.164,5462.7,701492.5,2073.0408
14348.04,188.40001,486.7,5823.1304,1199.48,335.98,163.03,5.48,397.32,3876.84,5462.7,13420.308,95.987946
27309.3,568.34,1405.15,17354.781,3295.4302,844.66003,226.05,79.46,678.48004,7295.64,5463.8,38745.727,146.11641
35582.13,802.27,38700.5,262143.0,54411.492,8151.4404,15702.94,1509.74,5512.3203,120860.52,5464.3,1067130.9,3108.8083
47655.992,1290.54,47373.18,262143.0,70032.99,12018.351,24779.19,2611.22,9911.881,156571.81,5466.5,1306272.1,2841.2615
9439.5,332.84,124.03001,1373.75,700.22003,252.77,76.72,82.2,178.20001,1091.64,5467.7,3420.014,36.568752
23313.39,549.5,20111.701,243167.89,29505.012,4367.74,12229.99,946.67,5331.48,66867.24,5469.2,554561.75,2465.5637
17311.26,237.07,98.91,2150.9001,395.64,31.400002,1317.9401,15.07,1800.4801,1539.1201,5470.1,2727.3528,15.3365555
18027.27,160.14,135.02,2161.8901,660.97003,43.960003,1845.39,123.3,1116.7201,1504.8,5470.3,3723.0532,20.414955
42315.93,1216.75,52219.773,262143.0,73505.836,10861.261,19736.22,1779.63,7124.04,162631.92,5472.7,1439912.5,3527.4187
17959.41,320.28,1398.87,19979.82,6995.9204,1827.4801,4922.41,546.63,2774.6401,12400.08,5472.7,38572.56,221.70718
12135.63,174.27,163.28,2786.75,2150.9001,654.69,5247.1,434.29,879.12006,3602.28,5472.7,4502.2964,37.469776
42008.82,591.89,2127.35,25671.07,6457.41,2292.2002,424.7,100.01,2591.1602,16430.041,5473.1,58659.734,143.79297
51260.4,1292.11,39397.582,262143.0,54945.293,8925.45,15644.03,1289.17,6654.12,125134.69,5473.2,1086352.2,2196.539
66181.77,1997.04,75863.97,262143.0,110151.2,17447.41,34496.6,2994.82,15682.921,247605.61,5475.1,2091879.5,3276.5261
16251.6,149.15001,551.07,8116.9004,4237.43,1326.65,6428.04,575.4,1551.0001,6522.12,5475.9,15195.251,95.95264
14255.82,254.34001,67.51,1907.55,461.58002,147.58,1022.02,68.5,963.60004,1919.28,5477.7,1861.5266,12.5401945
40080.03,615.44,24454.32,262143.0,32313.74,4804.2,7928.19,691.85,3453.12,76606.2,5478.0,674305.5,1743.5223
55433.79,1725.43,2937.4702,37259.242,7718.12,2356.57,802.82,168.51,2270.4001,18369.121,5478.4,80998.055,150.5123
19527.15,271.61002,157.0,2265.51,711.21,174.27,1644.0,65.76,1667.16,3178.56,5478.5,4329.1313,21.988455
16144.59,379.94,276.32,3596.87,1050.3301,257.48,63.02,76.72,608.52,2416.9202,5478.8,7619.2715,47.93666
37726.68,617.01,21998.84,262143.0,29927.342,4271.97,8095.33,730.21,4359.96,72765.0,5478.9,606597.9,1666.2479
37529.19,656.26,22967.531,262143.0,31630.791,5327.0103,10090.05,902.83,4551.3604,71753.88,5479.1,633308.7,1748.823
19334.88,1006.37006,23994.31,262143.0,43587.91,7837.4404,22832.42,1959.1,6829.68,88527.125,5481.6,661621.2,3547.263
38902.05,951.42004,57515.383,262143.0,77978.766,12583.551,19364.95,1652.22,5423.8804,175263.0,5481.9,1585934.1,4226.275
20116.14,199.39,196.25,2555.9602,585.61005,254.34001,1565.91,130.15,2145.0,2061.84,5482.3,5411.414,26.894207
21887.46,279.46002,139.73001,2953.1702,1139.8201,186.83,1901.56,138.37,1779.3601,2531.76,5483.3,3852.9272,17.25338
35081.01,1306.24,56570.242,262143.0,78624.03,10608.49,23699.63,2111.17,6131.4004,173378.05,5483.4,1559872.6,4609.679
15084.93,279.46002,802.27,9969.5,1599.8301,75.36,49.32,-13.7,270.6,3314.52,5485.8,22121.861,151.06395
27011.76,494.55002,113.04,2398.96,1251.29,609.16003,205.5,116.45,533.28,3199.6802,5486.0,3116.9746,10.965428
40516.77,763.02,34959.19,262143.0,51588.633,8286.46,18011.39,1505.63,6435.0005,115921.086,5486.7,963967.75,2466.0366
40088.73,1097.43,22461.99,262143.0,30960.4,4986.3203,10094.16,874.06,5443.68,73945.086,5487.6,619368.8,1601.0458
35536.89,720.63,30572.611,262143.0,42638.062,6333.3804,14339.79,997.36,4996.2,97451.64,5487.7,843011.8,2458.8132
14188.83,136.59001,1548.02,19821.25,2110.08,883.91003,1113.81,102.75,1206.4801,5008.08,5488.3,42685.234,310.94565
21762.18,274.75,125.600006,1865.16,692.37,12.56,1868.68,126.04,1618.3201,3175.9202,5490.2,3463.3052,15.501987
56265.51,2213.7002,71394.18,262143.0,107582.69,21022.3,48985.72,4053.83,10693.32,233278.33,5490.3,1968629.2,3627.0188
46444.95,974.97003,36824.35,262143.0,52332.812,8452.88,15560.46,1253.55,5829.12,115410.24,5491.0,1015397.8,2265.969
33528.06,1042.48,52332.812,262143.0,74403.875,11157.99,19273.16,1716.61,5503.08,162679.45,5491.1,1443029.4,4461.874
52156.5,1968.78,88715.99,262143.0,133891.17,21193.432,45586.75,4027.8,21085.682,262143.0,5493.0,2446262.2,4862.4277
14904.84,317.14,23.550001,28.26,299.87,106.76,142.48,84.94,252.12001,149.16,5493.7,649.36975,3.5176501
49969.32,1201.05,52381.48,262143.0,72606.22,12126.681,23644.83,2385.17,8825.5205,163800.12,5494.1,1444371.4,2996.2522
34769.55,552.64,21675.42,262143.0,29922.63,4887.41,8932.4,713.77,4061.6401,70843.086,5494.4,597679.9,1781.4502
11715.42,273.18002,309.29,3215.36,810.12006,124.03001,67.13,73.98,215.16,2049.96,5495.1,8528.389,74.48436
40829.1,557.35004,17497.65,214669.25,25397.89,4476.0703,9084.47,876.8,7390.68,58383.6,5495.2,482481.72,1224.3466
21300.21,211.95001,9699.46,118316.77,12754.681,1921.68,3670.23,345.24,1816.3201,31295.88,5495.6,267453.75,1301.005
12378.36,23.550001,222.94,3143.1401,1075.4501,463.15002,-10.96,-4.11,600.60004,2983.2002,5495.7,6147.3667,50.496044
39616.32,755.17004,34403.41,262143.0,49382.78,7561.12,15690.61,1348.08,4800.8403,108213.6,5495.7,948642.56,2481.9978
43336.44,662.54004,17513.35,212879.45,26076.13,4642.49,8220.0,637.05,5182.3203,59436.96,5495.9,482914.6,1154.4868
48991.44,1403.5801,65929.016,262143.0,91256.25,14904.011,27768.53,2172.82,6388.8003,200841.97,5496.5,1817932.2,3846.7368
26278.35,392.5,11558.341,143720.94,19158.71,3584.31,8888.56,886.39,3169.32,41118.0,5496.7,318710.7,1256.6113
26857.77,406.63,15081.421,185975.92,21458.76,3983.09,6928.09,475.39,2959.4402,49035.363,5497.1,415856.38,1604.5406
28748.28,339.12003,12506.62,151994.84,17298.26,2301.62,5167.64,554.85,3515.1602,40413.12,5497.7,344858.6,1242.876
38511.42,781.86005,27344.691,262143.0,41804.39,6612.8403,18599.12,1601.53,7725.9604,96094.69,5498.3,754004.9,2029.1703
13939.14,164.85,87.920006,1175.93,361.1,337.55002,63.02,-26.03,382.80002,2076.36,5498.4,2424.3137,17.034359
91597.08,2202.71,82261.73,262143.0,113424.66,18284.22,36505.02,3092.09,12400.08,258758.3,5498.7,2268291.8,2566.8235
55383.332,1320.37,58868.723,262143.0,82633.81,11572.471,25846.42,2497.51,10079.5205,185061.38,5499.3,1623251.1,3038.1665
30834.541,522.81,10492.311,130939.58,14710.9,2056.7,4895.0103,463.06,3127.08,34698.84,5500.4,289315.88,971.9323
16159.38,348.54,295.16,3673.8,865.07,127.170006,13.7,84.94,360.36002,2556.84,5500.6,8138.767,51.225403
52148.67,1351.77,49666.953,262143.0,71310.97,10327.46,16446.85,1634.41,7633.5605,151062.12,5501.5,1369520.8,2722.1604
54100.95,904.32,35496.133,262143.0,50466.082,8619.3,14558.99,1387.81,6151.2,112598.64,5502.2,978773.4,1874.9668
58362.21,1273.27,51262.07,262143.0,69453.664,10771.7705,18574.46,1682.36,5980.9204,159585.36,5504.7,1413504.8,2510.3857
64833.27,1312.52,57557.773,262143.0,80870.7,11847.221,26357.43,2172.82,10127.04,181738.92,5504.7,1587103.0,2537.3708
13276.2,122.46001,109.9,1161.8,436.46002,127.170006,1242.59,32.88,927.96,1762.2001,5504.8,3030.392,22.66862
13120.47,106.76,268.47,3410.04,1240.3,279.46002,167.14,87.68,613.80005,3014.8801,5506.3,7402.8145,57.505318
29238.09,409.77002,157.0,2669.0,1201.05,237.07,1989.24,226.05,1741.0801,3706.56,5506.4,4329.1313,14.353226
18574.5,324.99002,2062.98,24167.012,3107.03,822.68005,339.76,-12.33,844.80005,9168.721,5506.5,56884.785,316.5608
47403.69,690.80005,28398.16,262143.0,37767.92,5798.0103,9713.3,843.92,4060.32,90479.41,5507.3,783053.3,1711.8804
27279.72,414.48,13492.58,165470.16,17299.83,2141.48,2961.94,290.44,2860.4402,45144.0,5507.9,372045.56,1413.178
41541.63,800.7,36414.582,262143.0,50624.652,7845.29,14382.26,1111.07,5103.12,115878.84,5507.9,1004098.8,2505.3447
37600.53,714.35004,17299.83,212220.05,26961.611,4399.14,12106.69,1100.11,5441.04,62136.363,5508.2,477027.0,1314.5182
47184.45,905.89,24906.48,262143.0,37386.41,6779.2603,11949.14,1034.35,4947.3604,87885.6,5509.1,686773.44,1508.2545
8767.86,257.48,69.08,993.81006,408.2,117.75001,5.48,65.76,130.68001,1029.6001,5509.5,1904.8179,21.527225
55888.8,1150.81,48164.46,262143.0,75385.125,12360.61,27712.36,2553.68,8587.92,157598.77,5509.8,1328091.0,2463.058
14147.94,161.71,70.65,708.07,828.96,455.30002,83.57,52.06,245.52,1021.68005,5511.1,1948.1091,13.278018
16791.0,266.9,177.41,2490.02,817.97003,150.72,1082.3,143.85,1966.8,2402.4001,5511.4,4891.9185,29.209986
18135.15,287.31,106.76,2436.6401,883.91003,100.48,1720.72,72.61,1317.3601,2156.8801,5513.0,2943.8093,15.832026
18609.3,921.59,543.22003,10117.08,5487.1504,2334.59,650.75,183.58,2151.6,11520.961,5513.2,14978.796,82.46314
56283.78,1146.1001,33685.92,262143.0,49546.062,6069.62,16796.2,1549.47,5402.7603,110289.96,5514.3,928858.5,1710.2527
68986.65,1240.3,82946.24,262143.0,112335.07,15979.461,21985.76,2011.16,10178.5205,262143.0,5514.4,2287166.8,3436.8003
50795.82,1168.0801,35830.543,262143.0,49170.832,7776.2104,15049.45,1278.21,6725.4004,114961.445,5515.3,987994.44,2015.8538
11591.01,194.68001,232.36,2557.53,445.88,254.34001,67.13,-65.76,55.440002,1255.3201,5515.4,6407.1143,56.31774
17326.92,255.91,62.800003,2408.3801,557.35004,103.62,1328.9,202.76,1449.3601,1902.1201,5516.2,1731.6526,9.363042
55916.64,1661.06,73422.625,262143.0,103514.81,14764.28,32389.541,2897.55,9193.801,236844.97,5516.6,2024561.8,3753.3765
12087.78,152.29001,-21.980001,1012.65,692.37,56.52,1057.64,101.38,1713.3601,2069.76,5517.0,-606.0784,-6.199124
21156.66,320.28,1431.8401,20155.66,8485.851,2210.56,9447.5205,806.93,3342.2402,12615.24,5517.1,39481.68,192.50688
12689.82,95.770004,230.79001,3425.7402,1177.5,510.25003,9.59,78.090004,484.44003,2616.24,5517.3,6363.823,51.00086
42489.06,750.46,31604.102,262143.0,45484.473,7959.9004,13250.64,1293.28,3911.1602,100983.96,5518.5,871454.2,2125.7446
25922.52,530.66003,16290.32,197645.73,23366.31,3052.08,6969.19,445.25,2465.76,53011.203,5518.8,449190.7,1795.8069
123553.05,5474.5903,150084.16,262143.0,242781.67,40835.703,105105.03,9039.26,42811.562,262143.0,5519.8,4138433.2,3472.2046
28142.76,795.99005,35141.312,262143.0,51354.703,7963.04,15839.94,1282.32,5212.68,109478.164,5520.5,968989.56,3569.2637
51370.89,1048.76,40312.89,262143.0,55125.844,9237.88,15087.81,1234.37,6163.08,125372.28,5521.1,1111591.1,2242.757
60442.38,1113.13,45457.78,262143.0,62335.28,9528.33,14486.38,1231.63,6303.0005,140405.77,5521.7,1253456.8,2149.3823
22546.92,315.57,2064.55,26755.941,8523.53,2022.16,13771.24,1148.06,3816.12,17449.08,5521.9,56928.08,260.81058
41331.96,679.81,24361.691,262143.0,34483.48,5482.44,10554.48,737.06,4571.16,77899.805,5522.1,671751.4,1684.2736
49295.07,1036.2001,35579.34,262143.0,51932.46,8545.511,14371.3,1597.42,5099.16,114219.6,5522.4,981067.75,2062.685
70476.96,1389.4501,44792.1,262143.0,61544.004,10172.03,18653.92,1557.6901,7892.2803,139215.12,5524.0,1235101.2,1816.2021
46636.35,697.08,25302.121,262143.0,36149.25,4953.35,6722.59,593.21,3467.6401,82923.73,5526.3,697682.8,1550.2483
12641.97,235.50002,92.630005,1657.92,587.18,303.01,1248.07,98.64,1016.4,1842.7201,5526.4,2554.1877,19.950092
37110.72,500.83002,21695.83,262143.0,30381.07,3632.9802,9272.16,616.5,4222.68,69998.28,5526.9,598242.7,1670.5751
12542.79,91.060005,117.75001,1139.8201,609.16003,186.83,-9.59,72.61,352.44,1676.4,5527.7,3246.8486,25.842054
67917.42,1763.1101,62049.543,262143.0,89455.46,13900.78,26841.041,2313.93,9306.0,195205.56,5528.3,1710959.4,2611.1997
34794.78,455.30002,13833.2705,167657.17,19615.58,2450.77,5633.44,648.01,2791.8,45941.28,5529.0,381439.78,1135.7363
17269.5,237.07,133.45,1907.55,670.39,290.45,713.77,87.68,1281.7201,2555.52,5529.2,3679.7615,21.094683
42065.37,742.61005,33054.78,262143.0,44639.812,6799.6704,13719.18,1346.71,4781.04,107778.01,5529.3,911455.4,2245.7695
49122.81,960.84,38698.93,262143.0,54411.492,8310.011,17960.7,1527.55,7461.9604,125161.086,5529.7,1067087.6,2251.4998
12635.88,149.15001,163.28,1320.37,433.32,185.26001,1061.75,100.01,1384.68,1754.28,5529.7,4502.2964,35.94677
14454.18,183.69,292.02002,3502.6702,1376.89,769.30005,68.5,65.76,491.04,2556.84,5529.8,8052.185,56.76545
52452.3,1152.38,36015.8,262143.0,48514.57,7167.0503,9362.58,846.66,4477.44,114837.37,5530.9,993102.75,1962.2587
27051.78,552.64,24454.32,262143.0,33550.902,6298.8403,9972.23,832.96,3488.7603,77915.64,5531.0,674305.5,2583.6917
14555.97,449.02002,200.96,2411.52,868.21,483.56003,252.08,56.170002,290.40002,2232.12,5531.5,5541.2886,38.47458
50573.97,1624.9501,75383.555,262143.0,104546.305,16979.55,26547.86,2102.95,12974.28,244008.61,5532.6,2078632.5,4260.854
60110.04,1044.05,30985.521,262143.0,44361.92,7050.87,12625.92,1135.73,6638.2803,100218.37,5533.4,854397.44,1472.8755
25549.291,346.97,5421.21,66768.96,7324.0503,1764.68,3192.1,237.01,3664.32,17888.64,5533.7,149484.9,605.68933
29549.55,638.99005,25280.14,262143.0,37430.37,5931.46,15238.51,1280.95,5349.9604,84526.2,5534.0,697076.75,2445.119
75054.03,1507.2001,49305.85,262143.0,70516.555,11654.11,24399.7,1820.73,10548.12,161964.0,5535.3,1359563.8,1877.3368
11505.75,259.05002,139.73001,1711.3,427.04,213.52,86.31,-68.5,363.0,1768.8,5536.6,3852.9272,33.723522
112919.914,4862.29,174268.44,262143.0,254011.88,41422.883,89050.0,7848.73,30482.762,262143.0,5536.8,4805292.5,4411.6265
50195.52,1066.03,46360.53,262143.0,65412.48,9650.79,18967.65,1623.45,7106.8804,147040.08,5537.2,1278349.2,2639.7815
29386.86,365.81,17285.701,210166.48,24964.57,3402.1902,7369.23,720.62,4728.24,56466.96,5537.6,476637.4,1680.8329
42091.47,598.17004,6294.1304,76099.47,8627.15,1596.6901,2474.22,134.26,5004.12,24537.48,5539.0,173554.89,426.55368
56851.02,1001.66003,28517.48,262143.0,42432.39,5592.3403,13749.32,1269.99,5586.24,95792.41,5539.1,786343.44,1433.2402
9304.65,394.07,11539.5,141172.83,20957.932,3719.33,11135.36,1061.75,4227.96,45645.6,5539.6,318191.16,3544.977
40790.82,952.99005,41137.14,262143.0,60611.42,10602.21,19821.16,1463.16,10088.761,136354.69,5540.7,1134319.0,2882.5046
13280.55,208.81001,103.62,1455.39,725.34,81.64,983.66,61.65,689.04004,1370.16,5540.8,2857.2268,21.308817
43197.242,811.69,30056.08,262143.0,43223.67,7397.8403,11247.7,897.35,3552.12,94575.37,5541.4,828768.94,1988.4148
12936.03,87.920006,94.200005,1064.4601,731.62,485.13,71.24,50.69,397.32,1407.12,5541.6,2597.479,19.820871
12817.71,260.62,1042.48,14800.391,5978.56,766.16003,7903.53,712.4,2944.9202,9358.801,5541.9,28745.432,231.54462
12567.15,408.2,17373.621,213598.5,31739.121,5002.02,14201.42,1422.06,6301.68,64756.562,5542.9,479061.72,3951.779
48531.21,921.59,35039.26,262143.0,50420.55,8077.6504,19153.97,1649.48,6540.6,116515.086,5543.5,966175.56,2063.3477
59246.13,1064.4601,52433.293,262143.0,73193.41,10205.0,21659.7,2104.32,8537.761,166870.45,5544.1,1445800.1,2529.4407
39391.86,687.66003,26129.512,262143.0,36077.03,6055.49,9970.86,1068.6,3738.2402,84258.24,5545.6,720497.4,1895.5914
41850.48,577.76,12627.511,154197.56,17629.531,2177.59,7114.41,538.41,4089.36,42966.0,5546.0,348192.06,861.71295
52106.91,968.69,30739.031,262143.0,48007.46,7322.4805,22457.041,1834.43,6784.8003,104369.766,5546.1,847600.7,1685.7233
35656.082,693.94,21629.89,262143.0,30269.602,5642.58,11142.21,1035.72,6115.56,70773.125,5546.2,596424.44,1733.4816
10773.21,270.04,876.06006,12651.061,5427.49,1293.68,10450.36,822.0,3296.04,8000.5205,5546.8,24156.555,231.50793
45151.26,628.0,34660.89,262143.0,47531.75,6890.7305,11495.67,915.16,5524.2,111811.92,5547.8,955742.4,2193.9207
10147.68,191.54001,28.26,932.58,260.62,14.13,654.86,-5.48,924.00006,868.56006,5548.3,779.24365,6.9625907
11320.44,166.42,76.93,1347.06,447.45,178.98001,587.73,80.83,1242.12,1137.8401,5548.9,2121.2744,18.430386
9130.65,197.82,128.74,2069.26,1361.1901,372.09003,108.23,105.49,451.44003,3119.1602,5549.5,3549.888,39.314457
29452.98,394.07,189.97,3231.06,1548.02,362.67,2219.4,223.31,3647.1602,4965.8403,5550.9,5238.249,17.441862
19876.89,285.74002,9901.99,120315.38,12968.2,2083.3901,3768.87,326.06,1392.6001,31942.682,5551.0,273038.3,1423.3707
26874.3,1185.3501,42.390003,274.75,91.060005,-15.700001,113.71,42.47,188.76001,611.16003,5551.1,1168.8656,3.5099869
60238.8,1213.61,60032.094,262143.0,82508.21,13663.711,22917.36,2307.08,8025.6,188065.69,5551.1,1655330.1,2848.4182
33280.98,698.65,22179.39,262143.0,32477.021,5025.5703,11265.51,882.28,4378.44,72765.0,5552.5,611576.44,1904.4717
58073.37,1256.0,50656.05,262143.0,76049.234,12401.431,28678.21,2327.6301,8646.0,162125.05,5554.6,1396794.2,2493.0393
82933.62,2902.9302,117651.09,262143.0,168154.86,27674.39,53112.16,4575.8,21303.48,262143.0,5555.2,3244121.2,4055.1533
7040.04,392.5,6928.41,82443.84,10178.311,1802.3601,113.71,58.91,752.4,23139.602,5555.9,191044.58,2812.8923
57812.37,1598.26,44839.203,262143.0,70675.125,12148.66,28975.5,2487.92,10156.08,146942.4,5556.5,1236400.0,2216.6147
75314.164,2155.61,125235.766,262143.0,181369.55,30478.41,55653.51,4566.21,23457.72,262143.0,5556.5,3453261.8,4753.4546
26276.61,394.07,15197.601,184555.08,27215.951,5069.5303,13261.6,1039.83,3969.2402,54398.523,5556.7,419059.94,1652.6923
81537.27,2866.82,88960.914,262143.0,138389.22,23181.05,52745.0,4444.28,23424.72,262143.0,5557.5,2453015.8,3118.5508
66498.45,1807.0701,88337.625,262143.0,123667.336,15717.2705,32522.43,3005.78,13918.08,262143.0,5558.5,2435829.2,3797.2468
62612.16,1282.6901,44730.87,262143.0,59493.582,9969.5,19380.02,1707.02,6572.2803,139324.69,5560.3,1233412.9,2041.6675
101817.84,2970.4402,124216.836,262143.0,176491.56,28112.422,53079.28,4831.99,21034.201,262143.0,5560.4,3425165.5,3487.2334
19076.49,444.31003,119.32001,2083.3901,858.79004,425.47,210.98,102.75,468.6,2228.1602,5561.2,3290.1401,16.883965
21870.06,279.46002,9961.65,122602.875,12996.46,2533.98,3896.28,358.94,2011.68,33650.76,5561.7,274683.4,1301.3578
26960.43,456.87003,20532.46,248843.44,29746.791,4537.3003,8713.2,661.71,2427.48,66583.445,5563.2,566163.8,2176.5251
33777.75,703.36005,26602.08,262143.0,37033.16,6620.6904,11808.03,1050.79,4227.96,83323.68,5565.3,733528.0,2250.8208
30217.71,595.03,27126.46,262143.0,39188.77,5074.24,9691.38,960.37,4194.96,86885.05,5565.3,747987.4,2565.7324
59448.84,1387.88,64707.55,262143.0,92355.25,14290.141,25421.72,2490.66,7582.08,200892.12,5567.1,1784251.5,3111.1504
63894.54,1070.74,40484.02,262143.0,53872.98,8986.681,15117.95,1507.0,7052.7603,131815.2,5567.3,1116309.8,1810.6272
68611.68,1307.81,49236.773,262143.0,66750.125,9245.73,14519.26,1400.14,6646.2,151796.05,5567.8,1357659.0,2050.826
53466.72,1326.65,52152.26,262143.0,80462.5,13275.921,32111.43,2676.98,10488.721,169571.17,5568.4,1438050.9,2787.9363
57083.31,1238.73,36053.48,262143.0,51152.17,7667.8804,17997.69,1634.41,7410.4805,115497.37,5568.7,994141.75,1804.8724
22456.44,324.99002,81.64,1584.13,1836.9,817.97003,5107.36,435.66,1024.3201,3632.6401,5568.7,2251.1482,9.394679
34570.32,469.43002,14547.62,180728.98,20497.92,3152.56,4960.77,368.53,3686.7603,47141.16,5569.4,401137.3,1202.1992
28491.63,273.18002,210.38,4198.18,3545.06,1725.43,513.75,101.38,1345.0801,6046.9204,5569.8,5801.036,20.11233
37512.66,532.23004,23264.262,262143.0,32147.32,5148.0303,10114.71,874.06,3809.5203,72648.84,5570.9,641490.75,1772.211
14167.95,83.21,419.19,5331.72,1720.7201,781.86005,195.91,127.41,760.32,4135.56,5571.3,11558.781,83.5966
55955.79,1025.2101,35866.652,262143.0,49164.55,7171.7603,14058.94,1115.18,6574.9204,116459.65,5571.9,988990.1,1831.7145
57466.98,1618.67,37372.28,262143.0,61349.32,11164.2705,25250.47,2316.67,7125.3604,129088.086,5572.0,1030506.44,1858.4315
51427.44,962.41003,37961.03,262143.0,52755.14,8021.1304,15137.13,1104.22,5925.4805,122092.086,5572.2,1046740.7,2109.5327
41058.78,714.35004,18810.17,233389.92,27617.871,4399.14,13025.96,902.83,5646.9604,62817.484,5572.5,518673.22,1308.8925
50244.242,850.94,30966.682,262143.0,47779.812,7481.0503,19096.43,1611.12,5624.52,102429.37,5573.2,853877.94,1761.2089
52774.2,1256.0,46793.85,262143.0,61787.35,10580.23,16160.5205,1404.25,6388.8003,146217.72,5573.3,1290297.6,2534.2227
10616.61,157.0,69.08,1078.5901,453.73,26.69,715.14,68.5,1023.00006,1741.0801,5577.0,1904.8179,17.604391
16115.01,177.41,109.9,1445.9701,513.39,17.27,954.89,73.98,963.60004,2020.92,5577.6,3030.392,18.49917
61453.32,1091.15,36750.562,262143.0,51371.973,8796.71,17685.33,1415.21,7436.8804,119370.24,5579.4,1013363.1,1708.8878
31698.45,398.78,16119.19,195973.69,20656.49,3196.52,5759.48,401.41,3307.9202,51061.562,5579.8,444471.94,1452.966
53144.82,932.58,33725.17,262143.0,46219.23,8165.5703,13389.01,1032.98,7158.3604,108713.88,5580.0,929940.75,1813.4385
18986.88,285.74002,211.95001,2796.1702,799.13,87.920006,1304.24,61.65,1890.2401,2064.48,5580.1,5844.3276,30.917496
21689.97,623.29004,27495.41,262143.0,40173.16,7214.1504,15319.34,1254.92,4816.68,89026.086,5580.2,758160.8,3623.5178
39335.31,758.31,27324.281,262143.0,38118.03,5545.24,10342.13,1176.83,5002.8003,88377.96,5581.0,753442.06,1985.1643
39083.01,824.25,30561.621,262143.0,42876.703,7697.7104,11510.74,1028.87,4379.7603,95289.484,5582.6,842708.75,2234.8228
74515.5,1816.4901,78674.27,262143.0,111746.32,21075.682,36129.64,3296.22,12310.32,256734.73,5584.3,2169371.0,3017.8052
27739.95,409.77002,15009.2,182000.69,20567.0,3708.34,6148.56,568.55,2735.04,47150.402,5585.6,413864.97,1546.0376
3195.51,125.600006,-3.14,916.88,527.52,345.40002,75.35,8.22,153.12001,1306.8,5586.3,-86.582634,-3.8095613
19122.6,819.54004,13990.2705,177567.0,30870.91,6035.08,23951.71,2018.01,9312.601,64834.44,5586.5,385768.9,2090.8384
13084.8,502.40002,14560.181,178264.1,25895.58,4903.1104,12420.42,1239.85,4444.44,53370.242,5587.3,401483.66,3180.6228
17542.68,357.96002,56.52,808.55005,902.75,215.09001,187.69,-32.88,298.32,1359.6001,5587.7,1558.4873,8.212028
13780.8,560.49,367.38,4950.21,927.87006,350.11002,54.8,76.72,275.88,2684.8801,5588.2,10130.168,75.22371
14637.75,221.37001,91.060005,2216.84,320.28,161.71,767.2,82.2,1395.2401,1791.2401,5588.3,2510.8962,16.786983
47605.53,609.16003,27190.83,262143.0,39512.19,6873.4604,12927.32,983.66,4881.3604,86841.484,5589.1,749762.25,1632.1047
40781.25,745.75,25589.432,262143.0,35067.52,5791.73,7909.0103,705.55,4561.9204,81124.56,5589.8,705605.2,1793.1102
22356.39,367.38,114.61,2574.8,1061.3201,186.83,2512.58,242.49,2156.8801,2246.6401,5590.9,3160.2659,13.657834
25424.88,323.42,11148.57,132707.39,15239.99,1976.6301,3638.72,343.87,2434.08,34061.28,5592.2,307411.62,1252.745
14718.66,73.79,186.83,3388.06,929.44,307.72,591.84,143.85,722.04004,3168.0002,5592.3,5151.6665,35.293373
61287.15,1552.7301,70653.14,262143.0,99234.99,13533.4,27837.03,2642.73,8862.48,224120.17,5593.2,1948195.8,3295.1812
54042.66,882.34,39731.992,262143.0,54628.152,9044.7705,17289.4,1635.78,5145.3604,127721.88,5594.1,1095573.4,2101.0964
25462.291,430.18002,142.87001,2529.27,1607.68,353.25,56.170002,38.36,777.48004,3499.32,5595.1,3939.5098,15.043259
17156.4,532.23004,1899.7001,26426.24,8109.0503,1890.28,2586.56,401.41,3105.9602,18506.4,5595.1,52382.492,315.59778
33260.97,618.58,30368.512,262143.0,43999.25,5809.0,13386.2705,1013.8,4748.04,96340.2,5595.7,837383.94,2609.5837
39074.31,551.07,20110.13,247118.02,28949.23,4830.89,8733.75,887.76,3760.6802,65242.324,5596.8,554518.44,1470.5417
59561.07,2136.77,75369.42,262143.0,109695.91,17324.951,35206.26,3064.69,12454.2,248771.17,5597.6,2078242.9,3617.1094
13299.69,127.170006,218.23001,2345.58,822.68005,356.39,64.39,76.72,471.24002,2581.9202,5602.4,6017.493,45.916103
27985.291,759.88,40284.633,262143.0,55532.473,7482.62,15618.0,1575.5,4703.16,127356.24,5603.5,1110811.9,4114.841
31078.14,954.56006,1168.0801,16232.23,3791.55,836.81,450.73,17.81,1019.04004,7199.2803,5606.9,32208.74,106.46488
10399.11,69.08,-3.14,354.82,303.01,109.9,42.47,27.4,154.44,1155.0,5607.1,-86.582634,-1.8633412
46215.27,1000.09,36223.043,262143.0,50726.703,7691.43,14750.79,1290.54,5219.2803,114742.33,5608.7,998817.25,2240.034
34824.36,552.64,10263.091,125854.34,15123.811,2405.24,6893.84,698.7,5442.3604,34300.203,5610.6,282995.34,841.6438
32561.49,593.46,20658.06,250218.77,30442.3,4408.56,10122.93,876.8,4708.4404,66929.28,5613.0,569627.1,1812.9875
233987.38,9162.5205,262143.0,262143.0,262143.0,77551.72,158954.25,13510.94,68370.73,262143.0,5613.3,7228353.5,3202.2795
52034.7,857.22003,23545.291,262143.0,33378.2,5757.1904,11736.79,1045.31,4704.48,80901.484,5613.9,649239.9,1292.7788
38301.75,676.67004,23397.71,262143.0,33089.32,5193.56,10183.21,1043.9401,4707.12,78759.125,5614.0,645170.5,1745.6415
24225.15,598.17004,87.920006,2389.54,1532.3201,450.59003,386.34,8.22,641.52,2966.04,5614.5,2424.3137,9.376962
12013.83,265.33002,136.59001,1383.17,472.57,51.81,158.92,80.83,233.64001,1722.6001,5615.2,3766.3447,31.507717
25674.57,405.06003,13125.2,159183.88,15607.37,2599.9202,2219.4,163.03,2283.6,41561.523,5615.7,361915.38,1460.6781
19058.22,240.21,224.51001,2716.1,799.13,86.350006,904.2,80.83,863.28,1985.28,5615.8,6190.658,32.68235
3918.48,92.630005,-6.28,23.550001,109.9,10.990001,-16.44,5.48,62.04,530.64,5616.8,-173.16527,-5.5823793
22862.73,386.22,1131.9701,14806.671,7520.3003,2270.22,10153.07,980.92,3108.6,12657.48,5616.8,31213.04,140.56499
16270.74,254.34001,133.45,1805.5,849.37006,23.550001,1117.92,94.53,1445.4,2277.0,5618.1,3679.7615,22.45094
22077.121,340.69,323.42,3639.26,1133.54,331.27002,1487.82,158.92,2765.4001,2749.56,5619.6,8918.011,40.886436
59843.82,2009.6001,82583.57,262143.0,118845.87,18438.08,34669.22,2960.57,11918.28,258178.81,5619.7,2277166.5,3944.6934
54707.34,1026.78,47370.043,262143.0,67845.984,10828.29,21541.88,2283.79,8202.48,152046.84,5619.7,1306185.6,2474.7522
31701.93,288.88,13291.62,162686.55,20937.521,3037.9502,7887.09,789.12,7718.0405,51622.562,5621.2,366504.28,1197.7848
16847.55,273.18002,144.44,2274.9302,788.14,70.65,811.04,215.09,1664.52,2294.1602,5621.7,3982.801,23.513184
50990.7,1157.0901,41683.5,262143.0,69792.78,12874.0,26313.59,2349.55,7595.2803,134805.0,5622.5,1149384.4,2336.3418
46448.43,742.61005,30514.521,262143.0,44511.07,7537.5703,11768.3,913.79,3759.36,98873.28,5622.5,841410.0,1877.3846
31266.06,444.31003,25831.21,262143.0,35051.82,6612.8403,7063.72,628.83,3676.2002,80567.52,5622.6,712272.0,2361.2214
42906.66,1116.27,29121.932,262143.0,42520.312,6209.35,14646.67,1212.45,4668.8403,93098.28,5622.9,803010.6,1939.6376
49155.0,952.99005,47500.35,262143.0,63424.863,9179.79,16829.08,1523.4401,6778.2,145904.89,5623.3,1309778.8,2761.9824
51397.86,1882.43,59176.44,262143.0,86290.34,15393.851,30209.87,2768.77,9510.601,192413.77,5624.5,1631736.2,3290.9468
39211.77,532.23004,19251.34,234865.73,26675.871,4457.23,9072.14,690.48,4208.16,60149.76,5625.5,530838.06,1402.7621
44245.59,822.68005,35337.562,262143.0,46936.723,7021.04,13549.3,1276.84,5966.4004,112325.41,5627.1,974400.94,2282.5764
79397.94,2808.73,88664.18,262143.0,131478.08,20793.08,39436.82,3471.58,16503.96,262143.0,5627.3,2444833.8,3191.9197
58214.31,1303.1001,56584.37,262143.0,79343.09,13409.37,24934.0,2105.69,7395.9604,180370.1,5627.5,1560262.2,2778.174
31063.35,524.38,26379.14,262143.0,37880.96,5741.49,12328.63,1104.22,3711.84,87180.73,5627.9,727380.7,2427.071
56149.8,1413.0,31980.9,262143.0,45980.59,7661.6,15305.64,1216.56,6541.9204,106080.484,5627.9,881844.06,1627.5139
34535.52,505.54,13252.37,161301.81,19772.58,3819.81,4949.81,310.99,2787.84,44538.12,5628.7,365421.97,1096.1765
54226.23,2409.9502,8892.48,114810.96,21568.66,4515.3203,16078.32,1228.89,15403.081,45009.363,5628.8,245202.02,467.88083
11462.25,227.65001,361.1,4212.31,544.79004,124.03001,80.83,10.96,256.08002,1372.8,5629.0,9957.002,89.075485
12260.91,452.16,14503.66,175687.72,25228.33,4099.27,11539.51,778.16,3028.08,52508.28,5629.4,399925.16,3381.2358
32031.66,425.47,14093.891,172734.55,24721.22,4581.2603,14258.96,1135.73,4721.64,50924.28,5631.4,388626.16,1257.0574
49566.51,1130.4,25853.191,262143.0,38774.293,6091.6,12576.6,1157.65,7108.2,86869.2,5632.0,712878.1,1490.3336
92700.24,2736.51,97903.63,262143.0,159190.16,27506.4,62326.78,5503.29,18454.92,262143.0,5632.3,2699603.0,3018.7217
50731.44,1259.14,50072.01,262143.0,67547.68,10665.011,22288.53,1957.73,6845.5205,161156.17,5632.9,1380689.9,2821.0637
14372.4,241.78001,1645.3601,20512.05,2375.4102,802.27,761.72003,67.13,1347.7201,6947.16,5633.7,45369.3,326.3261
47448.93,1047.1901,38512.1,262143.0,57601.73,10508.011,23981.85,2072.81,8230.2,125396.05,5633.8,1061936.0,2319.704
70424.76,1395.7301,35921.6,262143.0,50418.98,8200.11,16440.0,1575.5,4946.04,117239.766,5635.4,990505.3,1457.4089
62927.97,989.10004,42116.82,262143.0,59441.773,9862.74,14817.92,1352.1901,8015.0405,132729.97,5635.7,1161332.8,1912.6427
25956.45,346.97,1235.5901,15271.391,2513.57,841.52,234.27,34.25,778.80005,6696.3604,5635.8,34070.266,135.10626
33659.43,601.31,19265.47,234468.52,27798.422,4100.8403,7151.4,649.38,3553.4402,60933.844,5636.0,531227.75,1635.5221
68633.43,1298.39,38204.383,262143.0,55311.1,9379.181,18592.27,1808.4,10030.681,126928.56,5636.7,1053450.9,1590.5726
21907.47,310.86002,664.11005,8291.17,1846.3201,717.49005,100.01,46.58,440.88,4568.52,5637.1,18312.227,85.67558
99284.4,2224.6902,81285.18,262143.0,113953.74,16417.49,33359.5,2986.6,14149.08,255929.53,5637.3,2241364.5,2339.881
11571.0,125.600006,20.41,819.54004,408.2,114.61,1059.01,84.94,1368.8401,1413.7201,5637.5,562.78705,4.0433726
35223.69,723.77,15893.11,195421.05,22531.07,4374.02,8110.4,724.73,5287.9204,52822.44,5638.1,438237.97,1289.0989
50786.25,954.56006,2168.1702,27859.65,6221.91,1877.7201,705.55,197.28,2113.32,15173.4,5638.4,59785.31,121.06643
7387.17,2125.78,97.340004,4760.24,8554.931,5187.2803,250.71,30.14,55.440002,8701.44,5639.3,2684.0615,36.67578
16086.3,100.48,409.77002,6058.6304,1832.1901,331.27002,34.25,109.6,642.84,4654.3203,5639.6,11299.033,71.8338
15444.24,221.37001,114.61,1792.9401,654.69,255.91,986.4,216.46,1152.36,1785.9601,5639.6,3160.2659,20.218025
83483.46,1601.4,62156.3,262143.0,89997.11,15345.181,30092.05,2608.48,12421.2,206553.61,5639.7,1713903.1,2127.7942
34092.69,827.39,30316.701,262143.0,42997.59,6490.3804,16268.75,1427.54,5888.52,99303.6,5639.8,835955.3,2541.551
25280.46,427.04,166.42,2901.36,976.54004,276.32,2133.09,275.37,2207.04,3905.8801,5640.2,4588.8794,17.822165
18750.24,414.48,219.8,3408.4702,737.9,9.42,254.82,-5.48,479.16003,2768.04,5640.9,6060.784,32.517365
14093.13,135.02,197.82,3953.2603,1527.6101,599.74,232.9,65.76,526.68,3459.7202,5641.6,5454.7056,39.133934
10429.56,83.21,54.95,478.85,431.75,183.69,79.46,31.51,311.52002,955.68005,5642.1,1515.196,14.064362
126337.05,3766.4302,146616.03,262143.0,202735.67,32447.191,57907.16,4797.74,30733.56,262143.0,5642.7,4042803.0,3317.1782
11582.311,232.36,833.67004,11723.19,2893.51,1039.3401,1728.9401,284.96,1969.4401,9939.601,5643.8,22987.69,204.80124
14557.71,233.93001,45.530003,1354.91,483.56003,175.84001,1260.4,75.35,1298.88,1756.92,5644.7,1255.4481,7.9423895
44741.492,725.34,26245.691,262143.0,35522.82,5780.74,9480.4,816.52,5965.08,84794.164,5644.9,723700.94,1676.2452
36321.63,734.76,22917.291,262143.0,31973.05,4879.56,10069.5,898.72003,3940.2002,74081.04,5645.8,631923.3,1803.0432
36170.25,1629.66,49742.312,262143.0,74253.16,12183.2,25290.2,2164.6,9167.4,164791.45,5647.9,1371598.8,3931.0898
48563.4,1325.0801,55761.69,262143.0,77548.586,13136.19,25840.94,2238.58,7323.3604,176052.36,5649.7,1537577.6,3282.0376
61773.48,1585.7001,52709.613,262143.0,76435.45,12955.641,25669.69,2322.15,10491.36,175569.25,5650.0,1453419.4,2438.702
28692.6,621.72003,248.06001,4215.45,1730.14,590.32,161.66,-5.48,795.96,3773.8801,5650.5,6840.028,23.719282
14828.28,563.63,22270.451,262143.0,31544.441,4854.44,9361.21,782.27,2703.36,73349.766,5651.0,614087.3,4293.249
49855.35,1056.61,41270.59,262143.0,59713.383,10244.25,15676.91,1382.33,5947.9204,130567.805,5652.1,1137998.8,2365.889
30090.69,747.32,970.26,12462.66,2599.9202,701.79004,276.74,-93.16,987.36005,6537.9604,5652.5,26754.031,91.19449
3410.4,47.100002,17.27,122.46001,117.75001,87.920006,15.07,17.81,170.28001,69.96,5652.7,476.20447,13.478916
80016.51,2661.1501,92843.52,262143.0,136575.88,23771.371,43202.95,3537.34,16210.921,262143.0,5653.0,2560075.2,3316.5771
48945.332,836.81,28355.771,262143.0,41926.85,6203.0703,12567.01,1253.55,5174.4004,92468.64,5653.9,781884.44,1655.4531
46724.22,808.55005,22064.781,262143.0,31327.781,4984.75,11335.38,1034.35,4411.44,71049.0,5654.0,608416.2,1349.2264
12694.17,105.19,105.19,1681.4701,795.99005,20.41,-16.44,36.99,345.84003,2089.56,5654.1,2900.518,22.692951
12346.17,174.27,-31.400002,58.09,119.32001,-84.78001,43.84,17.81,91.08,-153.12001,5655.0,-865.8263,-8.271875
43536.54,752.03,9019.65,111446.45,13539.681,1783.52,4482.64,434.29,5166.48,31431.842,5656.2,248708.61,591.3587
31190.371,591.89,21915.63,262143.0,31312.08,5033.4204,10098.2705,757.61,3416.1602,70766.52,5656.9,604303.5,2008.0116
46898.22,752.03,36259.152,262143.0,53061.293,9647.65,17167.47,1870.05,4391.64,113663.88,5657.5,999812.94,2209.6006
14443.74,142.87001,5355.27,65842.664,10668.15,2373.84,6771.91,608.28,3294.7202,21723.24,5657.7,147666.67,1059.1094
43299.9,833.67004,22716.33,262143.0,32987.27,5338.0,10717.51,869.95,4431.24,72730.68,5658.0,626382.0,1499.0311
41331.09,606.02,22928.281,262143.0,31459.66,4664.47,9927.0205,969.96,3466.32,74915.28,5659.9,632226.4,1585.1477
25399.65,565.2,23177.91,262143.0,33180.383,5521.69,8900.89,772.68,3455.7603,75801.0,5660.6,639109.7,2608.129
64815.0,1182.2101,47925.82,262143.0,66541.31,10140.63,20586.99,1901.56,6960.3604,151899.0,5660.7,1321510.6,2113.1853
29820.121,770.87006,37019.03,262143.0,51601.19,7829.5903,17826.44,1315.2,5247.0,115129.086,5660.8,1020765.94,3548.4792
52912.53,1387.88,55243.594,262143.0,77214.17,13283.7705,25732.71,2522.17,9849.841,180473.05,5660.9,1523291.6,2984.1929
4152.5103,1723.8601,2152.47,44883.16,45953.902,17783.39,1253.55,180.84,40.920002,55100.76,5661.5,59352.39,1481.0928
41749.56,697.08,27592.75,262143.0,38311.14,4648.77,11958.73,1028.87,4383.72,90402.84,5662.5,760844.8,1888.6965
48367.65,1139.8201,47954.082,262143.0,66610.39,11395.061,16763.32,1530.29,6648.8403,154867.69,5663.0,1322290.0,2833.7815
27909.6,510.25003,14954.251,182324.11,22097.75,3281.3,8413.17,728.84,2596.4402,48430.8,5663.1,412349.78,1531.0045
27962.67,477.28003,29696.55,262143.0,40218.69,5829.41,9179.0,752.13,3847.8,92669.28,5663.4,818855.25,3035.5217
32539.74,833.67004,23542.15,262143.0,32533.541,5711.66,13268.45,1052.16,3264.36,76072.92,5663.6,649153.25,2067.6216
7776.93,119.32001,32.97,20.41,37.68,100.48,60.28,-30.14,13.200001,-394.68002,5664.1,909.1176,11.121594
27164.01,781.86005,395.64,5237.52,946.71,373.66,205.5,75.35,674.52,3635.28,5664.7,10909.411,40.644276
12082.561,153.86,144.44,1976.6301,935.72003,97.340004,119.19,8.22,599.28,2115.9602,5664.8,3982.801,33.180428
30824.97,715.92004,28489.22,262143.0,40661.43,7174.9004,13599.99,1272.73,4455.0,89515.805,5664.9,785564.2,2641.5723
29878.41,394.07,373.66,5243.8003,1386.31,326.56,1960.47,154.81,3746.1602,4518.3604,5665.6,10303.333,34.75758
24325.2,367.38,155.43001,3281.3,1259.14,89.490005,2530.39,160.29,2188.56,2670.36,5666.5,4285.8403,17.269533
73938.69,2923.34,128586.14,262143.0,168395.06,26982.021,45410.02,4286.73,18243.72,262143.0,5668.1,3545645.2,4971.4614
62084.94,1293.68,51879.082,262143.0,74113.42,11671.381,21632.3,1653.59,8067.8403,159207.84,5668.9,1430518.2,2388.2136
3480.87,89.490005,73.79,1427.13,566.77,166.42,200.02,-42.47,283.80002,2249.28,5669.6,2034.6918,59.612015
5174.7603,78.5,58.09,119.32001,-17.27,-37.68,-45.21,2.74,18.480001,17.16,5671.0,1601.7786,31.09668
25499.7,635.85004,39592.26,262143.0,55733.434,9263.0,18815.58,1657.7,5170.4404,124299.125,5671.7,1091720.4,4438.3994
78849.84,2794.6,87390.914,262143.0,119798.85,19890.33,42260.39,3244.16,11414.04,262143.0,5671.9,2409724.5,3167.9429
31024.2,477.28003,24650.57,262143.0,35409.78,6101.02,11620.34,1111.07,3961.32,77583.0,5672.6,679716.94,2270.8276
57294.72,1709.7301,59914.344,262143.0,90111.73,13976.141,34652.78,2929.06,11028.601,196892.53,5673.3,1652083.2,2988.9587
49985.85,1803.93,79154.695,262143.0,112446.55,17667.21,28467.23,2797.54,12834.36,254338.94,5673.8,2182618.2,4526.71
31159.92,372.09003,14037.37,172243.14,20538.74,3480.6902,7219.9,598.69,3484.8,46706.883,5674.5,387067.62,1287.0669
17945.49,959.27,25054.06,262143.0,40476.17,7471.6304,20992.51,1830.32,8293.561,91437.73,5675.2,690842.8,3990.828
47106.15,1212.04,45572.39,262143.0,66619.81,10884.811,22529.65,2030.34,7661.2803,150580.33,5676.6,1256617.0,2765.134
35944.92,560.49,19285.88,233926.88,25650.66,4014.4902,6559.56,565.81,4255.68,61616.28,5676.9,531790.5,1533.0902
76023.21,1562.15,51654.57,262143.0,72353.45,11296.15,18934.77,1604.27,8385.96,167625.48,5677.0,1424327.5,1941.726
21689.1,419.19,10143.7705,125400.62,22827.8,4311.22,15267.28,1256.29,4939.4404,39885.12,5677.0,279705.2,1336.2324
46694.64,1183.78,49310.562,262143.0,75192.016,13081.24,27647.97,2664.65,9163.44,163839.72,5677.0,1359693.6,3018.4087
24012.871,304.58002,11583.46,144746.16,16988.97,3395.9102,6452.7,620.61,2152.9202,37771.8,5677.1,319403.3,1378.2507
36625.26,800.7,29023.021,262143.0,41840.5,6069.62,13635.61,1293.28,4986.96,93522.0,5677.3,800283.25,2264.7441
93470.19,4439.96,178832.42,262143.0,251250.25,40165.312,83563.15,7392.52,32502.361,262143.0,5678.0,4931140.5,5469.4385
8645.19,42.390003,-10.990001,-37.68,-20.41,-18.84,28.77,-61.65,76.560005,55.440002,5678.1,-303.0392,-4.63473
16734.45,304.58002,94.200005,1635.9401,857.22003,160.14,1100.11,137.0,1206.4801,1446.7201,5678.9,2597.479,15.094908
47192.28,1321.9401,54805.562,262143.0,78853.25,11815.82,24095.56,2076.92,8671.08,174665.05,5680.0,1511213.2,3319.4934
18823.32,218.23001,138.16,2041.0001,646.84,167.99,1475.49,200.02,2018.28,2991.12,5680.7,3809.6357,19.986263
59194.8,2066.12,78983.56,262143.0,110559.41,17270.0,31612.75,2698.9,11757.24,247967.3,5680.9,2177899.5,3814.0667
19747.26,323.42,89.490005,2601.49,560.49,31.400002,1431.65,134.26,1440.1201,2225.52,5681.0,2467.605,11.957365
60335.37,1020.50006,53643.76,262143.0,73169.85,10914.641,17053.76,1567.28,6087.8403,165591.36,5681.1,1479177.6,2541.121
46227.45,822.68005,21388.111,259732.95,30566.33,5673.98,11483.34,975.44,5603.4004,71822.52,5681.3,589757.6,1321.8833
22669.59,315.57,131.88,2026.8701,720.63,208.81001,1293.28,195.91,1692.2401,1788.6001,5682.0,3636.4705,15.633524
55964.492,1207.3301,40787.03,262143.0,60052.504,8744.9,27534.26,2205.7,7975.4404,134690.17,5683.1,1124665.1,2082.812
53400.6,1237.16,26576.96,262143.0,41371.07,7590.95,24069.53,2176.93,6093.12,90883.32,5683.3,732835.4,1422.0106
31832.43,692.37,2251.3801,28556.73,6653.66,1504.06,1782.37,234.27,2200.4402,14959.561,5683.8,62079.746,201.22183
18557.1,211.95001,196.25,2334.59,2317.32,293.59,3634.61,291.81,1057.3201,4480.08,5684.2,5411.414,29.237686
31343.49,502.40002,18149.201,221494.03,25423.012,4319.0703,8395.36,675.41,3962.6401,56304.6,5684.3,500447.62,1654.6143
60608.55,943.57,42642.77,262143.0,60501.523,8810.84,20089.68,1926.22,8673.721,137241.72,5685.7,1175835.4,2010.6874
38157.332,554.21,18326.611,225472.42,25883.021,4651.91,8940.62,758.98,4115.7603,59052.844,5688.8,505339.53,1372.2612
9796.2,133.45,18.84,912.17004,219.8,199.39,494.57,-35.62,493.68002,1169.52,5690.6,519.4958,4.4988546
10026.75,120.89001,-3.14,-226.08,-69.08,-76.93,-23.29,21.92,30.36,55.440002,5692.8,-86.582634,-1.8954029
23854.53,357.96002,141.3,3169.83,902.75,376.80002,1665.92,176.73,1964.16,2571.36,5692.9,3896.2183,15.936369
41678.22,712.78,17094.16,213262.53,24493.57,4356.75,7956.96,704.18,3437.28,57291.96,5694.7,471355.84,1171.7019
68435.94,1455.39,53711.273,262143.0,71951.53,10693.2705,19586.89,1878.27,7161.0005,167657.17,5695.7,1481039.2,2243.038
38905.53,891.76,30808.111,262143.0,45429.523,7093.2603,14556.25,1305.61,5695.8003,101950.2,5695.7,849505.5,2263.1372
54559.44,948.28,30403.05,262143.0,43627.16,7432.3804,13221.87,1326.16,7108.2,100954.92,5696.0,838336.3,1592.2952
23341.23,260.62,7503.0303,90678.49,10606.92,2094.3801,3642.83,304.14,2740.32,24293.281,5696.7,206889.2,918.09827
18787.65,163.28,538.51,7799.7603,1245.01,288.88,23.29,32.88,785.4,5188.9204,5696.8,14848.921,80.954025
18385.71,295.16,172.70001,2642.31,774.01,439.6,258.93,38.36,505.56003,2315.28,5697.0,4762.045,25.857212
40488.93,1077.02,30985.521,262143.0,47641.652,7630.2,19643.06,1745.38,7205.8804,105944.52,5697.3,854397.44,2187.122
21287.16,218.23001,612.30005,8355.54,3449.29,794.42004,400.04,187.69,1189.3201,6908.8804,5697.3,16883.613,81.242355
52956.03,921.59,32136.332,262143.0,46355.82,8294.311,14994.65,1422.06,5665.4404,104025.24,5697.9,886129.94,1734.1213
20837.37,326.56,7787.2,95085.484,10856.551,1423.99,2715.34,358.94,2584.56,24955.922,5698.3,214724.92,1067.5317
15287.64,243.35,67.51,1568.43,712.78,155.43001,824.74,34.25,979.44006,2164.8,5698.9,1861.5266,11.626317
60717.3,1323.51,59229.82,262143.0,81220.81,13213.12,22232.36,2052.26,8561.5205,189408.12,5699.3,1633208.1,2788.1826
3998.52,116.18,61.230003,551.07,265.33002,163.28,82.2,60.28,104.28001,1044.12,5699.5,1688.3613,42.783855
39317.91,697.08,19788.281,241615.16,27164.14,4408.56,10631.2,1016.54,5380.3203,68214.96,5699.7,545643.75,1438.0194
73066.08,1813.3501,80275.67,262143.0,113826.57,18767.781,30270.15,2494.77,12512.28,255621.97,5699.9,2213528.2,3140.356
48022.26,879.2,35783.44,262143.0,49710.91,7810.7505,17325.02,1374.11,5504.4004,114574.69,5701.2,986695.7,2129.5342
26214.84,667.25,32203.842,262143.0,46297.73,6248.6,15508.4,1191.9,4175.16,101666.41,5701.2,887991.5,3511.4446
54952.68,1265.42,52246.46,262143.0,72370.72,11515.95,19549.9,1642.63,6646.2,164820.48,5702.4,1440648.4,2717.4226
35768.31,1058.18,32206.98,262143.0,56201.293,9275.561,26710.89,2271.46,6582.8403,113034.24,5703.5,888078.0,2573.5457
5788.11,59.660004,61.230003,-94.200005,65.94,92.630005,-23.29,17.81,23.76,51.480003,5703.8,1688.3613,29.246595
4016.79,100.48,40.82,340.69,194.68001,70.65,-41.1,-12.33,76.560005,363.0,5704.1,1125.5741,28.05647
61695.18,813.26,30582.031,262143.0,43300.6,5973.85,12588.93,915.16,6898.3203,99163.69,5704.3,843271.56,1416.3075
6086.52,98.91,50.24,157.0,45.530003,18.84,49.32,12.33,5.28,64.68,5705.3,1385.3221,22.600956
38520.12,598.17004,16772.31,206641.84,24432.34,3424.1702,7621.31,690.48,4975.08,54905.402,5706.3,462481.12,1243.9567
28364.61,445.88,248.06001,3951.6902,1190.06,111.47,2479.7,249.34,3643.2002,5384.2803,5706.6,6840.028,24.00512
12108.66,392.5,591.89,8495.2705,3998.79,1336.0701,537.04,232.9,1036.2001,6367.68,5706.7,16320.826,138.76355
49536.93,1227.74,44682.203,262143.0,62041.69,9102.86,17468.87,1508.37,7428.9604,142387.08,5706.7,1232070.9,2578.0188
4698.0,164.85,100.48,2017.4501,1204.1901,643.7,367.16,72.61,440.88,1899.4801,5706.9,2770.6443,60.152702
30134.19,684.52,26697.852,262143.0,39534.17,6882.8804,15112.47,1305.61,5751.24,88042.68,5708.6,736168.8,2532.1785
48784.38,1138.25,32911.91,262143.0,48845.84,8919.17,20656.86,1646.74,7180.8003,111429.125,5708.9,907515.8,1927.9515
12958.65,240.21,178.98001,1838.4701,704.93005,235.50002,121.93,30.14,308.88,1857.2401,5709.1,4935.21,38.4906
16119.36,409.77002,131.88,1841.6101,945.14,365.81,64.39,31.51,422.40002,1829.52,5709.9,3636.4705,22.392689
8830.5,136.59001,32.97,1237.16,480.42,128.74,69.87,9.59,139.92,963.60004,5710.4,909.1176,9.675363
47568.992,654.69,24586.201,262143.0,33466.12,5044.41,11710.76,912.42,5495.16,80352.36,5710.5,677942.0,1476.8027
44467.44,974.97003,43317.87,262143.0,63366.773,10853.41,22536.5,1967.32,6293.7603,141354.84,5711.5,1194450.6,2784.3125
54444.6,1073.88,41603.43,262143.0,55110.14,8528.24,15442.64,1305.61,5173.08,130711.69,5712.0,1147176.5,2183.8584
49730.07,863.5,37160.332,262143.0,54764.742,8776.301,22135.09,2023.49,6407.2803,121950.84,5712.8,1024662.2,2135.5325
84617.94,2072.4001,71020.52,262143.0,101878.875,16748.76,39736.85,3485.28,15576.001,231616.45,5713.0,1958326.0,2398.7744
3791.46,281.03,2177.59,27332.13,3102.32,890.19,171.25,36.99,381.48,8865.12,5713.9,60045.055,1641.172
6817.32,248.06001,1299.9601,16287.181,5198.27,1737.9901,8954.32,848.03,2482.9202,10302.601,5716.2,35845.21,544.2119
70549.17,1482.0801,65792.42,262143.0,92303.445,13933.75,31492.19,2690.68,10769.881,206989.2,5716.5,1814165.9,2665.447
55576.47,822.68005,31228.871,262143.0,44058.91,6716.4604,15672.8,1265.88,7374.8403,103560.6,5716.6,861107.56,1605.6243
56028.0,1106.8501,53954.62,262143.0,78478.02,13054.551,25424.46,2267.35,8891.5205,173826.84,5716.6,1487749.4,2752.4204
56563.05,1232.4501,40146.473,262143.0,54468.01,9920.83,16570.15,1330.27,5953.2,129828.6,5717.0,1107002.2,2028.3807
12660.24,119.32001,-10.990001,1185.3501,514.96,59.660004,698.7,152.07,1168.2001,1725.2401,5718.8,-303.0392,-3.482017
44528.34,850.94,40273.64,262143.0,57567.19,8807.7,15482.37,1464.53,5590.2,126614.41,5723.4,1110508.8,2585.0288
54906.57,1307.81,43366.543,262143.0,67937.04,11669.811,25668.32,2146.79,9204.36,143055.0,5724.4,1195792.8,2257.2888
55037.07,1552.7301,55191.78,262143.0,91006.625,14459.7,31152.43,2650.95,11168.5205,184797.38,5724.8,1521862.9,2866.2666
13599.84,59.660004,174.27,2342.4402,1221.4601,290.45,173.99,9.59,502.92,2775.9602,5725.2,4805.336,35.63851
31670.61,438.03003,11658.82,143177.72,16083.08,2435.07,4518.2603,420.59,3670.9202,38826.48,5725.4,321481.3,1051.5608
34987.05,579.33,25619.262,262143.0,34828.883,6038.22,9606.44,801.45,3622.08,78014.64,5728.1,706427.7,2092.6702
50169.42,1048.76,44226.902,262143.0,69084.71,11903.74,26786.24,2286.53,8491.561,145886.4,5728.6,1219516.4,2519.5564
58111.65,1226.17,48759.492,262143.0,65032.543,10113.94,20258.19,1711.13,7802.5205,155065.69,5728.7,1344498.4,2398.0813
19673.31,731.62,271.61002,4334.77,1502.49,392.5,297.29,42.47,694.32,2820.84,5729.9,7489.398,38.474564
60941.76,1201.05,43529.82,262143.0,64260.1,9718.301,24392.85,1819.36,9011.641,141373.33,5730.2,1200295.0,2041.3064
78588.84,3006.55,115234.87,262143.0,165140.45,25517.21,51991.5,4711.43,18296.521,262143.0,5730.9,3177496.0,4191.4897
48104.91,885.48004,21804.16,262143.0,30748.451,5402.37,11391.55,946.67,6350.52,71867.41,5731.0,601229.75,1294.9819
31400.91,452.16,219.8,3994.08,1108.42,430.18002,1748.12,106.86,2782.56,4697.8804,5731.4,6060.784,19.014027
66434.07,1438.12,53456.934,262143.0,73293.88,10564.53,19963.64,1798.81,7550.4004,168837.25,5731.6,1474026.0,2299.7114
29315.52,288.88,795.99005,10058.99,3388.06,910.60004,3775.72,326.06,1630.2001,8853.24,5732.2,21948.697,76.63527
13326.66,155.43001,25.12,21.980001,125.600006,42.390003,-28.77,-21.92,91.08,-95.04,5735.2,692.6611,4.389486
8916.63,89.490005,10.990001,20.41,-58.09,100.48,1.37,42.47,36.960003,-14.52,5735.9,303.0392,2.5240817
12610.65,98.91,120.89001,1188.49,634.28,207.24,858.99,100.01,1091.64,1582.68,5736.0,3333.4314,26.409552
31783.71,634.28,24548.521,262143.0,33974.8,5017.72,9280.38,664.45,4837.8003,78027.84,5736.1,676903.0,2207.3591
30125.49,1001.66003,48445.492,262143.0,76135.586,12958.78,31833.32,2871.52,7233.6,160941.0,5736.3,1335840.1,4596.992
24738.45,376.80002,13252.37,162430.64,18450.64,2544.97,7002.07,620.61,1997.16,43614.12,5736.8,365421.97,1530.6871
42175.86,976.54004,43187.562,262143.0,61332.05,9850.181,18985.46,1517.96,5031.8403,135373.92,5737.2,1190857.5,2926.8157
46842.54,709.64,31856.871,262143.0,42848.44,7196.8804,10946.3,956.26,5778.9604,107319.96,5737.9,878424.06,1943.5166
16312.5,202.53001,133.45,1780.38,703.36005,241.78001,1130.25,223.31,1797.8401,1627.56,5739.1,3679.7615,22.390905
20263.17,310.86002,233.93001,2918.6301,1201.05,301.44,97.27,34.25,353.76,2431.4402,5739.2,6450.406,32.00863
10871.5205,125.600006,23.550001,1526.04,390.93002,244.92001,812.41,78.090004,1081.0801,1628.88,5739.2,649.36975,5.1936927
94834.35,2252.9502,77374.31,262143.0,112132.55,17786.531,43422.15,4105.89,13710.841,251178.84,5739.5,2133526.0,2331.8142
21300.21,243.35,244.92001,3298.57,778.72003,127.170006,1385.07,82.2,2251.9202,2684.8801,5740.0,6753.4453,31.876785
47382.81,1174.36,33866.473,262143.0,49941.703,7411.97,20745.91,1589.2,7876.4404,111408.01,5740.3,933837.0,2042.6107
44457.0,593.46,25777.83,262143.0,37703.55,6356.93,10340.76,1069.97,5430.48,85262.766,5740.4,710800.06,1656.888
79294.414,1635.9401,50324.78,262143.0,70478.875,11310.28,20956.89,2049.52,10812.12,164006.05,5741.7,1387659.8,1813.6309
54291.48,1069.17,47828.48,262143.0,69017.2,10696.41,21204.86,1963.21,6864.0005,155139.61,5742.4,1318826.6,2517.8591
64671.45,1549.5901,46655.69,262143.0,73278.18,11800.12,35576.16,3249.64,9255.841,152342.53,5742.7,1286488.0,2061.7236
61110.54,1530.75,61383.863,262143.0,83032.59,11837.801,23146.15,2048.15,8965.44,194531.05,5743.1,1692603.9,2871.0176
22465.14,205.67001,124.03001,2717.6702,653.12,72.22,1000.1,98.64,1438.8,2900.04,5744.0,3420.014,14.7858
53625.06,1337.64,41882.89,262143.0,59151.32,9154.67,17060.61,1730.31,5504.4004,128859.73,5744.9,1154882.4,2232.15
32916.45,593.46,2844.84,36425.57,5827.8403,1122.55,173.99,127.41,1248.7201,15318.601,5745.3,78443.86,246.112
60097.86,1397.3,65660.54,262143.0,92498.125,14806.671,25512.14,2490.66,7611.12,206180.05,5746.9,1810529.2,3122.8806
68686.5,1072.31,48376.41,262143.0,65740.61,10121.79,19725.26,1985.13,7712.7603,156794.89,5747.6,1333935.2,2012.7762
56727.48,2468.04,124329.875,262143.0,176227.8,27721.49,53021.74,4752.53,16140.961,262143.0,5747.9,3428282.5,6265.586
44291.7,1042.48,39644.07,262143.0,57204.523,7584.6704,19430.71,1870.05,7073.8804,131373.0,5748.4,1093149.0,2558.2039
53582.43,1044.05,29924.201,262143.0,43617.742,7771.5005,16697.56,1445.35,5895.12,100712.05,5749.3,825132.5,1595.795
11765.88,100.48,202.53001,2621.9001,932.58,332.84,0.0,41.1,429.00003,2469.7202,5749.5,5584.58,48.21687
38766.332,675.10004,30170.691,262143.0,41443.293,5529.54,11179.2,941.19,4004.8801,94530.484,5749.8,831929.2,2224.2537
55357.23,992.24005,37551.26,262143.0,51863.383,6999.06,14069.9,1411.1,5650.9204,119103.6,5750.1,1035441.7,1938.5419
35839.65,609.16003,27690.092,262143.0,36736.43,6539.0503,11508.0,880.91,5434.4404,89532.96,5751.9,763528.94,2208.0708
29974.98,450.59003,15891.541,196235.88,24725.932,4124.39,8854.31,793.23,3471.6,53859.96,5752.2,438194.72,1514.8495
10438.26,163.28,64.37,857.22003,582.47003,-54.95,13.7,-8.22,241.56001,1071.8401,5754.1,1774.944,16.632114
14718.66,602.88,13068.681,162408.66,24017.861,3946.9802,14075.38,1252.18,6539.2803,54551.64,5754.3,360356.9,2537.7063
12661.98,364.24002,378.37003,4728.8403,854.08,174.27,117.82,2.74,221.76001,2237.4001,5754.3,10433.207,84.44056
73692.48,1701.88,73218.52,262143.0,98803.24,15081.421,26397.16,2553.68,10571.881,228080.17,5755.7,2018933.8,2839.84
8569.5,560.49,14073.48,173805.28,25806.092,4540.44,12723.19,968.59,4914.3604,55185.242,5755.8,388063.34,4694.642
32867.73,595.03,22041.23,262143.0,30437.592,3231.06,8283.0205,653.49,3764.6401,71313.0,5756.1,607766.75,1916.4105
30341.25,463.15002,13366.98,162403.95,17916.84,3592.1602,1711.13,208.24,2072.4001,43302.6,5756.3,368582.25,1258.647
18563.19,353.25,433.32,5312.8804,1155.52,169.56001,65.76,17.81,458.04,2645.28,5757.0,11948.402,65.74291
39379.68,788.14,30348.102,262143.0,40619.043,5752.48,10870.95,937.08,4101.24,96493.32,5757.9,836821.1,2202.476
47125.29,741.04004,32786.312,262143.0,48199.0,7941.06,16071.47,1350.82,5800.08,107681.64,5759.7,904052.56,1988.2416
4282.14,62.800003,26.69,7.8500004,-86.350006,-84.78001,-19.18,-23.29,-15.84,-47.52,5760.0,735.95233,16.82119
10168.56,671.96,14282.29,174076.89,24619.17,4487.06,13439.7,1172.72,4707.12,54360.242,5761.7,393821.1,4014.942
20332.77,271.61002,7543.85,91513.734,10599.07,1628.0901,3481.17,310.99,2067.12,25226.521,5761.9,208014.77,1059.8293
56325.54,1119.41,43088.652,262143.0,63487.664,10365.141,23868.14,1944.03,7550.4004,137375.05,5762.2,1188130.1,2186.2908
36118.05,496.12003,19457.01,234270.7,27682.24,4805.77,8635.11,867.21,4131.6,63703.203,5762.2,536509.25,1539.2839
34181.43,598.17004,25016.38,262143.0,33879.03,4612.66,9710.56,808.3,4168.56,80798.52,5763.1,689803.8,2091.5857
40885.65,568.34,13489.44,167498.6,21174.59,4025.4802,10058.54,863.1,5716.9204,49629.363,5763.9,371958.97,942.3482
57107.67,1414.5701,46154.863,262143.0,67944.89,11991.66,25086.07,1794.7,9636.0,149405.53,5763.9,1272678.1,2309.8513
73020.84,1489.93,66208.47,262143.0,89810.28,14827.08,24425.73,1691.95,9088.2,207853.81,5765.2,1825638.0,2591.4817
23108.94,403.49002,65.94,2326.74,883.91003,254.34001,2285.16,198.65,1676.4,3371.28,5766.1,1818.2352,7.158643
34947.9,1120.98,37538.703,262143.0,49784.703,7068.14,13041.03,1067.23,5945.2803,117375.73,5767.2,1035095.4,3070.1936
10665.33,95.770004,97.340004,786.57,381.51,51.81,528.82,73.98,1030.92,1548.3601,5767.3,2684.0615,25.095526
33550.68,624.86005,16480.291,202145.36,23421.262,3260.8901,6489.69,653.49,2849.8801,53739.844,5767.7,454428.94,1403.4702
28174.08,540.08,23663.041,262143.0,31880.422,4943.93,9366.69,830.22003,4220.04,74368.805,5767.8,652486.7,2400.4292
14921.37,177.41,25.12,7.8500004,-102.05,65.94,23.29,-4.11,76.560005,240.24,5770.5,692.6611,3.8134885
19461.9,240.21,191.54001,3822.9502,934.15,58.09,1589.2,120.56,1892.8801,2558.1602,5770.8,5281.5405,27.139946
48999.27,990.67004,42774.652,262143.0,60603.57,10658.73,21682.99,2015.27,7009.2,136107.84,5771.9,1179471.9,2495.0073
27623.371,434.89,593.46,10126.5,4851.3003,1978.2001,1898.82,324.69,2687.52,11408.761,5772.0,16364.117,60.42763
28901.4,714.35004,28522.191,262143.0,48263.37,9776.391,26628.69,2312.56,6178.9204,97051.69,5773.2,786473.3,2820.714
35656.95,1083.3,54522.96,262143.0,87361.086,15621.501,36181.7,2904.4,10078.2,180207.73,5773.9,1503420.8,4371.041
60160.5,1042.48,28891.14,262143.0,41849.92,7075.99,16763.32,1691.95,9340.32,95461.086,5774.5,796646.75,1372.1002
62558.22,1149.24,42032.043,262143.0,59075.96,9624.101,20744.541,1797.4401,8178.72,135632.64,5775.0,1158995.1,1920.0785
30134.19,733.19,33502.23,262143.0,46594.46,5856.1,15150.83,1434.39,4358.64,107696.164,5775.5,923793.4,3177.8
10606.17,120.89001,72.22,1084.87,529.09,119.32001,641.16,20.55,880.44006,1457.28,5776.6,1991.4005,18.46919
69342.48,1105.28,58232.87,262143.0,79726.17,11903.74,23102.31,2219.4,9477.601,186802.45,5776.9,1605718.1,2400.1418
42888.39,681.38,28644.65,262143.0,39719.43,6937.83,11786.11,863.1,4340.16,92132.05,5778.3,789850.06,1908.6456
47687.31,643.7,13794.0205,165696.23,19446.021,2339.3,5138.87,558.96,4836.48,46526.043,5778.4,380357.5,826.06006
12387.93,98.91,67.51,1431.8401,759.88,158.57,179.47,49.32,452.76,1832.16,5779.2,1861.5266,14.581828
74035.26,3077.2002,71819.66,262143.0,104518.05,15973.181,34129.44,3104.42,12355.2,232609.1,5779.3,1980361.4,2772.6633
53005.62,1029.92,44900.43,262143.0,63481.383,8879.92,22062.48,1889.23,7538.5205,143592.25,5779.3,1238088.2,2421.019
31536.63,659.4,25967.8,262143.0,37259.242,6491.95,10791.49,979.55,3729.0002,79161.73,5780.3,716038.4,2353.3384
56358.6,1526.04,50513.184,262143.0,73945.43,11698.07,26893.1,2331.74,8758.2,163380.36,5781.7,1392854.9,2561.675
22164.99,328.13,7137.22,88259.125,10540.98,1455.39,3393.49,268.52,2374.6802,23695.32,5782.6,196802.31,919.68384
29816.64,612.30005,20441.4,248991.02,34040.742,6085.3203,15365.92,1648.11,3938.8801,69734.28,5782.8,563652.94,1959.2026
20714.7,238.64001,69.08,1829.05,849.37006,357.96002,1997.46,45.21,1481.04,2832.7202,5782.9,1904.8179,8.535044
51417.0,1982.91,49352.953,262143.0,78630.31,11572.471,32788.21,2703.01,10438.561,170285.28,5783.2,1360862.5,2743.4504
37580.52,1499.3501,37450.78,262143.0,63489.23,11605.44,33507.46,3034.55,8898.12,134104.08,5783.2,1032671.06,2848.3586
40958.73,1551.16,43468.59,262143.0,59777.754,11194.101,17671.63,1582.35,6944.5205,138271.33,5784.1,1198606.6,3033.4365
50852.37,1675.1901,66368.61,262143.0,96766.95,16604.32,32114.17,2763.29,8541.721,208632.61,5785.4,1830053.8,3730.6467
17142.48,120.89001,529.09,6966.0903,2805.59,348.54,1067.23,186.32,1168.2001,5732.7603,5786.4,14589.174,87.24801
45286.98,893.33,22483.97,262143.0,31243.002,4716.2803,10858.62,787.75,3773.8801,73263.96,5787.2,619974.94,1418.5433
13399.74,139.73001,679.81,8959.99,2304.76,543.22003,104.12,52.06,855.36005,6188.16,5788.1,18745.139,144.05748
29586.09,505.54,16596.47,201956.95,22347.38,4330.06,6797.94,615.13,3224.76,54626.883,5788.4,457632.5,1602.8995
13083.93,120.89001,111.47,1880.8601,811.69,518.10004,17.81,52.06,411.84003,2544.9602,5790.5,3073.6833,23.359524
26610.69,529.09,17857.18,218696.3,28161.092,5473.02,13864.4,1226.15,2802.36,59452.8,5790.7,492395.4,1917.6941
45443.582,769.30005,29683.99,262143.0,40069.543,6994.35,11040.83,1178.2,4614.72,94849.92,5790.8,818508.9,1866.6638
51679.742,932.58,40388.25,262143.0,58160.652,7881.4004,16204.36,1637.15,6527.4004,128396.41,5792.0,1113669.0,2233.517
44066.37,963.98004,37554.402,262143.0,48892.94,7413.54,12336.85,997.36,6115.56,119830.92,5794.5,1035528.3,2435.703
63553.5,2165.03,87494.53,262143.0,124023.73,18868.26,48240.44,4527.85,11325.601,262143.0,5795.2,2412581.8,3935.3203
18419.64,323.42,26.69,1741.13,788.14,276.32,1400.14,53.43,1477.0801,2745.6,5795.6,735.95233,3.143014
58648.44,1689.3201,40816.863,262143.0,62643.004,10280.36,21856.98,2120.76,9580.561,141591.12,5796.2,1125487.6,1988.904
16122.84,200.96,98.91,1634.37,712.78,186.83,1161.76,105.49,2097.48,2101.4402,5798.5,2727.3528,16.54073
23427.36,334.41,9142.11,112812.35,14109.591,1882.43,4544.29,489.09,3245.8801,30701.88,5798.7,252085.33,1114.7633
48117.96,934.15,27586.47,262143.0,38757.02,6355.3604,15913.92,1486.45,6943.2,90912.37,5800.2,760671.7,1638.2225
57835.86,1792.9401,65580.47,262143.0,91893.67,16442.611,33804.75,2930.43,13926.001,217310.28,5800.9,1808321.4,3241.0994
38494.02,1295.25,39557.723,262143.0,66439.266,10098.24,27647.97,2298.86,8632.801,134032.81,5801.8,1090768.0,2937.2383
26423.64,617.01,808.55005,9226.891,1612.39,469.43002,98.64,26.03,557.04004,4510.44,5802.5,22295.027,86.49097
56811.87,978.11005,39114.98,262143.0,53491.473,8476.431,11472.38,1060.38,6548.52,127521.24,5803.4,1078559.8,1967.5797
47458.5,912.17004,29198.861,262143.0,42572.12,7664.74,13931.53,1111.07,5726.16,91366.445,5803.9,805131.9,1758.1418
34086.6,726.91003,35828.973,262143.0,49725.043,7506.1704,14253.48,1320.68,6412.56,113391.96,5807.0,987951.1,3004.3818
55703.492,995.38,31159.791,262143.0,44710.46,7309.9204,13082.13,1320.68,6548.52,100338.484,5807.2,859202.75,1598.4148
40839.54,1337.64,31277.541,262143.0,47983.91,7525.0103,22650.21,2075.55,9130.44,105648.84,5807.8,862449.56,2188.7812
20839.11,324.99002,105.19,2728.6602,934.15,194.68001,1459.05,182.21,1227.6001,3079.56,5808.6,2900.518,13.4325905
14938.7705,158.57,237.07,3036.3801,1235.5901,281.03,1365.89,179.47,473.88,2761.4402,5809.0,6536.989,44.374386
21600.36,381.51,2174.45,29603.922,9258.29,2464.9001,10420.22,1194.64,3379.2002,16097.4,5810.0,59958.47,286.8309
40172.25,909.03,32018.582,262143.0,46710.64,6732.16,17179.8,1564.54,4745.4004,104637.73,5811.0,882883.1,2277.8982
42666.54,695.51,18602.93,228011.11,24685.111,4300.23,7836.4,639.79,5826.4805,60973.44,5811.8,512958.78,1245.6454
37939.832,736.33,22111.88,262143.0,29955.602,4851.3003,9105.0205,935.71,5200.8003,73617.73,5812.2,609714.9,1665.4
36391.23,1097.43,44631.96,262143.0,62947.582,9801.511,21352.82,1613.86,8091.6,142652.4,5812.5,1230685.5,3505.6968
38785.47,522.81,21694.26,261395.6,26536.14,4053.7402,2442.71,169.88,2321.8801,66883.086,5815.0,598199.4,1598.281
42951.9,653.12,14177.101,178590.64,20681.611,3742.8801,9476.29,901.46,4420.68,51935.402,5815.3,390920.6,942.74365
27055.26,615.44,24437.05,262143.0,37805.6,5955.0103,16159.15,1252.18,5547.9604,80168.88,5815.7,673829.3,2581.5342
60378.0,2086.53,120164.664,262143.0,167578.67,25218.91,43145.41,3838.74,9378.601,262143.0,5815.7,3313430.8,5689.4556
27672.96,642.13,24769.89,262143.0,34481.91,5122.91,10836.7,816.52,3577.2002,76709.164,5815.9,683007.06,2558.2778
76426.89,1312.52,45614.78,262143.0,67811.445,10867.54,23643.46,2222.14,8202.48,145741.2,5817.0,1257785.9,1705.5082
16653.541,394.07,244.92001,2954.74,664.11005,276.32,145.22,-45.21,211.20001,2200.4402,5817.3,6753.4453,41.050064
27687.75,662.54004,218.23001,3713.05,1268.56,270.04,190.43001,12.33,458.04,3496.6802,5817.5,6017.493,21.535948
49756.17,1254.43,44903.57,262143.0,66629.234,10661.87,22207.7,1941.29,7857.9604,148519.81,5817.8,1238174.9,2579.3755
30777.99,477.28003,16907.33,207382.88,23162.21,3562.33,8241.92,850.77,3734.28,57261.6,5819.2,466204.16,1569.6656
42794.43,739.47003,24201.55,262143.0,33941.832,5805.8604,11528.55,1071.34,5063.52,79404.6,5819.6,667335.6,1615.9811
20454.57,335.98,954.56006,13721.801,6477.8203,2216.84,3437.33,335.65,2531.76,11307.12,5820.0,26321.121,132.43259
35375.07,643.7,24096.361,262143.0,33348.37,5659.85,11490.19,885.02,4321.68,78678.6,5820.9,664435.1,1946.6152
17049.39,241.78001,108.33,1477.37,704.93005,64.37,1622.08,164.4,1400.52,1804.4401,5821.2,2987.1006,17.167236
60361.47,1062.89,37122.652,262143.0,51274.633,7779.35,16749.62,1301.5,4990.9204,116913.73,5823.0,1023623.2,1757.4425
26664.63,458.44,8209.53,102175.6,15268.251,3887.32,612.39,161.66,2024.8801,30993.602,5824.7,226370.28,879.302
7595.1,219.8,45.530003,654.69,194.68001,34.54,5.48,20.55,213.84001,638.88,5825.0,1255.4481,16.14009
58058.582,2245.1,78635.02,262143.0,111785.57,19604.59,32800.54,2546.83,11018.04,252304.81,5825.3,2168288.8,3871.564
66408.84,1285.8301,58827.902,262143.0,79253.6,13239.811,24443.541,2098.84,8558.88,187624.81,5825.4,1622125.6,2531.8323
42208.92,555.78,21075.682,258747.0,28300.82,3640.83,8132.32,822.0,4304.52,68282.28,5826.8,581142.6,1426.665
46625.91,976.54004,31751.682,262143.0,44537.76,8602.03,16730.44,1487.82,2926.4402,100346.41,5829.1,875523.56,1946.1006
63555.242,1188.49,64308.773,262143.0,90348.8,12321.36,29641.32,2609.85,7707.4805,198638.89,5829.2,1773255.6,2892.1294
19679.4,290.45,9095.011,109889.016,12440.681,1954.65,4481.27,309.62,2676.9602,29627.4,5829.9,250786.6,1320.4183
31634.07,481.99002,232.36,4196.6104,1400.4401,105.19,2301.6,224.68001,3602.28,3932.2803,5830.0,6407.1143,20.001741
45327.87,715.92004,34915.23,262143.0,48720.242,7828.02,14093.19,1365.89,4365.24,112299.01,5830.1,962755.56,2201.412
90614.85,2631.32,106265.45,262143.0,151636.89,23257.98,48810.36,4320.98,18948.602,262143.0,5832.4,2930172.8,3352.0632
43256.4,772.44,24915.9,262143.0,35414.492,5686.54,11455.94,1146.6901,4506.48,81962.766,5833.2,687033.2,1645.9304
32440.56,832.10004,27065.23,262143.0,44680.633,6829.5,16105.72,1448.09,6700.3203,95966.64,5833.8,746299.0,2384.4614
57433.05,2614.05,63672.92,262143.0,97941.31,15568.12,39353.25,3709.96,23526.361,228271.56,5834.1,1755722.6,3168.8733
12458.4,210.38,273.18002,3301.7102,576.19,128.74,38.36,38.36,356.40002,1978.68,5834.3,7532.6895,61.695396
25790.28,367.38,16175.711,198708.62,22772.852,4074.1501,5922.5103,576.77,2538.36,51431.16,5836.0,446030.44,1792.314
58375.26,1398.87,8142.0205,99963.48,14966.811,2877.81,7848.73,700.07,3531.0002,38328.84,5836.4,224508.77,397.79742
60430.2,1249.7201,61749.67,262143.0,87745.734,13166.0205,27653.45,2378.32,8339.761,195431.28,5836.9,1702690.8,2920.6597
68950.11,1221.4601,26407.4,262143.0,38695.793,5962.8604,12282.05,1163.13,8040.12,88880.88,5837.0,728159.94,1094.0645
64056.36,1138.25,44313.25,262143.0,62944.44,10385.551,23270.82,1763.1901,8354.28,143167.2,5838.3,1221897.4,1976.9729
23382.121,423.90002,216.66,3223.2102,1097.43,196.25,146.59,13.7,422.40002,3103.32,5838.8,5974.201,25.493774
15117.99,200.96,91.060005,1376.89,342.26,142.87001,938.45,90.42,1211.76,1712.04,5840.6,2510.8962,16.22196
34536.39,1350.2001,2306.33,30523.941,4526.31,850.94,567.18,79.46,1173.4801,12516.24,5841.5,63594.94,189.93849
15841.83,458.44,334.41,3873.1902,1340.78,723.77,45.21,10.96,374.88,2696.76,5841.8,9221.05,59.356342
76807.08,1822.77,49319.98,262143.0,73140.02,11889.61,24405.18,2330.37,12063.48,170916.25,5842.0,1359953.4,1834.9915
52252.2,987.53,31787.791,262143.0,45811.03,6909.5703,17060.61,1335.75,8644.681,103349.41,5842.0,876519.25,1738.4213
9601.32,189.97,40.82,844.66003,284.17,89.490005,378.12,68.5,584.76,1144.4401,5842.0,1125.5741,11.156009
39514.53,604.45,21188.72,256169.06,32310.602,5333.29,12102.58,956.26,5462.16,69305.28,5843.0,584259.56,1532.1932
13451.07,202.53001,102.05,1741.13,507.11002,18.84,705.55,109.6,1226.28,1561.56,5843.2,2813.9355,20.69228
14436.78,202.53001,86.350006,1508.77,337.55002,17.27,713.77,94.53,1062.6001,1812.3601,5843.7,2381.0225,16.101768
10381.71,113.04,43.960003,857.22003,569.91003,-4.71,272.63,17.81,1077.12,1404.4801,5844.0,1212.1569,11.107036
8870.5205,69.08,47.100002,810.12006,295.16,-67.51,565.81,67.13,1049.4,1189.3201,5844.1,1298.7395,14.181715
15271.98,216.66,103.62,2004.89,580.9,109.9,1020.65,197.28,1260.6001,2100.12,5844.4,2857.2268,18.3998
99338.34,2351.86,106851.06,262143.0,154772.17,24121.48,46289.56,4156.58,18879.96,262143.0,5844.9,2946320.2,3074.466
12348.78,246.49,20.41,1245.01,521.24,127.170006,920.64,79.46,908.16003,1801.8,5845.4,562.78705,3.7257195
86176.984,1661.06,40741.5,262143.0,65669.96,11398.2,24950.44,2190.6301,10952.04,143868.12,5845.7,1123409.6,1350.7449
49195.02,1047.1901,42449.66,262143.0,62341.562,11015.12,23143.41,2009.79,8190.6,138548.53,5848.4,1170510.5,2466.187
13277.07,61.230003,229.22,3454.0,816.4,89.490005,63.02,45.21,489.72003,3171.9602,5850.2,6320.5317,48.36274
28090.56,279.46002,9145.25,110656.74,12916.391,1964.0701,3705.85,263.04,2698.08,30366.602,5850.2,252171.9,929.8596
55973.19,1197.91,48046.71,262143.0,67809.875,12137.67,23946.23,2439.97,7892.2803,155015.53,5850.5,1324844.1,2453.328
35944.05,579.33,19670.531,239373.2,25705.611,4226.44,6788.35,764.46,3087.4802,63135.6,5851.2,542396.9,1563.725
20744.28,339.12003,59.660004,2623.47,968.69,150.72,1974.17,186.32,1729.2001,2273.04,5851.2,1645.0701,7.223069
74128.35,1585.7001,67809.875,262143.0,92320.71,14637.11,23424.26,2050.89,8814.96,211929.97,5851.4,1869795.2,2614.5173
25518.84,375.23,161.71,3424.1702,1414.5701,91.060005,1748.12,187.69,3739.56,4029.9602,5853.8,4459.0054,17.118614
54863.07,1075.4501,40405.52,262143.0,54736.48,8856.37,13497.24,1237.11,6033.72,125842.2,5855.1,1114145.2,2104.7634
57135.51,918.45,33654.52,262143.0,46242.78,6333.3804,12808.13,1233.0,5949.24,108901.33,5856.3,927992.56,1683.1714
13350.15,2160.32,70.65,3931.28,7506.1704,3887.32,369.9,164.4,423.72003,11825.881,5856.6,1948.1091,14.131257
10228.59,50.24,135.02,1774.1001,425.47,138.16,12.33,65.76,223.08,2061.84,5856.7,3723.0532,36.74256
43405.17,651.55005,20158.8,247179.23,29148.621,4297.0903,7015.77,719.25,4637.16,64710.363,5856.9,555860.5,1326.9209
67666.86,1413.0,7930.0703,97660.28,12558.431,2639.1702,737.06,161.66,2702.04,34318.68,5857.3,218664.44,334.08115
76352.94,1593.55,67263.516,262143.0,94518.71,13222.54,27884.98,2407.09,12042.36,218300.28,5857.8,1854729.9,2517.8528
18679.77,452.16,17139.691,207397.0,28577.14,4838.74,12965.68,1074.08,5782.9204,61097.523,5858.7,472611.3,2622.4963
21355.02,717.49005,28979.06,262143.0,49134.723,8975.69,24272.291,2159.12,7860.6,105585.484,5859.0,799071.06,3879.0142
60010.86,1168.0801,34601.23,262143.0,53642.19,9363.48,24198.31,2097.47,8704.08,115588.445,5860.1,954097.25,1647.5825
17044.17,315.57,65.94,1683.04,893.33,160.14,1480.97,95.9,1549.68,2468.4001,5860.4,1818.2352,10.061706
15666.96,221.37001,92.630005,1191.63,483.56003,174.27,705.55,143.85,1422.9601,1696.2001,5862.0,2554.1877,15.905031
54897.87,2128.9202,54413.062,262143.0,80068.43,13366.98,29470.07,2450.93,11103.841,179042.17,5862.2,1500390.4,2832.979
155482.92,6772.9805,262143.0,262143.0,262143.0,64376.28,124768.64,10986.03,43282.8,262143.0,5862.9,7228353.5,4819.638
13019.55,100.48,58.09,1560.5801,282.6,240.21,804.19,164.4,1114.0801,1329.2401,5864.4,1601.7786,11.757171
53779.92,1723.8601,35756.75,262143.0,55037.92,10032.301,22874.89,2282.42,9187.2,126556.33,5865.8,985959.7,1900.0209
48581.67,785.0,1141.39,15018.62,4339.48,1160.23,289.07,47.95,2137.08,12727.44,5866.1,31472.785,66.17545
34724.31,742.61005,902.75,16659.271,12142.381,2871.53,15423.46,1423.43,3005.6401,11226.601,5866.2,24892.506,73.333206
49089.75,1208.9,41619.133,262143.0,61255.12,8928.59,20526.71,1776.89,7143.8403,133170.84,5866.9,1147609.5,2423.1038
18256.08,205.67001,69.08,1727.0,789.71,376.80002,1406.99,72.61,1383.3601,2443.32,5867.1,1904.8179,9.819166
56652.66,2105.37,78393.24,262143.0,121864.98,19431.89,53166.96,4416.88,11992.2,255236.53,5869.1,2161622.0,3955.4648
9030.6,40.82,0.0,573.05005,406.63,171.13,-34.25,-4.11,196.68001,1573.4401,5869.5,0.0,-1.0
19012.11,525.95,591.89,7112.1,973.4,199.39,521.97003,95.9,966.24005,3684.12,5869.8,16320.826,88.01429
54288.0,1208.9,42606.66,262143.0,67937.04,11815.82,27872.65,2661.91,8851.92,144492.48,5870.4,1174839.6,2242.9988
10562.67,200.96,417.62003,5516.98,1408.29,591.89,2194.74,128.78,1231.56,5109.72,5870.7,11515.49,112.046364
22040.58,298.30002,183.69,2695.6902,846.23004,295.16,1580.98,195.91,1879.68,3458.4001,5871.2,5065.084,22.829311
40080.03,946.71,40111.93,262143.0,55295.402,9842.33,17819.59,1546.73,4906.4404,124260.84,5871.7,1106049.8,2860.505
41453.76,460.01,22598.58,262143.0,32561.8,4994.1704,10880.54,961.74,4183.08,72933.96,5871.7,623135.2,1557.7131
63788.4,990.67004,40989.562,262143.0,56333.17,8157.72,15882.41,1337.12,7747.08,129115.805,5872.9,1130249.8,1836.3021
13732.95,276.32,113.04,670.39,359.53,106.76,-8.22,9.59,311.52002,1048.0801,5876.7,3116.9746,22.535168
27468.51,555.78,20223.17,243149.05,27889.48,4892.12,7111.67,574.03,2958.12,63961.92,5877.0,557635.44,2104.0537
19755.09,339.12003,11121.881,135280.62,14955.82,2218.4102,5489.59,637.05,1648.68,36597.0,5877.9,306675.7,1608.7122
12919.5,427.04,657.83,8288.03,2402.1,538.51,527.45,105.49,1651.3201,7318.08,5878.8,18139.06,144.58511
80022.6,3314.27,112170.23,262143.0,155544.61,23055.451,41728.832,3346.91,16889.4,262143.0,5879.6,3092991.5,4006.8728
61131.42,901.18005,42032.043,262143.0,55753.844,9848.61,16442.74,1567.28,6765.0005,132365.64,5880.0,1158995.1,1964.9163
39457.98,645.27,20975.201,256883.4,27412.201,4267.2603,5486.85,628.83,3748.8,66619.086,5880.6,578372.0,1518.9185
33334.92,673.53,452.16,6187.37,3983.09,1164.9401,2850.97,357.57,1684.3201,7060.68,5883.5,12467.898,37.783024
13629.42,138.16,-9.42,42.390003,125.600006,119.32001,63.02,12.33,318.12003,256.08002,5884.8,-259.7479,-2.976162
55671.3,1088.01,34387.71,262143.0,47751.55,8981.971,13054.73,1361.78,6093.12,111343.33,5885.8,948209.7,1765.1228
22918.41,400.35,205.67001,3238.9102,1009.51,122.46001,2033.08,175.36,2265.12,2919.84,5886.3,5671.1626,24.658749
67653.81,2625.04,82564.734,262143.0,117728.02,17576.15,38618.93,3494.87,16938.24,262143.0,5887.3,2276647.0,3488.4043
64641.0,1246.5801,58427.55,262143.0,82845.766,12456.381,27609.61,2098.84,8630.16,186628.2,5888.7,1611086.2,2583.3933
65046.42,1314.0901,42452.8,262143.0,57956.55,8554.931,16056.4,1272.73,7864.5605,133425.61,5889.7,1170597.1,1865.0872
19708.98,400.35,1103.7101,12560.0,2252.9502,651.55005,93.16,6.85,435.6,4931.52,5890.5,30433.797,159.11789
36780.99,1384.74,59443.344,262143.0,84027.98,13045.131,25369.66,2292.01,7337.8804,186568.81,5890.9,1639095.9,4619.9243
20717.31,254.34001,204.1,2720.81,1047.1901,310.86002,1423.43,97.27,2082.96,2614.9202,5891.0,5627.871,27.168173
36734.01,569.91003,16587.05,203536.38,22122.871,3708.34,7210.31,724.73,4027.32,54406.44,5891.8,457372.75,1290.07
41239.74,852.51,33729.883,262143.0,44762.273,6973.9404,12306.71,848.03,6037.68,106788.01,5891.8,930070.7,2337.557
64373.04,1326.65,53367.44,262143.0,77104.27,11746.74,30098.9,2849.6,10618.08,174394.45,5896.3,1471558.4,2369.3984
4089.0,324.99002,4444.67,51703.242,5813.71,1318.8,150.7,-2.74,491.04,14826.24,5897.5,122557.71,3106.9312
61294.11,1292.11,54584.19,262143.0,75837.28,13013.73,25372.4,2219.4,7109.5205,173539.1,5897.7,1505109.1,2545.227
11088.15,182.12001,84.78001,1009.51,204.1,97.340004,645.27,53.43,1254.0,1343.76,5898.6,2337.7312,20.86167
35173.23,656.26,21221.691,259346.73,31712.432,4978.47,8800.88,775.42,3876.84,68369.41,5898.8,585168.75,1724.1099
6989.58,18.84,-20.41,-40.82,3.14,39.25,-27.4,49.32,-7.92,14.52,5900.9,-562.78705,-9.349124
25438.8,386.22,855.65,10622.62,1965.64,175.84001,237.01,12.33,496.32,4951.3203,5901.3,23593.768,95.171974
69134.55,1180.64,24603.47,262143.0,34725.26,6188.9404,11747.75,1164.5,6774.24,79799.28,5901.8,678418.2,1016.5371
54250.59,833.67004,29756.21,262143.0,39950.223,5998.97,11792.96,894.61,6346.56,96176.52,5902.2,820500.3,1567.2749
77389.11,2866.82,130782.58,262143.0,180057.03,27823.541,55506.92,5048.45,19765.682,262143.0,5904.3,3606210.0,4830.912
74738.22,3273.4502,103277.74,262143.0,153214.73,27831.39,52457.3,4527.85,19083.24,262143.0,5904.7,2847789.2,3950.054
14696.04,189.97,20.41,64.37,1.57,75.36,52.06,-9.59,-29.04,48.84,5905.5,562.78705,2.9709246
15560.82,158.57,81.64,1981.3401,929.44,64.37,959.0,117.82,1223.64,2172.72,5905.6,2251.1482,14.000974
59160.87,1356.4801,52003.113,262143.0,78611.47,13195.851,32286.791,3034.55,11220.0,172719.36,5905.6,1433938.2,2512.2966
14497.68,260.62,78.5,2177.59,2438.21,794.42004,3323.62,295.92,1851.9601,2852.52,5905.8,2164.5657,14.481753
47540.28,1370.61,37019.03,262143.0,56568.67,8759.03,24657.26,1972.8,8738.4,125908.2,5906.0,1020765.94,2225.4468
11816.34,128.74,40.82,-106.76,183.69,40.82,-13.7,12.33,-22.44,171.6,5906.4,1125.5741,8.877317
46133.492,673.53,41016.25,262143.0,57518.523,9975.78,15386.47,1379.59,4824.6,129715.086,5906.6,1130985.6,2541.0764
52835.97,1827.4801,53252.832,262143.0,86546.25,15247.841,39283.38,3372.94,11453.641,180243.36,5908.7,1468398.1,2880.7878
131103.78,6424.4404,209521.22,262143.0,262143.0,43956.863,93877.88,7813.11,39105.0,262143.0,5909.1,5777356.0,4568.4277
52641.96,1003.23004,44038.5,262143.0,59416.652,8642.851,16074.21,1193.27,6112.9204,137232.48,5909.9,1214321.4,2390.9355
10126.8,794.42004,5151.1704,65778.29,13417.221,3406.9001,14619.2705,1242.59,6086.52,29582.521,5910.5,142038.81,1453.3961
36300.75,750.46,22837.22,262143.0,31158.22,5826.27,8758.41,993.25,4336.2,71821.2,5911.3,629715.5,1797.7742
36901.92,742.61005,22750.871,262143.0,31222.592,5389.81,8900.89,834.33,4647.72,73786.68,5911.6,627334.44,1761.7797
19889.94,456.87003,3887.32,49230.492,10704.261,2882.52,13549.3,1322.05,4326.96,22395.121,5911.9,107189.3,557.8122
14215.8,177.41,127.170006,1405.15,876.06006,560.49,117.82,67.13,460.68002,2362.8,5912.5,3506.5967,24.577753
13525.89,202.53001,128.74,2758.49,712.78,227.65001,950.78,115.08,621.72003,2092.2002,5913.5,3549.888,26.21427
48493.8,1064.4601,41267.453,262143.0,58422.844,9394.88,16303.0,1317.9401,7064.64,131520.84,5913.8,1137912.2,2432.1587
67008.27,1408.29,40644.16,262143.0,64016.754,10754.5,26123.16,1946.77,9394.44,134456.53,5914.3,1120725.5,1733.2781
62385.96,1425.56,58648.92,262143.0,82191.07,13569.511,27441.1,2292.01,9880.2,184983.48,5914.5,1617190.4,2686.956
56809.26,2747.5,102921.35,262143.0,146903.33,24432.34,39236.8,3633.24,14360.28,262143.0,5914.5,2837962.0,5179.0664
49582.17,843.09,29043.432,262143.0,41873.473,5702.24,13971.26,856.25,5280.0,94271.766,5914.8,800846.06,1673.8325
86504.1,2147.76,77173.35,262143.0,107106.98,18491.46,33317.03,2811.24,14562.24,248953.33,5915.1,2127984.5,2549.8188
52270.47,987.53,35009.43,262143.0,49731.32,7438.66,18608.71,1460.42,5726.16,111611.28,5916.1,965353.0,1914.039
41191.02,565.2,24077.521,262143.0,35293.6,5163.73,12646.47,1039.83,4543.44,80203.2,5918.2,663915.6,1670.3146
76421.67,3020.6802,132382.4,262143.0,181752.62,31549.15,47149.92,4001.77,15235.44,262143.0,5919.2,3650323.8,4951.936
18959.91,262.19,136.59001,2001.7501,698.65,260.62,920.64,52.06,1529.88,2405.04,5920.0,3766.3447,19.598314
12505.38,285.74002,111.47,1483.65,538.51,235.50002,180.84,17.81,319.44,1247.4,5922.1,3073.6833,24.486496
11978.16,196.25,271.61002,3254.61,938.86005,503.97003,2.74,38.36,244.20001,1743.7201,5922.3,7489.398,63.834274
12072.12,152.29001,709.64,8927.0205,3053.6501,924.73004,3286.6301,324.69,1570.8,7865.8804,5922.7,19567.674,167.07516
28710.871,502.40002,22166.83,262143.0,30487.83,5520.12,8732.38,776.79,3226.08,69285.484,5923.4,611230.06,2206.5278
9529.98,224.51001,1249.7201,15718.841,4970.62,1287.4,11054.53,1056.27,2669.04,10013.5205,5926.5,34459.887,373.94684
16211.58,233.93001,7603.5103,92819.98,10798.46,1590.41,1852.24,143.85,1354.3201,24727.56,5926.6,209659.84,1340.0278
59461.02,1317.2301,49935.42,262143.0,69034.47,10096.67,23166.7,2023.49,10071.601,162761.28,5927.2,1376923.6,2400.1836
24771.51,477.28003,1785.0901,24537.531,5356.8403,1439.6901,594.58,80.83,2988.4802,16147.561,5928.0,49222.227,205.04243
52352.25,1033.06,52709.613,262143.0,74129.125,11814.25,20604.8,1975.54,7373.5205,167944.92,5929.4,1453419.4,2877.7468
32256.99,628.0,31326.21,262143.0,44117.0,6787.1104,12941.0205,969.96,5433.12,102380.52,5929.5,863791.6,2775.726
73839.51,2452.34,68637.266,262143.0,95179.68,15456.65,34811.7,3231.83,16687.441,224730.02,5930.2,1892609.9,2656.787
24685.38,301.44,197.82,3414.75,761.45,226.08,1415.21,160.29,2451.24,2962.08,5930.6,5454.7056,21.912863
14301.061,91.060005,42.390003,1888.7101,772.44,160.14,1015.17,9.59,1796.52,1433.52,5931.0,1168.8656,7.475088
23309.91,315.57,741.04004,10577.091,5005.16,1549.5901,5704.68,419.22,3711.84,12446.28,5933.0,20433.502,89.89712
49523.01,931.01,40827.85,262143.0,56114.94,10068.41,20919.9,1737.16,4243.8003,130643.05,5934.4,1125790.6,2356.211
29598.27,703.36005,36714.453,262143.0,51646.723,8118.47,15504.29,1360.41,4069.56,115088.164,5934.6,1012367.44,3545.6614
12852.51,147.58,86.350006,1334.5,417.62003,28.26,911.05,75.35,1149.7201,1651.3201,5935.6,2381.0225,18.209826
16385.58,163.28,50.24,1563.7201,913.74005,69.08,1006.95,134.26,1057.3201,1982.6401,5936.3,1385.3221,7.766714
35412.48,609.16003,22958.111,262143.0,32023.291,4383.44,8558.39,868.58,3297.36,71277.36,5936.9,633048.94,1852.6547
19664.61,233.93001,178.98001,2934.33,956.13,164.85,1617.97,160.29,1749.0001,2288.8801,5937.2,4935.21,25.02365
27576.39,913.74005,42057.16,262143.0,59294.19,8399.5,17659.3,1744.01,5455.56,132502.92,5938.2,1159687.8,4359.653
13358.85,552.64,11456.29,138477.14,19764.73,3468.1301,13079.39,976.81,4769.16,45340.684,5938.8,315896.72,2451.0195
32958.21,511.82,17584.0,215747.84,21410.09,3180.82,2292.01,167.14,2086.9202,56572.562,5940.0,484862.72,1524.4678
19488.87,340.69,109.9,2741.22,821.11005,466.29,1456.31,119.19,1800.4801,2914.56,5940.2,3030.392,15.123528
39346.62,569.91003,24024.14,262143.0,32723.512,5181.0,9218.73,856.25,3985.08,76857.0,5941.0,662443.7,1744.7797
32652.84,1345.49,57016.12,262143.0,83842.71,14869.471,26847.89,2148.16,7398.6,181819.45,5942.3,1572167.4,4991.588
71565.33,1634.37,66615.1,262143.0,93248.586,14213.211,28770.0,2767.4,12013.32,210586.2,5942.4,1836850.5,2660.4543
53137.86,838.38,36946.812,262143.0,52215.062,8277.04,15731.71,1390.55,5617.9204,119066.65,5942.5,1018774.56,1987.0254
32798.13,485.13,9564.44,117916.42,14307.41,3377.07,4897.75,474.02,3463.6802,32557.8,5944.7,263730.7,832.79535
39541.5,748.89,39878.0,262143.0,59171.73,9324.23,14869.98,1165.87,4986.96,124783.56,5947.0,1099599.4,2882.5615
28905.75,320.28,10501.73,128740.01,14720.32,2378.55,4988.17,524.71,3443.8801,34998.48,5947.4,289575.62,1037.7849
13534.59,193.11,29.830002,1526.04,460.01,64.37,1031.61,78.090004,1180.0801,1828.2001,5948.3,822.53503,5.3016925
63115.02,1073.88,46153.293,262143.0,64153.344,9978.92,18384.03,1616.6,8506.08,147408.36,5948.6,1272634.9,2089.8313
21596.01,654.69,34919.94,262143.0,49894.6,7622.35,16222.17,1319.31,4934.16,110832.484,5948.7,962885.44,4622.267
65671.95,1397.3,52863.473,262143.0,75196.72,11870.7705,23162.59,2085.14,9342.96,167704.69,5950.3,1457661.9,2300.573
37175.1,505.54,150.72,3662.81,4543.58,1175.93,10714.7705,972.7,1452.0,6102.3604,5951.3,4155.9663,10.59225
13347.54,174.27,73.79,1037.77,676.67004,153.86,1034.35,36.99,1525.92,1383.3601,5951.7,2034.6918,14.806849
19985.64,386.22,29.830002,929.44,595.03,167.99,-21.92,21.92,332.64,1444.0801,5952.4,822.53503,3.2676048
11426.58,157.0,94.200005,1423.99,483.56003,81.64,689.11,63.02,1169.52,1317.3601,5953.4,2597.479,22.571306
37344.75,697.08,29575.66,262143.0,40904.78,6663.08,12617.7,1202.86,4540.8003,94814.28,5954.2,815521.75,2263.4038
16911.93,340.69,28.26,2053.56,533.8,120.89001,1101.48,127.41,1075.8,2506.6802,5954.5,779.24365,3.7778
66518.46,1452.25,48921.203,262143.0,68101.89,11453.15,22965.31,1912.52,8151.0005,156125.64,5955.0,1348957.4,2101.8289
51644.07,800.7,24664.701,262143.0,32957.44,5584.49,11155.91,904.2,4239.8403,79763.64,5955.5,680106.56,1364.5398
32399.67,566.77,17010.951,209920.0,24633.3,3695.78,6747.25,601.43,3810.84,55449.242,5955.6,469061.4,1500.1946
47730.81,1827.4801,86742.5,262143.0,124469.6,18582.521,41083.56,3509.94,13783.44,262143.0,5956.0,2391845.0,5195.1553
32313.541,1086.4401,37512.01,262143.0,58969.203,11115.601,27231.49,2365.99,7599.24,131679.25,5956.3,1034359.44,3318.2107
24822.84,585.61005,16452.031,199752.67,29643.172,5641.0103,16374.24,1383.7,5078.04,60756.96,5956.5,453649.72,1894.0342
44718.0,1097.43,36821.21,262143.0,57322.273,9674.34,24179.13,2352.29,5929.4404,123491.28,5958.2,1015311.2,2353.3157
42920.582,869.78,40097.8,262143.0,55406.87,10289.78,16550.97,1408.36,5357.8804,130804.086,5958.7,1105660.1,2670.1848
49586.52,899.61005,39223.312,262143.0,56163.613,7948.91,18160.72,1864.57,5404.08,126680.41,5959.2,1081547.0,2260.672
24065.94,706.5,29641.602,262143.0,43823.41,7644.33,15353.59,1438.5,6006.0,97715.64,5959.8,817340.06,3520.6633
62318.1,1040.91,44792.1,262143.0,62305.453,10707.4,18789.55,1549.47,7777.4404,141501.36,5962.3,1235101.2,2054.1155
41844.39,805.41003,43217.39,262143.0,60969.383,9071.46,17415.44,1452.2,6255.4805,135472.92,5963.1,1191680.0,2952.0466
17306.91,412.91,160.14,2648.59,1243.4401,351.68002,190.43001,91.79,533.28,2676.9602,5964.8,4415.714,25.45631
19419.27,312.43002,155.43001,2537.12,1001.66003,384.65002,1511.11,123.3,1437.4801,2537.04,5965.0,4285.8403,21.885002
65535.36,3264.03,131261.42,262143.0,186677.72,27982.111,53019.0,4853.91,19600.682,262143.0,5965.4,3619413.8,5725.7793
12778.561,108.33,153.86,1601.4,560.49,53.38,1127.51,69.87,1145.76,1525.92,5966.2,4242.549,33.426495
15131.04,270.04,1730.14,21676.99,2512.0,471.00003,67.13,-41.1,542.52,6308.2803,5966.2,47707.027,325.93503
17924.61,255.91,2441.35,31109.55,3471.27,692.37,1017.91,109.6,1797.8401,8387.28,5966.7,67317.99,388.42993
67209.24,1898.13,83461.2,262143.0,114434.164,17050.201,33965.04,2959.2,11140.801,261419.4,5968.0,2301366.2,3549.6235
64419.15,1116.27,35949.86,262143.0,51448.902,8801.42,19659.5,1689.21,6912.8403,115373.28,5968.6,991284.5,1594.6265
54011.34,1033.06,43956.863,262143.0,60958.39,9385.46,18233.33,1680.99,4791.6,138735.97,5968.6,1212070.2,2325.9697
52069.5,1158.66,50084.57,262143.0,67420.516,10891.091,18597.75,1478.23,5604.72,153252.0,5968.8,1381036.2,2749.2334
53341.44,879.2,38797.84,262143.0,52497.66,9969.5,16204.36,1682.36,5365.8003,123941.41,5969.2,1069815.0,2078.6575
32544.96,821.11005,29941.47,262143.0,42492.05,7110.5303,13269.82,1331.64,4118.4004,94900.086,5971.1,825608.7,2629.5005
43900.2,775.58,24203.121,262143.0,33001.402,4961.2,10390.08,853.51,4554.0,78928.086,5971.2,667378.94,1575.3545
70758.84,1240.3,52436.434,262143.0,74303.39,11026.11,20784.27,1683.73,5500.4404,161841.25,5972.6,1445886.8,2117.856
25516.23,345.40002,11823.67,145342.75,17095.73,2522.99,5571.79,471.28,2240.04,39065.402,5974.4,326026.88,1323.905
63207.242,949.85004,48224.12,262143.0,65775.15,10632.04,21545.99,1889.23,9707.28,152284.45,5974.4,1329736.0,2180.456
14740.41,274.75,238.64001,2824.4302,398.78,56.52,89.05,-9.59,327.36002,2108.04,5975.1,6580.2803,45.28952
60594.63,1676.76,76857.78,262143.0,110507.59,16817.84,33541.71,2637.25,9261.12,240558.12,5975.7,2119283.0,3625.6252
23955.45,307.72,200.96,3154.1301,1168.0801,213.52,1742.64,156.18001,3340.9202,3333.0002,5977.0,5541.2886,22.985807
20911.32,339.12003,8542.37,103558.77,12297.811,2078.6802,4932.0,408.26,2534.4001,29862.361,5977.6,235548.05,1167.0083
26334.03,1560.5801,23714.852,262143.0,36728.582,6058.6304,11605.2705,937.08,4785.0,80393.28,5978.0,653915.3,2573.8508
14050.5,136.59001,318.71002,4666.04,1332.93,428.61002,283.59,38.36,508.2,3197.04,5978.6,8788.138,63.856415
26963.91,543.22003,18714.4,229703.56,26854.852,4249.99,10418.85,920.64,4055.04,62318.523,5979.1,516032.47,1983.4585
55735.68,1031.49,41754.152,262143.0,61474.92,10721.53,20091.05,1494.67,8180.0405,138090.48,5981.1,1151332.5,2140.9797
42193.26,709.64,26551.842,262143.0,35668.832,5502.85,10594.21,700.07,4873.4404,88496.766,5981.4,732142.75,1798.2875
26354.91,367.38,12034.051,147094.88,16224.381,2535.55,5032.0103,367.16,2419.56,39291.12,5982.0,331827.94,1304.5674
12214.8,226.08,65.94,1587.27,425.47,160.14,1060.38,116.45,785.4,1145.76,5982.4,1818.2352,14.435177
62941.02,1548.02,58144.953,262143.0,81186.27,12707.58,26971.19,2597.52,8255.28,182519.05,5982.4,1603293.9,2640.358
17123.34,235.50002,26.69,1323.51,516.53,144.44,819.26,116.45,1422.9601,1865.16,5982.6,735.95233,3.456656
26164.38,381.51,144.44,2658.01,1635.9401,251.20001,300.03,-39.73,597.96,3781.8,5983.4,3982.801,14.784327
58419.63,1894.9901,74964.36,262143.0,103040.67,16310.73,23780.46,2218.03,10235.28,233781.25,5983.9,2067073.6,3667.9775
28778.73,427.04,18281.08,222886.62,25879.88,3397.4802,7191.13,642.53,2613.6,58536.723,5984.3,504084.06,1815.2649
69311.164,1130.4,33497.52,262143.0,54849.523,11021.4,27590.43,2068.7,12489.841,119598.6,5984.8,923663.44,1380.8422
39321.39,566.77,216.66,6138.7,3590.59,1229.31,609.65,73.98,3116.52,10424.04,5985.5,5974.201,14.754291
55074.48,1830.6201,79660.234,262143.0,113770.055,17943.531,37151.66,3041.4,9018.24,255582.38,5986.6,2196558.0,4134.615
57436.53,1111.56,39786.94,262143.0,54579.48,7225.14,13953.45,1005.58,5739.3604,127377.37,5986.8,1097088.5,1979.6208
61749.12,1152.38,42871.992,262143.0,56355.152,8744.9,13943.86,1349.45,5744.64,133565.53,5987.4,1182156.0,1984.1434
47257.53,981.25006,33783.26,262143.0,44522.062,8721.351,14812.44,1111.07,5979.6,112091.766,5991.5,931542.56,2042.9937
30225.541,1409.8601,54865.223,262143.0,93779.24,15721.98,44557.88,3834.6301,11309.761,193773.38,5992.0,1512858.4,5189.0566
47120.07,841.52,34613.793,262143.0,46435.89,8537.66,13653.42,1164.5,4778.4004,108494.766,5992.8,954443.7,2099.3528
28562.97,460.01,105.19,8600.46,15579.11,8738.62,648.01,252.08,421.08002,31113.72,5992.9,2900.518,9.529799
46255.29,828.96,38799.41,262143.0,51860.242,9487.511,15839.94,1491.93,6292.4404,123410.766,5993.3,1069858.2,2397.3508
20549.4,277.89,8581.62,104491.35,11533.221,1722.29,3622.28,238.38,2077.6802,27647.4,5993.8,236630.33,1193.0408
49375.11,1873.01,50838.17,262143.0,78782.6,13387.391,35150.09,2950.98,11241.12,170941.33,5994.8,1401816.1,2942.953
85505.34,2745.9302,117414.02,262143.0,179532.64,30321.41,58303.09,5199.15,20859.96,262143.0,5995.0,3237584.2,3925.2297
28999.71,478.85,1342.3501,18684.57,6265.87,2376.98,1438.5,152.07,3459.7202,15436.081,5995.4,37014.074,131.34914
36396.45,532.23004,21169.88,257735.92,30993.371,5077.3804,9499.58,774.05,3660.36,68546.28,5995.7,583740.1,1662.0619
20752.11,324.99002,105.19,2050.4202,945.14,183.69,1622.08,194.54,1342.4401,3302.6401,5995.7,2900.518,13.493097
27603.36,445.88,9712.0205,117337.09,13930.61,2274.9302,6296.52,446.62,3446.52,33137.28,5996.7,267800.1,1004.99695
55800.93,780.29004,36362.77,262143.0,52180.523,7718.12,18285.39,1746.75,7770.8403,119444.164,5997.1,1002670.1,1862.2216
16938.9,580.9,14535.061,179509.1,26132.65,4658.19,15264.54,1274.1,4971.12,52994.043,5997.1,400791.0,2452.4692
13858.23,144.44,73.79,1406.7201,640.56,116.18,1059.01,45.21,794.64,1661.8801,5997.3,2034.6918,14.224349
14597.73,981.25006,26344.602,262143.0,47594.55,7501.4604,26062.88,2389.28,6836.2803,96514.445,5997.6,726428.3,5159.0664
71712.36,1774.1001,81093.64,262143.0,117569.45,18369.0,41067.12,3586.66,14630.881,258727.94,5998.6,2236083.0,3232.2686
39134.34,1190.06,46147.01,262143.0,63754.562,8361.82,18427.87,1472.75,6417.8403,147094.2,5999.5,1272461.6,3370.5886
11829.39,301.44,237.07,4367.74,2810.3,731.62,584.99,134.26,941.16003,4552.68,6000.3,6536.989,56.301144
44190.78,618.58,16786.441,205839.56,24322.441,3265.6,7107.56,526.08,2868.36,56857.684,6000.4,462870.78,1085.1154
15546.9,76.93,533.8,6851.4805,2191.72,764.59,331.54,31.51,1025.64,5472.72,6000.8,14719.046,97.17112
61327.17,1453.8201,48253.953,262143.0,66453.39,9861.17,22805.02,2071.44,9436.681,155107.92,6000.9,1330558.6,2248.7224
51182.97,1034.63,25322.531,262143.0,42418.26,6397.75,20793.86,1975.54,8433.48,89507.88,6002.0,698245.6,1413.5902
63886.71,1359.62,63165.812,262143.0,87896.45,13177.011,26780.76,2223.51,7604.5205,200538.38,6002.2,1741739.5,2825.9658
51332.61,1400.4401,49706.203,262143.0,70249.66,11253.761,24236.67,2046.78,9599.04,157341.36,6002.6,1370603.1,2767.6384
43136.34,643.7,21623.611,262143.0,32301.182,5246.94,12043.67,1064.49,4213.44,72041.64,6002.6,596251.3,1432.2896
81299.76,2738.08,103353.1,262143.0,138602.75,21647.16,34466.46,2750.96,12563.761,262143.0,6003.2,2849867.2,3633.8228
55921.86,998.52,45016.613,262143.0,63913.133,9154.67,18503.22,1742.64,6153.8403,141105.36,6005.0,1241291.9,2300.6548
23130.69,321.85,191.54001,3276.59,1022.07,274.75,2001.57,98.64,2170.08,3615.4802,6005.5,5281.5405,22.676632
11326.53,51.81,219.8,2876.24,808.55005,276.32,724.73,34.25,541.2,2257.2002,6006.0,6060.784,54.48554
58025.52,1202.62,38298.582,262143.0,56694.273,8295.88,20462.32,1701.54,8203.801,127762.805,6006.9,1056048.4,1886.177
31715.85,783.43005,26697.852,262143.0,37538.703,7465.35,17196.24,1582.35,5154.6,85782.84,6007.1,736168.8,2405.8496
32707.65,491.41,13539.681,166661.78,19596.74,3483.83,6181.44,630.2,2911.9202,45038.402,6007.2,373344.3,1182.6085
52035.57,1350.2001,53281.09,262143.0,78572.22,13299.471,28808.36,2570.12,10669.561,176110.45,6007.9,1469177.4,2926.668
70048.92,1226.17,42198.46,262143.0,58554.723,9493.79,16044.07,1374.11,7360.3203,132347.17,6009.1,1163584.0,1721.4402
60492.84,1521.3301,47641.652,262143.0,69561.99,10577.091,25725.86,2349.55,9777.24,154641.97,6009.4,1313675.0,2250.8103
54482.88,1006.37006,44182.94,262143.0,62898.91,9533.04,20943.19,1819.36,5867.4004,141110.64,6009.5,1218304.2,2317.6948
33346.23,850.94,32847.543,262143.0,45658.742,7289.5103,15398.8,1431.65,5353.9204,100664.52,6009.6,905740.94,2815.47
78668.01,1716.01,64189.453,262143.0,89406.8,14290.141,28376.81,2271.46,10204.92,204916.81,6010.4,1769965.5,2331.9988
11451.811,364.24002,205.67001,2705.11,442.74002,80.07,-27.4,-31.51,203.28001,1444.0801,6010.4,5671.1626,50.350636
45907.29,626.43,15750.24,193099.02,24355.41,5086.8003,10928.49,912.42,6077.2803,53240.883,6010.5,434298.47,979.9673
34181.43,692.37,30944.701,262143.0,42887.69,6977.08,14305.54,989.14,5199.48,96548.766,6012.0,853271.8,2587.4814
30619.65,248.06001,571.48004,7884.54,2800.8801,1329.79,442.51,27.4,1424.28,7662.6,6012.5,15758.039,52.364178
50689.68,1044.05,39284.543,262143.0,56146.344,9766.971,20544.52,1420.6901,5058.24,129645.125,6012.6,1083235.4,2214.9053
45874.23,756.74005,28591.271,262143.0,39851.312,7041.45,12679.35,1202.86,5082.0,92302.32,6012.8,788378.2,1781.0247
24822.84,756.74005,1146.1001,16125.471,4199.75,1587.27,250.71,101.38,1158.9601,9577.92,6013.9,31602.662,131.01402
19281.81,400.35,1546.4501,19832.24,6791.8203,2373.84,6959.6,789.12,2009.04,12388.2,6014.2,42641.945,228.31743
106353.15,4228.0103,140152.33,262143.0,202800.05,34736.25,71097.52,6299.2603,24552.0,262143.0,6014.2,3864572.2,3766.8965
4510.08,17.27,-18.84,136.59001,7.8500004,-18.84,-6.85,-24.66,-64.68,130.68001,6015.4,-519.4958,-12.943887
53764.26,810.12006,31395.291,262143.0,43818.703,6871.89,15064.5205,1145.32,6226.4404,100145.766,6016.0,865696.44,1668.6283
71031.15,2590.5,63351.07,262143.0,88075.43,15916.66,29970.12,2723.56,12999.36,213172.1,6017.2,1746847.9,2549.082
18581.46,150.72,47.100002,1700.31,774.01,307.72,1478.23,54.8,1577.4,3125.76,6017.2,1298.7395,6.2475314
66673.32,1463.24,52627.973,262143.0,71378.484,11519.091,20478.76,1507.0,8408.4,165666.61,6018.1,1451168.2,2255.9065
19505.4,334.41,171.13,2924.9102,861.93005,197.82,1738.53,156.18001,2567.4001,2801.04,6018.1,4718.7534,24.085358
16750.11,244.92001,263.76,2083.3901,546.36005,80.07,1552.21,179.47,1700.16,1477.0801,6018.3,7272.941,44.023605
16750.11,229.22,61.230003,1215.18,736.33,332.84,41.1,-8.22,295.68002,1425.6001,6018.4,1688.3613,9.451909
31765.44,588.75,24746.342,262143.0,33266.73,5168.44,11471.01,646.64,3721.08,75584.52,6019.4,682357.75,2226.4355
16851.9,180.55,146.01001,2497.87,445.88,185.26001,1398.77,242.49,2517.24,2566.08,6019.5,4026.0925,23.773237
46620.69,1975.06,59190.57,262143.0,84037.39,14420.45,29679.68,2720.82,13560.36,193416.97,6019.7,1632125.9,3629.1355
33454.11,808.55005,33820.94,262143.0,46663.543,8471.721,12386.17,1323.42,4836.48,106015.805,6020.8,932581.5,2889.5813
55463.37,989.10004,50233.723,262143.0,68320.125,11212.94,20674.67,1527.55,6701.64,162773.17,6022.5,1385149.0,2588.6323
26260.08,502.40002,23793.352,262143.0,32017.012,6193.6504,8947.47,853.51,4307.16,74836.086,6024.7,656079.9,2589.649
61771.742,1576.28,44126.42,262143.0,64412.39,10132.78,20488.35,1664.55,9694.08,145482.48,6025.2,1216745.8,2041.4802
35468.16,764.59,287.31,4449.3804,1797.65,390.93002,308.25,8.22,1062.6001,4687.3203,6025.7,7922.3105,22.161201
18780.69,318.71002,149.15001,2391.11,675.10004,288.88,1434.39,104.12,2085.6,2135.76,6026.1,4112.6753,21.707054
72987.78,2402.1,90736.586,262143.0,123615.52,20212.182,33395.12,2957.83,13276.561,262143.0,6027.0,2501978.2,3553.5222
61910.94,1290.54,44005.53,262143.0,62641.434,8595.75,17072.94,1378.22,7200.6,139286.4,6027.2,1213412.2,2031.3047
14567.28,114.61,788.14,10500.16,3215.36,684.52,147.96,69.87,1069.2001,6889.08,6027.4,21732.24,153.69415
15821.82,197.82,281.03,3377.07,1932.67,678.24005,217.83,120.56,607.2,3430.6802,6027.6,7749.145,49.78614
26107.83,1491.5,35081.652,262143.0,62157.87,11515.95,35193.93,3024.96,7649.4004,126822.97,6028.5,967344.5,3841.008
25806.81,522.81,30479.98,262143.0,42002.21,6966.0903,11403.88,1101.48,3557.4001,102420.125,6031.0,840457.56,3375.9863
14034.84,102.05,331.27002,4479.21,1596.6901,1119.41,964.48,124.67,842.16003,3651.12,6031.1,9134.468,66.48755
20850.42,285.74002,161.71,3392.77,1105.28,365.81,1422.06,304.14,1704.1201,2781.24,6031.3,4459.0054,21.17538
55275.45,1218.3201,27967.98,262143.0,39587.55,5138.6104,11931.33,952.15,5476.68,93958.92,6032.7,771191.5,1445.6979
54273.21,1332.93,64669.87,262143.0,90028.516,14652.811,24631.23,2123.5,8516.641,203236.45,6033.4,1783212.5,3405.9478
45606.27,832.10004,21837.13,262143.0,31908.682,4570.27,9492.73,790.49,5079.3604,72354.484,6034.8,602138.94,1368.0522
25714.59,310.86002,177.41,3653.3901,1475.8,180.55,1812.51,260.3,1895.52,3141.6,6037.3,4891.9185,18.726385
82742.22,1953.0801,110038.164,262143.0,162259.5,26435.66,51018.8,4467.57,20487.72,262143.0,6037.7,3034201.8,3801.4646
31113.81,529.09,13206.841,161727.28,18337.602,1962.5001,4895.0103,442.51,2869.6802,43496.64,6037.8,364166.56,1212.6536
