FSC-A,SSC-A,FITC-A,PE-A,PerCP-Cy5-5-A,PE-Cy7-A,APC-A,APC-Cy7-A,Pacific Blue-A,V500-A,Time,normalized_FITC_A,FITC_fluorescence
89275.05,1981.3401,74826.2,262143.0,106301.56,17061.191,36650.24,3342.8,16510.56,242616.02,45.3,2063264.1,2395.4734
19624.59,395.64,9522.051,115541.016,11701.21,1171.2201,1337.12,101.38,1734.4801,30815.4,45.3,262561.84,1386.3271
21742.17,310.86002,9385.46,113354.0,13735.931,2166.6,3644.2,423.33,2022.2401,32189.521,45.5,258795.47,1233.2458
60410.19,993.81006,42870.42,262143.0,59171.73,8682.101,19918.43,1708.39,7138.56,139508.17,47.7,1182112.6,2028.0677
20858.25,271.61002,9368.19,113313.19,12366.891,1577.8501,3699.0,279.48,1899.4801,28809.002,49.4,258319.28,1283.1827
4318.68,175.84001,108.33,2165.03,1844.7501,745.75,506.9,130.15,431.64,2605.6802,52.2,2987.1006,70.721054
63075.87,1298.39,44766.98,262143.0,61872.133,9591.13,17182.541,1605.64,9332.4,141253.2,52.5,1234408.5,2028.2872
56549.13,1009.51,37198.01,262143.0,56224.844,9212.761,22910.51,2015.27,7572.8403,124795.445,52.5,1025701.1,1879.8009
128738.25,8019.56,262143.0,262143.0,262143.0,69108.266,153630.44,13664.38,57892.562,262143.0,52.6,7228353.5,5821.1
18839.85,419.19,310.86002,2899.79,946.71,78.5,135.63,-54.8,365.64,2335.08,53.1,8571.681,46.17766
131199.48,3600.01,172389.14,262143.0,230697.38,37618.77,56644.02,4829.25,34037.52,262143.0,53.4,4753473.0,3755.8752
75963.18,3359.8,114090.336,262143.0,164488.9,25919.13,55969.98,4971.73,19893.72,262143.0,55.0,3145936.8,4293.323
17262.541,141.3,390.93002,5111.9204,2942.1802,615.44,5821.13,502.79,1114.0801,5138.7603,55.1,10779.538,63.750526
21924.871,423.90002,19601.451,241031.12,30103.182,5028.71,11910.78,1191.9,4212.12,66194.04,55.3,540492.06,2555.2312
17930.7,524.38,189.97,3091.33,612.30005,237.07,94.53,-64.39,237.6,1525.92,55.6,5238.249,29.292616
85760.25,4039.61,124832.27,262143.0,187150.28,32634.021,78165.35,6965.08,21460.56,262143.0,55.7,3442135.8,4160.883
11988.6,119.32001,276.32,3659.6702,876.06006,309.29,47.95,32.88,531.96,2756.1602,56.9,7619.2715,64.90113
97732.32,4611.0903,166691.61,262143.0,235534.55,37033.16,69663.13,6311.59,28406.4,262143.0,57.2,4596368.5,4875.6826
39321.39,789.71,24754.191,262143.0,34211.87,4064.7302,13195.84,954.89,8032.2,86048.164,57.7,682574.2,1798.985
25261.32,507.11002,22703.771,262143.0,32343.57,4162.0703,10413.37,1065.86,4006.2002,76016.164,58.4,626035.75,2568.7505
56814.48,2020.5901,82461.11,262143.0,118520.875,16729.92,40154.7,3309.92,12113.641,262143.0,58.7,2273789.8,4148.914
24286.05,464.72,3074.06,37961.03,11699.641,2943.75,13697.26,1316.57,3627.36,19888.441,60.1,84764.39,360.9132
51611.01,1860.4501,60452.85,262143.0,88075.43,15883.69,31001.73,2271.46,11338.801,196608.73,60.3,1666932.1,3348.0637
28817.88,489.84003,14904.011,179009.84,20209.041,3061.5,5849.9,617.87,3293.4001,46877.16,61.1,410964.47,1477.7343
19875.15,423.90002,562.06,6860.9004,1142.9601,441.17,283.59,30.14,476.52002,2973.9602,62.0,15498.29,79.85767
42714.39,651.55005,18237.121,220252.17,24419.781,4565.56,6514.35,645.27,5249.64,61139.76,62.1,502871.94,1219.7622
139492.33,4027.05,115341.625,262143.0,163469.97,25956.81,48119.88,4311.39,18634.441,262143.0,62.1,3180439.8,2363.203
45251.31,865.07,26354.021,262143.0,40363.133,7474.77,14187.72,1209.71,6479.8804,91788.84,62.2,726688.06,1664.1937
98468.34,3317.4102,122780.28,262143.0,181744.78,28426.422,65596.97,5838.94,26051.521,262143.0,62.7,3385554.0,3564.176
110870.19,3778.9902,124381.69,262143.0,172941.78,27065.23,50011.85,4231.93,28237.441,262143.0,63.2,3429711.2,3206.6772
12098.22,368.95,2135.2,27966.41,9123.2705,2455.48,14426.1,1089.15,5149.3203,14984.641,64.7,58876.184,503.62186
63046.29,1998.6101,61952.203,262143.0,90417.875,13326.16,30274.26,2629.03,16102.681,205046.17,65.6,1708275.4,2808.611
10774.95,139.73001,2862.11,34178.902,3611.0,579.33,1128.88,38.36,859.32,9096.12,65.9,78920.07,758.4865
159330.94,6355.3604,262143.0,262143.0,262143.0,53916.94,86620.99,7400.74,37656.96,262143.0,66.0,7228353.5,4703.215
103923.24,1910.6901,87453.71,262143.0,121318.62,19267.041,37265.37,3361.98,9418.2,262143.0,66.0,2411456.0,2405.1047
33543.72,621.72003,2701.97,36241.883,9774.82,2651.73,5069.0,472.65,3578.5203,21220.32,67.0,74504.35,229.31291
30599.64,475.71002,14246.181,174692.33,19202.67,3596.87,5419.72,564.44,3340.9202,46357.082,67.8,392825.4,1330.1627
132675.0,6130.85,262143.0,262143.0,262143.0,64264.812,117704.92,10159.92,46652.76,262143.0,68.4,7228353.5,5648.346
16124.58,141.3,519.67004,6829.5,2320.46,948.28,3082.5,334.28,748.44,4194.96,68.5,14329.426,91.1485
24259.95,488.27002,725.34,9721.44,1846.3201,510.25003,191.8,-6.85,617.76,4818.0,68.6,20000.588,84.48713
179306.12,7432.3804,260051.67,262143.0,262143.0,58515.473,89796.65,7735.02,42164.76,262143.0,69.8,7170687.0,4145.804
6572.85,248.06001,2807.1602,34718.98,9054.19,2022.16,11006.58,842.55,2960.76,14620.32,69.9,77404.875,1220.1316
132484.47,2645.4502,82007.38,262143.0,121240.12,17737.861,34985.69,2945.5,16798.32,262143.0,70.1,2261278.5,1768.8522
3808.86,94.200005,83.21,1667.3401,1139.8201,238.64001,282.22,61.65,459.36002,1762.2001,70.3,2294.4397,61.46396
94207.95,5713.23,242320.1,262143.0,262143.0,52161.684,92298.27,7977.5103,31159.922,262143.0,70.5,6681755.0,7353.461
29607.84,1365.9,1529.18,25214.201,11212.94,3425.7402,2002.9401,628.83,3934.9202,20251.441,71.7,42165.742,146.67294
19785.541,182.12001,433.32,5504.4204,1727.0,183.69,191.8,23.29,678.48004,4305.8403,72.0,11948.402,61.61953
24982.92,467.86002,2353.4302,30338.682,8302.16,1923.2501,9251.61,682.26,2288.8801,15244.681,72.0,64893.684,268.34387
114320.61,3052.08,136180.23,262143.0,195491.7,29668.291,56730.332,5269.02,22770.0,262143.0,72.2,3755045.5,3404.9521
50372.13,2240.3901,1136.68,18125.65,7823.31,2466.47,1608.38,298.66,3883.4402,20618.4,73.5,31342.912,63.52038
86116.95,5115.06,153789.36,262143.0,235121.64,42292.66,98130.36,8802.25,42774.6,262143.0,73.8,4240601.0,5105.0684
87060.9,3676.9402,158298.39,262143.0,217737.03,33723.6,62902.18,5204.63,25660.8,262143.0,74.2,4364933.5,5197.791
28312.41,455.30002,17357.92,211954.72,22854.49,3585.8801,6595.18,439.77,2523.84,53701.562,74.3,478628.75,1751.9512
16921.5,460.01,508.68002,6300.41,1587.27,419.19,254.82,19.18,435.6,3063.7202,74.8,14026.387,84.95177
126292.68,5848.25,234468.52,262143.0,262143.0,58328.64,121912.19,10906.57,43746.12,262143.0,75.4,6465255.0,5307.299
76124.13,2587.36,73325.28,262143.0,112049.336,20056.75,35866.6,3425.0,16546.201,249120.97,76.1,2021877.5,2753.1042
40599.42,827.39,33137.992,262143.0,43504.703,6824.79,12523.17,1023.39,4707.12,105820.445,77.1,913749.8,2332.7554
22599.99,354.82,8058.81,98801.67,10939.761,1687.75,3087.98,328.8,1953.6001,25998.72,77.4,222214.31,1018.5573
27574.65,800.7,32863.242,262143.0,51764.473,10383.98,21226.78,2019.38,5821.2,112015.2,78.3,906173.8,3406.606
33780.36,802.27,27710.5,262143.0,39169.93,6447.99,10576.4,913.79,5212.68,88830.73,78.3,764091.7,2344.4658
13535.46,580.9,376.80002,8058.81,5281.48,2447.6301,780.9,347.98,1469.16,7876.4404,78.7,10389.916,78.5952
53299.68,810.12006,25025.8,262143.0,35566.78,5174.72,8192.6,924.75,3921.7202,80916.0,78.9,690063.56,1341.494
12414.9,114.61,428.61002,5579.7803,901.18005,227.65001,78.090004,35.62,275.88,2970.0,79.4,11818.529,97.71158
19374.03,323.42,76.93,1918.54,580.9,78.5,1489.1901,79.46,1259.28,1741.0801,80.0,2121.2744,10.35337
12504.51,172.70001,-87.920006,43.960003,-91.060005,-7.8500004,9.59,-46.58,79.200005,101.64001,80.7,-2424.3137,-21.103424
18635.4,167.99,364.24002,5127.62,2199.57,635.85004,1056.27,121.93,1607.76,4658.2803,80.7,10043.585,54.88534
47631.63,693.94,22304.99,262143.0,32028.002,5873.37,10169.51,927.49,3751.4402,69476.88,82.7,615039.7,1337.923
18678.9,303.01,6760.4204,83305.77,9876.87,1585.7001,2637.25,254.82,1500.8401,21657.24,83.4,186412.4,1033.8357
170703.58,9197.061,262143.0,262143.0,262143.0,68637.266,124493.27,10999.73,48731.76,262143.0,84.3,7228353.5,4389.81
28150.59,507.11002,11107.75,137315.34,19289.021,3466.56,13654.79,1039.83,5574.3604,46852.082,85.0,306286.03,1127.2037
122817.9,3833.9402,174808.52,262143.0,229370.73,33409.6,48171.94,4173.02,23283.48,262143.0,85.3,4820185.0,4068.5833
59452.32,1080.16,24964.57,262143.0,42671.03,7171.7603,18859.42,1664.55,9455.16,87826.2,85.5,688375.2,1199.6165
63958.05,3369.2202,103576.05,262143.0,156475.62,24400.941,52479.22,4926.52,21702.121,262143.0,86.6,2856014.8,4629.3423
14732.58,69.08,64.37,943.57,590.32,450.59003,104.12,27.4,488.40002,1792.56,89.1,1774.944,11.492625
96628.29,3383.35,152403.05,262143.0,210874.56,34786.492,63217.28,5134.7603,24657.602,262143.0,89.7,4202374.5,4508.603
162885.75,8000.72,262143.0,262143.0,262143.0,60313.12,107866.95,9996.89,50563.92,262143.0,89.7,7228353.5,4600.5503
36455.61,810.12006,29526.99,262143.0,43228.383,6444.85,16535.9,1406.99,4818.0,94650.6,90.3,814179.75,2314.8147
49815.332,885.48004,34916.8,262143.0,48845.84,6887.5903,13008.15,1204.23,5488.56,111091.2,90.9,962798.8,2003.1046
58139.492,3504.2402,68100.32,262143.0,93832.625,14995.07,28454.9,2498.8801,14356.32,216722.89,91.3,1877804.0,3348.0906
129179.34,4209.17,185683.9,262143.0,261697.03,40851.402,78918.85,7163.73,32945.883,262143.0,93.3,5120064.0,4108.89
44938.98,593.46,21320.602,259668.6,29936.762,4587.54,8420.0205,724.73,5071.4404,70168.56,95.0,587896.06,1355.517
58951.2,1488.3601,65852.086,262143.0,96865.86,16351.551,29778.32,2383.8,10177.2,214023.48,95.4,1815811.0,3192.9336
55764.39,894.9,42079.14,262143.0,55742.85,8462.3,14890.53,1357.67,6943.2,132184.81,96.1,1160293.8,2156.54
40952.64,456.87003,455.30002,6460.5503,3034.81,795.99005,294.55,146.59,1124.64,6675.24,96.7,12554.481,30.788113
26515.86,406.63,1549.5901,19265.47,3100.75,1022.07,200.02,57.54,524.04004,7473.8403,98.2,42728.527,166.09372
5751.57,301.44,4154.22,50312.223,5515.41,1223.03,134.26,41.1,370.92,14846.041,98.9,114548.82,2064.1523
56182.86,1679.9,79167.25,262143.0,108212.25,16061.101,33803.38,2831.79,10038.601,254573.89,99.5,2182964.5,4027.939
15919.26,102.05,416.05002,5570.3604,1331.36,141.3,135.63,20.55,913.44006,3424.08,100.0,11472.198,73.72599
43115.46,723.77,29134.49,262143.0,39780.66,7851.5703,13449.29,1064.49,4663.56,90196.92,100.5,803356.94,1931.0724
36807.96,629.57,28822.06,262143.0,40025.582,6485.6704,14065.79,1027.5,2662.4402,89605.56,101.4,794741.94,2237.8875
76768.8,5458.89,150029.2,262143.0,215713.3,34502.32,78668.14,7069.2,29672.281,262143.0,101.5,4136918.0,5586.79
56897.13,1070.74,41025.67,262143.0,55604.69,9707.311,15574.16,1341.23,7518.72,133057.33,101.6,1131245.4,2060.6472
13403.22,131.88,92.630005,1387.88,606.02,200.96,173.99,41.1,456.72003,1978.68,101.7,2554.1877,18.76021
40240.98,877.63,36025.223,262143.0,50331.062,8182.8403,11662.81,886.39,4687.3203,114338.41,102.3,993362.56,2558.6885
90627.9,3480.6902,155197.64,262143.0,213300.2,34398.7,54724.65,4859.39,21484.32,262143.0,102.4,4279433.0,4895.347
16603.95,98.91,638.99005,6776.12,2015.8801,428.61002,61.65,149.33,650.76,4806.12,102.7,17619.566,109.03522
27679.05,368.95,13401.5205,165614.6,19340.83,2932.76,5353.96,474.02,2764.08,44474.76,102.8,369534.66,1383.369
111293.88,6149.6904,262143.0,262143.0,262143.0,62263.062,114862.17,10569.55,43921.684,262143.0,103.9,7228353.5,6733.664
36442.56,1007.94006,25985.07,262143.0,49225.78,9239.45,29976.97,2445.45,10454.4,97294.56,104.1,716514.56,2037.7504
14060.07,205.67001,244.92001,2353.4302,251.20001,-39.25,43.84,-93.16,207.24,1356.9601,104.2,6753.4453,48.806473
64326.93,2358.1401,73028.555,262143.0,103169.414,14864.761,31367.52,2859.19,14401.2,238790.66,104.5,2013695.6,3245.0027
111146.85,2811.87,121037.586,262143.0,167726.25,26523.58,50698.22,4033.28,20230.32,262143.0,104.6,3337500.8,3112.6665
22442.52,339.12003,12527.03,155654.52,17026.65,2791.4602,4490.86,352.09,2333.76,40456.68,105.1,345421.4,1594.9729
122161.92,4306.5103,158957.8,262143.0,220960.23,33580.73,73814.23,6759.58,28579.32,262143.0,105.2,4383116.0,3719.4458
10166.82,193.11,45.530003,904.32,541.65,268.47,109.6,79.46,110.880005,487.08002,105.6,1255.4481,11.804467
105844.2,3105.4602,100591.48,262143.0,150649.36,24019.432,43694.78,4074.3801,24265.56,262143.0,107.1,2773718.0,2716.3345
135538.17,4507.47,148154.62,262143.0,201413.73,30454.861,57089.27,5055.3,31914.96,262143.0,107.3,4085228.2,3124.3782
116111.94,5257.93,169297.81,262143.0,247946.97,38125.883,71846.914,6389.68,32310.96,262143.0,108.8,4668232.5,4167.919
68488.14,1270.13,43391.66,262143.0,60297.42,8801.42,17562.03,1354.93,6708.24,139781.4,109.0,1196485.4,1810.5066
52369.65,1461.67,53777.21,262143.0,75027.164,11552.061,19670.46,1680.99,8046.72,171679.2,109.3,1482857.4,2935.0781
55946.22,1086.4401,42963.05,262143.0,64057.57,10622.62,23532.49,2008.42,8289.601,141016.92,109.9,1184666.9,2194.702
9378.6,34.54,73.79,712.78,485.13,21.980001,35.62,50.69,238.92001,815.76,110.7,2034.6918,21.496166
42163.68,989.10004,35934.16,262143.0,56775.91,9580.141,27183.541,2472.85,8230.2,122662.33,112.2,990851.6,2435.7893
15577.35,122.46001,4973.7603,60121.582,6917.4204,1234.02,2304.34,260.3,1283.04,16329.721,115.3,137146.89,911.9359
9784.0205,98.91,12.56,-40.82,-73.79,-43.960003,-6.85,41.1,-43.56,141.24,115.5,346.33054,2.6704667
20773.86,303.01,4229.58,51739.35,5744.6304,934.15,1900.1901,258.93,1960.2001,14908.081,116.1,116626.805,581.14215
93637.234,3003.4102,151377.83,262143.0,217625.56,35690.812,63944.75,5875.93,23282.16,262143.0,116.7,4174105.2,4621.3486
116172.84,4262.5503,133668.23,262143.0,191888.55,32376.541,58934.66,4953.92,26892.361,262143.0,117.7,3685779.2,3288.8232
31560.99,434.89,1664.2001,20416.281,3309.56,1109.99,217.83,38.36,801.24005,8195.88,118.7,45888.793,149.76616
57053.73,1370.61,38523.09,262143.0,52444.28,7531.29,11801.18,1054.9,7571.5205,128486.164,118.7,1062239.0,1929.5723
30473.49,687.66003,7211.0103,88376.875,8211.101,1378.4601,-35.62,-27.4,844.80005,26250.842,118.8,198837.02,675.5859
3706.2,161.71,70.65,2034.7201,2260.8,398.78,441.14,102.75,410.52002,2464.4402,119.4,1948.1091,53.504494
153363.6,4730.41,241588.47,262143.0,262143.0,51054.832,94731.39,8244.66,32596.082,262143.0,120.5,6661581.0,4503.047
56916.27,1405.15,45964.89,262143.0,72736.53,14740.73,27886.35,2520.8,11415.36,160236.12,122.1,1267439.8,2308.079
34659.93,568.34,16258.921,196804.22,21014.451,2705.11,8781.7,727.47003,3857.04,51391.562,123.0,448324.88,1340.2603
23503.92,266.9,1521.3301,20271.84,5487.1504,1938.9501,3775.72,447.99,2164.8,13555.08,123.5,41949.285,184.06834
45721.11,1091.15,45476.62,262143.0,66122.125,11151.71,24194.2,2205.7,8290.92,146843.4,123.7,1253976.2,2842.94
47153.13,632.71,20287.541,246285.9,27514.25,4568.7,8926.92,802.82,5280.0,67518.0,125.7,559410.4,1229.1779
81379.8,2163.46,101976.21,262143.0,147488.94,24528.111,51806.55,5093.66,16562.041,262143.0,125.9,2811900.8,3581.8718
44023.742,996.95,24524.97,262143.0,45697.992,7801.33,25447.75,2300.23,7146.4805,89430.0,126.0,676253.6,1591.834
17237.31,189.97,215.09001,2372.27,916.88,423.90002,38.36,-60.28,613.80005,2692.8,126.1,5930.91,34.677937
144066.78,6645.81,262143.0,262143.0,262143.0,73576.484,125497.48,11605.2705,45640.32,262143.0,126.3,7228353.5,5201.6357
116702.67,3048.9402,130423.05,262143.0,171896.17,26134.22,46456.7,3700.37,18432.48,262143.0,127.4,3596296.2,3194.3801
43101.54,687.66003,23502.9,262143.0,31588.4,3937.56,6833.56,606.91,3226.08,76483.445,129.7,648071.0,1558.1134
134007.84,6009.96,204610.25,262143.0,262143.0,44343.082,83922.09,7573.36,32610.602,262143.0,130.0,5641940.5,4364.6226
8946.21,103.62,-18.84,9.42,97.340004,-69.08,9.59,10.96,67.32,13.200001,131.4,-519.4958,-7.0213075
150930.2,5592.3403,225502.25,262143.0,262143.0,44431.0,70197.43,6766.43,41644.684,262143.0,132.5,6218018.5,4270.9263
136831.86,5166.87,162405.52,262143.0,230105.48,38463.43,80910.83,7248.67,30073.56,262143.0,134.7,4478183.5,3392.6147
14518.561,191.54001,2099.09,27363.531,7405.6904,1461.67,8092.59,754.87,2938.32,11934.12,135.2,57880.49,412.38672
31513.14,555.78,26641.33,262143.0,35546.37,5749.3403,8183.0103,857.62,3669.6,85059.484,136.2,734610.3,2416.2034
161911.34,8682.101,262143.0,262143.0,262143.0,59771.473,117219.94,10418.85,51977.64,262143.0,137.4,7228353.5,4628.243
28734.36,571.48004,25419.871,262143.0,35458.453,6587.72,12105.32,1069.97,4212.12,80628.24,137.7,700929.7,2528.4194
29627.85,238.64001,18926.352,229282.81,24776.17,3568.61,6918.5,634.31,3083.52,60177.48,138.0,521876.84,1825.4835
38577.54,869.78,30968.252,262143.0,47812.78,9222.181,22899.55,1956.36,5705.04,105668.64,138.1,853921.25,2294.2563
32332.68,998.52,2829.1401,35693.953,6234.47,1617.1001,386.34,143.85,1415.04,13448.16,138.4,78010.95,249.18527
46061.28,668.82,7276.95,85718.86,10506.44,2490.02,3355.1301,300.03,1416.3601,26066.041,140.5,200655.25,450.71283
55074.48,2640.74,81374.67,262143.0,113922.34,19020.55,39979.34,3641.46,14172.841,258939.12,144.6,2243832.2,4223.622
55030.11,3204.37,94248.67,262143.0,148482.75,26333.611,54516.41,4762.12,19411.92,262143.0,144.7,2598821.0,4895.9297
65270.88,1204.1901,59700.82,262143.0,84276.03,11205.091,25225.81,2261.87,8090.2803,186129.25,145.2,1646195.5,2614.2297
3259.8901,94.200005,34.54,1125.6901,723.77,103.62,131.52,-39.73,271.92,1362.2401,147.2,952.40894,29.29482
36935.85,461.58002,16777.021,205231.98,23049.17,3934.4202,7143.18,631.57,2711.28,54469.8,147.4,462611.03,1297.7207
28206.27,565.2,3791.55,46068.51,5137.04,1119.41,310.99,12.33,613.80005,13458.721,149.1,104548.52,383.34402
34450.26,717.49005,16538.38,204198.92,29147.05,4969.0503,18256.62,1570.02,5019.96,59723.402,149.8,456030.72,1371.6172
82956.24,3665.9502,140168.03,262143.0,200153.03,30363.8,67116.3,5622.48,24780.361,262143.0,149.8,3865005.2,4830.1323
37709.28,602.88,25521.92,262143.0,35441.18,5276.77,9896.88,869.95,5132.16,82745.52,150.4,703743.6,1934.1477
105613.65,5286.19,211896.62,262143.0,262143.0,44704.18,75600.71,7111.67,30559.32,262143.0,150.5,5842855.5,5735.579
111728.88,3617.28,131319.52,262143.0,178363.0,27611.592,55549.39,4652.52,25812.602,262143.0,151.2,3621015.5,3359.5688
51796.32,861.93005,27773.3,262143.0,40761.91,6163.8203,12571.12,1023.39,6534.0005,92704.92,151.6,765823.4,1532.125
29190.24,546.36005,25214.201,262143.0,34984.312,4768.0903,12220.4,995.99,4308.48,80988.6,152.1,695258.56,2468.7703
113467.14,3268.74,165813.98,262143.0,226464.66,34218.152,65840.83,5553.98,21898.8,262143.0,153.0,4572169.0,4177.304
118040.734,3973.6702,127411.78,262143.0,190174.11,30377.932,71815.4,6251.31,28195.201,262143.0,153.1,3513263.2,3085.2185
19786.41,188.40001,146.01001,2581.08,1312.52,555.78,46.58,21.92,782.76,3239.28,153.2,4026.0925,20.099134
154874.8,5684.97,201828.22,262143.0,262143.0,41736.883,78822.95,6843.15,35985.84,262143.0,153.3,5565228.5,3725.0625
148797.84,4184.0503,160449.3,262143.0,222845.81,33955.96,69467.22,6055.4,26282.521,262143.0,153.8,4424242.5,3082.1182
37129.86,739.47003,22100.89,262143.0,31502.05,5107.21,8813.21,953.52,3527.04,73065.96,154.6,609411.8,1700.9055
14283.66,56.52,260.62,3708.34,1689.3201,397.21002,1117.92,117.82,693.0,2653.2002,154.8,7186.358,51.169563
15113.64,113.04,406.63,5476.16,1540.17,850.94,250.71,-19.18,811.80005,4033.9202,155.5,11212.45,75.92709
62688.72,1037.77,41898.59,262143.0,60864.19,9463.96,25953.28,2208.44,9768.0,136354.69,157.0,1155315.2,1909.9924
87980.49,5257.93,256767.23,262143.0,262143.0,54540.23,88578.72,7767.9,31088.64,262143.0,158.3,7080121.5,8343.536
138891.16,3526.2202,141574.75,262143.0,200003.88,29055.99,54394.48,4851.17,23437.922,262143.0,159.1,3903794.2,2913.474
17334.75,180.55,158.57,1978.2001,1825.91,1009.51,2000.2,297.29,1775.4,2617.56,159.4,4372.423,25.154863
33596.79,1077.02,49188.1,262143.0,70087.945,12263.2705,21706.28,1800.18,8238.12,162152.77,159.6,1356316.9,4185.1157
53114.37,971.83,31850.592,262143.0,45577.1,7719.6904,16686.6,1338.49,6036.3604,105475.92,160.8,878250.94,1713.567
65078.61,1251.29,45142.21,262143.0,66467.52,10719.96,23958.56,2023.49,9001.08,144200.77,161.8,1244755.1,1982.3235
33588.96,1263.8501,28363.621,262143.0,47437.55,9040.061,24276.4,1846.76,10519.08,110192.28,162.0,782100.9,2413.427
15033.6,124.03001,375.23,4471.3604,1078.5901,306.15002,64.39,139.74,641.52,3459.7202,162.2,10346.624,70.36472
29622.63,314.0,835.24005,11748.311,4202.89,1088.01,5943.06,638.42,1095.6001,7813.08,163.8,23030.98,79.618866
97376.49,2565.3801,100685.67,262143.0,143884.22,21876.38,45808.69,3874.36,15837.36,262143.0,165.4,2776315.2,2955.3955
157352.55,4559.2803,137453.5,262143.0,194780.48,31180.201,55039.75,4723.7603,19369.682,262143.0,165.7,3790154.5,2496.6467
110580.484,4191.9,160480.7,262143.0,217558.05,31035.762,58927.81,5345.74,26743.201,262143.0,167.2,4425108.5,4148.4766
42978.87,832.10004,44537.76,262143.0,61845.44,9952.23,19082.73,1608.38,7267.9204,137445.0,167.6,1228088.0,2961.9365
82206.3,1838.4701,35927.883,262143.0,48472.18,7554.8403,13156.11,1224.78,5876.64,117040.445,167.7,990678.5,1248.6129
24950.73,375.23,197.82,3204.37,1138.25,229.22,1539.88,131.52,1450.68,3751.4402,169.8,5454.7056,21.669188
11437.0205,139.73001,86.350006,1248.15,450.59003,51.81,-21.92,-32.88,349.80002,1807.0801,170.6,2381.0225,20.587307
39410.13,1061.3201,46106.19,262143.0,67856.97,10143.7705,21441.87,1997.46,8190.6,145136.64,171.3,1271336.0,3344.0327
45329.61,1102.14,40061.69,262143.0,59160.742,10203.431,25150.46,2031.71,6998.64,132194.05,172.3,1104664.5,2525.948
37795.41,522.81,9544.03,115263.125,15470.78,2866.82,8233.7,737.06,2562.12,34966.8,172.5,263167.9,721.00757
89030.58,3276.59,176062.95,262143.0,236076.2,37034.73,60381.38,5208.74,23913.121,262143.0,175.4,4854775.0,5653.2866
128414.61,3735.03,123670.48,262143.0,174905.86,29247.531,54195.832,4895.0103,28810.32,262143.0,176.4,3410100.2,2752.5984
71366.97,1901.27,35802.28,262143.0,51081.523,6922.1304,17704.51,1689.21,13136.641,120369.484,176.9,987215.1,1433.3741
26017.35,543.22003,942.00006,12823.761,2163.46,430.18002,201.39,-5.48,438.24002,5443.68,178.3,25974.79,102.523
94425.45,3227.9202,137104.97,262143.0,196808.92,31710.861,71811.29,6392.42,29997.002,262143.0,178.9,3780544.0,4150.577
40038.27,720.63,20588.98,252917.6,33970.09,6893.87,14419.25,1176.83,6002.04,76049.164,180.1,567722.3,1469.3088
70439.55,2607.77,109805.805,262143.0,150002.52,24372.682,43107.05,4089.45,17932.201,262143.0,180.4,3027794.5,4456.155
25926.0,624.86005,22582.88,262143.0,35731.633,5940.8804,13012.26,1209.71,5349.9604,76660.32,181.5,622702.3,2489.5361
61483.77,1511.91,66128.4,262143.0,90337.805,14649.671,27674.0,2334.48,8952.24,209221.33,182.7,1823430.1,3074.2224
71841.99,3662.81,204070.17,262143.0,262143.0,43173.43,60312.88,5207.37,16936.92,262143.0,184.7,5627048.5,8120.7603
134352.36,3895.1702,126727.266,262143.0,173659.28,24229.81,48488.41,4297.69,23002.32,262143.0,184.8,3494388.5,2695.9556
5645.43,9.42,-10.990001,47.100002,-36.11,-3.14,39.73,38.36,110.880005,-101.64001,184.9,-303.0392,-6.566083
117922.414,5791.73,207533.6,262143.0,262143.0,46264.76,97631.68,8650.18,37778.402,262143.0,185.5,5722549.0,5031.0044
73038.24,2734.9402,91771.21,262143.0,132318.03,21694.26,46803.31,4015.47,14731.2,262143.0,185.5,2530507.2,3591.569
89079.3,1948.3701,77419.84,262143.0,103106.62,15469.211,20426.7,1863.2,13889.041,253706.66,186.3,2134781.2,2483.989
72520.59,2716.1,104072.164,262143.0,153253.98,23696.012,57159.14,5030.64,19508.281,262143.0,186.6,2869694.8,4102.196
64090.29,1720.7201,54692.523,262143.0,78967.86,11881.761,28593.27,2218.03,13801.921,185875.81,187.0,1508096.2,2438.9712
52855.11,1168.0801,43277.05,262143.0,61432.53,11129.73,19962.27,1982.39,7491.0005,141319.2,187.7,1193325.1,2340.0984
20792.13,324.99002,2923.34,36676.77,4089.85,635.85004,1512.48,201.39,2063.1602,11493.24,188.4,80608.43,401.00305
57410.43,2124.21,90077.18,262143.0,132026.02,21623.611,44023.582,4068.9,18845.64,262143.0,188.8,2483795.8,4485.1416
39500.61,654.69,20744.41,254657.16,28054.33,4582.83,8215.89,717.88,5125.56,66788.04,188.9,572008.1,1500.5724
150777.95,5523.2603,180933.1,262143.0,254674.42,39014.5,89004.79,7876.13,33905.52,262143.0,189.4,4989064.5,3430.067
76044.96,1387.88,43231.52,262143.0,58702.3,9536.181,19652.65,2093.36,9465.721,143205.48,189.7,1192069.6,1624.4703
85630.62,3375.5,121185.164,262143.0,169260.14,26186.031,60727.99,5401.91,22997.041,262143.0,189.7,3341570.0,4045.4053
122574.3,4353.6104,158301.53,262143.0,222360.67,33230.62,70442.664,6482.84,28117.32,262143.0,190.1,4365020.0,3691.6206
170488.69,7454.3604,262143.0,262143.0,262143.0,59346.004,93847.74,8229.59,54186.004,262143.0,190.3,7228353.5,4395.344
35489.91,825.82,33318.543,262143.0,50761.242,8567.49,18901.89,1611.12,6867.9604,108962.05,192.9,918728.3,2683.294
28264.56,601.31,15706.28,191893.25,24031.99,4480.7803,10902.46,748.02,5780.2803,58251.6,194.4,433086.3,1587.8398
116621.76,3265.6,108074.09,262143.0,145900.11,23173.201,42683.72,3646.94,17781.72,262143.0,196.7,2980044.2,2648.6653
12936.9,138.16,87.920006,998.52,466.29,122.46001,50.69,28.77,625.68005,1878.3601,201.2,2424.3137,18.431507
82355.07,3260.8901,87992.23,262143.0,118275.95,20290.682,32829.31,2745.48,13359.721,262143.0,201.4,2426305.2,3053.942
22752.24,577.76,1651.64,20551.3,2333.02,629.57,67.13,-28.77,537.24005,6312.24,201.8,45542.46,206.55836
79168.26,2273.36,105281.06,262143.0,150126.55,23955.06,47430.77,4200.42,14328.601,262143.0,202.8,2903029.0,3801.3154
62667.84,1205.76,50043.75,262143.0,66246.15,9669.63,14401.44,1227.52,7242.8403,160649.28,203.3,1379910.6,2282.2534
28417.68,649.98004,367.38,5119.77,1737.9901,651.55005,293.18,26.03,557.04004,3164.04,203.3,10130.168,35.963737
12215.67,433.32,252.77,2643.8801,739.47003,120.89001,137.0,-10.96,403.92,2360.1602,204.1,6969.902,58.163963
19023.42,287.31,442.74002,5278.3403,1111.56,164.85,171.25,6.85,293.04,2721.84,205.2,12208.151,65.544044
68748.27,2527.7002,112798.23,262143.0,156839.86,22903.16,46499.17,3608.58,16014.24,262143.0,205.4,3110308.0,4690.26
40869.99,686.09,28410.72,262143.0,38370.8,4724.1304,9994.15,760.35,5022.6,90912.37,206.2,783399.6,1986.5897
52348.77,2394.25,90031.66,262143.0,131427.84,23758.81,57042.69,4658.0,20677.8,262143.0,206.9,2482540.5,4916.425
107813.88,4435.25,194249.83,262143.0,262143.0,41009.973,76078.84,6851.37,28665.121,262143.0,207.0,5356261.5,5150.515
121206.664,4071.0103,158185.36,262143.0,206957.4,28964.932,36710.52,3251.01,27371.521,262143.0,207.5,4361816.5,3730.546
91058.55,4692.73,166986.78,262143.0,246683.12,37733.383,93644.98,7919.97,37468.203,262143.0,207.6,4604507.5,5242.368
94809.12,4391.29,150200.33,262143.0,217868.9,34797.48,69393.24,5804.69,26384.16,262143.0,207.7,4141636.8,4528.7036
129441.21,4202.89,142196.47,262143.0,203969.7,32616.752,49959.79,4615.53,26051.521,262143.0,209.2,3920937.5,3139.9805
7080.06,309.29,178.98001,3311.1301,3347.24,1196.3401,786.38,245.23,652.08,3214.2002,209.4,4935.21,71.27974
32263.95,579.33,26862.701,262143.0,34144.36,5295.6104,10470.91,1023.39,6309.6,86093.05,210.1,740714.44,2379.5713
98115.99,3329.9702,86624.75,262143.0,115875.42,19011.13,29208.4,2698.9,16795.682,262143.0,210.7,2388598.2,2523.3594
41913.99,797.56,20763.25,254165.73,32976.28,4986.3203,15690.61,1635.78,6767.64,72531.36,211.7,572527.6,1415.3981
106724.64,3169.83,104533.74,262143.0,143257.8,23013.06,42549.46,3649.68,17224.682,262143.0,211.7,2882422.2,2799.5337
95205.84,3144.7102,113040.0,262143.0,154558.66,24908.05,52331.26,4659.37,20108.88,262143.0,212.1,3116974.5,3393.826
83741.85,1467.9501,56998.85,262143.0,74587.56,10781.19,23405.08,2339.96,9258.48,181630.69,213.0,1571691.2,1945.1333
30345.6,481.99002,4868.5703,58959.78,7498.3203,1248.15,1026.13,35.62,765.60004,17375.16,213.6,134246.38,457.72745
73363.62,1384.74,56757.07,262143.0,78829.7,11814.25,20485.61,1830.32,17154.72,182404.2,216.3,1565024.2,2211.0156
40916.97,1207.3301,37574.812,262143.0,60620.844,9069.891,26290.3,2541.35,8896.801,126890.28,216.6,1036091.06,2624.6833
68566.44,3158.84,124579.51,262143.0,175607.64,28299.25,55342.52,4897.75,21847.32,262143.0,218.0,3435166.0,5193.982
60413.67,1653.2101,66475.375,262143.0,91144.78,12906.971,25812.17,2498.8801,11176.44,210266.77,218.2,1832997.6,3145.1147
9928.44,235.50002,1321.9401,16522.68,6587.72,2493.1602,9910.58,946.67,2386.56,9100.08,218.5,36451.29,379.69724
73227.9,1640.65,58534.312,262143.0,88254.414,14159.83,31085.3,3016.74,10346.16,194970.61,219.6,1614030.1,2284.509
19568.041,117.75001,144.44,2468.04,1277.9801,811.69,158.92,89.05,712.80005,2386.56,219.7,3982.801,20.105185
27390.21,521.24,1251.29,19326.701,10333.74,3097.61,9461.22,1009.69,4785.0,15689.5205,219.9,34503.18,129.62059
67585.95,1601.4,82379.48,262143.0,108163.586,14629.261,22170.71,1467.27,9238.681,250904.3,220.4,2271538.8,3484.0706
21247.14,348.54,111.47,2342.4402,1657.92,505.54,171.25,-20.55,859.32,3293.4001,220.4,3073.6833,14.000527
139742.02,4664.47,187517.67,262143.0,262143.0,42124.67,76424.08,6976.04,26030.4,262143.0,220.5,5170628.5,3835.756
96091.5,2499.4402,82536.48,262143.0,112437.125,17015.66,22751.59,2050.89,13497.001,262143.0,221.9,2275867.8,2454.8958
16919.76,194.68001,8135.74,100362.25,11869.2,1453.8201,3368.83,320.58,1944.3601,26679.842,223.8,224335.6,1373.8391
81192.75,2306.33,93030.35,262143.0,125066.2,18632.76,34363.71,2848.23,12210.0,262143.0,224.2,2565226.8,3275.0942
13728.6,94.200005,357.96002,4353.6104,1086.4401,373.66,546.63,73.98,652.08,3243.2402,224.9,9870.42,73.55165
67967.01,1301.53,41066.492,262143.0,57961.26,8467.011,15183.71,1465.9,7797.24,131091.84,225.1,1132371.0,1726.5813
38764.59,551.07,20777.38,253570.7,28029.21,3653.3901,8492.63,735.69,3190.4402,67296.24,225.6,572917.25,1531.5145
60884.34,1243.4401,43388.52,262143.0,61446.66,8876.78,14016.47,1245.33,4837.8003,140081.05,226.3,1196398.8,2036.5967
29533.02,486.7,18204.15,221041.88,25306.83,4388.1504,7019.88,653.49,3024.12,59322.12,227.9,501962.78,1761.4286
149605.2,6471.54,262143.0,262143.0,262143.0,61840.73,113548.34,9774.95,39589.44,262143.0,228.5,7228353.5,5009.0327
57328.65,1761.54,56375.562,262143.0,80508.03,10862.83,26809.53,2461.89,11011.44,191634.97,229.2,1554504.6,2810.695
91184.7,2516.7102,51623.17,262143.0,76714.914,13349.71,25492.96,2270.09,13783.44,176227.92,229.5,1423461.8,1617.7198
19139.13,962.41003,25061.91,262143.0,44653.94,8558.07,25835.46,2360.51,7762.9204,94155.6,229.6,691059.25,3743.0442
8050.98,186.83,61.230003,1670.4801,1047.1901,383.08002,147.96,186.32,302.28,1595.88,232.2,1688.3613,20.745256
89179.35,2653.3,108356.695,262143.0,155307.55,23303.512,44105.78,3829.15,17772.48,262143.0,232.5,2987836.8,3473.0852
13753.83,167.99,318.71002,4130.67,1413.0,521.24,39.73,-21.92,727.32,3380.52,232.6,8788.138,65.25537
17803.68,189.97,602.88,8454.45,4045.8901,1464.81,7643.23,639.79,1537.8,5818.56,233.4,16623.865,95.82112
59515.832,1142.9601,42297.37,262143.0,57028.684,9465.53,13462.99,1156.28,5254.9204,134785.2,233.5,1166311.4,2031.0288
15475.561,365.81,299.87,3981.52,1034.63,447.45,83.57,-39.73,344.52002,2176.6802,234.3,8268.641,54.403294
23596.14,938.86005,34507.03,262143.0,48690.41,7319.3403,15323.45,1483.71,4095.9602,110947.33,236.2,951499.8,4180.3413
44240.37,879.2,24188.99,262143.0,32010.73,5044.41,5663.58,465.8,3792.36,81322.56,237.7,666989.25,1562.3202
7151.4,191.54001,189.97,3031.6702,2595.2102,1094.29,460.32,121.93,747.12006,3487.4402,239.1,5238.249,74.95266
53036.07,852.51,32445.621,262143.0,44165.67,7126.2305,14364.45,1297.39,5652.24,101909.28,240.4,894658.3,1748.177
26968.26,703.36005,22314.41,262143.0,36235.6,5887.5,16733.18,1539.88,5084.64,76417.445,240.9,615299.44,2364.8188
56529.992,1135.11,45459.35,262143.0,65993.38,10066.841,21108.96,1668.66,7279.8003,142490.05,241.5,1253500.0,2298.2876
11992.95,61.230003,43.960003,967.12006,799.13,189.97,145.22,23.29,254.76001,1300.2001,241.7,1212.1569,9.480468
108821.34,5794.87,239897.58,262143.0,262143.0,52335.953,95457.49,8280.28,44465.523,262143.0,242.1,6614956.5,6302.196
69705.27,2581.08,99103.12,262143.0,134396.72,21221.691,39305.3,3575.7,16544.88,262143.0,242.2,2732677.8,4064.0947
37143.78,521.24,390.93002,6515.5,1781.9501,411.34003,3251.01,320.58,3396.36,5492.52,242.4,10779.538,29.092752
43678.35,843.09,27490.701,262143.0,35624.87,5385.1,10407.89,1030.24,5856.8403,87930.484,243.3,758030.94,1798.5693
92190.42,5652.0,168913.17,262143.0,255705.9,42086.992,95114.99,8589.9,28100.16,262143.0,245.1,4657626.0,5237.7383
28228.02,456.87003,14663.801,179622.14,20480.65,3722.4702,7373.34,631.57,2562.12,48158.883,245.4,404340.9,1484.3033
108970.984,6689.77,212893.58,262143.0,262143.0,55329.94,115785.55,10431.18,41745.0,262143.0,246.1,5870345.5,5584.9966
17274.72,233.93001,268.47,3625.1301,1149.24,200.96,110.97,75.35,468.6,2522.52,246.7,7402.8145,43.43587
22924.5,419.19,503.97003,5812.14,1624.9501,420.76,250.71,31.51,442.2,3412.2002,247.0,13896.513,61.85703
29230.26,343.83002,1676.76,21607.91,5918.9004,1838.4701,1037.09,153.44,2736.36,14311.44,247.4,46235.125,163.01639
54897.87,910.60004,42798.203,262143.0,59322.453,9421.57,19891.03,1713.87,7137.24,134843.28,248.0,1180121.2,2228.046
21061.83,210.38,328.13,3582.7402,1383.17,852.51,208.24,190.43001,821.04004,3878.1602,248.2,9047.885,43.544987
25343.97,808.55005,40328.59,262143.0,56320.613,9971.07,15401.54,1138.47,3039.9602,124077.37,248.6,1112024.0,4548.7485
87548.1,2331.4502,99060.73,262143.0,133181.53,19314.14,33366.35,3193.47,18679.32,262143.0,248.8,2731509.0,3234.2197
97160.734,3791.55,137028.03,262143.0,194606.22,33456.7,66749.14,6640.39,22502.041,262143.0,249.5,3778422.5,4031.4373
89530.83,3460.28,133536.36,262143.0,190365.64,31253.99,66047.7,5729.34,19249.56,262143.0,249.7,3682143.0,4263.5767
57776.7,1009.51,34136.51,262143.0,46764.023,8611.45,18545.69,1744.01,6516.8403,106467.24,250.2,941283.06,1688.3336
126951.27,5129.19,182288.0,262143.0,250970.78,37703.55,75185.6,6137.6,29005.682,262143.0,250.7,5026425.0,4104.5376
125079.9,5375.68,227299.89,262143.0,262143.0,51571.363,99201.7,8122.73,31466.162,262143.0,250.7,6267586.5,5194.899
76609.59,1518.1901,53252.832,262143.0,71923.27,10332.17,23220.13,2015.27,8022.9604,169239.84,250.9,1468398.1,1986.5065
124160.31,4768.0903,161755.53,262143.0,232341.17,38915.59,88421.17,7680.22,36805.562,262143.0,251.1,4460261.0,3723.9922
42435.12,888.62006,43732.35,262143.0,59382.113,8801.42,16289.3,1450.83,7579.4404,141926.4,251.2,1205879.6,2945.6353
66726.39,2218.4102,68153.7,262143.0,95470.13,15174.051,34818.55,3019.48,13493.041,226123.92,252.0,1879276.0,2919.39
15468.6,128.74,153.86,1601.4,1031.49,449.02002,146.59,-46.58,607.2,2181.9602,252.3,4242.549,27.439615
28257.6,372.09003,15367.16,187410.9,22284.58,2983.0,7758.31,539.78,3211.56,52451.523,253.0,423735.38,1553.9174
31753.26,832.10004,38356.67,262143.0,64873.973,10537.841,27382.19,2427.64,7501.56,130998.125,253.5,1057650.1,3452.835
14023.53,303.01,166.42,2284.35,709.64,216.66,164.4,98.64,267.96002,2303.4001,253.9,4588.8794,32.931038
61313.25,1180.64,50327.92,262143.0,68902.59,9263.0,17316.8,1709.76,5247.0,157947.25,254.6,1387746.4,2345.949
110482.17,2767.9102,124315.74,262143.0,172186.61,27476.57,49907.73,4416.88,17645.76,262143.0,255.6,3427892.8,3216.2358
13170.061,105.19,346.97,4474.5,970.26,42.390003,79.46,16.44,633.60004,3058.4402,255.9,9567.381,74.32743
17314.74,163.28,59.660004,926.30005,635.85004,251.20001,201.39,34.25,330.0,1420.3201,256.1,1645.0701,8.851816
12426.21,133.45,301.44,3865.34,1394.16,513.39,637.05,38.36,480.48,2406.36,257.1,8311.933,68.36034
21328.05,224.51001,10082.54,124395.81,14396.9,1493.0701,3863.4,295.92,2137.08,34091.64,258.1,278016.8,1350.661
18210.84,662.54004,12965.061,159483.75,22152.701,3954.83,12086.14,1098.74,4568.52,47956.92,258.3,357499.7,2034.6052
15070.14,364.24002,119.32001,2064.55,1111.56,422.33002,46.58,50.69,274.56,1848.0001,258.6,3290.1401,21.638363
11693.67,67.51,194.68001,2829.1401,1084.87,208.81001,4.11,24.66,403.92,2292.84,259.0,5368.123,46.601376
47453.28,1102.14,46910.03,262143.0,65038.82,10570.811,17019.51,1713.87,5930.7603,147506.05,260.8,1293501.2,2825.4966
94971.81,3433.59,139478.8,262143.0,197159.03,31546.012,59901.88,5316.97,21508.08,262143.0,260.8,3846000.2,4198.16
74256.24,1716.01,47713.87,262143.0,63713.742,9159.38,17009.92,1513.85,11502.48,152599.92,261.1,1315666.4,1836.2179
155842.23,5129.19,246433.48,262143.0,262143.0,53557.41,95532.84,9131.05,37647.723,262143.0,261.5,6795178.0,4520.3022
122531.67,4694.3003,183412.11,262143.0,256098.4,39472.94,82261.65,6699.3,30518.4,262143.0,261.6,5057421.0,4278.851
61042.68,2584.22,69426.97,262143.0,107606.234,19402.06,47644.49,4063.42,15286.921,237151.2,262.2,1914385.1,3250.948
78281.73,1858.88,76589.31,262143.0,105566.805,17324.951,23214.65,2085.14,19922.762,251939.17,263.1,2111880.2,2796.4143
115920.54,2620.33,78471.74,262143.0,104174.21,15673.311,28615.19,2463.26,13759.681,247785.12,263.7,2163786.5,1934.539
52436.64,896.47003,39278.26,262143.0,55818.21,8572.2,17068.83,1554.95,5437.08,126725.28,264.3,1083062.1,2140.7383
11799.811,97.340004,70.65,960.84,882.34,150.72,108.23,-43.84,278.52002,1131.24,264.7,1948.1091,16.119305
6381.45,178.98001,6035.08,74119.7,9187.641,2504.1501,160.29,91.79,652.08,21471.121,265.5,166411.81,2703.037
48684.332,1105.28,39860.73,262143.0,55064.613,8344.55,15060.41,1482.34,6163.08,126970.805,265.7,1099123.1,2340.0193
35505.57,926.30005,26763.791,262143.0,38246.77,4763.3804,12375.21,1226.15,4391.64,86236.92,265.7,737987.06,2154.2622
20755.59,588.75,25223.621,262143.0,34626.35,5554.66,11494.3,754.87,3108.6,78635.05,266.2,695518.25,3473.7322
22593.9,230.79001,2124.21,26901.951,6600.2803,1559.01,9024.19,1028.87,3169.32,12831.721,268.7,58573.15,267.8161
100806.9,3981.52,138081.5,262143.0,193714.45,32208.55,58189.38,5452.6,21555.602,262143.0,269.3,3807471.0,3915.4646
13646.82,430.18002,80.07,1314.0901,469.43002,262.19,90.42,16.44,182.16,1334.52,269.6,2207.857,15.775959
131690.16,4830.89,188621.38,262143.0,257209.97,38554.492,68647.96,6077.32,33509.52,262143.0,271.5,5201062.0,4094.308
112028.164,3438.3,128834.2,262143.0,174409.73,26082.41,41179.46,3508.57,23501.281,262143.0,273.9,3552485.2,3287.16
46919.97,893.33,32442.48,262143.0,45154.773,6950.39,13412.3,1172.72,4287.3604,105268.69,274.8,894571.75,1975.9939
117335.164,4705.29,204115.7,262143.0,262143.0,49167.69,110505.57,9324.22,43629.96,262143.0,275.0,5628304.0,4972.902
88499.88,3940.7002,160416.33,262143.0,222567.92,35923.17,64311.91,5811.54,23441.88,262143.0,275.9,4423333.5,5181.6855
34019.61,1417.7101,25152.97,262143.0,43565.93,8602.03,25210.74,2201.59,7716.72,95989.086,277.8,693570.2,2113.0195
126107.37,3667.52,133756.16,262143.0,190907.3,30790.842,61829.47,5314.23,53244.844,262143.0,279.5,3688203.8,3031.6501
76280.73,2300.05,109132.27,262143.0,151688.69,22061.64,40749.28,3805.86,19105.682,262143.0,280.2,3009222.5,4089.6035
38099.91,687.66003,27664.97,262143.0,38728.76,7196.8804,12082.03,878.17,3656.4001,89928.96,280.3,762836.25,2075.1333
20506.77,342.26,8928.59,108537.24,12230.301,1970.3501,3170.18,235.64,2258.52,29109.96,280.8,246197.7,1243.9004
104164.234,3094.4702,146072.81,262143.0,203318.14,30176.97,61158.17,5203.2603,22492.8,262143.0,280.9,4027824.2,4008.5881
96290.734,4498.0503,151063.83,262143.0,209108.31,32334.15,54124.59,4922.41,32821.8,262143.0,281.6,4165446.8,4484.6455
35468.16,474.14,18533.852,225524.23,24809.14,4019.2002,7781.6,843.92,5542.68,60840.12,283.2,511054.0,1493.0874
57394.77,1091.15,36766.26,262143.0,50858.582,7503.0303,13768.5,1312.46,6194.7603,121315.92,284.2,1013796.06,1830.5812
82339.414,3634.55,187319.84,262143.0,262143.0,41295.71,74934.89,6288.3,30144.842,262143.0,284.5,5165173.5,6503.666
194700.78,4829.3203,209359.5,262143.0,262143.0,45242.69,90662.49,7761.05,34582.68,262143.0,285.4,5772896.5,3073.4963
91886.79,4551.43,151935.19,262143.0,215529.61,34723.69,68809.62,6147.19,26355.121,262143.0,286.5,4189473.8,4726.7476
34250.16,593.46,19155.57,234201.62,27041.682,4476.0703,9074.88,778.16,3942.84,63756.004,286.8,528197.3,1598.1215
90491.31,3530.9302,122905.88,262143.0,162242.23,24352.271,29809.83,2689.31,22333.08,262143.0,288.3,3389017.2,3882.4236
52363.56,2782.04,75309.766,262143.0,104943.516,14459.7,38495.63,3101.68,13469.28,240304.69,288.5,2076597.9,4111.171
71547.06,4463.5103,163801.25,262143.0,236219.06,38910.883,80347.76,7036.32,25878.602,262143.0,288.9,4516669.5,6544.9756
58451.82,1088.01,45305.492,262143.0,63724.73,9983.63,20055.43,1523.4401,7265.2803,149062.33,289.2,1249257.5,2215.1636
3587.01,202.53001,4615.8003,55378.613,6608.1304,1039.3401,190.43001,39.73,475.2,15540.36,289.7,127276.47,3678.285
29281.59,408.2,1157.0901,14759.57,2898.2202,880.77,64.39,75.35,737.88,6021.8403,289.9,31905.701,111.98519
86297.04,2775.76,65442.312,262143.0,92841.95,14308.98,28127.47,2541.35,12503.04,219209.77,292.1,1804511.9,2167.262
4092.48,237.07,136.59001,2738.08,2471.1802,927.87006,490.46,167.14,722.04004,3608.8801,292.3,3766.3447,94.42922
35320.26,609.16003,18937.34,231463.53,25534.48,4155.79,5948.54,574.03,3222.12,62846.523,293.5,522179.8,1532.0067
74539.86,3317.4102,163641.11,262143.0,228923.28,35601.32,69833.01,6470.5103,26238.96,262143.0,295.5,4512254.0,6276.0103
29113.68,357.96002,12082.721,147360.2,15863.28,2494.73,4107.2603,389.08,3012.2402,39811.203,297.2,333169.97,1185.6335
74463.3,3780.56,158420.86,262143.0,212516.78,32764.332,43179.66,3856.55,26290.441,262143.0,298.8,4368310.5,6082.018
85522.74,3857.4902,167029.17,262143.0,236255.17,39673.902,65601.08,5592.34,21464.521,262143.0,299.3,4605676.5,5583.1836
72312.664,3026.9602,138934.02,262143.0,187921.16,31660.621,58044.16,4664.85,19551.84,262143.0,299.5,3830978.5,5492.4253
31616.67,488.27002,12845.74,158989.19,18833.72,3460.28,3156.48,342.5,3455.7603,46923.363,300.6,354209.53,1160.6947
120014.76,6124.5703,180499.77,262143.0,262143.0,45471.91,75037.64,6869.18,41874.363,262143.0,301.1,4977116.0,4299.223
70598.76,1527.6101,61730.832,262143.0,85599.54,12247.57,20700.7,1533.03,7806.4805,191832.97,301.6,1702171.2,2499.0808
39538.89,1023.64,42187.473,262143.0,59703.96,9123.2705,19759.51,1656.33,3280.2002,134214.97,302.0,1163281.0,3049.76
58246.5,797.56,29858.262,262143.0,40425.93,6873.4604,12280.68,1201.49,5264.16,96407.52,302.7,823314.25,1464.6952
3759.27,72.22,0.0,139.73001,199.39,64.37,54.8,82.2,80.520004,377.52002,303.7,0.0,-1.0
51353.492,1191.63,41856.203,262143.0,60580.023,10580.23,20430.81,1824.84,7818.3604,138490.45,304.2,1154146.5,2329.445
24455.7,660.97003,40014.59,262143.0,50951.21,7432.3804,4062.05,358.94,2650.56,125159.766,304.5,1103365.8,4677.2915
125875.95,3552.9102,162774.47,262143.0,224521.0,34623.21,66155.93,5978.68,34353.0,262143.0,305.2,4488357.0,3696.3667
74330.19,1386.31,47373.18,262143.0,66505.2,11181.54,24507.93,2093.36,7390.68,151678.56,306.5,1306272.1,1821.285
66929.97,3992.5103,133263.17,262143.0,185161.1,31235.15,61443.13,5316.97,20469.24,262143.0,307.0,3674610.0,5691.9653
13589.4,169.56001,222.94,2846.4102,1075.4501,296.73,78.090004,43.84,369.6,1935.1201,308.1,6147.3667,45.9069
131393.48,3210.6501,83616.63,262143.0,124158.74,20684.75,39031.3,3415.41,33793.32,262143.0,309.8,2305652.2,1818.5662
137986.34,5385.1,146129.33,262143.0,215350.62,34976.46,83609.73,7754.2,35543.64,262143.0,310.9,4029382.5,3026.961
32485.8,1025.2101,31740.691,262143.0,51210.26,8258.2,20862.36,1894.71,5953.2,108057.84,311.2,875220.5,2792.6487
29004.06,577.76,13894.5,170866.25,19524.521,3019.11,5393.69,487.72,2715.24,45447.6,311.6,383128.12,1368.7241
76884.51,4023.9102,141612.44,262143.0,205845.84,35628.01,76159.67,6795.2,24125.64,262143.0,313.9,3904833.5,5265.372
49796.19,839.95,24807.57,262143.0,34315.492,6311.4004,9251.61,674.04,5996.7603,80502.84,313.9,684046.06,1423.4169
72640.65,2026.8701,41451.14,262143.0,58275.26,9256.721,13609.58,972.7,7824.9604,135424.08,315.0,1142977.2,1630.5702
115998.84,3118.02,111980.25,262143.0,157069.08,25996.06,40867.1,4075.75,20442.84,262143.0,315.5,3087753.0,2759.176
147595.5,5071.1,217058.78,262143.0,262143.0,46060.66,76151.45,7059.61,45180.96,262143.0,315.6,5985197.5,4203.8765
105910.32,4954.92,192508.7,262143.0,262143.0,43548.66,59756.66,5264.91,35415.6,262143.0,315.8,5308251.5,5196.1
116719.2,3962.6802,202682.3,262143.0,262143.0,40937.75,69512.43,6175.96,26517.48,262143.0,316.9,5588779.0,4964.037
26143.5,604.45,23906.39,262143.0,32880.51,5969.14,10051.69,846.66,3270.9602,78008.05,317.2,659196.9,2613.5642
127216.62,5843.54,259472.34,262143.0,262143.0,58561.004,108438.24,9137.9,44453.64,262143.0,317.3,7154712.5,5830.714
3241.62,200.96,4686.45,56180.883,6512.3604,1216.75,-15.07,-46.58,337.92,14970.12,317.7,129224.58,4132.6235
23832.78,205.67001,839.95,10559.82,4414.8403,1306.24,3166.07,297.29,1879.68,7029.0005,318.7,23160.854,99.76919
64480.92,1102.14,37070.84,262143.0,52536.91,10215.99,21299.39,2082.4,9523.801,127027.56,319.2,1022194.5,1642.8046
100500.664,4064.7302,151343.3,262143.0,214986.39,34546.28,83183.664,6987.0,28968.72,262143.0,319.4,4173153.0,4304.695
160905.62,9873.73,262143.0,262143.0,262143.0,77159.22,146550.27,13120.49,85191.484,262143.0,319.6,7228353.5,4657.1777
87845.64,2252.9502,72003.34,262143.0,104098.85,17489.8,33552.67,2779.73,11047.08,231839.53,320.6,1985426.4,2342.589
96056.7,3400.62,157905.89,262143.0,220617.98,35962.42,72736.04,6340.36,27499.56,262143.0,320.8,4354110.5,4699.236
3677.49,6.28,6.28,40.82,40.82,15.700001,-8.22,46.58,84.48,89.76,321.5,173.16527,3.8826675
120963.06,4345.7603,133625.84,262143.0,199708.72,31798.781,63066.582,6096.5,29421.48,262143.0,323.0,3684610.5,3157.5422
22348.56,257.48,128.74,2695.6902,3643.9702,734.76,9294.08,706.92,2781.24,3330.36,323.6,3549.888,15.470736
98941.62,2684.7002,104353.195,262143.0,157105.19,27875.352,64840.73,5397.8,20213.16,262143.0,325.0,2877444.0,3014.614
96149.79,3892.03,167153.2,262143.0,231741.42,35565.21,65758.63,6180.07,28291.56,262143.0,325.5,4609096.5,4969.675
97275.57,2348.72,90267.16,262143.0,134966.62,22548.34,45045.6,3944.23,19221.84,262143.0,326.0,2489034.2,2652.2302
145411.8,5758.7603,221242.84,262143.0,262143.0,52753.57,96215.1,8748.82,50562.6,262143.0,326.1,6100569.0,4349.294
112009.89,3827.6602,148649.17,262143.0,204811.22,33145.84,63048.77,5788.25,27667.201,262143.0,327.1,4098865.0,3793.505
146659.38,8737.05,219471.88,262143.0,262143.0,54053.53,145062.45,12540.98,59190.12,262143.0,327.3,6051736.0,4277.761
14777.82,466.29,351.68002,3915.58,830.53,414.48,101.38,-10.96,275.88,2379.9602,327.7,9697.255,67.04345
21005.28,364.24002,10429.511,126232.71,13768.9,2337.73,2524.91,306.88,1470.4801,33583.44,328.4,287584.22,1418.6604
2923.2,43.960003,56.52,4.71,95.770004,1.57,2.74,-19.18,-91.08,47.52,328.5,1558.4873,54.283134
18683.25,481.99002,18469.48,227588.78,29454.771,4614.23,13884.95,1290.54,4329.6,65094.484,328.9,509279.03,2825.5146
15488.61,541.65,400.35,6141.8403,4443.1,1701.88,732.95,298.66,1502.16,6996.0005,329.8,11039.285,72.90543
42388.14,767.73004,13905.49,170655.86,23024.05,4028.62,11613.49,935.71,6066.72,51770.402,330.3,383431.2,936.9743
35683.05,846.23004,27022.842,262143.0,37957.89,6772.9805,14058.94,1104.22,4222.68,84540.73,331.0,745130.1,2164.2998
104740.17,3424.1702,132580.22,262143.0,177421.0,28052.762,43319.4,3457.8801,22428.121,262143.0,331.5,3655778.2,3618.2153
17293.86,624.86005,2471.1802,30525.512,9154.67,2990.85,10210.61,891.87,2682.24,15594.48,333.0,68140.53,407.5653
109909.71,3339.3901,135555.38,262143.0,196835.61,30442.3,60353.98,5315.6,22007.041,262143.0,334.4,3737815.5,3525.3848
74590.32,2913.9202,117162.82,262143.0,161000.36,24335.0,46690.97,4267.55,18924.84,262143.0,335.0,3230657.5,4490.137
99379.234,3612.57,117804.95,262143.0,174817.94,28407.58,57005.7,5056.67,25354.56,262143.0,335.0,3248363.8,3388.3535
74615.55,1169.65,54155.582,262143.0,74642.516,11369.94,22299.49,2074.18,10930.921,174954.12,335.1,1493290.6,2074.214
11822.43,102.05,-1.57,-106.76,31.400002,-10.990001,82.2,-32.88,60.72,-232.32,335.6,-43.291317,-1.3797011
27625.11,298.30002,15301.221,185227.03,19902.89,3121.1602,7285.66,486.35,2452.56,49064.402,335.6,421917.16,1582.6932
13113.51,340.69,334.41,4169.92,607.59,274.75,172.62,-24.66,300.96002,2154.24,336.2,9221.05,71.91373
47324.52,3744.4502,128408.734,262143.0,175579.39,27341.55,52998.45,4542.92,19213.92,262143.0,336.5,3540753.5,7757.1353
88737.39,1970.3501,81118.766,262143.0,112080.734,16913.611,24935.37,2268.72,11511.721,262143.0,336.7,2236775.8,2612.7478
63251.61,1778.81,83957.32,262143.0,115283.53,18515.01,37053.02,3508.57,7852.68,262143.0,337.0,2315046.2,3794.2114
43962.84,1048.76,33700.05,262143.0,45385.562,7667.8804,11195.64,971.33,6115.56,111811.92,338.8,929248.06,2190.764
28687.38,386.22,12076.44,149592.75,17298.26,2273.36,5955.39,438.4,2581.9202,38557.203,338.8,332996.8,1202.6412
95718.27,2863.6802,79495.38,262143.0,127876.51,23306.65,42204.22,3556.52,18663.48,262143.0,339.4,2192012.5,2373.6306
65027.28,1973.4901,60686.78,262143.0,85408.0,14787.83,30094.791,2467.37,14501.5205,204238.33,339.4,1673382.5,2667.379
3894.12,97.340004,4355.18,51897.92,6090.0303,921.59,15.07,19.18,310.2,13787.4,340.0,120090.11,3196.7595
35114.07,540.08,17701.75,218324.2,23575.121,4309.65,7295.25,523.34,3311.8801,56732.28,340.3,488109.56,1440.3984
74665.14,2906.07,112121.555,262143.0,156415.97,24768.32,49070.66,4225.08,18568.441,262143.0,340.3,3091649.2,4292.5864
113542.83,2826.0,104781.805,262143.0,155882.17,24399.371,52951.87,4660.74,15185.28,262143.0,340.6,2889262.5,2637.6099
93003.87,3570.1802,127141.74,262143.0,172988.89,28247.441,54023.21,4971.73,22648.56,262143.0,340.8,3505817.2,3907.7344
20625.09,155.43001,766.16003,8404.21,1818.06,492.98,345.24,150.7,471.24002,3965.2803,341.3,21126.162,105.21176
138165.58,5560.9404,172312.22,262143.0,240340.31,38198.1,78595.53,7022.62,28471.082,262143.0,342.0,4751352.0,3564.8677
57203.37,1347.06,54609.312,262143.0,77366.46,11599.16,28557.65,2478.33,8915.28,177476.64,342.2,1505801.9,2728.569
51416.13,1084.87,56108.66,262143.0,79170.39,12864.58,25205.26,2301.6,8296.2,175818.73,342.7,1547145.0,3119.179
78825.48,3625.1301,131845.47,262143.0,192785.02,32210.121,68861.68,5788.25,22632.72,262143.0,343.4,3635518.2,4781.419
108870.93,5298.75,162002.03,262143.0,222470.58,34816.32,66013.45,5760.85,20508.84,262143.0,344.6,4467058.0,4253.5884
11886.811,248.06001,185.26001,1651.64,292.02002,10.990001,105.49,-39.73,188.76001,827.64,344.6,5108.3755,43.56207
99248.734,4361.46,130162.42,262143.0,189531.97,29299.342,62704.9,5304.64,26773.56,262143.0,346.2,3589109.8,3748.8135
112312.65,6110.4404,262143.0,262143.0,262143.0,59232.96,105969.5,9313.26,42085.562,262143.0,348.7,7228353.5,6672.576
77848.47,5878.08,198923.72,262143.0,262143.0,44402.742,100329.21,8580.31,36425.402,262143.0,348.9,5485139.5,7305.0977
11539.68,64.37,119.32001,1604.54,827.39,419.19,58.91,21.92,426.36002,1448.04,349.2,3290.1401,28.564363
88741.74,3295.4302,56720.96,262143.0,82575.73,13910.2,29875.59,2498.8801,38330.16,204048.25,349.5,1564028.6,1826.5305
97748.85,5396.0903,198881.33,262143.0,262143.0,47401.44,97267.26,8441.94,42357.48,262143.0,350.5,5483970.5,5816.432
11940.75,72.22,246.49,4158.93,916.88,310.86002,-19.18,-5.48,463.32,2707.32,350.6,6796.7363,58.02238
29085.84,756.74005,1745.8401,21780.611,9267.71,3311.1301,16515.35,1889.23,3883.4402,14815.681,351.2,48139.945,170.62157
108121.86,4454.0903,219906.77,262143.0,262143.0,46497.12,76781.65,6644.5,24759.24,262143.0,352.1,6063728.0,5814.326
26857.77,356.39,1891.8501,23787.07,8035.2603,2281.21,11368.26,1002.84,3467.6401,14691.601,352.2,52166.035,200.40291
29057.13,387.79,17946.67,215328.64,24780.88,3937.56,9168.04,791.86,3277.56,57149.402,353.1,494863.0,1764.9572
102295.47,5633.16,172908.81,262143.0,238250.64,39191.91,71964.73,6186.92,27947.041,262143.0,354.9,4767802.5,4831.9214
51672.78,1161.8,42886.12,262143.0,58925.242,8710.36,13609.58,997.36,8772.721,137532.12,355.6,1182545.5,2372.0337
53045.64,1103.7101,41429.16,262143.0,59542.254,9945.95,21050.05,1789.22,8329.2,138431.05,355.9,1142371.2,2232.086
23218.56,414.48,430.18002,6617.5503,4201.3203,1230.88,8724.16,808.3,2125.2002,6312.24,356.5,11861.82,51.974144
92359.2,2964.1602,56342.594,262143.0,94148.195,16456.74,44653.78,3862.03,18395.521,203805.38,356.8,1553595.5,1743.2377
133902.58,5790.16,212442.98,262143.0,262143.0,48990.28,94390.26,7887.09,32221.201,262143.0,357.0,5857921.0,4535.307
55936.65,1210.4701,52185.23,262143.0,69830.46,10035.44,21306.24,1842.65,7855.3203,169123.69,357.0,1438960.0,2666.4736
35133.21,480.42,14882.03,183559.7,20438.26,2884.09,6299.2603,390.45,3491.4001,51869.402,357.4,410358.38,1210.1371
34687.77,577.76,21650.3,262143.0,30899.172,4554.5703,9694.12,942.56,4208.16,69120.484,357.5,596987.25,1783.5823
34913.1,610.73004,20904.55,254077.81,28947.66,4135.3804,7535.0,650.75,5023.9204,65495.76,357.6,576423.9,1710.9908
49024.5,1131.9701,34087.84,262143.0,50159.934,8523.53,19881.44,1624.82,7741.8003,109926.96,359.4,939941.0,1987.0865
5590.62,284.17,5061.68,59060.26,7050.87,1635.9401,149.33,13.7,629.64,17380.441,360.4,139571.2,2587.712
37490.91,529.09,1153.9501,15891.541,6068.0503,2185.4402,2720.82,349.35,3092.76,12932.04,360.5,31819.117,87.00555
14999.67,106.76,331.27002,3838.6501,1067.6,394.07,28.77,36.99,591.36005,2898.7202,361.4,9134.468,62.14652
37531.8,1296.8201,46363.67,262143.0,72278.09,12363.75,28493.26,2481.07,6765.0005,152661.97,361.7,1278435.9,3531.0547
141713.44,4518.46,185993.2,262143.0,259819.31,40581.363,77944.78,6848.63,25905.002,262143.0,363.9,5128592.5,3751.6238
15216.3,372.09003,130.31,1863.5901,607.59,246.49,313.73,-49.32,318.12003,1651.3201,364.5,3593.179,23.48599
19695.06,138.16,686.09,8930.16,3990.9402,750.46,6166.37,652.12,1657.92,6002.04,365.7,18918.305,98.60308
92586.27,2552.82,80619.5,262143.0,114850.21,18866.691,38665.51,3377.05,18348.0,262143.0,366.2,2223009.0,2488.674
111656.67,5837.2603,153883.56,262143.0,225018.69,36730.152,84793.414,7506.23,34515.363,262143.0,366.4,4243198.5,3939.5474
51643.2,885.48004,33577.59,262143.0,49968.39,7460.64,15185.08,1224.78,5880.6,110973.73,367.0,925871.3,1858.0255
58031.61,2059.84,93284.695,262143.0,132040.14,18923.21,35728.23,3190.73,11820.601,262143.0,367.0,2572240.2,4595.1562
21436.8,444.31003,510.25003,8195.4,4091.4202,1891.8501,898.72003,169.88,1202.52,7390.68,367.4,14069.678,67.056885
24237.33,535.37,22298.71,262143.0,34296.652,5849.8203,12788.95,969.96,3310.56,71646.96,367.9,614866.56,2629.5344
18777.21,353.25,246.49,3446.1501,1058.18,383.08002,93.16,19.18,353.76,2016.9601,370.9,6796.7363,36.53334
115329.81,3918.7202,165975.7,262143.0,234300.53,38846.51,74443.06,7114.41,24489.96,262143.0,371.2,4576628.0,4113.83
50387.79,1202.62,43225.242,262143.0,58598.684,8675.82,16448.22,1570.02,7271.8804,142076.89,371.6,1191896.5,2451.7942
125871.6,5418.0703,192304.6,262143.0,262143.0,45143.78,89688.42,7596.65,37803.48,262143.0,376.2,5302623.5,4367.2847
68482.05,3267.1702,164834.31,262143.0,237095.12,38023.832,93791.57,7673.37,28958.162,262143.0,378.4,4545155.5,6881.083
9759.66,146.01001,29.830002,667.25,463.15002,262.19,42.47,-65.76,205.92001,1038.8401,378.4,822.53503,7.7391176
121646.88,3675.37,170464.33,262143.0,237566.12,35929.453,67177.95,5914.29,24895.201,262143.0,378.9,4700398.0,4005.6511
103356.0,2475.8901,80754.52,262143.0,119106.484,20620.38,38579.2,3011.26,16385.16,260391.12,379.1,2226732.0,2232.9844
104731.47,2931.1902,141646.97,262143.0,195110.19,30030.96,54450.65,4337.42,17005.56,262143.0,379.3,3905785.5,3866.0435
38861.16,835.24005,29599.21,262143.0,40809.01,6923.7,11061.38,915.16,5266.8003,95586.484,379.9,816171.2,2176.7769
127488.06,3697.35,203134.45,262143.0,262143.0,41870.332,80786.164,7519.93,25407.361,262143.0,381.0,5601246.5,4554.783
41432.01,1092.7201,34758.23,262143.0,55243.594,11432.74,27600.02,2501.62,7392.0005,121660.445,381.9,958426.44,2397.671
66176.55,1251.29,52417.59,262143.0,72730.25,11024.54,25503.92,2059.11,12100.44,174332.4,382.5,1445367.1,2263.7588
19190.46,244.92001,9562.87,117005.82,14100.171,2124.21,3885.32,204.13,2280.9602,28898.762,383.6,263687.4,1423.7932
176362.92,7992.87,262143.0,262143.0,262143.0,62663.41,116218.47,10348.98,54357.6,262143.0,383.7,7228353.5,4248.9126
33816.9,474.14,14797.251,181438.62,20571.71,3661.2402,5575.9,530.19,3775.2002,49221.48,384.9,408020.66,1250.1122
113196.57,4742.97,182223.62,262143.0,258626.11,39030.203,81057.42,7002.07,33384.12,262143.0,386.1,5024650.0,4601.782
15284.16,127.170006,15.700001,1066.03,1343.92,265.33002,902.83,116.45,737.88,1866.4801,386.6,432.91315,1.937021
15594.75,67.51,108.33,1047.1901,956.13,557.35004,167.14,50.69,472.56003,2055.24,387.5,2987.1006,18.861832
57788.01,1190.06,46933.582,262143.0,62991.543,10564.53,16446.85,1596.05,8275.08,150382.33,390.4,1294150.6,2321.175
13297.95,222.94,1480.51,18325.041,5118.2,973.4,5899.22,583.62,1346.4,9154.2,391.2,40823.71,317.32858
24251.25,675.10004,320.28,4783.79,1365.9,444.31003,305.51,60.28,695.64,3736.9202,391.5,8831.428,36.761105
13296.21,50.24,417.62003,5028.71,1891.8501,315.57,1334.38,97.27,710.16003,3505.9202,392.5,11515.49,88.8054
65501.43,3372.36,124353.42,262143.0,199509.33,35387.8,78983.24,6763.69,28486.922,262143.0,396.2,3428931.8,5427.201
72488.4,3056.79,89540.24,262143.0,133238.05,22681.791,51407.88,4641.56,18903.72,262143.0,396.5,2468990.2,3530.8218
59174.79,1248.15,34621.64,262143.0,54146.16,8613.0205,23548.93,2190.6301,7228.3203,119759.65,396.9,954660.06,1671.8612
123659.19,3257.75,157569.92,262143.0,219534.67,35303.02,62502.14,5521.1,30752.041,262143.0,397.3,4344846.5,3642.3083
25591.92,497.69,14173.961,176036.25,23053.88,4221.73,12639.62,1020.65,4831.2,50693.28,397.5,390834.0,1582.5703
20568.541,483.56003,12622.801,154415.78,27117.041,5217.1104,18355.26,1887.86,4276.8003,49658.402,397.7,348062.2,1753.6935
15982.7705,213.52,177.41,2166.6,1044.05,456.87003,226.05,27.4,398.64,2382.6,397.7,4891.9185,30.737669
65913.81,1840.04,86736.23,262143.0,118988.734,18949.9,32336.11,2912.62,10219.44,262143.0,398.3,2391672.0,3761.4705
23966.76,376.80002,10751.36,133054.36,15624.641,2358.1401,5703.31,424.7,3567.9602,34574.76,398.4,296458.94,1281.635
25784.19,270.04,367.38,5774.46,4777.5103,1230.88,5537.54,453.47,1788.6001,6681.8403,400.2,10130.168,39.739063
129134.1,3840.2202,156393.98,262143.0,221365.3,33827.223,67199.87,6003.34,24845.041,262143.0,400.2,4312421.0,3461.8054
104120.734,3565.4702,129718.12,262143.0,180944.08,30608.72,56570.04,4488.12,25238.4,262143.0,400.8,3576858.5,3561.1516
54450.69,797.56,37300.062,262143.0,53075.42,9148.391,18578.57,1645.37,9610.92,124068.125,400.9,1028515.1,1957.6426
158343.48,10015.03,262143.0,262143.0,262143.0,88910.67,168386.7,15004.24,58337.402,262143.0,401.7,7228353.5,4732.5513
34505.07,582.47003,3742.8801,44765.41,5144.89,993.81006,243.86,102.75,520.08,13305.601,403.3,103206.49,309.15012
14764.7705,524.38,13566.37,169782.95,27264.621,4673.89,16771.541,1368.63,6691.08,53317.44,404.3,374080.25,2626.1567
16050.63,293.59,98.91,1968.78,540.08,207.24,998.73,131.52,793.32,2024.8801,404.8,2727.3528,16.619644
18331.77,354.82,423.90002,5163.73,1445.9701,675.10004,206.87,54.8,344.52002,3124.4402,404.9,11688.655,65.11623
21689.1,238.64001,937.29004,13266.5,2959.4502,1420.8501,294.55,94.53,1129.92,7076.5205,408.1,25844.916,122.56102
81612.96,3454.0,149107.61,262143.0,208744.06,33486.53,60173.14,5249.84,21881.64,262143.0,409.0,4111506.0,5222.838
74697.33,2292.2002,64819.023,262143.0,94545.41,14221.061,34607.57,2768.77,14601.841,212376.12,409.4,1787325.2,2480.1123
56525.64,1064.4601,36846.332,262143.0,50668.613,7407.2603,12973.9,1028.87,6585.4805,118406.65,410.6,1016003.9,1862.7933
88827.0,4876.42,228177.53,262143.0,262143.0,47363.76,83194.62,7170.58,28471.082,262143.0,412.5,6291786.5,7343.7476
161775.62,5843.54,203883.34,262143.0,262143.0,52470.973,119099.58,10603.8,50255.043,262143.0,412.5,5621896.5,3602.443
6197.88,169.56001,139.73001,1705.02,1131.9701,942.00006,113.71,45.21,435.6,2148.9602,413.2,3852.9272,63.460777
26153.94,697.08,166.42,2311.04,1266.99,562.06,49.32,56.170002,646.80005,2647.9202,414.1,4588.8794,17.193548
41746.95,1055.04,44787.39,262143.0,62047.973,10476.61,21270.62,1837.17,5507.04,141237.36,414.2,1234971.4,3066.4678
81812.19,5229.6704,173219.67,262143.0,227739.5,33447.28,48963.8,4462.09,37965.84,262143.0,415.3,4776374.0,6052.802
6334.47,502.40002,8294.311,100729.63,11230.21,1505.63,260.3,56.170002,524.04004,27162.96,416.0,228708.03,3742.8547
59947.35,1701.88,62658.703,262143.0,89207.41,13977.711,30075.61,2740.0,12837.001,199995.84,416.9,1727756.4,2987.549
45816.81,1391.02,31217.88,262143.0,44189.223,6951.9604,14842.58,1183.68,6132.72,101563.445,419.0,860804.5,1947.1731
30409.11,759.88,38213.8,262143.0,51265.21,8562.78,15950.91,1352.1901,5100.48,119537.88,420.1,1053710.6,3592.0688
57328.65,763.02,33086.18,262143.0,44944.39,6093.1704,11484.71,871.32,5753.8804,104401.445,421.6,912321.1,1649.1519
31979.46,390.93002,13200.561,162146.47,17219.76,2648.59,5096.4,409.63,4708.4404,44322.96,422.2,363993.38,1179.2396
41679.09,956.13,39917.25,262143.0,55931.25,8766.88,17233.23,1445.35,6004.68,128898.01,422.6,1100681.6,2737.3652
45464.46,816.4,30183.252,262143.0,39818.34,5950.3003,12772.51,1091.89,4798.2,96121.086,423.6,832275.56,1897.2043
34619.91,584.04004,14465.98,177775.81,20984.621,3118.02,6558.19,691.85,4077.4802,49224.12,423.6,398886.2,1193.7333
113301.84,3956.4001,131432.55,262143.0,182273.86,31103.271,59122.35,5389.58,24829.201,262143.0,424.4,3624132.2,3315.7668
22660.02,439.6,7911.2305,96869.0,10584.94,1598.26,2940.02,276.74,1965.4801,25804.682,425.3,218144.94,997.23486
41825.25,510.25003,2466.47,29738.941,6108.87,951.42004,290.44,13.7,1367.52,12557.16,425.8,68010.66,167.61115
45212.16,817.97003,19579.47,239878.73,28283.55,3964.2502,11409.36,732.95,5241.72,63878.76,426.1,539886.0,1237.211
68488.14,1334.5,28542.602,262143.0,42104.26,8652.2705,17415.44,1409.73,28447.32,112174.92,428.1,787036.1,1190.5908
17464.38,155.43001,246.49,3496.3901,1240.3,361.1,30.14,56.170002,543.84,3009.6,428.8,6796.7363,39.35479
64381.742,1245.01,45889.53,262143.0,67332.59,10947.61,20940.45,2005.68,7234.9204,147954.84,428.9,1265361.9,2036.98
12278.311,105.19,270.04,3585.8801,1208.9,257.48,578.14,63.02,715.44,3087.4802,429.0,7446.1064,61.88376
18798.09,284.17,530.66003,7287.9404,1976.6301,695.51,234.27,101.38,504.24002,3574.56,430.4,14632.465,79.714516
21288.03,342.26,216.66,3191.81,1439.6901,538.51,165.77,27.4,588.72003,2477.6401,430.5,5974.201,28.09995
62514.72,1970.3501,83561.68,262143.0,121207.14,21992.56,35406.28,3215.39,16539.602,262143.0,431.4,2304137.0,3820.8523
105382.234,5878.08,180961.34,262143.0,254420.08,37323.61,72479.85,6544.49,32262.121,262143.0,431.8,4989843.5,4908.841
53007.36,2607.77,97186.14,262143.0,134129.81,21322.17,41282.21,3874.36,17244.48,262143.0,432.4,2679819.0,5241.243
12177.39,219.8,62.800003,1025.2101,315.57,53.38,28.77,132.89,180.84001,893.64,433.1,1731.6526,13.745329
73348.83,1215.18,54775.73,262143.0,74418.0,11784.42,22418.68,1857.72,10788.36,174756.12,433.8,1510390.6,2134.2266
129844.89,3683.2202,165956.86,262143.0,227844.69,37756.93,68708.24,5860.86,24705.121,262143.0,433.9,4576108.5,3653.4275
85614.09,3935.9902,129919.08,262143.0,181033.56,29349.58,55639.81,4827.88,21729.842,262143.0,434.9,3582399.8,4337.87
57081.57,1025.2101,38486.98,262143.0,51265.21,8969.41,13868.51,1379.59,5592.8403,124742.65,435.6,1061243.2,1926.822
17968.11,219.8,331.27002,4763.3804,1799.2201,536.94,180.84,-39.73,498.96002,3033.36,436.0,9134.468,51.714336
100156.14,2519.85,126452.516,262143.0,179901.6,27366.672,52469.63,4786.78,25171.08,262143.0,436.5,3486812.5,3608.931
148669.08,5832.5503,217481.12,262143.0,262143.0,49662.242,86826.49,7596.65,38368.44,262143.0,436.9,5996843.0,4181.6343
113577.63,3753.87,157091.06,262143.0,218573.84,36901.28,70141.26,5940.32,24278.762,262143.0,437.4,4331642.5,3953.6465
129542.13,4317.5,108428.914,262143.0,156108.25,27619.441,55750.78,4738.83,37630.562,262143.0,438.4,2989828.0,2392.2222
26976.09,329.7,14290.141,170550.67,18907.51,2896.6501,5627.96,552.11,2333.76,45154.562,438.7,394037.56,1513.6299
63574.38,1317.2301,43788.87,262143.0,63082.6,8149.87,21865.2,2087.8801,10376.5205,142837.2,440.1,1207438.1,1968.385
79297.89,2208.99,105215.125,262143.0,147479.53,21920.34,40682.15,3535.97,15838.681,262143.0,441.3,2901210.8,3792.7222
102711.33,5088.37,179220.22,262143.0,254668.14,39763.39,86721.0,7843.25,43599.6,262143.0,442.1,4941833.5,4988.0474
38586.24,662.54004,37274.94,262143.0,58939.37,10997.851,22573.49,1719.35,9481.561,132686.4,442.9,1027822.44,2761.0625
97742.76,4154.22,204556.88,262143.0,262143.0,46655.69,79638.1,6848.63,27074.521,262143.0,443.4,5640468.5,5982.8193
45027.72,772.44,27641.422,262143.0,34695.43,4978.47,6584.22,446.62,3599.6401,89202.96,446.2,762186.94,1754.2114
63444.75,1183.78,47390.453,262143.0,65665.25,9765.4,20234.9,1961.84,7459.3203,152489.05,447.1,1306748.4,2134.7192
154035.23,3576.4602,95766.86,262143.0,149944.42,24870.371,46982.78,4533.33,36880.8,262143.0,447.4,2640683.5,1776.6415
88144.05,3045.8,103874.34,262143.0,147564.31,22304.99,44409.92,4003.14,20520.72,262143.0,448.4,2864240.0,3368.491
13130.04,62.800003,193.11,2755.35,1114.7001,423.90002,86.31,30.14,411.84003,1935.1201,448.7,5324.8315,41.0521
84630.99,2929.62,111313.0,262143.0,171621.42,27540.941,60373.16,5292.31,21292.92,262143.0,450.1,3069354.2,3759.672
11263.89,78.5,78.5,852.51,565.2,131.88,71.24,-24.66,347.16,1818.9601,450.9,2164.5657,18.926464
25711.98,664.11005,21147.9,256311.92,30649.541,5039.7,13782.2,1186.42,4184.4004,71463.484,452.1,583134.0,2350.6934
37892.85,609.16003,281.03,6014.6704,3118.02,1000.09,513.75,100.01,1606.4401,8849.28,453.2,7749.145,20.205297
91579.68,3345.6702,126328.484,262143.0,177513.62,29831.57,65570.94,5416.98,21731.16,262143.0,453.7,3483392.5,3943.1294
105483.15,4680.17,184757.61,262143.0,262143.0,43591.05,84194.72,7777.49,42905.28,262143.0,454.1,5094522.0,5007.0454
13335.36,397.21002,36.11,1232.4501,584.04004,191.54001,153.44,31.51,281.16,1017.72003,454.5,995.70026,6.742331
34773.03,770.87006,41212.5,262143.0,59140.332,8418.34,18808.73,1650.85,5389.56,129790.33,454.8,1136397.0,3387.7178
73275.75,2639.1702,137897.81,262143.0,184752.89,27054.24,42638.51,3882.58,22519.201,262143.0,455.1,3802406.0,5379.7905
86960.85,4092.9902,185407.6,262143.0,262143.0,43404.223,84437.21,7341.83,27207.842,262143.0,455.5,5112445.0,6095.1094
168467.67,6035.08,254858.11,262143.0,262143.0,53858.85,86864.85,7858.32,38019.96,262143.0,455.6,7027479.0,4324.446
92787.24,5551.52,222833.25,262143.0,262143.0,46508.113,90489.87,8048.75,34122.0,262143.0,455.8,6144423.0,6865.5835
4402.2,216.66,100.48,2507.29,1345.49,544.79004,284.96,91.79,439.56003,2331.12,456.9,2770.6443,64.26177
34186.65,866.64,1201.05,18119.371,11957.12,2849.55,18523.77,1680.99,7475.16,20852.041,457.0,33117.855,99.450836
43993.29,839.95,39325.36,262143.0,57264.184,10007.181,18912.85,1863.2,5899.08,126568.2,457.1,1084360.8,2554.849
12185.22,62.800003,147.58,2012.7401,833.67004,213.52,71.24,-20.55,377.52002,1498.2001,458.8,4069.3835,33.629253
97731.45,4845.02,161257.84,262143.0,223288.55,35540.09,73836.15,6581.48,31578.361,262143.0,459.0,4446537.5,4716.7563
155044.44,9647.65,262143.0,262143.0,262143.0,64941.48,135493.0,11816.25,47685.0,262143.0,459.2,7228353.5,4833.272
111367.83,2755.35,141827.53,262143.0,199774.66,31549.15,55164.42,4563.47,26460.72,262143.0,459.5,3910764.5,3640.244
48998.4,872.92004,23187.33,262143.0,31345.05,3841.79,7452.8,530.19,5628.48,78002.766,460.0,639369.44,1352.0625
65585.82,934.15,43272.34,262143.0,60884.6,10192.44,17559.291,1446.72,6276.6,136340.17,460.1,1193195.1,1885.4678
4558.8,270.04,108.33,2637.6,2070.83,758.31,305.51,205.5,660.0,2971.32,460.2,2987.1006,66.94339
51190.8,1252.86,41487.25,262143.0,59330.3,10398.11,19359.47,1802.92,7080.4805,129225.37,461.4,1143973.0,2316.244
19463.64,147.58,489.84003,6124.5703,1802.3601,634.28,54.8,15.07,909.48004,4196.2803,461.8,13506.891,70.958015
125929.89,4589.1104,211097.5,262143.0,262143.0,47258.57,93039.44,8113.14,33960.96,262143.0,462.3,5820820.5,4791.9536
41575.56,1249.7201,24838.97,262143.0,37508.87,5281.48,14697.36,1346.71,9410.28,86441.52,464.1,684911.9,1707.2228
33041.73,632.71,29467.33,262143.0,38562.34,6587.72,9188.59,894.61,3826.6802,93957.6,465.0,812534.7,2548.9226
59793.36,2585.79,109683.34,262143.0,155461.4,23085.281,51740.79,4619.64,16206.961,262143.0,465.8,3024417.8,5243.894
69903.63,2818.1501,118090.695,262143.0,175331.33,31117.4,67023.14,6073.21,26257.441,262143.0,466.4,3256243.0,4829.198
34435.47,620.15,16579.201,202476.62,30693.502,5901.6304,18773.11,1783.74,6568.3203,65526.12,466.5,457156.3,1375.5963
15369.42,397.21002,124.03001,1496.2101,538.51,167.99,6.85,10.96,356.40002,1587.9601,466.8,3420.014,22.073755
152568.42,5876.5103,204049.77,262143.0,262143.0,41101.03,88273.21,7588.43,35022.242,262143.0,467.3,5626485.5,3823.0225
45321.78,538.51,513.39,8068.2305,4739.83,1617.1001,442.51,168.51,1838.7601,9092.16,467.4,14156.26,31.388397
6556.32,222.94,64.37,1042.48,284.17,-43.960003,143.85,-17.81,192.72,839.52,468.4,1774.944,27.071938
30730.14,602.88,466.29,6355.3604,2706.6802,1105.28,469.91,91.79,967.56006,4868.16,468.7,12857.5205,42.385098
62175.42,2931.1902,50660.76,262143.0,74411.72,11971.25,23695.52,2016.64,9365.4,160416.97,469.9,1396924.1,2328.7104
87231.42,3447.7202,174692.33,262143.0,248876.4,42531.3,85782.55,8054.23,28200.48,262143.0,470.7,4816981.0,5724.9805
25817.25,433.32,785.0,9286.551,1986.05,331.27002,97.27,89.05,731.28,4835.16,470.7,21645.656,85.937805
115807.44,3581.1702,178457.2,262143.0,248231.14,40309.75,66198.4,5952.65,31183.682,262143.0,471.1,4920794.0,4405.0215
33169.62,481.99002,351.68002,5372.54,2391.11,970.26,186.32,30.14,784.08,5072.7603,472.3,9697.255,29.314903
41699.1,844.66003,28481.371,262143.0,45041.73,8159.29,19871.85,1750.86,6238.3203,99014.52,472.9,785347.75,1951.9143
87927.42,1819.63,41278.44,262143.0,63869.17,11256.9,29465.96,2860.56,11061.601,142351.45,473.0,1138215.2,1341.2949
97575.72,6050.7803,262143.0,262143.0,262143.0,63121.85,111598.83,9370.8,34548.363,262143.0,473.2,7228353.5,7680.4907
126783.36,5763.47,249226.52,262143.0,262143.0,53739.53,110517.9,9494.1,45583.562,262143.0,473.8,6872193.0,5619.578
12018.18,62.800003,199.39,2507.29,783.43005,368.95,575.4,58.91,541.2,2287.56,475.6,5497.997,46.436615
70308.18,4713.14,114649.25,262143.0,160816.67,26490.611,59212.77,5474.52,31588.922,262143.0,475.8,3161348.2,4661.452
32940.81,692.37,20887.281,253187.62,29365.281,4133.81,8972.13,953.52,4134.24,69150.84,476.0,575947.7,1811.9952
163586.97,7656.89,262143.0,262143.0,262143.0,69084.71,142263.55,12025.86,58803.363,262143.0,476.3,7228353.5,4580.8257
12781.17,147.58,538.51,8065.0903,5306.6,1252.86,7966.55,760.35,1539.1201,6804.6,478.6,14848.921,119.46813
14680.38,141.3,28.26,1053.4701,558.92004,324.99002,15.07,39.73,286.44,1797.8401,480.6,779.24365,4.504069
37925.91,791.28,36202.633,262143.0,51100.363,9118.561,16097.5,1461.79,5245.68,113464.56,480.8,998254.5,2728.3118
59615.88,3074.06,93306.67,262143.0,129732.24,20733.42,46453.96,4136.03,14968.801,262143.0,483.0,2572846.0,4474.069
10238.16,61.230003,62.800003,-20.41,-10.990001,188.40001,-67.13,56.170002,35.640003,68.64,484.1,1731.6526,16.538269
43868.88,758.31,29472.041,262143.0,40254.8,6923.7,14475.42,1241.22,5058.24,97397.52,486.5,812664.56,1919.8906
15986.25,131.88,929.44,11677.66,2441.35,736.33,368.53,141.11,996.60004,6391.4404,489.9,25628.457,165.23549
90716.64,5397.66,262143.0,262143.0,262143.0,59892.363,111868.72,10340.76,39827.043,262143.0,490.0,7228353.5,8261.287
104285.164,5218.68,212535.61,262143.0,262143.0,50726.703,97252.19,8618.67,33670.562,262143.0,490.8,5860475.0,5826.1763
33170.49,568.34,27131.172,262143.0,38295.44,6360.0703,13278.04,1153.54,5233.8003,86590.68,490.9,748117.25,2337.6523
87319.29,2862.11,120783.24,262143.0,170844.27,26821.88,36792.72,3288.0,9361.44,262143.0,491.0,3330487.5,3953.991
124672.74,6848.3403,167599.08,262143.0,236594.3,36193.21,67087.53,5727.97,47625.6,262143.0,492.4,4621391.5,3842.697
25068.18,406.63,13847.4,168696.5,19956.271,3380.2102,6193.77,386.34,3001.6802,45316.92,493.1,381829.4,1578.4084
106467.12,5504.4204,159059.84,262143.0,249295.6,41225.062,122551.98,10606.54,39310.92,262143.0,493.4,4385929.5,4270.634
10761.03,345.40002,125.600006,1656.3501,378.37003,34.54,115.08,68.5,87.12,778.80005,493.5,3463.3052,32.372196
114030.03,5652.0,240544.42,262143.0,262143.0,50665.473,99909.99,8202.19,31251.002,262143.0,493.6,6632792.5,6030.496
120555.9,2822.86,99388.85,262143.0,134988.61,20854.31,27084.9,2607.11,10897.921,262143.0,494.2,2740556.8,2356.2097
20379.75,248.06001,924.73004,12930.5205,2753.78,737.9,282.22,43.84,1015.08,6726.72,494.3,25498.586,128.73738
23858.01,301.44,8531.38,103836.664,11201.95,2524.56,3692.15,232.9,1778.04,27289.682,494.3,235245.0,1021.43115
51389.16,850.94,24928.46,262143.0,33554.043,4476.0703,8687.17,683.63,5252.2803,80493.6,495.3,687379.5,1385.9888
167612.45,9779.53,262143.0,262143.0,262143.0,86638.88,155145.66,13587.66,72614.52,262143.0,495.7,7228353.5,4470.7856
65216.94,1265.42,46834.67,262143.0,66531.89,9341.5,20951.41,1945.4,9592.44,156504.48,497.0,1291423.2,2052.3174
35663.91,1130.4,34357.883,262143.0,48707.68,7785.6304,11877.9,1042.57,6350.52,113244.125,497.0,947387.2,2753.5232
46115.22,712.78,20876.291,256203.6,28947.66,4485.49,8963.91,853.51,5489.8804,72790.086,497.1,575644.6,1293.3689
119312.67,3822.9502,158463.25,262143.0,220572.45,35392.51,55480.89,5108.73,26524.08,262143.0,499.2,4369479.0,3796.4402
28519.47,427.04,12508.19,153657.47,16962.281,3819.81,5823.87,371.27,2898.7202,41552.28,499.3,344901.9,1253.013
27378.9,401.92,15737.681,190249.47,23300.371,3329.9702,7881.61,752.13,3637.9202,52050.242,499.5,433952.16,1642.5153
55792.23,850.94,32885.223,262143.0,42856.293,6918.99,12691.68,1057.64,5561.16,105287.164,499.7,906779.94,1684.2955
113215.71,2788.32,121789.62,262143.0,170891.36,27661.83,58546.95,4885.42,22125.842,262143.0,499.8,3358237.2,3074.7607
5106.03,111.47,70.65,1058.18,102.05,-80.07,87.68,-49.32,114.840004,508.2,500.0,1948.1091,38.561962
143563.92,6683.49,239070.19,262143.0,262143.0,55122.703,101856.76,8969.39,42455.16,262143.0,500.3,6592141.5,4760.339
163539.12,7660.0303,262143.0,262143.0,262143.0,66816.06,121969.73,10592.84,48854.523,262143.0,500.6,7228353.5,4582.166
28699.56,532.23004,21460.33,259131.66,30905.451,4758.67,10103.75,911.05,4085.4001,73256.04,500.9,591749.0,2137.0122
41811.332,656.26,22479.262,262143.0,31720.281,4813.62,4896.38,420.59,4794.24,71715.6,502.8,619845.06,1536.2235
73970.01,2689.4102,97462.46,262143.0,138034.4,22768.14,47204.72,3997.66,13922.041,262143.0,502.9,2687438.2,3766.3044
33530.67,560.49,14999.78,184030.7,25311.541,5143.3203,15719.38,1390.55,5673.3604,54373.44,503.1,413605.22,1278.0621
18507.51,328.13,10986.86,134800.2,15543.001,2913.9202,4838.84,412.37,1252.68,35489.52,505.2,302952.62,1696.3625
16704.87,224.51001,11760.87,142891.98,17031.361,2281.21,5789.62,446.62,1519.3201,38027.883,505.3,324295.25,2012.0076
108686.49,2744.36,119966.84,262143.0,176122.61,29867.682,66072.36,5944.43,18681.96,262143.0,505.8,3307976.0,3154.983
30735.36,551.07,18188.451,219916.19,22813.67,3731.8901,5838.94,580.88,2819.52,57321.004,505.9,501529.9,1691.0236
26539.35,312.43002,783.43005,9146.82,2398.96,364.24002,250.71,17.81,765.60004,4849.68,506.7,21602.367,83.403206
132094.7,3356.6602,170310.47,262143.0,230008.14,34419.11,58885.34,4904.6,18362.521,262143.0,507.1,4696155.5,3685.4211
120344.49,4673.89,192384.67,262143.0,260023.4,41160.69,64746.2,5345.74,21908.041,262143.0,508.2,5304831.5,4569.8105
41043.12,621.72003,21898.361,262143.0,29007.32,3967.3901,9288.6,985.03,4583.04,70901.164,511.7,603827.3,1524.5282
81833.94,1310.9501,76421.32,262143.0,103064.23,15395.421,26975.3,2360.51,11720.28,237189.48,513.8,2107248.0,2669.1157
93893.88,2508.86,72871.555,262143.0,110889.1,18683.0,48782.96,4138.77,20972.16,253080.97,515.7,2009366.5,2218.0635
9342.93,17.27,17.27,811.69,387.79,141.3,54.8,-30.14,314.16,949.08,516.0,476.20447,4.2851615
31159.92,692.37,805.41003,10724.67,2832.28,557.35004,216.46,20.55,864.60004,6110.2803,516.0,22208.445,72.904305
22860.99,281.03,728.48004,10181.45,2571.6602,763.02,209.61,36.99,1162.92,6449.52,516.1,20087.17,90.11117
45092.97,984.39,30012.121,262143.0,45551.98,7908.0903,17431.88,1383.7,6642.24,99289.086,516.6,827556.8,1901.9916
123706.17,4187.19,241990.39,262143.0,262143.0,52913.71,100230.57,8409.06,35838.0,262143.0,516.8,6672663.5,5592.1406
31891.59,1422.42,55563.87,262143.0,82192.64,14546.051,34713.06,3222.24,10581.12,185887.69,518.3,1532122.9,4980.559
70091.55,2155.61,54061.383,262143.0,75196.72,12462.66,27456.17,2612.59,14101.561,181863.0,520.5,1490693.1,2204.3142
26964.78,538.51,26102.82,262143.0,38651.832,5774.46,12906.7705,1001.47003,5280.0,85211.28,521.4,719761.4,2766.8308
119323.984,5606.47,197636.31,262143.0,262143.0,43803.0,80186.1,7351.42,32980.203,262143.0,522.9,5449640.5,4734.741
19226.13,255.91,7027.3203,84558.63,9843.9,1188.49,3316.77,379.49,1429.56,23056.441,524.6,193771.92,1044.0735
13721.64,260.62,390.93002,5146.46,879.2,274.75,0.0,-10.96,237.6,2030.16,524.9,10779.538,80.45955
16536.09,215.09001,6752.5703,80790.63,9492.221,1389.4501,1465.9,235.64,1836.1201,22766.041,525.0,186195.95,1166.5763
34237.11,535.37,17684.48,215306.67,23460.512,3293.86,5843.05,609.65,3272.28,58196.164,525.8,487633.38,1475.8766
50741.01,1527.6101,63324.383,262143.0,85944.945,12574.131,24621.64,2272.83,9432.721,197837.64,526.7,1746111.9,3567.2954
4742.37,260.62,5763.47,69533.734,7195.31,1095.86,73.98,35.62,609.84,19081.92,527.2,158922.42,3473.8623
44155.11,811.69,29691.842,262143.0,42614.51,5945.5903,15186.45,1359.04,4684.68,99150.484,527.3,818725.4,1921.6719
93257.914,4969.0503,181278.48,262143.0,254449.9,39330.07,82093.14,7287.03,28629.48,262143.0,527.5,4998588.5,5556.8853
6987.84,401.92,285.74002,4531.02,3578.03,1139.8201,780.9,172.62,1110.12,5620.56,528.4,7879.0195,115.916855
162716.1,5385.1,159106.95,262143.0,227747.34,36102.152,76558.34,6810.27,38331.48,262143.0,528.4,4387228.5,2794.8098
67090.92,2723.9502,97795.305,262143.0,133955.55,19056.66,43328.99,3727.77,13515.48,262143.0,528.6,2696616.0,4166.765
17259.06,403.49002,549.5,6914.2803,1546.4501,585.61005,102.75,4.11,319.44,3269.6401,528.8,15151.96,90.03314
17946.36,284.17,7325.62,90408.45,9434.13,1356.4801,2668.76,256.19,1756.92,24699.842,530.4,201997.28,1166.1241
47000.01,686.09,28716.871,262143.0,41670.94,7691.43,13663.01,1252.18,6230.4004,98693.766,530.6,791841.44,1745.981
145896.39,4399.14,177672.2,262143.0,241144.16,36846.332,63359.76,5847.16,30032.64,262143.0,531.2,4899148.5,3480.9614
75748.29,2496.3,68207.086,262143.0,94911.21,14860.051,29401.57,2331.74,15966.721,223239.73,531.9,1880748.0,2573.5757
56094.992,1108.42,26162.48,262143.0,42143.51,5940.8804,10861.36,1168.61,4721.64,89193.73,532.6,721406.44,1332.5331
128373.72,3811.9602,145796.48,262143.0,198459.0,30321.41,53335.47,4767.6,18786.24,262143.0,535.2,4020204.8,3246.2815
94737.78,3026.9602,190601.14,262143.0,253534.6,39432.12,61970.582,5474.52,21072.48,262143.0,536.1,5255652.0,5751.429
118845.484,5673.98,140814.88,262143.0,199093.28,31310.512,64891.42,5585.49,30527.64,262143.0,536.2,3882841.2,3386.777
111671.46,6308.2603,253887.84,262143.0,262143.0,57936.14,103262.38,8683.06,38563.8,262143.0,538.2,7000725.0,6499.529
62258.94,3194.9502,128730.586,262143.0,175692.42,27994.672,62117.17,5785.5103,18795.48,262143.0,539.9,3549628.2,5910.9263
69982.8,3513.6602,169878.72,262143.0,227069.11,33200.793,54486.27,4627.86,20359.682,262143.0,540.0,4684250.5,6939.5947
92770.71,3497.9602,114836.086,262143.0,156888.53,24077.521,35510.4,3074.28,23727.0,262143.0,540.7,3166500.0,3538.293
22525.17,558.92004,2669.0,34167.91,10093.53,2648.59,9851.67,968.59,5580.9604,21262.56,541.2,73595.234,337.78915
74047.44,2697.26,99125.09,262143.0,139631.1,19095.91,37131.11,3375.68,16402.32,262143.0,543.2,2733283.8,3826.565
67862.61,3234.2002,124359.7,262143.0,168561.48,27993.102,52506.62,4659.37,15970.681,262143.0,543.3,3429105.0,5238.5996
119348.34,6509.22,198744.73,262143.0,262143.0,48370.133,103215.8,8598.12,47906.76,262143.0,543.4,5480204.0,4760.329
64561.832,995.38,34555.7,262143.0,48750.07,9151.53,17233.23,1476.86,10380.48,114108.73,543.8,952841.8,1529.3573
159290.05,10594.36,262143.0,262143.0,262143.0,98751.43,212273.28,18504.59,87473.766,262143.0,544.0,7228353.5,4704.4224
32981.7,584.04004,19651.691,239222.48,27242.64,3914.01,8884.45,665.82,3050.52,64087.324,545.2,541877.44,1702.6326
14353.26,40.82,356.39,4943.93,1847.89,230.79001,532.93,46.58,637.56,3589.08,545.3,9827.129,69.994385
97682.734,4653.48,159777.33,262143.0,220817.38,32098.65,65140.76,5956.7603,25779.602,262143.0,545.9,4405713.5,4675.7734
84344.76,4584.4004,175058.14,262143.0,257808.14,41028.812,78724.31,7181.54,29309.281,262143.0,546.4,4827068.0,5933.3506
97773.21,4943.93,158559.02,262143.0,215000.52,35273.19,59301.82,4974.47,24371.16,262143.0,547.1,4372120.0,4635.8184
129136.71,4804.2,154277.62,262143.0,218000.78,31679.46,66202.51,5629.33,20231.64,262143.0,547.4,4254064.5,3414.8772
77835.42,2829.1401,105062.836,262143.0,150220.75,24663.13,48095.22,3927.79,18362.521,262143.0,548.0,2897011.5,3858.4092
125224.32,7473.2,262143.0,262143.0,262143.0,62170.434,118624.19,10169.51,45202.082,262143.0,548.4,7228353.5,5984.4746
5044.2603,158.57,153.86,2268.6501,1059.75,387.79,201.39,83.57,373.56003,2325.84,548.7,4242.549,86.212204
12532.35,673.53,12297.811,151764.06,24253.361,5204.5503,17211.31,1591.9401,4407.48,49606.92,548.9,339100.88,2804.7197
48583.41,1303.1001,50412.703,262143.0,66481.65,8908.181,15156.31,1243.96,8919.24,154762.1,549.8,1390084.1,2965.8867
60128.31,1464.81,65567.914,262143.0,90127.42,14517.79,26887.62,2539.98,10416.12,206898.12,550.8,1807975.2,3116.8943
48990.57,734.76,26386.99,262143.0,37895.09,5039.7,13891.8,1290.54,8139.12,85470.0,551.8,727597.1,1539.02
139844.67,4152.65,187239.78,262143.0,262143.0,42567.41,74290.99,6563.67,28481.64,262143.0,553.9,5162965.5,3827.2576
9280.29,157.0,306.15002,4427.4004,3116.4502,1419.28,4386.74,441.14,1341.12,4341.48,554.0,8441.807,93.3239
31799.371,591.89,21103.941,258260.3,30089.05,3832.37,6954.12,556.22003,2778.6,67466.52,554.2,581921.9,1896.5535
44780.64,730.05005,11321.2705,142609.39,19208.951,2603.06,7741.87,716.51,9461.761,45804.0,554.9,312173.7,721.8595
27240.57,403.49002,7097.97,87246.48,10274.08,1975.06,3571.59,342.5,3391.08,24210.121,555.0,195720.03,744.0183
77780.61,2119.5,85415.85,262143.0,121172.6,18962.46,40062.91,3634.61,16467.0,262143.0,557.0,2355264.0,3138.9023
16169.82,244.92001,6608.1304,81742.055,8592.61,1356.4801,2222.14,126.04,1429.56,22108.682,557.2,182213.16,1167.483
67793.01,2365.99,89329.86,262143.0,125150.984,20138.39,43181.03,3894.91,18127.56,262143.0,558.3,2463189.2,3766.5652
48538.17,1362.76,53711.273,262143.0,76391.49,11834.66,30186.58,2464.6301,7913.4004,176118.36,560.0,1481039.2,3162.9604
55269.36,814.83,40568.8,262143.0,56352.01,8617.73,14630.23,1396.03,6588.12,129209.52,560.9,1118647.6,2097.731
63387.332,4562.42,166060.47,262143.0,244279.45,41776.133,85452.38,7391.15,25602.72,262143.0,561.0,4578965.5,7489.5337
112298.734,3519.9402,133413.89,262143.0,188266.56,27861.22,61038.98,5470.41,22968.0,262143.0,561.9,3678766.0,3395.8406
84065.49,5889.0703,127922.03,262143.0,186702.84,28245.871,59182.63,5125.17,26013.24,262143.0,563.9,3527333.0,4349.875
13081.32,189.97,288.88,3888.8901,868.21,128.74,75.35,28.77,314.16,2266.4402,564.8,7965.602,62.141502
3541.77,62.800003,61.230003,1340.78,1249.7201,492.98,441.14,117.82,417.12003,1957.56,565.3,1688.3613,48.430264
97131.15,2422.51,106720.75,262143.0,149716.78,23444.81,43613.95,4325.09,17596.92,262143.0,565.6,2942727.0,3140.5164
49566.51,1122.55,2378.55,29906.932,5397.66,1541.7401,409.63,132.89,1297.56,12227.16,565.9,65586.34,136.20595
24001.56,367.38,8317.86,103715.77,12175.351,1367.4701,3349.65,235.64,3125.76,27140.521,566.7,229357.39,989.8802
89655.24,3130.58,157981.25,262143.0,221602.38,31571.13,63448.81,5148.46,18955.201,262143.0,569.8,4356188.5,5037.24
13178.76,62.800003,119.32001,1893.42,715.92004,-14.13,834.33,-5.48,546.48004,1661.8801,570.3,3290.1401,24.887358
48356.34,956.13,27142.16,262143.0,39124.402,4863.8604,11949.14,1004.21,5624.52,89072.28,570.3,748420.25,1603.8705
65854.65,1731.7101,55640.8,262143.0,76688.22,12589.83,21155.541,1919.37,10034.641,182438.53,572.2,1534244.1,2414.7717
87522.87,2684.7002,92518.53,262143.0,128122.99,19618.72,37942.15,3453.77,15894.121,262143.0,573.0,2551113.8,3021.4294
8485.98,359.53,7579.9604,95438.734,16417.49,3165.12,13963.04,1068.6,5154.6,33311.52,573.5,209010.47,2552.9587
94388.914,4465.08,158871.44,262143.0,222388.94,36552.742,71714.02,6567.78,34848.0,262143.0,573.6,4380734.5,4811.534
188031.36,6115.1504,258951.1,262143.0,262143.0,61478.062,110743.95,9870.85,57559.92,262143.0,573.7,7140339.5,3936.6438
15592.14,149.15001,172.70001,1841.6101,709.64,94.200005,1189.16,146.59,933.24005,2201.76,574.4,4762.045,30.669096
49641.332,764.59,2645.4502,31787.791,5567.22,1369.04,3230.46,368.53,1479.7201,11792.881,574.5,72945.87,151.372
34289.31,549.5,17408.16,210532.3,23955.06,3063.07,7041.8,750.76,4843.08,57949.324,574.7,480014.1,1450.5872
56568.27,987.53,34811.61,262143.0,48294.773,7041.45,13232.83,1282.32,6495.72,111363.125,574.9,959898.3,1758.5443
16447.35,361.1,472.57,5915.7603,1009.51,166.42,110.97,-2.74,310.2,2418.24,575.6,13030.686,81.15221
24019.83,379.94,119.32001,2788.32,1155.52,178.98001,223.31,-28.77,376.2,2105.4001,575.8,3290.1401,13.203401
129971.04,2730.23,80547.28,262143.0,109248.45,16808.42,30053.69,2737.26,16320.48,261754.69,576.2,2221017.5,1770.9573
115636.05,3907.7302,152390.48,262143.0,212209.06,33310.69,65702.46,5441.64,28453.922,262143.0,577.6,4202028.0,3767.0232
18838.11,161.71,9051.051,112200.055,12012.07,1491.5,2953.72,245.23,1160.28,30890.64,577.7,249574.45,1372.7595
34327.59,557.35004,21187.15,261645.22,30735.89,3733.4602,9414.64,828.85,4103.8804,68715.24,581.5,584216.3,1763.7299
24603.6,540.08,2760.06,34288.8,10660.301,3014.4001,9391.35,971.33,4792.9204,19566.361,584.1,76106.13,319.75165
37744.082,1237.16,48412.523,262143.0,67411.09,10253.67,24954.55,2031.71,8003.16,152560.33,584.5,1334931.0,3666.396
24287.791,350.11002,9586.42,117081.19,12872.431,2205.85,3551.04,383.6,2522.52,31841.041,584.9,264336.75,1127.5411
58103.82,2904.5,87615.42,262143.0,121343.734,18670.441,36403.64,3009.89,12081.961,262143.0,586.2,2415915.0,4310.465
59960.4,2340.87,101633.95,262143.0,140369.0,21722.521,43598.88,3863.4,13815.12,262143.0,586.4,2802463.2,4845.4453
137959.38,6908.0,262143.0,262143.0,262143.0,59887.652,116650.02,10090.05,48663.12,262143.0,587.3,7228353.5,5431.954
43473.9,1011.08,42094.84,262143.0,58584.55,10184.591,21152.8,1781.0,6074.64,132617.77,589.4,1160726.8,2767.5303
25823.34,383.08002,12803.351,156642.05,17989.06,3168.26,6122.53,528.82,2988.4802,41226.242,590.1,353040.7,1416.6213
100863.45,4330.06,164473.2,262143.0,227284.2,36122.562,60881.43,5003.24,21980.64,262143.0,591.2,4535198.0,4661.408
18655.41,279.46002,4146.37,51601.19,12771.95,2736.51,16034.48,1386.4401,4691.2803,24270.842,591.4,114332.36,634.4952
162730.89,8515.681,262143.0,262143.0,262143.0,65445.453,133239.34,12021.75,58404.723,262143.0,591.8,7228353.5,4604.929
14640.36,208.81001,10.990001,-65.94,42.390003,-6.28,65.76,-71.24,100.32001,89.76,592.6,303.0392,1.1463223
62573.01,1095.86,47037.203,262143.0,67060.984,10493.88,17836.03,1411.1,8804.4,153344.4,593.7,1297007.9,2148.3315
40899.57,770.87006,27093.49,262143.0,38121.17,6272.1504,13835.63,1245.33,5438.4004,91225.2,594.7,747078.2,1893.0664
5983.86,303.01,6760.4204,81660.414,9575.431,1794.51,65.76,86.31,534.60004,21266.521,597.1,186412.4,3229.288
53498.04,1372.18,49712.48,262143.0,69222.875,10702.69,15178.23,1212.45,8106.12,156258.97,597.6,1370776.1,2655.9082
57261.66,1976.6301,55637.66,262143.0,80162.63,11779.71,27010.92,2359.14,9300.721,180434.77,598.1,1534157.6,2777.1387
18588.42,679.81,698.65,9123.2705,1434.9801,552.64,223.31,109.6,418.44,4033.9202,598.3,19264.635,106.46478
23014.98,334.41,13836.41,167873.83,17138.121,2544.97,2470.11,300.03,2913.2402,43050.48,599.1,381526.34,1717.9443
10243.38,284.17,13869.381,168616.44,22961.25,4359.89,10675.04,902.83,6602.64,52588.8,604.2,382435.5,3870.353
7383.69,61.230003,51.81,587.18,150.72,-3.14,82.2,-2.74,76.560005,64.68,604.9,1428.6134,19.062689
32240.46,569.91003,24344.42,262143.0,34131.8,5094.6504,11038.09,761.72003,4736.16,77189.64,606.9,671275.1,2157.973
46672.02,785.0,32586.922,262143.0,46125.03,7134.08,15878.3,1541.25,7067.2803,108630.73,607.1,898554.56,1995.3457
104022.42,3874.76,107416.266,262143.0,153010.64,23609.66,61069.12,5360.81,21885.602,262143.0,609.9,2961905.2,2951.5146
31675.83,783.43005,1686.18,21593.781,4114.97,841.52,246.6,19.18,604.56,8141.7603,610.0,46494.87,151.2036
100351.89,4240.5703,154985.69,262143.0,211957.86,31786.22,48796.66,4241.52,38144.043,262143.0,611.4,4273588.5,4414.8574
32952.12,507.11002,20681.611,255041.8,29866.111,6083.75,10138.0,897.35,3198.36,65853.484,612.1,570276.5,1793.527
33596.79,566.77,18656.31,225356.23,30892.89,5824.7,18714.2,1612.49,5382.9604,66289.086,612.2,514430.7,1586.7312
136516.05,4689.5903,201468.69,262143.0,262143.0,45506.453,79284.64,6434.89,31892.521,262143.0,614.8,5555315.0,4218.615
12940.38,81.64,351.68002,4962.77,1133.54,356.39,87.68,41.1,718.08,3046.56,615.7,9697.255,76.705124
140881.7,3270.31,107353.46,262143.0,148744.94,23980.182,50416.0,4526.48,21622.92,262143.0,616.1,2960173.5,2177.7654
3815.82,193.11,6022.52,70948.305,7996.0103,1515.05,221.94,-17.81,427.68002,20127.361,616.9,166065.48,4511.73
71531.4,1235.5901,49502.1,262143.0,63256.87,9660.21,13015.0,1086.41,7650.72,159862.56,617.1,1364975.1,1977.6816
104595.75,6166.9604,154577.5,262143.0,208276.2,31035.762,60917.05,5164.9,29610.24,262143.0,619.4,4262333.0,4224.5303
111236.46,3747.59,149757.6,262143.0,205877.25,34970.18,63862.55,5358.07,24334.201,262143.0,620.0,4129428.8,3848.3792
45804.63,806.98004,24915.9,262143.0,34668.742,5534.25,11232.63,912.42,6577.56,83814.73,621.5,687033.2,1554.3074
95874.87,4634.64,198977.1,262143.0,262143.0,46638.42,92794.21,7759.68,32506.322,262143.0,621.9,5486611.5,5932.9966
32874.69,527.52,19858.93,240148.78,26305.352,3775.85,5182.71,345.24,2278.32,62643.242,622.5,547591.8,1726.2021
67272.75,2703.54,64370.004,262143.0,91465.06,16971.701,33053.99,3134.56,16390.441,222779.05,622.8,1774944.0,2734.857
59723.76,1661.06,72497.89,262143.0,103342.12,16915.18,32970.42,3074.28,13054.801,231447.48,624.3,1999063.0,3469.781
110213.34,4022.34,153122.11,262143.0,208500.72,35339.133,58600.38,4766.23,21365.521,262143.0,624.9,4222202.0,3971.3975
33775.14,466.29,20480.65,248381.86,27540.941,4259.41,9239.28,761.72003,3868.9202,67285.68,624.9,564735.2,1732.7864
67002.18,4191.9,194700.42,262143.0,262143.0,43190.703,65972.35,6099.24,21648.0,262143.0,625.3,5368686.0,8307.583
46117.832,816.4,24280.05,262143.0,34310.78,5956.58,12794.43,1116.55,6445.56,82948.805,625.6,669500.2,1504.323
58008.992,2326.74,92934.586,262143.0,133660.39,22049.08,47012.92,4444.28,20070.602,262143.0,626.1,2562586.2,4579.692
13056.09,98.91,243.35,3031.6702,860.36005,262.19,113.71,16.44,330.0,2265.12,627.1,6710.154,52.29264
13465.86,135.02,215.09001,1975.06,1086.4401,255.91,91.79,-21.92,545.16003,1900.8,628.5,5930.91,44.670433
67027.414,3111.74,108879.5,262143.0,153871.0,23152.791,55031.53,4744.31,16106.641,262143.0,631.0,3002252.5,4643.539
62803.56,1601.4,55180.793,262143.0,78603.625,11526.94,22494.03,1683.73,10046.5205,176581.69,631.1,1521559.9,2511.1912
110109.81,4028.62,169560.0,262143.0,254767.05,42598.812,104384.414,9342.03,44734.8,262143.0,632.5,4675462.0,4401.9766
35376.81,599.74,22601.72,262143.0,29252.24,4118.1104,7278.81,660.34,3665.6401,72354.484,632.5,623221.75,1825.7192
59383.59,1105.28,39443.11,262143.0,56584.37,9339.931,19967.75,1879.64,7355.0405,129209.52,634.1,1087607.6,1898.1256
43148.52,654.69,32822.42,262143.0,45159.48,7850.0005,15878.3,1470.01,4609.44,104026.56,635.1,905048.25,2173.9722
3961.98,298.30002,6576.73,79250.46,8495.2705,1188.49,128.78,6.85,467.28003,21756.24,637.7,181347.31,4745.2075
10287.75,208.81001,51.81,1584.13,1089.5801,362.67,232.9,94.53,451.44003,1858.56,637.9,1428.6134,13.399327
63178.53,2083.3901,47597.69,262143.0,78413.66,13825.421,27747.98,2556.42,13433.641,169011.48,638.1,1312462.8,2153.0974
9632.64,86.350006,25.12,406.63,182.12001,102.05,120.56,-45.21,262.68002,595.32,640.5,692.6611,6.4563
54303.66,990.67004,42944.21,262143.0,58788.652,9737.141,18525.14,1582.35,5885.8804,136275.48,640.6,1184147.4,2260.1248
75434.22,3072.49,122979.67,262143.0,170450.2,25589.432,52810.76,4504.56,22710.602,262143.0,642.5,3391052.0,4660.3735
143603.08,6060.2,209470.98,262143.0,262143.0,46170.562,96067.14,8215.89,38342.043,262143.0,642.8,5775971.0,4169.702
3770.58,86.350006,34.54,1219.89,951.42004,312.43002,104.12,49.32,312.84003,1079.76,644.0,952.40894,25.191668
59963.01,1215.18,45434.23,262143.0,60465.41,10043.29,18974.5,1923.48,6701.64,144980.89,644.7,1252807.4,2165.4504
89331.6,3350.3801,140146.05,262143.0,188720.28,30286.871,55463.082,4805.96,19056.84,262143.0,644.9,3864399.0,4484.643
24210.36,1232.4501,36902.85,262143.0,57418.043,10253.67,24435.32,2371.47,10843.801,127700.766,645.6,1017562.4,4357.2056
16073.25,456.87003,329.7,4648.77,967.12006,259.05002,53.43,15.07,423.72003,2419.56,645.9,9091.176,57.649487
17246.01,251.20001,601.31,7058.72,1408.29,105.19,110.97,-24.66,368.28003,3070.32,646.0,16580.572,98.69165
18869.43,781.86005,15255.69,191139.66,34593.383,7529.72,28809.73,2748.22,7205.8804,63143.523,647.0,420661.72,2310.6501
42381.18,728.48004,25441.852,262143.0,35364.25,5399.23,9376.28,809.67,4147.44,81603.73,647.1,701535.8,1715.4244
110075.88,4799.49,173957.58,262143.0,254071.53,37879.39,79396.98,7250.04,39387.48,262143.0,648.3,4796721.0,4517.561
17155.53,149.15001,464.72,4761.81,968.69,213.52,39.73,52.06,415.80002,2884.2002,650.1,12814.229,76.45264
47241.87,1830.6201,73286.03,262143.0,108801.0,16111.341,38683.32,3467.47,14044.801,240332.4,651.9,2020795.2,4434.5054
90151.14,3411.61,151090.53,262143.0,209364.22,32398.521,59437.45,5310.12,19005.361,262143.0,652.4,4166183.2,4790.9805
114122.25,3797.83,143369.27,262143.0,195411.62,27657.121,45911.44,4146.99,26238.96,262143.0,652.6,3953276.2,3590.9866
131813.7,5650.43,210274.81,262143.0,262143.0,45845.57,93994.33,7811.74,31508.4,262143.0,652.9,5798135.5,4560.164
22504.291,354.82,24691.39,262143.0,36915.41,6119.8604,14615.16,1048.05,4179.12,83249.766,653.4,680842.5,3136.106
58495.32,1157.0901,41727.46,262143.0,59074.39,8556.5,18022.35,1622.08,6132.72,130380.37,654.9,1150596.6,2038.6227
112916.43,6539.0503,262143.0,262143.0,262143.0,56846.562,100905.98,8862.53,45048.96,262143.0,655.5,7228353.5,6636.8916
51321.3,2436.6401,76631.7,262143.0,118990.305,20516.76,41963.1,3653.79,13717.44,259215.02,656.1,2113049.0,4268.3306
109191.96,4364.6,175059.72,262143.0,242594.84,37125.793,61108.85,5395.06,20248.8,262143.0,657.1,4827111.5,4582.9995
61552.5,1155.52,41113.59,262143.0,58644.21,8495.2705,22692.68,1796.07,6898.3203,133686.97,657.5,1133669.6,1908.8036
33709.89,601.31,26498.46,262143.0,38727.19,6108.87,9680.42,1039.83,4445.7603,84794.164,657.5,730670.8,2246.5652
22769.64,230.79001,232.36,3091.33,1551.16,1077.02,586.36,101.38,1581.3601,4143.48,658.3,6407.1143,28.17791
67744.29,1664.2001,68037.52,262143.0,96865.86,15219.58,27391.78,2386.54,10937.5205,220304.05,659.2,1876072.5,2870.6057
9457.7705,301.44,142.87001,2942.1802,1965.64,596.60004,189.06,67.13,819.72003,3112.56,659.8,3939.5098,42.1918
101336.734,4215.45,128907.99,262143.0,189852.25,29498.73,70734.47,6267.75,23206.922,262143.0,660.7,3554520.0,3636.1562
29251.14,496.12003,16993.68,210513.45,25660.08,3578.03,8711.83,804.19,4146.12,57190.324,661.3,468585.2,1660.0919
57040.68,1124.12,62211.254,262143.0,88830.6,15098.69,23263.97,1876.9,6894.3604,194610.25,661.8,1715418.4,3117.4104
17749.74,604.45,4303.37,55881.01,12753.11,3490.11,7011.66,868.58,4833.8403,26429.041,662.0,118661.49,692.21136
31447.02,467.86002,17103.58,207689.03,23006.781,4443.1,10695.59,865.84,3443.8801,55863.723,662.7,471615.56,1554.0935
32343.121,571.48004,5966.0,70189.99,7904.95,1328.2201,501.42,117.82,832.92004,20535.24,665.7,164507.0,526.4124
24276.48,340.69,7069.7104,87301.42,9977.351,1684.6101,5251.21,317.84,2944.9202,25685.88,666.5,194940.8,831.65466
9931.05,405.06003,1532.3201,19566.91,5400.8003,1532.3201,10966.85,675.41,3178.56,13495.681,667.1,42252.324,440.1673
41854.832,833.67004,11585.03,138943.44,20231.021,4088.28,12850.6,1060.38,2679.6,41437.44,667.2,319446.62,790.40826
59721.15,1078.5901,34004.633,262143.0,51819.42,8884.63,26908.17,2352.29,7298.2803,113273.164,667.3,937646.6,1627.017
31439.19,381.51,6570.45,80902.1,8360.25,1535.4601,1809.77,98.64,3607.56,22968.0,667.8,181174.16,596.548
31569.69,574.62,26297.5,262143.0,37491.6,6769.8403,14438.43,1302.87,4455.0,83532.24,668.3,725129.5,2380.7334
12775.08,318.71002,167.99,1971.92,640.56,131.88,206.87,128.78,203.28001,1862.52,668.4,4632.171,36.598354
104594.01,4666.04,218184.48,262143.0,262143.0,44583.293,80247.75,7065.09,26186.16,262143.0,669.1,6016237.5,5963.39
29512.14,731.62,27399.64,262143.0,38102.332,6458.98,11253.18,1060.38,4301.8804,88498.086,669.2,755520.0,2653.5635
72626.73,1821.2001,73921.88,262143.0,100666.836,14098.601,24195.57,2113.91,11111.761,235176.48,669.7,2038328.2,2909.218
49778.79,703.36005,29038.72,262143.0,38994.09,6383.62,8746.08,874.06,4536.8403,92842.2,670.7,800716.2,1666.9467
50207.7,1050.3301,46162.71,262143.0,64505.023,8947.431,18871.75,1622.08,7120.08,146337.84,670.9,1272894.5,2627.8752
40249.68,623.29004,33213.35,262143.0,46685.523,6994.35,12834.16,1046.68,4531.56,105452.164,671.6,915827.8,2358.3877
57653.16,2836.99,80564.555,262143.0,117825.37,20370.75,39177.89,3379.79,21278.4,262143.0,673.0,2221494.0,3994.4888
47681.22,1541.7401,61702.57,262143.0,86563.52,12944.65,26624.58,2379.69,10202.28,202362.61,674.6,1701391.9,3699.027
10853.25,72.22,18.84,558.92004,281.03,205.67001,57.54,-13.7,277.2,1305.4801,674.8,519.4958,3.963295
99885.57,2676.85,144942.4,262143.0,204415.58,33742.44,57346.832,5347.11,23868.24,262143.0,676.2,3996654.2,4147.9834
25364.85,715.92004,26853.281,262143.0,36022.082,5516.98,10459.95,787.75,3768.6,84169.805,676.6,740454.7,3026.0115
67860.87,1416.14,70540.1,262143.0,98225.484,16577.63,31111.33,2652.32,10969.2,223029.84,677.3,1945078.8,2971.1152
16197.66,98.91,345.40002,4975.33,1317.2301,701.79004,291.81,39.73,810.48004,3032.04,678.5,9524.09,59.970406
76879.29,2898.2202,127413.35,262143.0,182207.92,27897.33,56267.27,4749.79,19777.56,262143.0,678.6,3513306.5,4737.649
13882.59,109.9,193.11,3344.1,755.17004,102.05,64.39,17.81,605.88,2849.8801,679.3,5324.8315,38.772533
27581.61,397.21002,11410.761,139979.64,15316.921,2059.84,2500.25,309.62,2649.24,37356.0,679.3,314641.28,1181.889
3183.33,51.81,6.28,25.12,26.69,23.550001,-19.18,-8.22,54.120003,-60.72,679.7,173.16527,4.640622
69448.62,1854.17,68838.22,262143.0,98880.17,17607.55,37381.82,3263.34,14159.641,224220.48,680.0,1898150.9,2833.0989
67300.59,1381.6001,67255.664,262143.0,90848.055,12833.181,24318.87,1807.03,8536.44,212464.56,681.2,1854513.4,2856.3203
3533.94,164.85,2370.7002,29820.58,3323.6902,573.05005,164.4,-17.81,262.68002,8284.32,681.9,65369.89,1917.0789
28155.81,362.67,452.16,5281.48,2067.6902,395.64,2609.85,180.84,1425.6001,4282.08,684.2,12467.898,44.916958
111298.234,5094.6504,235611.48,262143.0,262143.0,51725.223,92562.68,8150.13,39194.76,262143.0,684.9,6496771.0,6051.812
35402.91,535.37,20088.15,242291.83,27784.291,3815.1,7369.23,583.62,3161.4001,66476.52,687.8,553912.4,1621.3702
57090.27,1131.9701,39234.3,262143.0,51835.12,6865.6104,15738.56,1483.71,11527.561,129939.484,690.0,1081850.0,1963.9559
4149.03,279.46002,5695.96,69056.45,7471.6304,1395.7301,183.58,104.12,497.64,18396.84,690.3,157060.89,3924.2686
20926.11,372.09003,14232.051,173729.92,19207.38,3328.4001,5608.78,405.52,3076.9202,46293.723,691.9,392435.78,1943.5898
125200.83,5253.22,205191.16,262143.0,262143.0,45192.453,93646.35,7776.12,33060.723,262143.0,693.0,5657958.5,4684.98
29066.7,317.14,18874.541,227709.67,24411.932,3240.4802,6726.7,590.47003,2857.8,59584.8,693.4,520448.2,1855.6484
31652.34,478.85,26482.762,262143.0,35876.07,4870.14,9624.25,786.38,4765.2,86079.84,694.0,730237.94,2391.2495
7916.13,323.42,224.51001,4138.52,2899.79,1055.04,580.88,194.54,788.04004,4540.8003,694.5,6190.658,80.090836
4673.64,211.95001,125.600006,2634.4602,1739.56,595.03,246.6,84.94,578.16003,2910.6,694.9,3463.3052,75.839294
59601.09,1270.13,46005.71,262143.0,63515.92,10638.32,18218.26,1460.42,7302.24,146097.61,695.2,1268565.4,2206.0215
42075.81,791.28,28900.56,262143.0,40981.71,5747.77,10187.32,1032.98,3578.5203,90438.484,695.7,796906.5,1962.9155
78290.43,1796.0801,63864.46,262143.0,88824.32,13566.37,20856.88,1728.9401,14196.601,204701.64,696.2,1761004.1,2331.3813
35629.98,1256.0,70255.93,262143.0,99222.43,15758.091,27713.73,2572.86,7608.4805,225078.48,697.4,1937243.0,5636.8877
36573.93,588.75,620.15,7821.74,1896.56,445.88,264.41,32.88,871.2,6138.0,699.6,17100.07,47.48129
32627.61,704.93005,50522.6,262143.0,67065.695,10715.25,19095.06,1465.9,7048.8003,151320.84,699.8,1393114.5,4426.407
117061.11,9248.87,262143.0,262143.0,262143.0,60587.87,130395.23,11739.53,45946.562,262143.0,700.0,7228353.5,6401.869
30286.44,323.42,281.03,4151.08,1084.87,175.84001,2649.58,276.74,3590.4001,4154.04,700.1,7749.145,25.53099
90441.72,4019.2002,115413.84,262143.0,161177.78,24367.97,53720.44,4755.27,22292.16,262143.0,700.5,3182431.2,3647.6995
26842.98,785.0,33122.293,262143.0,46296.16,7769.93,14937.11,1174.09,3542.8801,102818.766,700.6,913316.94,3527.0818
76104.99,3185.53,116263.21,262143.0,166881.58,27652.41,51248.96,4893.64,18357.24,262143.0,701.1,3205851.8,4366.955
112284.81,6072.7603,254741.92,262143.0,262143.0,55417.863,120679.19,10894.24,41653.92,262143.0,701.1,7024275.5,6485.7686
64570.53,1995.4701,61982.03,262143.0,86588.64,16100.351,25177.86,2355.03,11411.4,201839.89,701.3,1709097.9,2743.609
14425.47,100.48,392.5,5014.58,2117.9302,467.86002,2594.78,191.8,724.68005,3862.32,705.5,10822.828,76.79625
182860.08,5722.6504,218137.38,262143.0,262143.0,43818.703,78248.92,7021.25,33465.96,262143.0,705.7,6014938.5,3409.8306
20095.26,348.54,103.62,3320.55,3997.2202,1059.75,8704.98,715.14,1479.7201,2453.8801,707.0,2857.2268,13.743445
129579.54,4031.7603,168938.28,262143.0,239501.94,36637.52,77759.83,7166.47,29981.162,262143.0,708.0,4658318.5,3726.697
24695.82,441.17,383.08002,5286.19,2325.1702,993.81006,271.26,50.69,984.72003,4946.04,708.6,10563.081,43.35219
87888.27,4450.95,179160.56,262143.0,248779.06,37172.89,80801.23,6892.47,31879.32,262143.0,710.6,4940188.5,5827.549
13102.2,323.42,326.56,4653.48,681.38,76.93,30.14,9.59,240.24,2150.28,711.0,9004.593,70.263596
8108.4,240.21,-17.27,401.92,182.12001,135.02,4.11,-2.74,147.84001,667.92004,711.2,-476.20447,-7.089844
107336.25,5019.29,175761.5,262143.0,244646.83,40743.07,82098.62,6921.24,21018.361,262143.0,711.7,4846462.5,4680.945
9123.69,276.32,1397.3,18968.74,7292.6504,2135.2,12880.74,1052.16,3933.6,12206.04,712.1,38529.27,436.89313
37422.18,1006.37006,30779.852,262143.0,42760.52,6818.5103,14364.45,1352.1901,6560.4004,99245.52,712.7,848726.25,2350.7246
39682.44,584.04004,25908.14,262143.0,41499.812,6614.41,13025.96,1348.08,5575.68,88796.41,713.1,714393.25,1865.7529
67210.98,3367.6501,114453.0,262143.0,164160.78,25766.842,45789.51,4005.8801,18375.72,262143.0,713.2,3155936.8,4867.957
111549.664,3350.3801,126786.92,262143.0,173659.28,26832.871,43909.87,3944.23,18681.96,262143.0,714.6,3496033.5,3248.7893
35844.87,563.63,20340.92,246155.6,28481.371,4573.41,7776.12,631.57,3005.6401,68554.2,714.9,560882.25,1621.5293
47771.7,866.64,20463.38,248736.67,27760.74,3918.7202,9480.4,841.18,4119.72,66463.32,716.6,564259.0,1223.7732
86504.1,2218.4102,115606.95,262143.0,164022.61,25798.24,44290.73,4163.43,14477.761,262143.0,716.9,3187756.0,3820.169
70882.38,1455.39,46387.223,262143.0,64456.35,10189.301,19149.86,1700.17,10794.96,150642.36,717.3,1279085.2,1870.1521
51277.8,1298.39,22617.42,262143.0,36157.1,7068.14,25506.66,2061.85,8172.12,81503.41,717.5,623654.7,1260.1382
60332.76,1277.9801,37194.87,262143.0,48621.332,8085.5005,13394.49,1315.2,8688.24,120967.445,719.6,1025614.56,1761.7019
31585.35,425.47,10572.38,127656.7,14743.87,2223.12,3509.94,438.4,2440.6802,33757.68,719.6,291523.72,956.0532
17038.08,202.53001,5931.46,73460.305,7663.1704,797.56,2111.17,202.76,1445.4,19763.041,719.9,163554.58,994.3823
27813.03,398.78,14288.57,173329.58,19734.9,2976.7202,6029.37,509.64,2786.52,46898.28,721.2,393994.25,1467.8906
43295.55,712.78,32453.47,262143.0,43391.66,6793.39,13143.78,1101.48,5005.4404,104220.6,723.3,894874.75,2142.2207
43994.16,1009.51,43543.953,262143.0,61496.902,9176.65,17027.73,1680.99,6174.9604,134777.28,723.9,1200684.6,2828.9697
57339.09,849.37006,25459.121,262143.0,35395.652,5757.1904,12814.98,946.67,6786.12,83004.24,724.7,702012.0,1268.526
54750.84,1598.26,59077.53,262143.0,84426.75,14580.591,28715.2,2508.47,11755.921,191789.4,725.7,1629008.9,3084.1802
14571.63,262.19,949.85004,11996.37,3226.35,825.82,260.3,19.18,970.2,6877.2,727.0,26191.246,185.37854
55954.92,1092.7201,35163.293,262143.0,46278.89,7887.68,14448.0205,1206.97,5174.4004,115641.24,727.1,969595.6,1795.802
16816.23,238.64001,555.78,7173.33,4410.1304,1259.14,4707.32,397.3,1120.68,5567.7603,729.3,15325.126,93.498146
105398.76,5275.2,213606.36,262143.0,262143.0,45556.69,77235.12,7234.97,32472.002,262143.0,730.3,5890000.0,5793.6562
65090.79,2844.84,151344.86,262143.0,206913.45,30519.23,56301.52,4982.69,23373.24,262143.0,730.9,4173196.0,6647.0938
27646.86,340.69,3042.6602,37538.703,5810.5703,1288.9701,157.55,109.6,871.2,12356.5205,731.1,83898.57,313.67093
39768.57,1135.11,23107.262,262143.0,41212.5,7152.9204,20393.82,1757.71,3797.6401,77934.125,732.1,637161.6,1660.336
97814.1,3127.4402,100208.39,262143.0,148131.08,24313.021,47926.71,4003.14,25181.64,262143.0,732.3,2763154.8,2928.2175
99754.2,5430.6304,175494.61,262143.0,233132.45,37946.902,60736.21,5392.32,24648.361,262143.0,733.8,4839103.5,5029.1577
117086.34,5331.72,203315.0,262143.0,262143.0,45949.19,93395.64,7702.14,35250.6,262143.0,734.8,5606225.0,4963.919
16240.29,350.11002,797.56,11107.75,1467.9501,431.75,124.67,115.08,347.16,3946.8,735.8,21991.988,139.41666
44946.81,887.05005,32817.71,262143.0,45495.46,6557.89,12823.2,1075.45,5607.3604,110076.125,738.1,904918.4,2086.6536
57391.29,1353.3401,59072.82,262143.0,79891.02,11076.351,20796.6,1745.38,7406.5205,186123.97,739.5,1628879.0,2942.0032
71140.77,1425.56,57793.273,262143.0,77694.59,13329.301,18930.66,1735.79,6215.8804,177986.17,739.7,1593596.6,2321.7778
86624.164,4392.8604,149303.86,262143.0,228240.33,38777.43,92010.57,8651.55,38451.6,262143.0,740.1,4116917.2,4927.1167
36795.78,450.59003,16098.78,196480.8,23818.47,3546.6301,7865.17,758.98,4350.72,54939.723,740.3,443909.12,1249.9614
44743.23,568.34,21810.441,262143.0,31274.4,5608.04,10361.31,945.3,4579.08,74059.92,741.8,601403.0,1392.754
58314.36,1767.8201,60116.87,262143.0,93465.24,14850.631,32355.291,2729.04,9028.801,190340.05,742.7,1657667.8,2946.609
48851.37,887.05005,23874.99,262143.0,35240.223,6298.8403,13320.51,995.99,6205.3203,78918.84,743.5,658331.0,1396.3829
53207.46,1205.76,39827.76,262143.0,56640.89,8083.93,17237.34,1726.2,8042.7603,130545.37,743.5,1098214.1,2139.2395
40294.05,772.44,28479.8,262143.0,41353.8,6637.9604,13327.36,1191.9,4495.9204,89857.68,743.9,785304.44,2019.9009
12822.061,111.47,263.76,3744.4502,1128.8301,321.85,158.92,6.85,551.76,2489.52,744.2,7272.941,57.816628
59377.5,1197.91,49428.312,262143.0,68659.24,11159.561,19621.14,1578.24,9988.44,162043.2,746.1,1362940.5,2379.142
3453.03,189.97,92.630005,1810.2101,1602.9701,1273.27,457.58,145.22,306.24002,2180.6401,746.2,2554.1877,75.700874
37902.42,511.82,19350.25,235102.8,28022.932,4209.17,9714.67,869.95,3908.5203,63074.883,746.5,533565.44,1458.7168
207759.48,7584.6704,258660.66,262143.0,262143.0,57322.273,110698.74,10114.71,54279.723,262143.0,747.0,7132331.0,3558.742
23285.55,244.92001,538.51,6947.25,2482.1702,880.77,1079.56,50.69,1503.4801,6019.2,747.4,14848.921,65.123566
32235.24,489.84003,22728.89,262143.0,32013.871,4439.96,8947.47,967.22003,4234.56,73310.164,747.6,626728.4,2015.027
95099.7,5678.6904,228797.67,262143.0,262143.0,51778.6,119921.58,11091.5205,52268.043,262143.0,747.8,6308886.5,6877.9385
70875.42,2951.6,109487.09,262143.0,150847.17,24540.67,48002.06,4357.97,20456.041,262143.0,747.8,3019006.5,4415.8867
9605.67,219.8,83.21,1356.4801,423.90002,320.28,173.99,60.28,132.0,1318.68,748.1,2294.4397,23.76834
19581.96,387.79,268.47,4016.06,1223.03,257.48,93.16,61.65,492.36002,2716.56,748.9,7402.8145,38.200226
12246.12,73.79,142.87001,1811.78,910.60004,326.56,168.51,42.47,406.56003,1755.6001,750.9,3939.5098,32.35735
28056.63,529.09,405.06003,5319.16,1695.6001,323.42,380.86002,57.54,733.92004,3099.36,751.0,11169.16,40.279354
127214.01,5298.75,215115.12,262143.0,262143.0,48209.992,84316.65,7591.17,25090.56,262143.0,751.1,5931603.0,4833.8726
34391.1,513.39,998.52,13855.25,3245.1902,383.08002,3353.76,376.75,3457.08,8335.801,755.7,27533.275,82.015594
57263.4,1392.5901,58465.23,262143.0,81256.92,11779.71,24818.92,2160.49,6308.2803,181345.56,756.9,1612125.2,2918.238
66066.06,1259.14,53949.91,262143.0,75874.96,11453.15,20400.67,1820.73,7959.6,174148.92,758.1,1487619.4,2333.8623
62194.56,1323.51,46101.48,262143.0,63258.44,10369.851,17096.23,1633.04,6177.6,145933.92,758.3,1271206.1,2118.3928
112564.08,3953.2603,138711.08,262143.0,199353.89,32153.602,67849.25,6018.41,31050.361,262143.0,759.5,3824831.0,3522.3867
104781.93,7077.56,262143.0,262143.0,262143.0,65054.523,128164.87,10835.33,46374.242,262143.0,759.7,7228353.5,7152.2085
93671.164,4207.6,183135.8,262143.0,258178.66,45005.62,82335.63,7481.57,30422.041,262143.0,760.2,5049802.0,5589.058
51583.17,1808.64,76036.67,262143.0,108136.89,16257.351,35704.94,3031.81,10882.08,242374.45,761.0,2096641.6,4213.6743
5491.44,185.26001,59.660004,2402.1,1549.5901,764.59,274.0,102.75,608.52,2303.4001,764.4,1645.0701,30.06319
8740.0205,287.31,6141.8403,74829.34,11599.16,2833.85,9252.98,778.16,3591.7202,26335.32,764.8,169355.62,2008.2549
70604.85,1378.4601,39301.812,262143.0,53445.94,7680.4404,19567.71,1619.34,9018.24,130848.97,765.0,1083711.5,1590.5747
9814.47,430.18002,912.17004,11129.73,3918.7202,1130.4,4993.65,420.59,1293.6001,7652.0405,765.1,25152.254,264.7406
124288.2,5752.48,215587.7,262143.0,262143.0,50591.684,97644.01,8588.53,29689.441,262143.0,765.3,5944633.5,4958.5586
50570.492,819.54004,26575.39,262143.0,36714.453,6400.89,12294.38,1028.87,4594.9204,88678.92,765.6,732792.06,1501.5587
33291.42,846.23004,39719.43,262143.0,57443.16,9212.761,13331.47,1167.24,4952.64,129394.33,766.2,1095227.0,3410.298
163012.77,6962.95,247967.38,262143.0,262143.0,54403.64,104072.05,9466.7,38723.523,262143.0,766.9,6837473.5,4348.3257
128283.24,6432.29,260252.62,262143.0,262143.0,58152.8,107051.8,10014.7,54255.96,262143.0,767.3,7176228.0,5799.6167
52593.242,2149.33,102663.875,262143.0,147733.86,27234.791,51773.67,4547.03,12908.28,262143.0,768.7,2830862.5,5580.3174
50163.332,898.04004,34335.902,262143.0,48616.62,6846.77,12573.86,1163.13,5153.2803,111522.84,769.0,946781.1,1956.0913
58435.29,1029.92,29943.041,262143.0,43256.64,8239.36,16915.39,1412.47,8346.36,103443.125,770.6,825651.94,1464.1082
26414.94,496.12003,2464.9001,30384.21,3857.4902,587.18,193.17,57.54,620.4,8994.48,771.3,67967.37,265.80792
23737.08,329.7,1843.18,22673.941,3512.09,1064.4601,306.88,4.11,662.64,7323.3604,772.3,50824.004,221.01865
45976.02,1040.91,28310.24,262143.0,37692.562,5218.68,9806.46,863.1,5904.3604,91939.32,773.3,780629.0,1759.602
41005.71,654.69,22914.15,262143.0,30743.74,4736.69,5632.07,545.26,4647.72,74655.24,774.1,631836.75,1596.7485
17453.94,554.21,17577.72,216515.56,27906.75,5170.0103,13539.71,1135.73,4495.9204,60432.242,774.6,484689.56,2878.5066
16208.1,164.85,456.87003,5603.33,1562.15,816.4,208.24,84.94,690.36005,3670.9202,775.7,12597.773,79.595276
10354.74,273.18002,585.61005,6848.3403,3480.6902,1111.56,4436.06,308.25,1129.92,5702.4004,775.8,16147.661,160.7031
59728.11,1142.9601,37386.41,262143.0,52306.12,8656.98,18371.7,1586.46,8184.0005,120291.6,776.9,1030896.06,1788.7153
39921.69,767.73004,22196.66,262143.0,28456.25,3766.4302,5934.84,323.32,4627.9204,71833.086,777.4,612052.6,1588.746
104393.04,4229.58,172612.08,262143.0,253003.94,42455.94,80871.1,7284.29,32052.242,262143.0,780.1,4759620.0,4726.686
15203.25,116.18,348.54,4675.46,1852.6001,414.48,305.51,109.6,996.60004,3870.2402,780.8,9610.672,64.54887
43085.01,1089.5801,324.99002,5429.06,2161.8901,894.9,372.64,154.81,1255.3201,6180.24,782.3,8961.303,20.567152
112330.92,6498.23,200711.95,262143.0,262143.0,46613.3,87510.12,8029.57,37701.84,262143.0,786.3,5534448.5,5107.847
109240.68,3895.1702,146313.02,262143.0,205186.45,33364.07,39793.02,3312.66,27489.002,262143.0,786.5,4034447.5,3828.5483
134926.56,4837.17,151123.5,262143.0,209208.78,33864.902,57127.63,4589.5,25349.281,262143.0,786.7,4167092.2,3201.4585
10073.73,81.64,144.44,1783.52,822.68005,328.13,191.8,-12.33,386.76,1432.2001,788.8,3982.801,39.99644
31079.88,480.42,13629.171,168325.98,19819.68,2804.02,6182.81,379.49,3150.84,45133.44,790.4,375811.9,1252.8312
10252.08,158.57,255.91,3196.52,624.86005,124.03001,109.6,-1.37,253.44,1309.4401,790.8,7056.4844,70.37141
56880.6,1146.1001,35744.19,262143.0,46457.87,7185.89,14234.3,1167.24,7393.3203,116297.28,796.5,985613.4,1795.7609
24130.32,354.82,8441.891,104618.52,12431.261,1580.9901,2820.83,263.04,2725.8,27065.281,798.3,232777.4,999.2893
24697.56,276.32,12362.181,149043.25,18186.88,2940.61,6122.53,449.36002,2475.0,38988.84,798.9,340875.8,1430.1659
118487.04,4140.0903,106196.375,262143.0,151402.95,25267.58,51298.28,4704.58,22400.4,262143.0,799.5,2928268.0,2561.6414
39695.49,698.65,16857.09,206833.38,25655.371,3631.4102,11860.09,878.17,5012.04,58747.92,800.6,464818.84,1213.2006
69342.48,2961.02,120982.63,262143.0,173500.7,25671.07,53621.8,4707.32,19022.521,262143.0,804.3,3335985.5,4987.531
15425.1,158.57,456.87003,5314.45,2169.74,1007.94006,1109.7,146.59,736.56006,4305.8403,804.8,12597.773,83.6864
7719.5103,420.76,1146.1001,15886.83,6118.29,1304.67,12249.17,938.45,4338.8403,10717.08,805.1,31602.662,423.504
86926.05,4003.5002,129498.31,262143.0,184080.94,28822.06,60049.84,5712.9,21901.441,262143.0,805.8,3570797.5,4258.5444
93761.64,3245.1902,150473.52,262143.0,207893.12,31795.64,57435.88,5100.5103,21628.201,262143.0,805.9,4149169.5,4587.6387
205362.62,9448.261,262143.0,262143.0,262143.0,71028.375,126960.64,11675.14,47785.32,262143.0,806.3,7228353.5,3648.773
14897.88,94.200005,91.060005,1342.3501,797.56,590.32,157.55,26.03,343.2,1869.1201,809.6,2510.8962,16.476408
14927.46,189.97,557.35004,6355.3604,3132.1501,863.5,4400.44,467.17,1118.04,4472.16,809.8,15368.417,105.7557
62004.9,3526.2202,118966.76,262143.0,169897.56,25152.97,56241.24,4805.96,18082.682,262143.0,810.8,3280399.5,5484.909
42472.53,1271.7001,32422.07,262143.0,46729.48,6214.06,13054.73,1113.81,3966.6,101459.164,812.9,894008.94,2181.6375
38339.16,563.63,20720.861,253176.64,29862.97,4297.0903,7661.04,612.39,3243.2402,68816.88,815.3,571358.8,1544.305
28199.31,628.0,4416.41,53204.16,6466.83,1240.3,465.8,78.090004,722.04004,16342.921,816.0,121778.47,446.7957
36685.29,843.09,36273.28,262143.0,50930.8,7774.64,19492.36,1822.1,5958.4805,114451.92,816.4,1000202.56,2826.1177
74836.53,1351.77,65687.234,262143.0,93148.1,15002.921,30300.291,2692.05,11882.641,217678.56,819.5,1811265.4,2508.6682
64996.832,1003.23004,3416.32,42627.07,6152.83,1486.79,300.03,171.25,1512.7201,15952.2,819.8,94201.9,149.2849
32930.37,555.78,9996.19,123061.31,15929.221,3205.9402,5503.29,617.87,3600.9602,35020.92,823.5,275635.8,866.9344
50633.13,1331.36,55876.3,262143.0,79734.02,12657.341,22766.66,1864.57,6874.56,176460.25,826.4,1540737.9,3154.3088
11644.95,75.36,106.76,576.19,91.060005,61.230003,-35.62,-12.33,92.4,739.2,828.8,2943.8093,25.213192
28997.1,406.63,15177.19,186705.97,19365.951,2249.81,3929.16,316.47,3025.4402,49923.723,829.1,418497.16,1495.5314
93987.84,3741.31,142102.28,262143.0,195433.61,31296.38,61022.54,5169.0103,25548.602,262143.0,829.9,3918340.5,4321.9316
75683.914,2003.3201,83787.766,262143.0,113514.14,16995.25,32421.05,2779.73,12782.881,261753.38,830.5,2310371.0,3164.381
47025.242,1042.48,103.62,3626.7002,2844.84,1048.76,654.86,94.53,1503.4801,6237.0005,831.7,2857.2268,5.300305
111326.07,8317.86,190326.39,262143.0,262143.0,47202.05,84746.83,7539.11,29467.682,262143.0,834.7,5248076.0,4887.224
12233.94,122.46001,32.97,1199.48,579.33,119.32001,110.97,75.35,357.72,1432.2001,835.1,909.1176,6.705513
134608.14,7094.83,262143.0,262143.0,262143.0,69050.17,117922.75,10643.53,61406.402,262143.0,836.0,7228353.5,5567.2144
20250.99,516.53,109.9,1687.75,427.04,84.78001,57.54,12.33,396.00003,1747.68,836.0,3030.392,14.516739
14632.53,384.65002,329.7,4529.45,909.03,216.66,61.65,9.59,307.56,2865.7202,837.6,9091.176,63.424126
33490.65,621.72003,23766.66,262143.0,33500.66,5381.96,10869.58,775.42,3451.8,76286.766,838.2,655343.94,2028.0541
42833.582,558.92004,19863.64,239332.38,28427.99,4697.44,9580.41,721.99,3863.6401,66934.56,839.4,547721.75,1324.9387
28192.35,466.29,1014.22003,13685.69,2230.97,282.6,95.9,23.29,509.52002,5455.56,839.8,27966.19,101.8608
10087.65,157.0,260.62,3213.79,1373.75,306.15002,120.56,93.16,615.12,2769.36,840.6,7186.358,72.86977
22428.6,389.36002,2202.71,27997.81,7988.16,1844.7501,4263.44,328.8,2501.4001,15203.761,841.4,60737.71,279.80453
34915.71,1119.41,39369.32,262143.0,55139.973,8404.21,18964.91,1567.28,7299.6,123586.33,842.0,1085573.0,3222.933
37308.21,565.2,16282.471,198692.92,25206.352,4381.87,9899.62,737.06,3837.2402,54296.883,843.5,448974.25,1246.8572
11276.94,675.10004,9635.09,118428.24,19029.97,4764.95,16824.97,1539.88,5897.7603,43594.32,843.8,265678.78,2441.9436
28540.35,660.97003,23535.871,262143.0,36560.59,5361.5503,13843.85,1152.17,5211.3604,76858.32,844.3,648980.1,2356.8706
30749.28,598.17004,19102.191,233356.95,28767.111,3898.31,10829.85,856.25,3940.2002,60895.562,844.8,526725.44,1775.222
34567.71,745.75,27261.48,262143.0,39775.953,5647.29,11749.12,1064.49,5047.68,87879.0,846.9,751710.4,2253.9026
43738.38,602.88,23086.852,262143.0,31825.47,6636.39,11176.46,1113.81,4598.8804,74589.24,847.4,636598.8,1508.2147
21453.33,375.23,11698.07,143983.14,14257.171,2309.47,608.28,56.170002,970.2,34603.8,849.8,322563.6,1558.0804
4184.7,149.15001,4157.3604,51414.363,6925.27,1053.4701,20.55,38.36,549.12,14929.2,849.9,114635.41,2839.5493
35431.62,401.92,13285.341,159882.53,17337.51,2614.05,5408.7603,531.56,2777.28,41933.76,850.7,366331.12,1071.0886
69425.13,1234.02,58586.12,262143.0,80066.86,11828.381,20051.32,1671.4,8791.2,186318.0,851.4,1615458.8,2411.8318
13439.76,109.9,463.15002,5959.72,1529.18,687.66003,300.03,72.61,575.52,3781.8,852.1,12770.938,97.532425
53443.23,838.38,11845.65,149087.2,22443.15,3903.02,16372.87,1609.75,7460.64,49938.242,853.1,326632.97,632.746
16472.58,194.68001,354.82,4366.17,811.69,378.37003,16.44,45.21,390.72,2568.7202,855.3,9783.837,60.587906
58588.41,3477.55,96534.59,262143.0,138789.58,23399.281,51733.94,4493.6,16676.88,262143.0,855.9,2661853.0,4710.077
50927.19,938.86005,40645.73,262143.0,53841.582,9182.931,16379.72,1313.83,7038.24,130010.766,856.8,1120768.9,2280.9924
15615.63,301.44,103.62,1073.88,538.51,182.12001,67.13,-71.24,266.64,1353.0,857.0,2857.2268,17.972872
12828.15,262.19,113.04,1624.9501,397.21002,127.170006,200.02,-34.25,402.6,1457.28,857.3,3116.9746,24.19516
40842.15,734.76,32056.262,262143.0,42656.902,6914.2803,8217.26,724.73,5530.8003,103638.484,858.5,883922.06,2243.1572
35275.02,689.23004,17645.23,221611.78,29812.73,4590.68,15280.98,1326.16,5928.12,66257.41,858.6,486551.1,1429.2405
65852.04,1067.6,34565.12,262143.0,48173.883,8126.3203,16893.47,1423.43,7850.0405,111609.96,859.3,953101.6,1499.783
24246.03,238.64001,7207.87,90808.805,17463.111,3259.32,15294.68,1460.42,9247.92,31233.842,860.2,198750.42,848.9929
28658.67,502.40002,8258.2,99575.68,9934.96,1860.4501,1501.52,82.2,2055.24,27718.682,861.5,227712.31,822.9073
35463.81,1442.8301,47622.812,262143.0,78083.95,12988.61,32716.97,3033.18,11736.12,162462.97,861.8,1313155.5,3838.5354
72939.06,1478.9401,61029.043,262143.0,85841.32,13407.801,25916.291,2650.95,8960.16,200216.28,862.7,1682820.0,2391.3535
72361.38,3436.7302,155018.67,262143.0,218741.83,34273.1,64590.02,5901.96,17871.48,262143.0,864.1,4274498.0,6124.2827
14295.84,141.3,175.84001,2431.9302,1095.86,383.08002,309.62,10.96,689.04004,2577.9602,864.9,4848.6274,34.168755
13319.7,618.58,444.31003,8407.351,5016.1504,1607.68,1148.06,430.18,1613.04,8693.5205,866.3,12251.442,94.37634
15513.84,467.86002,478.85,5856.1,904.32,180.55,243.86,60.28,567.60004,2744.28,867.7,13203.851,87.25294
50599.2,1037.77,46319.71,262143.0,62415.35,11349.53,14794.63,1311.09,6289.8003,144451.56,868.3,1277223.6,2616.4065
4801.53,348.54,205.67001,3545.06,2950.03,1029.92,294.55,169.88,671.88,3623.4001,868.6,5671.1626,121.47299
7613.37,532.23004,13186.431,164410.4,25126.281,4246.85,15527.58,1323.42,6811.2,52421.16,869.7,363603.75,4951.2124
61288.89,805.41003,31745.4,262143.0,42173.34,6236.04,8135.06,605.54,8181.3604,103484.05,869.7,875350.4,1479.9761
9075.84,146.01001,158.57,1951.51,634.28,229.22,-98.64,24.66,151.8,960.96,871.1,4372.423,48.955486
16872.78,189.97,588.75,8540.8,1843.18,569.91003,745.28,150.7,1011.12006,5191.56,873.3,16234.243,98.76846
14475.061,218.23001,54.95,2194.86,802.27,171.13,1056.27,64.39,1001.88007,2100.12,873.7,1515.196,9.854163
9443.85,69.08,-14.13,276.32,200.96,142.87001,124.67,-35.62,349.80002,960.96,877.1,-389.62183,-5.2780128
18370.05,293.59,147.58,2590.5,1108.42,120.89001,1624.82,28.77,1173.4801,2712.6,878.0,4069.3835,21.970272
34150.98,949.85004,38713.062,262143.0,54256.062,8269.19,19079.99,1422.06,5349.9604,119578.805,878.0,1067477.2,3240.1814
47343.66,1117.8401,44986.78,262143.0,63076.32,8165.5703,17188.02,1338.49,6763.68,138602.64,883.0,1240469.4,2715.8904
44507.46,1337.64,52054.92,262143.0,76487.266,12866.15,34097.93,2564.64,9864.36,176226.61,884.1,1435366.9,3343.09
66790.77,2651.73,80881.695,262143.0,119679.53,21656.58,45934.73,3848.33,16580.521,262143.0,884.5,2230238.8,3461.4438
70653.57,3866.9102,172349.89,262143.0,246012.73,37348.73,71946.92,6063.62,23572.56,262143.0,884.9,4752390.5,6973.7056
36372.09,1066.03,571.48004,11591.311,8531.38,3342.53,1637.15,578.14,2592.4802,12221.881,885.2,15758.039,43.92435
14743.0205,75.36,229.22,2287.49,989.10004,409.77002,-42.47,84.94,473.88,2241.36,886.8,6320.5317,43.45443
78481.83,3337.82,115610.09,262143.0,175103.67,29032.441,43971.52,3812.71,22117.92,262143.0,888.2,3187842.5,4210.8765
50739.27,810.12006,36943.67,262143.0,51539.96,7562.6904,16175.59,1426.17,6477.24,118264.086,889.1,1018687.94,2080.828
42999.75,752.03,22308.13,262143.0,31330.922,4447.81,9687.2705,854.88,3454.4402,71376.36,889.4,615126.3,1482.359
50218.14,974.97003,23250.13,262143.0,32546.102,5582.9204,12338.22,1012.43,6666.0005,77965.805,890.0,641101.06,1322.7737
46503.242,1380.03,40733.652,262143.0,63440.562,11151.71,24747.68,2218.03,8895.48,141617.53,890.2,1123193.2,2503.489
71500.08,1852.6001,62360.402,262143.0,88785.07,13615.04,19295.08,1594.68,8165.5205,204518.17,890.4,1719531.0,2492.7412
145474.44,4308.08,129758.94,262143.0,185216.05,29180.021,49193.96,4807.33,37818.0,262143.0,891.5,3577984.0,2549.3489
32594.55,753.60004,28230.172,262143.0,38551.35,5615.89,14254.85,1278.21,5517.6,89881.445,892.7,778421.2,2475.3813
21422.88,270.04,54.95,1395.7301,921.59,226.08,1557.6901,117.82,1419.0,2749.56,894.6,1515.196,6.333965
12313.98,128.74,398.78,6160.68,1717.5801,339.12003,80.83,30.14,850.08,3450.4802,894.6,10995.994,91.59423
60015.21,1127.26,46724.773,262143.0,62482.863,9242.59,16461.92,1634.41,5921.52,143899.81,897.8,1288392.9,2225.0496
11360.46,65.94,215.09001,2271.79,788.14,303.01,67.13,-65.76,438.24002,2265.12,899.6,5930.91,53.134396
25898.16,375.23,270.04,4053.7402,1945.2301,450.59003,353.46,65.76,711.48004,3574.56,901.5,7446.1064,28.813175
28335.03,527.52,469.43002,5677.12,1585.7001,329.7,147.96,52.06,711.48004,4741.4404,902.6,12944.104,46.369217
21622.98,216.66,58.09,2144.62,1496.2101,491.41,443.88,36.99,566.28,2704.6802,903.1,1601.7786,6.6813016
51938.13,753.60004,37965.742,262143.0,50301.23,7641.1904,15291.94,1396.03,5801.4004,119140.56,903.6,1046870.6,2089.0398
18504.03,200.96,1227.74,14714.04,3210.6501,811.69,3294.85,163.03,1250.04,6683.16,904.4,33853.81,188.70952
57006.75,1662.63,53420.82,262143.0,74009.805,11230.21,23551.67,2034.45,10938.841,169726.92,905.3,1473030.2,2678.3735
18962.52,215.09001,87.920006,1620.2401,868.21,400.35,161.66,50.69,510.84003,1936.4401,906.0,2424.3137,12.25686
20442.39,288.88,194.68001,3350.3801,571.48004,45.530003,1546.73,204.13,1375.4401,2307.36,907.5,5368.123,26.229437
17466.99,293.59,766.16003,10066.841,3468.1301,891.76,6752.73,613.76,1554.9601,5888.52,908.7,21126.162,124.41527
128623.414,4948.64,162659.86,262143.0,229369.16,36686.19,68489.04,5608.78,29697.361,262143.0,908.7,4485197.0,3614.8413
20772.99,312.43002,9173.511,110229.7,11817.391,1777.2401,1983.76,253.45,2340.36,30700.56,909.1,252951.17,1261.6575
38470.53,681.38,27558.21,262143.0,40994.27,6978.6504,15885.15,1230.26,6879.8403,92223.125,910.2,759892.44,2047.1973
35865.75,1018.93005,35968.703,262143.0,50637.21,7942.6304,18164.83,1379.59,7178.16,114495.484,915.9,991804.06,2866.4368
14609.91,138.16,116.18,1499.3501,750.46,617.01,16.44,-56.170002,290.40002,1921.92,919.0,3203.5571,21.73698
46625.04,1138.25,51474.023,262143.0,72857.42,10864.4,22714.6,2139.94,7150.4404,164584.2,919.6,1419349.1,3155.588
9542.16,98.91,141.3,1601.4,416.05002,10.990001,6.85,-32.88,151.8,533.28,919.6,3896.2183,41.339375
52316.582,789.71,28870.73,262143.0,41126.152,6367.9204,13576.7,1153.54,6427.08,97579.69,923.9,796084.0,1576.8562
14883.09,67.51,78.5,1855.7401,1168.0801,329.7,106.86,-53.43,838.2,2537.04,931.5,2164.5657,14.080841
21897.9,332.84,431.75,5028.71,1450.68,226.08,183.58,30.14,637.56,3210.2402,932.1,11905.111,55.374
27683.4,277.89,14979.37,184740.34,22063.21,2813.4402,7287.03,526.08,2562.12,47848.684,932.5,413042.44,1546.1168
28858.77,530.66003,10164.181,123486.78,14958.961,1838.4701,4342.9,228.79,3600.9602,34898.16,934.0,280267.97,1006.03265
30010.65,420.76,19863.64,241602.6,27470.291,4352.04,11098.37,891.87,3719.7603,63823.324,936.3,547721.75,1891.485
10728.84,427.04,2317.32,29060.701,9854.891,2786.75,14979.58,1260.4,3977.1602,16335.001,937.1,63897.98,616.5644
58355.25,1020.50006,40882.8,262143.0,55590.562,8071.37,13986.33,1260.4,6544.56,126304.2,938.2,1127305.9,2002.1327
117109.83,4705.29,150351.06,262143.0,221283.66,35700.23,81946.55,7621.31,35249.28,262143.0,938.4,4145793.0,3669.812
20993.1,332.84,10197.15,124240.38,14462.841,1453.8201,3953.82,395.93,1789.92,33200.64,939.5,281177.1,1387.8369
27043.95,367.38,13195.851,161538.88,18582.521,2709.82,5130.65,495.94,2472.36,40596.6,939.7,363863.5,1394.135
54205.35,1083.3,52499.23,262143.0,72675.305,11019.83,20740.43,1772.78,7953.0005,167517.25,941.2,1447618.2,2768.2346
40187.04,1758.4,44997.773,262143.0,72408.41,11098.33,30405.78,2423.53,11320.32,156480.72,941.4,1240772.5,3200.504
29627.85,387.79,136.59001,2348.72,902.75,562.06,106.86,16.44,592.68005,2395.8,943.7,3766.3447,12.181591
124755.39,4640.92,189561.81,262143.0,262143.0,40895.363,81131.4,7641.86,27040.201,262143.0,944.7,5226993.5,4343.5073
23404.74,502.40002,12169.07,153120.53,21673.852,3915.58,11064.12,1087.78,5192.8804,44548.684,945.0,335550.97,1485.6288
28782.21,626.43,27996.24,262143.0,47040.34,7859.4204,19704.71,1831.6901,6060.12,97830.484,946.1,771970.7,2780.1506
13798.2,122.46001,268.47,3251.4702,987.53,81.64,146.59,13.7,439.56003,2469.7202,946.7,7402.8145,54.6317
31969.02,656.26,23750.96,262143.0,35797.57,6559.4604,13997.29,1365.89,4531.56,77728.2,947.0,654911.0,2123.2266
22573.02,590.32,1544.88,18208.861,2499.4402,461.58002,110.97,8.22,596.64,6270.0005,947.2,42598.652,194.68344
19589.791,485.13,21146.33,258217.9,39315.94,8236.221,18614.19,1644.0,5859.4805,75612.24,947.5,583090.7,3085.414
23603.97,607.59,27685.38,262143.0,40848.26,7581.5303,16761.95,1389.18,4682.04,90400.2,949.5,763399.06,3352.6245
11273.46,29.830002,-12.56,755.17004,425.47,64.37,32.88,69.87,509.52002,1543.0801,950.7,-346.33054,-4.185528
35025.332,872.92004,40425.93,262143.0,56866.973,8942.721,19347.14,1665.92,5933.4004,129138.24,954.6,1114708.0,3299.0972
42168.9,766.16003,23628.5,262143.0,33492.812,5338.0,11434.0205,1139.84,6886.4404,76949.41,955.2,651534.25,1601.1119
55547.76,657.83,2191.72,27942.861,4981.6104,1044.05,208.24,80.83,1605.1201,13073.28,956.6,60434.67,111.81516
48595.59,792.85004,17604.41,216422.94,26826.592,5408.6504,11824.47,1065.86,5929.4404,63592.324,956.9,485425.5,1034.7944
26450.61,307.72,817.97003,10391.83,2453.9102,960.84,110.97,36.99,794.64,5417.2803,957.3,22554.775,87.42004
5768.97,144.44,133.45,2279.6401,1973.4901,408.2,213.72,38.36,525.36005,2232.12,957.8,3679.7615,65.14077
58582.32,1157.0901,26245.691,262143.0,38183.973,5716.37,16115.31,1568.65,5823.8403,87023.64,959.0,723700.94,1279.9745
46365.78,777.15,30509.81,262143.0,41779.27,5662.99,13097.2,989.14,6213.24,98035.086,963.5,841280.1,1880.4425
70777.11,1554.3,42295.8,262143.0,64349.594,10212.851,27945.26,2546.83,9790.44,142461.0,963.6,1166268.0,1707.6511
10018.92,73.79,43.960003,725.34,334.41,164.85,21.92,60.28,293.04,1058.64,964.0,1212.1569,11.545437
8276.31,273.18002,136.59001,2928.05,1706.5901,701.79004,479.5,83.57,726.0,2993.76,965.9,3766.3447,46.18796
33987.42,687.66003,26156.201,262143.0,39785.37,7391.56,16877.03,1438.5,8144.4004,91790.164,966.6,721233.3,2199.4192
3903.69,158.57,5691.25,68373.5,6975.5103,1089.5801,65.76,-20.55,526.68,19260.121,966.9,156931.02,4167.515
123495.63,4871.71,189965.3,262143.0,262143.0,46873.92,98093.37,8703.61,38615.28,262143.0,967.1,5238119.5,4397.167
53465.85,1475.8,56713.113,262143.0,79994.64,12630.65,28645.33,2767.4,9434.04,183221.28,967.2,1563812.2,3031.8853
29118.03,574.62,24605.041,262143.0,32696.82,5601.7603,9284.49,813.78,3336.9602,79272.6,969.7,678461.5,2415.0789
56800.56,2045.7101,54610.883,262143.0,79756.0,13641.73,28178.16,2866.04,11415.36,181418.17,971.7,1505845.1,2748.0054
13361.46,178.98001,98.91,1563.7201,397.21002,102.05,768.57,-13.7,927.96,1242.12,972.1,2727.3528,20.165829
8302.41,323.42,147.58,2843.27,1957.79,681.38,326.06,183.58,595.32,3540.2402,972.3,4069.3835,49.824406
23249.01,434.89,634.28,7473.2,2160.32,733.19,284.96,-9.59,595.32,4491.96,973.5,17489.691,77.00556
17188.59,645.27,13555.381,163925.28,21003.46,3455.57,9872.22,887.76,7464.6,52885.8,975.6,373777.22,2253.8645
90262.5,3859.06,165229.95,262143.0,230611.03,36607.69,73612.84,6725.33,25357.201,262143.0,975.8,4556065.0,5232.9604
73328.82,2562.24,122827.38,262143.0,174872.89,31219.451,58452.42,4911.45,17759.281,262143.0,976.1,3386852.8,4788.272
47839.56,995.38,40496.582,262143.0,54282.75,9289.69,11269.62,1117.92,7469.8804,126013.805,976.9,1116656.2,2419.3613
29693.1,646.84,1080.16,14112.73,4044.32,613.87,346.61002,54.8,1045.4401,7747.08,978.7,29784.426,103.01156
47899.59,865.07,31324.64,262143.0,43044.69,6531.2,10296.92,1108.33,5973.0,100577.41,979.4,863748.3,1868.8351
14787.39,174.27,94.200005,1491.5,1469.52,472.57,91.79,86.31,611.16003,2766.7202,981.2,2597.479,17.214128
47495.04,839.95,25094.88,262143.0,35025.133,4758.67,8530.99,617.87,4385.04,80621.64,982.1,691968.4,1509.7266
18152.55,540.08,2416.23,31958.922,10200.29,2607.77,18037.42,1885.12,3405.6,15931.081,982.9,66625.33,379.58316
22700.041,445.88,11694.931,143997.27,17293.55,2819.7202,6096.5,484.98,3479.52,42849.84,984.2,322477.0,1472.0585
23544.81,486.7,643.7,8457.59,1728.5701,276.32,138.37,-16.44,306.24002,3680.1602,985.7,17749.44,77.169495
28694.34,621.72003,22976.951,262143.0,32379.682,5429.06,11151.8,942.56,4490.64,73168.92,985.8,633568.44,2288.524
181073.97,8173.4204,262143.0,262143.0,262143.0,82773.54,144551.44,12727.3,54739.082,262143.0,987.2,7228353.5,4138.3413
39521.49,974.97003,40447.91,262143.0,57341.113,9176.65,19740.33,1600.16,8477.04,137514.97,989.0,1115314.1,2925.2524
49496.04,984.39,20248.291,248399.12,27415.342,3975.2402,4625.12,300.03,4878.72,66636.24,992.0,558328.1,1168.6797
13640.73,182.12001,317.14,3436.7302,1146.1001,235.50002,53.43,27.4,759.0,2678.28,992.6,8744.846,65.47562
49671.78,1018.93005,37282.793,262143.0,53726.973,8361.82,19847.19,1882.38,5740.68,118847.52,992.9,1028038.94,2145.0889
5360.07,215.09001,7931.64,93411.86,9765.4,1609.25,-4.11,-35.62,357.72,25024.56,994.0,218707.72,4229.9854
49007.1,1083.3,42253.41,262143.0,62099.78,10498.591,21324.05,2181.04,7955.64,137965.08,996.1,1165099.1,2464.1978
3507.84,91.060005,127.170006,1670.4801,271.61002,34.54,34.25,-49.32,58.08,696.96,997.8,3506.5967,102.65587
53036.07,992.24005,40166.883,262143.0,55818.21,8901.9,18704.61,1533.03,6908.8804,127816.92,998.6,1107565.0,2164.438
32906.88,766.16003,30558.48,262143.0,42722.84,5964.43,15228.92,1298.76,7471.2,100013.766,999.7,842622.1,2654.1804
50804.52,996.95,35846.242,262143.0,50594.82,7630.2,15831.72,1515.22,6093.12,116314.445,999.9,988427.3,2016.3918
47303.64,621.72003,18690.852,225802.12,30059.22,5705.3804,15057.67,1269.99,4118.4004,64940.043,1001.0,515383.12,1128.7529
128343.27,4802.6304,183052.6,262143.0,254936.61,38045.812,72537.39,6093.7603,32813.883,262143.0,1002.5,5047508.0,4077.043
14608.17,108.33,549.5,6947.25,1686.18,593.46,482.24,50.69,727.32,3895.32,1002.7,15151.96,106.55259
49944.09,1350.2001,39672.332,262143.0,58212.46,9842.33,20052.69,1868.68,6563.04,129478.805,1003.2,1093928.2,2270.1855
163182.42,6184.23,253441.97,262143.0,262143.0,56706.832,112493.44,9998.26,43071.6,262143.0,1003.3,6988430.5,4439.728
16428.21,535.37,122.46001,1748.9801,748.89,75.36,154.81,134.26,393.36002,2307.36,1005.3,3376.7227,20.313412
16049.76,376.80002,65.94,1070.74,285.74002,281.03,132.89,41.1,374.88,1115.4,1006.1,1818.2352,10.7470665
80597.67,4728.8403,158910.69,262143.0,227606.05,37802.46,90074.76,7962.44,28727.162,262143.0,1006.7,4381817.0,5636.41
71697.57,1389.4501,63735.723,262143.0,82743.71,14246.181,20981.55,2067.33,7991.2803,196759.2,1007.3,1757454.2,2540.7185
46249.2,916.88,26682.15,262143.0,38213.8,6330.24,13058.84,1042.57,5291.8804,90375.125,1008.1,735735.9,1648.5504
23048.041,370.52002,10730.95,133655.67,15963.761,2877.81,5885.52,339.76,3628.6802,36355.44,1012.2,295896.12,1330.2301
16048.89,456.87003,6699.1904,81933.59,15185.04,2684.7002,15576.9,1304.24,5237.7603,30581.762,1012.3,184724.05,1192.5106
32179.56,372.09003,2015.8801,25740.15,4276.68,670.39,216.46,45.21,842.16003,9184.561,1013.2,55586.05,178.11568
129747.45,4504.33,176840.1,262143.0,236638.27,32737.64,49273.42,4264.81,28616.281,262143.0,1014.9,4876204.0,3896.0044
19430.58,174.27,3901.4502,48401.53,7906.5205,1147.67,4841.58,363.05,2818.2002,16036.681,1015.7,107578.92,573.10236
23998.95,671.96,14601.0,179213.94,28289.83,5041.27,20300.66,1793.33,9171.36,61081.684,1016.6,402609.22,1738.5599
18999.93,500.83002,191.54001,2323.6,1144.53,436.46002,274.0,31.51,564.96,1899.4801,1018.4,5281.5405,27.824148
33694.23,693.94,38811.973,262143.0,57961.26,8569.061,17255.15,1546.73,8124.6,125257.445,1018.8,1070204.6,3292.5112
72518.85,3039.52,86014.02,262143.0,116131.336,17535.33,21113.07,2024.86,12307.681,262143.0,1019.4,2371758.0,3390.3086
32512.77,601.31,16579.201,202746.67,25543.9,4549.8604,11440.87,1056.27,4254.3604,56193.723,1023.5,457156.3,1457.0038
99494.94,3246.76,106709.766,262143.0,148018.03,22843.5,45773.07,3762.02,14769.48,262143.0,1025.9,2942424.2,3065.5652
51822.42,1472.66,73673.82,262143.0,102762.78,16067.381,30098.9,2646.84,8813.641,232763.53,1027.0,2031488.2,4063.8496
3368.6401,26.69,7.8500004,67.51,72.22,-32.97,34.25,-65.76,46.2,114.840004,1027.2,216.45657,5.662911
10178.13,160.14,42.390003,1654.78,464.72,130.31,82.2,75.35,192.72,1281.7201,1028.1,1168.8656,10.9081545
26977.83,307.72,406.63,5359.98,1180.64,329.7,98.64,-12.33,434.28003,3463.6802,1028.6,11212.45,42.09644
46466.7,739.47003,23851.441,262143.0,34715.84,5755.62,9742.07,927.49,5291.8804,79255.445,1029.3,657681.7,1466.6477
51786.75,1099.0,44562.883,262143.0,63512.78,10453.061,20777.42,1927.59,4839.12,139851.36,1030.2,1228780.8,2459.3882
53803.41,824.25,26325.762,262143.0,36199.492,6259.5903,13145.15,956.26,8771.4,89503.92,1030.7,725908.8,1398.0078
39783.36,860.36005,224.51001,4554.5703,2235.6802,817.97003,243.86,141.11,1206.4801,5256.24,1032.5,6190.658,15.13553
35874.45,898.04004,37711.402,262143.0,54219.953,8071.37,17201.72,1457.68,6223.8003,120349.69,1033.0,1039857.44,3004.6365
76223.31,1323.51,45404.402,262143.0,63143.832,9718.301,23366.72,2160.49,11510.4,151178.28,1033.7,1251984.9,1702.1744
30247.291,390.93002,833.67004,12236.58,3744.4502,1130.4,1900.1901,131.52,2625.4802,10065.0,1034.2,22987.69,77.805534
68877.9,1593.55,58950.363,262143.0,82536.48,13925.9,31762.08,2644.1,9507.96,189295.92,1039.8,1625502.4,2446.1218
100326.664,3724.04,149076.22,262143.0,211524.53,33536.77,65381.88,5718.38,24661.56,262143.0,1040.7,4110640.2,4247.5527
68681.28,1584.13,70150.74,262143.0,97862.81,17299.83,30866.1,2901.66,13086.48,228367.92,1040.8,1934342.5,2919.4036
51862.44,891.76,38676.953,262143.0,50926.09,8019.56,15448.12,1302.87,5881.9204,122667.6,1041.9,1066481.6,2131.2998
43028.46,668.82,20973.63,254771.77,29869.252,4455.66,10817.5205,663.08,4167.24,68261.164,1042.4,578328.7,1392.692
71169.48,1557.4401,43478.01,262143.0,58336.492,7683.58,10405.15,904.2,5431.8003,143325.61,1043.6,1198866.4,1745.7263
9616.11,163.28,69.08,643.7,346.97,376.80002,36.99,-65.76,254.76001,814.44,1044.0,1904.8179,19.54007
37520.49,612.30005,13249.23,162184.14,18747.371,3143.1401,6082.8,553.48,4187.04,45690.48,1044.3,365335.4,1008.6507
34611.21,529.09,19413.05,236514.23,25956.81,4298.66,5629.33,349.35,2267.76,61203.12,1047.3,535297.1,1602.7106
108970.984,4341.0503,147404.17,262143.0,206136.3,31574.271,68299.98,5547.13,26357.762,262143.0,1048.0,4064535.2,3866.6565
27632.94,752.03,38507.39,262143.0,54689.383,8741.761,19022.45,1434.39,5881.9204,124494.484,1049.2,1061806.1,3983.4282
107234.46,4710.0,208466.17,262143.0,262143.0,47423.42,82723.34,6826.71,37865.523,262143.0,1050.1,5748264.0,5557.4053
19095.63,408.2,167.99,2972.01,613.87,175.84001,49.32,16.44,266.64,2026.2001,1052.3,4632.171,24.153502
18490.98,392.5,237.07,3063.07,879.2,210.38,305.51,90.42,502.92,2361.48,1058.4,6536.989,35.65774
66538.47,1863.5901,78682.125,262143.0,114886.32,18926.352,33330.73,2635.8801,8338.44,247084.2,1059.2,2169587.5,3380.0552
88864.414,1591.9801,56714.684,262143.0,79281.86,13031.0,30072.87,2468.74,11907.721,186950.28,1060.4,1563855.5,1823.8058
11935.53,155.43001,224.51001,2661.1501,631.14,144.44,63.02,105.49,175.56001,1455.9601,1060.8,6190.658,52.782745
17702.76,624.86005,7674.16,93000.52,13312.03,3092.9001,11635.41,887.76,4490.64,32824.44,1063.3,211607.95,1238.4783
24524.43,500.83002,17403.451,211037.84,25317.82,3705.2002,7778.86,605.54,3738.2402,57338.164,1063.5,479884.25,2028.0159
52242.63,1449.1101,63410.73,262143.0,90915.56,14257.171,26131.38,2091.99,8903.4,200541.02,1066.8,1748492.9,3469.4575
14756.94,141.3,356.39,4410.1304,1292.11,497.69,57.54,4.11,613.80005,3194.4001,1068.1,9827.129,68.05231
53233.56,907.46,36916.98,262143.0,50185.05,7576.8203,16239.98,1483.71,6713.5205,117272.766,1068.6,1017951.94,1981.849
15111.03,246.49,76.93,1526.04,342.26,186.83,994.62,106.86,753.72003,1531.2001,1068.8,2121.2744,13.556289
51536.19,1061.3201,36945.242,262143.0,51687.543,8050.9604,17912.75,1559.06,5392.2,117506.41,1070.6,1018731.25,2048.7231
4140.33,32.97,7.8500004,-67.51,-12.56,-7.8500004,9.59,-47.95,68.64,-81.840004,1071.3,216.45657,4.4210534
32758.98,337.55002,662.54004,9288.12,4105.5503,1182.2101,612.39,93.16,2241.36,8762.16,1071.4,18268.936,56.827007
49159.35,2207.4202,59086.953,262143.0,78956.875,13067.11,19736.22,1609.75,8033.5205,191182.2,1072.9,1629268.6,3435.643
22115.4,281.03,10822.011,134442.25,14758.001,2609.34,5262.17,463.06,2249.28,36387.12,1076.2,298407.03,1398.1431
12280.05,95.770004,1229.31,15488.051,2984.57,431.75,3604.47,343.87,1114.0801,6576.24,1076.2,33897.1,285.2268
35658.69,386.22,19216.8,233584.61,27793.71,5403.94,9587.26,732.95,3986.4001,63989.64,1077.2,529885.7,1539.8652
18904.23,398.78,136.59001,2314.1802,959.27,124.03001,52.06,16.44,314.16,1829.52,1077.5,3766.3447,19.658983
3618.33,180.55,83.21,2331.4502,1786.66,1070.74,495.94,97.27,475.2,2142.36,1077.9,2294.4397,64.75311
46183.95,406.63,576.19,8014.85,3023.82,1007.94006,576.77,104.12,1854.6001,8498.16,1079.7,15887.912,34.671688
106769.01,6327.1,228009.53,262143.0,262143.0,49167.69,89181.52,7995.32,31850.281,262143.0,1080.0,6287154.0,6104.9995
39406.65,514.96,17510.21,214684.95,23385.15,3149.4202,5863.6,327.43,5157.24,58135.44,1080.3,482828.06,1269.4889
38848.11,582.47003,26113.81,262143.0,36166.52,5636.3003,10662.71,852.14,4315.08,80694.24,1082.2,720064.44,1920.9822
49248.96,836.81,35105.203,262143.0,47552.16,8478.0,12595.78,1154.91,5058.24,112218.484,1084.4,967993.9,2037.0903
15407.7,136.59001,1072.31,13244.5205,3026.9602,679.81,3908.61,286.33,1383.3601,5823.8403,1086.8,29567.969,197.99014
37737.12,770.87006,32466.031,262143.0,48096.953,7853.14,17709.99,1502.89,5979.6,102240.6,1087.3,895221.1,2458.8547
42878.82,1026.78,31246.14,262143.0,41986.51,7336.6104,8457.01,872.69,4474.8003,96040.56,1088.6,861583.75,2082.5435
115461.18,7879.83,262143.0,262143.0,262143.0,65994.95,145947.47,12834.16,59666.64,262143.0,1088.6,7228353.5,6490.593
114100.5,4406.99,209222.92,262143.0,262143.0,51050.12,96334.29,7935.04,31303.8,262143.0,1089.4,5769130.5,5241.889
38485.32,708.07,23515.46,262143.0,34014.05,5810.5703,13535.6,1017.91,6159.12,81787.2,1091.7,648417.3,1746.0582
58034.22,978.11005,30892.89,262143.0,45696.42,7831.16,16807.16,1343.97,8438.761,104181.01,1092.5,851843.2,1521.0306
40717.74,1080.16,27300.73,262143.0,38623.57,5796.4404,12899.92,1246.7,5827.8003,91971.0,1094.9,752792.7,1916.0773
84130.74,3094.4702,131149.95,262143.0,178480.75,26430.951,46896.47,4345.64,11788.921,262143.0,1096.4,3616340.0,4456.203
50903.7,1055.04,37858.98,262143.0,52409.742,7666.31,13252.01,1113.81,5480.64,121686.84,1096.6,1043926.75,2125.5154
81408.51,2026.8701,64834.723,262143.0,100552.23,17010.951,34289.73,3211.28,15095.5205,223208.05,1097.8,1787758.1,2276.1248
3488.7,150.72,4768.0903,56774.344,6030.37,1215.18,78.090004,67.13,304.92,15709.32,1098.0,131475.73,3906.7778
8780.91,491.41,8920.74,107601.52,11619.57,2512.0,278.11002,42.47,778.80005,29571.96,1098.0,245981.25,2903.7605
35012.28,649.98004,20625.09,249620.6,25980.361,3604.7202,4067.53,227.42,3903.2402,65692.445,1098.6,568718.0,1683.3193
37181.19,496.12003,15470.78,187933.72,22440.012,3574.8901,10498.31,1060.38,4158.0,52431.723,1100.4,426592.62,1188.7013
48900.09,1007.94006,33852.34,262143.0,48426.652,7572.1104,15823.5,1608.38,6465.3604,109863.6,1100.9,933447.3,1978.3748
29353.8,758.31,39259.42,262143.0,53182.184,7236.1304,14715.17,1282.32,6240.9604,126746.41,1102.9,1082542.6,3823.094
48226.71,970.26,44575.44,262143.0,63289.844,10184.591,21688.47,2009.79,6617.16,143047.08,1103.7,1229127.0,2641.7556
15988.86,643.7,521.24,7130.9404,1430.27,412.91,194.54,10.96,258.72,3057.12,1106.0,14372.716,92.21144
34936.59,522.81,17708.031,216846.84,26536.14,3496.3901,8473.45,923.38,5268.12,59642.883,1107.7,488282.75,1448.2347
7531.59,314.0,218.23001,4369.31,2394.25,1803.93,598.69,164.4,1005.84,5107.08,1110.7,6017.493,81.84701
31225.17,372.09003,2265.51,28914.691,10663.44,3154.1301,15653.62,1502.89,3529.6802,17198.281,1114.7,62469.367,206.44844
21363.72,357.96002,149.15001,2218.4102,629.57,248.06001,1898.82,64.39,1364.88,3201.0002,1114.7,4112.6753,18.961603
16355.13,871.35004,36921.69,262143.0,56461.91,9398.0205,23361.24,2198.85,7084.4404,122135.65,1116.5,1018081.9,6453.708
8982.75,91.060005,65.94,795.99005,452.16,224.51001,-13.7,34.25,281.16,1107.4801,1117.1,1818.2352,19.98885
41363.28,623.29004,11244.341,134322.92,19518.24,4179.3403,18822.43,1598.79,4881.3604,43053.12,1117.4,310052.4,776.263
32428.38,799.13,31217.88,262143.0,43484.293,6583.0103,12160.12,1263.14,4414.08,98967.01,1117.4,860804.5,2751.4988
15265.0205,270.04,164.85,1227.74,412.91,86.350006,137.0,41.1,285.12003,1206.4801,1119.3,4545.588,29.877388
7377.6,92.630005,0.0,28.26,31.400002,-26.69,121.93,-16.44,96.36,36.960003,1119.5,0.0,-1.0
23098.5,599.74,25666.361,262143.0,41388.34,7261.25,18356.63,1801.55,6395.4004,90082.086,1120.8,707726.44,3176.09
100940.88,2081.82,46274.18,262143.0,76592.45,10371.42,29935.87,2685.2,15628.801,164064.12,1121.3,1275968.1,1309.7523
71401.77,2026.8701,76617.57,262143.0,104059.6,17832.06,28830.28,2478.33,12850.2,240030.12,1121.4,2112659.5,3067.092
69277.23,1857.31,64159.62,262143.0,89037.84,13037.28,23548.93,1979.65,10748.761,206199.84,1122.7,1769142.9,2647.0142
27066.57,409.77002,14615.131,179425.89,20851.17,3529.36,7352.79,519.23,4233.24,48561.48,1126.2,402998.88,1542.8976
8737.41,204.1,485.13,6030.37,3100.75,1397.3,4434.69,445.25,1124.64,4860.24,1128.5,13377.016,157.75389
16249.86,152.29001,582.47003,8028.9805,2626.61,794.42004,916.53,83.57,1333.2001,5670.72,1128.8,16061.078,101.48798
40778.64,946.71,38774.293,262143.0,54962.562,9423.141,18408.69,1693.32,5530.8003,120039.484,1128.9,1069165.6,2717.6926
34753.02,2106.9402,54323.57,262143.0,75061.7,12682.46,21326.791,1952.25,9226.801,177276.0,1130.0,1497922.8,4468.354
26281.83,648.41003,2015.8801,26922.361,7352.31,2372.27,5763.59,561.7,3494.04,17350.08,1132.1,55586.05,218.30983
34532.91,739.47003,25181.23,262143.0,36213.62,5597.0503,10729.84,1163.13,4154.04,83199.6,1134.5,694349.4,2083.936
53804.28,1194.77,57129.16,262143.0,82048.2,12497.2,27030.1,2629.03,5752.56,176972.4,1136.6,1575284.4,3034.918
4134.24,47.100002,-3.14,-23.550001,12.56,45.530003,10.96,-5.48,44.88,-29.04,1138.7,-86.582634,-3.1716156
81755.64,2004.89,73780.586,262143.0,107837.02,17006.24,35235.03,3308.55,11070.841,238555.69,1139.4,2034432.1,2579.3186
15868.8,189.97,235.50002,3774.28,1485.2201,304.58002,200.02,60.28,813.12006,3359.4001,1139.9,6493.6973,41.432228
20358.0,262.19,164.85,1720.7201,524.38,246.49,1297.39,112.340004,1063.92,1700.16,1141.1,4545.588,22.152763
39997.38,708.07,24699.24,262143.0,35447.46,5163.73,12266.98,1113.81,4552.68,80188.68,1141.7,681058.94,1764.6355
68175.81,1202.62,56804.17,262143.0,78550.24,12183.2,24427.1,1965.95,9463.08,182783.05,1142.5,1566323.1,2381.3135
13489.35,317.14,361.1,4463.5103,635.85004,177.41,68.5,-5.48,232.32,2263.8,1143.5,9957.002,75.539474
60140.492,1467.9501,66191.2,262143.0,93298.82,16437.9,27358.9,2397.5,9150.24,208470.25,1144.2,1825161.9,3145.8953
45327.87,638.99005,20603.111,255738.88,27567.63,3606.29,3377.05,384.97,4254.3604,66062.04,1145.1,568111.94,1298.6202
33401.91,827.39,342.26,4521.6,1314.0901,103.62,165.77,60.28,579.48004,3542.8801,1145.2,9437.507,28.297722
3330.36,155.43001,3915.58,46005.71,6322.39,970.26,46.58,9.59,278.52002,13609.2,1149.2,107968.54,3360.661
60185.73,1631.2301,71543.336,262143.0,96335.2,15754.95,24916.19,2379.69,8290.92,224728.69,1149.9,1972742.0,3397.7922
44320.41,778.72003,22122.871,262143.0,30918.012,5537.39,12212.18,1071.34,4422.0,71826.484,1153.1,610017.94,1426.2062
11620.59,290.45,307.72,2769.48,464.72,120.89001,132.89,1.37,267.96002,1502.16,1154.2,8485.098,74.714066
39036.9,1394.16,49904.023,262143.0,78812.43,13073.391,32397.76,2557.79,12347.28,167853.84,1155.0,1376057.8,3654.184
81911.37,3226.35,108050.55,262143.0,160961.11,25804.521,51590.09,4829.25,18843.0,262143.0,1155.7,2979395.0,3770.6536
29586.96,579.33,136.59001,2398.96,1009.51,244.92001,532.93,65.76,1367.52,4006.2002,1156.4,3766.3447,12.199806
14836.11,141.3,456.87003,5116.6304,1555.87,265.33002,47.95,-27.4,444.84003,3487.4402,1160.2,12597.773,87.04843
17908.95,841.52,32844.402,262143.0,43837.543,7774.64,11650.48,976.81,5742.0,104167.805,1160.6,905654.4,5242.7295
72187.38,1673.62,36152.39,262143.0,50466.082,8164.0005,15639.92,1312.46,6520.8003,117539.41,1162.3,996869.1,1430.9397
18571.89,298.30002,5330.1504,64935.203,7933.2104,1252.86,1824.84,183.58,1235.52,16828.682,1162.8,146974.02,819.60156
11079.45,243.35,3774.28,45052.723,4369.31,687.66003,238.38,101.38,355.08002,12913.561,1164.3,104072.32,973.01337
54032.22,957.7,720.63,12129.82,5692.8203,1245.01,489.09,138.37,2346.9602,12074.04,1166.1,19870.713,37.133663
136027.11,6790.25,262143.0,262143.0,262143.0,64944.62,136787.66,12125.87,47768.16,262143.0,1167.6,7228353.5,5509.1294
12739.41,72.22,224.51001,3678.51,1303.1001,233.93001,117.82,9.59,304.92,2621.52,1167.7,6190.658,49.388958
13492.83,83.21,244.92001,3205.9402,1667.3401,372.09003,69.87,127.41,481.80002,2642.6401,1168.4,6753.4453,50.900345
45812.46,1306.24,47015.223,262143.0,65611.875,11439.0205,17190.76,1464.53,6061.4404,147585.25,1170.4,1296401.8,2933.2957
27132.69,414.48,20618.81,252052.52,29658.871,3978.3801,8924.18,731.58,3020.1602,66429.0,1170.6,568544.8,2171.7998
71259.09,1596.6901,70133.47,262143.0,96991.46,13599.341,25075.11,2046.78,7402.56,222537.48,1170.9,1933866.2,2813.0645
50864.55,791.28,317.14,6495.0903,4025.4802,1692.4601,768.57,146.59,2232.12,8626.2,1172.4,8744.846,16.827269
27264.93,441.17,4587.54,55560.73,7207.87,1515.05,4023.69,400.04,3132.36,16039.32,1174.8,126497.22,480.08795
67875.664,2493.1602,102279.23,262143.0,144082.05,23906.39,55049.34,4529.22,22904.64,262143.0,1175.6,2820256.0,4307.4624
75162.78,1485.2201,56513.723,262143.0,79696.34,11900.601,25439.53,2323.52,10647.12,180797.77,1177.2,1558314.2,2148.81
36680.94,588.75,25287.99,262143.0,32630.88,5584.49,8763.89,811.04,4338.8403,81903.36,1177.6,697293.2,1970.1642
11703.24,73.79,-15.700001,1025.2101,549.5,103.62,313.73,-6.85,319.44,1363.56,1178.0,-432.91315,-4.835682
54950.94,989.10004,35394.082,262143.0,49963.684,8961.561,18430.61,1576.87,5847.6,116496.6,1180.3,975959.44,1840.639
38418.332,1679.9,81332.28,262143.0,114289.73,18912.22,36233.76,3057.84,16370.641,260443.94,1180.8,2242663.2,6052.0386
107014.35,3458.7102,69337.484,262143.0,109326.95,18551.121,46903.32,4153.84,19565.041,240559.45,1183.0,1911917.8,1851.5718
38082.51,606.02,21782.182,262143.0,30927.432,3813.53,8314.53,717.88,4510.44,70470.84,1183.3,600623.75,1634.4031
27462.42,488.27002,11077.92,135949.44,14991.931,2064.55,3451.03,286.33,2105.4001,35464.44,1183.7,305463.5,1152.3694
94457.64,2333.02,50042.184,262143.0,74721.016,12049.75,36705.04,3004.41,8077.08,160882.92,1184.2,1379867.4,1513.775
43290.332,737.9,22636.262,262143.0,29779.762,4907.8203,10709.29,854.88,3742.2002,72555.125,1185.2,624174.2,1494.0742
62392.92,1080.16,45456.21,262143.0,60022.67,9748.13,13734.25,1165.87,6013.9204,140916.61,1186.1,1253413.4,2082.0845
42101.04,1029.92,44729.3,262143.0,62165.723,10004.04,19060.81,1605.64,8024.2803,141236.05,1188.1,1233369.5,3036.7239
22179.78,284.17,16846.1,204142.39,24118.34,3443.01,7498.0103,708.29,2893.4402,56309.883,1188.5,464515.78,2170.6565
13688.58,100.48,323.42,5243.8003,1568.43,365.81,457.58,-38.36,669.24005,3338.28,1189.5,8918.011,66.555
52044.27,1153.9501,49602.582,262143.0,70299.89,10872.25,23243.42,2168.71,7963.5605,159481.1,1189.9,1367745.9,2724.087
30996.36,595.03,4846.5903,60465.41,9806.221,2499.4402,7970.66,728.84,2278.32,17520.361,1190.0,133640.3,446.0691
44155.11,814.83,37224.703,262143.0,51430.062,8225.23,17441.47,1746.75,5439.72,117840.37,1191.9,1026437.1,2409.4563
33966.54,434.89,9884.721,120266.71,14778.41,2287.49,5022.42,383.6,3347.52,33674.52,1192.5,272562.12,831.0743
24028.53,353.25,14505.23,176672.11,19215.23,2797.74,5864.97,521.97003,1945.68,46471.92,1193.1,399968.47,1725.0223
33892.59,824.25,22793.262,262143.0,31710.861,5286.19,9199.55,797.34,3095.4001,76466.28,1193.2,628503.3,1921.8734
23764.92,606.02,27892.621,262143.0,41247.043,5246.94,11095.63,900.09,3298.6802,88776.6,1194.9,769113.5,3354.8455
11960.76,167.99,417.62003,5754.0503,1533.89,438.03003,178.1,-12.33,751.08,3936.2402,1195.2,11515.49,98.83241
71698.44,2348.72,109115.0,262143.0,148415.25,22615.852,42963.2,3872.99,17219.4,262143.0,1196.5,3008746.2,4350.347
60637.26,1091.15,52301.41,262143.0,71389.47,11227.07,22614.59,2091.99,7894.9204,167798.4,1196.8,1442163.5,2465.1687
31755.0,499.26,12809.631,155761.28,16649.85,3160.4102,5005.98,363.05,3153.4802,42951.48,1197.3,353213.84,1152.3828
70828.44,4050.6,113462.336,262143.0,169487.78,27047.96,74395.11,6723.96,28962.121,262143.0,1202.8,3128620.0,4579.2905
37442.19,1089.5801,717.49005,8355.54,1511.91,401.92,172.62,5.48,715.44,4726.9204,1204.0,19784.13,53.790287
12699.39,94.200005,370.52002,4171.49,822.68005,69.08,245.23,-72.61,663.96,2791.8,1204.1,10216.751,82.42147
116125.86,6325.5303,219230.1,262143.0,262143.0,45379.28,88562.28,7902.16,33282.48,262143.0,1204.6,6045069.5,5396.843
27425.01,348.54,392.5,5656.71,1934.2401,270.04,172.62,35.62,967.56006,4151.4004,1204.7,10822.828,39.92059
31919.43,492.98,19044.102,232259.53,29231.83,4879.56,11487.45,1069.97,3678.84,63382.44,1205.2,525123.7,1704.9032
49276.8,761.45,27095.06,262143.0,36957.8,5345.85,10242.12,700.07,5975.64,92184.84,1208.2,747121.5,1571.1595
13557.21,215.09001,1576.28,19577.9,2273.36,500.83002,1124.77,89.05,1236.8401,5710.3203,1209.2,43464.48,331.43906
36405.15,1266.99,45358.87,262143.0,70040.84,12453.24,30455.1,2638.62,9874.92,156365.89,1210.1,1250729.4,3561.4473
54415.02,858.79004,31453.38,262143.0,42774.652,7520.3003,15361.81,1330.27,6449.52,102994.32,1210.7,867298.2,1651.7133
38111.22,1048.76,46461.01,262143.0,65263.332,10184.591,16812.64,1491.93,6453.4805,145766.28,1211.3,1281119.9,3484.6582
45779.4,1295.25,43743.34,262143.0,68521.086,10220.7,26683.49,2463.26,9713.881,153028.92,1212.2,1206182.6,2731.064
7901.34,340.69,211.95001,3559.1902,2353.4302,1262.28,413.74,45.21,834.24005,4206.8403,1213.6,5844.3276,75.697586
3463.47,36.11,-26.69,-76.93,59.660004,62.800003,-49.32,32.88,38.280003,26.400002,1213.6,-735.95233,-23.033634
11647.561,339.12003,4595.39,56826.152,10316.471,2138.34,8070.67,834.33,3670.9202,22030.8,1214.1,126713.68,1127.0709
13455.42,150.72,728.48004,8945.86,1896.56,469.43002,1416.58,169.88,744.48004,4185.72,1214.1,20087.17,153.79944
34465.92,698.65,31805.06,262143.0,44289.703,6528.06,12999.93,1120.66,4749.3604,100161.6,1214.1,876995.44,2637.489
114089.19,4458.8003,204655.78,262143.0,262143.0,45285.082,95964.39,8536.47,32365.082,262143.0,1214.1,5643196.0,5127.9507
100860.84,4140.0903,133062.22,262143.0,193632.81,33002.973,57142.7,5207.37,25509.002,262143.0,1215.1,3669069.0,3771.0823
146099.1,6275.29,175858.84,262143.0,250947.23,39356.76,77852.99,6652.72,35249.28,262143.0,1216.3,4849146.5,3440.6416
25493.61,337.55002,1265.42,16301.311,2263.9402,499.26,121.93,65.76,751.08,7102.9204,1218.5,34892.8,140.92287
53278.8,1001.66003,46134.453,262143.0,63346.363,10208.141,16720.85,1380.96,5615.2803,144922.81,1218.9,1272115.4,2474.825
22702.65,438.03003,1199.48,14630.83,2574.8,780.29004,0.0,42.47,611.16003,6189.4805,1219.5,33074.562,150.06555
112343.97,4711.5703,187897.61,262143.0,257784.6,41873.473,72257.914,5832.09,30555.361,262143.0,1222.0,5181104.5,4781.12
16362.09,81.64,54.95,1566.8601,764.59,287.31,190.43001,64.39,493.68002,1924.56,1222.8,1515.196,8.602359
49745.73,1116.27,36929.543,262143.0,50451.953,7804.47,20091.05,1945.4,5324.8804,120405.125,1223.6,1018298.4,2121.595
36362.52,593.46,13790.881,170585.22,20529.32,2756.9202,6791.09,484.98,4000.9202,46107.6,1224.0,380270.94,1083.3939
34722.57,580.9,17309.25,210739.53,24358.55,3414.75,7371.97,660.34,4309.8003,58316.28,1224.7,477286.75,1424.33
48158.85,1062.89,38565.48,262143.0,56088.25,8460.73,20315.73,1890.6,6378.24,124424.52,1224.9,1063407.9,2288.6633
73240.95,1849.4601,55055.19,262143.0,80655.61,13665.28,30925.01,2641.36,14534.5205,181519.81,1227.4,1518096.5,2148.2812
25344.84,524.38,14692.061,181419.78,20950.08,2764.77,6226.65,486.35,3459.7202,50237.883,1228.0,405120.12,1656.4565
24235.59,364.24002,11658.82,139182.08,16447.32,2219.98,5785.5103,461.69,2860.4402,38013.363,1228.4,321481.3,1374.4666
29548.68,314.0,271.61002,4191.9,2117.9302,1088.01,293.18,56.170002,1553.64,5773.68,1228.5,7489.398,25.281898
25584.96,386.22,19155.57,231116.56,26967.89,4532.5903,8450.16,704.18,3740.8801,61872.363,1229.2,528197.3,2139.7173
12059.07,103.62,62.800003,1445.9701,965.55005,172.70001,-1.37,46.58,151.8,1634.16,1229.3,1731.6526,13.890003
43327.742,1318.8,33696.91,262143.0,48775.19,8032.12,19280.01,1619.34,7039.56,114268.445,1230.4,929161.5,2222.6838
14074.86,262.19,244.92001,2935.9001,511.82,39.25,161.66,45.21,312.84003,1727.8801,1230.6,6753.4453,48.754135
133512.81,6184.23,197870.25,262143.0,262143.0,41349.09,87936.19,7492.53,34155.0,262143.0,1230.9,5456091.0,4236.469
46543.26,662.54004,22060.07,262143.0,31566.422,4083.57,11013.43,1048.05,4841.7603,73418.41,1231.0,608286.25,1354.1865
14780.43,158.57,-14.13,91.060005,36.11,152.29001,-35.62,-16.44,55.440002,135.96,1233.8,-389.62183,-3.7334058
53407.56,1166.51,33689.062,262143.0,46754.6,7476.3403,16055.03,1245.33,6586.8003,110357.28,1234.2,928945.06,1802.579
5269.59,171.13,58.09,785.0,427.04,56.52,131.52,78.090004,175.56001,539.88,1234.9,1601.7786,30.519081
29735.73,475.71002,14723.461,182038.36,21887.371,3384.9202,7067.83,472.65,3727.6802,47867.16,1235.1,405985.97,1414.7296
45875.1,731.62,17912.13,216744.78,23526.451,3866.9102,9111.87,726.1,6671.2803,60108.844,1236.2,493910.62,1115.3984
3480.0,53.38,28.26,-135.02,-12.56,26.69,73.98,35.62,125.4,-19.800001,1237.4,779.24365,22.218914
97845.42,4264.12,218862.72,262143.0,262143.0,48746.93,90741.95,8050.12,29051.88,262143.0,1241.9,6034939.5,6394.5854
17684.49,296.73,5234.3804,62669.69,7644.33,1116.27,1890.6,205.5,2002.4401,16952.76,1242.5,144333.25,845.2949
13059.57,103.62,138.16,2006.4601,752.03,634.28,149.33,101.38,514.80005,1977.3601,1242.7,3809.6357,29.248404
11768.49,158.57,186.83,2351.86,863.5,458.44,105.49,120.56,213.84001,1705.4401,1243.0,5151.6665,44.391537
37965.93,558.92004,14362.36,176920.17,19205.81,2940.61,5500.55,642.53,4002.2402,48731.76,1244.1,396028.94,1080.6351
47824.77,1053.4701,31492.63,262143.0,40457.332,5523.2603,9239.28,874.06,5901.72,101292.84,1244.2,868380.5,1881.8037
123067.59,5014.58,123617.09,262143.0,179933.0,27352.541,52910.77,4525.11,20020.441,262143.0,1245.5,3408628.2,2870.9958
41438.97,898.04004,25700.9,262143.0,33133.28,3890.4602,5837.57,501.42,3678.84,81494.164,1245.8,708678.8,1772.3252
17558.34,538.51,6075.9004,74455.68,12147.091,2840.1301,1087.78,154.81,2224.2002,26776.201,1246.4,167537.39,988.4097
100961.76,5030.2803,181909.62,262143.0,259809.89,42755.812,92655.84,8789.92,31456.922,262143.0,1249.4,5015991.5,5150.667
25775.49,384.65002,12355.9,148090.25,15979.461,1852.6001,3571.59,430.18,2768.04,39149.883,1249.4,340702.66,1369.618
7954.41,240.21,1378.4601,17594.99,5845.1104,1226.17,9663.98,913.79,2443.32,9988.44,1250.9,38009.777,494.4904
4936.38,362.67,5746.2,67120.64,7003.77,1411.43,105.49,73.98,401.28003,19240.32,1251.1,158446.22,3327.2903
26235.72,376.80002,15142.65,185729.44,20805.64,3053.6501,5632.07,458.95,2637.36,49736.28,1251.9,417544.72,1649.2809
52625.43,836.81,24879.791,262143.0,38571.76,6212.49,11557.32,1220.67,4305.8403,79114.2,1252.1,686037.5,1350.7616
5012.94,161.71,10.990001,974.97003,731.62,288.88,93.16,73.98,266.64,1211.76,1253.5,303.0392,5.268364
19498.44,340.69,604.45,7426.1,1455.39,384.65002,172.62,-27.4,377.52002,3017.52,1253.9,16667.156,87.63587
56822.31,1142.9601,38080.35,262143.0,55924.973,8456.0205,19863.63,1719.35,7407.8403,126153.73,1255.2,1050030.9,1915.1569
99207.84,2774.1902,149184.55,262143.0,198939.42,31486.352,51465.42,4488.12,22623.48,262143.0,1255.9,4113627.5,4298.588
17362.59,216.66,7719.6904,95840.66,11062.221,1494.64,3708.59,358.94,1685.64,26392.08,1258.4,212863.4,1270.26
15172.8,131.88,232.36,4786.93,2957.8801,905.89,3318.14,360.31,1033.56,4526.2803,1260.0,6407.1143,42.78694
95695.65,2882.52,166847.05,262143.0,223958.94,32710.951,57830.44,5016.94,26051.521,262143.0,1260.5,4600654.5,4984.1167
30851.07,847.80005,41818.52,262143.0,57824.67,9570.721,17775.75,1468.64,5933.4004,134292.84,1260.8,1153107.4,3874.6753
66968.25,1186.92,41344.383,262143.0,56779.05,9642.94,17159.25,1730.31,8371.44,132624.36,1262.2,1140033.5,1764.2107
12300.061,75.36,166.42,2314.1802,690.80005,317.14,57.54,-47.95,506.88,2115.9602,1263.2,4588.8794,37.685417
16799.7,177.41,2895.08,35643.71,4392.8604,990.67004,3263.34,326.06,2189.8801,10669.561,1263.6,79829.19,491.72894
161025.69,6650.52,235363.42,262143.0,262143.0,45927.21,59147.01,5299.16,48486.242,262143.0,1265.0,6489931.0,4178.1963
14429.82,196.25,1511.91,19007.99,4601.67,1124.12,5105.99,401.41,1743.7201,9233.4,1265.7,41689.535,298.5808
32056.02,612.30005,22749.3,262143.0,32324.73,5824.7,10695.59,967.22003,4140.8403,72293.766,1266.2,627291.2,2028.1188
8787.87,177.41,130.31,1158.66,513.39,-26.69,1.37,12.33,195.36,1030.92,1266.6,3593.179,41.397778
4028.1,240.21,5292.47,65376.37,7526.58,1128.8301,184.95,35.62,403.92,18179.041,1269.0,145935.03,3755.7058
45504.48,659.4,20967.352,255140.7,29250.672,4556.14,11138.1,982.29,4311.12,68088.24,1269.5,578155.56,1316.463
11380.47,67.51,53.38,1153.9501,602.88,127.170006,-2.74,45.21,311.52002,1432.2001,1271.0,1471.9047,12.411191
48120.57,780.29004,24843.682,262143.0,35111.48,6086.89,10787.38,828.85,5769.72,86289.73,1271.0,685041.8,1475.1626
143387.31,7542.2803,260419.05,262143.0,262143.0,56232.69,112130.39,10002.37,46198.684,262143.0,1271.7,7180817.0,5191.9126
64602.72,1359.62,44523.633,262143.0,61545.57,10431.08,19181.37,1533.03,9905.28,145527.36,1272.1,1227698.5,1969.556
16238.55,406.63,844.66003,9834.48,1394.16,576.19,268.52,52.06,343.2,3567.9602,1273.7,23290.729,147.72491
34198.832,569.91003,16734.63,205282.22,21314.32,3789.9802,5784.14,487.72,3414.84,54813.004,1274.8,461442.12,1398.1165
38437.47,777.15,471.00003,6275.29,1703.4501,847.80005,215.09,86.31,792.00006,4617.3604,1275.1,12987.395,34.03605
26282.7,365.81,9404.301,114415.32,14172.391,1753.6901,4612.79,457.58,2360.1602,30666.242,1275.6,259314.98,1022.07043
127157.46,5688.1104,204481.52,262143.0,262143.0,45889.53,97119.3,8615.93,30828.602,262143.0,1276.4,5638390.5,4596.9175
36653.1,927.87006,28677.621,262143.0,41250.18,7262.8203,12923.21,1175.46,4965.8403,95190.484,1276.4,790759.2,2236.0793
24843.72,373.66,12875.57,156602.8,17510.21,2397.3901,4094.93,453.47,2447.28,41851.92,1277.7,355032.06,1480.8315
70419.54,1092.7201,32462.89,262143.0,44914.562,7548.56,17370.23,1587.83,8954.88,108280.92,1279.7,895134.5,1317.0837
28444.65,455.30002,18865.121,229031.61,26366.58,3284.4402,7782.97,575.4,3322.4402,60978.723,1282.7,520188.47,1895.3041
23112.42,438.03003,587.18,8145.16,1513.4801,557.35004,163.03,24.66,539.88,3822.7202,1284.0,16190.951,71.63983
45381.81,651.55005,25349.22,262143.0,35309.3,6352.22,10238.01,948.04,4696.56,82209.6,1284.8,698981.56,1596.0988
33313.17,408.2,1857.31,21763.34,4045.8901,1053.4701,124.67,34.25,992.64,10277.5205,1284.8,51213.625,158.41068
42348.12,752.03,525.95,7793.4805,1813.3501,423.90002,3479.8,324.69,3190.4402,5802.72,1285.5,14502.591,34.510708
41084.01,1075.4501,31266.55,262143.0,55155.67,10969.591,27008.18,2455.04,11408.761,113170.2,1286.4,862146.56,2174.9863
22579.98,306.15002,671.96,9396.45,3824.52,1207.3301,6019.78,432.92,1362.2401,5392.2,1286.5,18528.684,84.08811
29620.02,843.09,36295.26,262143.0,51912.05,8446.601,18148.39,1435.76,3966.6,114296.164,1287.7,1000808.6,3502.5925
38187.78,730.05005,17535.33,214947.14,29158.041,4184.0503,14482.2705,1415.21,6164.4004,61867.082,1288.8,483520.7,1311.9207
49583.91,1034.63,50579.12,262143.0,69907.39,10449.92,18125.1,1554.95,5280.0,162077.53,1289.7,1394673.0,2915.6177
66407.97,1483.65,63570.87,262143.0,84060.945,12927.381,23927.05,2096.1,8548.32,197045.64,1291.2,1752908.6,2736.0767
12340.95,343.83002,353.25,4140.0903,909.03,326.56,-9.59,-26.03,279.84,2145.0,1291.7,9740.546,80.84319
10274.7,36.11,216.66,2472.75,1014.22003,98.91,142.48,16.44,332.64,2209.6802,1292.8,5974.201,59.291843
119762.46,6229.7603,193111.58,262143.0,262143.0,41402.473,72493.55,6195.14,34479.723,262143.0,1292.9,5324875.0,4609.3784
7383.69,356.39,252.77,4867.0,2482.1702,610.73004,452.1,138.37,979.44006,5195.52,1298.6,6969.902,96.88161
8577.33,91.060005,25.12,32.97,70.65,-4.71,56.170002,-46.58,139.92,113.520004,1299.1,692.6611,7.373684
19044.3,307.72,105.19,1730.14,861.93005,146.01001,1117.92,73.98,1028.28,2633.4001,1299.6,2900.518,14.792773
13834.74,262.19,139.73001,2037.8601,375.23,117.75001,64.39,-5.48,308.88,1388.64,1301.9,3852.9272,27.878036
44276.04,711.21,23859.291,262143.0,34629.492,5099.3604,12069.7,1020.65,4266.24,77580.36,1303.1,657898.1,1539.7699
26576.76,361.1,14852.2,181680.4,20675.33,2760.06,5079.96,426.07,2641.32,48888.844,1303.9,409535.84,1596.8564
22169.34,268.47,9509.49,115639.92,17618.541,4392.8604,8241.92,760.35,3816.12,37101.242,1305.0,262215.5,1225.4603
47574.21,692.37,10699.551,129859.414,18621.771,3540.35,14846.69,1271.36,3421.4402,36812.16,1306.6,295030.3,642.0473
3359.94,113.04,62.800003,1276.41,521.24,467.86002,156.18001,-8.22,161.04001,1626.2401,1308.0,1731.6526,52.441315
39404.91,838.38,39184.062,262143.0,53397.273,7280.0903,14441.17,1183.68,5814.6,120624.24,1310.4,1080464.6,2842.2043
59224.38,781.86005,40964.44,262143.0,58520.184,9233.17,18379.92,1689.21,6193.4404,131655.48,1311.3,1129557.0,1976.6776
38885.52,755.17004,29662.012,262143.0,41044.51,4920.3804,6265.0103,480.87,4412.7603,95405.64,1312.0,817902.8,2180.0303
9729.21,103.62,288.88,3042.6602,1011.08,83.21,169.88,9.59,339.24002,1910.04,1313.8,7965.602,83.896324
49331.61,948.28,27280.32,262143.0,43616.17,7969.3203,22488.55,2056.37,6753.12,93838.805,1314.3,752229.9,1580.1504
8008.35,222.94,92.630005,720.63,389.36002,14.13,10.96,47.95,134.64,608.52,1315.0,2554.1877,32.071785
58486.62,1174.36,41334.96,262143.0,55516.773,9608.4,15646.7705,1500.15,7081.8003,133391.28,1315.9,1139773.8,2019.7379
28951.86,478.85,16896.34,204561.6,23526.451,3471.27,5501.92,528.82,3003.0,54650.64,1315.9,465901.12,1667.6498
31152.09,927.87006,43251.93,262143.0,67577.516,10953.891,24846.32,2046.78,8063.8804,145797.97,1316.6,1192632.4,3968.7876
85966.44,2179.1602,105640.59,262143.0,142981.47,23207.74,38495.63,3467.47,19967.64,262143.0,1318.6,2912942.8,3512.5886
34068.332,858.79004,41633.26,262143.0,54741.19,8655.41,16012.56,1302.87,6844.2,129147.484,1318.9,1147999.1,3493.126
57687.96,898.04004,29274.22,262143.0,41159.12,7225.14,14132.92,1306.98,5277.3604,96015.484,1320.5,807209.9,1449.939
4109.88,277.89,174.27,2891.9402,1452.25,259.05002,213.72,119.19,580.80005,3282.84,1321.6,4805.336,120.239044
3723.6,124.03001,75.36,1219.89,1354.91,331.27002,343.87,132.89,299.64,1404.4801,1322.5,2077.9832,56.866455
23068.92,543.22003,15538.29,190061.06,24097.932,3866.9102,8177.53,863.1,2646.6,50809.44,1323.2,428454.12,1924.861
28575.15,408.2,14866.33,182190.66,20438.26,2896.6501,4023.69,416.48,2327.1602,47228.28,1326.2,409925.44,1486.5249
25332.66,439.6,11283.591,138360.97,17130.271,3595.3,8504.96,584.99,4135.56,40299.6,1327.7,311134.7,1272.5486
61054.86,1097.43,34420.68,262143.0,50192.902,8239.36,21315.83,2041.3,10437.24,117322.92,1329.3,949118.75,1610.9375
38374.832,741.04004,31811.342,262143.0,45274.09,7192.1704,12616.33,950.78,4522.3203,102917.766,1329.4,877168.6,2369.1973
16195.92,166.42,343.83002,3981.52,3015.9702,935.72003,3326.36,409.63,1090.3201,3637.9202,1330.8,9480.798,59.699783
53841.69,1202.62,38108.61,262143.0,57771.293,8379.09,22500.88,2097.47,7516.08,123862.2,1330.8,1050810.0,2022.7339
13060.44,69.08,273.18002,3031.6702,1083.3,739.47003,117.82,32.88,539.88,2467.08,1331.0,7532.6895,58.805363
15948.84,144.44,62.800003,1285.8301,744.18005,579.33,115.08,39.73,616.44,1960.2001,1331.6,1731.6526,10.258474
27759.09,474.14,1759.9701,23105.691,10357.29,3194.9502,17801.78,1683.73,3839.8801,15164.16,1333.2,48529.566,180.27966
42361.17,981.25006,39651.92,262143.0,56019.17,8506.261,19215.62,1549.47,5033.16,127391.88,1333.2,1093365.5,2675.3645
76546.95,1318.8,55117.992,262143.0,73267.195,11216.08,17912.75,1663.18,9377.28,178700.28,1334.2,1519828.2,2057.8015
103847.55,4174.6304,123003.23,262143.0,169412.42,24696.102,50129.67,4400.44,25109.041,262143.0,1335.2,3391701.5,3385.6418
27489.39,535.37,17623.25,212887.3,24988.121,3860.6301,7167.84,568.55,4734.8403,57742.082,1336.7,485945.0,1832.0314
17748.0,227.65001,668.82,8041.54,4231.15,1197.91,5358.07,531.56,1386.0,5735.4004,1337.4,18442.1,106.7479
92092.11,4326.92,140759.92,262143.0,189021.72,28859.74,32844.38,3050.99,19910.88,262143.0,1340.4,3881326.0,4369.2427
8271.96,304.58002,259.05002,3678.51,2212.1301,737.9,397.3,73.98,810.48004,4270.2,1342.3,7143.0674,88.541466
27998.34,632.71,15323.2,187545.92,21827.71,3625.1301,7754.2,735.69,3219.4802,51683.28,1342.5,422523.22,1563.8265
55726.11,753.60004,2331.4502,28635.23,5207.69,910.60004,201.39,24.66,1379.4,11672.761,1343.2,64287.605,118.623474
37738.86,752.03,28834.621,262143.0,37614.062,6444.85,12508.1,1079.56,5825.16,91862.766,1343.7,795088.3,2183.6128
21733.47,306.15002,10377.7,127719.51,14660.66,1763.1101,4053.83,334.28,2435.4001,34770.12,1344.7,286155.6,1364.2778
21053.13,527.52,128.74,1767.8201,1004.80005,640.56,117.82,4.11,522.72003,2220.24,1345.8,3549.888,16.484203
51029.85,1094.29,29129.781,262143.0,46120.32,7853.14,18512.81,1326.16,2464.4402,92832.96,1346.5,803227.06,1631.157
22507.77,266.9,8771.59,109080.46,11558.341,2031.5801,4290.84,352.09,3169.32,30312.48,1349.4,241868.56,1113.2812
38827.23,896.47003,33139.562,262143.0,45953.902,6474.68,13006.78,1333.01,5130.8403,104327.52,1349.7,913793.1,2439.3906
41954.88,860.36005,31365.46,262143.0,47610.25,7173.33,12347.81,1316.57,4726.9204,99910.805,1349.7,864873.9,2136.5593
84214.26,1537.03,64991.723,262143.0,88852.586,14086.04,26690.34,2412.57,11293.921,205595.28,1350.0,1792087.2,2205.5886
26944.77,430.18002,13220.971,158739.56,16189.841,2766.34,4288.1,395.93,2156.8801,41646.0,1351.0,364556.2,1401.9362
3722.73,155.43001,4987.89,60294.28,7047.7305,690.80005,45.21,6.85,249.48001,16890.72,1354.5,137536.5,3829.931
15965.37,857.22003,18524.43,229064.58,32996.69,5173.1504,19937.61,1731.68,6159.12,68640.0,1355.2,510794.22,3316.53
67605.96,1086.4401,52670.363,262143.0,74699.03,14334.101,22618.7,2020.75,8911.32,171178.92,1355.3,1452337.1,2226.5647
30055.89,359.53,12503.48,152125.16,17321.81,3447.7202,3145.52,291.81,2709.9602,42047.28,1355.7,344772.03,1188.4613
7393.2603,301.44,4333.2,53533.863,9173.511,2097.52,8818.69,774.05,2431.4402,19136.041,1356.7,119484.03,1674.7982
37089.84,638.99005,26355.592,262143.0,36521.34,4849.73,10062.65,920.64,3735.6,85041.0,1358.4,726731.3,2030.7338
136911.03,7400.9805,262143.0,262143.0,262143.0,61773.223,131814.55,12114.91,44808.723,262143.0,1359.0,7228353.5,5473.5547
100475.43,3848.07,103954.414,262143.0,146708.66,25798.24,47436.25,3977.11,20531.281,262143.0,1359.8,2866447.8,2957.2307
10357.35,62.800003,-10.990001,918.45,477.28003,-34.54,-8.22,12.33,217.8,1246.0801,1359.9,-303.0392,-4.0338774
51280.41,1055.04,40392.96,262143.0,54358.113,8280.181,17733.28,1650.85,8726.5205,135706.56,1360.0,1113799.0,2251.1807
38227.8,660.97003,28057.47,262143.0,40615.902,6853.0503,15620.74,1175.46,4997.52,89857.68,1360.9,773659.06,2097.5444
33172.23,747.32,30748.451,262143.0,45861.273,7127.8003,16196.14,1580.98,4070.8801,96118.445,1363.1,847860.44,2649.3154
52939.5,1113.13,31649.63,262143.0,43014.863,7006.91,12049.15,1131.62,4965.8403,102211.56,1363.3,872709.6,1708.3768
3907.17,241.78001,5311.31,62473.44,7035.1704,923.16003,115.08,23.29,355.08002,17290.682,1363.7,146454.52,3885.7656
22908.84,364.24002,10183.0205,123951.51,12740.551,1945.2301,3037.29,330.17,2560.8,33120.12,1364.6,280787.47,1269.9325
48505.98,858.79004,33514.793,262143.0,47230.312,7650.6104,14832.99,1096.0,5551.9204,109251.125,1364.7,924139.75,1974.56
33737.73,606.02,19555.92,238175.28,26668.021,3979.9502,9395.46,854.88,4377.12,62575.92,1365.2,539236.6,1656.3392
35838.78,516.53,14291.711,174781.83,19552.781,2676.85,5477.2603,471.28,3715.8,47710.082,1365.4,394080.84,1139.1973
19459.291,507.11002,160.14,1750.55,638.99005,563.63,108.23,90.42,524.04004,2345.6401,1365.7,4415.714,22.529993
36617.43,885.48004,2634.4602,34794.34,6827.93,2092.81,539.78,143.85,2159.52,17949.361,1366.1,72642.83,204.70876
61476.81,1064.4601,42850.01,262143.0,59261.223,9766.971,21674.77,2060.48,7087.08,141777.25,1366.6,1181549.9,1991.9143
3767.97,216.66,4881.1304,59625.46,6402.4604,1252.86,241.12,26.03,274.56,16861.682,1367.1,134592.7,3702.9229
42458.61,664.11005,12253.851,149018.12,17233.89,3265.6,4159.32,456.21,2950.2002,40694.28,1367.9,337888.72,824.19354
58657.14,1336.0701,63627.39,262143.0,89089.66,14188.091,27205.46,2626.29,7377.4805,204346.56,1368.8,1754467.1,3100.5032
51556.2,1387.88,37961.03,262143.0,52414.453,8017.99,19589.63,1474.12,7871.16,125479.2,1369.7,1046740.7,2104.2617
21720.42,293.59,10691.7,129892.38,13805.011,1851.03,1634.41,154.81,1749.0001,33835.562,1370.8,294813.84,1406.4324
29876.67,293.59,1876.15,24405.65,5560.9404,1320.37,3497.61,380.86002,2888.1602,15098.16,1372.3,51733.12,178.54958
41691.27,874.49005,24108.92,262143.0,37923.35,5295.6104,18275.8,1679.62,8694.841,86709.484,1372.3,664781.44,1652.4141
16558.71,171.13,3940.7002,49400.05,7411.97,1012.65,3860.66,337.02,1491.6001,15348.961,1372.8,108661.2,679.44946
61598.61,1320.37,40366.27,262143.0,54413.062,7568.97,11412.1,1041.2,7273.2,130331.52,1375.7,1113063.0,1872.6855
177026.73,5144.89,186462.62,262143.0,258378.05,35536.953,73066.21,6766.43,29805.602,262143.0,1376.0,5141536.5,3010.6323
46907.79,1029.92,47583.562,262143.0,69056.45,10517.431,21646.0,1827.58,6429.72,151442.28,1376.7,1312073.2,2899.4207
33327.09,555.78,15191.32,182581.6,25693.05,5182.5703,12767.03,1245.33,3772.56,53260.684,1376.9,418886.75,1302.3081
23631.81,464.72,15535.15,188557.0,22521.65,4140.0903,12062.85,824.74,3999.6,53758.32,1377.5,428367.56,1878.6089
10360.83,61.230003,23.550001,453.73,259.05002,266.9,80.83,12.33,199.32,715.44,1377.8,649.36975,5.4989824
43471.29,715.92004,28442.121,262143.0,38433.6,5554.66,11206.6,868.58,4176.48,88641.96,1377.8,784265.5,1869.7185
9927.57,334.41,50.24,788.14,193.11,-73.79,-15.07,-95.9,261.36002,851.4,1378.1,1385.3221,13.469572
39434.49,1017.36005,40658.293,262143.0,55281.273,7565.83,16734.55,1264.51,5441.04,123981.01,1378.2,1121115.2,2946.9622
63412.56,1018.93005,45110.812,262143.0,63836.203,11413.9,19596.48,1746.75,6800.64,146625.61,1378.2,1243889.4,2033.0159
11697.15,431.75,80.07,1361.1901,511.82,183.69,98.64,-47.95,104.28001,1234.2001,1379.9,2207.857,18.572159
39752.04,463.15002,21375.55,259855.42,33910.43,5060.1104,13728.7705,1080.93,5220.6,73559.64,1380.4,589411.25,1536.4708
73979.58,1623.38,64588.23,262143.0,89143.03,13202.131,23542.08,2231.73,10532.28,206211.73,1382.0,1780961.4,2495.264
28411.59,403.49002,11793.841,143813.58,15990.45,2700.4001,6544.49,450.73,3619.4402,39568.32,1384.2,325204.38,1185.8853
24835.02,304.58002,1351.77,16097.211,4648.77,890.19,4978.58,372.64,2007.7201,10443.841,1384.9,37273.82,154.62784
42436.86,711.21,27296.021,262143.0,37552.832,5684.97,11354.56,895.98,4385.04,86325.37,1387.4,752662.8,1838.099
46626.78,957.7,9547.17,118354.45,15247.841,2471.1802,6207.47,467.17,1980.0001,36280.203,1387.6,263254.47,584.4478
10919.37,37.68,59.660004,2031.5801,822.68005,379.94,-27.4,43.84,460.68002,1910.04,1388.2,1645.0701,14.62193
26423.64,441.17,14181.811,175139.78,20391.16,3318.9802,4249.74,411.0,2695.4402,46490.402,1388.6,391050.44,1533.5746
53041.29,1053.4701,26220.57,262143.0,41473.12,7457.5005,22876.26,1817.99,6118.2,89979.125,1389.7,723008.25,1412.439
54787.38,1970.3501,64189.453,262143.0,88960.914,16354.69,32823.832,3001.67,11363.881,207181.92,1390.4,1769965.5,3348.9023
26986.53,372.09003,15334.19,185699.61,21705.25,2245.1,4301.8,376.75,3651.12,49336.32,1393.5,422826.28,1623.6613
26609.82,780.29004,30704.49,262143.0,44528.34,6962.95,17300.36,1430.28,4444.44,100343.766,1393.6,846648.25,3298.2024
46926.93,912.17004,21824.57,262143.0,30647.97,4964.3403,9152.97,861.73,4996.2,70560.6,1395.4,601792.56,1328.7578
5112.12,61.230003,-7.8500004,-18.84,-70.65,-10.990001,156.18001,6.85,-26.400002,-15.84,1396.0,-216.45657,-5.390537
96490.83,4271.97,175741.1,262143.0,246609.33,35931.02,80516.27,6749.99,24599.521,262143.0,1396.4,4845900.0,5206.5845
137533.08,3851.2102,150928.81,262143.0,203861.36,32119.06,55228.81,5169.0103,23166.0,262143.0,1396.7,4161724.0,3136.7185
13943.49,427.04,970.26,12936.801,2614.05,530.66003,204.13,46.58,596.64,5764.4404,1399.6,26754.031,197.95993
22345.95,345.40002,9182.931,111394.64,12651.061,1981.3401,3971.6301,508.27,2266.4402,30121.082,1400.1,253210.9,1173.9828
7273.2,290.45,78.5,434.89,249.63,254.34001,60.28,91.79,162.36,918.72003,1401.3,2164.5657,29.8598
31455.72,1047.1901,45443.652,262143.0,64230.273,9416.86,21117.18,2007.05,6633.0005,141187.2,1401.9,1253067.1,4129.69
15250.23,249.63,210.38,2585.79,792.85004,348.54,63.02,67.13,410.52002,2311.32,1403.1,5801.036,38.443645
108115.77,4019.2002,209860.34,262143.0,262143.0,47735.85,88469.12,7539.11,36688.082,262143.0,1403.5,5786707.0,5548.966
48662.582,880.77,25316.25,262143.0,35034.55,5763.47,12034.08,932.97003,4534.2,80646.73,1403.8,698072.44,1486.4872
35760.48,668.82,31940.082,262143.0,53971.89,9241.0205,26065.62,2560.53,8455.92,113127.96,1403.9,880718.56,2552.7693
23399.52,602.88,16185.131,198997.5,25061.91,3968.9602,9183.11,857.62,3375.2402,52998.004,1406.0,446290.2,1976.6903
10692.3,59.660004,-21.980001,620.15,588.75,233.93001,58.91,13.7,426.36002,1466.52,1406.6,-606.0784,-6.877675
10859.34,219.8,32.97,497.69,266.9,4.71,143.85,-4.11,101.64001,506.88,1407.6,909.1176,7.680896
46062.15,814.83,25958.38,262143.0,35127.18,4893.69,9940.72,804.19,4142.16,82525.086,1408.8,715778.6,1610.3223
17201.64,191.54001,8080.79,99778.21,11515.95,1742.7001,2586.56,220.57,1664.52,26374.922,1409.5,222820.39,1342.1761
56085.42,1172.79,52120.863,262143.0,71507.22,11840.94,21173.35,2172.82,7785.3604,166195.92,1410.6,1437185.1,2656.1165
41796.54,792.85004,31432.97,262143.0,43349.27,6487.24,12560.16,994.62,4740.12,100791.24,1410.7,866735.44,2149.2756
52208.7,1099.0,36962.51,262143.0,58234.44,10909.931,24039.39,2209.81,8430.841,127230.84,1411.2,1019207.44,2023.266
27697.32,368.95,11300.86,137731.39,18328.18,3289.1501,6115.68,439.77,2812.9202,36686.76,1415.0,311610.88,1165.602
36478.23,978.11005,34188.32,262143.0,49351.383,7410.4004,18014.13,1507.0,4967.16,112024.445,1415.7,942711.7,2678.742
14525.5205,255.91,478.85,5212.4004,791.28,10.990001,5.48,-21.92,190.08,2415.6,1417.6,13203.851,93.25768
20776.47,466.29,16714.22,206563.34,26441.941,4441.5303,10401.04,1079.56,3408.2402,57710.402,1418.0,460879.34,2299.188
15734.82,268.47,127.170006,2094.3801,456.87003,139.73001,1261.77,75.35,933.24005,1917.9601,1418.8,3506.5967,22.10851
36225.06,518.10004,25488.951,262143.0,34610.652,6328.6704,9036.5205,1009.69,7154.4004,83540.164,1421.2,702834.5,2010.8328
125353.08,5173.1504,161523.17,262143.0,225963.83,35161.723,70134.414,6037.59,27421.682,262143.0,1423.5,4453853.5,3683.2476
15678.2705,169.56001,359.53,5619.0303,2965.73,1166.51,3623.65,441.14,1809.7201,4103.8804,1424.6,9913.711,64.5671
13973.94,138.16,265.33002,3242.05,1573.14,562.06,78.090004,98.64,607.2,3228.7202,1424.7,7316.2324,53.28958
42492.54,737.9,23681.88,262143.0,31789.361,4567.1304,8263.84,674.04,5042.4004,78030.484,1426.1,653006.2,1592.5016
46641.57,952.99005,30748.451,262143.0,42818.613,7397.8403,16538.64,1500.15,6219.8403,102570.6,1427.0,847860.44,1883.9467
65047.29,927.87006,20242.01,249146.45,30643.262,5248.5103,12408.09,1111.07,6961.68,71376.36,1427.5,558154.9,888.76105
45017.28,785.0,26476.48,262143.0,36500.93,6049.21,12631.4,1132.99,6168.3604,87127.92,1428.1,730064.75,1680.6283
141265.38,4391.29,162119.78,262143.0,225987.38,34365.73,61080.082,5371.77,26645.521,262143.0,1431.9,4470304.5,3280.3252
32903.4,1226.17,931.01,15872.7,8898.761,3150.99,1616.6,541.15,3168.0002,16354.801,1432.5,25671.75,79.90262
38204.31,653.12,23192.041,262143.0,32316.88,6380.48,9007.75,668.56,3158.76,74036.164,1435.2,639499.3,1734.7039
19212.21,628.0,3070.9202,38226.36,12607.101,3388.06,20081.46,1930.33,4543.44,21205.8,1437.2,84677.81,456.02524
61614.27,920.02,20656.49,253872.16,30398.342,4265.69,12193.0,1080.93,8219.641,73617.73,1437.9,569583.8,957.57086
47240.13,621.72003,23889.121,262143.0,33384.48,6226.62,12229.99,982.29,5678.64,77997.484,1438.1,658720.7,1444.8995
5700.24,207.24,128.74,1259.14,1050.3301,593.46,215.09,8.22,357.72,1815.0001,1438.4,3549.888,63.575737
54646.44,838.38,18375.281,227227.67,28187.781,4821.47,14861.76,1243.96,7854.0005,67082.41,1439.8,506681.56,960.43756
10536.57,62.800003,29.830002,1011.08,902.75,260.62,123.3,-4.11,431.64,1252.68,1440.8,822.53503,7.094742
13168.32,142.87001,450.59003,4849.73,1023.64,894.9,332.91,23.29,574.2,3124.4402,1440.9,12424.607,96.836334
35716.11,659.4,23802.771,262143.0,32500.57,5402.37,9595.48,930.23,4395.6,75077.64,1441.7,656339.6,1904.515
50510.46,883.91003,26391.701,262143.0,42324.062,7264.39,17910.01,1672.77,7192.68,89806.2,1442.1,727727.0,1492.9465
25526.67,331.27002,11688.65,142505.77,15871.131,2150.9001,5510.14,406.89,3553.4402,40172.883,1442.5,322303.84,1308.2397
98523.15,6033.5103,225616.86,262143.0,262143.0,47545.883,91491.34,7907.64,33147.84,262143.0,1444.3,6221178.5,6546.6016
57963.75,1186.92,47304.1,262143.0,67894.65,10686.99,22183.041,1907.04,7331.2803,150882.61,1446.3,1304367.4,2332.4114
11518.8,149.15001,28.26,719.06,346.97,23.550001,232.9,-1.37,278.52002,1547.04,1447.4,779.24365,6.014778
25412.7,324.99002,178.98001,2304.76,1020.50006,144.44,2144.05,110.97,2001.1201,2422.2002,1448.4,4935.21,19.13737
58441.38,998.52,38102.332,262143.0,53562.12,9088.73,19771.84,1523.4401,7586.0405,124379.65,1449.1,1050637.0,1863.1467
25219.56,865.07,24997.541,262143.0,39031.77,5392.95,16990.74,1472.75,6523.4404,88327.805,1450.0,689284.3,2833.058
34521.6,533.8,11508.101,142664.33,16536.81,2464.9001,5847.16,500.05,3434.6401,40005.242,1450.8,317325.34,952.151
61560.332,1131.9701,41036.66,262143.0,57152.71,9542.46,21984.39,1856.35,9240.0,137018.64,1451.6,1131548.4,1904.9875
18152.55,241.78001,874.49005,11173.69,1560.5801,324.99002,113.71,-27.4,411.84003,4188.3604,1452.0,24113.264,136.74194
14901.36,164.85,158.57,1270.13,1161.8,259.05002,13.7,54.8,458.04,1656.6001,1453.3,4372.423,29.425947
106298.34,3006.55,140160.19,262143.0,193029.94,28021.361,54421.88,4544.29,22288.201,262143.0,1454.0,3864789.0,3769.0503
16372.53,125.600006,304.58002,3578.03,2479.03,890.19,3261.97,374.01,650.76,3061.08,1454.3,8398.516,52.190567
21274.98,304.58002,10371.42,124117.92,13374.83,2409.9502,3182.51,230.16,1453.3201,32357.162,1457.9,285982.4,1392.8564
29660.91,700.22003,18587.23,228155.55,32214.832,5889.0703,16353.69,1330.27,6002.04,72064.086,1458.1,512525.88,1790.7574
47985.72,1084.87,24259.64,262143.0,37193.3,6069.62,14775.45,1231.63,6145.9204,84130.2,1459.7,668937.4,1444.5107
11534.46,133.45,69.08,748.89,233.93001,0.0,116.45,10.96,261.36002,1045.4401,1460.3,1904.8179,16.123955
28471.621,638.99005,478.85,5917.33,1339.2101,606.02,86.31,5.48,465.96002,3268.32,1461.0,13203.851,47.08795
142485.12,5385.1,240582.1,262143.0,262143.0,50464.51,107810.78,9890.03,31702.441,262143.0,1461.7,6633831.0,4826.7275
37570.082,747.32,33434.723,262143.0,47398.3,8058.81,15294.68,1328.9,4971.12,109686.73,1461.9,921931.9,2543.5125
21409.83,478.85,232.36,4854.44,4651.91,2187.01,7540.48,526.08,1755.6001,3373.9202,1463.5,6407.1143,30.031097
95984.49,4033.33,83009.04,262143.0,122800.695,21678.56,37401.0,3271.56,15744.961,262143.0,1463.8,2288898.2,2471.7107
75890.97,4805.77,139544.75,262143.0,197749.36,31261.842,66666.94,6156.78,22145.64,262143.0,1466.5,3847818.8,5256.4165
47714.28,844.66003,23845.16,262143.0,33329.53,5338.0,8778.96,760.35,4139.52,77321.64,1466.6,657508.5,1427.8969
37208.16,684.52,34312.35,262143.0,48409.383,8112.1904,14361.71,1074.08,5326.2,108383.88,1467.6,946131.7,2635.7034
42100.17,679.81,28413.861,262143.0,39678.61,5874.9404,11705.28,837.07,4613.4004,94778.64,1468.6,783486.25,1928.7249
25158.66,601.31,13552.24,167559.83,24104.21,5162.16,18623.78,1708.39,6986.7603,55425.48,1469.4,373690.62,1539.1838
11310.87,138.16,95.770004,1541.7401,447.45,45.530003,30.14,53.43,322.08002,1325.28,1470.0,2640.7703,23.209314
38589.72,949.85004,37800.89,262143.0,53376.863,7317.77,16155.04,1323.42,5967.72,121689.484,1473.0,1042325.0,2799.7827
25087.32,290.45,207.24,3826.09,2358.1401,777.15,193.17,8.22,953.04004,4612.08,1474.7,5714.4536,22.619371
3386.91,175.84001,2656.4402,32853.82,4045.8901,904.32,231.53,17.81,335.28,9071.04,1475.0,73248.91,2241.5667
42198.48,984.39,42575.26,262143.0,60564.32,9082.45,16623.58,1783.74,6724.08,136389.0,1476.9,1173973.9,2883.7588
16469.97,329.7,235.50002,3088.1902,1229.31,163.28,90.42,0.0,333.96002,1986.6001,1478.3,6493.6973,39.883408
8586.03,73.79,83.21,1086.4401,547.93,97.340004,45.21,-10.96,194.04001,953.04004,1479.3,2294.4397,26.709719
21512.49,392.5,373.66,4609.52,1216.75,-4.71,119.19,41.1,291.72,2451.24,1481.4,10303.333,48.663223
23928.48,222.94,425.47,5019.29,2089.6702,1182.2101,198.65,-5.48,740.52,4787.64,1481.5,11731.946,49.839684
10767.99,97.340004,152.29001,1943.66,643.7,298.30002,105.49,65.76,443.52002,1739.76,1483.5,4199.258,39.437637
28703.91,474.14,157.0,3552.9102,1124.12,460.01,2568.75,197.28,1778.04,3707.8801,1483.5,4329.1313,14.63895
19178.28,235.50002,361.1,5157.45,1998.6101,224.51001,213.72,64.39,905.52,4597.56,1485.1,9957.002,52.835262
58246.5,1299.9601,53822.742,262143.0,77333.49,11899.03,22550.2,2145.42,7054.08,173484.97,1486.4,1484112.9,2641.074
45245.22,822.68005,31860.012,262143.0,46203.53,7043.02,19247.13,1689.21,5384.2803,106793.28,1488.4,878510.7,2012.3638
47871.75,833.67004,25211.06,262143.0,34488.19,5110.35,7322.65,645.27,4476.12,83235.24,1488.4,695171.94,1504.7775
32084.73,1077.02,48729.66,262143.0,78030.57,12635.36,27719.21,2449.56,7842.12,164305.69,1489.5,1343675.8,4341.5415
56837.1,1116.27,39256.28,262143.0,53838.44,8054.1,12925.95,1091.89,6078.6,123348.73,1491.4,1082456.0,1973.8141
4395.24,224.51001,4874.85,58728.992,6075.9004,651.55005,-16.44,19.18,475.2,15919.2,1491.5,134419.53,3170.2292
34926.15,670.39,28272.56,262143.0,37092.82,5105.64,7692.55,905.57,5220.6,88717.2,1491.6,779590.0,2313.5334
45204.332,665.68,24317.73,262143.0,33792.68,5441.62,9768.1,794.6,5874.0,79457.41,1493.1,670539.2,1537.1262
69381.63,1147.67,40942.46,262143.0,59520.273,9964.79,24148.99,2060.48,8375.4,131700.36,1494.3,1128950.9,1686.246
34713.87,830.53,19417.76,240374.86,30090.621,4512.18,11754.6,932.97003,5448.9604,66908.164,1494.5,535426.94,1598.3557
3900.21,216.66,125.600006,2281.21,1331.36,612.30005,135.63,24.66,479.16003,2497.4402,1494.7,3463.3052,91.07689
18905.97,394.07,2446.06,29566.24,8247.21,2665.86,10639.42,1094.63,2770.6802,16348.2,1496.7,67447.87,368.92795
106440.15,7496.7505,247463.4,262143.0,262143.0,60572.17,116759.62,10283.22,48907.32,262143.0,1497.7,6823577.0,6646.441
42429.9,645.27,26204.871,262143.0,34032.89,4940.79,6071.84,490.46,4242.48,83892.6,1498.4,722575.4,1764.8713
37256.01,821.11005,23790.21,262143.0,37474.332,6058.6304,17034.58,1493.3,6582.8403,80712.73,1500.3,655993.3,1824.7905
36548.7,693.94,20632.941,253360.33,27528.38,4856.0103,7824.07,694.59,4606.8003,67619.64,1501.5,568934.5,1613.129
35194.98,475.71002,18588.8,223239.88,25812.371,3826.09,9102.28,797.34,3892.6802,61116.004,1503.6,512569.2,1509.1484
32472.75,671.96,20139.96,243320.17,28820.49,4400.71,10621.61,1024.76,4396.9204,65792.766,1504.6,555341.0,1772.3259
73393.2,1306.24,48858.402,262143.0,68847.64,9675.91,23239.31,2020.75,8140.4404,160725.84,1504.7,1347225.8,1902.4103
87368.88,1794.51,69902.68,262143.0,94754.21,12283.681,19314.26,2035.82,9971.28,221738.89,1504.9,1927502.5,2286.6313
15609.54,383.08002,2240.3901,30677.8,10468.761,2497.87,17178.43,1317.9401,4791.6,16218.841,1506.6,61776.707,409.37656
28462.92,1166.51,44084.03,262143.0,62820.41,9891.0,18786.81,1528.92,6372.9604,139733.89,1507.0,1215576.9,4427.441
45989.94,898.04004,30514.521,262143.0,41823.23,5959.72,12450.56,1093.26,6339.9604,99236.28,1508.4,841410.0,1896.1108
56407.32,1392.5901,46988.53,262143.0,64523.863,8517.25,16652.35,1350.82,7324.68,153166.2,1509.6,1295665.8,2380.8005
15487.74,478.85,376.80002,6477.8203,3198.09,1257.5701,686.37,150.7,1375.4401,6786.12,1511.0,10389.916,68.561966
41936.61,877.63,22520.08,262143.0,35130.32,5427.49,15178.23,1268.62,6409.9204,77453.64,1511.1,620970.6,1534.4144
59885.582,1004.80005,35880.78,262143.0,49968.39,8886.2,16389.31,1438.5,5867.4004,114388.56,1513.1,989379.75,1712.1233
15048.39,244.92001,372.09003,4171.49,876.06006,235.50002,39.73,53.43,398.64,2228.1602,1514.2,10260.042,69.69798
25919.91,379.94,2533.98,31409.422,4143.23,389.36002,2133.09,184.95,2397.12,9826.08,1514.6,69872.18,278.52374
36886.26,1077.02,46082.64,262143.0,64635.332,8567.49,19852.67,1652.22,6197.4004,146877.72,1514.7,1270686.6,3571.0842
4747.59,213.52,147.58,3070.9202,2073.97,471.00003,238.38,176.73,617.76,3292.08,1515.1,4069.3835,87.879845
15263.28,87.920006,197.82,2011.17,1108.42,397.21002,171.25,64.39,753.72003,3004.32,1522.1,5454.7056,36.05709
122353.32,4240.5703,174976.5,262143.0,236060.5,37452.35,62525.43,5529.32,31563.842,262143.0,1522.9,4824817.0,4087.9612
11412.66,122.46001,-37.68,582.47003,511.82,76.93,58.91,-34.25,319.44,1170.8401,1525.3,-1038.9916,-10.440022
40779.51,766.16003,19477.42,240384.28,27057.38,4667.6104,6959.6,523.34,3274.9202,64265.523,1526.9,537072.06,1364.6469
3542.6401,216.66,4906.25,57997.37,6892.3003,830.53,49.32,-32.88,451.44003,16610.88,1528.1,135285.36,3958.7852
13906.08,108.33,12.56,874.49005,569.91003,114.61,1064.49,191.8,814.44,1305.4801,1528.1,346.33054,1.5824621
30497.85,703.36005,31663.762,262143.0,45975.883,6837.35,15738.56,1257.66,4703.16,99539.88,1528.7,873099.25,2967.5356
32625.0,480.42,20458.67,248720.98,26685.291,4289.24,5686.87,580.88,2835.36,60821.64,1529.6,564129.1,1791.9819
31541.85,741.04004,948.28,12415.561,3053.6501,962.41003,101.38,10.96,741.84,6288.4805,1530.0,26147.955,84.9604
40627.26,880.77,3304.85,41188.953,6035.08,1989.1901,1617.97,127.41,1834.8,17310.48,1532.1,91128.22,231.5858
37419.57,568.34,17904.281,219652.42,26809.32,3967.3901,9883.18,943.93,4243.8003,59335.324,1534.2,493694.2,1367.0662
16978.92,657.83,547.93,9005.5205,3873.1902,1202.62,842.55,206.87,1434.8401,9003.721,1534.4,15108.668,91.27074
25638.9,772.44,4067.87,48009.03,5396.0903,643.7,190.43001,-9.59,720.72003,14968.801,1535.9,112167.8,452.64557
50262.51,1062.89,39212.32,262143.0,58732.133,9124.84,20863.73,2085.14,7149.12,128454.484,1537.6,1081243.9,2229.629
3604.41,139.73001,117.75001,1777.2401,1131.9701,321.85,220.57,115.08,435.6,1586.64,1539.7,3246.8486,92.406204
32588.46,686.09,492.98,6410.31,2041.0001,359.53,212.35,47.95,727.32,5054.2803,1541.2,13593.473,42.252823
32043.84,469.43002,150.72,4212.31,1511.91,431.75,2579.71,223.31,2939.6401,6111.6,1541.3,4155.9663,12.448546
16356.87,146.01001,632.71,7831.16,1496.2101,491.41,105.49,6.85,510.84003,4234.56,1542.1,17446.4,109.599594
45219.12,1061.3201,41433.87,262143.0,58165.363,9522.051,19597.85,1808.4,6322.8003,134432.77,1542.1,1142501.1,2618.886
3694.02,116.18,119.32001,1618.67,1077.02,205.67001,184.95,79.46,370.92,1939.0801,1543.1,3290.1401,91.35555
51297.81,1009.51,35065.95,262143.0,49926.0,9007.09,19870.48,1661.81,6730.68,110134.2,1544.7,966911.5,1953.5005
11604.93,127.170006,177.41,2103.8,577.76,350.11002,541.15,79.46,501.6,1900.8,1544.8,4891.9185,42.71038
33498.48,847.80005,34381.43,262143.0,50032.76,8121.6104,17390.78,1378.22,4787.64,115228.086,1549.0,948036.5,2933.5928
33442.8,416.05002,14040.511,172095.56,20529.32,3176.11,7763.79,641.16,3909.84,45965.043,1550.2,387154.25,1199.409
15086.67,67.51,287.31,3618.85,1099.0,324.99002,271.26,-5.48,576.84,2976.6,1555.0,7922.3105,53.45106
26916.06,563.63,20441.4,247884.17,28077.88,4742.97,10169.51,857.62,3587.7603,65717.52,1555.5,563652.94,2170.4417
10640.97,376.80002,2155.61,27413.771,6988.0703,1998.6101,2840.01,295.92,2525.1602,14480.4,1555.8,59438.977,578.2126
30041.97,503.97003,14996.641,182099.6,20169.791,2670.57,5456.71,532.93,3693.36,49573.92,1558.8,413518.66,1426.2977
56811.0,1497.78,29756.21,262143.0,46329.133,8121.6104,11483.34,989.14,4462.9204,100356.96,1558.9,820500.3,1496.5944
12925.59,103.62,178.98001,1927.9601,628.0,295.16,16.44,-26.03,584.76,2236.08,1560.0,4935.21,38.59161
9331.62,131.88,-10.990001,141.3,-103.62,62.800003,31.51,12.33,35.640003,-147.84001,1562.3,-303.0392,-4.367361
25499.7,763.02,35516.543,262143.0,50891.55,7992.87,20126.67,1824.84,5334.12,114342.37,1563.8,979336.2,3981.3975
11772.84,67.51,142.87001,1615.53,538.51,150.72,30.14,50.69,312.84003,1668.4801,1564.4,3939.5098,33.69835
14754.33,78.5,276.32,3491.6802,846.23004,102.05,-20.55,45.21,356.40002,2269.08,1566.5,7619.2715,52.54782
12136.5,94.200005,125.600006,2380.12,995.38,324.99002,17.81,8.22,410.52002,1800.4801,1566.6,3463.3052,28.590014
71791.53,1249.7201,50023.34,262143.0,68414.32,10467.19,20873.32,1767.3,13095.721,168991.69,1567.7,1379347.9,1991.2714
66485.4,1369.04,59047.703,262143.0,78581.64,11870.7705,17466.13,1568.65,8850.601,182295.97,1569.3,1628186.4,2538.3687
28843.98,499.26,1656.3501,22196.66,7777.7803,2028.4401,5592.34,704.18,4069.56,16610.88,1569.7,45672.34,163.18971
105711.96,4639.35,132680.7,262143.0,189098.66,29077.97,58437.35,4793.63,21851.281,262143.0,1570.2,3658549.0,3587.6626
61761.3,1216.75,48409.383,262143.0,63729.44,10201.86,16387.94,1404.25,6978.8403,154574.64,1570.4,1334844.5,2240.1045
15599.97,124.03001,595.03,6903.29,1924.8201,331.27002,163.03,79.46,678.48004,4432.56,1570.7,16407.408,108.059654
21729.121,403.49002,216.66,3527.79,1354.91,634.28,79.46,-4.11,633.60004,2765.4001,1572.9,5974.201,27.509233
10325.16,835.24005,14957.391,184358.83,27239.5,5342.71,18840.24,1537.14,4626.6,55088.883,1572.9,412436.38,4140.9805
50030.22,1230.88,53976.6,262143.0,77072.875,12979.19,25839.57,2102.95,6997.3203,174851.17,1574.0,1488355.4,3083.7654
37489.17,1436.55,55871.594,262143.0,83359.16,15024.9,27964.44,2561.9,8979.96,183943.33,1575.3,1540608.1,4260.2227
34549.44,759.88,-32.97,1808.64,2161.8901,772.44,1878.27,56.170002,2303.4001,4684.68,1576.0,-909.1176,-3.7285187
33013.02,638.99005,18841.57,230782.16,25953.67,3563.9001,8459.75,698.7,2783.8801,61399.8,1579.6,519539.06,1630.8523
58453.56,957.7,28060.611,262143.0,43591.05,5950.3003,19047.11,1450.83,10486.08,97950.6,1579.8,773745.7,1371.5721
43910.64,1365.9,39184.062,262143.0,54527.67,9165.66,15775.55,1294.65,6136.68,121773.96,1580.8,1080464.6,2550.4592
63803.19,1507.2001,38752.312,262143.0,51527.402,7769.93,11920.37,1278.21,9671.641,125285.164,1582.5,1068559.6,1735.6178
39025.59,632.71,22766.57,262143.0,32296.47,5166.87,10877.8,961.74,4792.9204,74665.805,1585.3,627767.4,1667.0042
22886.22,281.03,98.91,4441.5303,5645.72,1229.31,8530.99,828.85,1966.8,3255.12,1586.2,2727.3528,11.3570595
9509.1,183.69,100.48,1144.53,395.64,359.53,89.05,-19.18,199.32,744.48004,1589.3,2770.6443,29.21268
14042.67,124.03001,491.41,6226.62,2450.77,606.02,3803.12,228.79,825.00006,4356.0,1590.9,13550.182,99.05604
11969.46,59.660004,100.48,401.92,604.45,370.52002,730.21,60.28,483.12003,1160.28,1591.3,2770.6443,23.002367
7154.88,61.230003,-25.12,-34.54,26.69,59.660004,-15.07,4.11,50.160004,71.28001,1594.1,-692.6611,-11.038442
55227.6,860.36005,28303.96,262143.0,38601.59,5614.3203,12317.67,1233.0,8187.9604,92421.125,1594.2,780455.8,1464.3455
9960.63,146.01001,125.600006,1915.4,764.59,266.9,139.74,8.22,332.64,1603.8,1594.6,3463.3052,35.053864
33917.82,612.30005,19741.18,238453.17,27036.97,3188.6702,5300.53,363.05,3711.84,62165.402,1594.9,544345.0,1663.1566
11138.61,172.70001,167.99,2000.18,334.41,-10.990001,-9.59,1.37,150.48001,1063.92,1596.5,4632.171,42.122253
12641.97,346.97,301.44,3411.61,775.58,320.28,-5.48,24.66,192.72,1854.6001,1599.4,8311.933,67.17657
58160.37,951.42004,32287.05,262143.0,47324.51,7209.4404,16124.9,1396.03,6140.64,106390.69,1599.9,890285.9,1586.2678
31374.81,461.58002,6488.81,80294.516,8846.95,1894.9901,3142.78,316.47,2645.28,22705.32,1600.5,178923.0,590.33417
3112.86,73.79,40.82,942.00006,761.45,197.82,182.21,38.36,161.04001,1124.64,1602.0,1125.5741,36.49405
12665.46,133.45,896.47003,9961.65,3315.84,883.91003,4362.08,441.14,924.00006,5843.64,1602.1,24719.342,201.37825
59898.63,1378.4601,40735.223,262143.0,54851.094,7589.3804,16940.05,1441.24,7063.3203,131994.72,1604.8,1123236.5,1943.4742
10784.5205,73.79,92.630005,954.56006,262.19,94.200005,34.25,-6.85,308.88,1177.4401,1605.4,2554.1877,23.558388
35728.29,1177.5,42898.68,262143.0,60636.543,10986.86,15793.36,1363.15,8902.08,144452.89,1607.2,1182891.9,3432.0544
58282.17,1411.43,52039.223,262143.0,74410.16,12252.28,20497.94,1553.58,8186.64,168503.28,1607.7,1434934.0,2551.9604
19146.96,287.31,1336.0701,15376.58,5074.24,1157.0901,6374.61,565.81,1172.16,8267.16,1608.4,36840.91,198.5163
33803.85,609.16003,24539.102,262143.0,33748.723,4587.54,8865.2705,750.76,3940.2002,78206.05,1608.4,676643.25,2074.5894
16452.57,213.52,284.17,4144.8003,1241.87,244.92001,124.67,21.92,525.36005,2717.8801,1609.2,7835.728,48.384823
27847.83,532.23004,21917.201,262143.0,30801.83,5427.49,10269.5205,689.11,3375.2402,69479.52,1611.4,604346.75,2249.3118
13699.0205,72.22,215.09001,3483.83,1720.7201,530.66003,263.04,105.49,472.56003,3021.4802,1613.7,5930.91,43.89311
43606.14,847.80005,37006.473,262143.0,49688.934,7427.6704,11664.18,1200.12,5031.8403,114696.125,1614.7,1020419.6,2425.493
12904.71,373.66,240.21,4031.7603,2389.54,717.49005,864.47003,187.69,875.16003,5115.0,1616.2,6623.5713,52.222084
39450.15,1106.8501,45845.57,262143.0,62909.902,10277.221,22170.71,1744.01,6671.2803,143662.2,1618.1,1264149.6,3321.7505
19019.94,303.01,6727.45,82399.88,8977.261,1480.51,2650.95,312.36002,1882.3201,22220.88,1618.9,185503.28,1010.3241
125734.14,3496.3901,54548.082,262143.0,83376.42,12837.891,36694.082,3182.51,31963.8,189822.61,1621.9,1504113.5,1239.4386
83444.31,4014.4902,155318.53,262143.0,221762.5,33948.11,75850.05,6832.19,26711.521,262143.0,1623.9,4282766.5,5321.008
19630.68,719.06,167.99,1469.52,993.81006,405.06003,376.75,54.8,418.44,2188.56,1626.1,4632.171,23.467924
24651.45,381.51,20829.191,250834.2,29476.752,4694.3003,8156.98,671.3,4462.9204,66158.41,1626.9,574345.9,2414.9
33267.93,387.79,20549.73,248025.47,26644.47,3892.03,3160.59,206.87,4935.48,65796.72,1627.5,566640.0,1765.1571
3980.25,128.74,131.88,1640.65,1397.3,587.18,209.61,184.95,178.20001,1471.8,1627.7,3636.4705,93.73656
23133.3,340.69,12202.04,148658.6,16485.0,2505.72,3940.12,369.9,1470.4801,40438.203,1628.8,336460.1,1507.1476
54744.75,1014.22003,43322.582,262143.0,61576.973,8700.94,23901.02,1833.06,6952.4404,142169.28,1630.7,1194580.6,2261.6682
45282.63,1119.41,46300.87,262143.0,64589.8,9993.051,21506.26,1820.73,7497.6,148731.0,1633.1,1276704.1,2922.523
44732.79,795.99005,26162.48,262143.0,36367.48,6008.39,14111.0,1131.62,6052.2,89265.0,1633.4,721406.44,1671.2527
26011.26,690.80005,266.9,5058.54,3523.08,1000.09,601.43,94.53,1525.92,5884.56,1634.5,7359.523,28.33838
50238.15,1133.54,32109.64,262143.0,44939.68,7265.9604,17137.33,1586.46,5649.6,102542.88,1634.7,885393.94,1826.4722
27566.82,532.23004,26049.441,262143.0,36249.73,4154.22,5325.19,438.4,5277.3604,88084.92,1634.7,718289.5,2700.8467
33317.52,500.83002,15332.62,186329.17,20887.281,2957.8801,5496.44,635.68,2893.4402,50574.48,1635.7,422782.97,1314.8086
57036.332,1224.6001,58041.332,262143.0,80143.79,13001.171,26138.23,2453.67,6477.24,178893.0,1635.7,1600436.6,2908.6099
4831.11,133.45,5766.6104,68609.0,7432.3804,1025.2101,112.340004,-76.72,508.2,18412.682,1638.1,159009.0,3411.893
33997.86,373.66,16192.98,198529.64,22184.102,3322.12,5480.0,461.69,3037.32,51204.12,1638.2,446506.62,1360.8341
28417.68,463.15002,15918.23,198881.33,22576.602,3122.7302,4989.54,361.68,2617.56,52798.684,1639.4,438930.66,1600.6041
25863.36,635.85004,428.61002,5937.74,2106.9402,131.88,324.69,39.73,756.36005,4280.7603,1639.8,11818.529,46.383415
45839.43,825.82,34128.66,262143.0,45812.6,8148.3003,15235.7705,1227.52,5664.12,109548.125,1640.0,941066.56,2127.7712
30147.24,598.17004,23805.91,262143.0,33817.8,5469.8804,12040.93,1102.85,3508.56,79706.88,1640.1,656426.2,2256.804
133304.88,3829.2302,167844.0,262143.0,243222.84,40553.1,81705.43,7128.11,33764.28,262143.0,1640.3,4628145.0,3599.0522
102729.6,2397.3901,120379.76,262143.0,162667.7,24840.541,40578.03,3759.28,18313.682,262143.0,1642.0,3319361.8,3349.4785
32086.47,621.72003,5191.99,62829.832,13922.761,3289.1501,20022.55,1896.08,9845.881,31299.842,1643.2,143164.38,461.6589
32102.13,626.43,781.86005,10205.0,2405.24,557.35004,232.9,93.16,871.2,6742.56,1643.9,21559.076,68.637665
9773.58,54.95,54.95,998.52,631.14,59.660004,16.44,-41.1,238.92001,1547.04,1645.8,1515.196,15.075445
33853.44,643.7,26611.5,262143.0,38549.78,6457.41,10616.13,1042.57,4590.96,87222.96,1647.5,733787.75,2246.582
23990.25,752.03,25553.32,262143.0,43580.062,7914.37,17979.88,1624.82,7485.72,93687.0,1647.7,704609.44,3044.5208
49973.67,898.04004,30775.14,262143.0,41149.703,6601.85,12671.13,1227.52,5434.4404,100764.84,1649.1,848596.4,1759.7909
16955.43,266.9,94.200005,2012.7401,1146.1001,241.78001,930.23,49.32,1297.56,2286.24,1650.8,2597.479,14.885143
19012.98,398.78,200.96,2826.0,1072.31,329.7,212.35,116.45,336.6,2254.56,1651.8,5541.2886,29.220974
95287.62,3177.6802,116402.945,262143.0,158913.83,25861.041,52620.332,4293.58,20663.281,262143.0,1652.4,3209704.8,3491.8223
38181.69,968.69,41482.543,262143.0,58251.71,8636.57,19043.0,1579.61,6497.04,129478.805,1654.1,1143843.1,3105.4128
6320.55,345.40002,12352.761,146063.39,15883.69,2100.6602,175.36,17.81,576.84,39910.203,1654.2,340616.06,5587.0225
43787.1,741.04004,29881.81,262143.0,44266.152,7514.02,17585.32,1612.49,6993.3604,104434.445,1654.6,823963.56,1950.2356
18323.07,670.39,25198.5,262143.0,43927.03,8656.98,21456.94,1981.02,6349.2,92323.445,1657.9,694825.56,3931.1077
37887.63,638.99005,18395.691,225470.84,28858.172,5097.79,13419.15,1183.68,4806.12,66208.56,1661.8,507244.38,1387.25
32575.41,486.7,15249.41,186844.14,21441.49,2739.6501,7417.18,761.72003,3325.08,50220.723,1662.6,420488.53,1337.4807
57434.79,1142.9601,50111.26,262143.0,68134.86,10426.37,18104.55,1783.74,6380.8804,157897.1,1664.4,1381772.2,2493.6482
51949.44,758.31,33607.42,262143.0,47410.863,7983.45,14204.16,1283.6901,6704.2803,114339.73,1664.9,926693.94,1848.7086
29171.97,687.66003,19824.39,244613.86,26525.15,3780.56,8062.45,548.0,5575.68,65815.2,1666.1,546639.44,1942.0459
24950.73,618.58,4345.7603,53103.684,6350.6504,963.98004,417.85,-2.74,595.32,14993.881,1667.5,119830.37,497.00247
20998.32,481.99002,1574.7101,20786.8,8732.34,2177.59,14591.87,1517.96,4462.9204,17375.16,1669.8,43421.19,213.41989
3790.59,158.57,34.54,1394.16,654.69,576.19,109.6,113.71,250.8,1495.56,1670.7,952.40894,25.053406
47652.51,1147.67,44288.133,262143.0,67040.57,9726.15,28824.8,2512.58,6759.72,146522.64,1674.8,1221204.8,2656.361
39100.41,706.5,22538.92,262143.0,31626.082,5209.2603,9296.82,783.64,4070.8801,73711.445,1675.2,621490.1,1647.1654
13162.23,237.07,208.81001,2183.87,458.44,271.61002,106.86,71.24,168.96,1231.56,1676.0,5757.745,44.359768
33606.36,706.5,34067.43,262143.0,46475.14,7515.5903,12869.78,1001.47003,4283.4004,107397.84,1677.3,939378.2,2897.4573
46170.9,828.96,30271.172,262143.0,44288.133,6132.4204,14432.95,1061.75,4527.6,99423.73,1677.6,834699.9,1873.6057
9712.68,64.37,84.78001,1882.43,464.72,1.57,78.090004,-28.77,396.00003,2102.76,1678.0,2337.7312,23.957632
9865.8,230.79001,103.62,1006.37006,200.96,108.33,158.92,34.25,265.32,1296.2401,1682.7,2857.2268,29.030344
43103.28,1083.3,44933.402,262143.0,62286.613,8779.44,16972.93,1460.42,6289.8003,139951.69,1682.8,1238997.5,2979.6294
81925.29,2574.8,83354.445,262143.0,114856.49,19012.701,33733.51,3186.62,11946.0,259919.89,1683.6,2298422.5,2908.1074
56876.25,1196.3401,49293.293,262143.0,68367.22,10258.38,19685.53,1700.17,7084.4404,157720.2,1685.0,1359217.5,2477.0261
56909.31,1053.4701,49506.812,262143.0,72212.16,11955.551,26021.78,2402.98,7439.5205,155897.28,1685.5,1365105.1,2486.3145
13210.08,315.57,240.21,2433.5,480.42,70.65,278.11002,-28.77,176.88,1700.16,1686.4,6623.5713,50.99177
15909.69,191.54001,1398.87,18310.91,5020.8604,1570.0,6614.36,524.71,3051.84,10760.641,1687.8,38572.56,250.39961
10377.36,265.33002,893.33,12079.58,3863.77,1262.28,6051.29,597.32,2197.8,7302.24,1688.8,24632.758,245.13535
22760.94,218.23001,9350.92,115230.16,13680.98,2472.75,5571.79,475.39,2337.7202,30876.121,1689.0,257843.06,1173.6626
11499.66,155.43001,64.37,863.5,584.04004,180.55,64.39,78.090004,427.68002,1636.8,1689.3,1774.944,15.0047
79484.07,1835.3301,69211.88,262143.0,98672.93,15020.19,29491.99,2713.97,12558.48,215845.1,1689.5,1908454.4,2488.7146
15899.25,207.24,5487.1504,67464.47,7512.45,1040.91,2119.39,208.24,1417.68,18091.92,1689.6,151303.16,985.77747
36078.9,635.85004,24356.98,262143.0,35147.59,5893.7803,14961.7705,1046.68,3590.4001,78529.445,1691.3,671621.44,1929.2748
44564.88,827.39,23476.21,262143.0,33619.98,3940.7002,10543.5205,1054.9,4964.52,74722.56,1692.4,647335.06,1505.2057
131533.56,4421.12,173362.55,262143.0,245664.19,38968.973,76491.21,7150.03,27077.16,262143.0,1693.7,4780313.5,3767.4927
17772.36,613.87,15776.931,194566.97,26153.06,4050.6,13404.08,1031.61,4845.72,58791.48,1693.8,435034.44,2537.2034
29947.14,469.43002,13516.131,165903.47,18376.852,2479.03,4948.44,342.5,3730.32,44486.64,1694.8,372694.94,1289.4644
52551.48,1689.3201,54207.39,262143.0,78437.2,12569.421,26480.73,2261.87,9014.28,174543.61,1695.3,1494719.2,2948.3245
48489.45,780.29004,38103.902,262143.0,57419.613,9310.101,20885.65,1970.06,6391.4404,121714.56,1695.9,1050680.2,2245.8352
81924.42,1546.4501,59151.32,262143.0,81373.1,12875.57,23951.71,2183.78,8263.2,190704.38,1696.0,1631043.5,2063.4294
63469.98,1014.22003,49910.3,262143.0,66677.9,10540.98,20493.83,1872.79,8235.48,159368.89,1696.7,1376230.9,2247.3857
54314.97,910.60004,28977.49,262143.0,38826.1,6159.1104,11081.93,1035.72,7312.8003,96115.805,1697.3,799027.8,1524.4227
14187.96,133.45,441.17,5810.5703,1694.03,703.36005,179.47,71.24,778.80005,5088.6,1698.0,12164.859,87.90681
31713.24,720.63,32469.172,262143.0,45592.8,6992.7803,16303.0,1339.86,3604.9202,102809.52,1698.1,895307.7,2926.3833
40205.31,970.26,35100.492,262143.0,54340.844,8115.33,23506.46,1896.08,7900.2,119684.41,1699.6,967863.94,2495.1965
21278.46,610.73004,39590.69,262143.0,56953.32,9856.46,23718.81,2074.18,7541.16,126040.2,1700.0,1091677.1,5318.881
27648.6,601.31,21683.271,262143.0,30178.541,4152.65,10484.61,1042.57,4158.0,69016.2,1700.6,597896.4,2241.336
57197.28,1034.63,37121.082,262143.0,50106.55,7407.2603,14228.82,1196.01,7117.4404,120534.484,1700.8,1023579.9,1854.6421
11314.35,28.26,271.61002,3025.3901,777.15,398.78,67.13,-39.73,467.28003,2504.04,1701.3,7489.398,67.63809
17551.38,428.61002,949.85004,11464.141,1508.77,471.00003,186.32,46.58,394.68002,4404.8403,1702.1,26191.246,153.7365
52785.51,761.45,31951.07,262143.0,40856.113,6071.1904,7932.3,715.14,5479.3203,101453.88,1705.3,881021.56,1729.6915
68113.17,1945.2301,69014.06,262143.0,97599.055,15728.261,23662.64,2068.7,9034.08,219618.97,1706.9,1902999.6,2896.0464
40452.39,1645.3601,37665.87,262143.0,68428.45,13384.25,41697.32,3946.97,19341.96,145017.84,1707.2,1038601.94,2661.2744
13772.1,98.91,23.550001,869.78,678.24005,227.65001,1215.1901,142.48,564.96,1731.8401,1711.7,649.36975,3.8892221
21475.95,397.21002,3234.2002,40163.742,4862.29,659.4,212.35,83.57,541.2,11959.2,1712.3,89180.11,429.5896
12188.7,298.30002,240.21,2983.0,1081.73,566.77,49.32,9.59,376.2,1871.7601,1718.4,6623.5713,55.348545
15378.99,188.40001,285.74002,3731.8901,1359.62,246.49,61.65,57.54,716.76,2840.6401,1718.6,7879.0195,52.124184
70053.27,1477.37,34293.51,262143.0,47545.883,8305.3,16627.69,1372.74,12303.721,118873.92,1719.1,945612.2,1398.692
3252.93,155.43001,111.47,1683.04,1100.5701,376.80002,104.12,65.76,327.36002,1514.04,1719.9,3073.6833,96.97884
9861.45,226.08,47.100002,555.78,348.54,72.22,41.1,-4.11,170.28001,518.76,1720.3,1298.7395,12.6561775
10938.51,503.97003,89.490005,3097.61,6289.4204,3454.0,172.62,19.18,534.60004,29055.842,1722.2,2467.605,22.391891
7113.12,166.42,155.43001,2056.7,1709.7301,331.27002,426.07,49.32,597.96,2171.4001,1723.5,4285.8403,61.477512
74050.05,2121.07,22326.97,262143.0,37694.133,6879.74,27183.541,2301.6,8818.92,87440.766,1724.3,615645.8,861.09174
34259.73,1014.22003,36973.5,262143.0,53133.51,6225.0503,13732.88,1276.84,6658.08,117724.2,1724.9,1019510.44,3084.7136
14943.99,81.64,916.88,10580.23,2102.23,1039.3401,73.98,56.170002,595.32,5165.16,1725.4,25282.127,174.42638
10246.86,447.45,309.29,5097.79,2945.32,920.02,252.08,182.21,1036.2001,5390.8804,1725.6,8528.389,85.302635
21624.72,469.43002,2474.32,32579.07,10975.87,3441.4402,15938.58,1249.4401,4111.8003,17520.361,1728.0,68227.11,326.15558
31005.93,709.64,23176.34,262143.0,31294.81,4223.3003,5697.83,502.79,3501.9602,72973.56,1728.3,639066.4,2136.2192
67571.164,1295.25,56882.67,262143.0,78182.86,12073.301,19896.51,1790.59,6226.4404,177650.89,1728.5,1568487.6,2405.953
73747.29,2436.6401,120723.586,262143.0,173329.58,27495.41,52384.69,4210.0103,17479.441,262143.0,1729.3,3328842.5,4679.5303
123082.38,5976.99,213097.67,262143.0,262143.0,52260.59,109771.25,9974.97,31961.162,262143.0,1732.8,5875973.5,4949.303
84248.19,1515.05,53843.152,262143.0,74122.84,10839.28,20630.83,1865.9401,9642.601,174177.97,1735.1,1484675.6,1826.3381
44176.86,1180.64,40237.53,262143.0,58121.402,8889.34,20499.31,1785.11,7436.8804,131359.81,1735.7,1109513.1,2603.2668
59220.9,1208.9,48266.51,262143.0,66759.54,9496.931,19614.291,1538.51,7689.0005,155662.33,1739.3,1330904.9,2329.3433
12904.71,92.630005,59.660004,1240.3,507.11002,296.73,194.54,52.06,504.24002,1321.3201,1740.2,1645.0701,12.218557
45715.02,767.73004,28947.66,262143.0,39229.59,6587.72,10027.03,930.23,5359.2,92943.84,1741.2,798205.25,1809.5209
19763.791,218.23001,172.70001,2964.1602,3031.6702,1207.3301,4989.54,397.3,1221.0,4419.3604,1744.2,4762.045,23.984526
26989.14,638.99005,3232.6301,40399.242,11162.7,3791.55,9396.83,882.28,4371.8403,22793.762,1744.8,89136.82,341.4648
31192.11,750.46,411.34003,5132.33,1628.0901,665.68,263.04,116.45,955.68005,3839.8801,1746.1,11342.325,36.705547
15475.561,243.35,266.9,2609.34,976.54004,193.11,183.58,58.91,397.32,1800.4801,1746.3,7359.523,48.311836
24795.0,638.99005,26156.201,262143.0,36697.18,5939.31,11734.05,872.69,4444.44,81768.73,1747.1,721233.3,3015.1958
12925.59,310.86002,182.12001,2015.8801,737.9,18.84,72.61,20.55,477.84003,1492.92,1751.3,5021.7925,39.286198
20866.08,304.58002,14980.94,183562.84,19975.111,2811.87,4811.44,501.42,2492.1602,47842.082,1758.3,413085.72,2051.8027
31057.26,584.04004,16321.721,200352.42,22819.951,3892.03,9311.89,849.4,3817.4402,55520.523,1759.2,450056.53,1501.6292
18611.91,599.74,216.66,2516.7102,744.18005,31.400002,71.24,26.03,426.36002,1887.6001,1763.2,5974.201,32.284096
22739.19,248.06001,9187.641,112586.27,12432.83,2987.7102,5441.64,515.12,3208.9202,30839.162,1765.9,253340.78,1154.2554
48334.59,888.62006,32808.293,262143.0,45245.832,7352.31,12205.33,1035.72,5343.3604,103404.84,1766.3,904658.7,1939.7723
53567.64,2055.1301,67863.25,262143.0,93931.53,15652.9,28923.44,2176.93,8816.28,216160.56,1766.9,1871267.0,3621.2727
55821.81,981.25006,33133.28,262143.0,47516.05,7647.47,15209.74,1045.31,6767.64,108137.05,1767.0,913619.94,1696.1083
36780.12,679.81,423.90002,6209.35,2854.26,935.72003,1385.07,195.91,1284.3601,6453.4805,1767.0,11688.655,31.953327
65962.53,1158.66,34095.69,262143.0,44294.41,6356.93,11838.17,1067.23,5489.8804,111335.41,1768.2,940157.5,1476.9209
44436.992,668.82,23995.88,262143.0,32480.16,4727.27,7802.15,512.38,7129.3203,81090.24,1768.2,661664.44,1542.9777
28301.97,466.29,3639.26,43991.402,7584.6704,2028.4401,5627.96,600.06,1083.7201,14607.12,1769.0,100349.266,366.65918
3661.83,254.34001,5240.66,62259.92,7346.0303,1317.2301,45.21,38.36,330.0,17409.48,1769.6,144506.4,4091.0107
36654.84,846.23004,34624.78,262143.0,48280.64,7983.45,17052.39,1411.1,6710.8804,108868.33,1771.4,954746.7,2699.8765
28805.7,394.07,17138.121,210808.61,23292.521,4254.7,6723.96,609.65,3057.12,55396.44,1773.5,472568.0,1700.1154
44252.55,649.98004,25732.3,262143.0,38025.402,5151.1704,12884.85,1185.05,5908.3203,86231.64,1774.9,709544.6,1661.6058
36989.79,907.46,30178.541,262143.0,40730.51,5837.2603,12379.32,949.41,5022.6,98192.164,1778.9,832145.7,2331.7349
65314.38,1841.6101,63699.613,262143.0,87470.984,13222.54,27723.32,2609.85,12623.16,204412.56,1779.3,1756458.6,2787.5408
13079.58,230.79001,39.25,1416.14,350.11002,147.58,750.76,4.11,826.32,1657.92,1779.4,1082.2828,7.5801497
16460.4,230.79001,146.01001,2232.54,1174.36,241.78001,101.38,42.47,702.24005,2489.52,1780.3,4026.0925,24.362452
50877.6,748.89,21174.59,259875.83,32076.672,4917.24,11247.7,978.18,5990.16,69380.52,1780.5,583869.94,1188.9738
36579.15,560.49,18109.951,223558.6,26157.771,3998.79,8246.03,827.48,4084.08,59388.12,1781.0,499365.34,1414.5743
33863.88,472.57,17686.05,216612.9,24526.541,2767.9102,6828.08,606.91,5183.64,60258.004,1781.1,487676.66,1492.2865
49664.82,701.79004,41725.89,262143.0,57221.793,7936.35,16694.82,1341.23,4865.52,134869.69,1782.9,1150553.2,2401.181
66008.64,1697.17,58981.76,262143.0,82775.11,15715.7,31844.28,2938.65,10868.881,194535.0,1783.4,1626368.1,2553.8533
38276.52,629.57,10930.341,134600.81,15098.69,2887.23,4085.34,226.05,3099.36,36872.883,1783.4,301394.16,815.48883
31097.28,591.89,31910.252,262143.0,42697.723,6272.1504,12097.1,1037.09,4634.52,100228.92,1783.9,879896.0,2932.9778
28542.09,422.33002,23053.88,262143.0,33568.17,5212.4004,11302.5,993.25,5014.68,73101.6,1784.0,635689.7,2308.443
64085.07,1678.3301,59287.91,262143.0,81282.04,12074.87,29800.24,2896.18,9628.08,189413.4,1784.0,1634809.9,2644.1985
47486.34,973.4,57364.66,262143.0,76050.805,12129.82,14275.4,1042.57,5650.9204,178862.64,1786.1,1581778.0,3453.019
7116.6,200.96,124.03001,2047.28,1464.81,211.95001,209.61,187.69,364.32,2570.04,1786.7,3420.014,48.83141
38101.65,648.41003,17409.73,210307.78,24821.701,3026.9602,6388.31,556.22003,4719.0,57241.8,1787.0,480057.4,1305.4635
4459.62,218.23001,146.01001,2260.8,1394.16,241.78001,263.04,52.06,710.16003,2240.04,1787.1,4026.0925,92.61248
4626.66,23.550001,4.71,-61.230003,80.07,12.56,-41.1,-20.55,-25.080002,141.24,1787.9,129.87395,1.9107327
34840.89,551.07,811.69,10610.061,2501.01,590.32,504.16,-17.81,1180.0801,8611.681,1788.3,22381.61,65.61161
56589.15,1004.80005,33825.652,262143.0,47853.6,7693.0005,18170.31,1709.76,6605.2803,110264.88,1788.8,932711.44,1708.0785
12276.57,334.41,166.42,2428.79,662.54004,186.83,219.2,28.77,303.6,1593.2401,1790.6,4588.8794,37.759438
37578.78,693.94,34747.242,262143.0,54621.87,8498.41,21314.46,2115.28,6321.4805,117922.2,1795.3,958123.44,2642.788
14029.62,241.78001,2915.49,35124.043,4239.0,825.82,1724.83,71.24,1528.56,10335.601,1797.6,80391.97,593.17535
4854.6,392.5,11710.631,138987.39,15379.721,2348.72,138.37,35.62,638.88,36821.402,1798.8,322909.94,6896.248
21751.74,392.5,1500.92,17996.91,3295.4302,1237.16,597.32,47.95,1376.76,8594.5205,1798.8,41386.496,196.29338
38304.36,745.75,25744.861,262143.0,36329.8,6203.0703,11653.22,1211.08,4052.4001,84846.96,1799.6,709891.0,1920.7255
26560.23,503.97003,24174.861,262143.0,33828.793,4943.93,10283.22,953.52,3377.8801,79527.36,1799.6,666599.7,2601.4426
25444.02,450.59003,16398.65,202065.28,21885.8,3541.9202,4360.71,430.18,3851.7603,53837.523,1800.2,452177.78,1841.7711
85468.8,1846.3201,69877.56,262143.0,96302.234,15982.601,31336.01,2726.3,11942.04,223815.25,1800.7,1926809.9,2336.6482
20773.86,237.07,161.71,3268.74,1263.8501,376.80002,1946.77,178.1,1326.6001,3036.0,1802.4,4459.0054,21.257105
21905.73,340.69,8488.99,102849.13,11388.78,1565.29,3786.68,300.03,1820.28,27566.88,1802.8,234076.14,1107.0192
29084.1,441.17,15362.45,188310.52,20276.55,3265.6,3046.8801,328.8,2354.8801,49849.8,1805.1,423605.5,1509.2673
26784.69,427.04,213.52,4077.29,2521.4202,357.96002,1991.98,187.69,1409.76,3685.4402,1809.0,5887.6187,21.79297
46935.63,921.59,18441.22,227240.23,26000.771,3904.59,7454.17,604.17,6774.24,63932.883,1809.0,508499.78,1122.404
23718.81,351.68002,12814.341,156158.48,16607.46,2311.04,3063.32,304.14,1974.7201,41535.12,1809.5,353343.72,1543.7291
10635.75,246.49,78.5,1240.3,394.07,51.81,1.37,12.33,389.40002,1075.8,1811.7,2164.5657,20.103308
18730.23,420.76,108.33,2468.04,464.72,211.95001,154.81,-49.32,336.6,1886.28,1813.6,2987.1006,15.536919
3381.69,4.71,37.68,-39.25,-1.57,45.530003,27.4,-19.18,67.32,-42.24,1814.2,1038.9916,30.858559
40133.97,668.82,26262.96,262143.0,36577.86,5157.45,10968.22,993.25,4231.9204,84283.32,1816.7,724177.1,1870.0293
19635.03,703.36005,30479.98,262143.0,48673.14,7741.6704,18262.1,1891.97,6062.7603,103165.92,1818.2,840457.56,4437.458
74326.71,1626.52,48812.87,262143.0,68473.984,8785.721,14416.51,1296.02,6762.3604,156872.77,1818.2,1345970.2,1876.7529
12989.1,127.170006,80.07,1383.17,615.44,188.40001,53.43,39.73,378.84003,1426.92,1818.9,2207.857,16.625433
23676.18,350.11002,240.21,3265.6,1277.9801,314.0,90.42,12.33,476.52002,2723.1602,1819.4,6623.5713,28.008713
18206.49,321.85,730.05005,8485.851,1276.41,293.59,50.69,76.72,488.40002,4031.2803,1821.8,20130.463,113.65036
29620.89,416.05002,9289.69,116338.57,12673.04,1863.5901,4256.59,250.71,2537.04,30334.922,1822.0,256154.72,895.71027
13436.28,72.22,20.41,962.41003,814.83,274.75,49.32,-1.37,341.88,1516.68,1822.3,562.78705,3.3432307
71612.31,4289.24,191021.9,262143.0,262143.0,43656.992,84824.92,7255.52,28802.4,262143.0,1823.7,5267254.5,7625.8374
42067.98,543.22003,243.35,4067.87,5490.29,1628.0901,13175.29,1237.11,1529.88,4275.48,1824.8,6710.154,15.5397415
75880.53,1329.79,44760.703,262143.0,60580.023,10657.16,17172.95,1491.93,8451.96,144216.61,1826.5,1234235.5,1685.6133
10999.41,113.04,274.75,2993.99,703.36005,65.94,47.95,-6.85,545.16003,2044.68,1826.8,7575.98,70.41958
34308.45,949.85004,5662.99,68431.59,8967.84,2128.9202,537.04,93.16,1643.4,21712.682,1827.3,156151.78,470.94754
106986.51,3461.85,157166.42,262143.0,217950.55,34682.87,58611.34,5071.74,17557.32,262143.0,1828.0,4333720.5,4199.2944
3242.49,125.600006,3267.1702,39645.64,4653.48,700.22003,68.5,49.32,286.44,10989.0,1829.3,90089.23,2879.9922
66521.94,1077.02,53342.32,262143.0,75838.85,10404.391,19559.49,1600.16,6266.04,170239.1,1829.5,1470865.6,2291.7463
50676.63,1199.48,33434.723,262143.0,51587.062,8633.431,23459.88,2030.34,8236.801,116430.6,1830.7,921931.9,1885.4227
50812.35,923.16003,41689.78,262143.0,58732.133,9145.25,15116.58,1212.45,4885.3203,133956.25,1830.8,1149557.6,2344.8992
29991.51,375.23,11723.19,145181.05,17114.57,2504.1501,5844.42,524.71,2851.2002,39699.0,1831.3,323256.25,1116.626
24526.17,324.99002,606.02,8292.74,3917.1501,1109.99,3953.82,335.65,1812.3601,7586.0405,1831.7,16710.447,69.64903
12426.21,246.49,3034.81,39122.832,7437.0903,2185.4402,9992.78,838.44,3257.76,16437.96,1832.5,83682.11,697.2996
13840.83,102.05,61.230003,1026.78,682.95,273.18002,-21.92,-30.14,413.16,1626.2401,1833.1,1688.3613,11.648852
33551.55,585.61005,18141.352,220677.64,26175.041,3425.7402,9861.26,1037.09,4064.2803,59101.684,1834.7,500231.2,1544.9878
144521.8,4350.47,177472.81,262143.0,247067.77,38874.77,76115.83,6644.5,35179.32,262143.0,1835.4,4893650.5,3510.1345
12394.0205,95.770004,47.100002,1028.35,871.35004,227.65001,132.89,26.03,291.72,1397.88,1835.5,1298.7395,9.865701
11267.37,287.31,167.99,2457.05,741.04004,163.28,57.54,-13.7,303.6,1768.8,1835.8,4632.171,41.629467
18965.13,144.44,356.39,6372.6304,1758.4,623.29004,746.65,149.33,839.52,4528.9204,1837.6,9827.129,52.73023
28070.55,340.69,285.74002,3191.81,1904.41,530.66003,294.55,69.87,883.08,4196.2803,1839.0,7879.0195,28.105103
46127.4,965.55005,31860.012,262143.0,49736.03,8449.74,20933.6,2041.3,6470.64,104694.484,1840.5,878510.7,1973.8583
47489.82,1111.56,28085.73,262143.0,46360.53,9534.61,25097.03,2259.1301,8568.12,102187.805,1842.2,774438.3,1689.9633
33867.36,521.24,22801.111,262143.0,30921.15,6176.3804,9259.83,913.79,4146.12,74858.52,1844.2,628719.8,1923.9689
37791.06,753.60004,26311.63,262143.0,34692.293,4003.5002,10081.83,961.74,4614.72,84718.92,1844.6,725519.1,1989.7086
33080.88,527.52,24857.81,262143.0,32450.332,4998.8804,8811.84,709.66,4906.4404,78786.84,1845.4,685431.4,2147.4973
26273.13,255.91,1014.22003,13429.78,5402.37,1595.12,6308.85,667.19,2042.04,8818.92,1848.7,27966.19,109.37466
38942.94,533.8,244.92001,4859.1504,2193.29,653.12,3962.04,527.45,3075.6,5336.7603,1849.2,6753.4453,16.98227
45232.17,1880.8601,48415.66,262143.0,69764.52,11932.0,18527.88,1576.87,11730.841,173606.4,1850.9,1335017.5,3059.4648
19496.7,279.46002,957.7,12448.53,2551.25,981.25006,253.45,42.47,950.4,6432.3604,1851.3,26407.701,139.4486
20459.791,654.69,1064.4601,12782.94,1984.4801,307.72,89.05,-30.14,558.36005,5567.7603,1852.6,29351.514,147.75693
43743.6,675.10004,33064.2,262143.0,44120.14,6371.06,10428.44,745.28,5184.9604,105501.01,1853.0,911715.06,2160.1875
123094.56,4722.56,199033.61,262143.0,262143.0,46010.42,86266.164,7328.13,32441.64,262143.0,1855.6,5488169.5,4622.1343
11787.63,282.6,100.48,811.69,445.88,265.33002,54.8,-36.99,435.6,780.12006,1857.2,2770.6443,23.372616
11323.92,81.64,-10.990001,62.800003,-43.960003,-36.11,90.42,73.98,270.6,62.04,1857.3,-303.0392,-3.7749166
4642.32,185.26001,5075.81,58805.92,6121.43,1020.50006,338.39,-20.55,555.72003,16373.28,1858.1,139960.81,3125.2183
4979.0103,222.94,152.29001,2618.76,2381.6902,1646.93,467.17,164.4,724.68005,3483.4802,1859.1,4199.258,86.45354
48750.45,1042.48,32288.621,262143.0,45939.773,7893.9604,15075.48,1200.12,7186.08,107165.52,1860.8,890329.2,1892.7379
102441.63,4808.91,137364.02,262143.0,189331.02,28379.32,54084.86,4774.45,23014.201,262143.0,1861.0,3787687.0,3832.9414
23904.99,496.12003,15524.16,192252.78,25835.92,3935.9902,12860.19,1242.59,4490.64,55096.8,1862.1,428064.5,1855.8146
31767.18,547.93,11800.12,144341.1,16565.07,2670.57,4736.09,415.11002,2893.4402,37725.6,1862.3,325377.53,1061.0789
6960.0,244.92001,8142.0205,99274.24,10475.04,1690.89,206.87,69.87,649.44,26293.08,1862.9,224508.77,3343.814
49690.05,852.51,44253.59,262143.0,60937.98,7839.0103,15015.2,1159.02,5988.8403,137749.92,1864.9,1220252.2,2545.4084
9208.08,346.97,8333.561,103338.98,18529.14,2789.8901,11949.14,931.6,3966.6,33644.16,1866.5,229790.31,2586.6797
25343.97,458.44,146.01001,2753.78,935.72003,441.17,2370.1,210.98,2051.28,3562.6802,1872.5,4026.0925,15.4724045
55631.28,1033.06,27944.432,262143.0,40923.62,5201.41,15122.06,1370.0,6737.2803,92341.92,1873.8,770542.1,1435.234
9173.28,182.12001,15.700001,758.31,328.13,-67.51,31.51,78.090004,199.32,768.24005,1878.0,432.91315,3.8935494
24290.4,576.19,1543.31,19478.99,2711.3901,219.8,350.72,-28.77,838.2,7546.4404,1878.6,42555.363,180.66342
42605.64,785.0,32469.172,262143.0,44462.402,7612.93,14728.87,1294.65,5140.08,103090.69,1878.6,895307.7,2177.9792
4343.04,340.69,1990.76,23703.861,2499.4402,368.95,284.96,26.03,516.12,7608.4805,1879.1,54893.387,1309.6118
17409.57,285.74002,287.31,3918.7202,2171.31,595.03,137.0,106.86,1066.56,4308.48,1879.1,7922.3105,46.18584
11414.4,98.91,102.05,1990.76,781.86005,339.12003,5.48,73.98,442.2,2127.84,1879.3,2813.9355,24.56283
15063.18,221.37001,100.48,1901.27,719.06,84.78001,1468.64,143.85,1021.68005,1706.76,1881.6,2770.6443,18.072691
19432.32,309.29,3873.1902,48816.01,6320.8203,1237.16,3112.64,271.26,2253.24,13295.041,1882.4,106799.68,568.89276
18590.16,679.81,26807.75,262143.0,44828.21,7598.8003,22685.83,1956.36,7772.16,97038.484,1883.1,739199.2,4122.1226
74244.06,1329.79,57449.44,262143.0,83020.03,14340.381,30570.18,2533.1301,12431.761,188687.4,1884.5,1584115.8,2211.448
29365.98,896.47003,38901.46,262143.0,56067.844,8774.73,17288.03,1671.4,4981.68,128556.125,1884.8,1072672.2,3786.655
25056.871,414.48,5221.8203,64476.76,7864.1304,1064.4601,1767.3,173.99,2208.36,17691.96,1885.8,143986.92,594.8598
12618.48,106.76,379.94,5127.62,1485.2201,315.57,182.21,58.91,558.36005,3286.8,1885.9,10476.498,85.09084
44681.46,920.02,34302.93,262143.0,47052.902,5878.08,12734.15,1276.84,4952.64,107420.28,1886.3,945871.94,2194.0925
44274.3,712.78,9561.301,119128.46,13476.881,2226.26,2561.9,132.89,4880.04,34795.203,1886.3,263644.12,616.4677
4811.1,290.45,157.0,3141.57,1945.2301,990.67004,400.04,73.98,702.24005,3157.4402,1886.6,4329.1313,92.304855
51612.75,1149.24,30520.8,262143.0,47104.71,6805.95,20555.48,1891.97,6293.7603,101774.64,1888.6,841583.2,1689.7833
11971.2,29.830002,97.340004,1574.7101,847.80005,141.3,110.97,-46.58,475.2,1544.4,1889.5,2684.0615,22.248913
16587.42,227.65001,1114.7001,14272.87,5014.58,1025.2101,4389.48,420.59,1943.04,9026.16,1891.2,30736.834,191.14459
64119.0,1105.28,37516.723,262143.0,50362.46,6961.3804,13406.82,1242.59,4755.96,119970.84,1891.2,1034489.3,1671.9661
51375.242,1109.99,35918.46,262143.0,50359.32,8107.4805,17592.17,1412.47,5549.2803,117135.484,1891.5,990418.7,1998.0001
27533.76,541.65,26281.8,262143.0,35193.12,6600.2803,10481.87,945.3,3424.08,83822.64,1892.8,724696.6,2728.2205
22875.78,312.43002,240.21,3414.75,2274.9302,737.9,5656.73,567.18,801.24005,3876.84,1896.3,6623.5713,29.0237
3604.41,106.76,1138.25,13523.98,2491.59,565.2,180.84,47.95,269.28,4725.6,1898.3,31386.203,901.92664
18882.48,604.45,48495.73,262143.0,63451.55,9192.351,6366.39,615.13,4666.2,150666.12,1898.7,1337225.4,7342.337
73441.92,1949.9401,91392.84,262143.0,140635.89,22410.182,56428.93,4418.25,21013.08,262143.0,1899.5,2520074.0,3557.0918
34694.73,1059.75,43887.78,262143.0,61109.113,10500.16,18670.36,1598.79,6518.16,139991.28,1899.6,1210165.4,3615.8381
34546.832,566.77,15109.681,187779.86,24156.021,3951.6902,12501.25,1169.98,4678.08,57433.203,1903.2,416635.62,1249.5356
16476.93,263.76,95.770004,1186.92,722.2,183.69,297.29,-36.99,378.84003,1449.3601,1903.3,2640.7703,15.618898
12922.11,166.42,219.8,2880.9502,1309.38,218.23001,134.26,-68.5,679.80005,3364.6802,1904.7,6060.784,47.634365
49797.93,786.57,28839.33,262143.0,40424.363,6535.91,10987.4,964.48,5026.56,94698.125,1905.2,795218.1,1654.8572
63062.82,1494.64,41809.1,262143.0,59328.73,8142.0205,21134.99,1902.93,9653.16,137359.2,1905.9,1152847.8,1894.5988
37155.96,601.31,22012.97,262143.0,31117.4,5248.5103,13605.47,1046.68,5740.68,71611.32,1906.9,606987.5,1692.9443
12586.29,94.200005,211.95001,2890.37,1081.73,350.11002,337.02,4.11,549.12,2164.8,1908.7,5844.3276,47.148716
42898.832,770.87006,16120.761,195914.03,22377.21,3408.4702,9239.28,783.64,6333.3604,56922.363,1909.0,444515.22,1073.457
12762.03,161.71,869.78,11525.37,2976.7202,739.47003,2770.14,387.71,1453.3201,6131.4004,1910.3,23983.389,193.86716
40583.76,753.60004,27787.432,262143.0,38775.86,5493.43,13606.84,1150.8,4407.48,91357.2,1910.6,766213.0,1956.6953
35887.5,640.56,26806.182,262143.0,36736.43,5407.08,8351.5205,637.05,2930.4001,86345.164,1910.7,739155.94,2134.7024
40161.81,682.95,27939.72,262143.0,39629.94,6177.95,12076.55,1054.9,3412.2002,88012.32,1912.8,770412.25,1988.1055
28884.0,786.57,350.11002,3606.29,1323.51,535.37,201.39,-23.29,675.84,3512.52,1913.3,9653.964,33.65742
99552.36,3665.9502,160537.22,262143.0,231678.62,38480.703,67865.69,5786.88,23298.0,262143.0,1913.4,4426667.0,4609.767
3362.55,113.04,128.74,1551.16,642.13,449.02002,154.81,38.36,192.72,1450.68,1914.9,3549.888,108.46966
25712.85,475.71002,9106.0,112229.88,12671.471,2241.96,3600.36,247.97,2049.96,31235.162,1917.4,251089.62,1011.5732
105879.87,2521.4202,111349.12,262143.0,151526.98,23573.55,47365.01,3890.8,16048.561,262143.0,1918.5,3070350.0,3005.9233
22175.43,472.57,16247.931,196742.98,23622.22,3703.6301,8513.18,813.78,2027.52,50919.004,1919.8,448021.8,2093.9565
32651.97,576.19,22184.102,262143.0,40035.0,8353.971,23222.87,1852.24,7926.6,83870.164,1920.2,611706.3,1941.5913
16205.49,180.55,6655.23,81968.13,9426.28,887.05005,1997.46,57.54,1627.56,21534.48,1921.6,183511.88,1173.2211
52646.31,959.27,38037.96,262143.0,53171.19,8672.681,16018.04,1397.4,7719.3604,121652.52,1924.5,1048862.0,2064.8477
7735.17,58.09,133.45,1340.78,3202.8,1865.16,13.7,10.96,198.00002,5390.8804,1924.8,3679.7615,48.328476
7595.97,434.89,8845.38,106516.66,11333.83,1516.62,178.1,-9.59,704.88,30168.602,1924.8,243903.27,3328.525
44137.71,1226.17,32301.182,262143.0,53001.633,9672.7705,27620.57,2429.01,9114.601,108678.24,1925.0,890675.56,2091.4622
15437.28,127.170006,166.42,2926.48,1138.25,436.46002,90.42,60.28,740.52,3065.04,1926.9,4588.8794,29.823626
36184.17,558.92004,1951.51,25806.092,8517.25,2378.55,6467.77,728.84,3651.12,16147.561,1927.6,53811.1,153.20595
52444.47,1359.62,35219.812,262143.0,51880.652,9116.99,16079.69,1494.67,14694.24,120205.805,1929.7,971154.1,1919.1553
29423.4,472.57,14378.061,176621.86,19323.56,3113.31,5963.61,428.81,2506.6802,45369.723,1930.3,396461.88,1396.1931
21376.77,502.40002,6327.1,82549.03,14461.2705,2370.7002,11068.23,1015.17,3066.36,27519.361,1932.7,174464.0,845.2752
44431.77,719.06,29324.46,262143.0,41363.223,6648.95,15402.91,1337.12,4587.0,95736.96,1933.3,808595.2,1886.0587
26152.2,579.33,153.86,3326.83,985.96,188.40001,1882.38,180.84,1877.04,4052.4001,1933.3,4242.549,15.821569
29500.83,518.10004,18417.67,226640.5,23542.15,2918.6301,3305.81,356.2,2923.8,59153.164,1933.7,507850.4,1784.046
37396.95,560.49,22529.5,262143.0,30561.621,4055.31,6993.85,537.04,2925.12,71738.04,1934.6,621230.4,1721.5205
73271.4,1847.89,40796.453,262143.0,54739.62,7523.4404,11784.74,1189.16,7191.3604,133155.0,1934.8,1124924.9,1590.9774
28678.68,730.05005,27859.65,262143.0,39790.082,6210.9204,14685.03,1302.87,4437.8403,88008.37,1937.7,768204.4,2776.5732
20125.71,342.26,146.01001,2334.59,962.41003,411.34003,31.51,-28.77,422.40002,1749.0001,1939.4,4026.0925,19.743422
5634.12,124.03001,31.400002,755.17004,601.31,252.77,134.26,-39.73,171.6,748.44,1940.4,865.8263,14.935018
33437.582,485.13,1094.29,14790.971,3728.7502,1160.23,523.34,54.8,1116.7201,8631.48,1941.1,30174.047,92.57214
33461.07,500.83002,22648.82,262143.0,30004.271,4166.7803,6412.97,546.63,3669.6,73529.28,1941.5,624520.5,1934.3289
192711.97,5735.21,182013.25,262143.0,252142.02,39504.34,79758.664,6856.85,34403.16,262143.0,1941.7,5018849.0,2699.4946
56834.492,929.44,36221.473,262143.0,52830.5,8507.83,18389.51,1496.04,9382.561,122909.164,1946.7,998774.0,1821.2297
18630.18,568.34,227.65001,2505.72,940.43005,194.68001,208.24,71.24,493.68002,2015.6401,1947.1,6277.2407,33.93813
31935.96,445.88,13894.5,172564.98,18883.96,3121.1602,5544.39,431.55,3149.52,45022.562,1948.0,383128.12,1242.9758
58449.21,722.2,28556.73,262143.0,39157.37,6740.0103,11291.54,1089.15,6652.8003,95494.086,1948.2,787425.75,1395.9435
58034.22,1111.56,38769.582,262143.0,54893.48,8622.44,15916.66,1437.13,6955.08,126465.24,1948.8,1069035.8,1909.0992
18287.4,573.05005,346.97,6446.4204,5793.3003,2703.54,1427.54,400.04,1668.4801,7314.12,1948.8,9567.381,53.248653
48387.66,719.06,21400.67,260662.4,31480.07,4295.52,12053.26,1131.62,6334.68,72615.84,1952.1,590103.9,1263.5667
12169.561,105.19,122.46001,1737.9901,492.98,354.82,-36.99,61.65,447.48,1669.8,1954.1,3376.7227,27.771889
45052.082,973.4,39892.133,262143.0,57661.39,9027.5,20034.88,1778.26,7642.8003,131234.4,1954.3,1099989.1,2530.7534
28688.25,471.00003,20488.5,250182.64,27988.39,4383.44,7259.63,697.33,4218.72,67062.6,1954.8,564951.6,2040.9968
24232.98,741.04004,3209.08,39099.28,4766.52,764.59,139.74,-5.48,678.48004,12232.44,1957.2,88487.445,377.6367
51947.7,777.15,25870.46,262143.0,40273.64,5089.94,14045.24,1209.71,7500.24,90367.2,1957.9,713354.3,1422.9241
3742.74,169.56001,2733.37,34130.23,4220.16,1279.55,100.01,90.42,347.16,10475.5205,1960.1,75370.18,2087.131
56122.832,891.76,32747.06,262143.0,47330.793,8036.83,18316.9,1583.72,5851.56,106477.805,1961.6,902970.25,1667.3291
42563.01,591.89,568.34,8225.23,2709.82,629.57,145.22,-41.1,1112.76,7031.64,1962.5,15671.456,37.179028
53680.742,962.41003,31310.512,262143.0,43735.492,6498.23,13164.33,1152.17,5235.12,99889.69,1964.4,863358.75,1666.7104
104859.36,4730.41,198787.12,262143.0,262143.0,43437.19,83639.87,7004.81,32934.0,262143.0,1965.3,5481373.0,5419.384
29958.45,612.30005,22115.021,262143.0,29633.752,4414.8403,8785.81,748.02,3595.6802,68838.0,1966.9,609801.5,2109.6538
60842.582,1350.2001,40132.34,262143.0,52762.992,8255.061,9558.49,727.47003,6605.2803,128987.766,1967.2,1106612.5,1884.9745
26890.83,444.31003,152.29001,3524.6501,2191.72,821.11005,419.22,-32.88,1078.4401,4378.44,1967.6,4199.258,15.192587
34033.53,1135.11,34353.17,262143.0,49801.973,8397.931,15186.45,1311.09,8013.72,116559.96,1967.9,947257.3,2885.083
14824.8,135.02,166.42,2122.6401,1409.8601,312.43002,200.02,101.38,608.52,2765.4001,1968.8,4588.8794,31.097092
25315.26,626.43,25405.74,262143.0,36626.53,6036.6504,11373.74,1005.58,2906.6401,81832.086,1970.4,700540.06,2868.4487
16228.11,174.27,89.490005,1932.67,1489.93,485.13,3875.73,316.47,599.28,2250.6,1971.7,2467.605,14.767236
45590.61,770.87006,25025.8,262143.0,35103.633,5722.6504,11329.9,995.99,5891.16,82171.32,1972.0,690063.56,1568.501
11345.67,365.81,103.62,1949.9401,763.02,53.38,-2.74,38.36,357.72,1433.52,1973.0,2857.2268,25.113342
4924.2,113.04,89.490005,778.72003,513.39,452.16,113.71,76.72,302.28,881.76,1973.4,2467.605,50.962234
34669.5,1103.7101,3719.33,44032.223,6118.29,1256.0,653.49,35.62,1189.3201,15177.36,1976.3,102557.125,305.73697
15582.57,178.98001,370.52002,4926.66,1436.55,321.85,431.55,63.02,716.76,4045.8,1977.4,10216.751,66.98633
44265.6,868.21,33563.46,262143.0,46325.992,6589.29,11598.42,1094.63,5137.4404,107708.05,1980.0,925481.75,2166.9507
3947.19,273.18002,5055.4004,60751.152,6361.64,971.83,150.7,58.91,366.96002,16806.24,1980.6,139398.05,3660.9849
20213.58,273.18002,9754.41,119517.82,13343.431,2042.5701,2722.19,83.57,1972.0801,32527.441,1990.3,268968.94,1378.7703
36155.46,519.67004,17350.07,213730.39,24097.932,3545.06,6463.66,541.15,3599.6401,55476.96,1991.6,478412.3,1371.0702
78878.55,2105.37,95157.7,262143.0,121083.12,18073.84,18900.52,1809.77,13028.4,262143.0,1992.2,2623886.5,3448.3242
4039.41,171.13,50.24,1549.5901,985.96,481.99002,258.93,146.59,467.28003,2250.6,1993.0,1385.3221,34.561554
108958.8,3667.52,134274.25,262143.0,172185.05,25283.281,28519.291,2459.15,22909.922,262143.0,1994.5,3702489.5,3522.542
15687.84,276.32,260.62,3199.6602,959.27,64.37,250.71,60.28,260.04,2374.6802,1999.4,7186.358,46.499996
14575.98,182.12001,2318.8901,28900.56,5177.8604,982.82,4662.11,450.73,2362.8,11614.681,1999.5,63941.273,453.8743
15807.03,375.23,317.14,3105.4602,1089.5801,478.85,75.35,56.170002,347.16,2416.9202,1999.5,8744.846,56.365364
69189.36,1915.4,60854.773,262143.0,85494.35,14428.301,29111.13,2424.9,10058.4,200005.1,2000.5,1678014.8,2513.8052
32672.85,525.95,18822.73,230667.55,24807.57,4472.93,8092.59,838.44,2863.08,61258.562,2004.3,519019.56,1646.1934
21635.16,254.34001,2857.4001,36502.5,8429.33,1957.79,14275.4,1364.52,3041.28,16591.08,2004.7,78790.195,376.62433
49951.92,1100.5701,44305.402,262143.0,57634.703,9581.71,13880.84,1398.77,6479.8804,140894.17,2006.3,1221681.0,2535.0247
64675.8,1348.63,55232.6,262143.0,77311.516,11434.311,24816.18,2113.91,7432.9204,178272.61,2006.9,1522988.5,2440.7583
13594.62,174.27,1535.4601,19040.96,4476.0703,1106.8501,6377.35,457.58,2192.52,8342.4,2008.1,42338.906,321.93896
12042.54,111.47,196.25,1675.1901,778.72003,138.16,17.81,72.61,378.84003,1925.8801,2008.8,5411.414,45.59513
9267.24,56.52,-28.26,51.81,-95.770004,-59.660004,-38.36,50.69,158.40001,63.36,2010.2,-779.24365,-9.719081
30662.28,317.14,13869.381,170844.27,17970.22,3353.52,5632.07,438.4,3366.0002,45294.48,2012.7,382435.5,1292.3071
45011.19,745.75,21091.38,262143.0,31911.82,5367.83,12862.93,1093.26,4847.04,71256.24,2013.0,581575.56,1338.78
108934.44,3369.2202,62548.8,262143.0,95972.53,13933.75,40062.91,4009.99,17226.0,213698.77,2013.0,1724726.0,1640.734
27712.11,585.61005,27010.281,262143.0,37797.75,5769.75,10633.94,924.75,4571.16,86759.64,2013.4,744783.8,2785.8174
37802.37,1281.12,24025.71,262143.0,43091.793,6859.33,21698.06,1876.9,8944.32,97916.28,2014.9,662487.0,1816.2145
31448.76,442.74002,12139.24,151495.58,15846.011,2364.4202,3682.56,420.59,3373.9202,39275.28,2017.8,334728.44,1102.6642
47655.992,976.54004,35648.42,262143.0,51442.62,8035.2603,17583.95,1560.43,6310.9204,115605.6,2018.8,982972.6,2137.808
23149.83,544.79004,364.24002,4763.3804,1229.31,357.96002,165.77,-5.48,509.52002,3326.4001,2020.0,10043.585,43.987186
7184.46,191.54001,25.12,712.78,205.67001,229.22,41.1,-4.11,-25.080002,830.28,2020.4,692.6611,8.997111
46131.75,898.04004,38248.34,262143.0,54617.16,8336.7,18373.07,1531.66,4755.96,120615.01,2020.9,1054663.0,2369.6184
14207.97,25.12,409.77002,5732.0703,1860.4501,395.64,731.58,-52.06,640.2,3725.04,2020.9,11299.033,81.46262
81323.25,2794.6,87918.43,262143.0,132980.58,19939.0,59734.74,4705.95,23620.08,262143.0,2022.4,2424270.2,3090.108
34412.85,629.57,22775.99,262143.0,30754.73,4799.49,10339.39,953.52,4534.2,75841.92,2022.8,628027.1,1891.3682
15569.5205,105.19,246.49,3311.1301,1505.63,574.62,354.83,61.65,689.04004,3956.04,2024.7,6796.7363,44.266098
54552.48,1332.93,49893.03,262143.0,70329.72,12461.091,25895.74,2156.3801,7826.2803,161933.64,2025.5,1375754.8,2614.0164
44819.79,817.97003,33549.332,262143.0,49335.684,7112.1,16260.53,1365.89,7013.16,106501.56,2026.2,925092.1,2139.243
11470.95,241.78001,103.62,1720.7201,376.80002,100.48,-30.14,39.73,110.880005,1433.52,2026.4,2857.2268,24.828144
15773.97,417.62003,205.67001,2620.33,682.95,64.37,134.26,-31.51,418.44,1644.7201,2027.7,5671.1626,36.280266
4726.71,161.71,142.87001,2000.18,1709.7301,654.69,453.47,187.69,531.96,2509.32,2028.1,3939.5098,85.423355
38113.832,693.94,22094.611,262143.0,30687.22,5882.79,10731.21,965.85,3668.28,73080.484,2028.7,609238.7,1656.497
100251.84,3454.0,124017.445,262143.0,183245.7,30830.092,73888.21,6741.77,26908.201,262143.0,2029.8,3419667.5,3536.0352
42869.25,952.99005,35673.543,262143.0,48396.82,8388.511,13795.9,1452.2,6998.64,114756.84,2031.8,983665.3,2378.3008
13708.59,273.18002,87.920006,1150.81,563.63,320.28,-8.22,91.79,240.24,1308.12,2033.2,2424.3137,17.33766
64280.82,1747.41,4428.97,59408.8,17621.68,3289.1501,19769.1,1622.08,12870.001,32390.162,2034.3,122124.805,196.00188
36730.53,574.62,18552.691,225109.75,25708.75,4182.48,6732.18,709.66,3088.8,58685.883,2036.4,511573.5,1443.2046
64475.7,1059.75,45856.562,262143.0,63271.004,9528.33,18700.5,1587.83,9261.12,151722.12,2040.2,1264452.8,2032.548
38850.72,522.81,17237.031,212017.52,24663.13,4323.7803,8541.95,663.08,5463.48,57998.164,2043.0,475295.38,1267.5641
33508.92,618.58,25711.89,262143.0,35420.77,5986.41,10409.26,883.65,4594.9204,81232.805,2044.0,708981.9,2192.929
20684.25,276.32,12046.61,147751.14,16569.781,2187.01,3931.9,302.77,2204.4001,39285.84,2044.5,332174.25,1664.2294
55596.48,1001.66003,29189.441,262143.0,47614.96,8016.4204,27623.31,2338.59,8811.0,101296.805,2045.0,804872.1,1500.1616
91897.234,3147.85,107840.164,262143.0,162926.75,28646.22,67560.18,5615.63,25658.16,262143.0,2045.0,2973594.0,3354.2673
143709.2,4163.64,167869.11,262143.0,237730.98,35620.16,69313.78,6512.98,28081.682,262143.0,2045.6,4628837.0,3338.9133
32215.23,632.71,1320.37,16860.23,3369.2202,887.05005,246.6,149.33,1077.12,8162.8804,2052.7,36407.996,116.18807
16026.2705,332.84,164.85,1946.8,467.86002,238.64001,130.15,84.94,396.00003,1705.4401,2055.8,4545.588,28.410706
53317.95,847.80005,34302.93,262143.0,47894.42,6752.5703,13435.59,1079.56,5462.16,110011.445,2056.7,945871.94,1838.5295
12575.85,144.44,59.660004,1207.3301,546.36005,84.78001,956.26,97.27,1132.56,1659.2401,2060.2,1645.0701,12.564223
21300.21,240.21,2051.99,26870.55,8168.7104,1317.2301,10288.7,879.54,10949.4,15944.28,2060.3,56581.746,274.44846
9717.9,337.55002,62.800003,645.27,274.75,54.95,84.94,-13.7,220.44,743.16003,2062.0,1731.6526,17.477201
15691.32,130.31,29.830002,1130.4,551.07,109.9,38.36,28.77,487.08002,2187.24,2065.0,822.53503,4.4355416
24435.69,551.07,17365.771,210489.9,28137.541,5006.73,15591.97,1217.93,6198.72,57929.523,2065.1,478845.25,2030.9755
15108.42,259.05002,229.22,2571.6602,722.2,155.43001,175.36,-61.65,397.32,1854.6001,2066.7,6320.5317,42.379288
52244.37,816.4,28726.291,262143.0,38968.973,6515.5,12523.17,1233.0,5850.24,94065.84,2071.9,792101.2,1571.1321
175265.84,7565.83,262015.73,262143.0,262143.0,58272.12,123420.56,11116.18,50343.48,262143.0,2075.9,7224844.0,4273.4385
33668.13,709.64,32629.31,262143.0,44707.32,6578.3003,11292.91,1016.54,4616.04,103663.56,2076.1,899723.4,2770.0088
108147.09,5256.3604,205184.88,262143.0,262143.0,46103.05,84674.22,7415.81,30799.56,262143.0,2076.4,5657785.0,5423.747
72631.95,1496.2101,70698.67,262143.0,97539.39,14378.061,23705.11,2213.92,10252.44,228053.77,2076.6,1949451.2,2782.1238
72875.55,976.54004,33018.67,262143.0,46304.01,7116.81,14579.54,1104.22,9587.16,106976.766,2076.7,910459.7,1294.4683
70911.96,2992.4202,126655.05,262143.0,178072.55,26057.291,53786.2,4640.19,16884.121,262143.0,2078.4,3492397.0,5105.837
14529.87,343.83002,1000.09,12327.641,4719.42,1445.9701,5181.34,472.65,2430.12,8845.32,2078.7,27576.568,195.80057
25167.36,617.01,3802.54,45435.8,4867.0,719.06,183.58,47.95,681.12006,13866.601,2080.0,104851.56,431.00137
50288.61,802.27,27942.861,262143.0,40666.14,6289.4204,14172.65,1109.7,8356.92,93626.28,2080.3,770498.8,1587.7305
48753.06,730.05005,27066.8,262143.0,42057.16,6620.6904,18010.02,1598.79,7395.9604,92829.0,2081.2,746342.25,1586.3915
19276.59,329.7,9080.88,111476.28,11424.891,2124.21,2507.1,172.62,1584.0001,29055.842,2081.9,250396.95,1345.9353
14882.22,146.01001,163.28,1937.38,634.28,81.64,1124.77,139.74,1083.7201,1525.92,2082.1,4502.2964,30.369982
49448.19,1075.4501,25016.38,262143.0,36518.203,5727.3604,13975.37,1348.08,8261.88,84516.96,2083.3,689803.8,1445.5154
31952.49,529.09,19405.201,235989.84,27545.65,4188.7603,7262.37,690.48,3432.0002,62917.8,2084.5,535080.7,1735.4506
36514.77,562.06,15941.78,196052.19,23895.4,3799.4001,9392.72,776.79,4481.4004,54989.883,2088.1,439580.0,1247.295
17691.45,182.12001,2747.5,33742.44,4334.77,529.09,2157.75,204.13,2906.6401,11416.681,2088.3,75759.8,443.0412
9297.69,53.38,185.26001,1670.4801,547.93,262.19,305.51,20.55,513.48004,1759.56,2088.4,5108.3755,55.97123
25962.541,342.26,12886.561,156174.19,18117.8,2910.78,4708.69,453.47,2321.8801,40942.44,2089.2,355335.12,1418.1843
5637.6,64.37,6.28,70.65,-43.960003,39.25,-15.07,27.4,30.36,128.04001,2090.0,173.16527,2.1850364
50039.79,827.39,681.38,10892.66,4402.2803,1009.51,426.07,31.51,2007.7201,11189.641,2091.2,18788.43,37.93345
13572.0,169.56001,14.13,883.91003,665.68,343.83002,38.36,-5.48,438.24002,1334.52,2091.5,389.62183,1.976784
49153.26,1040.91,30549.06,262143.0,43471.73,7324.0503,13058.84,1220.67,5662.8003,97442.41,2093.2,842362.4,1776.0289
10696.65,238.64001,37.68,819.54004,348.54,186.83,76.72,30.14,157.08,748.44,2094.3,1038.9916,9.071916
62889.69,1678.3301,62336.85,262143.0,88237.14,14484.82,28538.47,2496.14,8491.561,197093.17,2094.8,1718881.6,2833.095
52977.78,1271.7001,36464.82,262143.0,53752.09,9861.17,20369.16,1838.54,5990.16,119713.445,2094.9,1005484.06,1967.0192
47367.15,957.7,27666.541,262143.0,38876.34,5735.21,12361.51,1071.34,5718.24,89191.086,2095.3,762879.56,1669.039
52054.71,1282.6901,40432.21,262143.0,57066.363,9347.78,24628.49,2096.1,8092.9204,131885.17,2097.1,1114881.2,2219.8357
38584.5,701.79004,32916.62,262143.0,46203.53,6675.64,13810.97,1168.61,5822.52,107391.24,2097.8,907645.7,2438.2222
33208.77,909.03,21113.361,260737.77,35541.66,7361.7305,19567.71,1775.52,5965.08,75896.05,2097.8,582181.6,1816.8313
24206.01,332.84,10980.58,133550.48,15602.66,2378.55,4277.14,293.18,2871.0,38673.363,2098.8,302779.44,1296.0331
54783.9,1328.2201,41735.312,262143.0,59512.42,9160.95,17098.97,1731.68,6196.08,131763.72,2099.9,1150813.1,2177.2102
6304.89,248.06001,182.12001,2924.9102,2563.81,879.2,256.19,130.15,773.52,3317.1602,2100.8,5021.7925,81.59032
4295.19,230.79001,5359.98,63594.42,8071.37,1053.4701,221.94,10.96,374.88,18020.64,2101.5,147796.55,3567.0408
14530.74,109.9,147.58,2015.8801,849.37006,357.96002,182.21,49.32,542.52,2473.6802,2108.6,4069.3835,28.039476
23599.621,276.32,229.22,3793.12,1120.98,174.27,2242.69,150.7,2085.6,3256.4402,2108.9,6320.5317,26.771315
5290.47,26.69,15.700001,-25.12,0.0,-4.71,17.81,12.33,-13.200001,121.44,2109.3,432.91315,7.48505
121734.75,6102.5903,179695.92,262143.0,250187.36,41236.05,68135.58,6033.48,29865.002,262143.0,2110.3,4954950.5,4219.5845
93183.96,4113.4,171836.5,262143.0,235763.77,36191.64,70685.15,6067.73,23455.08,262143.0,2110.4,4738234.5,5271.581
51201.242,1056.61,1296.8201,17282.56,3695.78,1365.9,420.59,47.95,1228.92,9778.561,2110.6,35758.63,71.41828
11720.64,230.79001,2011.17,26115.38,4774.37,1069.17,6974.67,612.39,2028.8401,11622.601,2110.7,55456.176,489.6214
10963.74,4.71,197.82,2761.6301,569.91003,224.51001,-9.59,-20.55,396.00003,2257.2002,2111.0,5454.7056,50.589397
174426.3,6568.8804,149512.67,262143.0,207046.89,34200.883,72234.62,6056.77,27780.72,262143.0,2111.3,4122675.2,2449.8406
58824.18,1102.14,29511.291,262143.0,41039.8,5845.1104,10638.05,901.46,5996.7603,97401.484,2114.6,813746.9,1433.4365
99438.39,4374.02,177430.42,262143.0,249044.39,39397.582,79124.35,7270.59,32256.842,262143.0,2115.2,4892481.5,5100.795
77618.79,1623.38,56019.17,262143.0,77730.7,12836.32,22050.15,2222.14,8912.641,178305.61,2116.1,1544677.4,2062.568
58075.11,1301.53,48277.5,262143.0,68452.0,10613.2,23770.87,1826.21,5897.7603,151657.45,2117.6,1331207.9,2375.8606
21398.52,273.18002,949.85004,13366.98,5449.47,1659.4901,5015.57,441.14,2303.4001,10948.08,2119.7,26191.246,125.91715
57785.4,916.88,43289.613,262143.0,58537.453,9379.181,13520.53,1112.4401,6267.3604,139220.4,2119.7,1193671.5,2140.976
53196.15,976.54004,39807.35,262143.0,53249.69,8862.65,10658.6,917.9,4260.96,126543.125,2121.0,1097651.2,2138.5974
16730.97,282.6,1095.86,13172.301,2080.25,642.13,164.4,105.49,550.44,4778.4004,2121.6,30217.336,186.27634
39850.35,1152.38,44974.223,262143.0,60010.113,8941.15,14980.95,1223.41,8547.0,144410.64,2121.9,1240123.0,3225.8625
30794.52,741.04004,27760.74,262143.0,40659.863,7430.81,16634.541,1346.71,5967.72,98213.28,2122.4,765477.0,2576.547
7528.11,411.34003,8057.24,97121.77,11396.631,1193.2001,315.1,-1.37,901.56006,27804.48,2122.9,222171.03,3059.197
97205.97,2857.4001,108102.35,262143.0,166332.08,26460.781,59808.72,5379.99,23464.32,262143.0,2124.3,2980823.5,3178.737
56598.72,1254.43,63817.363,262143.0,87704.914,13539.681,20987.03,1901.56,8147.0405,200123.89,2124.8,1759705.4,3222.8975
13792.98,36.11,48.670002,1417.7101,684.52,259.05002,87.68,13.7,454.08002,1991.8801,2125.5,1342.0308,9.089096
106896.03,5504.4204,192514.97,262143.0,261789.66,39166.793,55104.14,5022.42,44770.44,262143.0,2128.0,5308424.0,5148.3438
35188.89,755.17004,25217.342,262143.0,34350.03,6210.9204,9936.61,874.06,3454.4402,80059.32,2129.8,695345.1,2048.0034
27234.48,340.69,127.170006,3414.75,1117.8401,361.1,2072.81,158.92,1458.6001,4340.16,2132.7,3506.5967,12.351025
57416.52,877.63,29341.73,262143.0,40777.613,6922.1304,13819.19,1205.6,7496.2803,97834.445,2132.9,809071.4,1460.1603
20664.24,254.34001,9620.96,118035.74,12429.69,1938.9501,3229.09,347.98,2480.28,32131.441,2133.2,265289.16,1330.2142
44188.17,752.03,34026.61,262143.0,51838.26,8385.37,27371.23,2423.53,6519.4805,114040.086,2133.3,938252.6,2200.7175
90358.2,3388.06,128229.76,262143.0,179011.4,27605.31,58190.75,5107.36,20924.64,262143.0,2134.1,3535818.2,4056.6094
9676.14,67.51,295.16,4367.74,846.23004,-36.11,1023.39,20.55,1070.52,2138.4001,2140.5,8138.767,86.21764
48091.86,593.46,24780.88,262143.0,34634.2,5708.52,12414.94,989.14,5681.2803,77725.56,2140.6,683310.1,1472.31
103121.97,1444.4,64547.414,262143.0,87230.77,13118.921,23142.041,1894.71,10462.32,205959.61,2140.9,1779835.9,1788.6852
36617.43,521.24,477.28003,6063.3403,2295.34,861.93005,135.63,34.25,1057.3201,6124.8003,2150.2,13160.561,36.267857
46686.81,797.56,24027.281,262143.0,35073.8,6488.81,12402.61,1060.38,4711.08,81643.32,2150.5,662530.3,1470.4972
3912.3901,158.57,7419.8203,87883.89,9343.07,1766.25,172.62,79.46,332.64,23263.682,2150.6,204594.75,5421.5083
15457.29,579.33,18485.18,226091.0,32492.72,6207.7803,13164.33,1105.59,7244.16,70425.96,2151.4,509711.9,3418.3164
40432.38,799.13,20906.121,262143.0,33083.043,6652.0903,19512.91,1460.42,8102.16,73421.04,2153.7,576467.2,1477.4042
22563.45,248.06001,136.59001,2271.79,1648.5,540.08,261.67,64.39,1062.6001,3490.08,2154.9,3766.3447,16.30862
29317.26,695.51,37441.36,262143.0,52689.203,7605.08,15460.45,1326.16,5390.8804,116092.69,2155.0,1032411.25,3650.5498
74610.33,1070.74,35006.293,262143.0,50700.01,10002.471,19452.63,1754.97,9724.44,119334.6,2155.1,965266.5,1340.517
22612.17,350.11002,11724.761,141783.56,16500.701,3157.27,5810.17,586.36,2218.9202,37638.48,2155.1,323299.56,1481.5548
89663.94,2149.33,100798.71,262143.0,135224.11,22166.83,36489.95,3286.6301,14752.32,262143.0,2156.4,2779432.2,3213.298
91950.3,3793.12,114033.81,262143.0,164377.44,25457.55,59020.97,5081.33,20861.281,262143.0,2156.6,3144378.0,3544.9243
24520.08,419.19,1524.4701,21187.15,8302.16,2910.78,12595.78,1257.66,3740.8801,16613.521,2157.2,42035.867,176.7649
34631.22,621.72003,21388.111,259092.4,30677.8,3788.4102,9694.12,780.9,6143.2803,69253.805,2158.4,589757.6,1764.8495
9534.33,467.86002,314.0,4102.41,3100.75,967.12006,542.52,189.06,1025.64,4787.64,2158.9,8658.263,93.16477
23182.02,403.49002,587.18,7305.2104,2596.78,552.64,2250.91,175.36,1236.8401,6293.7603,2159.6,16190.951,71.421745
34180.56,882.34,2202.71,25680.49,4039.61,885.48004,363.05,72.61,976.80005,10857.0,2163.2,60737.71,183.25833
12832.5,111.47,84.78001,951.42004,774.01,155.43001,58.91,17.81,219.12001,1416.3601,2163.5,2337.7312,17.889965
50069.37,844.66003,32704.672,262143.0,44377.62,6162.25,11857.35,906.94,5910.9604,105204.01,2164.7,901801.44,1866.612
20684.25,428.61002,525.95,5863.95,1078.5901,42.390003,21.92,-38.36,384.12003,2323.2002,2165.4,14502.591,71.703224
40341.03,434.89,17982.781,217889.31,24485.72,2761.6301,6937.68,767.2,4730.8804,58416.6,2165.7,495858.75,1273.5558
52519.29,852.51,23722.701,262143.0,32009.16,5443.19,7733.65,550.74,3504.6,78517.56,2165.7,654131.8,1290.4996
38047.71,865.07,31721.852,262143.0,45655.6,6977.08,14389.11,1341.23,5264.16,106234.92,2167.3,874701.06,2382.8503
59541.06,1171.2201,43570.64,262143.0,61010.203,9668.061,15308.38,1452.2,7388.0405,140100.84,2168.4,1201420.5,2091.3115
141352.38,3009.6902,120902.56,262143.0,171704.62,28074.74,61755.49,5940.32,25536.72,262143.0,2168.6,3333777.5,2444.5774
28324.59,406.63,14553.9,178975.3,20273.41,3479.12,5397.8,576.77,3111.2402,48355.562,2170.5,401310.5,1468.1454
5027.73,188.40001,81.64,1499.3501,725.34,350.11002,206.87,115.08,370.92,1504.8,2170.9,2251.1482,45.428005
25512.75,518.10004,18888.67,227290.48,26401.121,4796.35,5600.56,464.43,4696.56,60858.6,2171.6,520837.78,2115.8647
20073.51,255.91,6341.23,76838.945,9267.71,982.82,2193.37,272.63,1705.4401,21638.762,2172.2,174853.61,902.2317
44043.75,805.41003,28847.182,262143.0,37475.902,5940.8804,9168.04,856.25,4048.4402,94731.125,2172.2,795434.6,1871.6995
33372.332,587.18,25245.602,262143.0,34076.85,4374.02,9790.0205,786.38,3822.7202,78843.6,2177.3,696124.4,2161.9585
20437.17,218.23001,1639.0801,21460.33,6714.89,2375.4102,10065.39,886.39,2579.28,13795.32,2180.3,45196.133,228.31285
89408.164,2480.6,46164.28,262143.0,71628.11,10360.431,22165.23,2013.9,10350.12,159221.05,2184.3,1272937.9,1475.3112
56918.01,1348.63,61193.89,262143.0,87337.53,12413.99,26319.07,2363.25,10556.04,191958.38,2184.7,1687365.5,3073.0247
24705.39,343.83002,200.96,3006.55,1241.87,298.30002,1786.48,169.88,2199.12,2645.28,2185.2,5541.2886,22.25771
49008.84,891.76,36040.92,262143.0,52519.64,8694.66,18495.0,1537.14,8624.88,122024.766,2186.2,993795.44,2101.6667
56030.61,1752.1201,67860.11,262143.0,90474.39,13087.5205,21566.541,1712.5,9999.0,213515.28,2188.3,1871180.5,3461.8862
49404.69,722.2,31315.22,262143.0,41873.473,6826.3604,8788.55,738.43,5744.64,100026.96,2188.7,863488.56,1811.3258
40818.66,719.06,28360.48,262143.0,40504.43,6626.97,11231.26,1169.98,4323.0,91581.6,2195.1,782014.3,1985.5697
75020.1,1380.03,42514.03,262143.0,64624.344,10016.601,31116.81,3231.83,10883.4,148233.36,2195.7,1172285.5,1619.3306
51616.23,3475.9802,102626.195,262143.0,155795.81,24686.682,54384.89,4830.62,19096.441,262143.0,2196.3,2829823.5,5683.875
8852.25,651.55005,442.74002,7196.8804,4950.21,1767.8201,1038.46,316.47,1529.88,7637.5205,2196.6,12208.151,142.00266
41429.4,756.74005,28919.4,262143.0,38315.85,5688.1104,10862.73,1023.39,4997.52,95384.52,2197.3,797426.0,1994.858
34692.99,833.67004,40531.12,262143.0,55777.39,9222.181,17155.14,1464.53,5099.16,127754.88,2199.9,1117608.6,3339.3804
40275.78,824.25,23688.16,262143.0,37945.332,7039.8804,17012.66,1363.15,5698.4404,81387.24,2200.6,653179.4,1680.6528
16993.71,240.21,6584.58,81972.84,9737.141,992.24005,1759.08,257.56,1541.76,22473.0,2201.6,181563.77,1106.8701
47054.82,686.09,21947.031,262143.0,33550.902,4521.6,11473.75,905.57,5880.6,76723.68,2201.9,605169.3,1332.5848
24969.0,361.1,9836.051,119954.28,13552.24,1855.7401,4749.79,412.37,2551.56,33500.28,2202.1,271220.1,1125.3376
97798.44,2417.8,93774.53,262143.0,137469.2,22633.121,50383.12,4337.42,15181.32,262143.0,2203.6,2585747.0,2740.587
27236.22,458.44,15527.301,191667.17,21813.58,3692.6401,6767.8,568.55,3644.5203,51107.76,2204.1,428151.12,1629.0396
89231.55,4518.46,136773.69,262143.0,192032.98,29454.771,58864.79,4799.11,24429.24,262143.0,2204.6,3771409.2,4381.6133
29310.3,411.34003,1585.7001,21190.291,7407.2603,2521.4202,7466.5,760.35,4060.32,14855.28,2205.5,43724.23,153.68556
10448.7,111.47,208.81001,2314.1802,703.36005,95.770004,36.99,-61.65,25.080002,1492.92,2206.8,5757.745,56.139713
20522.43,665.68,789.71,11840.94,4378.73,1628.0901,523.34,130.15,2039.4,10323.721,2209.5,21775.531,109.02411
26847.33,449.02002,10627.33,128807.516,15930.791,2673.7102,6389.68,432.92,2944.9202,35566.082,2210.0,293038.9,1130.8062
27134.43,384.65002,16169.431,197162.17,21077.25,2453.9102,3907.24,357.57,2583.24,49774.562,2210.0,445857.25,1702.8173
93252.69,4686.45,155475.53,262143.0,226733.12,36893.43,82147.94,7158.25,29850.48,262143.0,2212.4,4287095.5,4766.05
68142.75,1651.64,51742.492,262143.0,78452.91,11131.301,25053.19,2263.24,8859.841,168781.81,2212.6,1426751.9,2170.0842
36961.95,624.86005,23330.201,262143.0,33141.133,4265.69,8109.03,689.11,4514.4004,77560.56,2213.4,643308.94,1803.7314
48247.59,918.45,30365.371,262143.0,41644.25,6314.54,13526.01,1212.45,4984.3203,101296.805,2214.5,837297.3,1798.5005
27778.23,739.47003,2067.6902,25302.121,3265.6,766.16003,412.37,47.95,846.12006,9564.721,2214.9,57014.664,211.82855
52768.11,970.26,30561.621,262143.0,42065.01,6645.81,10111.97,1167.24,8009.7603,99617.766,2217.4,842708.75,1654.9752
64461.78,1266.99,51023.434,262143.0,69894.836,11176.83,23189.99,2008.42,7748.4004,162671.53,2217.8,1406924.5,2262.1658
22982.791,464.72,18865.121,229538.72,25583.15,3841.79,7230.86,591.84,3022.8,61777.324,2221.7,520188.47,2345.961
65052.51,1245.01,41303.562,262143.0,57392.92,7200.02,18184.01,1590.57,7349.7603,132415.81,2221.9,1138908.0,1814.4004
59712.45,1169.65,46911.6,262143.0,67455.055,10625.761,24069.53,1915.26,8220.96,153370.81,2222.1,1293544.5,2245.2825
47410.65,1494.64,39655.062,262143.0,60028.953,9941.24,24196.94,2411.2,11802.12,139402.56,2223.9,1093452.1,2390.5076
36695.73,574.62,18351.73,223850.61,25405.74,4096.1304,10395.56,879.54,4280.7603,61067.164,2225.8,506032.2,1428.9159
72215.22,1161.8,43550.23,262143.0,60112.16,8792.0,20613.02,1820.73,8973.36,140696.17,2225.8,1200857.8,1723.2916
12512.34,295.16,164.85,2574.8,739.47003,171.13,104.12,-13.7,254.76001,1533.8401,2226.3,4545.588,36.67033
33037.38,615.44,24843.682,262143.0,34598.09,4901.54,12573.86,1072.71,5261.52,81026.88,2226.6,685041.8,2149.1035
61686.48,2808.73,108959.57,262143.0,165474.86,28038.63,60114.23,5366.29,21599.16,262143.0,2227.9,3004460.5,5049.384
19101.72,554.21,91.060005,626.43,695.51,362.67,219.2,9.59,958.32007,1679.04,2229.2,2510.8962,12.630261
29325.09,769.30005,30759.441,262143.0,42309.93,6622.2603,11875.16,1179.57,5031.8403,98732.05,2230.2,848163.44,2998.08
26541.96,367.38,13009.0205,158150.81,18213.57,3059.9302,3883.95,269.89,2125.2002,43041.242,2230.3,358711.84,1400.3951
59315.73,1072.31,35789.723,262143.0,50459.8,8240.931,18133.32,1504.26,6815.16,115203.01,2231.4,986868.9,1724.1921
45067.742,973.4,30013.691,262143.0,43809.28,6637.9604,15006.98,1413.84,6086.52,97786.92,2235.2,827600.06,1903.1562
47810.85,923.16003,34442.66,262143.0,46384.082,7198.45,15424.83,1404.25,6473.2803,111748.56,2238.0,949724.9,2058.7725
53350.14,973.4,35904.332,262143.0,50601.1,8842.24,15215.22,1368.63,6082.56,115220.164,2239.6,990029.1,1923.2446
46517.16,695.51,19105.33,234988.19,28872.3,4064.7302,12771.14,1208.34,6182.8804,64617.96,2239.8,526812.0,1173.3306
24455.7,317.14,2106.9402,25970.941,7344.4604,2113.22,7619.94,1037.09,2259.84,14405.16,2240.5,58096.95,245.33217
164088.95,6884.45,200710.38,262143.0,262143.0,47142.39,92335.26,7551.44,40492.32,262143.0,2241.3,5534405.0,3496.353
78507.93,1452.25,53521.3,262143.0,73774.305,12456.381,23485.91,2123.5,10442.5205,171204.0,2244.4,1475800.9,1948.2257
46360.56,990.67004,33880.6,262143.0,47225.6,8113.7603,17207.2,1504.26,4523.64,109206.24,2245.2,934226.6,2088.5437
42819.66,703.36005,20461.81,251372.7,28247.441,4309.65,11694.32,945.3,5525.52,70931.52,2249.4,564215.7,1365.3118
27625.98,519.67004,1084.87,13128.341,3074.06,689.23004,258.93,204.13,1141.8,6733.3203,2252.9,29914.297,111.28171
65758.95,1114.7001,32737.64,262143.0,47869.3,6939.4004,19682.791,1693.32,6611.8804,109062.37,2255.5,902710.5,1422.4475
50096.34,893.33,29616.48,262143.0,42851.582,5600.1904,12469.74,1135.73,5136.12,98512.92,2255.8,816647.4,1689.3494
12330.51,89.490005,161.71,2278.07,942.00006,304.58002,194.54,52.06,524.04004,2261.1602,2256.2,4459.0054,36.49772
30157.68,456.87003,12597.681,156171.05,17795.951,2766.34,5475.89,408.26,3215.52,40579.44,2258.6,347369.53,1193.3777
65784.18,1654.78,75501.305,262143.0,106912.3,16772.31,33517.05,2812.61,10780.44,241208.89,2260.7,2081879.4,3280.5723
8042.2803,113.04,139.73001,1070.74,293.59,81.64,56.170002,24.66,211.20001,1030.92,2261.6,3852.9272,48.67747
39551.07,918.45,6845.2,82390.46,10184.591,1081.73,308.25,52.06,1206.4801,25189.56,2262.4,188750.14,493.85382
44643.18,725.34,34750.383,262143.0,47693.46,7837.4404,13478.06,1056.27,4398.24,108405.01,2264.3,958210.0,2224.6326
71205.15,1560.5801,46468.863,262143.0,64983.87,9317.95,15905.7,1261.77,5818.56,149905.81,2264.3,1281336.4,1864.9485
12907.32,406.63,18805.46,230394.38,32982.562,6165.39,17207.2,1570.02,5880.6,68732.41,2264.6,518543.38,4164.785
46222.23,1227.74,42763.66,262143.0,61445.094,9975.78,20241.75,1680.99,6000.72,138696.36,2265.4,1179168.8,2644.2878
22494.72,314.0,12132.96,147883.02,16450.46,2629.75,2594.78,165.77,2152.9202,39266.043,2269.6,334555.28,1541.1803
39760.74,827.39,22554.621,262143.0,35350.12,7515.5903,13064.32,1193.27,5027.8804,77596.2,2269.8,621923.06,1620.9225
48705.21,753.60004,31148.8,262143.0,47610.25,9030.641,20132.15,1674.14,7234.9204,105477.24,2270.1,858899.7,1827.5839
29252.88,651.55005,20962.64,250504.5,28844.041,3957.9702,11028.5,1082.3,4161.96,64838.402,2270.1,578025.6,2047.9263
84242.97,3468.1301,135035.7,262143.0,192574.64,29062.271,58931.92,5703.31,22517.88,262143.0,2270.3,3723486.0,4582.1484
4704.96,221.37001,5578.21,67668.57,7636.4805,968.69,113.71,21.92,337.92,18774.361,2270.7,153814.03,3388.908
11514.45,83.21,249.63,3127.4402,1175.93,226.08,491.83,64.39,596.64,2789.1602,2271.7,6883.319,60.987274
12785.5205,125.600006,273.18002,3207.51,866.64,238.64001,113.71,112.340004,480.48,2423.52,2272.5,7532.6895,60.091324
23241.18,379.94,11866.061,145845.16,15685.87,2570.09,3988.07,350.72,2291.52,38907.0,2274.2,327195.75,1458.8135
33735.99,503.97003,16734.63,204647.94,22945.55,3592.1602,8046.0103,820.63,3738.2402,55805.64,2275.1,461442.12,1417.3116
29765.31,464.72,12660.48,155521.06,17309.25,3673.8,6706.15,365.79,2389.2002,41285.64,2279.0,349101.16,1215.1544
4344.78,175.84001,135.02,1631.2301,579.33,229.22,193.17,105.49,315.48,1845.3601,2280.0,3723.0532,87.854485
25980.81,427.04,14924.421,181176.44,21000.32,3275.02,6048.55,624.72003,3177.2402,47427.6,2280.2,411527.25,1641.4562
16456.92,285.74002,816.4,9909.84,2117.9302,194.68001,68.5,30.14,339.24002,3536.28,2280.9,22511.484,140.84154
3485.22,200.96,119.32001,1953.0801,1643.79,576.19,106.86,6.85,421.08002,2141.04,2281.8,3290.1401,96.88859
20483.28,697.08,84.78001,1631.2301,838.38,194.68001,147.96,58.91,578.16003,2389.2002,2283.0,2337.7312,10.834311
4298.67,274.75,5096.22,61727.69,6176.3804,1033.06,-23.29,0.0,487.08002,17034.602,2283.5,140523.61,3388.714
16334.25,127.170006,252.77,3275.02,1050.3301,660.97003,26.03,106.86,459.36002,2918.52,2286.4,6969.902,43.246136
12790.74,174.27,299.87,4100.8403,1183.78,285.74002,108.23,-5.48,675.84,3148.2002,2286.4,8268.641,66.03264
10158.99,587.18,12701.301,151300.9,17158.531,2588.9302,235.64,52.06,867.24005,41296.203,2286.5,350226.75,3573.758
25903.38,469.43002,22008.26,262143.0,27845.521,4992.6,5277.24,513.75,2555.52,68768.04,2286.8,606857.6,2428.2837
40883.04,739.47003,24265.92,262143.0,33635.68,5251.6504,9728.37,1094.63,4337.52,76714.445,2287.0,669110.56,1696.0812
74561.61,1613.9601,72761.66,262143.0,100123.62,16450.46,28046.64,2296.12,10850.4,233213.66,2287.6,2006336.1,2789.2063
48198.0,604.45,948.28,13007.45,4622.08,1281.12,442.51,90.42,2096.1602,11150.04,2288.0,26147.955,55.254414
60137.01,1188.49,59159.17,262143.0,85461.38,12517.61,28258.99,2493.4,7815.72,190023.25,2290.3,1631260.0,2811.7378
33066.96,326.56,8790.431,108193.414,15952.7705,2910.78,9769.47,932.97003,6264.72,33884.402,2290.4,242388.08,759.0897
44646.66,1164.9401,49973.1,262143.0,72133.66,10748.221,22187.15,2144.05,6499.68,160690.2,2291.2,1377962.5,3199.3413
29783.58,430.18002,15977.891,196796.36,22126.01,3488.54,6045.81,506.9,2676.9602,50467.562,2291.8,440575.72,1532.8806
43734.9,888.62006,11321.2705,138927.73,18840.0,2846.4102,11538.14,1174.09,28823.521,55524.48,2292.2,312173.7,739.1437
35623.02,921.59,5983.27,71452.27,7427.6704,1405.15,338.39,63.02,1005.84,20252.762,2293.0,164983.2,479.23837
14335.86,111.47,51.81,1661.06,777.15,309.29,67.13,45.21,440.88,2575.32,2296.2,1428.6134,9.333295
4891.14,299.87,3934.4202,46489.273,5893.7803,1061.3201,75.35,-15.07,462.00003,13578.841,2298.2,108488.04,2298.9565
58492.71,1161.8,56355.152,262143.0,78463.89,11391.92,21652.85,2031.71,10859.641,183598.81,2298.3,1553941.8,2753.7417
21792.63,370.52002,11101.471,137646.61,14737.591,1554.3,3368.83,342.5,1957.56,37291.32,2300.3,306112.9,1455.5315
51985.11,1488.3601,70915.336,262143.0,100161.3,16046.971,28693.28,2434.49,7376.16,224089.81,2301.0,1955425.5,3899.4094
32712.0,472.57,21695.83,262143.0,32326.3,4705.29,9842.08,831.59,3603.6,71184.96,2302.5,598242.7,1895.3486
64130.31,1279.55,31632.361,262143.0,45913.082,7810.7505,22689.94,1993.35,10272.24,105953.766,2304.7,872233.44,1409.3187
30259.47,381.51,1629.66,20139.96,4268.83,918.45,272.63,87.68,1161.6001,10061.04,2306.4,44936.383,152.98721
36662.67,571.48004,22524.791,262143.0,29888.092,5402.37,7847.36,819.26,3837.2402,70043.164,2307.2,621100.5,1755.6516
4383.93,174.27,3259.32,39259.42,4848.16,792.85004,231.53,39.73,380.16,11796.841,2311.0,89872.766,2124.751
24998.58,370.52002,9013.37,109411.734,12845.74,2300.05,4315.5,356.2,2152.9202,30396.96,2312.1,248535.44,1029.9103
24842.85,610.73004,31238.291,262143.0,51660.85,9898.851,21996.72,2023.49,9174.0,113051.41,2314.0,861367.3,3594.2976
50254.68,874.49005,26123.23,262143.0,36227.75,6444.85,12594.41,1113.81,4926.24,86985.37,2314.6,720324.2,1485.2756
10632.2705,249.63,623.29004,10861.261,7355.45,1629.66,11755.97,1059.01,4077.4802,9287.5205,2315.3,17186.652,166.61511
31146.871,518.10004,20397.441,250207.77,29902.22,4843.45,10920.2705,963.11,4305.8403,66137.28,2317.6,562440.8,1871.4503
15872.28,224.51001,1241.87,14392.19,3297.0,637.42004,2122.1301,131.52,2014.3201,8842.681,2318.8,34243.43,222.71022
29018.85,483.56003,21022.3,256120.39,30268.031,5256.3604,9487.25,758.98,3290.76,67148.41,2320.9,579670.7,2070.3286
45842.91,1051.9,39551.44,262143.0,54513.543,8275.471,16638.65,1326.16,5699.7603,128542.92,2322.7,1090594.9,2465.8296
18520.56,353.25,17525.91,210009.48,25065.05,3939.1301,7937.78,674.04,2057.8801,56156.76,2322.8,483260.94,2704.6738
18683.25,227.65001,466.29,5516.98,1516.62,405.06003,163.03,134.26,537.24005,3564.0002,2322.9,12857.5205,70.35965
37675.35,665.68,23454.23,262143.0,32181.861,5815.2803,9159.82,858.99,3701.28,76076.88,2324.1,646728.94,1778.9707
5206.08,320.28,8341.41,98742.016,11016.69,1442.8301,120.56,8.22,580.80005,26740.56,2324.3,230006.75,4580.1826
19308.78,362.67,403.49002,5030.2803,1281.12,116.18,124.67,-2.74,605.88,2720.52,2324.4,11125.868,58.748497
70244.67,1504.06,43832.832,262143.0,69003.07,12572.561,28021.98,2689.31,11913.0,151995.36,2324.6,1208650.2,1783.1655
52554.09,739.47003,27175.13,262143.0,37678.43,5675.5503,11814.88,974.07,5232.48,88156.2,2325.2,749329.4,1477.4755
51225.6,1260.7101,24305.17,262143.0,33004.543,5011.44,8366.59,656.23,4876.08,80582.05,2327.3,670192.8,1355.6273
48358.95,695.51,32112.781,262143.0,42926.94,6962.95,11832.69,1008.32,4557.96,104302.445,2327.4,885480.56,1897.6725
27719.07,317.14,5303.46,63065.332,6955.1,885.48004,258.93,16.44,737.88,18651.602,2327.8,146238.06,546.0533
93912.15,2069.26,78049.414,262143.0,109750.85,16715.791,37039.32,3144.15,16451.16,252802.45,2328.3,2152141.2,2375.276
44632.742,763.02,25190.65,262143.0,34642.05,4824.6104,6729.44,554.85,3495.36,80060.64,2329.6,694609.1,1612.7446
42458.61,693.94,20764.82,255585.02,27809.41,4005.07,7292.5103,611.02,4881.3604,68455.2,2330.1,572570.94,1397.3356
20858.25,491.41,13831.7,167685.42,18763.07,2761.6301,5401.91,435.66,2270.4001,44703.12,2330.4,381396.47,1895.0365
24745.41,775.58,23031.9,262143.0,34108.25,6388.33,15822.13,1579.61,5442.3604,74694.84,2331.2,635083.56,2660.2402
30716.22,456.87003,14211.641,173164.72,19050.38,2975.1501,6700.67,532.93,4111.8003,47799.844,2334.4,391873.0,1321.8951
51094.23,979.68005,29990.14,262143.0,40871.812,6583.0103,12949.24,1230.26,6021.8403,98726.766,2335.7,826950.7,1677.246
40046.97,356.39,400.35,6309.83,3251.4702,921.59,1437.13,126.04,1539.1201,7291.68,2335.8,11039.285,27.58375
24559.23,574.62,2260.8,30822.24,9956.94,2730.23,10146.22,793.23,5673.3604,19570.32,2339.5,62339.492,262.20636
3315.57,224.51001,4480.7803,52830.5,6670.93,719.06,87.68,-15.07,530.64,15698.761,2339.8,123553.414,3863.065
48660.84,642.13,26360.3,262143.0,35629.582,4262.5503,9255.72,723.36,4560.6,82317.84,2339.8,726861.2,1547.8871
18407.46,227.65001,719.06,9675.91,1623.38,306.15002,1431.65,112.340004,1611.7201,3747.4802,2339.9,19827.422,110.691536
58999.05,843.09,28889.57,262143.0,37653.312,6264.3003,11069.6,983.66,6105.0,93248.766,2341.8,796603.5,1399.0549
44752.8,684.52,20253.0,248766.52,27749.75,3849.6401,9605.07,1159.02,6202.68,68181.96,2346.4,558457.94,1292.9519
12647.19,53.38,152.29001,2130.49,747.32,372.09003,90.42,47.95,501.6,1956.2401,2347.5,4199.258,33.429157
16456.05,373.66,194.68001,2753.78,604.45,78.5,87.68,49.32,384.12003,1683.0001,2350.6,5368.123,32.82554
13664.22,172.70001,288.88,3136.86,1376.89,416.05002,23.29,23.29,670.56,3112.56,2351.0,7965.602,59.447964
128469.42,4640.92,183548.7,262143.0,262143.0,41953.543,99538.72,8561.13,38653.562,262143.0,2353.0,5061187.5,4084.0798
21346.32,342.26,13481.591,166832.92,19232.5,2855.83,5745.78,420.59,2133.12,43542.84,2358.5,371742.53,1804.7894
12765.51,169.56001,135.02,1332.93,456.87003,326.56,71.24,9.59,484.44003,1642.0801,2360.1,3723.0532,29.241892
62719.17,1226.17,41994.363,262143.0,57281.453,8934.87,16824.97,1411.1,7054.08,136008.84,2361.0,1157956.1,1913.4308
15350.28,329.7,508.68002,5328.58,976.54004,288.88,49.32,46.58,328.68002,2453.8801,2362.6,14026.387,93.7496
34338.03,2059.84,45269.383,262143.0,67447.2,12294.671,23842.11,2208.44,12282.601,152891.64,2363.8,1248261.9,3768.452
116711.37,6741.58,262143.0,262143.0,262143.0,62460.883,119155.75,10506.53,40889.64,262143.0,2365.4,7228353.5,6421.056
27298.86,464.72,17122.42,206883.61,23907.96,4248.42,10573.66,863.1,4106.52,57299.883,2366.7,472135.06,1792.3689
80341.89,1389.4501,67268.22,262143.0,92300.305,14866.33,28967.28,2279.68,11237.16,211648.81,2367.2,1854859.6,2392.96
11328.2705,149.15001,94.200005,1103.7101,646.84,276.32,209.61,31.51,348.48,1259.28,2367.3,2597.479,22.775864
38056.41,1706.5901,12534.881,152534.92,20075.59,3766.4302,8387.14,689.11,2993.76,46313.523,2367.4,345637.88,940.7625
43573.082,1067.6,20165.08,243447.34,31082.861,5240.66,9739.33,856.25,4037.8801,70972.445,2369.5,556033.6,1322.2157
14595.12,142.87001,638.99005,7854.7104,1502.49,439.6,189.06,13.7,711.48004,4812.72,2369.6,17619.566,124.180145
64275.6,1343.92,58221.883,262143.0,80299.23,12676.181,25397.06,2096.1,8228.88,182523.0,2370.5,1605415.1,2588.9363
16628.31,328.13,968.69,11456.29,2468.04,626.43,235.64,126.04,410.52002,4891.9204,2371.1,26710.74,165.56575
52647.18,960.84,23614.371,262143.0,32261.932,5375.68,13490.39,1333.01,5367.12,78615.24,2372.4,651144.7,1281.479
51380.46,855.65,29674.57,262143.0,41424.453,6232.9004,12695.79,1143.95,4964.52,96869.52,2373.6,818249.1,1650.3359
60267.51,1766.25,90041.07,262143.0,123946.8,18015.75,29476.92,2653.69,10018.801,262143.0,2374.8,2482800.2,4270.756
20110.05,237.07,1177.5,14715.61,4455.66,1902.8401,3562.0,435.66,1969.4401,10792.32,2375.2,32468.486,166.41592
49150.65,1036.2001,57546.78,262143.0,75793.32,11387.21,15439.9,1312.46,5204.7603,178755.73,2377.4,1586799.9,3346.6555
15530.37,260.62,582.47003,7873.5503,4520.0303,1643.79,7917.23,890.5,1877.04,7333.9204,2377.9,16061.078,106.236046
14525.5205,152.29001,513.39,5948.73,2983.0,789.71,3200.32,267.15,1630.2001,5575.68,2380.1,14156.26,100.0566
34517.25,601.31,22251.611,262143.0,28270.99,5451.04,6771.91,587.73,4216.08,72148.56,2380.5,613567.8,1842.2076
35913.6,868.21,39951.793,262143.0,55661.21,8316.29,17016.77,1576.87,5874.0,127205.766,2380.6,1101634.1,3179.7263
35498.61,874.49005,15338.9,191075.28,30220.932,5962.8604,17829.18,1654.96,5415.9604,59603.28,2382.4,422956.16,1234.4691
28602.121,579.33,3789.9802,45906.8,6501.37,1260.7101,63.02,84.94,715.44,14300.881,2386.1,104505.234,377.8678
32602.38,671.96,20212.182,247003.39,27371.38,4455.66,7629.53,674.04,4557.96,65008.684,2388.4,557332.44,1771.6088
9456.9,364.24002,11650.971,138938.72,14495.811,2312.61,83.57,47.95,525.36005,35979.242,2390.6,321264.84,3521.5913
63701.4,1430.27,53730.113,262143.0,75124.5,11829.95,24218.86,2222.14,11800.801,176975.05,2391.5,1481558.8,2410.6694
27814.77,381.51,12808.061,155353.08,17527.48,2097.52,5044.34,538.41,2574.0,42068.402,2392.1,353170.56,1315.6093
24894.18,262.19,794.42004,10559.82,3166.6902,978.11005,2416.68,190.43001,1309.4401,7377.4805,2392.6,21905.406,90.24338
7101.81,364.24002,6225.0503,72926.5,8846.95,1381.6001,63.02,28.77,660.0,20994.602,2394.2,171650.06,2505.2407
38859.42,1155.52,229.22,4064.7302,2347.1501,489.84003,2413.94,320.58,817.08,3788.4001,2394.6,6320.5317,15.865732
7237.5303,76.93,84.78001,1626.52,527.52,335.98,34.25,15.07,217.8,1403.16,2394.8,2337.7312,32.492847
7764.75,92.630005,58.09,513.39,307.72,36.11,65.76,76.72,64.68,785.4,2395.0,1601.7786,20.390594
36714.87,590.32,21447.771,260877.48,28774.96,4441.5303,6448.59,542.52,2859.12,69161.41,2395.8,591402.7,1669.2797
46635.48,1708.16,55042.633,262143.0,82238.17,12884.99,18558.02,1686.47,7019.7603,178069.33,2397.2,1517750.2,3373.673
25487.52,806.98004,365.81,3788.4102,1158.66,373.66,205.5,60.28,605.88,2811.6,2398.5,10086.876,40.037132
12602.82,485.13,6.28,59.660004,-135.02,-87.920006,-58.91,16.44,112.200005,77.880005,2401.7,173.16527,0.42475736
16206.36,370.52002,185.26001,3782.1301,3954.83,1463.24,868.58,317.84,1277.76,4973.7603,2402.1,5108.3755,31.684753
3461.73,230.79001,4752.39,56812.023,6148.12,915.31006,79.46,26.03,299.64,15742.32,2403.5,131042.81,3924.2551
51030.72,1155.52,47180.07,262143.0,67414.234,10416.95,17044.17,1508.37,6549.8403,149645.77,2406.6,1300947.2,2642.479
21774.36,637.42004,254.34001,3392.77,1070.74,527.52,158.92,21.92,531.96,3117.84,2407.0,7013.1934,32.397835
52841.19,758.31,29495.592,262143.0,40725.8,6848.3403,10933.97,1111.07,4975.08,91827.125,2407.2,813313.94,1595.0022
23599.621,401.92,7707.1304,93404.016,9642.94,1832.1901,2233.1,253.45,2519.8801,24653.64,2408.4,212517.06,932.763
21445.5,370.52002,461.58002,4973.7603,2772.62,865.07,2955.09,390.45,871.2,4270.2,2408.7,12727.646,60.54033
32505.81,270.04,643.7,7956.7603,2924.9102,1194.77,687.74,175.36,1722.6001,7917.3604,2409.1,17749.44,55.620216
31025.07,546.36005,14140.99,173211.83,18584.09,2917.06,5575.9,508.27,2716.56,46481.16,2409.5,389924.88,1302.215
160242.69,5045.98,102068.84,262143.0,146203.11,25912.852,59501.84,5336.15,75236.05,262143.0,2410.7,2814455.0,1820.2266
66621.12,1982.91,69910.53,262143.0,97759.195,15927.65,26910.91,2326.26,11179.08,228043.2,2410.8,1927719.0,2999.4036
31657.56,843.09,588.75,7396.27,2208.99,411.34003,354.83,127.41,825.00006,4763.8804,2411.1,16234.243,52.174385
29435.58,535.37,13767.33,167236.4,17758.271,2617.1902,5045.71,464.43,3078.2402,44056.32,2413.2,379621.53,1336.2916
18231.72,244.92001,343.83002,4655.0503,1659.4901,361.1,83.57,1.37,538.56,3624.7202,2413.5,9480.798,52.92189
24607.95,381.51,14553.9,178871.67,19646.98,2552.82,3056.47,298.66,2447.28,45529.44,2414.6,401310.5,1690.0364
61292.37,1325.0801,49688.934,262143.0,71791.39,11938.28,25968.35,1905.67,8071.8003,160543.69,2416.2,1370126.9,2316.9402
22651.32,555.78,24774.602,262143.0,33736.16,4914.1,8885.82,804.19,3157.4402,79431.0,2417.5,683137.0,3126.2468
37338.66,494.55002,379.94,5973.85,2706.6802,1166.51,338.39,109.6,1457.28,5859.4805,2418.5,10476.498,28.094126
125748.93,4882.7,196160.52,262143.0,262143.0,43481.152,89088.36,8140.54,36631.32,262143.0,2420.1,5408947.0,4459.22
51542.28,1155.52,44487.523,262143.0,65211.523,11278.881,23016.0,2053.6301,9015.601,146267.89,2427.7,1226702.8,2466.8774
54520.29,1381.6001,50918.242,262143.0,69376.734,12387.301,19375.91,1946.77,7035.6,159867.84,2427.9,1404024.0,2669.326
24164.25,384.65002,11233.351,136195.94,16155.301,2267.08,4022.32,260.3,1549.68,36484.8,2429.1,309749.38,1328.1837
29602.621,1449.1101,31224.16,262143.0,54117.902,9820.351,29659.13,2101.58,7316.7603,112687.086,2429.5,860977.6,3014.8489
70411.71,1252.86,41449.57,262143.0,53786.633,7931.64,11690.21,957.63,8220.96,133288.33,2430.6,1142934.0,1682.1552
3052.83,39.25,18.84,7.8500004,64.37,-43.960003,-42.47,104.12,-31.68,-129.36,2432.8,519.4958,16.64523
11595.36,229.22,109.9,1613.9601,638.99005,456.87003,110.97,-53.43,283.80002,1404.4801,2434.7,3030.392,26.099575
30299.49,770.87006,149.15001,2515.1401,1422.42,425.47,337.02,50.69,660.0,2919.84,2435.1,4112.6753,13.07463
31106.85,350.11002,10445.21,129506.164,16061.101,2117.9302,4589.5,269.89,3867.6,37548.723,2435.9,288017.12,959.08606
30428.25,855.65,34335.902,262143.0,47352.773,7669.45,15476.89,1215.1901,5153.2803,107620.92,2437.8,946781.1,3225.417
19030.38,138.16,163.28,2067.6902,1152.38,335.98,79.46,-4.11,561.0,2772.0,2438.1,4502.2964,23.532085
17898.51,400.35,998.52,11423.32,1761.54,282.6,156.18001,69.87,487.08002,4418.04,2439.3,27533.275,158.51036
30313.41,693.94,28104.57,262143.0,41099.46,6892.3003,13013.63,1167.24,4819.3203,92711.52,2440.9,774957.8,2649.8867
6371.0103,80.07,15.700001,-69.08,62.800003,-37.68,-34.25,52.06,59.4,77.880005,2441.1,432.91315,6.045963
20069.16,411.34003,5146.46,63380.902,11366.801,2457.05,11344.97,1011.06,2739.0,23622.72,2442.3,141908.92,732.20996
3067.62,39.25,20.41,-51.81,7.8500004,69.08,21.92,-17.81,79.200005,-46.2,2443.9,562.78705,18.023499
19762.92,262.19,7672.5903,95116.88,10399.681,1890.28,3630.5,297.29,2049.96,25906.32,2448.4,211564.66,1109.0432
9753.57,244.92001,65.94,1091.15,270.04,169.56001,113.71,100.01,212.52,1264.56,2448.8,1818.2352,18.33011
10950.69,83.21,78.5,1120.98,830.53,189.97,239.75,-75.35,549.12,1924.56,2449.8,2164.5657,19.49638
5141.7,81.64,97.340004,1381.6001,1705.02,673.53,320.58,71.24,413.16,1316.04,2452.4,2684.0615,53.12945
28634.31,489.84003,27644.56,262143.0,39574.992,6069.62,10986.03,1078.1901,6217.2,90159.96,2454.2,762273.5,2759.3997
32587.59,631.14,28715.3,262143.0,40849.832,5874.9404,14872.72,1063.12,7326.0005,95071.69,2454.4,791798.1,2518.4753
50383.44,1055.04,39815.203,262143.0,55967.363,8545.511,16071.47,1475.49,6178.9204,125937.24,2454.8,1097867.8,2258.4883
29612.19,599.74,28377.75,262143.0,46845.66,6981.79,23384.53,1742.64,6127.4404,92567.64,2456.5,782490.5,2739.037
41614.71,912.17004,400.35,7222.0,2869.9602,671.96,4881.31,495.94,4688.64,9129.12,2458.2,11039.285,26.50692
15963.63,155.43001,477.28003,6204.64,1455.39,444.31003,137.0,-21.92,510.84003,3449.1602,2459.1,13160.561,84.48514
27666.871,381.51,1212.04,17306.111,6738.4404,1981.3401,3772.98,478.13,2687.52,12273.36,2459.1,33420.895,124.25813
14849.16,276.32,17.27,514.96,660.97003,174.27,98.64,58.91,366.96002,905.52,2459.8,476.20447,2.325366
15686.97,188.40001,141.3,1570.0,628.0,111.47,1024.76,163.03,1004.52,1770.1201,2461.3,3896.2183,24.75444
13587.66,458.44,284.17,2981.4302,841.52,91.060005,73.98,43.84,442.2,2123.8801,2461.9,7835.728,58.797436
16143.72,189.97,295.16,3568.61,621.72003,58.09,123.3,23.29,347.16,2212.32,2465.1,8138.767,51.276066
40790.82,690.80005,24749.48,262143.0,33786.402,4483.92,10255.82,794.6,4383.72,83779.086,2470.0,682444.3,1733.813
26373.18,397.21002,13366.98,161482.36,17202.49,2647.02,4481.27,430.18,2624.1602,43517.76,2471.5,368582.25,1448.1715
11317.83,227.65001,53.38,1618.67,405.06003,117.75001,882.28,76.72,937.2,1102.2001,2475.4,1471.9047,12.485416
3331.23,180.55,4446.24,52653.09,5518.5503,1142.9601,72.61,-4.11,340.56003,15028.2,2479.5,122601.01,3815.2542
38472.27,505.54,2122.6401,25843.771,4725.7,857.22003,357.57,131.52,1323.9601,11996.16,2479.5,58529.86,156.75298
15087.54,213.52,3118.02,38697.36,4341.0503,563.63,1160.39,95.9,1268.52,10835.881,2480.0,85976.55,589.8938
5009.46,224.51001,98.91,1747.41,1403.5801,279.46002,284.96,91.79,323.40002,2105.4001,2480.6,2727.3528,55.454468
34594.68,533.8,10845.561,132095.1,15638.7705,2447.6301,5655.36,500.05,3302.6401,37187.043,2481.5,299056.4,895.379
66055.62,1116.27,29646.31,262143.0,40526.41,6513.93,17407.22,1406.99,7159.68,96730.92,2481.6,817469.9,1282.2458
14740.41,128.74,434.89,6181.0903,1697.17,872.92004,2697.53,315.1,793.32,4531.56,2482.1,11991.694,83.35656
24888.96,442.74002,180.55,2632.8901,1141.39,502.40002,110.97,26.03,753.72003,3438.6,2484.1,4978.501,19.741478
31389.6,607.59,12169.07,151454.77,24468.451,4772.8003,20312.99,1674.14,7030.3203,50724.96,2485.4,335550.97,1107.4614
21100.98,287.31,9030.641,110966.03,12059.17,1362.76,3372.94,282.22,1429.56,29871.602,2485.6,249011.66,1222.6718
58070.76,1066.03,40573.51,262143.0,55932.82,9112.28,19401.94,1619.34,7677.12,133170.84,2487.8,1118777.5,1996.7175
22822.71,428.61002,19175.98,233126.17,27732.48,6515.5,9261.2,922.01,3779.1602,65254.203,2488.6,528760.1,2401.367
32519.73,612.30005,27181.41,262143.0,36099.01,5537.39,10187.32,953.52,5509.68,87666.484,2489.0,749502.5,2388.8687
32896.44,1563.7201,4162.0703,54132.03,16665.55,4304.94,26042.33,2316.67,7194.0005,31004.162,2489.0,114765.28,360.7508
59165.22,1380.03,65296.3,262143.0,91596.945,14772.131,32801.91,2685.2,12794.761,213458.53,2494.3,1800485.8,3154.5212
40101.78,525.95,20417.852,249066.38,27867.5,5344.2803,9279.01,752.13,4453.68,67288.32,2494.4,563003.56,1454.7787
12653.28,595.03,331.27002,6333.3804,3637.6902,1557.4401,732.95,228.79,1467.8401,7893.6,2494.8,9134.468,73.85624
43323.39,1331.36,44272.43,262143.0,70296.75,13334.011,33358.13,3008.52,12206.04,152801.89,2495.9,1220771.8,2920.8635
28740.45,342.26,14513.08,178226.4,20866.871,3755.4402,7154.14,446.62,2241.36,46735.92,2496.3,400184.9,1442.8267
23677.05,412.91,8543.94,106902.875,11875.48,1916.9701,2372.84,150.7,2728.4402,29108.64,2496.7,235591.34,1030.7622
30871.95,637.42004,27743.47,262143.0,38816.68,6400.89,13273.93,1226.15,5217.9604,90614.05,2496.9,765000.8,2568.483
22243.291,337.55002,8393.221,104092.57,10968.0205,1040.91,2915.36,263.04,1446.7201,27489.002,2497.1,231435.39,1077.8936
22178.91,353.25,11250.62,135585.2,16794.291,2618.76,7832.29,593.21,1632.8401,37484.043,2498.3,310225.56,1449.3916
43130.25,868.21,38477.562,262143.0,53464.78,6854.62,14149.36,1400.14,5594.16,123801.484,2498.5,1060983.6,2549.7893
38525.34,803.84,22965.96,262143.0,31476.932,5171.58,11303.87,779.53,5082.0,76005.6,2499.0,633265.4,1703.4612
18895.53,211.95001,133.45,2169.74,932.58,480.42,934.34,84.94,1207.8,2782.56,2500.2,3679.7615,19.193356
45157.35,849.37006,27190.83,262143.0,38600.02,5845.1104,11492.93,1156.28,4439.16,87436.805,2501.1,749762.25,1720.6426
20418.03,257.48,8813.98,110195.164,12768.811,2902.9302,3745.58,215.09,1729.2001,30253.082,2501.4,243037.45,1233.2617
29577.39,461.58002,12244.431,150173.64,17149.111,2585.79,6332.14,541.15,3544.2002,41407.082,2504.8,337628.97,1182.662
12759.42,219.8,70.65,1279.55,384.65002,69.08,709.66,24.66,974.16003,1544.4,2506.5,1948.1091,14.831798
14977.05,130.31,1058.18,12673.04,2895.08,775.58,1187.79,101.38,996.60004,6231.72,2506.5,29178.348,201.01439
34039.62,891.76,24410.361,262143.0,41871.902,7218.8604,14615.16,1415.21,7332.6,91700.41,2506.8,673093.4,2049.3994
6664.2,467.86002,296.73,4198.18,2431.9302,1058.18,694.59,227.42,939.84,5033.16,2508.5,8182.0586,126.309975
7818.69,106.76,-61.230003,284.17,285.74002,83.21,-46.58,75.35,289.08002,670.56,2509.2,-1688.3613,-23.3913
14938.7705,461.58002,458.44,4284.5303,1072.31,310.86002,137.0,4.11,347.16,2893.4402,2511.0,12641.063,86.74384
29232.0,342.26,819.54004,11715.341,7476.3403,2051.99,12847.86,1289.17,3050.52,10886.04,2514.3,22598.066,79.16054
54215.79,1369.04,35003.152,262143.0,51678.12,7850.0005,20451.36,1934.4401,7122.72,116095.33,2515.1,965179.9,1844.9943
50579.19,852.51,37102.242,262143.0,53141.363,8190.6904,19252.61,1626.1901,6788.7603,118456.805,2516.2,1023060.4,2096.3806
35714.37,1070.74,37857.41,262143.0,52640.53,8317.86,16245.46,1565.91,5553.24,119124.73,2520.4,1043883.44,3029.797
49482.12,879.2,27401.21,262143.0,37637.61,6426.0103,11798.44,1179.57,6960.3604,88356.84,2524.3,755563.3,1582.3263
19086.06,157.0,949.85004,12344.91,3238.9102,555.78,4801.85,330.17,2376.0,7509.4805,2524.9,26191.246,141.29437
27476.34,880.77,43938.02,262143.0,61875.273,9823.49,20796.6,1591.9401,6227.7603,136148.77,2525.8,1211550.8,4571.257
25614.541,527.52,25451.271,262143.0,37078.69,6338.0903,14938.48,1439.87,6139.3203,83606.164,2526.6,701795.5,2840.0044
10538.31,92.630005,87.920006,869.78,445.88,237.07,36.99,38.36,374.88,1331.88,2527.1,2424.3137,22.85425
49447.32,838.38,25010.102,262143.0,39223.312,5549.95,16697.56,1530.29,7377.4805,89364.0,2527.6,689630.7,1445.1777
59148.69,1205.76,51648.293,262143.0,72733.39,10792.181,24944.96,2307.08,10326.36,170419.92,2527.8,1424154.4,2495.6624
11907.69,87.920006,568.34,7740.1,2000.18,445.88,245.23,98.64,781.44,4744.08,2528.1,15671.456,135.46764
23190.72,229.22,1089.5801,13790.881,3689.5002,872.92004,206.87,54.8,1364.88,8195.88,2529.5,30044.174,133.33646
22229.371,543.22003,367.38,4688.02,956.13,276.32,124.67,42.47,514.80005,3111.2402,2530.8,10130.168,46.253864
26579.371,555.78,183.69,3417.8901,1075.4501,189.97,121.93,52.06,471.24002,2736.36,2531.1,5065.084,18.760132
37413.48,682.95,17905.852,220406.03,31321.502,5221.8203,19452.63,1502.89,5413.3203,65020.562,2531.5,493737.47,1367.4088
7928.31,403.49002,8076.08,94449.63,10429.511,1774.1001,150.7,73.98,696.96,26921.4,2531.8,222690.52,2911.5205
45894.242,876.06006,32648.15,262143.0,45146.92,7178.04,16083.8,1516.59,8228.88,110901.125,2534.2,900242.9,2032.9926
10822.8,252.77,1150.81,14417.311,4306.5103,860.36005,7887.09,711.03,1775.4,8401.801,2536.3,31732.535,303.02762
74949.63,1573.14,58025.633,262143.0,82613.41,11614.86,23727.03,2116.65,9609.601,181439.28,2536.5,1600003.8,2212.601
80511.54,3025.3901,67707.82,262143.0,99007.34,16616.88,39399.832,3842.85,15784.561,226387.92,2540.2,1866981.2,2403.5273
32092.56,615.44,23083.71,262143.0,31420.41,5399.23,8733.75,780.9,3598.32,73964.88,2541.8,636512.2,2055.602
27228.39,648.41003,15571.261,191357.89,21953.31,3378.6401,8628.26,868.58,3523.08,52797.363,2542.1,429363.28,1634.1244
63498.69,1411.43,50313.793,262143.0,68522.65,11208.23,21034.98,1739.9,8690.88,163822.56,2543.5,1387356.9,2264.5378
10172.91,56.52,171.13,1336.0701,923.16003,401.92,165.77,23.29,314.16,1776.7201,2545.3,4718.7534,47.098324
6333.6,59.660004,-29.830002,-12.56,-9.42,-26.69,20.55,21.92,11.88,-162.36,2546.2,-822.53503,-14.466404
29056.26,525.95,16960.71,206338.83,23144.941,3006.55,3177.03,257.56,3046.56,52798.684,2546.8,467676.1,1667.9885
4913.7603,45.530003,-3.14,111.47,-36.11,-6.28,-57.54,23.29,-76.560005,87.12,2547.0,-86.582634,-2.8271098
44544.87,766.16003,324.99002,6382.0503,1965.64,395.64,4153.84,312.36002,3475.56,5525.52,2548.0,8961.303,19.860336
3459.12,127.170006,94.200005,1855.7401,1417.7101,612.30005,341.13,143.85,442.2,1906.0801,2548.6,2597.479,76.86356
32952.99,472.57,524.38,7063.43,2055.1301,598.17004,580.88,106.86,1355.64,4927.56,2549.0,14459.299,44.49884
14930.07,146.01001,186.83,3507.3801,1783.52,624.86005,1223.41,120.56,693.0,3211.56,2549.1,5151.6665,34.77946
31721.07,797.56,45234.84,262143.0,60066.633,8077.6504,8804.99,758.98,5245.68,144785.53,2549.1,1247309.4,4076.3147
100173.54,6834.2104,225389.2,262143.0,262143.0,54769.453,120442.18,10768.2,46239.6,262143.0,2549.2,6214901.0,6432.23
5428.8,182.12001,108.33,2521.4202,1420.8501,704.93005,239.75,112.340004,479.16003,2720.52,2550.1,2987.1006,56.055027
46464.09,613.87,15787.921,195245.2,24322.441,3866.9102,9733.85,987.77,5606.04,53906.164,2551.2,435337.47,970.5306
31866.36,452.16,368.95,4808.91,2072.4001,398.78,369.9,1.37,1231.56,5158.56,2551.8,10173.459,32.104275
55302.42,1066.03,36690.902,262143.0,49564.902,7360.16,15846.79,1370.0,6347.8804,117242.41,2553.5,1011718.06,1895.982
9654.39,353.25,146.01001,2350.29,1350.2001,720.63,264.41,93.16,729.96,3583.8,2553.5,4026.0925,42.242104
13612.89,290.45,277.89,3177.6802,830.53,171.13,138.37,21.92,417.12003,1782.0001,2553.9,7662.563,57.36757
19511.49,194.68001,109.9,1915.4,701.79004,331.27002,1516.59,176.73,1650.0001,3203.6401,2555.3,3030.392,15.1048355
88640.82,2017.4501,77028.914,262143.0,105028.3,15828.74,27638.38,2576.97,13164.36,252584.66,2556.6,2124001.8,2483.6714
31216.47,467.86002,21596.92,262143.0,27991.531,3907.7302,5740.3,654.86,3602.28,67038.84,2557.0,595515.3,1977.1399
59429.7,1474.2301,65721.77,262143.0,91950.195,14779.98,27363.01,2315.3,9337.681,204904.92,2558.0,1812217.8,3160.948
31374.81,428.61002,395.64,5978.56,1587.27,368.95,21.92,78.090004,578.16003,4311.12,2559.4,10909.411,35.055214
15332.88,233.93001,91.060005,1570.0,880.77,197.82,1211.08,90.42,897.60004,2126.52,2560.6,2510.8962,15.980597
59117.37,1288.9701,36152.39,262143.0,49239.91,8554.931,18407.32,1645.37,6636.9604,117181.69,2561.2,996869.1,1747.5212
12009.48,205.67001,822.68005,12170.641,4563.99,1543.31,5297.79,478.13,2193.84,8812.32,2561.7,22684.65,194.86452
51816.332,1240.3,30585.172,262143.0,40975.43,6805.95,10698.33,1049.42,4571.16,101333.766,2562.0,843358.1,1686.6923
10324.29,81.64,48.670002,1188.49,491.41,351.68002,97.27,-35.62,256.08002,1056.0,2564.6,1342.0308,12.478766
18543.18,296.73,4920.3804,59616.043,7361.7305,1246.5801,2712.6,228.79,2187.24,16624.08,2564.7,135674.98,757.6884
17085.06,189.97,469.43002,5309.74,1546.4501,571.48004,152.07,-30.14,559.68,2913.2402,2564.8,12944.104,77.56033
31766.31,511.82,18304.63,224798.89,26007.05,4262.5503,7495.27,728.84,3168.0002,58383.6,2565.2,504733.44,1646.5674
15325.92,315.57,94.200005,1841.6101,582.47003,274.75,187.69,87.68,359.04,1776.7201,2565.4,2597.479,16.574112
15099.72,125.600006,381.51,4629.93,1207.3301,257.48,73.98,-53.43,380.16,3302.6401,2565.5,10519.789,71.24138
33451.5,577.76,22212.361,262143.0,30516.092,5191.99,10174.99,898.72003,3788.4001,70645.086,2566.9,612485.56,1897.5768
67451.1,1249.7201,46347.973,262143.0,67227.4,11035.53,23555.78,1934.4401,10280.16,157204.1,2568.1,1278003.0,1963.6749
26888.22,488.27002,16860.23,206222.64,23218.73,3895.1702,4060.68,345.24,2273.04,55158.844,2568.9,464905.44,1791.8767
42472.53,660.97003,21694.26,262143.0,31175.49,4750.8203,8021.35,785.01,4663.56,70843.086,2569.5,598199.4,1459.4465
25788.541,485.13,9804.65,120470.81,12943.08,1645.3601,1593.31,35.62,3008.28,33146.52,2571.1,270354.25,1086.062
21549.03,387.79,3496.3901,44090.312,10806.311,2752.2102,13750.69,1422.06,3717.12,18839.041,2572.2,96409.76,462.91794
14763.9,255.91,42.390003,1982.91,722.2,-69.08,582.25,63.02,906.84,2218.9202,2577.0,1168.8656,7.209399
44830.23,987.53,35700.23,262143.0,51517.98,7444.9404,18130.58,1657.7,7036.9204,115096.086,2577.2,984401.2,2275.9268
3365.16,106.76,4531.02,53591.953,5493.43,998.52,142.48,-4.11,297.0,14869.801,2578.5,124938.734,3848.8098
18064.68,780.29004,139.73001,940.43005,463.15002,307.72,165.77,43.84,345.84003,1719.9601,2579.4,3852.9272,21.116095
12905.58,180.55,-28.26,-155.43001,75.36,-20.41,46.58,26.03,9.240001,-104.28001,2582.8,-779.24365,-7.2609987
18688.47,133.45,505.54,6280.0,2574.8,949.85004,252.08,-58.91,1074.4801,5071.4404,2587.0,13939.804,76.344734
36770.55,638.99005,23686.59,262143.0,31850.592,6060.2,9785.91,894.61,4093.32,75253.2,2587.3,653136.06,1840.838
24524.43,433.32,1058.18,13109.5,2571.6602,566.77,175.36,93.16,803.88,5751.24,2591.2,29178.348,122.37003
58010.73,1535.4601,8353.971,99548.99,14767.421,3493.25,415.11002,101.38,2471.04,34603.8,2594.9,230353.1,410.75
31116.42,359.53,10354.15,126235.85,16632.58,3091.33,6067.73,438.4,3437.28,36096.723,2595.0,285506.22,950.4234
16550.88,117.75001,177.41,2417.8,1091.15,210.38,138.37,42.47,506.88,2904.0,2595.5,4891.9185,29.648272
45784.62,945.14,31177.06,262143.0,41515.51,5664.56,11734.05,1085.04,3978.4802,99608.52,2595.6,859678.94,1945.9937
9851.88,15.700001,153.86,1832.1901,558.92004,486.7,30.14,-4.11,295.68002,1400.52,2597.7,4242.549,43.65351
22001.43,573.05005,16579.201,206186.53,32517.842,5110.35,20660.97,1779.63,8940.36,68523.84,2598.5,457156.3,2153.5754
28042.71,596.60004,3414.75,40981.71,5275.2,876.06006,158.92,-102.75,333.96002,12249.601,2598.5,94158.61,347.16727
5560.17,18.84,1.57,-54.95,20.41,31.400002,39.73,19.18,0.0,-27.720001,2599.3,43.291317,-0.19265229
20911.32,460.01,199.39,2472.75,1073.88,401.92,116.45,20.55,608.52,2988.4802,2602.8,5497.997,26.26283
30938.07,386.22,16517.97,201594.28,21920.34,3166.6902,4560.73,468.54,3333.0002,54952.92,2602.9,455467.94,1525.555
11905.08,89.490005,237.07,3260.8901,789.71,241.78001,16.44,10.96,467.28003,2395.8,2604.1,6536.989,55.93683
47713.41,1227.74,36309.39,262143.0,60077.62,10632.04,30915.42,2534.5,12100.44,129468.24,2605.1,1001198.25,2174.8428
30409.98,1354.91,43528.25,262143.0,61120.1,10118.65,16631.8,1590.57,7789.3203,142395.0,2606.8,1200251.6,4091.6445
55484.25,1271.7001,43956.863,262143.0,63958.664,9675.91,22425.53,2235.84,6391.4404,140418.97,2608.5,1212070.2,2264.1968
51883.32,945.14,35345.41,262143.0,49108.03,8589.471,17690.81,1490.56,8005.8003,118319.52,2608.5,974617.4,1946.8445
54713.43,697.08,422.33002,7386.85,4132.24,1640.65,475.39,138.37,2063.1602,8857.2,2609.5,11645.364,21.070238
59166.96,1128.8301,49120.59,262143.0,69026.625,9460.82,14561.73,1413.84,7755.0005,156414.72,2610.2,1354455.4,2372.741
23112.42,273.18002,8201.681,100167.57,10814.16,1698.7401,3700.37,337.02,2328.48,26996.64,2611.9,226153.84,1013.627
27969.63,381.51,10281.931,124672.13,15726.69,2207.4202,4633.34,371.27,2952.84,34392.6,2613.9,283514.84,1050.0829
10711.44,532.23004,324.99002,6039.79,4213.8804,1464.81,998.73,265.78,1275.12,6626.4004,2615.7,8961.303,85.750336
19525.41,529.09,25132.56,262143.0,41188.953,7275.3804,17514.08,1474.12,5588.8804,85726.086,2617.0,693007.4,3679.3198
41848.74,1157.0901,45920.93,262143.0,65321.42,9859.601,20554.11,1678.25,8310.721,148793.05,2617.5,1266227.6,3136.4536
63340.35,1138.25,30147.14,262143.0,40656.723,6063.3403,13269.82,1402.88,9184.561,103239.84,2619.6,831279.8,1359.8638
19753.35,191.54001,138.16,2102.23,789.71,226.08,-38.36,4.11,547.80005,2574.0,2619.8,3809.6357,18.998186
11759.79,438.03003,18984.441,234041.48,36618.68,6451.1304,13390.38,1226.15,4920.96,67387.32,2620.6,523478.6,4614.8027
11469.21,108.33,866.64,10908.36,3485.4001,690.80005,4140.14,289.07,1243.4401,5867.4004,2621.5,23896.805,215.04996
13377.12,91.060005,318.71002,4428.97,833.67004,279.46002,30.14,49.32,562.32,3251.1602,2621.6,8788.138,67.12118
24194.7,370.52002,10776.48,131705.73,15076.711,2127.35,4096.3,313.73,3033.36,34692.242,2622.7,297151.6,1272.5199
33249.66,588.75,7289.5103,87287.29,10423.23,1852.6001,1443.98,141.11,1100.88,26394.72,2624.3,201001.58,625.8449
25362.24,442.74002,317.14,4543.58,2317.32,54.95,308.25,50.69,1188.0,5478.0,2627.2,8744.846,34.752995
34636.44,725.34,28266.281,262143.0,37351.87,6174.81,11790.22,1106.96,5023.9204,91809.96,2630.9,779416.9,2332.3743
18852.03,359.53,8919.17,109874.88,12379.45,2896.6501,4896.38,365.79,1767.4801,30614.762,2633.4,245937.95,1351.7432
36872.34,533.8,19256.05,232160.62,25933.262,3344.1,4411.4,320.58,3618.12,61733.76,2636.7,530968.0,1492.1917
34179.69,708.07,27024.41,262143.0,35315.582,5190.4204,7961.07,611.02,4367.8804,83672.164,2637.5,745173.4,2259.6694
13224.0,124.03001,158.57,2097.52,739.47003,150.72,34.25,47.95,438.24002,2333.76,2639.5,4372.423,33.28524
59525.4,1197.91,48304.19,262143.0,67990.42,10156.33,19825.27,1808.4,17701.201,162381.12,2639.8,1331943.9,2319.2324
48539.04,890.19,33444.14,262143.0,43900.34,7400.9805,10325.69,1017.91,4444.44,105185.52,2640.0,922191.56,1969.0527
52411.41,850.94,36851.043,262143.0,51277.773,8153.0103,14087.71,1189.16,5459.52,116800.2,2640.4,1016133.8,2009.356
25253.49,769.30005,27168.852,262143.0,37730.242,5947.16,12140.94,978.18,3785.7603,87809.05,2640.7,749156.25,3075.0889
34916.582,660.97003,3771.1401,46391.93,5992.6904,629.57,1175.46,165.77,2597.76,13867.921,2640.7,103985.74,307.809
31007.67,471.00003,20265.56,246447.62,28694.89,4399.14,8798.14,648.01,3087.4802,64482.004,2642.5,558804.3,1867.6953
49832.73,940.43005,28826.771,262143.0,38680.09,6294.1304,8183.0103,645.27,6864.0005,93947.05,2643.4,794871.9,1652.9802
13037.82,351.68002,172.70001,2670.57,488.27002,229.22,-23.29,-49.32,360.36002,1620.9601,2644.4,4762.045,36.873585
34582.5,962.41003,38045.812,262143.0,51497.57,7691.43,14593.24,1286.43,5755.2,118829.05,2645.5,1049078.5,3144.571
41958.36,761.45,27801.56,262143.0,37219.992,4987.89,8072.04,680.89,4708.4404,88178.64,2645.6,766602.6,1893.5221
11149.05,91.060005,130.31,877.63,929.44,205.67001,320.58,42.47,438.24002,1511.4,2645.7,3593.179,32.418648
33659.43,599.74,22187.24,262143.0,31315.22,3890.4602,8900.89,1022.02,4053.7202,70602.84,2648.0,611792.9,1883.7142
21194.94,335.98,786.57,9586.42,2078.6802,207.24,145.22,49.32,1011.12006,5802.72,2648.5,21688.95,105.10949
48217.14,1461.67,40568.8,262143.0,62875.363,10346.301,25865.6,2383.8,8969.4,138235.69,2649.7,1118647.6,2404.6904
34897.44,522.81,23688.16,262143.0,31772.092,4881.1304,8776.22,783.64,3490.08,74116.68,2652.4,653179.4,1939.8267
17245.14,106.76,144.44,1714.4401,353.25,359.53,226.05,-56.170002,671.88,2020.92,2654.2,3982.801,22.948027
5929.92,337.55002,6377.3403,77873.57,8699.37,1309.38,213.72,35.62,685.08,21704.762,2658.4,175849.33,3073.962
34213.62,962.41003,55669.062,262143.0,75303.484,11464.141,19519.76,1956.36,6138.0,170810.64,2658.8,1535023.5,4651.259
25550.16,379.94,1160.23,15448.801,5758.7603,1871.4401,4211.38,309.62,2230.8,10748.761,2659.5,31992.281,128.8373
19987.38,494.55002,138.16,2130.49,530.66003,177.41,67.13,76.72,436.92,1690.92,2660.1,3809.6357,18.764027
7184.46,328.13,205.67001,3948.55,2763.2002,806.98004,532.93,127.41,685.08,4452.3604,2660.8,5671.1626,80.85135
45473.16,913.74005,33759.71,262143.0,51175.723,8738.62,18744.34,1456.31,5413.3203,113646.73,2662.2,930893.1,2121.7192
12994.32,161.71,95.770004,1753.6901,496.12003,133.45,108.23,9.59,359.04,1609.0801,2664.7,2640.7703,20.07293
32190.871,747.32,678.24005,10922.49,6072.7603,1885.5701,983.66,291.81,2068.4402,11596.2,2665.2,18701.85,59.242046
18001.17,351.68002,233.93001,3618.85,638.99005,188.40001,90.42,-26.03,423.72003,2486.8801,2666.2,6450.406,36.156445
17005.02,257.48,8164.0005,99781.35,14949.54,2807.1602,7970.66,791.86,3546.84,32724.121,2666.7,225114.84,1371.6976
5353.98,342.26,155.43001,3179.25,2009.6001,536.94,301.4,139.74,801.24005,3622.08,2667.4,4285.8403,82.00555
14676.03,133.45,188.40001,1695.6001,1081.73,318.71002,21.92,-19.18,480.48,2288.8801,2668.1,5194.958,35.70467
20465.88,420.76,186.83,3072.49,978.11005,610.73004,134.26,19.18,275.88,1797.8401,2668.7,5151.6665,25.101482
44489.19,932.58,25410.451,262143.0,38502.68,6718.0303,15482.37,1341.23,7286.4004,86433.6,2669.7,700669.94,1632.0776
15766.14,335.98,379.94,4433.68,896.47003,370.52002,105.49,98.64,361.68002,2236.08,2672.1,10476.498,67.90308
36909.75,719.06,33243.18,262143.0,47318.23,6622.2603,13919.2,1189.16,5988.8403,103532.88,2676.3,916650.25,2574.1968
45386.16,1348.63,27963.271,262143.0,39986.332,6389.9004,11797.07,1042.57,4869.48,92512.2,2676.7,771061.6,1760.6251
7763.88,276.32,2469.61,31805.06,9977.351,2623.47,10866.84,806.93,2860.4402,13570.921,2677.1,68097.24,908.4914
23385.6,364.24002,18018.89,218836.03,24587.771,4264.12,7571.99,615.13,2617.56,58967.043,2678.9,496854.44,2202.0713
26891.7,579.33,348.54,4452.52,987.53,147.58,-15.07,-17.81,484.44003,2822.1602,2679.2,9610.672,36.05812
55981.89,1174.36,30082.771,262143.0,42812.332,7013.1904,14157.58,1350.82,6188.16,96614.766,2679.7,829504.9,1535.453
33431.49,615.44,21271.932,261974.92,31188.05,5050.69,12958.83,1097.37,4878.72,72584.164,2679.9,586554.06,1818.2828
3292.08,141.3,3540.35,43704.09,4877.99,1031.49,112.340004,-20.55,363.0,12914.881,2680.6,97621.914,3073.8562
42769.2,781.86005,42901.82,262143.0,61204.883,10150.051,15076.85,1231.63,4839.12,139001.28,2681.0,1182978.5,2867.0955
61167.96,1251.29,45409.113,262143.0,63704.32,9581.71,18023.72,1449.46,7442.16,146712.72,2682.8,1252114.8,2121.5994
14942.25,204.1,73.79,1576.28,731.62,7.8500004,1113.81,97.27,982.08,1970.7601,2683.1,2034.6918,13.1198635
41928.78,926.30005,12040.33,146636.44,24666.271,3871.62,18147.02,1731.68,5669.4004,47685.0,2683.2,332001.1,820.0605
16378.62,257.48,175.84001,2353.4302,1599.8301,527.52,312.36002,-10.96,194.04001,2554.2002,2686.3,4848.6274,29.696537
24585.33,420.76,7752.66,94462.195,10628.9,1755.26,3166.07,200.02,2383.9202,25890.48,2686.4,213772.52,900.6203
9121.08,64.37,14.13,249.63,138.16,34.54,-46.58,57.54,113.520004,954.36005,2690.1,389.62183,3.4294
3114.6,161.71,108.33,1752.1201,1337.64,395.64,106.86,126.04,242.88,2075.04,2690.3,2987.1006,98.44786
45777.66,791.28,33723.6,262143.0,48998.133,7462.2104,14368.56,1122.03,5683.9204,108852.484,2691.8,929897.44,2105.344
40583.76,615.44,19452.3,238376.25,28621.102,5049.12,11784.74,717.88,4419.3604,67477.086,2692.9,536379.4,1369.464
29244.18,361.1,10621.051,129083.836,13674.7,2160.32,4294.95,524.71,4353.3604,35793.12,2693.5,292865.75,1037.4294
9185.46,211.95001,53.38,803.84,560.49,36.11,126.04,-26.03,176.88,851.4,2694.0,1471.9047,15.616005
21512.49,208.81001,9547.17,115939.8,12698.16,1862.02,5540.28,493.2,2366.76,31548.002,2694.0,263254.47,1267.9163
26635.05,422.33002,14012.25,169173.78,17331.23,2573.23,4223.71,379.49,2735.04,45517.562,2695.5,386374.97,1503.1923
22695.69,392.5,161.71,1821.2001,576.19,202.53001,276.74,31.51,352.44,2114.6401,2698.1,4459.0054,19.372414
34616.43,532.23004,1120.98,13902.351,2692.55,1018.93005,258.93,-100.01,710.16003,5983.56,2701.0,30909.998,91.5901
47933.52,1042.48,35602.89,262143.0,49867.91,7926.93,15454.97,1349.45,6230.4004,114576.01,2701.6,981717.1,2122.7087
12822.061,510.25003,241.78001,2455.48,673.53,398.78,110.97,39.73,299.64,1478.4,2703.2,6666.863,52.915245
19301.82,332.84,342.26,5138.6104,1482.0801,500.83002,358.94,-58.91,1012.44006,4542.12,2704.4,9437.507,49.699875
22507.77,372.09003,11669.811,140937.33,15082.99,2282.78,3672.97,282.22,1822.92,36396.363,2707.9,321784.34,1481.4509
55841.82,838.38,25586.291,262143.0,36907.562,5091.5103,12501.25,1049.42,6196.08,84930.125,2708.1,705518.56,1309.0768
31945.53,500.83002,26905.092,262143.0,38213.8,6253.31,11177.83,1024.76,3220.8,88898.05,2709.1,741883.3,2407.0938
21241.92,321.85,86.350006,1237.16,996.95,368.95,143.85,-1.37,638.88,2031.4801,2710.2,2381.0225,10.622983
27391.95,967.12006,40889.082,262143.0,59091.66,9198.63,20278.74,1448.09,7491.0005,129849.73,2711.7,1127479.0,4267.0884
30756.24,819.54004,887.05005,11459.431,2400.53,791.28,189.06,-2.74,988.68005,5814.6,2713.2,24459.594,81.4639
63871.92,1141.39,37712.973,262143.0,56154.19,10242.681,23174.92,1964.58,8486.28,127456.56,2713.3,1039900.75,1687.2229
5476.65,219.8,114.61,2413.09,2430.36,1050.3301,338.39,165.77,584.76,3315.84,2714.1,3160.2659,58.835167
39685.05,551.07,13434.49,167515.86,21816.72,3367.6501,9202.29,879.54,5368.4404,47562.242,2714.1,370443.78,966.92847
62107.56,1551.16,60622.41,262143.0,86463.04,13467.461,28345.3,2298.86,10895.28,196918.92,2715.6,1671607.5,2789.858
37900.68,511.82,18799.18,231290.84,28413.861,5008.3003,12094.36,985.03,4909.08,63155.402,2719.2,518370.2,1417.2112
54234.06,827.39,35202.543,262143.0,48823.863,7801.33,14379.5205,1174.09,6844.2,114627.484,2720.3,970677.94,1854.8844
31079.01,400.35,13473.74,166269.28,19161.852,3538.78,6022.52,495.94,2943.6,44754.6,2720.3,371526.06,1238.5669
17346.93,299.87,108.33,1593.55,775.58,81.64,1293.28,104.12,966.24005,1877.04,2721.3,2987.1006,16.855627
26168.73,497.69,19321.99,235321.03,26738.67,4585.97,9294.08,769.94,4053.7202,64988.883,2724.1,532786.2,2110.1455
42639.57,894.9,34207.16,262143.0,50007.64,9162.5205,18141.541,1691.95,6398.04,111402.73,2726.1,943231.1,2292.7874
24948.99,452.16,116.18,2993.99,1182.2101,42.390003,1928.96,226.05,1731.8401,3542.8801,2727.0,3203.5571,12.314576
42674.37,693.94,31125.252,262143.0,41162.26,6341.23,10958.63,878.17,6103.68,100382.05,2728.3,858250.4,2084.426
21955.32,348.54,9165.66,113564.38,12352.761,1948.3701,3194.84,234.27,3347.52,32046.96,2729.9,252734.69,1192.6388
22693.08,332.84,8707.221,106620.27,12275.83,1756.8301,3615.43,297.29,2449.9202,29080.922,2731.7,240093.64,1096.0719
13733.82,103.62,847.80005,10286.641,2667.4302,444.31003,250.71,17.81,751.08,5837.04,2732.0,23377.31,175.50258
34075.29,606.02,21180.871,257666.84,30338.682,4603.24,9468.07,924.75,3508.56,65927.41,2735.6,584043.1,1776.2694
59326.17,883.91003,37296.92,262143.0,52136.562,7520.3003,15657.73,1250.81,4845.72,123115.086,2735.6,1028428.5,1796.5281
31874.19,530.66003,16447.32,201390.19,23089.99,3818.2402,4355.23,515.12,3201.0002,53652.723,2736.9,453519.8,1474.3838
5487.09,64.37,-17.27,56.52,51.81,-12.56,-31.51,131.52,3.96,-42.24,2740.8,-476.20447,-9.9991045
27693.84,524.38,16960.71,208072.11,23928.371,3300.1401,8754.3,763.09,3775.2002,54365.523,2742.4,467676.1,1750.0957
13580.7,149.15001,588.75,8299.0205,1398.87,317.14,43.84,46.58,658.68005,4154.04,2743.3,16234.243,122.9532
32341.38,607.59,16882.21,207473.94,25102.73,4063.1602,8281.65,743.91,3067.6802,55583.883,2743.4,465511.53,1491.5187
74571.18,1323.51,47280.55,262143.0,67236.82,10002.471,23343.43,2139.94,10057.08,152965.56,2743.4,1303717.9,1811.8441
31476.6,510.25003,19160.281,234426.12,27300.73,3323.6902,8436.46,621.98,3834.6,61262.523,2744.3,528327.25,1739.4562
12287.01,163.28,65.94,577.76,387.79,53.38,47.95,42.47,384.12003,1211.76,2744.7,1818.2352,14.344465
6487.59,219.8,191.54001,2617.1902,2232.54,1185.3501,416.48,110.97,500.28003,3645.84,2744.8,5281.5405,83.41607
36462.57,1070.74,40675.562,262143.0,67904.07,10594.36,29148.12,2733.15,8392.561,136074.84,2745.4,1121591.4,3188.593
13971.33,268.47,350.11002,5342.71,1003.23004,108.33,100.01,53.43,262.68002,2607.0,2746.3,9653.964,70.64993
12753.33,299.87,255.91,2858.9702,609.16003,75.36,43.84,-19.18,378.84003,1671.1201,2746.7,7056.4844,56.373676
66059.97,1263.8501,35216.67,262143.0,48869.39,7030.4604,14209.64,1087.78,7124.04,113281.086,2747.7,971067.5,1523.2595
35691.75,821.11005,17260.58,215584.56,31877.281,5554.66,21382.96,2037.1901,7634.8804,66109.56,2747.7,475944.72,1381.7273
36086.73,607.59,21857.541,262143.0,28968.07,3935.9902,8754.3,487.72,4044.4802,70476.125,2747.8,602701.7,1730.8201
19972.59,287.31,5708.52,68505.38,7645.9004,1474.2301,995.99,127.41,1886.28,18844.32,2750.9,157407.22,816.2184
34924.41,638.99005,26666.451,262143.0,36515.062,6289.4204,9522.87,800.08,3422.7603,84687.24,2751.1,735303.0,2182.158
23223.78,329.7,7578.39,92152.73,12289.96,1336.0701,5121.06,278.11002,2580.6,26452.8,2752.3,208967.17,932.0245
22740.93,543.22003,1874.5801,23217.16,3119.59,324.99002,239.75,-5.48,572.88,7620.3604,2754.2,51689.832,234.69196
38736.75,646.84,19343.97,237399.7,26960.041,4355.18,6356.8,408.26,3722.4001,64054.324,2754.6,533392.3,1426.8134
67791.27,1314.0901,49932.28,262143.0,71956.24,12026.2,17115.41,1415.21,14571.48,172436.89,2755.5,1376837.0,2104.9915
36123.27,1243.4401,43887.78,262143.0,61470.21,10106.091,22362.51,2100.21,6553.8003,140152.33,2755.9,1210165.4,3472.806
69444.27,1615.53,47608.68,262143.0,70593.484,11473.561,28900.15,2342.7,8636.761,155580.48,2757.2,1312765.8,1959.1923
35170.62,536.94,16576.06,201005.53,21515.281,3413.1802,4085.34,450.73,2877.6,54244.082,2757.5,457069.72,1346.5668
12514.08,428.61002,3731.8901,46928.87,10341.591,2325.1702,13039.66,864.47003,4488.0,20764.92,2760.7,102903.45,851.6659
15492.09,178.98001,416.05002,4881.1304,1863.5901,406.63,1675.51,102.75,694.32,4047.12,2760.9,11472.198,75.78644
24126.84,318.71002,11574.04,141971.97,15555.561,2431.9302,5206.0,491.83,2815.56,39295.082,2762.0,319143.56,1370.6191
70027.17,1370.61,58094.71,262143.0,78328.875,12239.721,20440.4,1808.4,6871.9204,185433.61,2762.6,1601908.5,2371.0237
18021.18,304.58002,9749.7,118929.07,12176.92,2438.21,2392.02,226.05,1709.4,31588.922,2765.5,268839.06,1545.8815
10765.38,114.61,108.33,1348.63,618.58,390.93002,32.88,-17.81,417.12003,1409.76,2766.2,2987.1006,27.771889
58078.59,1204.1901,66078.164,262143.0,91044.305,13539.681,24910.71,2318.04,8438.761,206269.81,2766.5,1822044.9,3252.051
12838.59,97.340004,438.03003,6031.9404,1408.29,343.83002,154.81,-54.8,629.64,3901.9202,2770.3,12078.277,96.551865
24921.15,318.71002,131.88,3527.79,885.48004,378.37003,2227.62,194.54,1855.92,4511.7603,2770.9,3636.4705,14.130729
13273.59,282.6,65.94,1380.03,389.36002,538.51,223.31,-27.4,147.84001,1168.2001,2771.1,1818.2352,13.203964
6560.67,285.74002,8478.0,100264.914,11190.96,1904.41,246.6,87.68,704.88,28820.88,2771.1,233773.1,3693.828
3771.45,221.37001,133.45,2439.78,1675.1901,549.5,152.07,26.03,497.64,2403.7202,2773.1,3679.7615,100.17174
4953.78,266.9,5226.5303,63902.14,7058.72,1215.18,57.54,27.4,472.56003,17247.121,2775.2,144116.8,3015.6558
55246.742,860.36005,31031.05,262143.0,43996.113,6805.95,12205.33,1063.12,5670.72,103451.05,2775.5,855652.8,1604.975
24324.33,529.09,2497.87,32418.932,12476.79,3433.59,15094.66,1205.6,5587.56,19933.32,2775.7,68876.484,292.6148
25564.08,401.92,1894.9901,24157.59,8273.9,2102.23,5703.31,474.02,3096.7202,16209.601,2775.8,52252.617,210.94626
19976.07,281.03,715.92004,9379.181,2405.24,838.38,656.23,119.19,1135.2001,7443.4805,2777.0,19740.84,101.47158
10500.03,200.96,116.18,1730.14,474.14,241.78001,42.47,0.0,208.56001,1396.56,2778.0,3203.5571,30.636599
78803.73,1987.6201,60779.41,262143.0,87433.305,12327.641,36457.07,3211.28,9790.44,195205.56,2780.9,1675936.6,2204.2544
69225.9,1395.7301,52260.59,262143.0,70431.77,11867.631,18638.85,1787.85,8106.12,164161.81,2782.2,1441038.0,2157.5132
17520.06,266.9,111.47,1786.66,442.74002,-26.69,1582.35,76.72,987.36005,999.24005,2783.2,3073.6833,17.191622
17856.75,259.05002,5893.7803,72008.055,8072.9404,899.61005,2901.66,149.33,2056.56,19397.4,2783.6,162515.6,942.7142
109887.09,2742.79,144259.45,262143.0,208351.56,31900.832,77937.93,6634.91,28411.682,262143.0,2783.6,3977822.5,3752.5876
18120.36,246.49,147.58,2147.76,854.08,438.03003,1391.92,65.76,1007.16003,2725.8,2787.2,4069.3835,22.286793
43274.67,789.71,27398.07,262143.0,41022.53,7773.0703,16001.6,1378.22,5415.9604,89676.84,2787.7,755476.75,1809.2361
61416.78,1155.52,54885.633,262143.0,81088.93,10990.0,24891.53,2418.05,10239.24,173614.33,2789.2,1513421.1,2554.1748
32140.41,838.38,29267.941,262143.0,41740.02,6127.71,13306.81,1149.43,4047.12,93263.28,2790.5,807036.7,2602.6929
29193.72,577.76,29266.371,262143.0,42258.12,6317.68,11254.55,961.74,4288.68,92671.92,2792.2,806993.44,2865.3447
16115.88,351.68002,430.18002,6115.1504,1204.1901,433.32,163.03,-41.1,314.16,3063.7202,2793.8,11861.82,75.321205
15562.561,224.51001,471.00003,5273.6304,927.87006,166.42,258.93,-58.91,150.48001,2403.7202,2794.6,12987.395,85.53442
69947.13,1092.7201,28252.15,262143.0,41444.863,5761.9004,13168.44,1216.56,7626.9604,93890.28,2794.6,779027.2,1153.8633
17884.59,320.28,120.89001,1482.0801,601.31,282.6,95.9,-1.37,401.28003,1528.56,2795.6,3333.4314,18.32682
36847.98,481.99002,17122.42,210150.78,23011.49,3209.08,6658.2,735.69,3622.08,56923.684,2795.7,472135.06,1327.6189
19195.68,224.51001,219.8,3535.6401,1803.93,684.52,1764.56,226.05,1128.6001,4033.9202,2797.8,6060.784,31.739586
33241.832,544.79004,20717.72,253316.38,28493.932,4088.28,6240.35,371.27,3158.76,67376.766,2798.4,571272.2,1780.9932
35578.65,525.95,15429.961,189434.64,22110.31,4476.0703,9066.66,835.7,4287.3604,52462.082,2800.0,425467.06,1239.0077
38552.31,392.5,16657.701,201398.03,23579.83,3242.05,8584.42,787.75,4226.64,54669.12,2807.5,459320.88,1234.4172
35870.97,519.67004,23104.121,262143.0,31382.73,4634.64,10044.84,753.5,3915.12,75918.484,2809.7,637075.0,1840.6001
50838.45,1084.87,18847.852,226813.2,31238.291,5030.2803,19382.76,1531.66,3699.9602,67527.24,2810.4,519712.25,1059.0309
48873.992,832.10004,38480.703,262143.0,53690.863,9231.601,18779.96,1574.13,4609.44,124606.69,2812.0,1061070.2,2250.2007
53589.39,795.99005,19419.33,240018.47,27639.852,4433.68,7951.48,742.54,6931.3203,67279.086,2813.1,535470.25,1035.1064
39429.27,574.62,5367.83,64289.934,8140.45,1431.8401,2071.44,223.31,1428.2401,20215.8,2815.2,148013.0,388.25034
3720.12,222.94,4683.31,55865.312,5714.8003,1210.4701,57.54,53.43,337.92,15405.721,2819.5,129137.99,3598.523
34444.17,1141.39,372.09003,5787.02,1700.31,461.58002,317.84,-46.58,801.24005,3867.6,2819.9,10260.042,29.887394
64749.75,1325.0801,55866.883,262143.0,77151.375,12751.54,22983.12,2198.85,8619.601,176671.45,2820.1,1540478.2,2465.9785
36408.63,486.7,18395.691,225430.03,25058.771,4141.66,7980.25,713.77,3752.7603,59224.44,2821.4,507244.38,1443.6438
68134.05,1047.1901,38661.25,262143.0,53730.113,10046.431,17211.31,1470.01,6914.16,120787.92,2824.6,1066048.6,1621.4104
32088.21,469.43002,10591.221,128352.21,15748.671,2301.62,5991.0103,424.7,3442.56,36161.402,2825.9,292043.22,942.73376
82491.664,4141.66,151732.66,262143.0,211906.05,31619.8,62097.99,5863.6,23155.441,262143.0,2828.1,4183889.2,5258.179
40784.73,1103.7101,46233.363,262143.0,66293.25,10029.16,22239.21,1787.85,8166.8403,149130.97,2829.3,1274842.8,3240.208
13945.23,229.22,6838.9204,82228.75,8347.69,1387.88,667.19,36.99,1008.48004,21721.92,2830.9,188576.97,1401.2029
52564.53,1263.8501,46784.43,262143.0,62800.004,9561.301,18089.48,1608.38,6937.9204,151386.84,2832.9,1290037.9,2543.8228
3203.34,141.3,2303.1902,27776.441,3262.4602,471.00003,79.46,60.28,225.72002,8020.3203,2834.8,63508.363,2054.776
27384.121,395.64,13803.44,169571.0,18995.43,2777.33,5548.5,548.0,2629.4402,44831.16,2835.9,380617.25,1440.2441
16374.2705,274.75,673.53,8146.7305,3507.3801,1642.2201,3926.42,405.52,1869.1201,7674.4805,2840.6,18571.975,116.60993
13000.41,113.04,357.96002,4914.1,971.83,211.95001,265.78,63.02,528.0,3500.6401,2842.4,9870.42,77.7275
23601.36,390.93002,9164.09,110237.555,10787.471,1309.38,1939.92,138.37,1660.56,28480.32,2845.7,252691.39,1109.2002
24132.93,324.99002,927.87006,13191.141,5484.0103,1522.9,4427.84,363.05,2245.32,10137.601,2851.7,25585.168,108.932495
47575.95,659.4,27489.13,262143.0,35186.84,5300.3203,6185.55,589.1,4614.72,88061.164,2853.2,757987.6,1651.0475
12169.561,142.87001,276.32,3684.79,1409.8601,566.77,1230.26,89.05,756.36005,2873.6401,2855.4,7619.2715,63.92118
27884.371,623.29004,1995.4701,24360.121,3706.77,1113.13,82.2,52.06,830.28,9566.04,2858.2,55023.26,203.61307
14818.71,136.59001,350.11002,4810.48,1238.73,835.24005,252.08,28.77,854.04004,3814.8,2859.9,9653.964,66.552765
37399.56,624.86005,3119.59,37832.293,5622.1704,466.29,511.01,39.73,968.88007,12879.24,2862.6,86019.84,237.49544
41882.67,645.27,22564.041,262143.0,31952.64,4799.49,10295.55,824.74,5559.8403,75254.52,2863.9,622182.8,1539.393
59607.18,916.88,29351.15,262143.0,40725.8,5666.1304,9270.79,905.57,6726.72,96799.56,2865.6,809331.1,1406.9121
42742.23,1428.7001,68068.92,262143.0,89227.81,14723.461,19362.21,1504.26,8156.2803,209408.77,2866.2,1876938.2,4552.451
18174.3,518.10004,2841.7002,37865.26,11321.2705,3381.78,11080.56,1149.43,5384.2803,21187.32,2867.5,78357.28,446.0638
32066.46,489.84003,15809.9,194092.83,24931.602,4177.77,10891.5,1063.12,3710.5203,52718.16,2868.1,435943.53,1408.7013
67065.69,987.53,38877.91,262143.0,56373.992,9220.61,17826.44,1628.93,8529.841,128433.37,2868.2,1072022.8,1656.4922
51531.84,846.23004,28530.041,262143.0,38972.11,6567.31,14237.04,1120.66,6295.08,94877.64,2868.6,786689.8,1581.9812
35675.22,810.12006,36857.32,262143.0,51810.0,7865.7,15942.69,1479.6,5405.4004,117344.05,2869.9,1016306.9,2952.9702
24235.59,525.95,998.52,11677.66,2763.2002,692.37,165.77,124.67,698.28,6182.8804,2872.2,27533.275,116.801865
13904.34,102.05,354.82,5243.8003,1609.25,408.2,175.36,42.47,616.44,4245.12,2876.5,9783.837,71.96368
18134.28,714.35004,547.93,9650.79,6298.8403,1767.8201,1202.86,238.38,1723.92,10088.761,2878.1,15108.668,85.392044
13788.63,124.03001,452.16,5529.54,1387.88,665.68,116.45,31.51,518.76,3899.2803,2883.5,12467.898,92.76053
13004.76,58.09,233.93001,3190.24,1185.3501,230.79001,191.8,-23.29,553.08,2577.9602,2885.1,6450.406,50.4319
14089.65,208.81001,5835.6904,70051.836,7490.47,728.48004,898.72003,117.82,1334.52,18283.32,2887.1,160913.83,1183.2435
9807.51,127.170006,40.82,931.01,296.73,-7.8500004,704.18,17.81,710.16003,769.56006,2887.2,1125.5741,10.900445
16072.38,438.03003,480.42,6303.5503,1456.9601,923.16003,246.6,52.06,621.72003,4064.2803,2888.1,13247.143,84.46532
27981.81,453.73,17433.281,210987.6,23270.541,3348.81,5100.5103,583.62,3054.4802,55577.28,2888.2,480706.78,1780.3627
19154.791,621.72003,14046.79,172002.92,24948.871,5154.31,13113.64,1105.59,6126.12,54828.844,2889.1,387327.38,2095.7595
9212.43,423.90002,259.05002,5341.14,2753.78,995.38,569.92,221.94,986.04004,5310.3604,2891.9,7143.0674,79.400444
6819.06,303.01,146.01001,3612.57,2405.24,1169.65,427.44,91.79,852.72003,3872.8801,2893.1,4026.0925,60.221943
12984.75,69.08,164.85,2133.6301,806.98004,175.84001,63.02,20.55,513.48004,2438.04,2896.6,4545.588,35.299812
13190.94,106.76,414.48,4780.6504,2287.49,745.75,3722.29,364.42,1116.7201,4860.24,2897.2,11428.907,88.84147
12675.03,97.340004,489.84003,6799.6704,1582.56,775.58,3203.06,263.04,871.2,4234.56,2897.7,13506.891,109.497955
53360.582,825.82,34015.62,262143.0,47556.87,6504.5103,15048.08,1405.62,6254.16,107763.484,2900.2,937949.6,1821.665
61923.12,1031.49,38871.633,262143.0,52885.453,9112.28,14911.08,1185.05,5207.4004,122336.28,2901.3,1071849.8,1793.8533
11044.65,26.69,83.21,1844.7501,623.29004,197.82,43.84,52.06,215.16,1374.12,2905.4,2294.4397,20.541332
54649.05,1274.8401,56626.76,262143.0,75637.89,11297.721,20163.66,1883.75,6471.9604,175989.0,2908.2,1561431.1,2961.703
46263.992,799.13,28503.352,262143.0,36967.223,5584.49,7737.7603,652.12,4296.6,90932.164,2910.6,785953.9,1760.5779
43258.14,488.27002,15852.291,197683.42,20957.932,2544.97,4640.19,341.13,4118.4004,54098.883,2913.4,437112.44,1046.7875
20699.91,221.37001,277.89,4738.2603,1273.27,174.27,184.95,-49.32,542.52,3684.12,2914.3,7662.563,37.384285
11029.86,50.24,105.19,2091.24,670.39,218.23001,553.48,45.21,415.80002,2163.48,2914.3,2900.518,26.26801
61223.64,1447.54,65333.98,262143.0,90389.61,13691.971,25898.48,2209.81,8251.32,201597.02,2915.3,1801524.8,3050.188
12871.65,328.13,287.31,3813.53,698.65,375.23,132.89,-15.07,245.52,1923.2401,2915.8,7922.3105,62.821278
22731.36,491.41,17693.9,217751.16,24052.4,4001.9302,6689.71,620.61,2203.08,57541.44,2916.1,487893.12,2224.6003
5205.21,281.03,218.23001,2989.28,2025.3,299.87,130.15,58.91,670.56,3133.6802,2916.8,6017.493,118.87407
120401.914,2890.37,125242.05,262143.0,179510.67,26655.46,64348.9,5685.5,20177.521,262143.0,2918.7,3453435.0,2973.17
60904.35,1022.07,30930.57,262143.0,44468.68,6670.93,16796.2,1408.36,8561.5205,105976.2,2920.1,852882.2,1451.0735
22342.47,241.78001,11903.74,142939.08,15241.561,2516.7102,4427.84,393.19,1961.52,38101.8,2920.4,328234.75,1522.3555
38287.832,808.55005,3557.62,42856.293,6923.7,1354.91,1009.69,123.3,1961.52,18148.682,2922.3,98098.12,264.67322
74382.39,1811.78,58785.51,262143.0,78972.57,11704.351,20478.76,1872.79,13304.28,193527.84,2924.3,1620956.8,2258.6917
22695.69,375.23,11088.91,134858.3,14580.591,2453.9102,4174.39,363.05,2171.4001,35711.28,2925.2,305766.56,1395.9939
57354.75,1868.3,78799.875,262143.0,110526.44,19328.271,33759.54,3022.22,8845.32,246124.56,2925.5,2172834.5,3927.3044
14335.86,149.15001,510.25003,7306.7803,1683.04,532.23004,612.39,32.88,900.24005,4678.08,2925.5,14069.678,100.7673
30891.09,844.66003,48858.402,262143.0,69386.15,11203.5205,26060.14,2338.59,6487.8003,155757.36,2925.9,1347225.8,4521.255
20488.5,320.28,10468.761,126728.836,13250.801,2475.8901,2961.94,269.89,2187.24,34193.28,2926.5,288666.5,1459.9458
4549.23,238.64001,5818.4204,70777.17,7529.72,1488.3601,179.47,4.11,493.68002,19360.441,2926.9,160437.62,3655.926
38896.832,1153.9501,10914.641,130752.74,14995.07,2408.3801,372.64,6.85,1580.04,38545.32,2927.0,300961.22,801.31366
21132.3,235.50002,373.66,4851.3003,2202.71,563.63,1005.58,106.86,947.76,4477.44,2927.2,10303.333,49.556713
9181.11,177.41,-39.25,560.49,431.75,73.79,-43.84,1.37,195.36,621.72003,2927.7,-1082.2828,-13.22344
11608.41,92.630005,274.75,3242.05,1160.23,251.20001,38.36,65.76,525.36005,2493.48,2927.8,7575.98,66.67277
4017.66,274.75,177.41,3061.5,1989.1901,726.91003,589.1,180.84,732.60004,3678.84,2929.2,4891.9185,125.25655
50453.91,979.68005,41860.91,262143.0,61151.504,10953.891,24076.38,2197.48,6466.68,137738.05,2929.3,1154276.2,2371.263
9620.46,48.670002,109.9,1781.9501,656.26,158.57,36.99,16.44,427.68002,1457.28,2931.5,3030.392,31.66261
13532.85,726.91003,22986.371,262143.0,38884.19,7256.54,19823.9,1889.23,5900.4004,84613.32,2932.1,633828.1,4855.575
59566.29,1179.0701,41743.16,262143.0,57306.57,9314.811,19584.15,1815.25,5615.2803,133672.44,2932.8,1151029.5,2002.7051
41226.69,1072.31,51109.78,262143.0,71979.79,11421.75,19759.51,1583.72,7814.4004,164713.56,2933.8,1409305.5,3543.66
16285.53,141.3,362.67,4265.69,1591.9801,370.52002,94.53,12.33,600.60004,3826.6802,2934.6,10000.294,62.673504
37914.6,508.68002,6771.41,82418.73,10082.54,1646.93,4781.3,386.34,3545.52,24475.441,2934.6,186715.44,509.64798
33819.51,588.75,1122.55,14082.9,3552.9102,660.97003,579.51,73.98,1147.0801,7418.4004,2934.7,30953.291,93.904625
43448.67,995.38,53546.42,262143.0,85340.49,14792.54,36543.38,3590.77,9801.0,177682.56,2935.7,1476493.6,3522.7327
20893.92,368.95,1808.64,24452.75,8498.41,2953.1702,14001.4,1304.24,2917.2002,15040.081,2937.6,49871.594,246.5034
24691.47,328.13,13117.351,162568.8,18865.121,2827.57,5258.06,441.14,2535.7202,43492.684,2938.1,361698.94,1517.9663
27037.86,590.32,22174.682,262143.0,32776.89,4808.91,10764.09,900.09,4031.2803,71776.32,2940.0,611446.56,2343.9526
45641.94,766.16003,28930.39,262143.0,43189.133,6542.1904,16383.83,1435.76,5511.0,98816.52,2942.1,797729.06,1811.338
11915.5205,241.78001,84.78001,962.41003,562.06,31.400002,97.27,1.37,318.12003,1085.04,2943.0,2337.7312,19.343676
14475.061,105.19,361.1,5516.98,1271.7001,200.96,127.41,-100.01,660.0,3649.8,2945.2,9957.002,70.32735
13162.23,131.88,25.12,1186.92,635.85004,335.98,149.33,-2.74,347.16,1771.4401,2945.9,692.6611,4.4568143
35647.38,794.42004,152.29001,3135.29,2160.32,687.66003,267.15,80.83,2589.84,7650.72,2946.3,4199.258,11.214981
11200.38,255.91,191.54001,2293.77,825.82,95.770004,84.94,26.03,266.64,1784.64,2949.6,5281.5405,47.896275
26286.18,417.62003,11015.12,134349.61,14525.641,1639.0801,4748.42,339.76,2005.0801,34205.16,2951.3,303731.88,1197.1488
27882.63,390.93002,12299.381,151371.56,17310.82,2684.7002,5540.28,523.34,3080.8801,40724.64,2952.1,339144.2,1260.2422
11323.92,100.48,133.45,868.21,544.79004,153.86,16.44,128.78,287.76,1399.2001,2952.1,3679.7615,32.69541
23272.5,257.48,153.86,2350.29,1461.67,577.76,1387.81,204.13,1958.8801,3932.2803,2953.6,4242.549,17.903042
39687.66,786.57,6055.49,71408.31,9043.2,1924.8201,579.51,-42.47,1466.52,22610.281,2954.3,166974.61,435.25742
37911.99,960.84,41245.473,262143.0,55879.44,8080.79,15449.49,1638.52,4931.52,129126.37,2957.4,1137306.1,3109.6326
46672.02,733.19,26134.22,262143.0,36064.473,6320.8203,14780.93,1193.27,6543.24,84696.484,2957.6,720627.25,1600.0392
10077.21,376.80002,241.78001,5334.8604,3972.1,1951.51,530.19,247.97,1115.4,6506.2803,2958.8,6666.863,67.600784
27514.621,521.24,21410.09,262143.0,33035.94,5283.0503,14339.79,1298.76,4790.2803,73426.32,2961.5,590363.6,2223.8662
56518.68,965.55005,26713.55,262143.0,37526.14,5039.7,11928.59,1156.28,6107.64,87080.41,2961.6,736601.75,1350.4147
25527.541,246.49,359.53,3961.11,1020.50006,499.26,219.2,9.59,770.88,3544.2002,2963.5,9913.711,39.269398
43340.79,1285.8301,52313.973,262143.0,73945.43,12903.83,29072.77,2485.18,11649.0,172051.45,2964.5,1442510.0,3450.1982
17263.41,353.25,428.61002,5427.49,1497.78,340.69,161.66,45.21,596.64,2716.56,2965.9,11818.529,69.98797
30654.45,499.26,22363.08,262143.0,29971.3,4845.02,8429.61,560.33,3500.6401,73789.32,2965.9,616641.5,2084.8694
20727.75,668.82,19354.96,239864.61,30379.502,5050.69,15012.46,1241.22,6357.12,69656.41,2969.0,533695.3,2668.8638
23125.47,329.7,753.60004,11126.591,2998.7002,744.18005,169.88,45.21,1483.68,8425.561,2970.9,20779.832,92.17499
15260.67,350.11002,268.47,3490.11,750.46,178.98001,153.44,53.43,285.12003,2464.4402,2973.4,7402.8145,49.300365
22486.89,576.19,19424.041,238380.95,26864.271,4670.75,9021.45,719.25,3665.6401,63518.402,2973.6,535600.2,2468.7854
17408.7,386.22,791.28,9545.601,1549.5901,248.06001,94.53,98.64,205.92001,3952.08,2975.1,21818.822,128.96094
8384.19,172.70001,120.89001,2051.99,500.83002,122.46001,30.14,-87.68,265.32,1052.04,2979.5,3333.4314,40.22667
28887.48,337.55002,9396.45,115274.12,13156.601,1734.8501,4742.94,497.31,3764.6401,34407.12,2980.4,259098.52,929.0432
35558.64,741.04004,34657.75,262143.0,47947.8,6732.16,12847.86,1063.12,4354.68,107624.88,2980.8,955655.75,2785.7898
8089.2603,394.07,4177.77,52722.17,11621.141,2278.07,11421.69,1032.98,3455.7603,19484.521,2983.1,115198.19,1475.6743
61877.88,1380.03,64118.8,262143.0,89995.55,12905.4,27198.61,2330.37,10148.16,206949.61,2983.3,1768017.2,2961.777
29767.05,678.24005,1759.9701,21446.201,4045.8901,811.69,127.41,109.6,1058.64,8932.44,2983.5,48529.566,168.05128
9646.56,70.65,42.390003,395.64,210.38,288.88,53.43,17.81,307.56,1521.9601,2983.9,1168.8656,11.564349
35542.11,543.22003,5823.1304,70874.516,9390.17,2092.81,4685.4,534.3,1692.2401,21640.08,2987.7,160567.5,467.44897
18874.65,510.25003,1957.79,23870.281,6751.0,2114.79,9246.13,624.72003,2775.9602,15088.921,2988.1,53984.27,295.57614
35946.66,1100.5701,36296.832,262143.0,53595.09,9063.61,21393.92,1922.11,7791.9604,125043.6,2988.6,1000851.94,2886.0823
12208.71,199.39,9.42,562.06,502.40002,54.95,23.29,17.81,205.92001,1165.56,2988.7,259.7479,1.206125
47411.52,1229.31,45432.66,262143.0,64987.01,10638.32,19404.68,1776.89,8568.12,141756.12,2989.0,1252764.0,2738.8909
20615.52,246.49,133.45,2127.35,1310.9501,232.36,1902.93,91.79,1419.0,3132.36,2989.3,3679.7615,17.508587
11593.62,43.960003,281.03,3895.1702,1321.9401,582.47003,569.92,127.41,545.16003,2980.56,2989.4,7749.145,68.30788
14370.66,152.29001,558.92004,7628.6304,1510.3401,529.09,53.43,20.55,551.76,3227.4001,2991.9,15411.709,110.2044
22521.69,348.54,2972.01,36092.73,5418.0703,1048.76,3671.6,280.85,2839.32,11458.921,2992.4,81950.46,376.31
11946.84,119.32001,75.36,1229.31,742.61005,42.390003,71.24,12.33,339.24002,1648.68,2994.4,2077.9832,17.03586
56248.98,905.89,31717.14,262143.0,45233.273,7625.49,17242.82,1661.81,6039.0,102100.69,2994.5,874571.1,1611.2351
10583.55,42.390003,224.51001,3468.1301,1172.79,28.26,197.28,-41.1,205.92001,2299.4402,2994.9,6190.658,59.653145
56583.06,1034.63,29162.75,262143.0,39636.223,6652.0903,11665.55,1028.87,4577.7603,93751.69,2995.2,804136.1,1472.6388
28803.96,503.97003,22793.262,262143.0,34028.18,5261.0703,15552.24,1330.27,3280.2002,75328.445,2996.5,628503.3,2261.5762
27917.43,428.61002,16979.55,208106.64,24124.621,4782.22,8299.46,794.6,3339.6,57829.203,2997.3,468195.6,1738.0007
15850.53,98.91,481.99002,5518.5503,1496.2101,467.86002,304.14,43.84,892.32,4455.0,2997.6,13290.434,85.944725
22541.7,357.96002,17715.88,217357.1,22782.271,3320.55,5471.78,504.16,1896.8401,55803.004,2998.2,488499.22,2246.114
40303.62,617.01,20231.021,251145.06,27939.72,4739.83,8354.26,620.61,4184.4004,67745.04,2999.8,557851.94,1434.2341
26764.68,367.38,15414.261,187266.47,20190.201,2818.1501,5433.42,456.21,3152.1602,49535.64,3000.4,425034.12,1645.6815
40633.35,686.09,48051.42,262143.0,67968.445,9812.5,21652.85,2076.92,5607.3604,151612.56,3001.0,1324974.0,3380.2134
3838.44,149.15001,4417.98,51715.8,6104.16,1099.0,186.32,6.85,467.28003,14603.16,3003.4,121821.76,3289.925
16209.84,91.060005,310.86002,4140.0903,1336.0701,449.02002,274.0,87.68,712.80005,3326.4001,3007.9,8571.681,53.83213
26679.42,492.98,2482.1702,32015.441,7198.45,2135.2,8388.51,869.95,2053.9202,15744.961,3007.9,68443.57,265.0138
10868.04,100.48,141.3,2168.1702,546.36005,243.35,123.3,-50.69,287.76,1928.52,3008.3,3896.2183,36.174053
26692.47,439.6,13533.4,165363.39,20114.84,3443.01,8902.26,661.71,4960.56,48103.44,3009.3,373171.12,1448.6632
3402.57,262.19,94.200005,1874.5801,1960.93,921.59,512.38,242.49,535.92004,2732.4001,3010.2,2597.479,78.157646
58316.1,1403.5801,34927.793,262143.0,46087.35,7608.22,15054.93,1057.64,6339.9604,111928.086,3010.9,963101.94,1711.5043
70363.86,1885.5701,86199.28,262143.0,121919.92,19841.66,33839.0,3022.22,12846.24,262143.0,3011.5,2376866.2,3501.7
15705.24,59.660004,167.99,2496.3,1610.8201,582.47003,127.41,36.99,739.2,3329.04,3011.8,4632.171,29.583548
67975.71,1568.43,43570.64,262143.0,60898.73,9551.88,18622.41,1583.72,9782.5205,144463.45,3012.1,1201420.5,1831.6906
60941.76,1384.74,58796.504,262143.0,79967.95,13241.381,24292.84,2079.66,8363.5205,185215.81,3012.3,1621259.8,2757.5793
13717.29,197.82,541.65,7052.4404,2114.79,1011.08,217.83,19.18,893.64,5207.4004,3013.8,14935.504,111.90143
57072.87,1756.8301,70576.21,262143.0,97616.32,16919.89,30190.69,2978.3801,13709.5205,223596.12,3014.1,1946074.5,3534.7178
42562.14,700.22003,9994.62,120420.57,16977.98,3023.82,12190.26,1085.04,2456.52,36310.562,3015.2,275592.5,670.4162
38830.71,645.27,20654.92,251408.81,28848.75,3906.1602,9013.23,739.8,4655.64,67360.92,3015.4,569540.5,1519.8877
16444.74,178.98001,120.89001,2176.02,799.13,249.63,1950.88,108.23,974.16003,1337.16,3015.6,3333.4314,20.019016
3291.21,196.25,4992.6,58380.453,6666.22,726.91003,45.21,2.74,213.84001,17075.521,3019.9,137666.38,4336.307
50378.22,745.75,23904.82,262143.0,33814.66,4746.1104,11418.95,1035.72,6796.68,81498.125,3021.0,659153.56,1355.7245
47681.22,610.73004,23408.701,262143.0,32966.86,4832.46,9539.31,778.16,5328.8403,75868.32,3021.3,645473.5,1402.7151
32531.91,453.73,17730.01,217868.9,23966.05,3686.36,5327.93,608.28,3941.5203,57711.723,3021.6,488888.8,1557.2904
41698.23,836.81,30552.201,262143.0,43391.66,6670.93,13461.62,1342.6,5493.8403,97174.445,3022.0,842449.0,2093.9512
7063.5303,248.06001,89.490005,3004.98,1720.7201,607.59,464.43,161.66,568.92004,3816.12,3022.9,2467.605,35.22444
63704.01,1174.36,28437.41,262143.0,41112.02,6402.4604,11886.12,1128.88,8496.841,89139.6,3023.1,784135.56,1275.3572
52291.35,905.89,28195.63,262143.0,38286.02,6972.37,12521.8,1001.47003,5359.2,92831.64,3023.6,777468.75,1540.7039
29618.28,522.81,14762.711,179457.28,20957.932,2844.84,7285.66,678.15,3574.56,49762.684,3023.8,407068.25,1424.1327
23304.69,660.97003,21706.82,262143.0,38468.14,7116.81,17518.19,1657.7,6629.04,79272.6,3024.3,598545.7,2662.1882
29537.371,464.72,12866.15,157175.84,18555.83,3480.6902,6295.15,549.37,3967.9202,43398.96,3024.7,354772.3,1244.4485
33008.67,634.28,35408.21,262143.0,49508.383,8512.54,12630.03,1111.07,5669.4004,113624.28,3025.8,976349.0,3066.0786
21216.69,334.41,197.82,2673.7102,1175.93,119.32001,1298.76,164.4,1597.2001,2523.84,3026.9,5454.7056,25.65886
40398.45,803.84,22771.281,262143.0,34364.16,5144.89,13709.59,1182.31,5600.7603,80580.73,3026.9,627897.25,1610.6538
23450.85,376.80002,14897.73,178786.89,20837.041,3177.6802,3952.45,400.04,2360.1602,47576.76,3027.5,410791.28,1815.3959
21621.24,307.72,149.15001,2455.48,703.36005,95.770004,1789.22,141.11,1562.88,3570.6,3027.9,4112.6753,18.72385
10318.2,84.78001,97.340004,1245.01,387.79,178.98001,130.15,8.22,414.48,1607.76,3027.9,2684.0615,25.973444
33540.24,901.18005,43534.53,262143.0,62964.85,11580.32,21326.791,2024.86,5970.3604,137309.05,3028.5,1200424.9,3710.2202
39715.5,967.12006,34684.44,262143.0,49236.773,7969.3203,17479.83,1517.96,5801.4004,111730.086,3029.9,956391.75,2496.0293
3239.8801,102.05,51.81,1163.37,736.33,657.83,201.39,61.65,278.52002,1335.8401,3030.4,1428.6134,44.72289
48152.76,973.4,37190.16,262143.0,51825.703,8109.0503,15376.88,1313.83,7274.5205,121318.56,3030.9,1025484.6,2207.2886
38064.24,774.01,37904.51,262143.0,51025.0,8146.7305,14226.08,1265.88,4575.12,121455.84,3031.4,1045182.25,2846.2314
30282.09,507.11002,9787.38,120662.35,12954.07,2397.3901,4444.28,538.41,3117.84,33727.32,3032.0,269878.06,923.1227
28821.36,423.90002,13569.511,167060.56,18449.07,2912.35,4879.94,441.14,3208.9202,43956.0,3032.6,374166.84,1345.1663
38892.48,610.73004,21670.71,261946.66,29716.96,4008.2102,7872.02,769.94,3092.76,68901.36,3033.7,597550.0,1592.1494
5557.56,111.47,-15.700001,-166.42,-20.41,10.990001,42.47,12.33,-21.12,92.4,3034.4,-432.91315,-9.077268
25345.71,351.68002,14817.66,182154.55,20237.3,2640.74,5751.2603,579.51,3516.4802,49057.8,3036.4,408583.44,1670.5684
63892.8,907.46,32155.172,262143.0,47062.32,7415.1104,19660.87,1741.27,8799.12,106893.6,3036.7,886649.44,1437.9573
39562.38,604.45,25463.83,262143.0,36690.902,4973.7603,9996.89,853.51,4481.4004,82498.68,3037.1,702141.8,1839.3073
22131.93,500.83002,19469.57,234438.69,25432.432,3210.6501,5549.87,460.32,2313.9602,60445.44,3037.2,536855.56,2514.2783
79283.97,1257.5701,42107.402,262143.0,59276.92,11070.07,20681.52,1867.31,10703.881,136014.12,3037.5,1161073.1,1517.5255
12328.7705,197.82,510.25003,7369.58,3830.8,1431.8401,7941.89,639.79,1469.16,5940.0,3038.5,14069.678,117.33474
11707.59,315.57,896.47003,12770.381,6801.24,2483.74,11776.5205,1056.27,4242.48,10948.08,3040.1,24719.342,217.93607
19171.32,695.51,7514.02,93625.38,18913.791,4618.94,19875.96,2046.78,5104.4404,34809.723,3042.0,207192.23,1119.6483
17536.59,345.40002,361.1,4695.87,1153.9501,403.49002,172.62,-1.37,418.44,3120.4802,3043.6,9957.002,57.875053
12261.78,89.490005,277.89,3015.9702,1114.7001,525.95,157.55,-2.74,646.80005,2686.2002,3043.6,7662.563,63.79902
16747.5,279.46002,78.5,1518.1901,514.96,157.0,127.41,42.47,403.92,1638.1201,3045.7,2164.5657,12.401971
30304.71,394.07,5733.64,67082.96,7828.02,1337.64,497.31,134.26,1129.92,22091.521,3046.1,158099.88,539.96515
20340.6,244.92001,7545.4204,93320.805,11187.82,1387.88,2749.59,227.42,1421.64,23947.441,3047.9,208058.06,1059.6416
30697.08,549.5,18670.441,230471.3,26022.75,3763.29,8047.38,645.27,4369.2,60585.363,3050.1,514820.34,1738.0277
17348.67,288.88,105.19,1397.3,709.64,62.800003,-4.11,-12.33,440.88,1483.68,3052.2,2900.518,16.336334
75459.45,1207.3301,43344.562,262143.0,62498.562,10307.051,27075.31,2282.42,9167.4,142367.28,3056.1,1195186.6,1641.3661
55059.69,1251.29,54651.703,262143.0,76688.22,12490.921,24651.78,2004.31,6799.3203,175565.28,3056.4,1506970.8,2837.0427
74126.61,1285.8301,35576.203,262143.0,49621.42,7934.7803,17908.64,1465.9,10649.761,120323.28,3057.9,980981.25,1371.2538
10274.7,98.91,127.170006,1910.6901,601.31,290.45,38.36,-10.96,240.24,1809.7201,3058.8,3506.5967,34.388695
6979.14,240.21,139.73001,2711.3901,1741.13,395.64,221.94,67.13,657.36005,2929.08,3059.9,3852.9272,56.244892
15551.25,163.28,345.40002,4840.31,974.97003,147.58,120.56,54.8,653.4,3795.0002,3060.3,9524.09,62.504726
68483.79,1190.06,47092.152,262143.0,62193.98,10137.49,17462.02,1533.03,8663.16,150564.48,3061.3,1298523.0,1965.1188
6840.81,39.25,75.36,-36.11,43.960003,94.200005,-23.29,2.74,-42.24,182.16,3061.3,2077.9832,30.497955
9663.09,72.22,188.40001,1643.79,725.34,152.29001,123.3,4.11,298.32,1339.8,3061.4,5194.958,54.746025
15305.91,213.52,285.74002,3637.6902,1042.48,332.84,189.06,71.24,471.24002,2832.7202,3062.1,7879.0195,52.377827
74992.26,1907.55,84858.5,262143.0,113310.05,18923.21,26353.32,2357.77,11055.0,262143.0,3062.5,2339895.5,3234.3994
12942.12,160.14,64.37,1306.24,466.29,-7.8500004,872.69,67.13,780.12006,1795.2001,3064.9,1774.944,13.220901
32026.44,916.88,42887.69,262143.0,58046.043,8925.45,17952.48,1449.46,5767.08,137388.25,3067.1,1182588.9,3827.8909
48035.31,893.33,26132.65,262143.0,34351.6,5286.19,9428.34,732.95,3905.8801,85252.2,3067.3,720583.94,1554.5067
3798.42,282.6,109.9,2350.29,2188.58,733.19,623.35,182.21,741.84,2509.32,3068.4,3030.392,81.726326
25198.68,339.12003,12525.46,152322.97,17744.14,2224.6902,3745.58,321.95,2325.84,40976.76,3068.7,345378.1,1420.2317
23236.83,237.07,205.67001,3331.54,4768.0903,965.55005,7565.14,720.62,1218.3601,3878.1602,3068.9,5671.1626,24.307142
70968.51,1180.64,36166.52,262143.0,52841.492,8284.891,16455.07,1478.23,8841.36,123970.445,3069.1,997258.7,1456.1023
15839.22,816.4,4279.8203,53367.44,13206.841,3405.33,14476.79,1241.22,4452.3604,25233.121,3069.5,118012.13,771.5752
14444.61,430.18002,83.21,965.55005,466.29,149.15001,39.73,-65.76,417.12003,1164.24,3070.3,2294.4397,15.470951
29813.16,660.97003,27723.06,262143.0,40933.043,6611.27,11831.32,952.15,4378.44,88921.805,3072.4,764438.06,2657.7786
12667.2,174.27,654.69,8071.37,2067.6902,343.83002,132.89,-21.92,847.44006,4349.4004,3073.4,18052.479,146.77606
23175.93,417.62003,359.53,4298.66,1480.51,434.89,184.95,20.55,615.12,3743.5203,3074.0,9913.711,43.355446
15997.561,251.20001,5272.06,64716.973,7853.14,1241.87,2312.56,175.36,1822.92,17633.88,3077.9,145372.23,941.2705
21803.94,315.57,11462.57,140557.39,15830.311,1634.37,3107.16,294.55,1888.92,36474.242,3078.3,316069.9,1502.1284
13003.0205,87.920006,150.72,2362.85,1237.16,199.39,71.24,2.74,506.88,2852.52,3079.0,4155.9663,32.141766
10023.2705,213.52,12.56,577.76,362.67,92.630005,-67.13,79.46,205.92001,785.4,3079.3,346.33054,2.582855
12813.36,106.76,312.43002,3921.86,984.39,375.23,-10.96,67.13,403.92,2880.2402,3080.2,8614.972,68.717
49047.12,763.02,26382.281,262143.0,37001.76,6231.33,10366.79,974.07,5487.24,86544.484,3082.4,727467.25,1536.9698
21754.35,668.82,25025.8,262143.0,39367.75,7309.9204,18633.37,1697.43,5487.24,87571.445,3083.6,690063.56,3288.2043
65678.04,1273.27,40878.09,262143.0,60423.023,8506.261,21813.14,1889.23,5819.8804,134200.45,3086.5,1127175.9,1778.5875
12581.07,185.26001,172.70001,2000.18,483.56003,62.800003,-90.42,19.18,204.6,1597.2001,3086.9,4762.045,38.24856
23997.21,321.85,10738.801,131927.11,14450.28,1838.4701,3963.41,190.43001,2241.36,35246.64,3087.3,296112.6,1278.5109
12809.01,97.340004,251.20001,2658.01,535.37,169.56001,648.01,12.33,471.24002,2274.36,3088.5,6926.6104,55.07291
30620.52,769.30005,37323.61,262143.0,53554.273,7810.7505,17988.1,1401.51,5075.4004,118274.65,3090.3,1029164.4,3484.1384
3741.0,249.63,3662.81,44716.742,4860.72,910.60004,67.13,-5.48,318.12003,12129.48,3091.3,100998.64,2798.4692
54449.82,1011.08,38105.473,262143.0,55612.543,8236.221,16624.95,1286.43,5161.2,120492.24,3092.8,1050723.5,1999.9668
34475.49,500.83002,12059.17,151321.31,22359.941,3964.2502,11783.37,1298.76,4363.9204,45937.32,3094.9,332520.6,999.12897
29817.51,409.77002,17433.281,212780.53,22614.281,3631.4102,7173.32,523.34,3627.36,58479.96,3094.9,480706.78,1670.694
39525.84,1055.04,42171.77,262143.0,58283.113,8099.6304,17268.85,1553.58,5496.48,133223.64,3095.1,1162848.0,3049.6313
28849.2,496.12003,12928.95,156832.02,16941.871,2472.75,5688.24,532.93,3325.08,42980.523,3098.3,356503.97,1280.3816
62021.43,962.41003,37155.62,262143.0,49184.96,8184.41,13378.05,1082.3,8000.5205,121958.766,3100.2,1024532.25,1711.899
13003.89,142.87001,249.63,4053.7402,1238.73,467.86002,153.44,57.54,550.44,3168.0002,3100.6,6883.319,53.88738
16171.561,166.42,725.34,9239.45,2855.83,797.56,4104.52,387.71,1342.4401,4878.72,3102.2,20000.588,127.24449
51195.15,767.73004,22358.371,262143.0,33039.082,5355.27,10962.74,946.67,6083.8804,75670.32,3102.3,616511.6,1247.7064
28736.1,488.27002,12782.94,155186.66,18868.26,3632.9802,6663.68,504.16,2356.2002,40360.32,3102.5,352477.88,1270.897
44364.78,725.34,27487.56,262143.0,36931.11,4953.35,10165.4,768.57,4462.9204,87839.41,3102.6,757944.3,1770.5232
21288.03,488.27002,171.13,2920.2002,976.54004,249.63,220.57,57.54,516.12,2184.6,3103.7,4718.7534,21.984747
50195.52,1069.17,26705.701,262143.0,36552.742,4731.98,6944.53,661.71,2917.2002,85223.164,3103.9,736385.25,1520.2059
50898.48,764.59,36321.953,262143.0,54263.91,8510.971,17707.25,1531.66,5319.6,119085.125,3105.6,1001544.6,2039.3909
29446.02,450.59003,508.68002,7134.08,3059.9302,750.46,384.97,139.74,2007.7201,7456.68,3105.6,14026.387,48.393192
68883.12,1350.2001,62559.793,262143.0,88967.195,13063.971,26760.21,2085.14,10657.681,202026.02,3106.0,1725029.1,2595.758
12521.04,778.72003,10402.82,126088.27,19538.65,3906.1602,11766.93,1242.59,4616.04,42760.082,3108.5,286848.25,2374.5254
11496.18,84.78001,135.02,1310.9501,742.61005,852.51,220.57,42.47,477.84003,1871.7601,3108.8,3723.0532,32.580997
9741.39,299.87,8236.221,99359.02,14423.591,2675.28,7048.65,624.72003,2713.9202,30885.361,3109.3,227106.25,2416.442
31273.89,563.63,24383.67,262143.0,32838.12,4801.06,9040.63,583.62,3532.32,76776.484,3109.8,672357.4,2228.2878
23099.371,438.03003,444.31003,5341.14,1288.9701,210.38,23.29,-15.07,340.56003,2913.2402,3111.0,12251.442,53.996483
28328.94,411.34003,23149.65,262143.0,30472.13,4179.3403,8794.03,748.02,3133.6802,74611.68,3115.0,638330.44,2335.4856
21974.46,390.93002,232.36,3183.9602,1015.79004,216.66,2215.29,67.13,1943.04,3335.6401,3115.4,6407.1143,29.233755
34354.56,678.24005,25487.38,262143.0,34031.32,5444.7603,8372.07,798.71,4291.3203,81789.84,3116.1,702791.2,2120.24
8922.72,64.37,-3.14,588.75,237.07,185.26001,9.59,56.170002,436.92,1323.9601,3116.3,-86.582634,-2.0061932
42268.082,720.63,24922.182,262143.0,34852.43,6424.4404,11555.95,1049.42,4386.3604,82608.24,3116.7,687206.4,1684.8639
39971.28,673.53,21118.07,257366.97,28855.031,6068.0503,9692.75,911.05,4451.04,68497.445,3117.4,582311.5,1509.6198
9609.15,163.28,87.920006,1347.06,761.45,387.79,36.99,-60.28,339.24002,1512.7201,3117.5,2424.3137,25.160843
12697.65,109.9,306.15002,3491.6802,1358.05,580.9,75.35,47.95,646.80005,2827.4402,3117.9,8441.807,67.938194
17487.0,587.18,2061.4102,27434.182,9401.16,3179.25,13683.56,1075.45,4317.72,17281.441,3117.9,56841.5,336.05292
4325.64,233.93001,171.13,2240.3901,1277.9801,367.38,427.44,-19.18,517.44,3453.12,3122.5,4718.7534,112.116196
39208.29,585.61005,25229.9,262143.0,34849.293,4976.9004,8641.96,600.06,4345.44,83035.92,3122.8,695691.44,1838.8679
16684.86,238.64001,1226.17,15619.931,4306.5103,1471.0901,2276.94,252.08,1554.9601,8601.12,3125.4,33810.516,209.12471
47983.11,1004.80005,17094.16,208112.92,22708.48,4862.29,5326.56,645.27,4033.9202,57396.242,3126.2,471355.84,1017.611
54248.85,879.2,32092.371,262143.0,43733.92,5812.14,7418.55,641.16,8187.9604,103738.805,3128.0,884917.75,1690.4541
24821.1,880.77,24030.42,262143.0,36866.742,6757.2803,16875.66,1491.93,5757.8403,80167.56,3128.3,662616.9,2767.1482
31332.18,409.77002,20006.51,243571.38,25094.88,3764.86,1698.8,189.06,2412.9602,63888.004,3128.5,551661.2,1824.7013
26122.621,712.78,36489.94,262143.0,50530.453,7801.33,12947.87,1002.84,4103.8804,114127.2,3129.3,1006176.75,3992.9753
64846.32,1194.77,37541.84,262143.0,49021.68,6871.89,10958.63,1069.97,6660.72,122261.05,3129.8,1035181.9,1654.3096
50925.45,963.98004,34905.812,262143.0,48762.633,8072.9404,11706.65,950.78,4840.4404,112275.24,3130.7,962495.9,1958.8005
44335.2,642.13,27909.89,262143.0,39677.043,6221.91,13078.0205,1283.6901,4119.72,90937.445,3131.4,769589.7,1798.9417
31801.11,993.81006,3529.36,43793.582,4447.81,604.45,178.1,-4.11,1078.4401,13904.881,3131.5,97318.875,316.32382
11800.68,144.44,450.59003,5768.18,1920.1101,216.66,541.15,123.3,615.12,3907.2002,3131.7,12424.607,108.17508
10464.36,102.05,213.52,2461.76,714.35004,298.30002,230.16,-10.96,396.00003,1474.4401,3131.9,5887.6187,57.341133
19782.06,375.23,260.62,3819.81,2372.27,940.43005,295.92,98.64,904.2,4235.8804,3133.6,7186.358,36.669094
11888.55,84.78001,284.17,3761.7202,1014.22003,450.59003,73.98,68.5,526.68,2791.8,3134.9,7835.728,67.34368
29096.28,474.14,13410.94,163451.14,18832.15,2785.1802,7062.35,709.66,3379.2002,44551.32,3135.9,369794.4,1316.8645
63688.35,1186.92,42818.613,262143.0,60642.82,9832.91,20095.16,1701.54,6922.08,137390.89,3136.0,1180684.1,1921.3018
24199.92,284.17,11316.561,137320.05,15277.671,2359.71,3866.14,289.07,1726.56,34528.562,3137.5,312043.8,1336.0558
18616.26,263.76,10396.54,124245.09,13616.61,1975.06,3061.95,294.55,1523.28,33595.32,3140.8,286675.1,1595.7811
55897.5,913.74005,25601.99,262143.0,38976.82,6774.5503,15800.21,1442.61,6148.56,89939.52,3141.5,705951.44,1308.5748
65119.5,1163.37,40268.93,262143.0,51959.152,8967.84,12408.09,1180.9401,5183.64,130252.33,3144.9,1110378.9,1767.1047
66988.26,1493.0701,56691.133,262143.0,76827.95,12048.181,25795.73,2242.69,10813.44,181593.73,3146.9,1563206.1,2418.7217
20571.15,350.11002,5226.5303,64911.652,7055.58,1213.61,2175.56,197.28,1873.0801,17306.521,3147.0,144116.8,725.44696
46846.02,822.68005,24031.99,262143.0,34635.77,5920.47,13586.29,1115.18,7205.8804,82201.68,3147.1,662660.1,1465.7834
6351.87,67.51,-21.980001,127.170006,36.11,47.100002,15.07,105.49,1.32,-157.08,3147.2,-606.0784,-10.894073
37192.5,618.58,17337.51,212815.08,25316.25,3519.9402,8681.69,508.27,4002.2402,57318.363,3147.3,478065.97,1331.8472
29128.47,384.65002,14729.74,182143.56,22443.15,3557.62,7377.45,685.0,3441.2402,51081.363,3148.3,406159.12,1444.8606
11772.84,97.340004,70.65,1739.56,708.07,152.29001,127.41,-38.36,443.52002,1735.8,3151.3,1948.1091,16.158524
49186.32,1232.4501,6480.9604,77989.75,9299.11,918.45,519.23,117.82,1403.16,23849.762,3151.6,178706.56,375.742
5870.7603,590.32,8127.89,97057.41,11173.69,1835.3301,675.41,36.99,1203.8401,30847.082,3151.6,224119.14,3957.5166
24145.11,511.82,13497.29,167201.86,20717.72,3165.12,7972.03,652.12,3272.28,45043.684,3153.5,372175.44,1597.3298
32985.18,742.61005,32429.922,262143.0,44886.3,8231.511,16704.41,1202.86,4713.72,102010.92,3153.6,894225.44,2810.0984
65653.68,1213.61,58608.1,262143.0,76116.74,12206.75,12624.55,1017.91,5934.72,184570.33,3153.8,1616064.8,2551.3933
10349.5205,229.22,100.48,1519.76,411.34003,381.51,135.63,10.96,256.08002,982.08,3153.8,2770.6443,26.759295
16818.84,298.30002,83.21,866.64,383.08002,83.21,198.65,-102.75,561.0,1623.6001,3154.0,2294.4397,13.145831
41333.7,704.93005,22317.55,262143.0,30809.682,5094.6504,7452.8,787.75,5841.0,75324.484,3154.0,615386.06,1542.8008
33031.29,492.98,23929.941,262143.0,33820.94,4587.54,10146.22,927.49,3412.2002,76553.41,3154.2,659846.25,2070.4055
20469.36,169.56001,664.11005,8488.99,2023.7301,695.51,210.98,58.91,729.96,5512.3203,3154.2,18312.227,91.76514
45858.57,593.46,26748.092,262143.0,36683.05,5678.6904,10328.43,857.62,4146.12,87050.05,3154.3,737554.2,1666.7129
49178.492,682.95,21364.56,261025.06,30643.262,4066.3,10665.45,856.25,5310.3604,72369.0,3158.1,589108.2,1241.132
10662.72,171.13,693.94,8881.49,1835.3301,376.80002,89.05,23.29,605.88,5085.96,3158.3,19134.762,185.08139
53015.19,1321.9401,49222.64,262143.0,78280.2,13652.721,31475.75,2585.19,10974.48,167634.73,3160.4,1357269.2,2653.6882
47388.03,1070.74,44881.59,262143.0,61390.14,10407.53,20197.91,1611.12,5454.24,144067.45,3160.7,1237568.8,2706.9995
53290.98,910.60004,27708.932,262143.0,38293.87,5655.14,10965.48,952.15,4375.8003,88933.68,3162.2,764048.44,1485.6716
45932.52,1560.5801,26570.682,262143.0,39521.61,5976.99,12257.39,1228.89,6572.2803,93588.0,3163.2,732662.25,1652.9845
28207.14,246.49,1191.63,16024.99,3521.51,1408.29,1463.16,237.01,1634.16,9460.44,3163.2,32858.105,119.7901
80283.6,1438.12,40217.12,262143.0,55026.934,8344.55,15187.82,1520.7,9667.681,135919.08,3163.5,1108950.4,1431.2972
17219.041,161.71,491.41,6088.46,2050.4202,659.4,161.66,52.06,656.04004,4102.56,3163.7,13550.182,80.59885
62290.26,993.81006,39590.69,262143.0,52233.902,7154.49,15316.6,1367.26,7223.0405,124804.69,3165.7,1091677.1,1816.2803
52444.47,1117.8401,50169.35,262143.0,68516.375,12886.561,20980.18,1823.47,6963.0005,158372.28,3166.6,1383374.0,2734.192
21192.33,194.68001,6576.73,80715.27,10327.46,1971.92,4397.7,428.81,2145.0,24628.56,3168.3,181347.31,886.32007
23833.65,648.41003,15433.101,191131.81,32180.291,6036.6504,22400.87,2116.65,6940.56,61113.363,3171.3,425553.62,1850.4485
10828.0205,241.78001,131.88,2127.35,447.45,207.24,65.76,-49.32,223.08,1118.04,3171.6,3636.4705,33.824017
13315.35,98.91,-37.68,671.96,447.45,351.68002,105.49,-28.77,300.96002,1606.4401,3172.6,-1038.9916,-9.091095
52260.03,971.83,32181.861,262143.0,50106.55,7857.85,28090.48,2700.27,7852.68,112056.125,3172.8,887385.4,1759.7207
40679.46,1037.77,19761.59,244668.81,28220.75,5243.8003,8647.44,834.33,2646.6,64632.484,3174.7,544907.75,1387.979
36412.11,880.77,20838.611,255767.14,33587.01,5898.49,16356.43,1352.1901,7332.6,77052.36,3176.3,574605.6,1635.3339
36823.62,786.57,288.88,5091.5103,2004.89,671.96,289.07,65.76,1153.68,5027.8804,3177.9,7965.602,21.430553
20449.35,635.85004,23447.951,262143.0,39598.543,6625.4004,21389.81,1954.99,5587.56,84681.96,3178.7,646555.8,3277.494
11807.64,328.13,135.02,1245.01,593.46,197.82,278.11002,78.090004,262.68002,1496.88,3180.1,3723.0532,31.695202
35812.68,579.33,2934.33,36869.883,10233.261,2898.2202,8903.63,817.89,5079.3604,24582.361,3180.3,80911.47,233.2724
44558.79,885.48004,29577.23,262143.0,44368.203,6859.33,22794.06,2022.12,7481.7603,98402.05,3180.8,815565.06,1896.8992
10604.43,70.65,139.73001,2193.29,665.68,119.32001,8.22,34.25,327.36002,2028.8401,3180.9,3852.9272,36.674835
29402.52,587.18,27606.88,262143.0,38816.68,5617.46,9763.99,639.79,3467.6401,87985.92,3181.5,761234.5,2683.6138
13194.42,138.16,494.55002,6592.43,2813.4402,606.02,3766.1301,309.62,1161.6001,4534.2,3181.8,13636.765,106.16894
37488.3,560.49,21716.24,262143.0,30208.371,5381.96,8111.77,804.19,3562.6802,71137.445,3181.9,598805.44,1655.2957
58825.05,755.17004,29029.3,262143.0,41471.55,6832.64,15923.51,1394.66,6754.4404,97380.37,3182.4,800456.44,1409.9878
3328.62,135.02,4601.67,54720.78,6133.99,982.82,165.77,5.48,286.44,15310.681,3183.0,126886.836,3951.7578
14451.57,246.49,419.19,4801.06,916.88,368.95,68.5,12.33,337.92,2810.28,3183.5,11558.781,81.93635
26771.64,596.60004,1851.03,23367.88,3706.77,1303.1001,357.57,89.05,1157.64,9836.641,3183.6,51040.46,196.69127
13202.25,160.14,353.25,4760.24,1474.2301,240.21,175.36,72.61,429.00003,3211.56,3183.8,9740.546,75.50384
30888.48,1058.18,14627.69,182470.11,28016.65,6736.87,17329.13,1442.61,6188.16,59121.48,3185.4,403345.2,1353.0298
23037.6,565.2,1262.28,15731.4,2124.21,522.81,234.27,26.03,393.36002,5561.16,3190.1,34806.22,155.66338
29614.8,467.86002,14987.221,183007.06,20810.352,2022.16,5088.18,520.6,3377.8801,49209.6,3192.5,413258.9,1445.9758
11046.39,135.02,268.47,3650.25,706.5,102.05,52.06,57.54,147.84001,1479.7201,3193.7,7402.8145,68.490326
4497.03,257.48,117.75001,2683.1301,2664.29,1045.62,495.94,227.42,724.68005,3367.32,3194.2,3246.8486,73.86591
21009.63,621.72003,456.87003,5896.9204,1403.5801,453.73,105.49,8.22,405.24002,3966.6,3197.5,12597.773,61.176067
17276.46,609.16003,9000.811,110922.07,16824.121,4055.31,11043.57,889.13,4831.2,38517.6,3198.0,248189.12,1488.6212
16276.83,161.71,116.18,1876.15,1234.02,271.61002,-4.11,82.2,623.04004,2464.4402,3198.3,3203.5571,19.408472
9805.7705,80.07,56.52,1238.73,500.83002,133.45,-21.92,-45.21,286.44,1193.28,3203.6,1558.4873,15.480463
19825.56,463.15002,2847.98,36128.84,11351.101,2841.7002,17666.15,1485.08,3871.56,18645.0,3203.8,78530.445,409.73383
67553.76,1284.26,51045.41,262143.0,79123.29,12712.29,32782.73,3223.61,12166.44,174703.33,3204.1,1407530.5,2159.5095
11591.01,117.75001,158.57,1764.68,1033.06,665.68,252.08,28.77,485.76,2244.0,3204.2,4372.423,38.11549
19970.85,244.92001,7451.22,92177.84,10131.21,2015.8801,3679.82,332.91,1627.56,24129.602,3204.7,205460.58,1065.7922
41615.582,543.22003,8741.761,105968.73,16940.3,2962.59,12782.1,1137.1,3758.04,33955.68,3205.2,241046.06,599.60913
43834.082,733.19,42179.62,262143.0,59096.37,9854.891,19545.791,1694.6901,7571.5205,140502.12,3206.0,1163064.5,2750.3115
55319.82,1361.1901,43630.3,262143.0,61773.223,8831.25,22902.291,1993.35,7310.16,142182.48,3206.7,1203065.6,2254.0515
6552.84,354.82,9346.21,111653.695,13790.881,2771.05,183.58,84.94,1085.04,32213.281,3207.0,257713.19,4077.0725
66163.5,1541.7401,46607.023,262143.0,65414.05,10726.24,22976.27,1826.21,10076.881,152462.64,3207.5,1285146.0,2013.104
10537.44,262.19,53.38,1223.03,492.98,144.44,241.12,-20.55,217.8,1244.76,3207.5,1471.9047,13.484131
53292.72,1218.3201,60038.37,262143.0,78617.75,12202.04,20447.25,1997.46,8131.2,189619.33,3210.8,1655503.1,3220.143
34100.52,741.04004,1510.3401,18387.84,3322.12,562.06,254.82,-19.18,1003.2,8632.801,3212.1,41646.246,125.63762
44073.332,1160.23,32078.24,262143.0,50440.96,6862.47,20402.041,1859.09,8304.12,111334.086,3214.6,884528.1,2080.0554
9484.74,299.87,135.02,2350.29,1973.4901,1237.16,247.97,102.75,670.56,3640.56,3215.1,3723.0532,39.702557
61593.39,968.69,42338.19,262143.0,61982.03,10228.551,22729.67,2015.27,9280.92,138343.92,3215.9,1167436.9,1964.3829
30866.73,521.24,8774.73,106332.96,12272.69,1312.52,1771.41,226.05,2725.8,29449.201,3216.8,241955.17,811.8158
46828.62,1369.04,31371.74,262143.0,44906.71,6479.39,16703.041,1359.04,9848.5205,104604.73,3218.1,865047.06,1914.4739
9879.72,97.340004,87.920006,-29.830002,-42.390003,20.41,21.92,28.77,135.96,162.36,3218.3,2424.3137,24.444391
13550.25,81.64,467.86002,6079.04,1694.03,538.51,2556.42,216.46,674.52,3894.0002,3218.8,12900.812,97.72283
39574.56,755.17004,35276.332,262143.0,46289.883,7058.72,10683.26,1034.35,6461.4004,110349.37,3219.8,972712.56,2547.6858
13556.34,135.02,281.03,4135.3804,1201.05,612.30005,116.45,-6.85,715.44,3521.7603,3219.9,7749.145,58.273315
35899.68,485.13,22049.08,262143.0,31436.111,4094.56,7718.58,669.93,3501.9602,70041.84,3221.5,607983.2,1755.0985
25342.23,469.43002,21687.98,262143.0,34152.21,5416.5,16381.09,1417.95,5612.64,74731.805,3222.2,598026.25,2445.9397
6090.87,340.69,-25.12,1631.2301,3844.9302,2122.6401,42.47,17.81,151.8,8547.0,3222.7,-692.6611,-12.79205
22439.041,356.39,205.67001,2562.24,951.42004,171.13,138.37,43.84,542.52,2860.4402,3228.7,5671.1626,25.206903
44711.91,3080.34,132865.97,262143.0,181664.7,27770.16,45801.84,4044.24,18021.96,262143.0,3230.5,3663657.5,8495.489
32750.28,960.84,44754.42,262143.0,66227.31,11175.261,22802.28,1935.81,7492.3203,144702.36,3232.1,1234062.2,3906.2388
33839.52,712.78,30761.012,262143.0,42400.992,6129.2803,11782.0,1057.64,5171.7603,97203.484,3232.8,848206.75,2598.1145
24693.21,392.5,12845.74,158684.61,18488.32,3136.86,5921.14,501.42,2856.4802,42634.684,3233.2,354209.53,1486.4095
20301.45,453.73,2805.59,36618.68,10577.091,3041.09,13693.15,1256.29,3756.7202,20800.56,3233.5,77361.58,394.13562
10881.09,102.05,70.65,1216.75,613.87,54.95,108.23,16.44,487.08002,1506.1201,3237.1,1948.1091,17.564735
14303.67,157.0,441.17,5308.1704,1604.54,494.55002,116.45,64.39,582.12,3915.12,3237.3,12164.859,87.18759
69685.26,1595.12,49437.73,262143.0,67279.21,10173.601,18996.42,1627.56,11251.681,162651.72,3238.5,1363200.2,2027.4609
13648.561,18.84,276.32,3620.4202,810.12006,516.53,50.69,-24.66,537.24005,2869.6802,3239.9,7619.2715,56.886127
72957.33,1635.9401,58360.043,262143.0,80060.586,12658.91,18830.65,1682.36,9026.16,189983.64,3240.1,1609224.8,2286.1553
32552.791,755.17004,16744.05,203073.23,29991.71,5622.1704,16646.87,1491.93,8436.12,68613.6,3243.3,461701.88,1469.6906
12888.18,138.16,136.59001,1653.2101,948.28,277.89,208.24,47.95,690.36005,2185.9202,3243.5,3766.3447,29.302355
4272.57,262.19,84.78001,2025.3,1144.53,423.90002,323.32,46.58,472.56003,3045.2402,3243.6,2337.7312,55.735294
70205.52,1256.0,66814.49,262143.0,86871.24,12994.891,18777.22,1450.83,9296.761,210083.28,3244.6,1842348.5,2720.1243
5087.7603,164.85,6791.8203,79490.67,8474.86,1588.8401,42.47,34.25,526.68,22207.682,3244.7,187278.23,3815.8804
61257.57,1124.12,46033.973,262143.0,64740.523,9768.54,19684.16,1826.21,7803.8403,150872.05,3246.2,1269344.6,2147.66
31363.5,345.40002,19906.031,241491.12,26649.182,4618.94,9488.62,805.56,3826.6802,64575.723,3249.4,548890.6,1813.7181
13297.08,32.97,296.73,3978.3801,1146.1001,463.15002,6.85,23.29,481.80002,2816.8801,3251.5,8182.0586,62.804924
32329.2,488.27002,19314.14,231644.1,25939.541,3906.1602,7004.81,822.0,2963.4001,63394.324,3251.9,532569.75,1707.1635
51699.75,1585.7001,58950.363,262143.0,83534.99,14395.33,27432.88,2511.21,10160.04,188279.53,3253.4,1625502.4,3259.221
17024.16,370.52002,152.29001,1299.9601,595.03,183.69,178.1,67.13,378.84003,1943.04,3253.5,4199.258,24.577301
24636.66,497.69,5534.25,70565.22,13594.631,2507.29,11609.38,985.03,18568.441,36301.32,3255.7,152601.88,641.2822
32207.4,546.36005,15842.87,194358.16,21672.281,4078.86,7537.74,490.46,4057.6802,52909.562,3256.4,436852.66,1405.4594
27873.93,571.48004,20154.09,246322.02,29429.65,4217.02,8948.84,738.43,5122.9204,66363.0,3256.8,555730.56,2066.3499
5075.58,240.21,2610.9102,33685.92,4689.5903,1133.54,246.6,134.26,492.36002,9799.681,3259.2,71993.46,1469.8055
51496.17,1037.77,38251.48,262143.0,51857.1,8821.83,12021.75,916.53,4705.8003,124542.01,3265.1,1054749.6,2122.8425
29953.23,607.59,18827.441,232549.98,28683.9,4644.06,7493.9,589.1,5495.16,61592.523,3265.3,519149.47,1796.2009
11647.561,84.78001,164.85,2433.5,795.99005,318.71002,338.39,1.37,439.56003,2191.2002,3266.3,4545.588,39.467182
24785.43,306.15002,1040.91,13335.58,4677.0303,1612.39,8635.11,790.49,1870.4401,9101.4,3267.3,28702.143,119.078636
32597.16,474.14,19796.13,244340.67,26333.611,4206.0303,6967.82,654.86,3274.9202,64342.082,3267.7,545860.2,1735.399
12099.09,100.48,226.08,3416.32,588.75,86.350006,156.18001,15.07,175.56001,1584.0001,3268.9,6233.949,52.42671
15198.03,248.06001,128.74,2103.8,912.17004,207.24,87.68,0.0,608.52,2424.84,3270.9,3549.888,23.22006
12756.811,83.21,353.25,4435.25,1248.15,406.63,190.43001,5.48,509.52002,3781.8,3271.2,9740.546,78.175186
21188.85,276.32,13863.101,167239.55,18654.74,3050.51,3944.23,376.75,1849.3201,44833.8,3271.4,382262.3,1869.6907
36265.082,662.54004,9404.301,118845.87,20665.91,3218.5,13350.65,1215.1901,7236.24,42255.84,3271.6,259314.98,740.45844
12745.5,54.95,197.82,2268.6501,1111.56,364.24002,63.02,21.92,491.04,1866.4801,3272.1,5454.7056,43.37745
25767.66,439.6,11233.351,136327.81,16307.591,2453.9102,5619.74,456.21,3260.4001,37440.48,3273.2,309749.38,1245.4744
11294.34,315.57,144.44,2753.78,2413.09,1048.76,609.65,205.5,931.92004,3729.0002,3275.7,3982.801,35.565845
55423.35,1026.78,44261.44,262143.0,59082.242,8419.91,12491.66,1149.43,7500.24,142384.45,3275.8,1220468.8,2282.3987
56726.61,882.34,31825.47,262143.0,42795.062,6334.95,13462.99,1042.57,5739.3604,101521.2,3277.7,877558.25,1603.1205
4278.66,293.59,3340.9602,41705.48,5405.5103,1066.03,265.78,82.2,708.84,13519.44,3277.7,92123.92,2231.6082
31073.791,290.45,15061.011,183548.7,21259.371,3265.6,6078.69,548.0,2971.32,49010.28,3280.6,415293.6,1384.8265
59381.85,968.69,40592.35,262143.0,58429.12,8369.67,19666.35,1812.51,8854.561,136455.0,3282.4,1119297.0,1953.5171
26718.57,618.58,577.76,7421.39,2136.77,431.75,291.81,20.55,801.24005,5367.12,3288.5,15931.204,60.827724
54080.94,861.93005,30638.55,262143.0,43162.44,7170.1904,13247.9,1027.5,5920.2,100254.01,3288.6,844830.0,1618.8431
13015.2,141.3,1260.7101,15765.94,3865.34,1033.06,5008.72,411.0,2127.84,8124.6,3292.9,34762.926,275.95764
25533.63,527.52,686.09,9366.62,3678.51,1133.54,626.09,65.76,2134.4402,9526.44,3293.3,18918.305,75.827644
46240.5,883.91003,28672.91,262143.0,41112.02,6871.89,12536.87,1289.17,3950.7603,91926.125,3293.4,790629.25,1771.957
47562.03,836.81,23165.352,262143.0,34233.85,4593.8203,12936.91,885.02,5047.68,75716.52,3294.1,638763.4,1391.6035
52158.242,1018.93005,24616.031,262143.0,36527.62,5882.79,14146.62,1283.6901,6890.4004,81754.2,3294.4,678764.56,1348.4105
14842.2,95.770004,62.800003,992.24005,978.11005,175.84001,93.16,-17.81,331.32,2287.56,3294.8,1731.6526,11.097911
18792.87,248.06001,7265.9604,89224.67,10371.42,1529.18,3745.58,439.77,1921.92,24954.602,3295.3,200352.22,1104.4751
8663.46,266.9,21.980001,624.86005,332.84,15.700001,71.24,93.16,165.0,1046.76,3297.7,606.0784,6.25413
21477.69,428.61002,1020.50006,12327.641,1888.7101,472.57,130.15,76.72,377.52002,5727.4805,3298.3,28139.355,134.85464
10250.34,266.9,111.47,1097.43,232.36,157.0,-15.07,30.14,258.72,1103.52,3299.0,3073.6833,30.09344
58578.84,1018.93005,27862.791,262143.0,41061.78,5586.06,11618.97,1080.93,6075.9604,95343.6,3300.1,768291.0,1358.9811
58006.38,901.18005,38753.883,262143.0,53397.273,8661.69,12229.99,1104.22,8037.4805,132033.0,3300.2,1068602.9,1909.2423
30804.09,1343.92,26495.32,262143.0,43754.332,8938.011,23443.44,1971.43,10226.04,92920.086,3300.3,730584.25,2458.2905
14190.57,423.90002,624.86005,6766.7,1001.66003,303.01,101.38,78.090004,215.16,2976.6,3301.0,17229.943,124.90179
13240.53,146.01001,80.07,1777.2401,1310.9501,314.0,313.73,58.91,600.60004,2508.0,3302.9,2207.857,16.290735
18753.72,445.88,1664.2001,22490.25,8977.261,2026.8701,13376.68,1059.01,3313.2002,14945.041,3303.3,45888.793,252.72723
18421.38,227.65001,6090.0303,74220.18,7300.5,1219.89,998.73,68.5,1520.64,19190.16,3304.5,167927.02,944.2491
58885.95,960.84,41809.1,262143.0,57202.953,9030.641,15008.35,1333.01,7009.2,132881.77,3304.9,1152847.8,2029.0566
50138.97,576.19,15960.62,197047.56,22846.64,3443.01,9032.41,691.85,6324.12,54827.523,3307.9,440099.5,909.17175
42629.13,954.56006,28639.941,262143.0,39005.082,6501.37,10085.94,1038.46,5447.64,91976.28,3308.1,789720.2,1919.9438
45615.84,813.26,28611.682,262143.0,41542.203,6341.23,16674.27,1791.96,8943.0,95643.24,3308.5,788940.94,1792.3981
9706.59,81.64,4.71,-58.09,54.95,-131.88,-45.21,34.25,135.96,34.32,3310.7,129.87395,0.38740504
16296.84,241.78001,850.94,8996.101,1359.62,142.87001,108.23,26.03,381.48,3630.0002,3316.0,23463.893,148.29475
44665.8,1015.79004,30439.16,262143.0,41859.34,5794.87,12579.34,1013.8,5055.6,96804.84,3316.5,839332.0,1947.5276
39051.69,607.59,15123.811,184661.84,20408.432,3031.6702,5266.28,419.22,3578.5203,50392.32,3317.8,417025.25,1106.313
54452.43,1449.1101,35259.062,262143.0,51825.703,8737.05,15705.68,1208.34,6453.4805,118033.086,3320.1,972236.4,1850.4094
57995.94,1152.38,28831.48,262143.0,42647.48,7785.6304,13698.63,1076.82,5532.12,97980.96,3321.8,795001.7,1420.4066
17614.02,211.95001,5885.93,72050.445,8567.49,993.81006,2353.66,279.48,1807.0801,19887.121,3322.4,162299.14,954.4448
16876.26,381.51,689.23004,7487.33,1183.78,381.51,105.49,-15.07,297.0,3882.12,3322.5,19004.889,115.77154
6504.99,466.29,5772.89,68641.97,7496.7505,1069.17,165.77,-36.99,624.36005,20537.88,3322.6,159182.17,2536.4392
10908.061,58.09,108.33,1642.2201,536.94,17.27,36.99,0.0,361.68002,2047.3201,3322.9,2987.1006,27.395542
72397.92,1386.31,66676.336,262143.0,94579.945,13859.961,30637.31,2805.76,8917.92,210586.2,3323.9,1838539.0,2632.2654
39090.84,659.4,21543.541,262143.0,29936.762,4217.02,9147.49,876.8,4418.04,70728.24,3324.2,594043.44,1574.7637
29017.98,736.33,33648.242,262143.0,47131.402,7229.85,13499.98,1327.53,4877.4004,106270.56,3326.1,927819.5,3314.4631
35889.24,469.43002,18665.73,224652.88,25884.592,3746.02,7691.18,660.34,4117.08,62260.44,3326.5,514690.44,1486.0642
3844.53,183.69,139.73001,2311.04,1348.63,412.91,186.32,-12.33,616.44,2093.52,3327.4,3852.9272,102.919106
12320.94,131.88,102.05,1400.4401,392.5,83.21,143.85,46.58,231.00002,1065.24,3328.4,2813.9355,22.68199
16697.041,266.9,199.39,5163.73,5647.29,2051.99,12128.61,1059.01,2040.7201,7121.4004,3328.8,5497.997,33.14388
30020.22,533.8,411.34003,5738.35,1475.8,582.47003,201.39,63.02,1044.12,4708.4404,3329.1,11342.325,38.177444
36519.12,582.47003,25044.64,262143.0,35775.59,5055.4004,10875.06,975.44,4480.08,83484.73,3329.5,690583.06,1959.846
13357.11,125.600006,285.74002,3979.9502,1582.56,880.77,405.52,141.11,640.2,3614.1602,3330.2,7879.0195,60.16564
18037.71,249.63,4903.1104,59969.293,7232.99,1034.63,1579.61,109.6,1469.16,16778.521,3330.2,135198.78,776.21155
64393.05,1350.2001,44892.582,262143.0,61867.42,10055.851,18875.86,1457.68,7942.4404,142936.2,3330.9,1237871.9,1992.3547
11102.07,147.58,-1.57,560.49,306.15002,141.3,10.96,-23.29,360.36002,1235.52,3331.8,-43.291317,-1.4043381
39013.41,865.07,29914.781,262143.0,42507.75,4852.87,9883.18,922.01,5525.52,97665.484,3332.7,824872.75,2191.4055
54854.37,976.54004,34079.992,262143.0,47757.832,6455.8403,15035.75,1211.08,6091.8003,110701.805,3332.8,939724.6,1775.3855
25704.15,646.84,11285.16,138312.3,21730.371,4488.6304,11231.26,956.26,5731.4404,46553.76,3335.5,311177.97,1254.3171
16943.25,158.57,3149.4202,38556.062,4022.34,579.33,1719.35,131.52,1923.2401,11553.961,3339.1,86842.38,530.47504
14202.75,202.53001,4520.0303,53899.67,6515.5,646.84,1852.24,267.15,1370.16,13788.721,3340.7,124635.7,908.9508
20776.47,427.04,346.97,3794.6902,722.2,441.17,26.03,43.84,479.16003,2877.6,3340.7,9567.381,46.74954
36437.34,631.14,27740.33,262143.0,37723.96,6176.3804,8243.29,741.17,3065.04,88680.24,3340.8,764914.25,2175.777
11199.51,102.05,83.21,1003.23004,530.66003,152.29001,161.66,31.51,432.96002,1316.04,3341.1,2294.4397,20.243473
19776.84,951.42004,37083.402,262143.0,49415.75,6940.97,10422.96,968.59,5507.04,115712.52,3342.0,1022540.9,5360.3193
3859.32,240.21,4587.54,56078.832,5691.25,1022.07,53.43,-6.85,465.96002,14834.16,3343.9,126497.22,3397.7407
44259.51,1413.0,59294.19,262143.0,82382.61,11365.23,20813.041,1660.4401,8371.44,190065.48,3343.9,1634983.1,3829.4917
33664.65,759.88,27624.15,262143.0,38753.883,5953.4404,10207.87,765.83,4759.9204,88593.125,3345.9,761710.7,2345.1936
70175.07,1243.4401,41849.92,262143.0,65139.3,13046.7,31249.7,2834.53,10098.0,142871.53,3348.7,1153973.4,1704.143
37514.4,624.86005,21262.51,261287.27,29528.56,5684.97,11516.22,948.04,4637.16,70791.6,3348.9,586294.25,1619.5615
4319.55,301.44,5721.08,68351.52,7465.35,1376.89,168.51,17.81,537.24005,18882.602,3349.7,157753.55,3785.941
63031.5,932.58,21987.852,262143.0,32345.14,5022.43,9763.99,1002.84,8011.08,78151.92,3351.7,606294.9,996.41095
3594.84,257.48,5937.74,71168.1,9264.57,1361.1901,94.53,4.11,617.76,21125.281,3351.9,163727.75,4721.7026
30109.83,598.17004,1028.35,12852.0205,1927.9601,238.64001,12.33,45.21,839.52,5852.8804,3357.5,28355.81,96.65211
17849.791,646.84,18252.82,223947.95,39584.41,7972.4604,23257.12,2248.17,5940.0,68622.84,3360.4,503304.8,2922.7876
32214.36,640.56,37915.5,262143.0,52631.113,7906.5205,14363.08,1200.12,4651.68,120405.125,3361.5,1045485.25,3364.242
56058.45,956.13,45321.19,262143.0,64117.23,8744.9,19290.97,1675.51,6969.6,143263.56,3364.8,1249690.4,2310.5815
36499.98,766.16003,43558.082,262143.0,62473.44,9292.83,17777.12,1489.1901,5406.72,134868.36,3364.8,1201074.2,3411.1265
16220.28,191.54001,6631.68,82019.945,9471.811,1276.41,2159.12,216.46,1254.0,20999.88,3365.6,182862.52,1167.9991
57645.332,960.84,32544.531,262143.0,48988.71,8663.261,21873.42,1816.62,6996.0005,108500.05,3367.6,897385.7,1613.2206
16675.291,186.83,7504.6,91779.06,10164.181,736.33,1039.83,145.22,918.72003,23279.521,3372.5,206932.48,1285.7765
55292.85,1380.03,60087.043,262143.0,86114.5,12533.311,24629.86,2357.77,6882.4805,194399.05,3373.1,1656845.2,3106.1401
46460.61,715.92004,25755.852,262143.0,35281.043,5551.52,11698.43,931.6,4415.4004,82486.805,3374.1,710194.06,1584.0392
73173.09,1657.92,72252.97,262143.0,97628.88,14976.23,30566.07,2834.53,8392.561,224268.02,3374.3,1992309.5,2822.2754
5394.0,458.44,8580.05,102800.46,9734.0,1328.2201,94.53,49.32,795.96,28302.121,3374.4,236587.03,4547.0776
53043.9,1069.17,49305.85,262143.0,68963.82,10004.04,20281.48,1702.91,7516.08,160407.72,3374.5,1359563.8,2656.737
48766.98,786.57,29318.182,262143.0,38551.35,6364.7803,13043.7705,1132.99,5203.4404,98058.84,3376.4,808422.06,1717.9377
28458.57,719.06,35001.582,262143.0,50387.582,7043.02,16915.39,1474.12,4489.3203,109497.96,3376.9,965136.6,3515.605
33665.52,425.47,14194.37,175249.69,19091.201,3887.32,7221.27,539.78,4572.48,49741.562,3378.0,391396.78,1204.535
37794.54,631.14,21221.691,259068.84,28016.65,3764.86,8677.58,791.86,4571.16,70884.0,3378.3,585168.75,1604.4618
25987.77,314.0,480.42,5499.71,1851.03,196.25,191.8,-4.11,789.36005,4316.4004,3379.0,13247.143,51.856823
37117.68,711.21,23471.5,262143.0,34569.832,4807.3403,11176.46,1057.64,4284.72,78604.68,3379.2,647205.1,1807.0441
7456.77,153.86,80.07,1053.4701,365.81,25.12,56.170002,2.74,266.64,543.84,3379.5,2207.857,29.702097
14628.18,241.78001,326.56,3705.2002,888.62006,135.02,54.8,13.7,446.16,2046.0001,3380.5,9004.593,62.829533
79479.72,1675.1901,41234.48,262143.0,63676.062,10712.11,30127.67,2720.82,10994.28,145815.12,3380.6,1137003.1,1482.3827
67736.46,1376.89,49580.6,262143.0,72849.57,10456.2,21550.1,2087.8801,8785.92,164130.12,3381.4,1367139.8,2091.8508
31300.86,478.85,15544.57,188886.7,20837.041,3414.75,4941.59,269.89,2812.9202,50462.28,3384.9,428627.3,1418.9448
25838.13,755.17004,1563.7201,23342.762,8499.98,2940.61,3505.83,453.47,4563.24,19682.521,3386.8,43118.152,172.04016
42649.14,667.25,28073.172,262143.0,37755.36,5168.44,10687.37,1013.8,5056.9204,90175.805,3389.1,774092.06,1881.0459
21452.46,304.58002,11512.811,139649.94,14662.23,2336.1602,1260.4,83.57,1723.92,37255.68,3394.0,317455.22,1533.4518
63710.97,1031.49,45314.91,262143.0,61261.402,9587.99,14864.5,1459.05,6677.8804,141657.12,3395.7,1249517.2,2032.6487
69222.42,1263.8501,42780.93,262143.0,60495.242,9193.92,20041.73,1585.09,6980.16,135515.17,3396.7,1179645.0,1766.0647
87610.74,2081.82,78581.64,262143.0,113244.1,17778.68,34806.22,3092.09,15449.28,258032.3,3398.8,2166816.8,2563.559
9431.67,92.630005,157.0,2133.6301,979.68005,161.71,413.74,49.32,323.40002,1956.2401,3399.7,4329.1313,46.59486
56181.992,1182.2101,33621.55,262143.0,49882.043,8379.09,17414.07,1648.11,8461.2,110501.164,3400.5,927083.5,1710.077
11533.59,141.3,69.08,530.66003,412.91,-25.12,-13.7,20.55,114.840004,1073.16,3400.9,1904.8179,16.125248
41899.2,825.82,31186.48,262143.0,43225.242,6049.21,13317.7705,1002.84,6155.16,104335.445,3403.6,859938.7,2127.1863
21262.8,425.47,2006.4601,24958.291,3168.26,693.94,75.35,43.84,484.44003,7889.64,3404.9,55326.3,268.8106
21003.541,331.27002,14699.91,179732.03,17392.46,2659.58,2331.74,206.87,1521.9601,47512.082,3405.0,405336.56,2000.1108
45205.2,653.12,15996.73,198455.86,22174.682,3129.01,7466.5,649.38,7431.6,57501.844,3406.1,441095.22,1010.79346
25272.63,419.19,14279.15,174119.28,19946.852,3417.8901,6115.68,411.0,2267.76,46090.44,3407.2,393734.5,1614.4774
28442.91,310.86002,12734.2705,153367.03,17764.55,2446.06,4515.52,389.08,2814.24,40593.96,3410.5,351135.88,1279.1152
29647.86,830.53,38006.562,262143.0,51505.42,6680.35,12713.6,1168.61,6103.68,121259.164,3411.8,1047996.2,3664.3396
11602.32,233.93001,2827.57,34990.59,3669.09,576.19,1422.06,108.23,1136.52,9313.92,3413.1,77967.66,695.815
42589.98,1180.64,57717.91,262143.0,81236.516,12377.881,19329.33,1893.34,5982.24,180030.84,3413.3,1591518.6,3873.8257
21102.72,281.03,1012.65,13850.54,4769.66,1430.27,2348.18,317.84,1997.16,9962.04,3413.4,27922.898,136.205
40687.29,1058.18,34879.12,262143.0,49666.953,8033.6904,18025.09,1372.74,5986.2,113780.05,3413.7,961759.9,2450.0703
17081.58,281.03,755.17004,9903.561,1646.93,414.48,239.75,-31.51,463.32,4311.12,3414.8,20823.123,125.405426
61711.71,1201.05,44705.75,262143.0,61671.17,9101.29,22065.22,1772.78,6568.3203,141849.84,3417.0,1232720.1,2070.3086
16231.59,150.72,215.09001,4254.7,2285.9202,794.42004,375.38,5.48,1030.92,4000.9202,3417.1,5930.91,36.888565
69257.22,1135.11,42424.543,262143.0,57213.94,8726.061,20015.7,1541.25,9144.96,135942.84,3422.4,1169818.0,1750.4637
51774.57,1048.76,39702.16,262143.0,57534.223,9611.54,18386.77,1694.6901,6671.2803,128218.2,3424.2,1094750.8,2191.5356
46170.9,938.86005,31082.861,262143.0,45679.152,7741.6704,18766.26,1753.6,5810.64,104287.92,3426.8,857081.44,1923.8711
21881.371,284.17,8002.29,96969.484,9961.65,1325.0801,3388.01,237.01,1668.4801,26708.88,3427.3,220655.83,1044.6558
19963.02,431.75,10368.28,125072.484,18995.43,3124.3,11453.2,1039.83,4488.0,41747.64,3428.0,285895.84,1484.0104
26019.96,438.03003,251.20001,6185.8003,6583.0103,2110.08,16081.06,1733.05,2225.52,7339.2,3431.9,6926.6104,26.603365
22947.121,687.66003,6681.9204,85304.38,17243.31,4125.96,18978.61,1824.84,7151.7603,35756.16,3436.2,184247.84,831.5726
66123.48,1290.54,37978.3,262143.0,58458.953,9391.74,20441.77,2038.56,8498.16,129905.164,3437.8,1047216.9,1641.2104
15226.74,230.79001,139.73001,2387.97,444.31003,80.07,1112.4401,90.42,953.04004,1515.3601,3439.8,3852.9272,25.238062
23753.61,472.57,2210.56,27066.8,3490.11,706.5,193.17,-13.7,557.04004,8553.601,3440.0,60954.17,265.08582
11228.22,67.51,152.29001,2132.06,780.29004,285.74002,49.32,4.11,421.08002,2164.8,3441.8,4199.258,37.780155
34757.37,609.16003,25005.39,262143.0,34207.16,5874.9404,10413.37,837.07,4539.48,82333.68,3443.0,689500.75,2056.0066
33553.29,533.8,19792.99,241040.53,27834.531,4355.18,7740.5,694.59,4095.9602,65629.086,3443.4,545773.6,1685.6512
45927.3,1169.65,11787.561,142689.45,17973.361,3565.4702,5210.11,430.18,2745.6,46540.562,3445.2,325031.2,732.84106
41709.54,621.72003,23678.74,262143.0,33294.992,4432.1104,10268.15,934.34,4254.3604,77268.84,3446.0,652919.6,1622.2007
50063.28,882.34,32304.32,262143.0,47241.3,6578.3003,14002.7705,1042.57,5042.4004,101878.92,3446.3,890762.06,1843.9741
26289.66,394.07,7399.41,93661.49,11437.45,2163.46,4567.58,347.98,1626.2401,24802.8,3448.7,204031.97,803.75024
12720.2705,100.48,141.3,2017.4501,601.31,367.38,126.04,36.99,505.56003,2139.72,3449.5,3896.2183,30.761047
14805.66,175.84001,1.57,-39.25,-23.550001,42.390003,-16.44,41.1,3.96,125.4,3451.4,43.291317,-0.6968058
44963.34,846.23004,33304.41,262143.0,45729.39,7625.49,15718.01,1253.55,5884.56,106980.73,3452.0,918338.6,2116.8352
28347.21,350.11002,9413.721,115654.055,13285.341,3309.56,4773.08,405.52,3326.4001,33617.76,3453.7,259574.73,948.51086
13719.03,119.32001,375.23,4710.0,1182.2101,304.58002,41.1,-35.62,939.84,3321.12,3454.3,10346.624,77.20295
40656.84,872.92004,20615.67,251192.16,31389.012,5220.25,10453.1,1035.72,11378.4,72700.32,3454.7,568458.25,1448.8158
11115.99,61.230003,40.82,795.99005,315.57,92.630005,54.8,-23.29,357.72,1103.52,3457.6,1125.5741,9.499625
5514.93,20.41,1.57,73.79,78.5,-47.100002,82.2,31.51,26.400002,-15.84,3458.8,43.291317,-0.1860295
29553.9,417.62003,17910.56,219123.34,24860.951,3943.84,8476.19,827.48,3760.6802,59941.203,3459.7,493867.3,1731.7797
30129.84,304.58002,255.91,4877.99,4862.29,1664.2001,9839.34,946.67,1287.0,5423.8804,3460.1,7056.4844,23.285074
51922.47,1427.13,45966.46,262143.0,64991.723,10333.74,20945.93,1693.32,8393.88,148563.36,3460.4,1267483.1,2530.2483
52821.18,1281.12,57560.91,262143.0,84753.31,15065.721,30609.91,2546.83,9748.2,189930.84,3461.2,1587189.5,3114.7927
22799.22,412.91,10663.44,131869.02,14114.301,2375.4102,5022.42,382.23,2795.76,35991.12,3463.8,294034.62,1336.2924
28779.6,436.46002,12164.36,149302.3,18155.48,2736.51,6267.75,624.72003,3682.8,40617.723,3464.8,335421.1,1207.519
16051.5,188.40001,284.17,4107.12,1573.14,368.95,235.64,28.77,648.12006,3814.8,3466.0,7835.728,49.618774
6579.81,439.6,25.12,2039.43,5557.8003,3441.4402,34.25,39.73,43.56,3891.36,3470.7,692.6611,9.915793
3755.79,32.97,7.8500004,81.64,-72.22,-1.57,-2.74,13.7,-1.32,58.08,3471.3,216.45657,4.976093
51276.93,1135.11,36375.332,262143.0,49980.953,8798.28,13778.09,1415.21,6461.4004,117363.84,3471.7,1003016.5,2027.3082
38567.1,764.59,26027.46,262143.0,39006.652,6173.24,14712.43,1271.36,5870.04,88911.24,3472.3,717683.44,1928.5846
22538.22,417.62003,208.81001,4146.37,1122.55,167.99,212.35,-60.28,467.28003,2575.32,3472.7,5757.745,25.489923
5803.77,83.21,15.700001,-130.31,-28.26,25.12,-24.66,-36.99,47.52,51.480003,3473.1,432.91315,6.7346106
35590.832,549.5,22631.55,262143.0,32073.531,5675.5503,10592.84,1061.75,4470.8403,73286.41,3473.1,624044.3,1817.131
38720.22,836.81,35312.44,262143.0,46269.473,7859.4204,9785.91,901.46,4498.56,112209.24,3474.5,973708.25,2606.5876
20406.72,675.10004,34054.87,262143.0,50263.55,7757.37,18116.88,1559.06,5657.52,109857.01,3476.1,939031.94,4770.501
6152.64,244.92001,5030.2803,60152.98,6884.45,1599.8301,100.01,16.44,594.0,16992.361,3476.8,138705.38,2336.651
32363.13,514.96,6275.29,77636.5,9889.431,1427.13,3545.56,276.74,3241.9202,23510.521,3477.4,173035.38,553.4115
47464.59,1241.87,46376.23,262143.0,67770.625,9859.601,21366.52,1822.1,10776.48,156750.0,3480.0,1278782.1,2792.6672
60591.15,1007.94006,31439.252,262143.0,44478.1,7666.31,14802.85,1559.06,7549.08,106756.33,3480.1,866908.6,1482.5835
34600.77,635.85004,22132.291,262143.0,30567.9,4918.81,8169.31,593.21,4683.3604,70811.41,3480.5,610277.7,1827.8986
25149.96,422.33002,230.79001,3340.9602,1369.04,530.66003,197.28,45.21,638.88,3182.52,3483.6,6363.823,25.237877
12467.97,240.21,257.48,3034.81,469.43002,180.55,87.68,28.77,199.32,1750.3201,3484.5,7099.776,58.046856
56783.16,1409.8601,58708.582,262143.0,80369.875,12837.891,21367.89,2097.47,9484.2,185844.12,3484.6,1618835.5,2955.1812
27809.55,777.15,33112.87,262143.0,48602.492,7167.0503,17372.97,1583.72,6580.2,107136.484,3485.3,913057.1,3403.4883
27579.871,665.68,27964.842,262143.0,39983.19,7025.75,13078.0205,846.66,4106.52,89550.125,3486.2,771104.94,2898.1396
28079.25,698.65,27938.15,262143.0,43038.41,7232.99,19149.86,1704.28,5918.8804,93376.805,3486.5,770368.94,2843.8616
22968.871,240.21,59.660004,1836.9,956.13,359.53,65.76,-9.59,250.8,2134.4402,3487.7,1645.0701,6.426645
13335.36,433.32,12936.801,160705.2,24495.14,4342.62,13038.29,1287.8,5962.4404,53100.96,3489.0,356720.44,2772.7742
12400.11,237.07,199.39,2873.1,968.69,259.05002,36.99,2.74,307.56,1983.9601,3492.2,5497.997,44.97554
61104.45,1288.9701,47349.633,262143.0,64603.934,9462.391,19051.22,1857.72,6383.52,145961.64,3493.2,1305622.8,2214.6072
50952.42,1146.1001,40168.453,262143.0,58287.82,9220.61,20092.42,1897.45,6816.4805,132530.64,3493.6,1107608.4,2253.0798
65049.9,1266.99,50926.09,262143.0,71683.06,10828.29,21363.78,1913.89,7983.3604,164969.64,3494.1,1404240.4,2237.4258
62351.16,1445.9701,72929.64,262143.0,107450.805,18252.82,34336.31,3279.78,9492.12,233700.73,3494.8,2010968.1,3343.3254
44922.45,1067.6,39146.383,262143.0,58592.402,10104.5205,21110.33,1607.01,6972.24,130660.2,3495.6,1079425.8,2490.5938
15075.36,224.51001,477.28003,6796.5303,1714.4401,645.27,257.56,26.03,1025.64,4898.52,3496.1,13160.561,89.52209
13203.99,442.74002,11999.511,146984.97,21524.701,4107.12,10770.94,875.43,3853.08,45463.44,3496.6,330875.53,2597.408
62265.03,1326.65,55521.48,262143.0,79054.21,11627.42,24372.3,2133.09,7009.2,174465.73,3496.8,1530954.0,2548.5635
4485.72,266.9,5920.47,70474.164,8972.551,1871.4401,201.39,91.79,561.0,19735.32,3497.6,163251.55,3772.7488
48891.39,896.47003,43939.59,262143.0,64054.434,10471.9,22607.74,2016.64,5892.4805,141679.56,3498.1,1211594.0,2568.6418
58601.46,1298.39,72022.18,262143.0,99082.7,16120.761,25820.39,2227.62,8822.88,222323.66,3501.2,1985945.8,3513.041
55705.23,1075.4501,33408.03,262143.0,45575.53,6378.91,12031.34,1069.97,4695.24,106048.805,3501.5,921195.9,1713.7621
4188.18,268.47,3496.3901,41793.402,5014.58,810.12006,49.32,113.71,374.88,12352.561,3502.5,96409.76,2385.9512
22103.22,376.80002,489.84003,5859.24,1417.7101,384.65002,184.95,69.87,516.12,3552.12,3502.7,13506.891,62.36475
45393.12,869.78,33203.93,262143.0,48117.363,7160.77,19577.3,1772.78,5590.2,109789.69,3503.0,915568.0,2090.4546
51154.26,802.27,30817.531,262143.0,45062.14,7454.3604,15739.93,1294.65,6297.72,102875.52,3503.1,849765.25,1721.523
12655.0205,326.56,1149.24,14812.95,5440.0503,852.51,9953.05,1165.87,2316.6,10049.16,3511.6,31689.242,258.65512
40468.05,706.5,19918.59,246306.31,30619.71,5366.2603,12072.44,1137.1,8169.4805,68250.6,3512.2,549236.9,1406.3279
8315.46,92.630005,103.62,1168.0801,598.17004,241.78001,112.340004,27.4,456.72003,1915.3201,3512.7,2857.2268,34.62922
25201.291,367.38,14508.37,177728.72,20731.852,2882.52,4834.73,367.16,2296.8,45258.844,3513.2,400055.03,1645.0569
8201.49,1025.2101,26.69,1499.3501,3227.9202,2403.6702,47.95,12.33,204.6,10463.641,3515.0,735.95233,8.304751
60526.77,948.28,34426.96,262143.0,46500.26,7972.4604,17185.28,1217.93,7459.3203,112647.484,3517.0,949291.94,1625.2982
44209.05,745.75,20003.371,245865.14,27459.3,5082.0903,6143.08,572.66,3178.56,64876.684,3517.7,551574.7,1292.7222
11209.08,102.05,87.920006,769.30005,617.01,194.68001,102.75,68.5,356.40002,1661.8801,3517.9,2424.3137,21.42677
23603.97,222.94,230.79001,3400.62,1526.04,384.65002,217.83,20.55,1095.6001,5533.4404,3519.3,6363.823,26.956379
12375.75,131.88,-25.12,222.94,-62.800003,-26.69,27.4,36.99,101.64001,409.2,3520.9,-692.6611,-6.8035955
69674.82,1466.38,44748.14,262143.0,60112.16,9401.16,14464.46,1176.83,9316.561,147358.2,3522.3,1233889.0,1835.319
60032.61,1474.2301,55399.023,262143.0,75694.414,11960.261,23311.92,2093.36,7333.9204,175904.53,3523.9,1527577.4,2637.5413
29432.97,671.96,22912.58,262143.0,32258.791,5195.1304,12247.8,1056.27,3714.4802,73351.086,3524.6,631793.44,2224.814
61155.78,1163.37,32374.97,262143.0,45555.12,6204.64,10364.05,795.97003,15828.121,112339.92,3525.4,892710.2,1512.6339
22305.06,367.38,146.01001,3122.7302,1084.87,293.59,1561.8,116.45,1261.92,2629.4402,3525.8,4026.0925,17.716656
26780.34,266.9,17.27,1256.0,615.44,61.230003,19.18,26.03,438.24002,1273.8,3527.4,476.20447,0.8438487
31091.19,532.23004,25291.13,262143.0,33778.55,5135.47,9669.46,838.44,3426.7202,81355.56,3529.3,697379.8,2324.8406
12875.13,108.33,39.25,1059.75,577.76,111.47,83.57,-41.1,283.80002,1792.56,3530.0,1082.2828,7.7163973
9069.75,102.05,21.980001,667.25,309.29,89.490005,-10.96,-31.51,267.96002,1594.56,3530.7,606.0784,5.929173
25735.47,761.45,24134.041,262143.0,35507.12,5479.3003,14782.3,1324.79,5212.68,77865.484,3530.8,665474.1,2680.3096
36727.05,819.54004,31363.89,262143.0,44463.973,7096.4004,12914.99,1213.82,6600.0005,104264.164,3530.9,864830.56,2440.703
14805.66,215.09001,6499.8003,80508.03,9121.7,1298.39,1553.58,65.76,1243.4401,21123.96,3531.4,179226.05,1254.224
21686.49,276.32,183.69,2990.85,913.74005,342.26,1405.62,100.01,1323.9601,2859.12,3533.7,5065.084,23.21839
11912.04,73.79,274.75,2819.7202,593.46,213.52,50.69,84.94,384.12003,2799.7202,3534.0,7575.98,64.94784
27120.51,449.02002,11412.33,139280.98,17059.621,1931.1001,5355.33,454.84,3376.56,38586.242,3537.2,314684.56,1202.1658
47603.79,1161.8,34219.723,262143.0,46793.85,7330.33,15844.05,1364.52,6064.08,112205.28,3537.4,943577.56,2054.3413
50049.36,871.35004,32017.012,262143.0,47110.992,6697.62,18268.95,1482.34,5344.68,104699.766,3537.6,882839.8,1828.074
58125.57,1237.16,10968.0205,134035.61,19662.68,4196.6104,11050.42,1054.9,24821.281,59241.6,3538.7,302433.12,538.523
54625.56,1312.52,48249.242,262143.0,71172.81,10529.99,26905.43,2418.05,11371.801,163484.64,3539.0,1330428.8,2524.4783
49649.16,827.39,34544.71,262143.0,47267.992,7190.6,8622.78,709.66,5599.4404,111702.37,3539.4,952538.8,1988.3842
36471.27,590.32,23386.72,262143.0,34558.84,5801.1504,9914.69,800.08,3973.2002,75629.41,3540.6,644867.44,1832.4431
39129.99,894.9,26776.352,262143.0,39207.61,5713.23,17751.09,1463.16,6572.2803,87435.484,3540.9,738333.4,1955.5486
27548.55,618.58,25457.55,262143.0,34296.652,4945.5,11429.91,957.63,4068.2402,81451.92,3542.3,701968.7,2641.2073
48338.07,719.06,29569.38,262143.0,43512.55,6854.62,14091.82,1153.54,4342.8003,96707.164,3543.1,815348.6,1748.0487
30999.84,711.21,19885.621,247829.22,32221.111,4890.5503,10754.5,953.52,5291.8804,68057.88,3544.8,548327.8,1833.124
30587.46,866.64,34010.91,262143.0,50684.312,7729.1104,17805.89,1776.89,5777.64,108336.37,3545.4,937819.75,3178.244
18351.78,169.56001,441.17,6042.93,1329.79,458.44,157.55,75.35,518.76,4235.8804,3546.7,12164.859,67.73482
11845.05,230.79001,89.490005,1438.12,315.57,10.990001,175.36,50.69,385.44,1094.28,3549.2,2467.605,20.601635
17046.78,180.55,595.03,8677.391,2515.1401,547.93,300.03,54.8,772.2,5400.12,3549.9,16407.408,98.803444
51142.082,780.29004,35560.5,262143.0,49663.812,7937.9204,16757.84,1512.48,5495.16,115609.56,3551.1,980548.25,1987.101
64500.06,2463.33,70130.336,262143.0,106836.93,16203.971,41465.79,3748.32,14572.801,236555.89,3551.2,1933779.9,3107.8145
20085.69,431.75,478.85,6421.3003,1686.18,204.1,246.6,83.57,538.56,3847.8,3551.7,13203.851,67.16505
11028.12,262.19,248.06001,2821.29,780.29004,268.47,31.51,-41.1,203.28001,1862.52,3552.0,6840.028,63.313812
11477.04,108.33,1672.05,20775.81,2165.03,320.28,902.83,102.75,1213.0801,6765.0005,3554.4,46105.25,415.55115
39557.16,1580.9901,3964.2502,48208.42,8857.94,2375.4102,558.96,135.63,2181.9602,19728.72,3556.6,109310.57,285.5398
19684.62,328.13,995.38,14151.98,4231.15,1235.5901,3077.02,358.94,2509.32,10123.08,3556.9,27446.693,143.58089
115525.56,3772.7102,154784.73,262143.0,217952.12,34800.62,71942.81,6308.85,25264.8,262143.0,3557.4,4268047.5,3829.884
49436.88,1124.12,32320.021,262143.0,51869.66,8065.0903,17446.95,1375.48,9032.761,112140.6,3560.4,891195.0,1868.2593
42219.36,551.07,20312.66,246728.64,28578.71,5272.06,9347.51,834.33,3899.2803,67209.125,3560.6,560103.0,1374.638
25457.94,529.09,19818.111,238906.9,28577.14,4370.8804,14010.99,1217.93,5430.48,65156.523,3560.7,546466.3,2224.8098
42727.44,888.62006,25901.861,262143.0,37168.18,6528.06,13599.99,1233.0,5472.72,85701.0,3560.9,714220.1,1732.2975
43732.29,800.7,32599.48,262143.0,48431.363,7476.3403,13808.23,1426.17,3674.8801,104958.484,3561.2,898900.9,2130.3633
45403.56,638.99005,2069.26,27291.31,10621.051,3596.87,8855.68,871.32,5732.7603,20862.602,3565.0,57057.953,129.30893
27398.041,615.44,19887.191,241542.94,35872.93,6435.43,18470.34,1261.77,5912.2803,72943.2,3566.4,548371.1,2074.4055
46720.742,1080.16,45139.07,262143.0,65847.375,10506.44,22728.3,1968.6901,8337.12,145498.33,3568.2,1244668.6,2761.4338
47548.11,926.30005,41951.973,262143.0,60314.69,8834.391,21693.95,1753.6,4616.04,136796.89,3568.3,1156787.2,2521.7146
31188.63,648.41003,2471.1802,31137.81,4893.69,795.99005,146.59,89.05,827.64,10882.08,3570.5,68140.53,225.54636
51079.44,1061.3201,41300.42,262143.0,63005.67,10453.061,22894.07,2137.2,7576.8003,139328.64,3571.2,1138821.4,2310.838
57873.27,918.45,40688.12,262143.0,57834.094,8746.471,20569.18,2263.24,7860.6,136621.33,3571.2,1121937.8,2009.1969
10327.7705,158.57,97.340004,1455.39,376.80002,113.04,391.82,91.79,773.52,1469.16,3572.0,2684.0615,25.948448
12704.61,178.98001,1113.13,14092.32,3477.55,1069.17,3823.67,426.07,1606.4401,7964.8804,3573.1,30693.541,249.51488
31868.1,1326.65,6.28,215.09001,21.980001,-14.13,57.54,-23.29,275.88,217.8,3573.2,173.16527,-0.43655372
22800.96,558.92004,182.12001,2201.1401,860.36005,375.23,71.24,31.51,525.36005,2377.32,3573.8,5021.7925,21.837759
11090.76,43.960003,241.78001,3348.81,833.67004,43.960003,50.69,0.0,628.32,3061.08,3574.0,6666.863,61.331577
6045.63,75.36,-4.71,-32.97,-54.95,-32.97,-6.85,31.51,-60.72,257.40002,3575.8,-129.87395,-3.2275546
12654.15,136.59001,1395.7301,17031.361,3232.6301,489.84003,2800.28,163.03,1165.56,6089.16,3577.0,38485.98,314.36786
26872.56,248.06001,329.7,5242.23,2008.03,434.89,224.68001,10.96,1125.9601,4511.7603,3577.5,9091.176,34.079945
60145.71,1282.6901,61341.473,262143.0,85565.0,12432.83,22946.13,2209.81,7002.6,192147.12,3578.3,1691435.0,2915.074
33432.36,354.82,22738.31,262143.0,32337.291,4637.7803,11424.43,809.67,3602.28,73199.28,3579.8,626988.1,1943.6442
14808.2705,282.6,138.16,2208.99,741.04004,263.76,142.48,32.88,307.56,1236.8401,3580.3,3809.6357,25.676386
23824.08,354.82,19381.65,237151.64,31293.24,4353.6104,10232.53,1102.85,3092.76,65112.96,3582.1,534431.25,2325.0742
31424.4,1007.94006,33941.832,262143.0,48144.05,6788.68,14905.6,1380.96,4630.56,108175.33,3582.2,935915.0,3087.2844
4980.75,70.65,-37.68,205.67001,248.06001,375.23,-6.85,21.92,135.96,559.68,3582.2,-1038.9916,-22.63043
3620.94,86.350006,18.84,573.05005,384.65002,229.22,168.51,-8.22,122.76,646.80005,3582.6,519.4958,13.876768
42773.55,715.92004,28964.932,262143.0,41041.37,6118.29,10638.05,961.74,4159.3203,94764.125,3582.7,798681.5,1935.182
39853.832,681.38,22133.861,262143.0,30541.21,4606.3804,6426.67,453.47,3109.9202,71442.36,3582.8,610321.0,1586.9474
11418.75,124.03001,215.09001,2984.57,723.77,414.48,121.93,-5.48,645.48004,2778.6,3583.3,5930.91,52.858055
32865.99,610.73004,21786.89,262143.0,32236.81,6171.6704,11428.54,1032.98,3842.5203,71249.64,3583.7,600753.56,1894.3854
29577.39,593.46,28489.22,262143.0,42074.43,6435.43,14091.82,1243.96,4783.68,93353.05,3583.9,785564.2,2753.0366
18056.85,263.76,554.21,6793.39,1559.01,478.85,68.5,46.58,411.84003,3862.32,3585.5,15281.834,86.75692
41907.03,967.12006,46228.652,262143.0,70351.7,11864.49,27083.53,2089.25,7370.8804,152705.53,3586.4,1274712.8,3153.0845
35542.11,489.84003,681.38,9332.08,2053.56,715.92004,246.6,13.7,1066.56,5954.52,3587.2,18788.43,53.81446
11439.63,135.02,12.56,1212.04,938.86005,10.990001,-31.51,84.94,245.52,1763.52,3587.9,346.33054,2.1392558
26898.66,480.42,22323.83,262143.0,31345.05,5127.62,7798.04,626.09,3725.04,72606.6,3588.3,615559.2,2371.9414
24669.72,268.47,3957.9702,48585.223,5308.1704,1171.2201,479.5,8.22,654.72003,14703.48,3589.2,109137.41,457.73013
49089.75,767.73004,28135.97,262143.0,41507.66,7999.1504,13130.08,1191.9,5349.9604,91378.32,3589.8,775823.6,1637.7777
17244.27,791.28,397.21002,7831.16,4937.6504,2062.98,919.27,220.57,1929.8401,9641.28,3591.8,10952.703,64.860405
62756.582,1210.4701,50183.48,262143.0,71007.96,11635.2705,23790.05,2261.87,8792.5205,161465.05,3591.9,1383763.6,2285.391
26755.98,1120.98,1414.5701,17470.96,2921.77,496.12003,168.51,23.29,1005.84,7362.9604,3592.2,39005.477,150.16547
17111.16,130.31,810.12006,10330.601,2026.8701,508.68002,106.86,54.8,917.4,5745.9604,3592.7,22338.32,134.36891
50575.71,846.23004,31148.8,262143.0,41901.73,6539.0503,12314.93,1102.85,6151.2,102162.73,3592.8,858899.7,1759.9553
3654.87,174.27,4524.74,53453.793,5520.12,1144.53,186.32,-12.33,335.28,15508.681,3595.3,124765.57,3538.7344
21642.121,359.53,384.65002,5246.94,1351.77,357.96002,189.06,94.53,806.52,3488.7603,3595.4,10606.373,49.817696
23745.78,368.95,10299.2,124959.445,14191.23,2370.7002,4403.18,372.64,2552.8801,33690.363,3596.3,283991.03,1239.1267
25243.92,563.63,23141.8,262143.0,31963.63,6251.74,12710.86,916.53,3755.4001,73332.6,3598.1,638114.0,2620.135
20072.64,282.6,2092.81,26402.691,2708.25,314.0,361.68,31.51,364.32,8111.4004,3598.5,57707.324,297.10846
37745.82,590.32,17602.84,215317.66,27737.191,3910.87,9062.55,939.82,4656.96,57080.76,3598.5,485382.22,1332.4075
39855.57,967.12006,45867.55,262143.0,63292.98,8978.83,15305.64,1264.51,6551.16,142534.92,3600.6,1264755.8,3289.5273
123329.46,6495.0903,220473.53,262143.0,262143.0,51029.71,110734.36,10555.85,36758.043,262143.0,3600.8,6079356.0,5110.3853
50520.9,963.98004,27399.64,262143.0,38937.57,5747.77,11132.62,987.77,7450.08,89502.6,3601.7,755520.0,1549.6821
19595.01,281.03,149.15001,2689.4102,640.56,207.24,985.03,83.57,1078.4401,2212.32,3603.9,4112.6753,20.763403
13832.13,166.42,375.23,4557.71,1128.8301,15.700001,175.36,-5.48,345.84003,3104.6401,3605.8,10346.624,76.563515
17123.34,463.15002,2207.4202,29387.262,9145.25,2490.02,10090.05,953.52,3414.84,16997.64,3607.9,60867.594,367.5917
20364.96,252.77,5867.0903,73337.84,9328.94,1358.05,2437.23,201.39,2229.48,20289.72,3609.0,161779.66,822.73627
43898.46,638.99005,29957.172,262143.0,44523.633,6697.62,13349.28,1193.27,4853.64,97749.96,3609.8,826041.6,1950.1942
14335.86,144.44,105.19,2157.1802,898.04004,328.13,478.13,78.090004,528.0,2519.8801,3609.9,2900.518,19.979721
28279.35,474.14,20249.861,248797.9,28853.46,4033.33,8307.68,869.95,4161.96,67125.96,3610.1,558371.4,2046.3948
52368.78,1526.04,35924.742,262143.0,51211.832,6917.4204,12069.7,1186.42,5101.8003,116978.41,3611.6,990591.9,1960.4181
14233.2,745.75,10572.38,130994.52,22124.441,4699.0103,14600.09,1398.77,7306.2,44973.723,3612.1,291523.72,2122.8274
47443.71,725.34,273.18002,5028.71,3163.55,931.01,223.31,94.53,1714.68,8504.761,3612.9,7532.6895,15.46339
61888.32,1109.99,31079.72,262143.0,41893.883,5648.8604,8272.06,795.97003,6544.56,101249.28,3613.0,856994.9,1434.8776
5364.42,282.6,5750.91,68700.06,8299.0205,1191.63,97.27,38.36,611.16003,18982.92,3614.6,158576.1,3064.2283
9984.12,83.21,224.51001,3176.11,1116.27,207.24,224.68001,19.18,619.08,2628.12,3614.8,6190.658,63.294655
38199.09,971.83,44297.55,262143.0,63101.44,9967.931,15838.57,1345.34,4957.9204,142575.84,3614.9,1221464.5,3314.7036
38206.92,1414.5701,361.1,6097.8804,2358.1401,569.91003,615.13,100.01,1254.0,5837.04,3615.5,9957.002,26.023052
7528.11,178.98001,111.47,1023.64,477.28003,177.41,142.48,34.25,240.24,794.64,3615.9,3073.6833,41.337097
56971.082,1139.8201,33717.32,262143.0,47448.543,6564.1704,13031.44,1287.8,6277.9204,111324.84,3616.5,929724.25,1691.184
35644.77,744.18005,32228.96,262143.0,49125.3,7901.81,20429.44,1939.92,6663.3604,105317.52,3616.6,888684.1,2584.232
21555.99,408.2,847.80005,10815.73,1402.01,150.72,1905.67,147.96,971.52,5013.3604,3616.6,23377.31,111.45388
31873.32,551.07,5512.27,65924.305,8813.98,1387.88,532.93,-1.37,976.80005,20037.602,3617.8,151995.8,493.4839
61529.01,1292.11,55458.684,262143.0,76622.28,12936.801,23357.13,1963.21,10777.801,178485.12,3618.1,1529222.5,2576.1436
45703.71,998.52,36219.902,262143.0,51951.3,7831.16,14324.72,1149.43,5253.6,122001.01,3618.2,998730.7,2264.9214
38657.582,571.48004,23528.021,262143.0,33046.93,5137.04,9398.2,820.63,4243.8003,76010.88,3619.7,648763.7,1739.2023
12117.36,91.060005,-12.56,72.22,28.26,-62.800003,35.62,35.62,100.32001,238.92001,3620.1,-346.33054,-3.9636755
15728.73,196.25,725.34,9685.33,2296.9102,419.19,113.71,6.85,838.2,6578.8804,3620.4,20000.588,130.85512
22941.03,1332.93,28322.8,262143.0,46049.67,8493.7,24033.91,1864.57,10690.681,110336.164,3622.7,780975.3,3528.9805
46807.742,1070.74,42595.67,262143.0,62658.703,11873.91,24742.2,2408.46,9464.4,144029.17,3623.0,1174536.6,2600.9368
45905.55,675.10004,23788.64,262143.0,34313.92,4644.06,10964.11,1000.1,5319.6,78967.68,3623.2,655950.0,1480.6765
4716.27,265.33002,7419.8203,90706.75,9594.2705,2596.78,152.07,36.99,561.0,25915.56,3623.3,204594.75,4497.251
31297.38,571.48004,13962.011,173257.36,21965.871,3143.1401,11410.73,765.83,4535.52,49584.48,3623.8,384989.7,1274.525
45161.7,664.11005,18587.23,226821.05,28848.75,5320.73,8402.21,891.87,4667.52,66003.96,3625.9,512525.88,1175.7749
47597.7,620.15,27787.432,262143.0,39419.562,6838.9204,9388.61,965.85,5703.72,93898.2,3626.7,766213.0,1668.2118
81781.74,2150.9001,85178.78,262143.0,116528.55,16956.0,31294.91,2620.81,15582.601,262143.0,3627.8,2348727.0,2976.9956
51341.31,752.03,29092.102,262143.0,41495.1,6468.4004,11928.59,960.37,4750.68,95843.88,3629.6,802188.06,1619.1571
31038.121,439.6,14087.61,173568.22,21954.88,3430.4502,9502.32,632.94,3768.6,47970.12,3630.4,388452.97,1296.7495
44288.22,1163.37,43980.41,262143.0,59047.703,10242.681,19522.5,1638.52,6094.4404,137182.33,3632.6,1212719.6,2838.3574
44912.01,602.88,29088.96,262143.0,40331.73,6928.41,12510.84,1119.29,3685.4402,92103.0,3633.0,802101.5,1850.888
68891.82,1309.38,60091.754,262143.0,82680.914,12536.45,22599.52,2098.84,7937.16,190413.97,3633.3,1656975.1,2492.9988
31616.67,533.8,24914.33,262143.0,33695.34,5341.14,9463.96,886.39,3929.6401,78215.28,3633.7,686989.9,2252.1084
25175.19,576.19,902.75,11391.92,2581.08,731.62,294.55,20.55,693.0,5059.56,3634.0,24892.506,101.5283
17400.0,624.86005,265.33002,6327.1,3598.4402,1147.67,741.17,172.62,1585.3201,7567.56,3636.6,7316.2324,42.599964
33322.74,503.97003,18582.521,225649.83,26099.682,3680.08,9802.35,890.5,3637.9202,61496.164,3637.4,512396.03,1593.4575
36474.75,602.88,20113.271,246621.89,27215.951,4082.0002,1482.34,106.86,2987.1602,63459.004,3639.0,554605.06,1575.6649
15583.44,163.28,81.64,2221.55,1576.28,825.82,2664.65,261.67,768.24005,3003.0,3640.5,2251.1482,13.979199
12708.96,375.23,573.05005,7402.5503,1218.3201,65.94,138.37,23.29,238.92001,3476.8801,3643.4,15801.331,127.92334
45045.992,863.5,20392.73,250113.56,31089.14,5129.19,11775.15,1154.91,6870.6,71126.88,3645.0,562310.9,1293.399
56100.21,971.83,32326.3,262143.0,45095.113,6502.9404,12464.26,1238.48,5930.7603,105931.32,3645.3,891368.2,1646.5573
58188.21,1080.16,41663.09,262143.0,60391.62,8264.48,18349.78,1763.1901,6761.04,131259.48,3646.5,1148821.6,2046.2245
13203.12,135.02,191.54001,2937.4702,1540.17,102.05,3182.51,237.01,997.92004,3462.36,3647.7,5281.5405,40.479347
63807.54,1651.64,60883.03,262143.0,89023.71,12888.131,31989.5,2619.44,11043.12,196051.69,3647.7,1678793.9,2727.1814
65346.57,1434.9801,43955.293,262143.0,63600.703,10597.5,24080.49,2245.43,10105.92,144064.81,3648.4,1212027.0,1922.2573
19696.8,252.77,10647.74,128480.95,14811.381,2750.6401,4015.47,398.67,1554.9601,33244.203,3649.9,293601.7,1544.6484
16751.85,378.37003,174.27,2119.5,778.72003,100.48,194.54,-49.32,418.44,2028.8401,3650.7,4805.336,28.744652
19017.33,290.45,3871.62,47282.12,5914.1904,775.58,1967.32,187.69,1869.1201,14483.041,3651.1,106756.38,581.0928
21877.02,295.16,9977.351,120591.7,12773.5205,1827.4801,1272.73,94.53,2205.72,34888.92,3651.4,275116.3,1302.9954
30302.1,952.99005,28946.092,262143.0,46713.78,9528.33,21348.71,2153.64,9923.761,109038.6,3652.1,798162.0,2730.2798
25540.59,609.16003,3329.9702,44018.09,13465.891,4038.04,10769.57,816.52,5377.68,29219.521,3653.8,91820.88,371.78497
41322.39,1772.53,48850.55,262143.0,75758.78,12581.98,29308.41,2531.76,9731.04,163768.45,3654.6,1347009.2,3379.1272
12445.35,488.27002,19246.63,236647.67,39532.6,6286.2803,21202.12,2152.27,7343.16,75012.96,3656.5,530708.25,4420.775
14917.89,136.59001,460.01,5383.5303,1025.2101,263.76,109.6,30.14,385.44,3449.1602,3656.5,12684.355,87.16757
5387.91,277.89,5322.3003,62905.19,7850.0005,1172.79,163.03,17.81,587.4,17458.32,3660.5,146757.56,2823.4119
65678.914,1552.7301,53194.742,262143.0,77276.97,11570.9,24657.26,2171.45,10627.32,176429.89,3663.8,1466796.4,2314.7505
14589.9,197.82,12.56,-32.97,1.57,119.32001,121.93,15.07,498.96002,-83.16,3664.9,346.33054,1.4614234
57387.81,1103.7101,48010.6,262143.0,66817.63,9884.721,18027.83,1579.61,6421.8003,149563.92,3666.2,1323848.4,2391.0293
42501.24,1675.1901,58188.91,262143.0,81985.41,12570.99,25346.37,2149.53,10108.561,189863.53,3666.3,1604506.0,3913.6023
38022.48,660.97003,24575.21,262143.0,33880.6,5020.8604,10640.79,985.03,4216.08,77491.92,3666.7,677638.94,1847.0162
45196.5,719.06,22253.182,262143.0,32106.502,4494.91,9713.3,752.13,5287.9204,72490.445,3669.5,613611.1,1406.7849
42857.94,1568.43,847.80005,11757.73,2847.98,789.71,430.18,105.49,1705.4401,9460.44,3670.3,23377.31,55.560223
16682.25,384.65002,167.99,2136.77,934.15,367.38,106.86,36.99,393.36002,2353.56,3672.3,4632.171,27.792397
43392.992,810.12006,28399.73,262143.0,39439.973,7036.74,11625.82,1271.36,5562.48,92081.88,3672.9,783096.56,1870.3008
16338.6,133.45,191.54001,2793.03,1563.7201,376.80002,209.61,100.01,695.64,3305.28,3673.2,5281.5405,32.5192
29771.4,1097.43,32472.31,262143.0,55350.35,10512.721,27557.55,2119.39,7735.2,114916.56,3674.8,895394.25,3117.6233
54433.29,1304.67,57232.78,262143.0,79490.67,13126.7705,23121.49,2208.44,8116.68,184897.69,3674.8,1578141.6,3005.2788
4289.97,21.980001,62.800003,-9.42,-45.530003,9.42,50.69,26.03,149.16,-21.12,3676.2,1731.6526,40.855675
31057.26,620.15,9427.851,114944.414,13759.48,1981.3401,3129.08,180.84,4224.0,33411.84,3677.1,259964.36,866.9577
36405.15,621.72003,25997.63,262143.0,36803.94,5355.27,11350.45,969.96,3680.1602,83426.64,3677.8,716860.9,2040.8317
63072.39,1210.4701,58647.35,262143.0,78617.75,11980.67,22910.51,2011.16,8128.5605,183730.81,3678.0,1617147.1,2657.6313
24283.44,456.87003,365.81,4479.21,1281.12,719.06,263.04,58.91,609.84,3321.12,3678.3,10086.876,42.071934
23072.4,516.53,185.26001,2285.9202,1075.4501,210.38,113.71,100.01,649.44,3257.76,3679.4,5108.3755,21.958204
61909.2,1073.88,41972.383,262143.0,60226.773,9539.32,16868.81,1665.92,7378.8003,135256.45,3680.2,1157350.0,1937.4624
48883.56,909.03,44388.613,262143.0,61922.37,9989.91,19093.69,1771.41,6079.9204,142677.48,3680.6,1223975.4,2595.3171
30784.95,682.95,13415.65,163476.25,19340.83,2420.9402,5512.88,457.58,5565.12,46870.562,3680.8,369924.28,1245.0121
29938.44,533.8,17444.271,213085.11,24462.17,2981.4302,8398.1,712.4,3482.1602,57030.6,3682.4,481009.84,1664.9912
35683.92,1069.17,38849.652,262143.0,55246.73,7437.0903,17655.19,1656.33,6763.68,123146.766,3683.3,1071243.6,3111.8884
53614.62,1599.8301,36931.11,262143.0,52095.742,6741.58,11379.22,1067.23,5522.8804,126916.69,3683.4,1018341.56,1968.5096
28188.0,390.93002,13985.561,171641.83,21568.66,3243.62,8209.04,827.48,3637.9202,47653.32,3684.0,385639.03,1417.6151
12399.24,174.27,40.82,113.04,70.65,6.28,-10.96,-21.92,134.64,-22.44,3688.1,1125.5741,8.412974
32303.1,634.28,28066.89,262143.0,39620.52,6578.3003,11687.47,1093.26,5590.2,88463.766,3688.6,773918.8,2483.2717
17337.36,346.97,4493.3403,54083.363,5945.5903,852.51,1626.1901,219.2,1512.7201,15073.081,3689.9,123899.75,740.02924
11297.82,81.64,95.770004,1105.28,588.75,288.88,306.88,60.28,498.96002,1408.4401,3692.2,2640.7703,23.237278
15185.85,321.85,7.8500004,233.93001,-117.75001,29.830002,104.12,-38.36,419.76,29.04,3692.3,216.45657,0.47801745
34314.54,698.65,26526.72,262143.0,39628.37,6655.23,11443.61,950.78,3983.7603,86016.484,3694.7,731450.06,2209.3162
32217.84,607.59,20970.49,258750.14,28073.172,3722.4702,8150.13,705.55,3872.8801,68246.64,3695.2,578242.06,1860.0632
24460.92,617.01,30445.441,262143.0,46120.32,7182.75,19125.2,1709.76,5662.8003,99551.766,3699.6,839505.2,3557.7583
12617.61,438.03003,7488.9004,91768.07,14266.591,3022.25,10544.89,890.5,4292.64,32448.242,3700.2,206499.58,1696.0317
9602.19,80.07,111.47,1238.73,565.2,427.04,38.36,-45.21,331.32,1500.8401,3700.8,3073.6833,32.19225
13765.14,309.29,373.66,4560.85,651.55005,199.39,204.13,-36.99,274.56,1817.64,3702.4,10303.333,76.61488
34377.18,489.84003,20863.73,253685.31,27514.25,4568.7,7640.49,517.86,2925.12,65578.92,3702.7,575298.3,1734.2847
10876.74,334.41,488.27002,6003.68,1136.68,406.63,86.31,10.96,308.88,2989.8,3704.5,13463.6,127.35426
4158.6,113.04,130.31,2034.7201,770.87006,320.28,179.47,90.42,271.92,2246.6401,3706.6,3593.179,88.59413
9241.14,274.75,340.69,4146.37,747.32,128.74,157.55,-26.03,228.36002,2036.7601,3707.4,9394.215,104.41024
3759.27,233.93001,6625.4004,79239.47,9701.03,1500.92,73.98,0.0,553.08,23020.8,3708.3,182689.36,5038.154
12984.75,131.88,163.28,2117.9302,612.30005,235.50002,363.05,78.090004,554.4,2081.6401,3708.8,4502.2964,34.954094
30771.03,844.66003,25270.72,262143.0,43019.57,7729.1104,22588.56,1972.8,8846.641,95826.73,3711.6,696817.0,2347.1433
15318.09,189.97,337.55002,4488.6304,866.64,350.11002,283.59,4.11,184.8,2345.6401,3712.8,9307.633,62.006084
18233.46,535.37,15723.551,195970.55,25298.98,4457.23,15998.86,1309.72,4353.3604,55678.92,3714.3,433562.53,2464.6448
45427.92,981.25006,39788.51,262143.0,55391.17,7919.08,15934.47,1470.01,4997.52,127172.766,3715.0,1097131.9,2503.2854
33428.88,530.66003,17822.64,217576.89,24470.021,4144.8003,8166.57,831.59,2787.84,56596.32,3717.0,491443.0,1523.401
37181.19,518.10004,16689.1,205051.42,23517.031,3466.56,7113.04,708.29,3966.6,56258.402,3720.9,460186.66,1282.3899
31106.85,510.25003,676.67004,11304.0,6116.72,1984.4801,11728.57,965.85,4631.8804,12793.44,3720.9,18658.557,61.197067
21556.86,617.01,6725.8804,85822.484,19061.371,4542.0103,20570.55,1768.67,6705.6,32604.002,3725.1,185460.0,891.0982
34744.32,478.85,17908.99,218501.62,23813.762,3581.1702,5959.5,649.38,3888.7202,58806.004,3726.2,493824.03,1472.7922
63878.01,1174.36,61892.543,262143.0,85235.305,12013.641,21510.37,1920.74,8486.28,195869.53,3726.9,1706630.2,2769.3582
65717.19,1337.64,60501.523,262143.0,83954.18,12625.94,24780.56,2550.94,9059.16,190021.92,3727.6,1668274.1,2631.3057
55912.29,1171.2201,22494.96,262143.0,38037.96,6644.24,21809.03,1944.03,7831.5605,82668.96,3727.7,620278.0,1149.342
55740.9,938.86005,28913.121,262143.0,41353.8,6736.87,14763.12,1527.55,7545.12,97244.41,3727.9,797252.9,1482.0986
30049.8,588.75,20548.16,253548.73,33042.223,5323.87,11966.95,1019.28,5988.8403,71153.28,3729.3,566596.75,1954.1514
30609.21,376.80002,15076.711,185168.95,18372.14,3380.2102,1679.62,139.74,1738.4401,48451.92,3734.8,415726.5,1407.3268
33131.34,803.84,26755.941,262143.0,40495.01,7917.5103,17977.14,1565.91,7091.04,90900.484,3735.3,737770.6,2308.0334
21944.01,339.12003,213.52,3391.2002,1037.77,210.38,141.11,-24.66,557.04004,3181.2002,3736.6,5887.6187,26.820927
27702.541,467.86002,19414.621,235050.98,28914.691,4047.4602,9606.44,857.62,5328.8403,62944.203,3741.0,535340.44,2002.8182
18368.31,227.65001,111.47,2194.86,764.59,323.42,1311.09,91.79,1322.64,2411.6401,3741.7,3073.6833,16.351532
52113.87,956.13,45644.613,262143.0,64713.832,9382.32,19058.07,1838.54,7345.8003,150189.61,3741.8,1258608.5,2503.2935
3005.85,182.12001,2447.6301,29461.05,3777.4202,976.54004,13.7,5.48,241.56001,8594.5205,3742.5,67491.164,2327.2385
41705.19,838.38,24044.55,262143.0,33136.42,4998.8804,12616.33,1105.59,5248.3203,81664.445,3743.4,663006.5,1647.4491
29371.2,430.18002,15407.98,189225.83,23132.38,3329.9702,8357.0,757.61,3798.9602,52021.203,3743.6,424860.97,1498.937
72044.7,1526.04,70996.97,262143.0,97707.38,14649.671,26899.95,2337.22,9056.5205,222442.45,3746.5,1957676.5,2816.6482
3007.59,10.990001,12.56,-26.69,-39.25,31.400002,52.06,65.76,62.04,18.480001,3749.0,346.33054,10.940432
57212.07,1047.1901,36425.57,262143.0,52879.17,7346.0303,15497.44,1524.81,6953.7603,117457.56,3749.5,1004401.75,1819.4036
24324.33,748.89,22312.84,262143.0,29900.65,5457.3203,11855.98,1005.58,3623.4001,72596.04,3751.0,615256.1,2621.7866
21942.27,445.88,141.3,1708.16,866.64,471.00003,306.88,49.32,571.56,2088.24,3751.6,3896.2183,17.412367
26022.57,764.59,32528.832,262143.0,55648.652,9887.86,25612.15,2192.0,6039.0,112599.96,3751.9,896952.8,3573.1047
16442.13,169.56001,566.77,8129.4604,2472.75,416.05002,260.3,93.16,832.92004,5518.9204,3752.2,15628.165,97.55933
14000.04,161.71,339.12003,5088.37,1373.75,282.6,95.9,58.91,300.96002,2841.9602,3754.3,9350.925,68.258514
48315.45,962.41003,30644.83,262143.0,42802.91,7476.3403,14897.38,1389.18,5332.8003,97913.64,3754.4,845003.2,1812.5111
56495.19,1332.93,59567.37,262143.0,82933.68,13976.141,25220.33,2135.83,9115.92,189790.92,3755.0,1642515.8,3013.7126
32956.47,384.65002,18213.57,223632.38,22937.701,3554.4802,3775.72,332.91,2711.28,59066.043,3755.4,502222.53,1579.1686
26466.27,527.52,24449.611,262143.0,37527.71,5422.7803,15446.75,1304.24,5445.0,80645.41,3755.8,674175.7,2640.3638
6166.56,158.57,48.670002,1020.50006,1000.09,599.74,279.48,67.13,471.24002,2121.24,3760.0,1342.0308,21.566666
74183.164,3276.59,103740.89,262143.0,158781.95,27054.24,61199.27,5749.89,18016.682,262143.0,3760.3,2860560.2,3997.4683
31327.83,499.26,16816.271,205324.61,22314.41,3728.7502,6470.5103,548.0,2838.0,54279.723,3762.2,463693.3,1533.788
47191.41,828.96,22819.951,262143.0,35392.51,5950.3003,16700.3,1475.49,5274.72,78215.28,3763.2,629239.25,1381.6133
66438.42,1117.8401,37658.02,262143.0,52065.91,7104.25,14916.56,1415.21,8514.0,126019.086,3763.3,1038385.44,1619.6423
40053.06,927.87006,33999.92,262143.0,47125.12,7656.89,14643.93,1256.29,5173.08,110984.28,3764.1,937516.75,2426.1199
15839.22,208.81001,303.01,4232.72,1764.68,494.55002,2816.72,286.33,1153.68,4770.48,3766.5,8355.224,53.698093
35681.31,1078.5901,17193.07,211311.02,32833.41,5352.1304,20003.37,1586.46,5645.64,68638.68,3768.8,474083.2,1376.7222
37277.76,560.49,20279.691,247720.89,27269.33,3799.4001,7635.0103,720.62,5017.3203,68632.086,3769.2,559193.94,1554.466
15913.17,130.31,431.75,5529.54,1568.43,549.5,227.42,79.46,485.76,3590.4001,3770.1,11905.111,76.575516
31042.47,449.02002,19868.352,246857.39,39881.14,7196.8804,14657.63,1279.58,3248.52,71277.36,3770.9,547851.6,1829.0146
45964.71,706.5,19463.291,238275.77,27311.72,3877.9001,8377.55,848.03,4444.44,65217.242,3771.4,536682.44,1209.7117
31309.56,500.83002,20188.63,245243.42,30883.47,4185.62,12768.4,937.08,3380.52,65970.96,3773.4,556683.0,1842.6516
13029.99,98.91,97.340004,1336.0701,521.24,53.38,90.42,30.14,380.16,1785.9601,3773.9,2684.0615,20.359755
60478.05,1288.9701,40658.293,262143.0,58513.902,8561.21,16866.07,1487.82,8243.4,129488.05,3774.8,1121115.2,1921.2079
53015.19,825.82,17045.49,209651.53,23951.92,3972.1,7422.66,683.63,4936.8003,58553.883,3779.2,470013.8,918.30194
17600.97,408.2,631.14,8605.17,1494.64,233.93001,57.54,15.07,423.72003,3732.9602,3779.4,17403.11,101.52697
50610.51,1051.9,33585.44,262143.0,46269.473,6118.29,15538.54,1246.7,6603.9604,112561.69,3780.0,926087.8,1896.402
77897.19,1683.04,78164.02,262143.0,110799.62,18580.951,31038.72,2890.7,10775.16,252155.66,3780.1,2155301.5,2868.0237
30516.99,689.23004,1196.3401,16535.24,4399.14,1526.04,741.17,94.53,2126.52,11464.2,3781.5,32987.984,111.08874
58177.77,855.65,41550.05,262143.0,60330.39,10677.57,19721.15,1839.91,9309.96,138729.36,3783.0,1145704.6,2041.0364
142454.67,4300.23,168977.53,262143.0,236217.5,36400.453,75273.28,6554.08,30690.002,262143.0,3784.7,4659401.0,3390.5737
15378.99,180.55,309.29,3986.2302,3074.06,927.87006,5701.94,489.09,1606.4401,5253.6,3786.4,8528.389,56.50254
20967.87,318.71002,7138.79,87010.98,9470.24,1466.38,2937.28,369.9,2109.36,24888.602,3786.5,196845.61,972.4627
33974.37,576.19,18530.71,227522.84,25229.9,3598.4402,5290.94,460.32,3991.6802,59988.723,3787.4,510967.4,1558.5154
13290.99,348.54,270.04,4069.4402,1031.49,303.01,87.68,2.74,172.92001,2651.8801,3787.7,7446.1064,57.092464
29836.65,722.2,29848.842,262143.0,41578.312,5422.7803,13261.6,1370.0,4833.8403,97488.6,3788.2,823054.5,2859.3977
18127.32,146.01001,638.99005,8759.03,2304.76,723.77,564.44,0.0,852.72003,5624.52,3789.2,17619.566,99.788155
52346.16,871.35004,24864.092,262143.0,35722.21,5432.2,14152.1,1315.2,5306.4004,81430.805,3791.3,685604.56,1357.1156
61223.64,877.63,33389.19,262143.0,42054.02,6094.74,4412.77,295.92,6407.2803,108789.125,3793.0,920676.44,1558.3218
9831.87,314.0,7364.87,89926.46,13291.62,2783.61,8217.26,774.05,2754.84,27760.922,3794.7,203079.56,2140.7954
26152.2,497.69,18563.68,225067.36,25813.941,3088.1902,6045.81,524.71,3787.08,60298.92,3795.5,511876.5,2028.5739
58801.56,1139.8201,38231.07,262143.0,57515.383,8980.4,18689.541,1638.52,8682.96,128738.28,3795.5,1054186.8,1857.9882
27691.23,398.78,383.08002,7269.1,6036.6504,1876.15,11843.65,1064.49,1419.0,6531.3604,3796.0,10563.081,38.55453
18309.15,628.0,345.40002,4487.06,1535.4601,747.32,221.94,61.65,601.92004,3525.7202,3796.1,9524.09,52.939034
19387.08,310.86002,342.26,4408.56,763.02,378.37003,87.68,-24.66,488.40002,2884.2002,3798.2,9437.507,49.47691
4465.71,332.84,5799.58,69188.336,7639.62,1301.53,86.31,41.1,579.48004,19212.602,3798.3,159918.11,3712.2568
11911.17,169.56001,640.56,7774.64,2017.4501,417.62003,402.78,84.94,728.64,5066.16,3802.8,17662.855,152.7639
37707.54,638.99005,17431.71,213581.23,23900.111,4361.46,10102.38,924.75,4543.44,58746.6,3803.1,480663.47,1320.7849
33264.45,540.08,21286.06,258393.75,29252.24,5060.1104,10862.73,1008.32,4167.24,68019.6,3804.8,586943.6,1828.6327
55180.62,850.94,28762.4,262143.0,41729.03,5909.48,13924.68,994.62,6635.64,94145.05,3805.0,793096.9,1489.3474
22200.66,496.12003,1224.6001,16703.23,8704.08,2954.74,17453.8,1571.39,5290.56,17083.441,3805.6,33767.227,156.71658
26205.27,761.45,29596.07,262143.0,43171.863,7402.5503,14946.7,1368.63,5219.2803,96624.0,3807.4,816084.56,3228.196
69076.26,2249.81,83687.28,262143.0,112265.99,16905.76,32099.1,2861.93,12649.561,262143.0,3807.8,2307600.2,3463.0142
10092.87,157.0,9.42,722.2,335.98,86.350006,0.0,6.85,337.92,1071.8401,3808.0,259.7479,1.6686108
9593.49,135.02,372.09003,4427.4004,670.39,69.08,42.47,-45.21,254.76001,1937.7601,3809.9,10260.042,109.89715
47491.56,1050.3301,40471.46,262143.0,58309.8,8088.64,21604.9,1586.46,5855.52,132319.44,3811.5,1115963.5,2435.5842
11899.86,343.83002,240.21,3628.27,750.46,76.93,130.15,45.21,314.16,2130.48,3812.0,6623.5713,56.716267
41345.01,679.81,22651.96,262143.0,32305.89,5264.21,8833.76,794.6,4356.0,74528.52,3812.1,624607.1,1565.5046
17690.58,281.03,6075.9004,75653.59,8773.16,1207.3301,2412.57,180.84,1899.4801,19450.201,3814.7,167537.39,981.01373
12643.71,103.62,128.74,1427.13,354.82,213.52,1338.49,157.55,945.12006,1719.9601,3818.9,3549.888,28.11307
67186.62,1259.14,36697.18,262143.0,51827.273,8503.12,14846.69,1215.1901,8000.5205,119988.01,3820.4,1011891.2,1560.7047
10917.63,26.69,83.21,571.48004,335.98,1.57,54.8,-24.66,409.2,1235.52,3820.6,2294.4397,20.791954
40452.39,962.41003,31211.602,262143.0,46066.94,8250.351,19293.71,1461.79,5439.72,101967.37,3823.1,860631.4,2205.0781
59094.75,1091.15,48750.07,262143.0,68486.54,9686.9,22568.01,2008.42,6398.04,157462.81,3823.4,1344238.6,2357.7144
35629.98,607.59,24557.941,262143.0,35566.78,5386.6704,9643.43,811.04,4085.4001,77249.05,3823.8,677162.75,1969.722
12660.24,97.340004,230.79001,3562.33,590.32,48.670002,121.93,56.170002,558.36005,2451.24,3824.3,6363.823,51.122356
55526.88,1461.67,40394.53,262143.0,60832.793,9803.08,21706.28,1771.41,8438.761,137294.53,3826.6,1113842.2,2079.024
47041.77,985.96,49021.68,262143.0,72322.055,11936.71,22985.86,2056.37,8514.0,158588.77,3827.5,1351728.0,2978.5696
10125.93,62.800003,200.96,2728.6602,737.9,485.13,157.55,23.29,456.72003,2028.8401,3830.2,5541.2886,55.744495
64046.79,1449.1101,67878.95,262143.0,89229.38,13845.83,25177.86,1974.17,8087.64,211832.28,3834.0,1871700.0,3029.3079
56357.73,1825.91,88293.664,262143.0,123846.31,21072.541,38072.3,3357.87,12363.12,262143.0,3835.2,2434617.0,4478.4536
59458.41,3350.3801,112641.23,262143.0,173448.89,28990.05,65573.68,5612.89,22725.121,262143.0,3835.4,3105978.8,5415.6787
34711.26,937.29004,33962.242,262143.0,51544.67,8813.98,22714.6,2190.6301,7830.24,112774.2,3835.7,936477.75,2796.5312
17220.78,350.11002,5353.7,66941.664,8996.101,1697.17,4277.14,368.53,3385.8,21727.201,3836.5,147623.39,887.8946
22393.8,591.89,78.5,1987.6201,916.88,196.25,56.170002,-15.07,538.56,2275.6802,3836.9,2164.5657,9.0228405
31706.28,536.94,18841.57,228089.61,25419.871,3789.9802,8561.13,653.49,3985.08,61960.8,3837.1,519539.06,1698.1074
66735.96,1708.16,59311.46,262143.0,83235.125,13330.87,24162.69,2429.01,8100.8403,188985.73,3838.3,1635459.2,2540.1348
35494.26,668.82,18125.65,219040.12,25848.48,3877.9001,7562.4,794.6,3707.8801,57868.8,3841.6,499798.22,1459.1062
71377.414,1800.79,86510.14,262143.0,116591.34,16769.17,24165.43,2113.91,8079.72,262143.0,3841.7,2385438.0,3464.4146
35188.89,814.83,21554.531,262143.0,33453.562,6195.22,15857.75,1233.0,4943.4004,76165.32,3842.2,594346.5,1750.3866
60410.19,1185.3501,50847.59,262143.0,77840.6,11619.57,25860.12,2392.02,11264.881,166982.64,3844.1,1402075.8,2405.6292
12299.19,164.85,67.51,1150.81,577.76,116.18,71.24,69.87,423.72003,1235.52,3844.9,1861.5266,14.694251
51293.46,1128.8301,43434.05,262143.0,58082.152,9641.37,15920.7705,1368.63,6767.64,136891.92,3845.4,1197654.2,2420.1257
24972.48,370.52002,2482.1702,29614.91,8776.301,2753.78,14406.92,1453.57,4029.9602,16369.32,3848.0,68443.57,283.1966
8714.79,139.73001,43.960003,682.95,227.65001,116.18,131.52,67.13,330.0,1079.76,3848.5,1212.1569,13.422807
7884.81,492.98,8355.54,100107.914,11099.9,2311.04,100.01,63.02,803.88,28533.121,3849.1,230396.38,3028.9277
19126.08,395.64,595.03,7382.14,1507.2001,406.63,68.5,-4.11,487.08002,3476.8801,3851.9,16407.408,87.95326
39709.41,905.89,35155.44,262143.0,49417.32,7292.6504,15622.11,1365.89,5683.9204,110722.92,3852.9,969379.1,2530.3262
49825.77,816.4,29227.121,262143.0,42165.492,6901.72,16242.72,1265.88,6786.12,97353.96,3854.4,805911.1,1676.1853
31710.63,584.04004,23554.71,262143.0,36588.85,6411.8804,14632.97,1339.86,6383.52,82742.88,3856.4,649499.6,2122.8406
21150.57,411.34003,9810.931,120816.21,13071.82,2227.83,2708.49,172.62,1735.8,31694.521,3857.1,270527.44,1325.2858
97237.29,4072.58,147763.69,262143.0,201043.22,29296.201,63977.63,5727.97,20661.96,262143.0,3857.3,4074448.5,4343.941
38780.25,731.62,27884.771,262143.0,37416.242,6441.7104,11779.26,1116.55,5615.2803,91153.92,3860.3,768897.06,2054.9165
42583.02,1095.86,29592.932,262143.0,48830.14,8955.28,24401.07,2212.55,6895.68,103693.92,3860.3,815998.0,1986.0122
17676.66,293.59,216.66,2647.02,693.94,133.45,1517.96,184.95,1230.24,1442.76,3860.7,5974.201,34.045116
50615.73,717.49005,25281.71,262143.0,34753.52,6914.2803,12408.09,1111.07,6029.7603,85533.37,3861.4,697120.06,1427.1373
4083.78,298.30002,4083.57,47806.5,5477.73,582.47003,216.46,60.28,344.52002,14188.681,3862.7,112600.71,2858.0825
28221.06,428.61002,16692.24,203939.86,23217.16,2158.75,7159.62,680.89,4730.8804,55843.92,3863.7,460273.25,1690.1818
10659.24,147.58,51.81,430.18002,364.24002,175.84001,20.55,9.59,377.52002,1552.3201,3864.2,1428.6134,12.897489
36085.86,808.55005,18912.22,235333.6,33127.0,6011.5303,17103.08,1431.65,5357.8804,68900.04,3865.2,521487.2,1497.4922
54956.16,1398.87,44289.703,262143.0,67731.375,11286.73,30723.62,2768.77,9047.28,154014.97,3865.5,1221248.0,2303.2805
10849.7705,54.95,111.47,1645.3601,596.60004,257.48,157.55,-17.81,182.16,1797.8401,3870.6,3073.6833,28.375578
12523.65,158.57,394.07,4286.1,1717.5801,412.91,2746.85,231.53,902.88007,3883.4402,3870.7,10866.12,88.968704
31651.47,469.43002,17885.441,220088.89,24253.361,4358.3203,6754.1,750.76,2419.56,58180.324,3872.1,493174.7,1614.6777
38517.51,915.31006,9071.46,115148.516,24638.012,6206.2104,29427.6,2626.29,9170.04,49088.16,3872.1,250137.2,672.39197
62009.25,1059.75,28208.191,262143.0,39226.453,7408.83,11661.44,1141.21,6883.8003,92867.28,3872.1,777815.06,1299.6719
26494.98,270.04,9051.051,110391.414,13671.561,2194.86,5182.71,467.17,2622.84,30457.682,3872.2,249574.45,975.7522
11752.83,131.88,89.490005,1855.7401,830.53,216.66,102.75,-30.14,345.84003,1795.2001,3872.8,2467.605,20.771133
18174.3,304.58002,124.03001,2604.6301,877.63,279.46002,1382.33,58.91,1356.9601,2708.6401,3873.4,3420.014,18.51273
33742.95,879.2,31070.3,262143.0,46873.92,6719.6,15039.86,1439.87,6449.52,99456.73,3873.8,856735.1,2631.761
24252.121,373.66,10168.891,124187.01,13213.12,2102.23,4297.69,408.26,2831.4001,32716.201,3874.5,280397.84,1197.8721
11605.8,61.230003,78.5,1624.9501,543.22003,326.56,27.4,-6.85,410.52002,2079.0,3875.1,2164.5657,18.339426
5581.05,238.64001,7104.25,85191.34,9233.17,1288.9701,149.33,32.88,406.56003,22504.682,3875.4,195893.19,3638.5803
64397.4,1053.4701,48897.652,262143.0,65709.21,9690.04,15913.92,1375.48,6004.68,151283.89,3877.1,1348308.0,2170.0442
21478.56,452.16,1770.9601,24738.49,9820.351,2397.3901,17396.26,1463.16,5055.6,17281.441,3877.5,48832.605,234.7505
23136.78,254.34001,10957.03,132402.81,14764.28,1797.65,3598.99,254.82,2319.24,36775.203,3879.7,302130.1,1353.0632
42313.32,712.78,30836.371,262143.0,42119.96,5564.08,14449.39,982.29,4781.04,98392.805,3881.4,850284.75,2082.7
4467.45,69.08,-61.230003,76.93,-25.12,32.97,-1.37,12.33,13.200001,200.64001,3881.8,-1688.3613,-40.18804
57915.9,1048.76,35376.812,262143.0,48089.1,6485.6704,14171.28,1364.52,6882.4805,116389.69,3882.8,975483.25,1745.5052
51148.17,786.57,20262.42,246679.98,26421.531,3968.9602,6860.96,724.73,6903.6,68214.96,3884.5,558717.7,1131.6877
13093.5,81.64,288.88,3254.61,863.5,1091.15,338.39,38.36,534.60004,2655.84,3884.9,7965.602,62.082767
42012.3,774.01,16822.55,209263.73,25350.791,4406.99,13542.45,1117.92,4515.72,58288.562,3885.6,463866.44,1143.8916
13160.49,64.37,252.77,3212.2202,731.62,414.48,31.51,24.66,339.24002,2207.04,3885.7,6969.902,53.916454
16077.6,321.85,204.1,2505.72,792.85004,224.51001,106.86,-21.92,335.28,1401.8401,3885.9,5627.871,35.29701
8886.18,197.82,95.770004,692.37,103.62,-26.69,19.18,-24.66,188.76001,802.56006,3887.4,2640.7703,29.815088
12902.1,205.67001,224.51001,2992.4202,704.93005,106.76,43.84,89.05,227.04001,2090.8801,3888.3,6190.658,48.75358
14310.63,205.67001,265.33002,3675.37,709.64,403.49002,-38.36,31.51,287.76,2303.4001,3888.3,7316.2324,52.012295
80342.76,1439.6901,53543.28,262143.0,74634.664,12586.69,19860.89,1787.85,12996.721,175080.84,3888.5,1476407.0,1904.4924
36049.32,1039.3401,29239.682,262143.0,45470.34,6474.68,24176.39,2190.6301,8438.761,104306.41,3888.5,806257.5,2318.1272
49442.1,1091.15,47396.73,262143.0,67795.74,10129.641,23074.91,2264.61,10610.16,159650.05,3889.6,1306921.5,2739.9458
26559.36,386.22,14690.49,178187.16,19042.531,3870.05,5308.75,545.26,2614.9202,47492.28,3892.6,405076.84,1580.4945
4150.77,270.04,4202.89,50632.5,6962.95,687.66003,295.92,-35.62,465.96002,15310.681,3892.6,115890.85,2894.132
17394.78,541.65,510.25003,6942.54,1931.1001,665.68,179.47,39.73,256.08002,3494.04,3893.7,14069.678,82.87125
68798.73,1108.42,27974.262,262143.0,42868.85,6714.89,19199.18,1705.65,8219.641,97657.56,3893.8,771364.7,1161.5918
18668.46,229.22,5140.18,63817.363,7853.14,1125.6901,3182.51,228.79,1857.2401,18510.361,3895.2,141735.77,786.2611
55956.66,1149.24,45161.05,262143.0,65087.492,8726.061,20484.24,1897.45,6623.7603,144846.25,3895.3,1245274.6,2306.6038
16497.81,193.11,4992.6,60616.133,7060.29,822.68005,2776.99,227.42,1207.8,15978.601,3897.2,137666.38,864.2657
45401.82,974.97003,45551.98,262143.0,66850.6,9476.5205,21809.03,1941.29,7454.0405,150113.05,3897.9,1256054.2,2867.6858
39999.99,926.30005,420.76,17554.17,36125.703,22673.941,735.69,383.6,1221.0,44382.363,3898.2,11602.072,29.07624
22609.56,460.01,9184.5,117338.664,17098.871,2928.05,11406.62,848.03,4494.6,35566.082,3899.5,253254.19,1160.4817
16161.99,213.52,160.14,1260.7101,747.32,67.51,57.54,21.92,298.32,1738.4401,3901.9,4415.714,27.330482
67143.12,1001.66003,22273.59,262143.0,32742.352,5077.3804,11618.97,1026.13,10154.761,83600.88,3903.2,614173.9,947.5008
67221.42,1147.67,38901.46,262143.0,55251.44,8019.56,17335.98,1730.31,9472.32,130678.69,3903.7,1072672.2,1653.6542
4778.91,169.56001,141.3,1777.2401,1442.8301,601.31,397.3,169.88,384.12003,2399.76,3904.4,3896.2183,83.54001
35522.97,514.96,19800.84,241155.14,27167.281,4116.54,7755.57,720.62,4939.4404,64331.523,3905.3,545990.06,1592.7616
43530.45,963.98004,1965.64,25383.762,5374.1104,885.48004,2807.1301,247.97,2490.84,14424.961,3905.9,54200.727,128.10999
28502.94,458.44,14164.54,173634.16,20246.72,2535.55,7622.68,606.91,3523.08,46547.16,3906.2,390574.22,1419.8944
50694.9,1521.3301,67045.28,262143.0,91866.984,15013.91,25865.6,2341.33,12518.881,216396.84,3908.3,1848712.2,3780.4028
59346.18,1105.28,45432.66,262143.0,60218.92,8523.53,14442.54,1122.03,7475.16,146073.84,3908.9,1252764.0,2187.8923
50898.48,1166.51,56981.582,262143.0,79471.836,12366.891,21987.13,2049.52,8375.4,182037.25,3910.1,1571215.0,3199.9485
25802.46,375.23,11564.62,141634.42,15698.431,2519.85,4537.44,495.94,1949.6401,38613.96,3910.1,318883.8,1280.5018
10964.61,131.88,69.08,761.45,598.17004,342.26,-31.51,-42.47,390.72,1782.0001,3911.9,1904.8179,17.013916
13823.43,392.5,163.28,2059.84,477.28003,20.41,191.8,12.33,440.88,2316.6,3912.2,4502.2964,32.772728
10145.94,193.11,133.45,2128.9202,463.15002,62.800003,57.54,2.74,220.44,978.12006,3914.6,3679.7615,36.607567
6216.15,359.53,8368.101,101120.56,11090.48,1992.3301,208.24,52.06,624.36005,28110.72,3916.2,230742.72,3848.0576
11705.85,383.08002,7178.04,84922.875,10096.67,1109.99,149.33,68.5,1052.04,25143.361,3918.1,197927.89,1752.2827
39080.4,613.87,22780.701,262143.0,32492.72,4995.74,10002.37,993.25,5134.8003,74380.68,3919.0,628157.0,1665.6986
62280.69,1238.73,45269.383,262143.0,60016.39,8722.92,13638.35,1249.4401,7205.8804,139281.12,3920.4,1248261.9,2077.2615
40281.87,549.5,1780.38,22038.09,5146.46,1183.78,313.73,87.68,1974.7201,12910.921,3923.8,49092.35,125.37236
5497.5303,-3.14,-50.24,-53.38,48.670002,15.700001,17.81,21.92,5.28,71.28001,3925.0,-1385.3221,-27.129496
21777.84,632.71,411.34003,5218.68,1436.55,227.65001,120.56,20.55,539.88,3743.5203,3925.4,11342.325,53.005146
3245.1,76.93,-34.54,152.29001,25.12,-40.82,56.170002,-9.59,42.24,-67.32,3926.1,-952.40894,-31.432894
37470.03,808.55005,31181.771,262143.0,45919.363,6967.66,16139.97,1563.17,6429.72,101492.164,3926.3,859808.8,2378.3904
21185.37,326.56,11886.471,143383.39,16430.05,2546.54,4566.21,497.31,2101.4402,39148.562,3927.4,327758.56,1603.2272
12346.17,401.92,102.05,1464.81,513.39,401.92,224.68001,36.99,386.76,1125.9601,3930.3,2813.9355,22.633595
28389.84,607.59,794.42004,9611.54,1954.65,324.99002,300.03,0.0,927.96,5767.08,3930.9,21905.406,79.00852
31007.67,423.90002,18744.23,228356.5,26261.39,4515.3203,8787.18,664.45,3911.1602,61579.324,3931.2,516855.0,1727.4127
34204.05,588.75,28095.15,262143.0,39050.61,5772.89,11177.83,1023.39,5401.4404,86448.125,3932.4,774698.06,2347.5662
13294.47,235.50002,406.63,4601.67,769.30005,53.38,171.25,31.51,238.92001,1958.8801,3932.5,11212.45,86.45354
10986.36,86.350006,23.550001,-9.42,-28.26,0.0,10.96,-53.43,59.4,-13.200001,3935.2,649.36975,5.12895
63041.94,2196.4302,79003.97,262143.0,112872.016,18397.26,38528.51,3050.99,17363.281,262143.0,3936.2,2178462.2,3582.1775
57087.66,1155.52,40813.723,262143.0,56565.53,8559.641,15512.51,1475.49,6388.8003,133430.89,3936.6,1125401.1,2043.151
14388.061,76.93,119.32001,2425.6501,1606.1101,469.43002,2661.91,217.83,559.68,2989.8,3936.6,3290.1401,22.711554
12411.42,53.38,268.47,3380.2102,929.44,166.42,1119.29,134.26,513.48004,3057.12,3937.1,7402.8145,60.847664
25669.35,340.69,10917.78,133428.03,15221.15,2279.6401,4308.65,426.07,2328.48,35819.52,3937.7,301047.8,1215.0978
66126.09,1248.15,40673.992,262143.0,55190.21,8255.061,15304.2705,1515.22,6135.3604,129338.88,3937.8,1121548.1,1757.7048
17019.81,295.16,11844.08,142125.83,16643.57,2890.37,6985.63,606.91,1915.3201,38781.6,3937.8,326589.7,1988.7368
23953.71,340.69,13990.2705,167418.53,19912.31,4217.02,5349.85,512.38,1894.2001,43105.92,3938.1,385768.9,1668.9454
11280.42,61.230003,48.670002,532.23004,284.17,178.98001,79.46,23.29,248.16,1400.52,3938.6,1342.0308,11.336305
15080.58,177.41,142.87001,1957.79,558.92004,21.980001,1089.15,221.94,971.52,1960.2001,3941.4,3939.5098,26.087692
3825.3901,216.66,5567.22,67480.17,6940.97,945.14,234.27,1.37,330.0,17835.84,3941.4,153511.0,4160.1333
6480.63,243.35,135.02,2257.6602,1723.8601,777.15,310.99,91.79,542.52,2579.28,3942.1,3723.0532,58.570316
58611.03,1320.37,49316.84,262143.0,65260.19,9614.681,18540.21,1554.95,8927.16,155806.2,3945.4,1359866.8,2404.8296
6541.5303,469.43002,6550.04,78631.88,8851.66,1133.54,253.45,1.37,644.16003,22285.56,3948.6,180611.36,2861.9487
5903.82,166.42,6.28,1172.79,591.89,28.26,126.04,43.84,283.80002,1238.16,3949.0,173.16527,2.0414143
61668.21,1380.03,53557.41,262143.0,73804.13,10930.341,19352.62,1742.64,6506.2803,169773.12,3949.8,1476796.6,2482.1746
18742.41,343.83002,1224.6001,16276.19,3232.6301,438.03003,284.96,-30.14,686.4,6757.08,3951.4,33767.227,185.81761
11534.46,183.69,3735.03,46740.473,7933.2104,1417.7101,6201.99,469.91,2341.6802,16418.16,3952.4,102990.04,924.8611
29907.121,662.54004,25300.55,262143.0,36092.73,6171.6704,14054.83,1216.56,4395.6,83240.52,3952.6,697639.56,2417.8247
26987.4,397.21002,9360.34,115547.3,13148.75,2243.53,4852.54,408.26,2871.0,31899.121,3954.3,258102.81,990.6983
19481.91,481.99002,7041.45,85662.34,17563.59,3719.33,11023.0205,927.49,4370.52,33729.96,3954.3,194161.55,1032.4264
56508.242,1034.63,32715.66,262143.0,45993.152,6366.35,16774.28,1304.24,6328.08,106197.96,3954.6,902104.4,1654.3616
14801.311,186.83,76.93,1171.2201,640.56,131.88,120.56,-54.8,377.52002,2286.24,3958.1,2121.2744,13.860881
37284.72,697.08,31611.951,262143.0,45927.21,7660.0303,14668.59,1265.88,4299.24,102204.96,3958.7,871670.6,2423.2053
11818.95,167.99,103.62,1367.4701,571.48004,51.81,61.65,30.14,216.48001,988.68005,3959.5,2857.2268,24.067654
58269.992,995.38,33133.28,262143.0,45335.32,7545.4204,14167.17,1386.4401,7241.5205,108201.73,3959.8,913619.94,1624.805
4452.66,75.36,-14.13,89.490005,32.97,10.990001,-19.18,53.43,10.56,-11.88,3961.8,-389.62183,-10.073432
34017.0,518.10004,13993.41,171693.64,19538.65,3975.2402,6859.59,661.71,2935.6802,46153.8,3962.5,385855.5,1175.1875
29620.89,573.05005,19675.24,236644.53,28622.672,4097.7,11240.85,905.57,3660.36,64833.12,3962.7,542526.75,1898.2009
80850.84,3421.03,158403.58,262143.0,218317.92,33896.3,61763.71,5621.11,24107.16,262143.0,3964.7,4367834.0,5600.8237
49019.28,745.75,15159.921,187410.9,21984.71,3702.06,7855.58,895.98,4428.6,50198.28,3965.8,418020.94,883.258
49830.992,1146.1001,42294.23,262143.0,59314.6,8980.4,20030.77,1859.09,6617.16,138951.12,3966.7,1166224.8,2425.781
12098.22,89.490005,10.990001,866.64,737.9,196.25,47.95,34.25,376.2,1593.2401,3966.7,303.0392,1.5973186
33462.81,511.82,7484.1904,91220.14,11624.28,1742.7001,3997.66,349.35,3050.52,25355.88,3966.8,206369.7,638.4866
54963.992,1284.26,49761.152,262143.0,68646.68,10539.41,22217.291,2205.7,8012.4004,158645.53,3966.9,1372118.2,2587.5774
20586.81,505.54,1822.77,23614.371,9035.351,2030.01,16446.85,1464.53,4139.52,16291.44,3966.9,50261.215,252.15808
28054.89,434.89,3070.9202,37610.92,9363.48,2592.07,9594.11,920.64,2863.08,19538.64,3967.1,84677.81,311.9745
73800.36,1500.92,60600.434,262143.0,80267.82,13188.0,22569.38,2079.66,9086.88,189641.77,3967.4,1671001.5,2346.828
62794.86,1786.66,31272.83,262143.0,47219.32,8465.44,14501.45,1380.96,7852.68,108075.01,3967.9,862319.7,1422.9413
29359.89,497.69,13398.381,163908.0,19880.91,3461.85,6954.12,615.13,5001.48,46090.44,3968.3,369448.1,1303.8087
40724.7,598.17004,35461.59,262143.0,46118.75,8558.07,11170.98,1085.04,4565.8804,111018.6,3968.7,977820.9,2488.7131
3006.72,45.530003,-29.830002,166.42,20.41,-58.09,-20.55,-26.03,23.76,315.48,3971.7,-822.53503,-29.366732
27618.15,398.78,17681.34,214391.36,23912.67,4163.64,5911.55,532.93,3870.2402,58292.523,3972.4,487546.78,1829.4994
37253.4,464.72,17604.41,215243.88,25901.861,3596.87,8250.14,741.17,4367.8804,58429.8,3973.3,485425.5,1350.1531
67362.36,2300.05,80038.6,262143.0,110653.6,18125.65,30574.291,2781.1,11862.841,253325.17,3975.5,2206991.2,3396.2788
34319.76,828.96,34598.09,262143.0,51742.492,7222.0,15016.57,1428.91,6526.08,111430.445,3979.6,954010.7,2881.4172
36616.56,1040.91,26837.58,262143.0,45947.62,9407.44,19928.02,1919.37,11028.601,105656.766,3980.6,740021.75,2094.631
67373.67,996.95,44211.203,262143.0,60726.03,9536.181,13328.73,1234.37,7851.3604,148014.25,3981.7,1219083.5,1875.2517
14268.0,75.36,122.46001,2435.07,949.85004,491.41,968.59,112.340004,828.96,3080.8801,3982.6,3376.7227,23.540318
27378.9,817.97003,30660.531,262143.0,44030.652,7044.5903,15828.98,1213.82,7081.8003,98176.32,3983.4,845436.1,3200.9363
17688.84,218.23001,850.94,10975.87,2190.1501,456.87003,267.15,10.96,814.44,5998.08,3984.0,23463.893,136.5462
91848.51,3069.35,117302.555,262143.0,158824.34,23771.371,50822.89,4785.41,20772.842,262143.0,3986.0,3234510.8,3650.6099
4802.4,222.94,7396.27,89895.06,9267.71,1488.3601,146.59,35.62,295.68002,24895.201,3986.2,203945.38,4402.555
44327.37,1018.93005,38571.76,262143.0,55336.223,8694.66,16252.31,1465.9,6532.68,126797.88,3986.8,1063581.0,2486.9778
32741.58,529.09,19537.08,236989.94,26611.5,3931.28,7476.09,567.18,3822.7202,60754.324,3987.1,538717.1,1705.1178
32906.88,624.86005,18778.771,230119.62,29804.88,4587.54,17204.46,1422.06,3636.6,64678.684,3989.3,517807.44,1630.6592
15174.54,324.99002,368.95,5075.81,1092.7201,491.41,117.82,75.35,427.68002,3170.6401,3989.9,10173.459,68.51859
38838.54,747.32,989.10004,13566.37,2559.1,389.36002,472.65,20.55,1079.76,7048.8003,3990.1,27273.53,71.81592
47635.98,949.85004,29454.771,262143.0,40116.64,6864.04,13236.94,1053.53,4750.68,94195.2,3992.9,812188.4,1766.9481
15274.59,92.630005,295.16,4845.02,1629.66,508.68002,245.23,2.74,792.00006,3653.7603,3994.6,8138.767,54.25059
31047.69,535.37,18078.55,219296.03,26452.932,3673.8,9370.8,626.09,3457.08,58130.164,3994.8,498499.5,1663.8815
16402.98,546.36005,6655.23,81811.13,15351.461,3537.2102,11033.98,871.32,3936.2402,31194.242,3997.5,183511.88,1159.0836
17218.17,334.41,11964.971,146402.5,19570.05,2961.02,6155.41,476.76,3087.4802,43237.92,3998.0,329923.12,1985.8892
27922.65,365.81,8424.62,102720.39,12225.591,1709.7301,5088.18,427.44,2628.12,30092.041,3998.4,232301.19,861.66595
22850.55,518.10004,9765.4,119623.016,13074.96,2588.9302,3052.36,271.26,2502.7202,31282.682,3999.6,269271.97,1220.9188
15415.53,204.1,119.32001,1866.7301,1022.07,241.78001,1637.15,250.71,776.16003,2354.8801,4001.0,3290.1401,21.131142
26041.71,475.71002,23565.701,262143.0,32230.531,5799.58,10246.23,874.06,3562.6802,74627.52,4001.3,649802.6,2586.3777
18429.21,438.03003,227.65001,3650.25,935.72003,287.31,95.9,79.46,281.16,2674.32,4002.5,6277.2407,34.319122
45052.082,896.47003,41842.07,262143.0,62270.91,9547.17,22070.7,1848.13,6930.0005,138441.61,4002.7,1153756.9,2654.506
12594.99,103.62,25.12,1541.7401,474.14,144.44,638.42,154.81,720.72003,1770.1201,4004.7,692.6611,4.702573
23594.4,532.23004,17340.65,211318.86,22509.09,2780.4702,1905.67,212.35,3391.08,56697.96,4005.8,478152.56,2100.384
7219.2603,353.25,6584.58,79259.88,9544.03,1111.56,284.96,121.93,761.64,22337.041,4006.8,181563.77,2606.8604
31901.16,551.07,16533.67,199768.38,23071.15,3048.9402,7060.98,591.84,2868.36,52228.44,4007.5,455900.8,1480.8756
11213.43,95.770004,6.28,2764.77,6300.41,3874.76,306.88,38.36,178.20001,12932.04,4008.7,173.16527,0.6012908
58259.55,1130.4,38507.39,262143.0,54066.094,8733.91,17671.63,1645.37,6111.6,124413.97,4009.1,1061806.1,1888.8441
55646.94,1042.48,30892.89,262143.0,48217.84,8231.511,24268.18,2113.91,7724.64,104553.24,4009.6,851843.2,1586.3264
50299.92,797.56,32199.13,262143.0,42112.113,5358.41,8484.41,742.54,5400.12,101526.484,4009.8,887861.56,1829.3148
55859.22,1088.01,46873.92,262143.0,68638.836,10110.801,22806.39,2018.01,7063.3203,149364.61,4010.1,1292505.5,2398.3047
38225.19,920.02,35723.78,262143.0,49221.07,5695.96,12031.34,1056.27,4168.56,112431.01,4010.5,985050.56,2671.1248
30127.23,467.86002,19703.5,241181.84,27982.111,4187.19,8213.15,538.41,2987.1602,63792.96,4011.8,543306.0,1868.9636
28581.24,817.97003,635.85004,7865.7,1537.03,693.94,120.56,4.11,670.56,5124.24,4013.5,17532.982,62.609592
11446.59,43.960003,178.98001,2077.11,744.18005,127.170006,150.7,90.42,483.12003,2141.04,4015.4,4935.21,43.70719
12950.82,122.46001,194.68001,2353.4302,957.7,295.16,27.4,35.62,430.32,2291.52,4016.7,5368.123,41.98066
16610.041,282.6,558.92004,7286.37,1373.75,172.70001,30.14,9.59,194.04001,3511.2002,4018.7,15411.709,95.211716
43323.39,739.47003,27891.05,262143.0,37689.42,5419.64,11386.07,1146.6901,3875.5203,88674.96,4019.4,769070.2,1839.7356
16557.84,279.46002,372.09003,4823.04,1040.91,252.77,97.27,-36.99,224.40001,2707.32,4019.7,10260.042,63.25299
7298.43,249.63,89.490005,803.84,266.9,141.3,169.88,10.96,221.76001,823.68005,4020.2,2467.605,34.05856
38853.332,733.19,5309.74,64252.254,7550.1304,1234.02,297.29,58.91,1001.88007,19253.521,4022.2,146411.23,389.7455
53495.43,1077.02,16499.13,202610.08,26825.021,4421.12,7993.95,661.71,3451.8,57294.6,4022.5,454948.44,880.8473
12699.39,80.07,73.79,1083.3,532.23004,266.9,27.4,17.81,520.08,1962.8401,4027.7,2034.6918,15.613598
7953.54,353.25,172.70001,3268.74,2989.28,1053.4701,198.65,146.59,834.24005,3717.12,4032.9,4762.045,61.084175
24917.67,496.12003,13534.971,162739.92,18786.621,2717.6702,4611.42,474.02,2618.8801,43908.48,4034.1,373214.44,1552.098
43310.34,1466.38,34519.59,262143.0,51901.062,7418.2505,21022.65,1868.68,8994.48,115309.92,4035.1,951846.1,2277.8882
102808.77,5446.33,206497.39,262143.0,262143.0,50451.953,101800.59,9020.08,39853.44,262143.0,4035.4,5693976.5,5741.928
13932.18,420.76,130.31,1373.75,806.98004,222.94,204.13,2.74,273.24002,1277.76,4036.1,3593.179,25.742847
41151.0,785.0,27347.83,262143.0,36386.32,5612.75,10007.85,749.39,4946.04,86028.37,4036.9,754091.4,1899.1656
5319.18,381.51,191.54001,4980.04,2818.1501,1102.14,486.35,226.05,995.28,5236.4404,4038.6,5281.5405,101.95888
29327.7,428.61002,12472.08,151629.03,16541.521,2172.8801,6011.56,502.79,2716.56,39171.0,4039.7,343906.2,1214.9336
30049.8,505.54,19469.57,236011.83,26005.48,4546.72,5060.78,506.9,2761.4402,62106.004,4040.1,536855.56,1851.5236
32758.11,577.76,22173.111,262143.0,29985.432,5082.0903,8178.9,897.35,3933.6,69999.6,4042.0,611403.25,1934.3379
28880.52,372.09003,14627.69,179744.6,20201.191,2672.1401,6547.23,521.97003,2471.04,47593.92,4042.9,403345.2,1447.1707
32357.041,518.10004,18632.76,228475.83,25412.021,3645.54,6614.36,546.63,3120.4802,59607.242,4048.0,513781.3,1645.4835
11852.88,276.32,207.24,2576.37,841.52,196.25,110.97,86.31,258.72,1706.76,4050.2,5714.4536,48.991795
48129.27,940.43005,28515.91,262143.0,41121.44,5783.8804,20092.42,1598.79,5295.8403,95623.445,4050.3,786300.1,1693.0527
72089.94,2592.07,65988.67,262143.0,93210.91,14786.261,36862.59,2987.97,13561.681,222932.17,4051.5,1819577.2,2616.241
18431.82,373.66,521.24,7088.5503,3661.2402,1023.64,4337.42,421.96,1479.7201,5844.9604,4052.3,14372.716,79.85716
29100.63,486.7,1138.25,14739.16,2967.3,1102.14,194.54,102.75,959.64,7597.9204,4053.2,31386.203,110.83668
42917.97,929.44,40436.92,262143.0,61358.742,8969.41,26419.08,2327.6301,6953.7603,132927.97,4054.2,1115011.1,2692.94
9420.36,180.55,26.69,1186.92,455.30002,298.30002,52.06,104.12,231.00002,1009.80005,4055.6,735.95233,7.1008396
35870.97,935.72003,31533.451,262143.0,44253.59,7437.0903,14320.61,1448.09,5019.96,99704.88,4055.6,869506.06,2512.4912
27205.77,510.25003,15491.19,190696.92,23735.262,4482.35,9670.83,856.25,3347.52,51919.562,4055.7,427155.4,1627.0688
12628.05,178.98001,108.33,1444.4,483.56003,169.56001,228.79,17.81,267.96002,1071.8401,4059.1,2987.1006,23.527962
30339.51,527.52,21315.89,255448.42,29308.762,4717.85,10183.21,965.85,3897.9602,68412.96,4060.3,587766.2,2007.8334
43072.832,1095.86,54818.12,262143.0,74257.86,12426.551,19559.49,1734.42,8717.28,173034.84,4061.5,1511559.5,3637.8962
5929.92,394.07,6380.48,75433.79,8655.41,1169.65,164.4,34.25,782.76,22271.041,4062.0,175935.9,3075.476
5615.85,354.82,6160.68,74306.53,8127.89,1466.38,226.05,-19.18,649.44,21506.762,4062.3,169875.12,3135.6218
4118.58,340.69,4694.3003,55063.043,6248.6,992.24005,154.81,15.07,640.2,16406.281,4063.6,129441.04,3257.91
11489.22,45.530003,117.75001,992.24005,461.58002,475.71002,556.22003,64.39,436.92,1883.64,4064.0,3246.8486,28.303492
61215.81,1157.0901,43551.8,262143.0,61240.992,9211.19,19907.47,1711.13,8715.96,141389.17,4065.6,1200901.1,2033.1902
73877.79,1719.15,77666.336,262143.0,107361.31,15580.681,27036.95,2359.14,10857.0,247246.56,4070.7,2141578.2,3004.8545
139594.98,5042.8403,176708.22,262143.0,246538.67,39560.86,77085.79,6971.93,30428.64,262143.0,4071.4,4872567.5,3618.3945
10303.41,208.81001,243.35,3339.3901,748.89,65.94,100.01,67.13,233.64001,1242.12,4072.6,6710.154,66.5304
24735.84,617.01,33976.37,262143.0,47434.41,7953.62,8250.14,652.12,3042.6,109154.766,4072.6,936867.4,3926.3477
131786.73,4713.14,219490.72,262143.0,262143.0,50250.992,95173.9,8362.48,33157.082,262143.0,4072.8,6052256.0,4761.045
5063.4,147.58,61.230003,620.15,893.33,221.37001,204.13,64.39,337.92,889.68005,4073.1,1688.3613,33.575706
13201.38,98.91,153.86,2428.79,1033.06,414.48,84.94,116.45,531.96,2855.1602,4075.2,4242.549,32.323868
50874.12,962.41003,32126.91,262143.0,45365.152,6667.79,15501.55,1328.9,7377.4805,105535.32,4075.7,885870.2,1804.5979
36325.98,657.83,17631.102,217341.39,22775.99,4260.98,7039.06,541.15,5018.64,59244.242,4077.3,486161.5,1386.7495
14391.54,149.15001,196.25,3034.81,1177.5,521.24,132.89,58.91,504.24002,2955.4802,4080.3,5411.414,37.989834
52896.87,1047.1901,45437.37,262143.0,65209.953,9861.17,23769.5,2160.49,7227.0005,147363.48,4081.4,1252894.0,2455.022
16052.37,298.30002,183.69,2430.36,755.17004,171.13,95.9,-4.11,410.52002,1948.3201,4081.4,5065.084,31.718647
35869.23,1147.67,55788.383,262143.0,81054.39,11961.83,26568.41,2309.82,9742.92,179434.2,4084.1,1538313.6,4446.0366
9731.82,216.66,81.64,1067.6,266.9,230.79001,47.95,57.54,219.12001,1046.76,4084.6,2251.1482,22.986004
130530.45,4945.5,255911.58,262143.0,262143.0,61666.46,121597.09,10716.14,36987.723,262143.0,4085.2,7056527.5,5604.664
83727.93,3146.28,147021.08,262143.0,208799.02,32995.12,64142.03,6052.66,23799.602,262143.0,4085.2,4053971.8,5019.6304
36417.332,813.26,38739.75,262143.0,52769.273,8760.601,15487.85,1470.01,6198.72,122284.805,4086.2,1068213.1,3040.569
7047.87,412.91,8236.221,97886.36,11622.71,1692.4601,475.39,5.48,636.24005,25907.64,4088.2,227106.25,3340.328
14214.93,65.94,255.91,3157.27,934.15,276.32,226.05,31.51,479.16003,2608.32,4088.2,7056.4844,50.47443
46458.0,676.67004,21099.23,257881.92,33863.332,5319.16,16124.9,1479.6,7560.9604,77292.6,4089.2,581792.0,1297.5394
48265.86,1235.5901,46440.6,262143.0,72681.586,12955.641,29750.92,2805.76,9356.16,157536.72,4089.2,1280557.1,2750.1025
24438.3,400.35,15831.881,195395.92,22397.621,2984.57,6622.58,545.26,2331.12,50236.562,4089.6,436549.62,1851.2965
22164.121,301.44,13869.381,170101.66,18909.08,2469.61,4944.33,486.35,1912.68,45087.242,4089.6,382435.5,1788.1863
27337.14,1218.3201,52328.1,262143.0,80027.61,14115.87,28443.94,2413.94,8135.16,175178.53,4090.1,1442899.5,5472.0684
29320.74,1051.9,22942.41,262143.0,38986.242,7006.91,17222.27,1496.04,6615.8403,82566.0,4090.2,632616.0,2236.243
36081.51,799.13,876.06006,12087.431,5119.77,1420.8501,409.63,115.08,1735.8,10677.48,4091.2,24156.555,68.422165
3720.99,20.41,7.8500004,111.47,-51.81,-56.52,-26.03,-27.4,60.72,29.04,4091.3,216.45657,5.031984
16142.85,312.43002,337.55002,3632.9802,898.04004,260.62,243.86,-27.4,392.04,2634.7202,4091.7,9307.633,58.78702
30857.16,266.9,896.47003,11578.75,3965.82,1091.15,875.43,187.69,1899.4801,9988.44,4093.3,24719.342,82.06706
25315.26,607.59,26182.89,262143.0,38483.84,6042.93,14446.65,1315.2,3528.36,82381.2,4093.4,721969.25,2956.2239
4300.41,401.92,6794.9604,80679.164,9021.221,1447.54,193.17,12.33,525.36005,21869.762,4094.0,187364.81,4516.79
54410.67,1277.9801,62548.8,262143.0,91039.59,15830.311,32348.44,2639.99,5524.2,199133.89,4094.4,1724726.0,3285.8804
53597.22,1213.61,47641.652,262143.0,65349.684,11029.25,12638.25,1157.65,7006.56,153295.56,4094.7,1313675.0,2540.5203
34674.72,529.09,11624.28,144465.12,21127.49,3571.75,14246.63,1233.0,5096.52,44085.363,4095.6,320528.9,957.52216
39795.54,865.07,46622.723,262143.0,63537.902,10531.561,17727.8,1583.72,7380.12,149637.84,4096.4,1285578.9,3348.7485
29443.41,375.23,141.3,2785.1802,5458.89,1601.4,14796.0,1230.26,1560.2401,4235.8804,4096.9,3896.2183,12.721546
55305.9,940.43005,31139.38,262143.0,44197.07,6269.0103,17382.56,1835.8,6953.7603,103148.766,4098.6,858639.94,1608.8578
26156.55,464.72,7032.0303,86616.91,10380.841,1590.41,2287.9,167.14,2962.08,24718.32,4098.9,193901.8,767.68646
37162.92,573.05005,17332.8,209053.36,23261.121,4173.06,8918.7,700.07,5282.64,58726.8,4099.1,477936.12,1332.5457
31075.53,638.99005,27000.861,262143.0,40359.992,5884.3604,9631.1,689.11,5095.2,87059.28,4099.8,744524.06,2483.3232
31179.06,538.51,21246.81,256051.31,26474.91,3761.7202,4304.54,384.97,3014.8801,66677.164,4101.3,585861.4,1947.4071
20139.63,232.36,9178.221,111875.06,13133.051,2223.12,3122.23,317.84,1906.0801,28873.682,4101.6,253081.05,1302.0348
14863.08,251.20001,383.08002,4991.0303,2705.11,631.14,5022.42,531.56,1675.0801,4914.3604,4103.6,10563.081,72.69358
38681.94,640.56,18367.43,226350.05,23871.852,2906.07,6474.62,421.96,4712.4004,59557.082,4105.2,506465.06,1356.654
7642.08,163.28,36.11,1529.18,357.96002,103.62,93.16,13.7,132.0,1015.08,4105.5,995.70026,12.510298
49439.492,894.9,30589.88,262143.0,43735.492,6900.1504,12668.39,1048.05,4790.2803,95053.2,4111.9,843488.0,1768.1016
50666.19,1175.93,63247.453,262143.0,87767.71,13487.87,22842.01,1926.22,8033.5205,196360.56,4116.0,1743990.6,3568.2239
35085.36,681.38,21537.26,259971.6,30154.99,4438.39,9525.61,760.35,4048.4402,70445.766,4117.3,593870.25,1754.1472
40488.06,543.22003,2003.3201,23911.102,4697.44,725.34,206.87,2.74,1271.16,11853.601,4119.9,55239.72,140.47261
30818.88,401.92,12685.601,153528.73,17861.89,2774.1902,6636.28,687.74,4326.96,45741.96,4122.5,349793.84,1175.9098
50828.88,943.57,35153.87,262143.0,50106.55,7821.74,16805.791,1580.98,5260.2,113226.96,4122.8,969335.8,1976.4777
28059.24,218.23001,1073.88,13222.54,3347.24,1157.0901,3790.79,368.53,1771.4401,9728.4,4122.8,29611.258,108.42809
40900.44,1329.79,35185.27,262143.0,54314.152,9650.79,22929.69,1979.65,8704.08,120963.484,4127.4,970201.6,2458.6987
12428.82,166.42,149.15001,1662.63,392.5,43.960003,54.8,-42.47,174.24,1508.76,4128.7,4112.6753,33.311714
20946.12,656.26,16422.201,201680.64,33627.832,6203.0703,22873.52,1820.73,6996.0005,64970.402,4129.9,452827.2,2240.6965
10476.54,367.38,62.800003,1004.80005,274.75,72.22,13.7,64.39,179.52,1276.4401,4130.9,1731.6526,16.13921
30031.53,489.84003,20964.21,255694.92,28291.4,4551.43,7674.74,597.32,3252.4802,66993.96,4131.2,578068.94,1994.9519
51000.27,827.39,23165.352,262143.0,33780.12,5108.7803,14323.35,1124.77,5910.9604,77583.0,4131.3,638763.4,1297.7196
41164.92,665.68,26251.97,262143.0,35254.35,5292.47,10011.96,832.96,5124.24,86008.56,4132.5,723874.06,1822.4069
39381.42,742.61005,29169.031,262143.0,39465.09,6093.1704,11113.44,1141.21,4708.4404,92529.37,4132.6,804309.4,2116.7742
46234.41,1223.03,48074.973,262143.0,61919.23,9011.801,14276.7705,1076.82,6433.68,149903.17,4133.3,1325623.4,2972.0535
12592.38,309.29,200.96,3932.85,2213.7002,733.19,341.13,113.71,993.96,4985.64,4133.9,5541.2886,44.630035
97724.49,4523.17,127512.266,262143.0,195479.14,32778.46,48250.03,4512.78,32783.52,262143.0,4136.7,3516034.0,3729.7617
11715.42,152.29001,20.41,697.08,266.9,213.52,16.44,10.96,204.6,1330.56,4137.4,562.78705,3.9812016
15258.93,177.41,75.36,1161.8,533.8,345.40002,110.97,20.55,415.80002,2064.48,4139.5,2077.9832,13.121012
20425.86,202.53001,6964.52,85177.21,11029.25,1285.8301,2841.3801,191.8,2686.2002,23098.682,4140.8,192040.27,973.8994
10009.35,152.29001,58.09,623.29004,427.04,94.200005,-23.29,-45.21,327.36002,1264.56,4141.7,1601.7786,15.593748
45268.71,781.86005,32230.531,262143.0,42652.19,6557.89,8999.53,806.93,4503.8403,104219.28,4142.7,888727.44,2034.7213
26912.58,373.66,13020.011,158365.9,17919.98,3030.1,5301.9,523.34,2688.84,42410.28,4143.8,359014.88,1382.2637
30229.02,560.49,22348.951,262143.0,31542.871,5270.49,8470.71,719.25,3156.12,69953.41,4144.1,616251.9,2112.8887
59541.06,996.95,33711.043,262143.0,45961.75,7360.16,15976.94,1354.93,5862.12,107081.05,4144.7,929551.2,1617.8427
25718.94,356.39,158.57,3326.83,1141.39,521.24,1734.42,121.93,1837.4401,3936.2402,4146.6,4372.423,16.628565
31484.43,593.46,18909.08,230523.11,25793.531,4334.77,7576.1,527.45,3472.9202,61340.402,4148.6,521400.6,1716.2106
14900.49,237.07,6865.6104,83167.61,7999.1504,817.97003,406.89,128.78,564.96,20865.24,4152.2,189312.92,1316.43
42148.89,714.35004,24983.41,262143.0,32927.61,5240.66,8558.39,758.98,3181.2002,81277.68,4154.8,688894.7,1693.7849
38059.02,723.77,18821.16,228315.69,29497.16,5542.1,17140.07,1408.36,5214.0,67576.086,4154.9,518976.28,1412.9623
5655.0,45.530003,-3.14,83.21,50.24,45.530003,57.54,23.29,-3.96,-59.4,4155.5,-86.582634,-2.5876184
16328.16,343.83002,430.18002,5353.7,1413.0,450.59003,165.77,83.57,567.60004,3236.6401,4155.7,11861.82,74.32896
27412.83,368.95,17802.23,218280.25,24798.15,2986.1401,4989.54,454.84,2688.84,58031.164,4156.2,490880.22,1855.8188
13687.71,200.96,67.51,1668.91,708.07,40.82,135.63,91.79,324.72,1653.9601,4158.1,1861.5266,13.102182
21113.16,833.67004,15376.58,187950.98,26473.342,4158.93,10188.69,926.12,8053.3203,58971.004,4160.0,423995.12,2081.3586
66431.46,1477.37,60159.26,262143.0,83065.56,13966.721,26754.73,2400.24,10858.32,192803.17,4160.1,1658836.6,2588.272
29531.28,695.51,233.93001,3080.34,2587.36,684.52,252.08,53.43,1322.64,4540.8003,4162.2,6450.406,21.649189
73217.46,1775.67,59174.87,262143.0,77573.7,12189.48,22298.12,2061.85,10936.2,188282.17,4166.0,1631693.0,2309.8496
44475.27,660.97003,16590.191,203227.1,26912.941,4969.0503,10903.83,1037.09,5361.8403,57760.562,4166.1,457459.34,1065.5514
41650.38,659.4,255.91,5135.47,1954.65,386.22,3059.21,272.63,2952.84,5141.4004,4166.2,7056.4844,16.567797
8927.07,345.40002,266.9,5359.98,3050.51,1091.15,739.8,195.91,1012.44006,5665.4404,4168.2,7359.523,84.48474
7595.1,265.33002,574.62,6645.81,1959.3601,314.0,415.11002,34.25,945.12006,4874.7603,4169.4,15844.621,215.31978
3120.69,136.59001,61.230003,1336.0701,1029.92,532.23004,153.44,124.67,369.6,1465.2001,4169.9,1688.3613,55.099976
14658.63,98.91,249.63,3111.74,755.17004,403.49002,267.15,-49.32,580.80005,2753.52,4172.9,6883.319,47.691414
38764.59,885.48004,47688.75,262143.0,65706.07,11244.341,19967.75,1890.6,7723.3203,149523.0,4175.3,1314973.6,3516.4646
47904.81,681.38,23311.361,262143.0,32955.87,3898.31,8233.7,763.09,4099.92,76739.52,4175.5,642789.44,1390.3535
15668.7,346.97,208.81001,3066.2102,510.25003,47.100002,-4.11,-63.02,231.00002,2154.24,4178.5,5757.745,37.103718
14855.25,224.51001,458.44,5807.43,3865.34,1279.55,6756.84,468.54,1288.3201,6481.2,4181.6,12641.063,87.23716
34850.46,664.11005,19515.102,238737.34,28479.8,5045.98,9339.29,912.42,4898.52,65980.2,4181.8,538111.06,1600.0736
31255.621,642.13,22472.98,262143.0,38366.09,5221.8203,21404.88,1808.4,9349.561,84457.56,4182.4,619671.9,2054.8032
31766.31,541.65,17640.521,214050.67,24292.611,4359.89,6860.96,523.34,2709.9602,54901.44,4183.3,486421.25,1586.7921
11385.69,191.54001,775.58,9567.58,4337.91,855.65,8106.29,576.77,1667.16,6767.64,4183.3,21385.91,193.7674
34653.84,463.15002,11994.801,146911.19,18336.031,2658.01,6338.99,706.92,2985.84,41115.363,4183.6,330745.66,988.6706
40123.53,803.84,42320.92,262143.0,57739.89,9138.971,16681.12,1612.49,6815.16,133318.69,4184.4,1166960.8,3014.817
40349.73,543.22003,761.45,9449.83,5240.66,1949.9401,1981.02,171.25,2044.68,9597.721,4186.1,20996.287,52.95724
25070.791,285.74002,11694.931,143006.6,15948.061,2033.15,4510.04,515.12,2168.76,39017.883,4186.6,322477.0,1332.7628
21898.77,326.56,965.55005,13806.58,6177.95,1891.8501,5489.59,434.29,2403.7202,11667.48,4188.2,26624.16,125.06777
5683.71,105.19,-48.670002,54.95,50.24,10.990001,-12.33,9.59,-18.480001,31.68,4189.3,-1342.0308,-25.483778
29334.66,436.46002,11040.24,132000.89,18144.49,3914.01,11155.91,889.13,6945.8403,42443.28,4190.7,304424.53,1075.0847
28256.73,513.39,800.7,11057.511,2232.54,667.25,216.46,43.84,764.28,6120.8403,4190.7,22078.57,80.020874
16054.98,769.30005,19873.06,241982.53,34496.043,7102.68,18079.89,1600.16,6234.3604,76206.24,4192.0,547981.44,3538.1904
23607.45,486.7,811.69,10063.7,1695.6001,460.01,158.92,-65.76,495.00003,4494.6,4193.7,22381.61,97.30829
59491.47,1138.25,46015.133,262143.0,65165.992,9244.16,23947.6,2059.11,6918.12,143881.33,4194.3,1268825.2,2210.541
32416.2,629.57,24977.13,262143.0,34946.633,5443.19,9828.38,906.94,3352.8,78438.36,4195.1,688721.56,2202.076
47941.35,868.21,27961.701,262143.0,38466.57,6443.2803,12857.45,1131.62,5488.56,88665.73,4196.0,771018.3,1666.6399
9443.85,182.12001,32.97,1067.6,538.51,-7.8500004,904.2,46.58,666.60004,1425.6001,4196.9,909.1176,8.982031
41130.12,649.98004,20342.49,245579.4,27710.5,3997.2202,10357.2,778.16,4134.24,65926.086,4199.2,560925.56,1413.1423
75635.19,1637.51,75722.67,262143.0,103277.74,17244.88,29234.43,2831.79,9171.36,236574.38,4203.9,2087983.4,2861.5364
10671.42,367.38,420.76,4788.5,662.54004,53.38,154.81,-52.06,212.52,1956.2401,4204.1,11602.072,111.73564
31044.21,409.77002,15095.551,185104.58,18639.041,2447.6301,3216.76,271.26,2555.52,49738.92,4204.8,416246.0,1389.3281
13957.41,215.09001,100.48,1957.79,538.51,-21.980001,1174.09,157.55,1367.52,1708.0801,4205.1,2770.6443,19.583717
46794.69,693.94,113.04,3014.4001,3636.12,935.72003,6997.96,619.24,5880.6,7703.5205,4205.8,3116.9746,5.906922
10326.03,342.26,511.82,6069.62,1830.6201,425.47,195.91,82.2,357.72,3012.2402,4205.8,14112.969,140.72057
12696.78,127.170006,384.65002,4361.46,1273.27,339.12003,186.32,-39.73,920.04004,3779.1602,4207.3,10606.373,85.6206
24848.94,326.56,230.79001,3899.8801,1582.56,226.08,257.56,20.55,1139.16,5051.64,4208.6,6363.823,25.555721
27171.84,397.21002,15224.29,187120.45,22735.17,3724.04,7995.32,980.92,2589.84,49601.64,4209.9,419795.88,1601.0166
36404.28,543.22003,22516.941,262143.0,37395.832,6298.8403,17959.33,1433.02,5207.4004,77675.41,4212.6,620884.06,1767.5035
32159.55,568.34,436.46002,7284.8003,7196.8804,1436.55,14400.07,1185.05,2881.56,11176.44,4214.0,12034.986,37.804626
22411.2,248.06001,403.49002,6091.6,2028.4401,560.49,465.8,32.88,1129.92,5676.0,4214.6,11125.868,50.477413
28293.27,317.14,725.34,8952.141,2625.04,1020.50006,183.58,12.33,1017.72003,6090.4805,4215.6,20000.588,72.3006
24527.91,328.13,157.0,2741.22,1634.37,668.82,127.41,16.44,990.00006,4486.68,4216.6,4329.1313,17.30156
6245.73,262.19,164.85,2761.6301,1891.8501,706.5,356.2,84.94,611.16003,2954.1602,4218.8,4545.588,74.46659
23097.63,321.85,11525.37,141486.83,15937.07,2634.4602,3304.44,445.25,2657.1602,40216.44,4221.5,317801.53,1425.7124
28208.01,1135.11,345.40002,4775.94,1537.03,317.14,204.13,106.86,850.08,4748.04,4222.3,9524.09,34.010548
64340.85,1260.7101,36904.42,262143.0,52020.383,9165.66,19010.12,1689.21,8685.601,122824.69,4223.0,1017605.7,1638.9878
24491.371,538.51,3557.62,44540.902,13903.921,3932.85,15105.62,1449.46,3429.36,22438.682,4223.5,98098.12,414.33206
10475.67,158.57,26.69,420.76,244.92001,-21.980001,95.9,13.7,328.68002,525.36005,4224.8,735.95233,6.284768
14696.91,169.56001,277.89,4022.34,1511.91,207.24,117.82,9.59,665.28,2869.6802,4226.9,7662.563,53.062473
71748.9,1491.5,48990.28,262143.0,69835.17,10121.79,22798.17,2157.75,11374.44,165278.53,4227.4,1350862.2,1951.2871
38972.52,703.36005,26798.33,262143.0,35513.402,5835.6904,10233.9,856.25,4018.08,85070.05,4228.2,738939.44,1965.0667
31190.371,447.45,16174.141,197928.34,22121.3,3890.4602,6711.63,534.3,2856.4802,51600.12,4229.6,445987.12,1481.6876
31751.52,364.24002,22100.89,262143.0,29486.172,4596.96,5608.78,482.24,3484.8,69418.805,4229.9,609411.8,1989.1885
49612.62,1402.01,84356.1,262143.0,119531.95,18959.32,35847.42,3159.22,8713.32,262143.0,4233.9,2326042.2,4860.5337
19790.76,384.65002,222.94,3399.05,1059.75,205.67001,264.41,86.31,365.64,2827.4402,4234.1,6147.3667,31.208797
27758.22,686.09,33588.582,262143.0,50778.51,6714.89,17837.4,1671.4,6392.7603,109429.33,4234.8,926174.44,3458.7847
9696.15,221.37001,117.75001,1452.25,414.48,304.58002,109.6,34.25,175.56001,1221.0,4237.9,3246.8486,33.722466
31469.64,541.65,6477.8203,78264.5,7821.74,1361.1901,989.14,143.85,2332.4402,22029.48,4238.1,178619.97,587.5537
56837.97,913.74005,22917.291,262143.0,33392.332,5590.77,14038.39,1193.27,7748.4004,77303.164,4239.6,631923.3,1151.8524
34169.25,496.12003,14272.87,172525.73,19234.07,4041.1802,7925.45,689.11,3570.6,48886.203,4242.6,393561.34,1193.3314
57828.03,1056.61,43330.43,262143.0,61836.023,9598.98,19875.96,1576.87,7951.68,142466.28,4244.4,1194797.0,2141.415
31862.88,618.58,24730.64,262143.0,34690.723,5053.83,11513.48,1012.43,3643.2002,79698.96,4244.6,681924.8,2218.2148
25734.6,673.53,4041.1802,48724.953,6016.24,744.18005,310.99,8.22,949.08,14652.001,4246.0,111431.84,447.99323
14516.82,196.25,5024.0,61999.3,6898.58,1284.26,2189.26,176.73,1495.56,16016.881,4247.9,138532.2,988.5258
17445.24,163.28,405.06003,5399.23,1818.06,298.30002,138.37,79.46,869.88,5184.9604,4248.2,11169.16,65.38829
13506.75,153.86,-15.700001,128.74,0.0,32.97,15.07,0.0,133.32,55.440002,4248.3,-432.91315,-4.323516
13304.04,218.23001,102.05,1811.78,453.73,138.16,963.11,61.65,987.36005,1932.4801,4249.0,2813.9355,20.932013
23379.51,324.99002,12442.25,152056.08,16729.92,2483.74,4120.96,361.68,1825.56,40166.28,4250.2,343083.66,1520.6421
22312.02,411.34003,174.27,2690.98,1194.77,189.97,1965.95,153.44,1527.2401,3430.6802,4250.7,4805.336,21.332264
20379.75,266.9,4146.37,49988.8,6300.41,445.88,1164.5,68.5,2113.32,14710.081,4253.8,114332.36,580.72565
8146.68,117.75001,9.42,53.38,-114.61,48.670002,32.88,13.7,175.56001,-30.36,4253.9,259.7479,2.306125
31179.93,525.95,12536.45,153059.31,16169.431,2934.33,2138.57,160.29,5900.4004,42262.44,4255.1,345681.16,1148.6045
12498.42,117.75001,21.980001,1474.2301,805.41003,301.44,191.8,12.33,446.16,1870.4401,4255.7,606.0784,4.028305
50671.41,781.86005,24570.5,262143.0,34488.19,5579.7803,11216.19,1206.97,5636.4004,81800.41,4256.0,677509.06,1385.4365
27924.39,789.71,34288.8,262143.0,50436.25,8688.38,15938.58,1269.99,3940.2002,110183.05,4256.2,945482.3,3509.8928
15421.62,150.72,390.93002,4607.95,1309.38,127.170006,283.59,97.27,604.56,3268.32,4257.1,10779.538,71.47997
5647.17,97.340004,-21.980001,-141.3,141.3,0.0,-56.170002,32.88,142.56001,211.20001,4258.3,-606.0784,-12.1287365
22072.77,255.91,157.0,2689.4102,1565.29,480.42,141.11,61.65,939.84,4089.36,4258.7,4329.1313,19.33723
18122.1,401.92,450.59003,5055.4004,1224.6001,660.97003,124.67,123.3,594.0,3006.9602,4258.7,12424.607,70.09222
37078.53,766.16003,254.34001,5391.3804,5953.4404,1354.91,12530.0205,1086.41,2234.76,5071.4404,4258.9,7013.1934,18.612871
55997.55,1081.73,42108.973,262143.0,57738.32,8355.54,15338.5205,1304.24,5946.6,133685.64,4260.1,1161116.4,2149.0798
9192.42,69.08,86.350006,546.36005,425.47,144.44,-16.44,19.18,300.96002,1320.0,4262.4,2381.0225,25.858486
41836.56,700.22003,22261.031,262143.0,29184.73,3543.4902,7381.56,686.37,3041.28,70296.6,4262.7,613827.56,1520.3822
14828.28,387.79,7914.37,95824.95,15483.341,2274.9302,9626.99,885.02,4456.3203,33075.242,4267.0,218231.52,1525.0704
99747.24,3336.25,152008.97,262143.0,225868.06,37020.6,78129.73,6871.92,28114.682,262143.0,4267.5,4191508.2,4356.2983
12034.71,108.33,152.29001,2496.3,1053.4701,306.15002,323.32,47.95,582.12,2566.08,4268.5,4199.258,35.18135
21252.36,301.44,9985.2,122178.98,14392.19,2235.6802,6312.96,648.01,2762.76,33656.043,4269.8,275332.75,1342.3792
50954.16,1163.37,55728.723,262143.0,80584.96,12432.83,23609.21,2163.23,7135.9204,174162.12,4270.0,1536668.5,3126.148
5478.39,379.94,6378.91,77650.63,7485.7603,1595.12,73.98,64.39,673.2,21079.08,4271.7,175892.61,3328.2202
53979.15,1150.81,39509.05,262143.0,55507.35,8146.7305,16646.87,1446.72,7365.6,125264.05,4273.1,1089425.9,2091.7605
40159.2,573.05005,16371.961,200452.89,22640.97,4265.69,9942.09,756.24,4365.24,55203.723,4273.3,451441.84,1164.6406
24166.86,403.49002,13742.211,165495.28,19252.91,2631.32,4849.8,413.74,3079.56,44362.562,4274.8,378928.9,1624.8684
3051.09,98.91,58.09,21.980001,59.660004,-87.920006,8.22,-5.48,143.88,128.04001,4276.2,1601.7786,53.437145
40156.59,618.58,16378.24,201699.48,22983.23,3253.04,8981.72,661.71,5002.8003,56767.92,4276.3,451615.0,1165.1635
14332.38,279.46002,40.82,1661.06,766.16003,422.33002,113.71,23.29,442.2,2097.48,4278.0,1125.5741,7.14336
59135.64,1252.86,41185.812,262143.0,59807.582,8763.74,16334.51,1389.18,7174.2,137060.89,4278.5,1135661.1,1990.3489
7669.05,328.13,5692.8203,69503.9,7952.0503,1609.25,134.26,58.91,719.4,21064.56,4279.6,156974.31,2121.4375
24947.25,274.75,2651.73,33023.383,4504.33,1245.01,1834.43,219.2,2118.6,12137.4,4279.9,73119.03,302.91745
31727.16,620.15,27478.14,262143.0,36508.78,6352.22,10321.58,1016.54,3834.6,88103.41,4280.0,757684.56,2475.3105
43429.53,907.46,52558.89,262143.0,71455.414,11109.32,16392.05,1512.48,8418.96,164515.56,4281.1,1449263.4,3459.2708
46007.34,739.47003,28435.842,262143.0,38623.57,5815.2803,9832.49,745.28,4280.7603,91087.92,4281.2,784092.3,1766.2092
11437.89,100.48,254.34001,3304.85,1402.01,354.82,1153.54,158.92,696.96,3315.84,4281.9,7013.1934,62.579597
44196.87,772.44,27361.96,262143.0,37518.293,5973.85,10939.45,1090.52,4297.9204,88232.766,4282.1,754481.06,1769.128
10722.75,161.71,26.69,1147.67,416.05002,292.02002,113.71,-19.18,240.24,1186.68,4282.3,735.95233,6.116909
35624.76,1439.6901,39143.242,262143.0,66936.95,11293.011,29727.63,2761.92,9312.601,143874.72,4282.3,1079339.1,3140.6213
44815.44,893.33,34021.902,262143.0,50078.293,9102.86,16716.74,1572.76,5759.16,111712.92,4283.8,938122.8,2169.6003
10034.58,266.9,111.47,1342.3501,412.91,510.25003,65.76,-1.37,324.72,1244.76,4286.4,3073.6833,30.761995
41065.74,618.58,23314.5,262143.0,33877.46,5342.71,12029.97,1161.76,7130.64,78187.56,4290.2,642876.0,1622.2876
15893.16,394.07,3264.03,39011.36,4201.3203,560.49,161.66,34.25,487.08002,11299.2,4292.5,90002.64,586.2092
29553.03,598.17004,29313.47,262143.0,42236.14,7424.5303,16664.68,1787.85,5712.9604,96241.2,4294.3,808292.1,2835.0522
41516.4,1099.0,29705.97,262143.0,43510.98,6779.2603,17627.791,1450.83,6202.68,99273.24,4294.4,819114.94,2044.8466
13871.28,194.68001,4177.77,50874.28,6295.7,832.10004,2102.95,220.57,1016.4,13506.24,4295.1,115198.19,860.14636
64882.86,1039.3401,44688.48,262143.0,61142.082,9275.561,14035.65,1168.61,6124.8003,139088.4,4296.1,1232244.0,1968.3125
30760.59,449.02002,12906.971,155926.12,18353.3,2888.8,6004.71,516.49,3237.9602,42737.64,4296.2,355897.9,1198.7166
23054.13,527.52,18571.531,226675.03,27807.842,4435.25,11951.88,1271.36,3791.04,62912.523,4296.4,512093.0,2302.2864
12710.7,102.05,61.230003,1378.4601,995.38,428.61002,264.41,67.13,360.36002,1993.2001,4297.3,1688.3613,12.773483
55545.15,1092.7201,52486.67,262143.0,73906.18,11767.15,22088.51,2041.3,9266.4,171211.92,4298.7,1447272.0,2700.792
11711.07,293.59,243.35,3199.6602,854.08,62.800003,171.25,80.83,219.12001,1994.52,4302.3,6710.154,58.41331
3767.1,216.66,4986.3203,58458.953,6449.56,1039.3401,124.67,-26.03,312.84003,15746.28,4302.4,137493.22,3783.6174
3905.43,169.56001,4417.98,52714.32,6013.1,736.33,108.23,95.9,489.72003,15012.36,4302.4,121821.76,3233.4756
13413.66,323.42,97.340004,1246.5801,588.75,157.0,128.78,127.41,401.28003,1581.3601,4302.9,2684.0615,19.748802
21881.371,590.32,1376.89,18986.01,5171.58,2172.8801,461.69,87.68,1065.24,9918.48,4303.4,37966.484,178.91763
3890.6401,202.53001,72.22,2601.49,1411.43,535.37,327.43,121.93,673.2,3004.32,4304.3,1991.4005,52.07444
102247.62,3921.86,184289.75,262143.0,262143.0,43798.293,77625.57,6996.59,40785.363,262143.0,4304.5,5081621.5,5152.4375
59008.62,817.97003,30520.8,262143.0,43452.89,6834.2104,13275.3,1306.98,5994.12,99192.73,4304.9,841583.2,1477.8682
71314.77,1926.39,70524.41,262143.0,100809.7,15569.69,32551.2,3041.4,14310.12,233027.53,4305.1,1944646.0,2826.5413
63317.73,1428.7001,64490.89,262143.0,84676.38,12946.221,22440.6,2042.67,13514.16,211479.84,4305.6,1778277.4,2911.2056
26312.28,384.65002,16236.94,197565.67,20808.781,3559.1902,4753.9,358.94,3297.36,53529.96,4306.0,447718.78,1763.3905
25904.25,403.49002,230.79001,4210.74,6094.74,1822.77,17289.4,1422.06,2201.76,7232.2803,4307.5,6363.823,24.473871
19099.11,566.77,767.73004,11473.561,5482.44,1408.29,2327.6301,293.18,3045.2402,13215.841,4309.9,21169.453,113.93291
17917.65,345.40002,251.20001,4578.12,2989.28,1177.5,4767.6,437.03,1000.56006,4371.8403,4310.0,6926.6104,39.085526
13542.42,146.01001,497.69,6908.0,1719.15,529.09,2207.07,186.32,700.92004,3630.0002,4310.0,13723.347,104.077965
47777.79,638.99005,24837.4,262143.0,35304.59,5199.8403,11099.74,1128.88,5166.48,81172.086,4310.8,684868.6,1485.3774
62082.332,1694.03,54926.453,262143.0,72739.67,11795.41,24977.84,2453.67,10306.561,178511.53,4311.0,1514546.8,2528.662
75398.55,1843.18,54590.473,262143.0,75611.2,11410.761,22925.58,1970.06,8682.96,176428.56,4311.6,1505282.4,2069.155
64239.06,1477.37,49194.383,262143.0,68522.65,10966.45,21902.19,1715.24,9525.12,160721.89,4312.2,1356490.1,2188.603
11477.04,342.26,172.70001,2847.98,805.41003,218.23001,186.32,20.55,249.48001,1694.8801,4313.0,4762.045,42.024067
7312.35,287.31,7179.6104,86610.625,9357.2,1840.04,146.59,10.96,818.4,24144.121,4313.9,197971.19,2806.3262
33260.97,565.2,20599.97,248683.3,28037.06,4841.8804,8511.81,754.87,3443.8801,64470.12,4315.0,568025.4,1769.8458
59153.04,1142.9601,22926.71,262143.0,37642.32,5884.3604,15404.28,1406.99,6556.4404,83640.484,4317.5,632183.06,1107.1886
50727.96,1017.36005,45884.82,262143.0,65351.254,11118.74,23263.97,2109.8,7029.0005,145952.4,4318.4,1265232.0,2585.2507
33717.72,472.57,15097.12,183167.2,20287.541,2893.51,6165.0,619.24,3602.28,48935.043,4318.9,416289.28,1279.221
17758.44,422.33002,12337.061,152032.53,22609.57,4769.66,15689.24,1427.54,6593.4004,47954.28,4320.7,340183.16,1985.3505
63904.11,1204.1901,47649.5,262143.0,64723.254,11456.29,19680.05,1450.83,8681.641,151141.33,4321.4,1313891.4,2130.9575
46434.51,1012.65,26007.05,262143.0,38037.96,5623.74,12186.15,863.1,5955.8403,88314.6,4324.9,717120.6,1600.3977
27017.85,1334.5,23539.012,262143.0,40945.6,7170.1904,22625.55,1660.4401,7151.7603,90540.125,4326.3,649066.7,2490.0728
25465.77,447.45,10299.2,125391.195,13859.961,2645.4502,4892.27,367.16,4197.6,34626.242,4327.2,283991.03,1155.3671
25569.3,638.99005,273.18002,4193.47,1450.68,144.44,268.52,57.54,611.16003,3710.5203,4327.3,7532.6895,29.54774
29913.21,942.00006,33574.45,262143.0,45054.293,7432.3804,13713.7,1037.09,4555.3203,105910.2,4327.3,925784.75,3208.1858
21332.4,287.31,9132.69,111652.125,12790.79,1957.79,3457.8801,282.22,2192.52,31442.4,4327.8,251825.58,1223.0748
22659.15,416.05002,12431.261,150759.25,18535.42,2782.04,7319.91,693.22003,2282.28,39910.203,4329.9,342780.66,1567.6301
25286.55,931.01,28712.16,262143.0,49407.902,9547.17,29012.49,2637.25,8338.44,103734.84,4332.0,791711.56,3245.5737
10701.87,64.37,98.91,1414.5701,309.29,72.22,913.79,21.92,934.56006,1539.1201,4332.0,2727.3528,25.425884
44213.4,965.55005,38532.51,262143.0,54369.1,7955.1904,16989.37,1382.33,6523.4404,121413.6,4332.7,1062498.8,2490.853
47632.5,1108.42,44688.48,262143.0,66004.375,10754.5,24777.82,2153.64,7326.0005,146786.64,4333.3,1232244.0,2681.5093
31653.21,337.55002,394.07,5201.41,1067.6,89.490005,173.99,1.37,480.48,2742.9602,4334.9,10866.12,34.59628
27964.41,841.52,25135.701,262143.0,44113.863,9377.61,21744.64,1811.14,5755.2,89965.92,4335.2,693093.94,2569.007
21576.871,428.61002,2544.97,30789.271,9399.59,1836.9,10642.16,865.84,2968.6802,16909.201,4335.3,70175.22,336.2432
14155.7705,149.15001,89.490005,1268.56,990.67004,354.82,-32.88,95.9,423.72003,1977.3601,4335.5,2467.605,17.075487
41780.01,667.25,21154.182,260211.81,30322.98,5072.6704,10947.67,1138.47,6213.24,70353.36,4336.7,583307.2,1446.6936
48653.01,692.37,19023.691,230551.38,28511.201,4777.5103,12376.58,1074.08,4134.24,64517.64,4338.6,524560.9,1116.9801
39294.42,638.99005,20932.81,255683.92,28990.05,4780.6504,11628.56,891.87,3970.56,69896.64,4341.4,577203.1,1522.1604
20538.09,290.45,1223.03,16219.671,6864.04,2089.6702,8896.78,738.43,3067.6802,13190.761,4342.6,33723.934,169.26527
14520.3,84.78001,142.87001,2166.6,825.82,384.65002,10.96,95.9,673.2,2241.36,4343.2,3939.5098,27.1329
28372.44,770.87006,29974.441,262143.0,42746.39,8364.96,13068.43,1104.22,6545.8804,102053.164,4343.6,826517.8,3019.671
29580.0,524.38,21530.98,262143.0,29767.201,4753.96,9637.95,860.36,3838.56,71483.28,4344.0,593697.06,2080.2039
36988.92,604.45,105.19,3127.4402,1986.05,913.74005,213.72,65.76,1231.56,5583.6,4344.7,2900.518,7.1311464
45568.86,901.18005,26818.74,262143.0,40501.293,6594.0,13354.76,1023.39,6027.12,87978.0,4345.2,739502.25,1681.7485
13067.4,188.40001,251.20001,3259.32,1455.39,538.51,2265.98,246.6,905.52,3800.28,4345.6,6926.6104,53.96414
25089.06,452.16,996.95,13414.08,3846.5002,945.14,2107.06,250.71,2373.36,10900.561,4345.7,27489.984,112.61561
16672.68,191.54001,61.230003,1543.31,598.17004,373.66,-38.36,71.24,422.40002,2010.3601,4346.3,1688.3613,9.500449
60618.12,996.95,45859.703,262143.0,64335.46,9123.2705,22072.07,2096.1,8874.36,146127.97,4347.6,1264539.4,2162.1057
32787.69,588.75,22959.682,262143.0,31368.602,4816.7603,11268.25,972.7,4682.04,75043.32,4347.7,633092.2,2001.1841
49315.082,1020.50006,31907.111,262143.0,45734.1,7386.85,19584.15,1570.02,7749.72,105081.24,4351.4,879809.44,1848.9363
17114.64,196.25,69.08,1719.15,516.53,248.06001,1165.87,71.24,879.12006,1475.76,4352.7,1904.8179,10.540737
68623.86,1361.1901,62817.273,262143.0,87430.164,11996.37,20824.0,1649.48,8507.4,192638.17,4356.3,1732128.9,2616.2966
50734.92,989.10004,41776.133,262143.0,59022.582,10129.641,19622.51,1660.4401,8243.4,135223.45,4358.9,1151938.6,2353.3457
44048.97,681.38,22257.89,262143.0,30911.73,5047.5503,7940.52,787.75,3785.7603,72849.484,4359.1,613741.0,1443.7651
15875.76,540.08,12933.66,158595.12,26804.611,6192.08,15708.42,1246.7,6176.2803,51846.96,4360.0,356633.84,2328.3562
42899.7,706.5,7251.83,88766.234,11059.08,1945.2301,3840.11,398.67,3982.4402,27492.96,4364.4,199962.58,482.32846
32191.74,566.77,19995.521,241963.7,26938.06,3967.3901,8014.5,913.79,3080.8801,62601.004,4364.9,551358.2,1774.9767
11852.01,127.170006,6.28,692.37,557.35004,164.85,32.88,-1.37,320.76,1779.3601,4366.6,173.16527,0.51501405
39944.31,471.00003,16181.99,197075.83,23009.92,4009.78,7644.6,613.76,3567.9602,53416.44,4367.1,446203.56,1157.3132
44488.32,871.35004,36733.293,262143.0,52397.184,9470.24,16289.3,1609.75,5356.56,115056.484,4368.0,1012886.94,2359.8198
57157.26,880.77,33852.34,262143.0,50122.25,7529.72,23272.19,1893.34,8458.561,114181.33,4368.6,933447.3,1692.4261
22189.35,449.02002,1664.2001,21089.81,8890.91,2885.6602,13141.04,1150.8,3248.52,14855.28,4369.6,45888.793,213.44205
9762.2705,42.390003,191.54001,1982.91,635.85004,89.490005,49.32,23.29,381.48,1811.04,4370.6,5281.5405,55.099327
29004.06,742.61005,26550.271,262143.0,39276.69,6672.5,15317.97,1511.11,4849.68,88236.73,4372.4,732099.44,2616.334
28846.59,406.63,14995.07,183065.14,21011.31,2683.1301,7052.7603,548.0,3474.2402,47621.64,4373.0,413475.34,1485.2882
44234.28,854.08,3251.4702,39832.473,5133.9004,1003.23004,1494.67,237.01,4676.7603,13902.24,4373.3,89656.32,209.16956
54083.55,1436.55,62192.41,262143.0,89268.63,13963.58,29667.35,2371.47,10746.12,199487.64,4373.4,1714898.9,3286.9197
132387.9,4859.1504,170902.36,262143.0,258307.4,40490.3,106133.9,9243.39,43410.84,262143.0,4374.2,4712476.0,3690.0398
61600.35,1298.39,53496.184,262143.0,73526.24,12104.7,18263.47,1648.11,6569.64,168635.28,4374.9,1475108.4,2482.068
9552.6,364.24002,10146.91,127339.56,21498.01,3943.84,17227.75,1409.73,5633.7603,43084.8,4375.8,279791.75,3036.1147
4625.79,146.01001,5143.3203,62484.434,6656.8003,1263.8501,234.27,19.18,353.76,16292.761,4376.7,141822.36,3178.1182
46867.77,843.09,35830.543,262143.0,53628.062,9162.5205,12832.79,1156.28,2896.08,113638.805,4377.8,987994.44,2184.889
37784.97,657.83,28283.55,262143.0,39821.48,6094.74,14552.14,1193.27,4094.6401,92766.96,4378.3,779893.06,2139.2468
12029.49,111.47,15.700001,29.830002,-45.530003,-21.980001,86.31,-57.54,-44.88,-126.72,4379.6,432.91315,2.7316546
9518.67,166.42,69.08,1351.77,301.44,163.28,17.81,24.66,187.44,1017.72003,4380.0,1904.8179,19.750332
29965.41,566.77,27757.602,262143.0,40884.37,6278.43,15128.91,1380.96,5026.56,89595.0,4380.0,765390.5,2647.5654
14227.11,163.28,307.72,4818.33,1945.2301,503.97003,811.04,115.08,719.4,4457.64,4380.1,8485.098,60.842636
74833.92,1179.0701,42749.53,262143.0,60986.652,9010.23,21987.13,2289.27,10942.801,141991.08,4381.4,1178779.2,1632.3597
5130.39,262.19,61.230003,1391.02,1700.31,785.0,567.18,208.24,570.24005,1902.1201,4381.6,1688.3613,33.124233
21098.37,422.33002,1314.0901,16111.341,2846.4102,1022.07,157.55,93.16,637.56,7261.3203,4381.6,36234.832,177.08414
23013.24,409.77002,10060.561,121868.12,13936.891,2053.56,4508.67,434.29,1947.0001,33110.883,4383.3,277410.75,1248.9521
17699.28,405.06003,664.11005,9192.351,1284.26,485.13,119.19,16.44,388.08002,3437.28,4385.2,18312.227,106.28363
4471.8,215.09001,127.170006,2425.6501,1617.1001,1047.1901,391.82,97.27,601.92004,2645.28,4386.4,3506.5967,80.311386
23737.95,497.69,17645.23,213730.39,24405.65,3304.85,6189.66,461.69,2117.28,55607.64,4388.6,486551.1,2124.363
21695.19,381.51,376.80002,6066.48,2380.12,778.72003,43.84,-42.47,1156.3201,6345.24,4388.6,10389.916,48.65883
38311.32,715.92004,31506.762,262143.0,45875.402,7714.9805,13934.2705,1022.02,4546.08,98770.32,4389.0,868770.1,2350.3953
26274.0,838.38,18683.0,227543.25,31845.88,6160.68,17301.73,1398.77,5689.2,71879.28,4389.2,515166.62,2032.1498
34196.22,613.87,23989.602,262143.0,33422.16,5631.5903,9065.29,701.44,4804.8003,79287.125,4391.6,661491.3,2004.8292
93200.49,3848.07,138632.58,262143.0,198926.86,29321.32,56800.2,4748.42,21605.762,262143.0,4391.6,3822666.5,4252.007
32698.08,753.60004,22942.41,262143.0,35054.96,5257.93,14752.16,1089.15,6233.04,76149.484,4392.1,632616.0,2005.161
27358.02,414.48,10272.511,125813.52,15569.69,2092.81,5412.87,434.29,2993.76,35424.84,4392.9,283255.1,1072.5962
53203.98,1576.28,74796.375,262143.0,104208.75,16351.551,29200.18,2505.73,9676.92,235792.92,4393.2,2062441.6,4018.624
60289.26,877.63,32098.65,262143.0,45746.66,6380.48,17011.291,1545.36,7595.2803,106996.56,4399.2,885090.94,1521.2844
42592.59,1139.8201,27346.262,262143.0,39843.46,5900.06,12491.66,934.34,5606.04,89023.445,4400.3,754048.1,1834.7472
51992.07,1072.31,47381.03,262143.0,67475.46,10770.2,25208.0,2219.4,5485.9204,151118.89,4400.4,1306488.6,2604.6519
19927.35,207.24,626.43,7085.41,1610.8201,808.55005,202.76,60.28,761.64,4755.96,4402.0,17273.234,88.88185
9783.15,408.2,10517.431,128182.66,13856.82,2116.36,297.29,1.37,794.64,34189.32,4402.2,290008.53,3072.8306
41602.53,649.98004,412.91,8707.221,4424.2603,1819.63,1052.16,139.74,2011.68,10706.5205,4402.9,11385.615,27.378185
71603.61,1706.5901,65803.414,262143.0,93813.78,14955.82,28569.98,2581.08,11128.921,209860.2,4403.8,1814469.0,2626.6196
48155.37,1315.66,39381.883,262143.0,56487.03,8645.99,17911.38,1613.86,9150.24,128989.086,4404.7,1085919.4,2337.3027
71397.42,1391.02,42798.203,262143.0,63346.363,10591.221,26804.05,2350.92,9358.801,140916.61,4405.1,1180121.2,1712.9257
19127.82,274.75,9961.65,119993.53,12396.721,1218.3201,1234.37,172.62,1581.3601,31995.48,4405.6,274683.4,1488.069
59621.97,1285.8301,49849.07,262143.0,69478.78,9592.7,19728.0,1639.89,7355.0405,158529.36,4406.1,1374542.5,2389.5605
9355.98,36.11,12.56,-160.14,50.24,-53.38,94.53,9.59,161.04001,183.48001,4406.6,346.33054,2.8383923
27556.38,362.67,12757.82,156850.86,16951.291,2640.74,5359.44,420.59,4081.4402,42092.16,4408.4,351785.22,1322.7418
31820.25,535.37,17813.22,217046.23,22909.441,2932.76,6399.27,613.76,2999.04,57198.242,4410.3,491183.28,1599.6187
13304.91,113.04,984.39,11274.17,2521.4202,566.77,4182.61,332.91,1607.76,5503.08,4410.6,27143.654,210.54572
12203.49,113.04,67.51,1593.55,547.93,433.32,-21.92,1.37,681.12006,2753.52,4411.3,1861.5266,14.817326
55691.31,1033.06,34576.11,262143.0,48467.473,8875.21,16642.76,1405.62,7583.4004,113980.69,4414.3,953404.56,1774.1608
11504.01,113.04,375.23,4645.6304,1012.65,295.16,-35.62,50.69,488.40002,2692.8,4415.3,10346.624,92.26041
56686.59,1455.39,66753.266,262143.0,97762.336,13848.971,28276.8,2694.79,14010.48,226665.12,4419.1,1840660.2,3365.985
14151.42,76.93,213.52,3454.0,1199.48,362.67,95.9,-16.44,458.04,2650.56,4420.5,5887.6187,42.140736
115303.71,4374.02,141317.28,262143.0,199380.6,31194.33,68330.12,6096.5,29730.361,262143.0,4420.6,3896694.8,3503.2976
75649.11,1670.4801,66162.945,262143.0,88348.61,14147.2705,25566.94,2112.54,10857.0,214287.48,4421.8,1824382.8,2499.691
40359.3,657.83,25677.352,262143.0,34547.85,4658.19,11665.55,1013.8,4641.12,82407.6,4422.5,708029.5,1818.096
14490.72,180.55,197.82,2778.9001,1172.79,318.71002,1445.35,169.88,867.24005,2815.56,4422.5,5454.7056,38.032757
23095.89,287.31,9460.82,117093.74,15514.74,1434.9801,6229.39,542.52,2863.08,32619.842,4423.5,260873.47,1170.2324
43098.93,753.60004,26319.48,262143.0,37047.293,5945.5903,10555.85,819.26,4489.3203,86642.164,4424.3,725735.6,1745.0626
27829.56,483.56003,15758.091,190844.5,23339.621,3265.6,8570.72,591.84,3826.6802,51242.402,4425.5,434514.94,1617.9978
12388.8,117.75001,58.09,863.5,549.5,412.91,23.29,-12.33,459.36002,1620.9601,4426.4,1601.7786,12.406676
16154.16,174.27,141.3,2311.04,1007.94006,150.72,115.08,30.14,646.80005,2898.7202,4426.7,3896.2183,24.009602
54146.19,1014.22003,3940.7002,46716.92,6915.85,1764.68,737.06,167.14,1799.16,17849.041,4427.9,108661.2,207.09157
28716.96,389.36002,11431.17,139671.92,15824.03,2441.35,5921.14,450.73,2954.1602,37361.28,4428.8,315204.06,1137.1545
10942.86,59.660004,310.86002,3497.9602,1125.6901,210.38,1338.49,126.04,314.16,2349.6,4429.1,8571.681,80.22375
42864.03,430.18002,18500.88,228320.39,29060.701,5389.81,11473.75,1182.31,5529.48,62813.523,4430.5,510144.88,1233.0944
47856.96,529.09,26222.14,262143.0,36413.01,5973.85,14927.5205,1202.86,6019.2,84997.445,4432.3,723051.56,1565.6501
68358.51,1847.89,89976.7,262143.0,125698.914,19607.73,39128.57,3259.23,15845.28,262143.0,4434.0,2481025.2,3762.453
18955.56,270.04,281.03,3629.84,780.29004,296.73,261.67,45.21,297.0,2659.8,4434.2,7749.145,41.39016
38693.25,689.23004,24240.8,262143.0,33320.11,3819.81,11413.47,1068.6,6468.0005,79675.2,4436.2,668417.94,1790.2688
20314.5,811.69,442.74002,9138.971,6964.52,2361.28,1312.46,472.65,2092.2002,10134.96,4436.2,12208.151,61.314865
13123.95,436.46002,2009.6001,24341.281,3549.77,471.00003,20.55,86.31,333.96002,7755.0005,4438.9,55412.883,436.81842
20798.22,562.06,3623.56,48762.633,15974.751,4182.48,16838.67,1575.5,4775.7603,25330.8,4440.8,99916.35,497.1479
26795.13,507.11002,33420.59,262143.0,46081.07,7719.6904,14350.75,1564.54,5306.4004,108398.41,4441.4,921542.2,3565.2124
15892.29,120.89001,874.49005,11424.891,2931.1902,618.58,135.63,43.84,902.88007,7348.4404,4441.7,24113.264,156.33212
3109.3801,109.9,497.69,7212.58,1668.91,508.68002,75.35,26.03,352.44,2923.8,4443.1,13723.347,456.65067
31352.19,522.81,19902.89,242803.64,26971.031,3778.9902,6128.0103,523.34,4238.52,63547.44,4443.1,548804.0,1814.0863
49665.69,1064.4601,37975.16,262143.0,52522.78,8872.07,14450.76,1335.75,6097.08,122259.73,4444.9,1047130.3,2185.2112
35718.72,635.85004,19910.74,241544.52,28657.21,3190.24,8547.43,748.02,4254.3604,64988.883,4447.2,549020.44,1592.8246
63911.07,1051.9,41278.44,262143.0,54551.223,8757.46,15407.0205,1391.92,6192.12,130245.73,4448.6,1138215.2,1845.6993
39981.72,800.7,28244.3,262143.0,37948.473,6501.37,9140.64,645.27,5202.12,88380.6,4450.0,778810.75,2018.8466
45475.77,690.80005,48067.12,262143.0,66577.42,9790.5205,18692.28,1508.37,7263.9604,153971.4,4450.2,1325406.9,3021.157
25991.25,357.96002,11666.67,141650.11,15208.591,2529.27,4338.79,345.24,2678.28,37878.723,4451.0,321697.75,1282.4198
15431.19,210.38,108.33,1629.66,1182.2101,392.5,53.43,87.68,319.44,2030.16,4451.7,2987.1006,19.072353
26693.34,503.97003,17387.75,208612.19,23487.201,3030.1,5814.28,509.64,3179.8801,57265.562,4452.8,479451.3,1861.4708
54662.97,1196.3401,60284.863,262143.0,83093.82,10431.08,21215.82,1835.8,6066.72,187021.56,4453.9,1662300.0,3152.2913
53123.94,767.73004,44055.77,262143.0,63300.832,10690.13,18541.58,1579.61,7319.4004,141509.28,4454.2,1214797.5,2370.1633
40672.5,971.83,40327.02,262143.0,58002.082,7997.58,15675.54,1450.83,4799.52,127819.56,4454.3,1111980.6,2833.9424
39495.39,876.06006,30005.842,262143.0,41518.652,7096.4004,15963.24,1560.43,4865.52,96290.05,4456.2,827383.6,2171.243
18452.7,392.5,9826.63,119158.3,17795.951,2778.9001,10781.9,976.81,4271.52,40696.92,4459.1,270960.34,1521.6277
75962.31,1334.5,49125.3,262143.0,68452.0,11388.78,22706.38,1811.14,9214.92,160601.77,4459.3,1354585.2,1848.0814
11565.78,127.170006,282.6,3556.05,1240.3,315.57,234.27,10.96,641.52,3585.12,4459.6,7792.4365,68.86284
43346.01,712.78,27688.521,262143.0,38410.05,5030.2803,10310.62,1015.17,4130.2803,89686.086,4460.4,763485.6,1825.4155
27465.03,497.69,91.060005,1405.15,770.87006,235.50002,450.73,-13.7,366.96002,1947.0001,4461.3,2510.8962,8.479743
43117.2,1406.7201,53579.39,262143.0,76572.04,12082.721,25739.56,2145.42,9452.5205,181127.77,4462.3,1477402.6,3552.008
34063.11,653.12,28449.97,262143.0,37937.48,5997.4004,13738.36,1090.52,4712.4004,90578.41,4463.3,784481.94,2387.0671
14953.561,61.230003,106.76,1676.76,795.99005,353.25,73.98,20.55,652.08,2921.1602,4465.3,2943.8093,19.413288
20703.39,574.62,169.56001,7531.29,16744.05,9430.99,120.56,141.11,537.24005,17330.281,4465.4,4675.4624,22.416985
10050.24,47.100002,97.340004,1402.01,359.53,54.95,119.19,-41.1,289.08002,1589.28,4466.6,2684.0615,26.692612
3574.83,106.76,34.54,1047.1901,733.19,177.41,130.15,19.18,273.24002,1345.0801,4467.6,952.40894,26.625868
29706.15,649.98004,26644.47,262143.0,37532.42,5983.27,13889.06,1126.14,4332.24,84680.64,4468.5,734696.9,2563.5413
42781.38,824.25,34744.1,262143.0,47404.582,8777.87,12945.13,1186.42,6196.08,110786.28,4469.0,958036.8,2321.0698
58948.59,1243.4401,30498.82,262143.0,44683.773,7096.4004,13895.91,1057.64,6020.52,101515.92,4470.8,840977.06,1478.308
73341.87,1485.2201,58462.094,262143.0,78559.664,13633.881,27227.38,2367.36,10167.96,187660.45,4471.4,1612038.8,2278.142
22372.92,378.37003,13571.08,165438.75,18491.46,2752.2102,3024.96,278.11002,1870.4401,43284.12,4475.0,374210.12,1733.3661
5637.6,215.09001,81.64,1792.9401,1725.43,822.68005,268.52,152.07,468.6,2399.76,4475.8,2251.1482,40.405468
10433.04,560.49,11286.73,138853.94,23301.941,4834.0303,16845.52,1387.81,6720.12,48981.242,4476.4,311221.28,3092.1877
7275.81,216.66,4370.8804,53119.383,9062.04,880.77,6852.74,597.32,2853.84,18701.762,4476.7,120523.03,1716.6576
20001.3,262.19,7072.85,86354.71,9379.181,1229.31,3238.68,323.32,1665.8401,23370.602,4476.8,195027.38,1010.0793
159416.19,4317.5,172101.83,262143.0,237099.84,35379.953,73101.83,6417.08,28395.842,262143.0,4477.4,4745550.5,3085.7544
40209.66,813.26,41242.332,262143.0,60591.01,8754.32,20808.93,1842.65,4843.08,131237.05,4477.4,1137219.6,2931.6606
35620.41,560.49,20213.75,250055.48,27891.05,5931.46,9195.44,827.48,3468.9602,67473.125,4478.7,557375.7,1621.5459
22445.13,571.48004,13465.891,166636.67,20161.941,3549.77,7651.45,504.16,2543.6401,46372.92,4479.4,371309.62,1714.3862
24171.21,403.49002,15139.511,183029.03,22235.91,3643.9702,8337.82,748.02,2667.7202,48845.28,4481.6,417458.16,1789.8633
35082.75,755.17004,3121.1602,39067.883,5721.08,857.22003,3423.6301,168.51,3445.2002,12945.24,4482.4,86063.13,253.37323
11261.28,183.69,15.700001,802.27,389.36002,120.89001,23.29,98.64,307.56,904.2,4483.2,432.91315,2.9862165
44803.26,824.25,32926.043,262143.0,49060.93,9314.811,17327.76,1487.82,4889.2803,106249.445,4485.3,907905.5,2100.2556
29545.2,635.85004,821.11005,10143.7705,2036.29,503.97003,100.01,53.43,726.0,5290.56,4485.6,22641.36,78.46272
29847.96,422.33002,13282.2,164470.06,18243.4,2978.29,5837.57,472.65,3616.8,45033.12,4485.6,366244.53,1271.3435
40524.6,557.35004,1003.23004,13257.08,4345.7603,1307.81,646.64,134.26,2119.9202,11656.921,4486.6,27663.15,69.78329
69302.46,1659.4901,68965.39,262143.0,98475.12,16723.64,37179.06,3198.95,11716.32,223486.56,4487.2,1901657.5,2844.3225
3300.78,216.66,3811.9602,46194.113,5217.1104,557.35004,63.02,23.29,471.24002,13667.28,4487.4,105111.31,3301.028
53196.15,905.89,44887.87,262143.0,64819.023,10285.07,22759.81,1935.81,5858.16,144266.77,4487.6,1237742.0,2411.6694
68929.23,1770.9601,82435.99,262143.0,113281.78,18665.73,37742.13,3049.62,9995.04,261271.58,4491.1,2273097.0,3418.4988
17145.09,458.44,89.490005,942.00006,456.87003,243.35,124.67,-132.89,401.28003,1455.9601,4491.2,2467.605,13.923948
35694.36,802.27,36640.66,262143.0,49758.01,8857.94,13947.97,1075.45,6221.16,120529.2,4491.6,1010332.7,2934.031
17440.89,288.88,149.15001,2039.43,601.31,213.52,1246.7,39.73,1074.4801,2114.6401,4492.8,4112.6753,23.451395
13366.68,120.89001,362.67,5146.46,2515.1401,445.88,200.02,156.18001,871.2,4144.8003,4493.5,10000.294,76.577736
61270.62,1274.8401,24736.92,262143.0,35304.59,4755.5303,10938.08,931.6,4114.44,80707.445,4495.0,682097.94,1153.3628
9699.63,70.65,116.18,1434.9801,428.61002,1.57,91.79,61.65,275.88,1725.2401,4495.6,3203.5571,33.247208
7960.5,711.21,7050.87,85798.93,10145.341,1786.66,246.6,128.78,872.52,24827.88,4496.6,194421.3,2531.5112
11864.19,61.230003,125.600006,1879.29,910.60004,480.42,-2.74,5.48,562.32,2469.7202,4499.0,3463.3052,29.26917
32399.67,888.62006,30966.682,262143.0,49558.62,8421.48,23761.28,2220.77,8572.08,105259.445,4499.2,853877.94,2731.77
14026.14,130.31,139.73001,2017.4501,774.01,332.84,34.25,42.47,694.32,2299.4402,4500.5,3852.9272,27.48397
45874.23,689.23004,16169.431,196520.05,23831.031,4320.64,9754.4,764.46,6392.7603,54918.6,4501.0,445857.25,1006.8013
65499.69,1452.25,44826.64,262143.0,62150.023,9985.2,20688.37,1842.65,9105.36,144371.05,4501.0,1236053.6,1955.7976
32270.041,423.90002,332.84,5334.8604,3546.6301,1526.04,5632.07,413.74,2574.0,8203.801,4501.8,9177.759,28.490694
36779.25,783.43005,35948.293,262143.0,48199.0,7025.75,12599.89,1146.6901,4649.04,111167.766,4506.4,991241.3,2793.6306
49485.6,763.02,26314.771,262143.0,36177.51,4925.0903,11190.16,980.92,5583.6,85163.766,4506.9,725605.75,1519.4415
62048.4,1223.03,21537.26,262143.0,30572.611,5298.75,10566.81,861.73,6524.7603,72310.92,4509.8,593870.25,991.45056
23753.61,337.55002,11552.061,138213.39,14513.08,2637.6,4492.23,367.16,2016.9601,35845.92,4511.0,318537.5,1389.5251
6363.18,298.30002,7243.9805,86777.04,11165.841,1040.91,480.87,106.86,641.52,25083.96,4511.9,199746.14,3254.008
55351.14,1320.37,36549.6,262143.0,54869.934,7473.2,18918.33,1427.54,8370.12,120245.41,4512.1,1007821.8,1887.0134
58016.82,974.97003,38794.703,262143.0,54298.453,7539.14,14379.5205,1272.73,5752.56,122497.33,4512.9,1069728.5,1910.9104
16865.82,260.62,7729.1104,93659.92,9173.511,1364.3301,772.68,109.6,1135.2001,24726.24,4513.5,213123.14,1309.3009
25484.041,489.84003,6443.2803,77622.375,9445.12,1604.54,4174.39,452.1,1494.2401,24641.762,4514.3,177667.56,721.91583
12017.311,103.62,152.29001,2059.84,604.45,263.76,-8.22,36.99,348.48,1859.8801,4514.7,4199.258,35.233738
39321.39,1061.3201,41005.26,262143.0,54356.543,6623.83,7556.92,723.36,6631.68,135338.28,4514.9,1130682.6,2980.6711
10968.09,4.71,233.93001,2650.1602,813.26,208.81001,164.4,61.65,448.80002,2443.32,4515.4,6450.406,59.982315
26708.13,439.6,736.33,9421.57,1846.3201,362.67,197.28,87.68,410.52002,4659.6,4519.3,20303.627,77.827545
17320.83,136.59001,492.98,7115.24,1637.51,298.30002,163.03,80.83,733.92004,4713.72,4519.4,13593.473,80.37849
20080.47,488.27002,527.52,7003.77,1260.7101,324.99002,120.56,21.92,455.40002,4205.52,4521.2,14545.882,74.112816
46627.65,963.98004,45242.69,262143.0,62500.133,8930.16,17393.52,1560.43,5921.52,144202.08,4522.2,1247525.9,2773.3032
76163.28,2172.8801,60867.332,262143.0,86659.29,13756.341,30720.88,2720.82,16998.96,206061.25,4523.1,1678361.0,2284.0076
8004.0,416.05002,18015.75,223224.17,32422.07,5363.12,15702.94,1352.1901,6997.3203,70614.73,4524.9,496767.8,6434.6772
9160.23,511.82,282.6,5970.71,4019.2002,1438.12,913.79,260.3,1259.28,7109.5205,4529.4,7792.4365,87.20937
27152.7,566.77,401.92,5429.06,1397.3,500.83002,156.18001,71.24,795.96,4072.2002,4529.6,11082.577,41.32292
4441.35,265.33002,5904.77,70879.22,7641.1904,1326.65,73.98,24.66,488.40002,19541.281,4531.3,162818.62,3800.342
35348.1,770.87006,30961.97,262143.0,40261.082,6579.87,10636.68,863.1,6660.72,100540.445,4536.1,853748.0,2503.4448
56320.32,1042.48,48486.312,262143.0,68786.414,9443.551,19492.36,1854.98,8106.12,156134.89,4536.2,1336965.8,2460.518
14701.26,196.25,521.24,7002.2,2075.54,770.87006,1146.6901,193.17,1320.0,5810.64,4536.4,14372.716,100.375305
39779.01,1109.99,32301.182,262143.0,47115.703,8024.2705,14641.19,1230.26,4191.0,103682.05,4539.4,890675.56,2320.7393
29410.35,687.66003,26696.281,262143.0,36995.48,5843.54,11127.14,927.49,4458.96,84138.125,4541.8,736125.56,2594.372
53131.77,1116.27,39293.96,262143.0,54309.44,8737.05,17008.55,1398.77,8428.2,129581.766,4542.0,1083495.0,2113.5625
45355.71,692.37,30528.65,262143.0,46547.363,6788.68,15078.22,1097.37,4456.3203,99872.52,4543.4,841799.6,1923.5298
38313.93,825.82,20191.771,247326.81,33202.36,7985.0205,15642.66,1417.95,6524.7603,74309.41,4545.0,556769.6,1505.8386
15272.85,155.43001,39.25,841.52,511.82,271.61002,131.52,-20.55,531.96,1677.7201,4545.8,1082.2828,6.34799
23089.8,709.64,946.71,12250.71,2030.01,215.09001,131.52,41.1,760.32,6639.6,4546.0,26104.662,116.23189
3148.53,18.84,-47.100002,69.08,-18.84,9.42,-27.4,-8.22,42.24,-10.56,4548.0,-1298.7395,-43.77225
23879.76,447.45,16550.941,198983.38,22173.111,3636.12,5717.0103,474.02,2695.4402,54727.203,4548.0,456377.06,1980.7175
12733.32,108.33,386.22,5055.4004,1199.48,373.66,384.97,84.94,584.76,3433.32,4549.4,10649.663,85.724556
12562.8,69.08,89.490005,1014.22003,497.69,211.95001,57.54,80.83,385.44,1457.28,4550.2,2467.605,19.36747
33093.93,774.01,808.55005,11132.87,2273.36,447.45,402.78,-21.92,797.28,6017.8804,4551.9,22295.027,68.85661
33786.45,569.91003,20607.82,252185.97,28522.191,4141.66,8735.12,700.07,4052.4001,67578.73,4552.1,568241.8,1742.968
32612.82,373.66,755.17004,10357.29,4016.06,1419.28,2196.11,283.59,2236.08,10582.44,4552.1,20823.123,65.20723
12852.51,130.31,5127.62,63980.64,7848.43,1414.5701,1901.56,176.73,869.88,17137.56,4553.2,141389.44,1139.7144
44169.9,926.30005,32081.38,262143.0,42287.953,6917.4204,11961.47,1023.39,4858.9204,104082.01,4553.6,884614.75,2075.709
54240.15,1208.9,1312.52,16949.72,3830.8,996.95,572.66,58.91,1481.04,10140.24,4554.6,36191.54,68.18853
17975.94,368.95,337.55002,4144.8003,1328.2201,238.64001,116.45,28.77,539.88,2719.2002,4555.2,9307.633,52.690258
11819.82,42.390003,304.58002,3080.34,606.02,290.45,95.9,30.14,293.04,1788.6001,4555.5,8398.516,72.67829
45086.88,835.24005,28674.48,262143.0,39915.68,6364.7803,13279.41,1338.49,4598.8804,92106.96,4556.2,790672.56,1817.4207
19314.87,251.20001,689.23004,8347.69,1249.7201,478.85,34.25,-5.48,204.6,3812.1602,4556.3,19004.889,101.02849
19396.65,320.28,92.630005,2168.1702,894.9,199.39,1560.43,160.29,1784.64,2482.9202,4556.5,2554.1877,12.654443
18856.38,664.11005,131.88,2345.58,989.10004,144.44,53.43,35.62,299.64,2386.56,4556.9,3636.4705,18.99722
41551.2,786.57,22774.42,262143.0,32177.15,5063.25,11428.54,956.26,3923.04,76043.88,4557.7,627983.8,1566.1578
13090.89,141.3,303.01,3789.9802,734.76,409.77002,24.66,-6.85,360.36002,2259.84,4562.1,8355.224,65.181526
55795.71,2551.25,123949.94,262143.0,165889.34,24666.271,39003.9,3309.92,17183.76,262143.0,4570.6,3417806.2,6350.7666
43682.7,865.07,22474.55,262143.0,42473.21,7647.47,23159.85,2308.45,8388.601,83154.73,4571.4,619715.2,1470.0605
30594.42,568.34,17882.3,218594.25,27608.451,4585.97,9807.83,878.17,3985.08,57996.844,4573.4,493088.1,1670.2067
17614.89,449.02002,573.05005,6733.7305,1343.92,328.13,105.49,-78.090004,419.76,3938.8801,4573.7,15801.331,92.016846
8443.35,224.51001,43.960003,623.29004,248.06001,69.08,194.54,-8.22,184.8,867.24005,4575.8,1212.1569,13.886477
12878.61,84.78001,-48.670002,17.27,-67.51,9.42,-2.74,-76.72,157.08,105.600006,4576.0,-1342.0308,-11.805412
22775.73,491.41,409.77002,4744.54,1155.52,822.68005,80.83,-19.18,561.0,3824.04,4576.7,11299.033,50.441883
35981.46,612.30005,24769.89,262143.0,34307.64,5251.6504,9684.53,674.04,3267.0002,79755.73,4578.6,683007.06,1967.3135
15104.94,83.21,157.0,2551.25,1227.74,606.02,20.55,57.54,596.64,2888.1602,4578.7,4329.1313,28.718687
64705.38,1808.64,893.33,17056.48,11974.391,3187.1,12282.05,1201.49,18749.281,24437.16,4579.3,24632.758,38.474854
20766.9,301.44,9785.811,119734.484,12371.601,1675.1901,3063.32,275.37,2147.6401,31780.32,4579.9,269834.78,1346.3304
25665.871,844.66003,32839.69,262143.0,51441.05,8936.44,19466.33,1639.89,8680.32,120508.086,4580.6,905524.44,3657.407
5507.97,21.980001,-10.990001,273.18002,-89.490005,-28.26,43.84,0.0,-145.20001,34.32,4581.4,-303.0392,-6.7049932
4517.04,254.34001,6366.35,75314.47,8694.66,1375.3201,36.99,12.33,402.6,20347.8,4581.6,175546.28,4028.819
16043.67,290.45,254.34001,3816.6702,1037.77,389.36002,-15.07,30.14,430.32,2605.6802,4582.9,7013.1934,44.327312
25627.59,648.41003,23873.42,262143.0,35309.3,4381.87,11197.01,871.32,5716.9204,78749.88,4583.2,658287.7,2662.5193
64779.332,1391.02,39567.14,262143.0,51835.12,7113.6704,15452.23,1306.98,5517.6,122439.24,4585.2,1091027.8,1745.4141
46560.66,907.46,40515.42,262143.0,56733.523,8478.0,16922.24,1671.4,6262.08,132954.36,4585.3,1117175.8,2486.9993
49823.16,921.59,31794.07,262143.0,43890.92,6415.02,13149.26,1153.54,5500.4404,103224.01,4585.6,876692.4,1823.5839
52514.07,880.77,35778.73,262143.0,51192.992,9283.41,16157.78,1348.08,5936.04,114197.164,4586.0,986565.75,1947.0416
13639.86,183.69,180.55,2502.58,979.68005,547.93,108.23,46.58,677.16003,3088.8,4587.2,4978.501,36.847443
80088.72,2033.15,56416.383,262143.0,78777.89,12299.381,25801.21,2401.61,12025.2,182017.45,4589.5,1555630.1,2013.1085
36808.832,883.91003,37961.03,262143.0,52277.863,8137.31,16235.87,1522.07,6597.3604,119555.05,4590.5,1046740.7,2947.7297
34082.25,686.09,19383.22,236658.67,28021.361,4174.6304,10180.47,1101.48,4325.64,62016.242,4591.6,534474.56,1625.0978
19943.01,326.56,562.06,7383.7104,1050.3301,174.27,264.41,45.21,347.16,3569.28,4592.3,15498.29,79.58254
22114.53,188.40001,10765.49,132693.27,16375.101,2494.73,4192.2,397.3,2257.2002,35364.12,4593.3,296848.53,1390.8905
55190.19,1219.89,59418.223,262143.0,82169.09,13743.78,28537.1,2435.86,9583.2,191994.0,4595.0,1638403.1,3077.2703
57409.56,1124.12,40716.383,262143.0,53840.01,8159.29,13073.91,1252.18,6164.4004,128862.37,4596.4,1122717.0,2026.8413
54575.1,915.31006,41287.863,262143.0,60886.17,9360.34,18501.85,1574.13,6906.24,131507.64,4598.8,1138475.0,2162.101
13110.03,108.33,324.99002,4538.87,1956.2201,634.28,1642.63,289.07,674.52,4189.68,4598.9,8961.303,69.87863
47096.582,1783.52,39232.73,262143.0,56359.863,9286.551,12039.56,1200.12,5817.24,125718.125,4600.0,1081806.6,2380.8157
48537.3,1507.2001,61251.98,262143.0,88478.92,14166.11,28626.15,2312.56,8045.4004,195657.0,4600.7,1688967.4,3607.224
29046.69,599.74,469.43002,6433.8604,1367.4701,552.64,135.63,0.0,706.2,4590.96,4600.8,12944.104,45.20864
33049.56,566.77,16781.73,203855.1,23308.22,3854.35,8410.43,590.47003,4323.0,56019.48,4605.5,462740.88,1450.8445
24801.96,334.41,8501.55,102425.234,13004.311,1725.43,4899.12,453.47,3648.4802,30752.041,4606.3,234422.45,979.0789
15444.24,414.48,224.51001,3317.4102,612.30005,194.68001,108.23,63.02,385.44,2147.6401,4609.3,6190.658,40.56408
65302.2,1241.87,45540.992,262143.0,63822.07,9407.44,21511.74,2333.11,10585.08,147678.97,4609.7,1255751.2,1992.9934
11671.05,108.33,530.66003,6444.85,1519.76,540.08,1178.2,31.51,620.4,3839.8801,4610.9,14632.465,129.00362
24486.15,339.12003,8562.78,104368.89,11572.471,1518.1901,2959.2,269.89,3193.08,27570.842,4612.1,236110.83,998.8694
13545.03,26.69,185.26001,2537.12,491.41,130.31,152.07,5.48,546.48004,2411.6401,4614.0,5108.3755,38.10666
75000.96,1541.7401,46790.71,262143.0,63850.332,11280.45,29833.12,2479.7,13339.921,155229.36,4615.8,1290211.0,1782.7821
59635.89,963.98004,38019.12,262143.0,54077.082,9891.0,16726.33,1390.55,5932.08,126787.33,4616.7,1048342.5,1821.8182
9518.67,50.24,78.5,910.60004,562.06,175.84001,34.25,39.73,297.0,1428.2401,4616.9,2164.5657,22.579924
21194.07,324.99002,7397.8403,90406.88,10796.891,1711.3,3907.24,265.78,1906.0801,24600.842,4617.4,203988.69,997.02075
9742.26,423.90002,326.56,5281.48,2968.87,1293.68,782.27,213.72,1144.4401,6163.08,4620.7,9004.593,94.8412
36004.95,860.36005,36004.812,262143.0,49104.89,8123.18,14161.69,1396.03,5732.7603,112353.125,4620.8,992799.75,2858.2185
64563.57,1274.8401,51594.91,262143.0,72227.85,9489.08,18189.49,1556.32,8318.641,164564.4,4622.2,1422682.5,2283.906
54037.44,656.26,39895.27,262143.0,56295.492,9763.83,18110.03,1811.14,6867.9604,131292.48,4622.3,1100075.6,2109.939
11136.87,78.5,257.48,2915.49,841.52,-34.54,47.95,-13.7,382.80002,2575.32,4622.4,7099.776,65.10425
16664.85,425.47,103.62,2023.7301,690.80005,178.98001,75.35,-1.37,340.56003,1562.88,4622.6,2857.2268,16.77834
49620.45,849.37006,37948.473,262143.0,50142.66,7636.4805,14565.84,1426.17,5281.3203,123396.24,4622.7,1046394.44,2185.6667
36396.45,598.17004,22171.541,262143.0,31233.58,3987.8,7796.67,780.9,3825.36,72842.88,4623.5,611359.94,1740.7501
11887.68,83.21,299.87,4094.56,1259.14,471.00003,50.69,-13.7,381.48,3315.84,4625.9,8268.641,71.12484
7575.09,200.96,106.76,2471.1802,4777.5103,3366.08,19.18,-38.36,303.6,12732.721,4628.6,2943.8093,39.296726
36794.91,557.35004,18543.271,225298.14,26018.041,4542.0103,7998.06,634.31,4486.68,61310.043,4628.6,511313.75,1439.9457
17968.11,422.33002,268.47,3739.7402,1108.42,215.09001,128.78,-38.36,533.28,2741.6401,4629.8,7402.8145,41.721092
22814.88,540.08,872.92004,10029.16,2055.1301,343.83002,239.75,-16.44,587.4,5363.16,4631.0,24069.973,108.396965
20652.93,458.44,1109.99,13836.41,1645.3601,346.97,157.55,31.51,196.68001,5217.9604,4631.1,30606.959,152.66905
8722.62,218.23001,61.230003,1907.55,1212.04,607.59,239.75,23.29,551.76,2337.7202,4631.4,1688.3613,19.070875
30935.46,894.9,27046.39,262143.0,38124.312,5438.48,12262.87,976.81,4671.48,86375.52,4631.4,745779.5,2498.7798
14727.36,95.770004,544.79004,6785.54,2650.1602,679.81,2224.8801,227.42,2168.76,6442.9204,4631.5,15022.087,104.76774
29404.26,836.81,384.65002,6046.0703,1513.4801,428.61002,86.31,65.76,736.56006,4218.72,4632.3,10606.373,36.402836
16192.44,117.75001,346.97,4761.81,1756.8301,629.57,239.75,-64.39,947.76,4538.16,4634.6,9567.381,60.267284
48668.67,1196.3401,43407.363,262143.0,65029.402,8416.7705,25062.78,2167.34,7847.4004,141488.17,4635.8,1196918.4,2549.1335
48271.95,967.12006,27908.32,262143.0,40173.16,7638.0503,16397.53,1361.78,6944.5205,93766.2,4637.4,769546.4,1652.057
20297.97,303.01,7810.7505,97580.21,10949.181,1496.2101,2870.15,319.21,2079.0,25967.041,4637.9,215374.3,1099.2443
42445.56,789.71,23614.371,262143.0,37708.26,5854.5303,14386.37,1253.55,6572.2803,82618.805,4638.3,651144.7,1589.7177
30018.48,492.98,191.54001,3147.85,2381.6902,562.06,172.62,9.59,1139.16,5157.24,4639.0,5281.5405,17.24399
14531.61,131.88,461.58002,5502.85,1552.7301,1092.7201,112.340004,95.9,588.72003,4065.6,4639.3,12727.646,89.82015
33847.35,491.41,23465.22,262143.0,32877.37,5377.25,12665.65,1067.23,3385.8,74983.92,4640.9,647032.0,1981.2068
40972.65,665.68,257.48,4691.16,3235.77,1434.9801,443.88,61.65,1424.28,7510.8003,4641.3,7099.776,16.967949
16259.43,211.95001,83.21,1141.39,990.67004,362.67,1485.08,206.87,867.24005,2552.8801,4641.5,2294.4397,13.632523
45746.34,719.06,324.99002,6526.49,5476.16,1731.7101,8317.2705,656.23,1958.8801,8539.08,4643.0,8961.303,19.312468
24770.64,516.53,19821.25,240335.61,28982.201,5766.6104,8587.16,824.74,4749.3604,64977.004,4645.8,546552.8,2286.9302
48914.01,1072.31,44773.26,262143.0,63250.594,9603.69,21950.14,1982.39,5541.3604,141386.53,4645.9,1234581.8,2616.185
29613.06,841.52,40755.633,262143.0,54551.223,8587.9,14732.98,1265.88,6743.8804,126981.37,4649.1,1123799.2,3934.078
48341.55,745.75,31685.74,262143.0,47327.652,7193.74,14049.35,1309.72,5936.04,102689.41,4654.8,873705.3,1873.098
19859.49,193.11,6818.5103,82101.586,9332.08,1737.9901,3577.07,304.14,1818.9601,22544.281,4657.7,188014.19,980.681
34788.69,1263.8501,41548.48,262143.0,64236.55,11252.19,34784.3,2796.17,11077.44,149875.45,4659.2,1145661.4,3413.8064
31817.64,679.81,23559.42,262143.0,35433.332,6166.9604,14465.83,1094.63,5462.16,77547.36,4659.6,649629.44,2116.1206
29774.88,670.39,373.66,5881.22,2340.87,684.52,408.26,53.43,1127.28,6186.8403,4659.6,10303.333,34.881912
30798.871,1055.04,117.75001,2734.9402,1080.16,585.61005,411.0,63.02,534.60004,3131.04,4659.8,3246.8486,9.931383
11196.9,80.07,95.770004,1353.3401,701.79004,189.97,228.79,-56.170002,419.76,2346.9602,4661.7,2640.7703,23.455734
88177.11,1392.5901,49084.48,262143.0,68251.04,11720.051,20030.77,1691.95,9692.761,162399.61,4663.2,1353459.6,1590.6124
27191.85,525.95,19722.34,240593.1,28594.41,4427.4004,10339.39,790.49,3267.0002,63554.043,4663.7,543825.5,2072.8086
29855.791,722.2,30393.63,262143.0,42429.25,5540.5303,13489.0205,1091.89,2452.56,97728.84,4664.1,838076.56,2909.7373
17774.97,120.89001,373.66,5143.3203,982.82,390.93002,79.46,90.42,743.16003,4267.56,4664.2,10303.333,59.105843
34139.67,547.93,24356.98,262143.0,33356.223,5699.1,7973.4,663.08,3694.6802,77245.086,4664.4,671621.44,2038.9198
24226.02,348.54,13188.0,161060.03,18551.121,2607.77,5630.7,582.25,2564.76,41470.44,4664.9,363647.03,1555.4883
43623.54,656.26,21838.701,262143.0,30602.441,5615.89,10010.59,856.25,5206.08,74574.73,4665.1,602182.2,1430.3799
10562.67,226.08,78.5,1463.24,339.12003,144.44,110.97,-2.74,267.96002,1174.8,4665.3,2164.5657,20.249315
20858.25,587.18,27858.08,262143.0,43190.703,5838.83,15627.59,1465.9,6155.16,93131.28,4665.5,768161.06,3817.7595
40423.68,1150.81,49221.07,262143.0,72705.13,11332.261,27741.13,2457.78,6153.8403,156350.05,4665.6,1357226.0,3480.4824
25930.35,474.14,15808.33,190990.5,21764.91,3328.4001,7410.33,708.29,3511.2002,51399.48,4669.1,435900.25,1742.1173
47102.67,676.67004,31903.97,262143.0,45096.68,5998.97,13667.12,1243.96,5471.4004,104175.73,4669.9,879722.8,1935.6367
67793.88,4461.94,157175.84,262143.0,218032.19,35345.41,70739.95,5822.5,23018.16,262143.0,4670.3,4333980.0,6627.943
59901.242,844.66003,41019.39,262143.0,53656.32,8000.72,15006.98,1169.98,5508.3604,130351.33,4676.7,1131072.1,1956.9535
26235.72,425.47,13863.101,170153.47,18700.271,2929.62,6889.73,619.24,3116.52,47402.523,4677.6,382262.3,1509.8326
32839.02,1000.09,40202.992,262143.0,55972.07,9839.19,17585.32,1363.15,7583.4004,126962.88,4680.4,1108560.8,3499.3962
60646.832,1240.3,54165.0,262143.0,80294.516,12679.32,28531.62,2648.21,8112.72,174382.56,4684.7,1493550.4,2552.64
15076.23,183.69,84.78001,2281.21,621.72003,75.36,831.59,117.82,1007.16003,1796.52,4687.4,2337.7312,15.078653
66071.28,1034.63,52706.473,262143.0,72165.055,11151.71,21415.84,1715.24,6968.2803,169336.2,4687.6,1453332.8,2279.8684
28315.02,444.31003,12553.721,154304.31,18982.871,2295.34,4779.93,535.67,3347.52,40751.043,4688.6,346157.38,1266.6653
13488.48,213.52,268.47,4680.17,1249.7201,471.00003,158.92,5.48,488.40002,3531.0002,4689.0,7402.8145,55.909103
9624.81,213.52,109.9,1223.03,406.63,40.82,0.0,31.51,236.28001,797.28,4689.9,3030.392,31.647846
10507.86,65.94,211.95001,1874.5801,1031.49,14.13,79.46,15.07,444.84003,1994.52,4690.0,5844.3276,56.672413
15079.71,312.43002,314.0,3406.9001,617.01,183.69,21.92,49.32,356.40002,1903.4401,4690.3,8658.263,58.536823
30642.27,726.91003,23152.791,262143.0,32572.791,4655.0503,10327.06,756.24,5299.8003,76641.84,4691.4,638417.06,2159.3865
9663.09,332.84,163.28,2304.76,497.69,213.52,132.89,82.2,161.04001,1366.2001,4692.4,4502.2964,47.313217
63861.48,1384.74,47947.8,262143.0,68356.234,9619.391,24451.76,2363.25,11435.16,160211.05,4693.0,1322116.8,2145.7363
20348.43,849.37006,39447.82,262143.0,57213.94,9972.641,19715.67,1886.49,7504.2,130195.56,4694.9,1087737.5,5541.9517
54182.73,686.09,27511.111,262143.0,37453.92,6820.08,10392.82,943.93,6485.16,89907.84,4697.0,758593.75,1450.7648
11905.95,183.69,431.75,4717.85,857.22003,94.200005,128.78,39.73,295.68002,2014.3201,4697.3,11905.111,102.685326
17384.34,301.44,4243.71,51963.863,5469.8804,924.73004,1701.54,116.45,1201.2001,14203.2,4697.8,117016.42,696.96954
42403.8,637.42004,20240.441,246563.8,27586.47,5374.1104,9259.83,724.73,4976.4004,68090.88,4699.1,558111.7,1363.7849
42852.72,819.54004,35967.133,262143.0,51788.023,8746.471,15839.94,1289.17,6350.52,118485.84,4699.2,991760.8,2398.8076
40160.94,1334.5,569.91003,7865.7,3111.74,753.60004,495.94,61.65,1548.3601,7789.3203,4699.9,15714.748,39.574333
15901.86,595.03,11754.591,144835.64,24796.58,4804.2,18842.98,1546.73,6341.2803,50483.402,4700.2,324122.1,2112.5308
30209.88,679.81,29917.922,262143.0,40856.113,7324.0503,11055.9,808.3,5186.2803,94488.24,4700.2,824959.3,2830.5967
66198.3,1212.04,53087.98,262143.0,75292.49,10663.44,24395.59,2107.06,8495.5205,170942.64,4701.2,1463852.5,2291.97
37431.75,657.83,279.46002,5055.4004,2402.1,871.35004,2679.72,347.98,3958.6802,6897.0005,4701.5,7705.8545,20.346592
13124.82,146.01001,571.48004,7493.6104,2199.57,797.56,1476.86,101.38,743.16003,4981.68,4702.2,15758.039,123.496376
8909.67,427.04,281.03,5066.39,3240.4802,788.14,609.65,135.63,1040.16,6543.24,4702.9,7749.145,89.186195
61935.3,993.81006,17766.121,217824.95,24749.48,3637.6902,12072.44,911.05,10550.761,62388.484,4703.7,489884.53,819.169
54810.87,876.06006,29674.57,262143.0,39173.07,6909.5703,9425.6,732.95,5179.68,96109.2,4704.4,818249.1,1546.9849
38285.22,656.26,25364.92,262143.0,35125.61,5298.75,9200.92,823.37,3882.12,80278.445,4704.7,699414.44,1893.3113
46078.68,720.63,30613.432,262143.0,43171.863,7333.47,14945.33,1253.55,4828.56,97749.96,4708.3,844137.4,1898.595
12929.07,124.03001,244.92001,2323.6,860.36005,277.89,186.32,41.1,541.2,1865.16,4711.5,6753.4453,53.163406
20019.57,273.18002,923.16003,12392.011,2923.34,780.29004,484.98,91.79,1789.92,8890.2,4712.3,25455.293,130.8473
21535.11,318.71002,146.01001,3067.78,951.42004,288.88,2242.69,182.21,1618.3201,2196.48,4712.6,4026.0925,18.385838
29094.541,689.23004,9836.051,120045.34,16233.801,3138.4302,11166.87,765.83,3153.4802,36982.44,4713.6,271220.1,965.6255
14977.92,125.600006,193.11,2918.6301,985.96,524.38,32.88,0.0,299.64,2559.48,4713.7,5324.8315,35.863983
4498.77,232.36,3648.6802,44088.742,4975.33,1078.5901,158.92,15.07,353.76,12602.04,4717.2,100609.016,2317.948
23984.16,362.67,13456.471,161548.3,19108.47,3753.87,7595.28,580.88,2181.9602,42559.44,4721.5,371049.88,1603.1895
18570.15,315.57,16783.3,203746.75,24006.871,3430.4502,7692.55,624.72003,1962.8401,54249.363,4722.0,462784.16,2583.1096
36634.832,772.44,12710.721,159143.06,20917.111,3497.9602,11262.7705,928.86,4191.0,48408.363,4722.2,350486.5,991.0304
31409.61,555.78,18819.59,232683.42,26179.75,3719.33,6034.85,489.09,3340.9202,62123.164,4727.0,518932.97,1712.1548
35717.85,1152.38,46424.902,262143.0,64326.043,8699.37,19860.89,1793.33,6247.56,144757.81,4727.8,1280124.2,3715.3335
31822.86,985.96,8792.0,106756.87,12819.051,2149.33,2674.24,186.32,1669.8,33106.92,4728.8,242431.36,788.9461
8457.2705,461.58002,6871.89,86389.25,15891.541,3532.5,12527.28,1011.06,4286.04,31859.521,4730.8,189486.08,2322.2446
8131.02,340.69,240.21,4689.5903,2411.52,940.43005,442.51,121.93,983.4,5066.16,4733.0,6623.5713,83.46856
43829.73,1039.3401,35993.82,262143.0,48874.1,8110.62,16239.98,1346.71,5559.8403,115170.01,4733.4,992496.7,2347.0544
12293.1,113.04,303.01,4460.37,1056.61,516.53,153.44,41.1,442.2,3438.6,4734.7,8355.224,69.47654
25382.25,293.59,11933.57,146463.73,16362.541,2599.9202,7647.34,652.12,2568.7202,40300.92,4735.9,329057.28,1343.2786
16058.46,210.38,244.92001,1990.76,996.95,51.81,142.48,-8.22,318.12003,1668.4801,4736.8,6753.4453,42.608322
11629.29,185.26001,186.83,2130.49,557.35004,621.72003,10.96,110.97,314.16,1842.7201,4738.3,5151.6665,44.934864
68034.87,1031.49,34136.51,262143.0,47264.85,7369.58,14849.43,1297.39,8119.3203,110544.73,4739.0,941283.06,1433.619
48331.98,1051.9,37593.652,262143.0,52648.383,8305.3,17063.35,1386.4401,8653.92,120205.805,4740.0,1036610.56,2222.97
50848.02,1125.6901,52993.78,262143.0,69811.625,11044.95,15115.21,1475.49,6503.64,168709.2,4741.2,1461255.0,2978.8875
52635.87,1227.74,61255.12,262143.0,88047.17,13035.71,30431.81,2468.74,10237.92,195061.69,4741.3,1689053.9,3326.4348
18945.99,227.65001,194.68001,2282.78,1067.6,372.09003,101.38,-2.74,670.56,2993.76,4742.9,5368.123,28.380085
19848.18,711.21,3383.35,42711.85,13947.881,3312.7002,23280.41,2078.29,5537.4004,23309.88,4743.1,93292.78,486.38846
65093.4,1086.4401,55424.14,262143.0,73804.13,10529.99,17037.32,1868.68,7287.72,174253.2,4743.6,1528270.0,2433.507
59052.12,1020.50006,40377.26,262143.0,56085.113,8540.8,15685.13,1498.78,6853.4404,128309.28,4743.8,1113366.0,1954.0161
61742.16,1210.4701,45818.883,262143.0,64092.113,9886.29,22695.42,1844.02,8444.04,147227.53,4744.1,1263413.8,2120.8352
36742.71,609.16003,27410.63,262143.0,36629.67,5804.29,12658.8,963.11,4292.64,85315.56,4744.7,755823.06,2132.0293
26193.96,301.44,153.86,3169.83,1383.17,372.09003,1994.72,21.92,2134.4402,4250.4004,4744.9,4242.549,15.79475
19996.08,728.48004,25160.82,262143.0,43390.09,8556.5,23731.14,2050.89,7386.72,95008.32,4746.1,693786.6,3596.7332
5128.65,304.58002,5711.66,68593.305,9019.65,1141.39,105.49,8.22,542.52,19305.0,4746.4,157493.8,3183.2583
36965.43,613.87,20896.701,257177.0,28085.73,5069.5303,7288.4,706.92,4209.48,70303.2,4749.2,576207.44,1615.3335
52000.77,1009.51,53073.85,262143.0,71160.25,10529.99,15380.99,1227.52,6276.6,165018.48,4749.3,1463462.9,2917.2322
39584.13,579.33,12010.5,146849.95,16517.97,1987.6201,6388.31,435.66,5142.72,41205.12,4750.1,331178.56,866.539
14350.65,549.5,403.49002,7908.0903,4271.97,1551.16,795.97003,146.59,1521.9601,8440.08,4752.7,11125.868,79.39151
16384.71,218.23001,67.51,1676.76,880.77,326.56,79.46,-72.61,608.52,2236.08,4754.9,1861.5266,10.780896
50730.57,1204.1901,23322.352,262143.0,34579.25,5359.98,15683.76,1123.4,8316.0,82511.88,4755.5,643092.5,1313.4727
17126.82,522.81,95.770004,1127.26,562.06,108.33,87.68,-9.59,439.56003,1626.2401,4755.9,2640.7703,14.98828
20800.83,263.76,1750.55,22965.96,8291.17,2943.75,15050.82,1237.11,3190.4402,13553.761,4756.0,48269.816,239.62617
65374.41,1607.68,61583.254,262143.0,82786.1,12189.48,21073.34,1928.96,9742.92,194348.89,4756.6,1698101.9,2692.4185
48767.85,960.84,40380.402,262143.0,56819.87,9712.0205,18452.53,1661.81,7204.56,133004.53,4757.0,1113452.6,2366.4783
15760.92,516.53,80.07,1665.77,868.21,215.09001,180.84,57.54,399.96002,1722.6001,4757.9,2207.857,13.525705
40163.55,568.34,687.66003,10415.38,4695.87,1204.1901,8920.07,804.19,1990.56,9874.92,4761.7,18961.596,47.95428
63656.16,1345.49,41605.0,262143.0,57111.89,8771.59,17983.99,1405.62,10334.28,141113.28,4761.9,1147219.9,1867.7625
33077.4,587.18,5099.3604,61598.953,7473.2,1475.8,1115.18,64.39,1065.24,19590.121,4762.5,140610.2,439.79166
50993.31,879.2,33100.312,262143.0,44898.863,6903.29,10829.85,1075.45,6153.8403,104731.445,4763.7,912710.8,1854.957
49518.66,833.67004,35654.703,262143.0,46947.71,7601.9404,12943.76,1335.75,4732.2,114488.88,4765.3,983145.8,2057.7183
61486.38,1530.75,73105.484,262143.0,102904.086,15514.74,23859.92,2279.68,9855.12,224974.2,4766.0,2015816.9,3398.539
11876.37,116.18,226.08,2402.1,882.34,213.52,230.16,68.5,436.92,2336.4001,4766.1,6233.949,53.428635
38632.35,927.87006,38337.832,262143.0,52128.71,8342.98,15904.33,1353.56,5010.72,123177.125,4766.3,1057130.6,2836.4314
16349.04,197.82,306.15002,3680.08,1356.4801,733.19,163.03,-20.55,951.72003,3512.52,4767.7,8441.807,52.54156
9588.2705,293.59,1403.5801,18334.46,8167.14,1866.7301,13408.19,1268.62,4140.8403,12958.44,4770.1,38702.438,417.5486
39330.96,896.47003,29035.58,262143.0,39854.453,6327.1,12336.85,928.86,5298.48,94501.445,4771.1,800629.56,2109.7896
25831.17,609.16003,109.9,3345.6702,835.24005,95.770004,194.54,12.33,370.92,2654.52,4771.6,3030.392,11.164734
11030.73,92.630005,67.51,1901.27,737.9,624.86005,769.94,76.72,467.28003,2214.9602,4771.8,1861.5266,16.498983
6566.7603,390.93002,8118.47,97349.42,10595.931,1940.52,268.52,8.22,958.32007,27547.082,4775.7,223859.39,3533.8584
38776.77,736.33,20420.99,247695.77,27697.941,4730.41,11132.62,838.44,3581.1602,65952.484,4776.5,563090.1,1504.7544
53063.91,1595.12,71851.055,262143.0,100092.21,14858.48,29244.02,2316.67,9420.841,226931.77,4777.3,1981227.1,3870.5322
16663.98,290.45,397.21002,5124.48,1157.0901,233.93001,291.81,-1.37,374.88,2886.84,4778.4,10952.703,67.153854
4057.68,105.19,6.28,89.490005,9.42,124.03001,-19.18,-1.37,29.04,178.20001,4781.0,173.16527,3.4251795
31143.39,1182.2101,32552.38,262143.0,53877.69,8781.011,21543.25,2163.23,7963.5605,118472.65,4782.8,897602.1,2987.5867
51984.242,951.42004,29176.88,262143.0,44024.37,6604.99,16082.43,1426.17,8007.12,97379.05,4783.7,804525.8,1603.7823
7857.84,346.97,177.41,4397.5703,3337.82,1174.36,576.77,127.41,988.68005,5600.7603,4786.8,4891.9185,63.554115
31534.02,502.40002,14960.53,184482.86,20033.201,3414.75,3931.9,427.44,2819.52,48421.562,4787.1,412522.94,1355.4901
3328.62,150.72,2684.7002,32904.062,4036.4702,632.71,160.29,30.14,291.72,10080.841,4789.3,74028.15,2305.1128
9230.7,205.67001,47.100002,783.43005,235.50002,72.22,38.36,32.88,209.88,877.80005,4789.7,1298.7395,13.589329
6298.8,274.75,155.43001,2380.12,2139.9102,1055.04,246.6,124.67,586.08,3129.7202,4790.7,4285.8403,69.55472
8037.93,232.36,48.670002,1113.13,387.79,6.28,36.99,38.36,72.600006,1137.8401,4790.9,1342.0308,16.312754
34422.42,547.93,26876.83,262143.0,36389.46,5675.5503,10758.61,922.01,4588.3203,87002.52,4791.3,741104.0,2231.47
14631.66,444.31003,383.08002,4600.1,1566.8601,259.05002,194.54,24.66,425.04,2567.4001,4792.1,10563.081,73.859146
10864.561,106.76,78.5,893.33,629.57,362.67,1179.57,95.9,370.92,1391.28,4793.0,2164.5657,19.658867
29134.56,422.33002,17015.66,206114.31,24160.73,4375.5903,7077.42,652.12,2836.6802,54533.164,4793.3,469191.25,1668.8955
47177.492,927.87006,30845.791,262143.0,43682.113,7036.74,13313.66,1132.99,5386.9204,99279.84,4794.9,850544.5,1868.4337
50568.75,1571.5701,2669.0,33514.793,5799.58,1321.9401,621.98,75.35,1788.6001,14970.12,4797.8,73595.234,149.90907
15614.76,124.03001,230.79001,2843.27,899.61005,270.04,97.27,31.51,481.80002,3206.28,4798.4,6363.823,41.260117
12861.21,634.28,10451.49,127118.195,15455.08,2062.98,189.06,26.03,1458.6001,36569.28,4798.5,288190.28,2322.5144
52425.332,1417.7101,71232.47,262143.0,100362.25,16009.291,27387.67,2731.78,7888.3203,222265.56,4799.4,1964170.1,3883.9531
55750.47,932.58,25597.281,262143.0,41476.26,6273.72,17833.291,1211.08,7377.4805,89732.28,4802.3,705821.6,1311.7871
35040.99,635.85004,3463.4202,41937.84,5702.24,1373.75,438.4,126.04,1001.88007,14597.881,4803.6,95500.64,281.6037
12246.12,182.12001,117.75001,1540.17,651.55005,174.27,68.5,58.91,142.56001,1252.68,4806.5,3246.8486,26.492321
10999.41,208.81001,3760.1501,47541.17,9109.141,2105.37,8293.98,758.98,3640.56,19528.08,4807.1,103682.7,976.42804
55682.61,905.89,29974.441,262143.0,42801.34,6468.4004,15971.46,1286.43,5942.64,95822.766,4809.8,826517.8,1538.1484
50781.03,949.85004,48657.44,262143.0,67665.43,9958.511,17011.291,1717.98,6502.3203,153644.05,4811.2,1341684.4,2738.6604
15782.67,315.57,1772.53,22488.682,3887.32,728.48004,2023.49,146.59,892.32,9152.88,4811.3,48875.895,320.11612
61022.67,1436.55,63585.004,262143.0,91611.07,14244.61,34017.1,3041.4,8669.761,199190.64,4811.6,1753298.4,2978.288
39418.832,607.59,23256.41,262143.0,31318.361,5823.1304,10357.2,765.83,3531.0002,75069.73,4812.9,641274.25,1685.8945
22064.07,292.02002,1522.9,21110.22,6999.06,2939.04,6676.0103,689.11,2658.4802,13710.841,4813.3,41992.574,196.3489
3265.98,128.74,4592.25,54978.26,6411.8804,642.13,58.91,65.76,316.80002,14797.2,4813.8,126627.09,4019.3235
27434.58,673.53,425.47,5702.24,2328.31,271.61002,194.54,117.82,879.12006,3994.32,4815.1,11731.946,43.342445
19998.69,483.56003,854.08,11894.32,5312.8804,1196.3401,7933.67,931.6,2717.8801,11187.0,4815.9,23550.475,121.10853
24093.78,775.58,244.92001,3380.2102,982.82,281.03,165.77,76.72,568.92004,2447.28,4815.9,6753.4453,28.064867
25239.57,722.2,33221.2,262143.0,46457.87,7606.6504,14979.58,1142.58,3636.6,104353.92,4816.9,916044.2,3762.417
10291.23,535.37,13820.711,166826.64,18505.59,2874.6702,212.35,64.39,1103.52,46770.242,4817.5,381093.47,3838.8308
63260.31,1411.43,59355.42,262143.0,86255.805,12869.29,27334.24,2392.02,9822.12,192354.38,4818.9,1636671.5,2681.737
29228.52,645.27,29555.252,262143.0,50527.312,11184.681,20737.69,1783.74,4184.4004,100818.96,4818.9,814959.06,2890.1914
43319.91,618.58,30225.64,262143.0,41970.812,6603.4204,14420.62,995.99,4802.16,98423.164,4819.6,833444.4,1993.9728
29557.38,499.26,14368.641,176695.66,20190.201,3937.56,6454.07,615.13,3219.4802,45636.363,4821.9,396202.12,1388.9486
6503.25,312.43002,213.52,4259.41,2398.96,1003.23004,298.66,184.95,727.32,4184.4004,4822.6,5887.6187,92.87655
61364.582,1045.62,42817.043,262143.0,60375.92,8945.86,17175.69,1248.07,6799.3203,137386.92,4823.0,1180640.8,1994.0228
17420.01,422.33002,204.1,3435.1602,1048.76,266.9,53.43,126.04,355.08002,2360.1602,4824.4,5627.871,32.49991
38977.74,631.14,26763.791,262143.0,40380.402,6179.52,13489.0205,1143.95,3660.36,85551.84,4824.7,737987.06,1962.2698
22533.0,357.96002,9555.0205,117662.086,13213.12,2491.59,3973.0,265.78,2465.76,31320.96,4824.9,263470.94,1211.4436
20237.94,197.82,8076.08,97732.5,10806.311,1978.2001,3346.91,287.7,2028.8401,26584.8,4825.0,222690.52,1139.9939
4294.32,232.36,3863.77,46170.562,4563.99,987.53,230.16,-9.59,509.52002,12582.24,4825.6,106539.92,2571.562
32680.68,609.16003,30980.81,262143.0,44115.43,6496.66,11121.66,837.07,6424.4404,97563.84,4828.2,854267.5,2709.508
14831.76,252.77,-12.56,-95.770004,21.980001,34.54,9.59,27.4,56.760002,176.88,4828.4,-346.33054,-3.4212854
33797.76,1196.3401,17224.47,208649.86,29814.3,4914.1,15813.91,1304.24,7489.68,69983.766,4828.7,474949.03,1456.159
35137.56,624.86005,18872.97,233311.42,26517.3,3739.7402,5322.45,419.22,2954.1602,63109.203,4830.3,520404.9,1534.74
41215.38,607.59,21749.21,262143.0,32130.05,4515.3203,10073.61,945.3,4341.48,69603.6,4830.3,599714.6,1507.8054
56772.72,1015.79004,38942.28,262143.0,51990.55,7664.74,14043.87,1175.46,6070.68,124902.37,4831.2,1073797.8,1960.2397
40087.86,747.32,34288.8,262143.0,48166.03,6961.3804,12679.35,1311.09,4206.8403,107719.92,4832.6,945482.3,2444.617
5755.05,67.51,36.11,86.350006,-28.26,-61.230003,89.05,52.06,84.48,-116.16,4833.2,995.70026,16.940205
18150.81,832.10004,13144.04,159367.56,26473.342,4731.98,15846.79,1263.14,5153.2803,50897.883,4833.6,362434.88,2069.5315
8501.64,64.37,10.990001,745.75,390.93002,78.5,82.2,47.95,368.28003,1119.36,4834.2,303.0392,2.6961026
39080.4,693.94,19827.531,244222.92,26559.691,4574.98,8854.31,712.4,5146.68,65355.844,4834.5,546726.06,1449.6367
41972.28,850.94,29839.422,262143.0,40408.66,6802.81,11344.97,1045.31,5000.16,97508.41,4834.6,822794.75,2031.7166
5205.21,227.65001,221.37001,3450.86,1788.2301,438.03003,279.48,141.11,751.08,4262.2803,4834.7,6104.0757,120.59887
50846.28,934.15,29567.81,262143.0,40744.64,6685.06,13088.98,1098.74,5194.2,95799.0,4835.1,815305.3,1661.681
35609.97,442.74002,24529.682,262143.0,33561.89,5140.18,11783.37,1075.45,3808.2002,79164.36,4835.3,676383.56,1968.5604
31813.291,676.67004,32144.182,262143.0,44757.562,6727.45,13076.65,1060.38,5221.9204,101806.32,4837.9,886346.4,2887.9683
28676.94,547.93,18756.791,232641.03,27856.512,4061.59,9913.32,935.71,4101.24,60611.76,4838.0,517201.34,1869.1426
42904.92,602.88,23771.371,262143.0,33017.1,4432.1104,10339.39,882.28,3421.4402,77447.05,4838.8,655473.8,1583.1493
19356.63,298.30002,1172.79,14856.91,2293.77,496.12003,1335.75,208.24,1729.2001,5316.9604,4840.5,32338.613,172.23654
45938.61,918.45,31834.89,262143.0,42487.34,6465.2603,12751.96,1242.59,5761.8003,102392.41,4840.7,877818.0,1980.4108
11441.37,155.43001,81.64,1384.74,767.73004,207.24,223.31,9.59,311.52002,1973.4,4842.0,2251.1482,19.402056
32183.91,838.38,32081.38,262143.0,48109.51,6576.73,16485.21,1530.29,6466.68,106207.2,4846.1,884614.75,2849.1206
76974.99,1643.79,44614.69,262143.0,62589.62,10980.58,17456.541,1648.11,12334.08,148389.12,4847.4,1230209.2,1656.2087
30508.291,1097.43,50754.96,262143.0,67389.11,9366.62,13787.68,1267.25,7527.9604,158270.64,4849.9,1399521.6,4755.742
25577.13,254.34001,18879.25,228045.64,26784.201,4521.6,8581.68,682.26,2741.6401,59644.203,4850.2,520578.06,2109.4832
33137.43,529.09,14690.49,181649.0,21380.26,2873.1,7154.14,576.77,5121.6,47715.363,4850.6,405076.84,1266.554
34445.91,896.47003,47198.91,262143.0,76460.57,13779.891,29126.2,2365.99,6977.5205,158051.53,4852.5,1301466.8,3916.809
33051.3,654.69,20793.08,253245.72,31451.81,4865.43,12327.26,1176.83,5666.7603,68331.125,4853.5,573350.2,1797.7852
15981.9,398.78,54.95,1227.74,518.10004,133.45,94.53,47.95,344.52002,1528.56,4853.6,1515.196,8.830787
17615.76,475.71002,122.46001,2050.4202,588.75,328.13,61.65,-10.96,442.2,1854.6001,4853.8,3376.7227,18.87659
17363.46,10655.591,54.95,4983.18,8495.2705,4898.4004,1507.0,83.57,749.76,28642.682,4854.3,1515.196,8.048579
14983.14,263.76,178.98001,2535.55,656.26,139.73001,43.84,2.74,341.88,2275.6802,4856.4,4935.21,33.154716
19190.46,541.65,2607.77,33218.062,13274.351,3654.9602,20328.06,1838.54,4666.2,20628.96,4856.8,71906.875,387.53745
25706.76,423.90002,7422.9604,90700.48,10451.49,1208.9,2509.84,231.53,2152.9202,25629.121,4857.6,204681.34,824.6174
23750.13,284.17,320.28,5162.16,2477.46,789.71,3444.18,315.1,1015.08,3891.36,4859.4,8831.428,37.55785
31299.99,511.82,1089.5801,14315.261,3066.2102,673.53,472.65,60.28,1000.56006,8181.3604,4861.3,30044.174,98.53228
20347.56,397.21002,19384.791,235225.27,30373.22,4498.0503,13854.81,871.32,4387.68,65997.36,4862.0,534517.9,2722.9414
32513.64,719.06,23874.99,262143.0,34112.96,4700.58,9439.3,791.86,3567.9602,77649.0,4862.3,658331.0,2098.5518
12447.09,146.01001,538.51,7223.5703,2287.49,719.06,442.51,75.35,1116.7201,5802.72,4863.1,14848.921,122.70149
10976.79,350.11002,2025.3,27069.941,7437.0903,2417.8,11291.54,882.28,5822.52,15894.121,4865.9,55845.797,526.54926
29193.72,610.73004,20750.691,252264.47,29212.99,4271.97,8606.34,663.08,4090.6802,67203.84,4866.0,572181.3,2031.32
41542.5,984.39,45577.1,262143.0,60950.543,9090.301,17782.6,1470.01,5100.48,145553.77,4868.7,1256746.9,3135.9175
28070.55,610.73004,33409.6,262143.0,48638.6,8272.33,16800.31,1456.31,5215.3203,105994.69,4869.5,921239.2,3402.0579
19117.38,197.82,117.75001,2846.4102,670.39,28.26,1356.3,208.24,1091.64,2481.6,4871.3,3246.8486,16.610899
30134.19,401.92,16306.0205,199705.58,22587.59,3092.9001,8106.29,612.39,3024.12,54263.883,4871.5,449623.6,1546.168
78674.97,1194.77,42859.43,262143.0,60840.64,8796.71,23051.62,2178.3,9245.28,140710.69,4871.6,1181809.6,1556.6104
9958.89,218.23001,146.01001,1931.1001,447.45,54.95,10.96,24.66,154.44,1153.68,4871.9,4026.0925,40.919945
14729.1,329.7,617.01,7542.2803,1271.7001,235.50002,247.97,-38.36,359.04,3277.56,4872.6,17013.486,118.77467
13004.76,135.02,125.600006,1051.9,514.96,328.13,72.61,-39.73,658.68005,1801.8,4872.7,3463.3052,26.614443
29743.56,783.43005,33392.332,262143.0,45278.8,8142.0205,12932.8,1080.93,4658.2803,106101.6,4875.0,920763.0,3208.9834
42627.39,620.15,18147.63,224406.39,27350.97,3819.81,11444.98,1131.62,3986.4001,60943.082,4875.1,500404.3,1216.2511
53456.28,1138.25,50166.21,262143.0,77587.836,13723.37,33134.82,2871.52,9771.96,172248.12,4879.9,1383287.4,2682.2527
17408.7,868.21,368.95,8569.061,7763.6504,2915.49,1622.08,501.42,1907.4,11435.16,4883.2,10173.459,59.59687
50354.73,1309.38,57626.85,262143.0,79671.23,12057.601,25169.64,2064.59,7704.8403,185688.38,4883.7,1589007.8,3271.1533
51576.21,1205.76,47286.832,262143.0,68095.61,10539.41,21981.65,2042.67,9613.561,154186.56,4884.4,1303891.1,2620.4392
29644.38,813.26,33092.46,262143.0,46479.85,6196.79,15865.97,1419.32,4737.48,103758.6,4884.5,912494.3,3190.8
25415.31,761.45,38308.0,262143.0,55318.953,7705.56,16752.36,1685.1,5313.0,120604.445,4885.0,1056308.0,4308.66
11326.53,139.73001,113.04,1548.02,620.15,271.61002,17.81,-26.03,419.76,2014.3201,4885.3,3116.9746,27.535418
14242.7705,124.03001,471.00003,5915.7603,1306.24,240.21,239.75,54.8,496.32,4065.6,4885.9,12987.395,93.55303
24850.68,298.30002,12299.381,151514.42,15602.66,2477.46,4845.69,469.91,2313.9602,41120.64,4885.9,339144.2,1414.1223
58152.54,1299.9601,34918.37,262143.0,48932.19,7214.1504,13901.39,1185.05,10827.96,120087.01,4886.4,962842.1,1715.8575
19709.85,527.52,2708.25,34930.93,8382.23,2446.06,7266.48,489.09,3820.08,20226.361,4886.5,74677.516,391.87503
39156.96,689.23004,17091.021,209508.66,23482.49,3664.3801,5486.85,264.41,5277.3604,58914.242,4887.0,471269.28,1246.9812
28585.59,772.44,28211.33,262143.0,46784.43,8490.561,20232.16,1797.4401,5987.52,98604.01,4887.0,777901.6,2820.7944
16673.55,172.70001,447.45,6160.68,1365.9,161.71,108.23,36.99,656.04004,3923.04,4887.7,12338.024,75.730034
17801.07,401.92,153.86,2555.9602,963.98004,427.04,163.03,61.65,442.2,2166.12,4887.7,4242.549,23.713179
5112.12,240.21,7818.6,93562.586,10225.41,2353.4302,264.41,-4.11,749.76,27144.48,4888.1,215590.75,4371.9746
13799.07,331.27002,10679.141,131865.88,18772.49,3066.2102,11375.11,1002.84,5095.2,42629.402,4888.9,294467.53,2211.7659
13245.75,315.57,21.980001,-76.93,262.19,56.52,90.42,-82.2,562.32,238.92001,4889.3,606.0784,3.744606
51107.28,1017.36005,33221.2,262143.0,45071.562,6972.37,14494.6,1308.35,8189.2803,108671.64,4889.5,916044.2,1857.581
7738.65,419.19,257.48,4402.2803,3416.32,1538.6001,612.39,287.7,1025.64,6072.0,4890.8,7099.776,94.13216
66038.22,1157.0901,51191.42,262143.0,72678.445,12987.04,22444.71,2265.98,8477.04,164120.89,4893.9,1411556.6,2215.4136
48039.66,1210.4701,25724.451,262143.0,40798.02,7283.2305,15194.67,1275.47,7303.56,92479.2,4894.9,709328.2,1530.0704
31010.28,497.69,16524.25,202850.28,24118.34,3634.55,5181.34,530.19,2769.36,55141.684,4895.0,455641.06,1522.5793
30992.01,554.21,1245.01,16414.35,3647.11,1949.9401,150.7,109.6,1106.16,8313.36,4898.1,34330.01,113.86086
47491.56,1279.55,56887.383,262143.0,78493.72,10917.78,21366.52,1885.12,10598.28,185786.05,4900.9,1568617.5,3423.9048
29916.69,726.91003,16954.43,206170.84,27988.39,4432.1104,13316.4,1222.04,5731.4404,65208.004,4906.5,467502.88,1619.3866
16465.62,232.36,191.54001,2408.3801,447.45,119.32001,1141.21,142.48,1140.4801,1797.8401,4906.9,5281.5405,32.260628
13690.32,210.38,70.65,1133.54,695.51,298.30002,106.86,35.62,241.56001,1296.2401,4909.8,1948.1091,13.755282
43620.93,722.2,21783.75,262143.0,31192.762,6079.04,10664.08,830.22003,5360.52,71508.36,4910.0,600667.0,1426.8636
27531.15,477.28003,23052.31,262143.0,31746.97,4309.65,10150.33,861.73,3248.52,74161.56,4910.6,635646.4,2393.0825
15606.061,249.63,288.88,4427.4004,2992.4202,907.46,2527.65,243.86,1143.12,5610.0,4910.8,7965.602,51.926502
13234.44,326.56,6418.16,79208.07,10902.08,2047.28,4790.89,446.62,2432.76,25091.88,4911.9,176974.89,1385.6088
52910.79,937.29004,28727.861,262143.0,39319.082,4320.64,13186.25,1009.69,6097.08,92510.88,4913.6,792144.5,1551.4158
52432.29,665.68,17843.05,218999.31,24154.451,4582.83,8213.15,664.45,4763.8804,60573.48,4914.5,492005.8,972.0144
16464.75,237.07,403.49002,5319.16,1089.5801,599.74,134.26,82.2,423.72003,2686.2002,4914.6,11125.868,69.06912
17366.94,607.59,412.91,5429.06,1124.12,339.12003,202.76,1.37,484.44003,2399.76,4915.7,11385.615,66.97999
3584.4,163.28,2678.4202,32197.56,3648.6802,596.60004,5.48,-31.51,390.72,10231.32,4915.8,73854.984,2135.541
23994.6,340.69,1420.8501,19717.63,5812.14,1577.8501,5799.21,657.6,2860.4402,13008.601,4917.6,39178.64,168.31044
59966.492,1125.6901,34698.57,262143.0,49847.5,7493.6104,19828.01,1724.83,9423.48,119870.52,4917.9,956781.3,1653.4435
76289.43,1737.9901,59933.184,262143.0,83505.164,12872.431,23173.55,2018.01,12382.921,191744.53,4918.5,1652602.8,2245.2185
45213.03,629.57,21383.4,261478.8,30137.72,4502.7603,9396.83,791.86,6093.12,71344.68,4918.9,589627.7,1351.266
20520.69,259.05002,240.21,3797.83,806.98004,146.01001,1165.87,167.14,1924.56,2871.0,4922.9,6623.5713,32.469418
10997.67,398.78,342.26,5502.85,3435.1602,1650.0701,630.2,294.55,1242.12,7188.72,4923.3,9437.507,87.982475
48329.37,1004.80005,49480.12,262143.0,69708.0,11107.75,24787.41,2156.3801,7088.4004,161570.64,4924.2,1364369.1,2926.3093
84731.04,1927.9601,71799.24,262143.0,100067.09,14954.251,31671.66,3038.66,12896.4,235468.2,4924.5,1979798.4,2421.8489
36806.22,849.37006,34618.5,262143.0,46205.1,7736.9604,9499.58,754.87,5756.52,110821.92,4927.0,954573.5,2688.28
8388.54,53.38,-17.27,15.700001,-28.26,72.22,42.47,-8.22,52.800003,77.880005,4927.9,-476.20447,-6.8864703
56169.81,1469.52,55727.152,262143.0,77364.89,12819.051,27239.71,2415.31,11165.881,179682.36,4929.4,1536625.2,2835.6968
14357.61,136.59001,9.42,1367.4701,715.92004,348.54,147.96,13.7,506.88,2034.1201,4929.9,259.7479,0.87593484
22807.05,715.92004,12605.53,154932.31,24145.031,4199.75,16522.2,1250.81,4712.4004,51002.16,4930.6,347585.97,1579.3053
51288.242,987.53,30219.361,262143.0,41890.742,6016.24,11349.08,927.49,5999.4004,97066.2,4931.4,833271.25,1683.6763
37317.78,472.57,19080.21,234333.5,25901.861,4265.69,9261.2,753.5,2752.2002,62458.44,4931.6,526119.4,1460.8956
52859.46,1081.73,50065.73,262143.0,70307.74,9950.66,25208.0,2122.1301,7871.16,158229.72,4931.6,1380516.8,2707.1133
11734.561,199.39,76.93,2033.15,1838.4701,789.71,160.29,137.0,475.2,2529.12,4931.9,2121.2744,17.744675
37951.14,558.92004,19108.47,234003.8,28088.871,4711.5703,9037.89,846.66,4044.4802,63135.6,4934.4,526898.6,1438.6274
18031.62,307.72,175.84001,2890.37,590.32,136.59001,1613.86,145.22,1419.0,3136.32,4934.5,4848.6274,26.882515
36606.12,827.39,27515.82,262143.0,38144.723,6611.27,11060.01,1150.8,4604.16,87453.96,4935.4,758723.56,2148.2046
50674.02,830.53,23206.17,262143.0,31107.98,4501.19,6258.16,524.71,4530.24,75146.28,4936.1,639888.94,1308.3843
22352.91,734.76,19818.111,242499.06,36723.87,7127.8003,18777.22,1893.34,6745.2,73836.84,4937.2,546466.3,2533.9954
42369.87,883.91003,31580.55,262143.0,42738.543,6656.8003,12999.93,1063.12,5187.6,103572.484,4938.3,870804.8,2130.138
31604.49,739.47003,22356.8,262143.0,31698.3,4838.74,10353.09,902.83,4517.04,72815.164,4938.8,616468.3,2021.5994
41687.79,927.87006,27058.951,262143.0,35463.16,4865.43,9058.44,858.99,3573.2402,83328.96,4939.3,746125.8,1854.8851
36316.41,1131.9701,56515.293,262143.0,77561.14,11672.95,24777.82,2030.34,6932.64,175635.25,4940.2,1558357.5,4448.509
18804.18,761.45,368.95,8071.37,4943.93,1343.92,956.26,243.86,1726.56,9039.36,4941.2,10173.459,55.099907
70572.664,1629.66,70825.84,262143.0,95046.234,17020.371,25518.99,1834.43,9967.32,223601.4,4941.2,1952957.9,2868.4868
13510.23,332.84,91.060005,1716.01,803.84,36.11,54.8,-24.66,310.2,1704.1201,4941.8,2510.8962,18.271427
28335.9,422.33002,11299.29,139383.03,16134.891,2841.7002,5697.83,411.0,2673.0,36611.52,4942.0,311567.6,1139.1531
47254.05,1023.64,55411.582,262143.0,77821.766,11429.601,20537.67,1920.74,8321.28,177718.2,4942.8,1527923.6,3351.822
49133.25,764.59,22856.06,262143.0,33387.62,4801.06,11112.07,886.39,5497.8003,76157.41,4943.7,630234.94,1329.0712
19260.93,274.75,64.37,2081.82,2463.33,774.01,3874.36,353.46,1292.28,3810.84,4945.3,1774.944,8.555541
54087.03,819.54004,37906.082,262143.0,52616.98,7399.41,15089.18,1431.65,5538.72,120654.6,4946.6,1045225.56,2002.8479
52248.72,1058.18,34960.76,262143.0,47801.793,6543.7603,11049.05,786.38,7711.4404,110040.484,4948.2,964011.0,1912.173
15599.1,182.12001,21.980001,792.85004,679.81,337.55002,87.68,46.58,826.32,2860.4402,4949.7,606.0784,3.0288138
11530.98,70.65,158.57,1803.93,439.6,219.8,119.19,17.81,298.32,1828.2001,4952.2,4372.423,38.319122
17177.28,306.15002,161.71,1879.29,854.08,411.34003,157.55,47.95,495.00003,2486.8801,4952.2,4459.0054,25.917301
89261.13,2154.04,99544.28,262143.0,148768.5,23462.08,52666.91,4693.62,19067.4,262143.0,4955.3,2744842.5,3187.621
31164.27,444.31003,189.97,3521.51,1018.93005,182.12001,2038.56,179.47,1854.6001,4089.36,4956.2,5238.249,16.429184
13461.51,100.48,127.170006,1574.7101,676.67004,551.07,139.74,-24.66,590.04004,2584.56,4958.3,3506.5967,26.010954
26929.11,474.14,109.9,2720.81,1077.02,284.17,123.3,-6.85,644.16003,3356.7603,4959.2,3030.392,10.66876
15769.62,295.16,362.67,4143.23,1039.3401,362.67,249.34,64.39,297.0,2354.8801,4959.9,10000.294,64.75661
32750.28,634.28,30965.111,262143.0,41223.492,5268.9204,8146.02,652.12,4653.0,100851.96,4960.2,853834.6,2702.3772
22273.74,248.06001,10657.16,133533.22,14773.7,2146.1902,5415.61,406.89,2596.4402,36359.402,4960.6,293861.44,1367.0354
19811.64,635.85004,604.45,8834.391,2573.23,915.31006,253.45,58.91,921.36005,5389.56,4961.1,16667.156,86.234634
33523.71,816.4,4888.98,59127.773,7520.3003,1532.3201,213.72,91.79,934.56006,17681.4,4962.3,134809.16,415.97995
19902.12,317.14,8785.721,106628.125,11628.99,1956.2201,3087.98,195.91,1685.64,28102.8,4962.6,242258.22,1261.1968
7042.65,202.53001,213.52,3609.4302,1610.8201,513.39,97.27,106.86,555.72003,2907.9602,4963.0,5887.6187,85.68649
15518.19,153.86,438.03003,5906.3403,1483.65,233.93001,56.170002,52.06,975.48004,3945.4802,4965.5,12078.277,79.70711
3319.92,171.13,114.61,1617.1001,723.77,1277.9801,293.18,73.98,365.64,1925.8801,4970.6,3160.2659,97.70608
4387.41,174.27,5341.14,64492.46,6740.0103,974.97003,127.41,-2.74,533.28,18041.76,4971.5,147277.05,3479.765
46708.56,920.02,41427.59,262143.0,58496.633,8759.03,13468.47,1200.12,4993.56,127036.805,4972.5,1142327.9,2534.9587
108566.43,3329.9702,144603.28,262143.0,204497.22,30060.791,60033.4,5353.96,18927.48,262143.0,4973.6,3987303.2,3807.3037
35342.88,753.60004,28059.041,262143.0,39377.17,5206.12,9520.13,919.27,3610.2002,90920.28,4976.7,773702.4,2268.9688
12461.88,20.41,417.62003,4683.31,1086.4401,532.23004,184.95,17.81,382.80002,2988.4802,4976.8,11515.49,94.817924
41197.98,1237.16,25658.512,262143.0,39366.18,6771.41,13328.73,1216.56,5158.56,91028.52,4977.9,707510.0,1779.7565
10708.83,164.85,183.69,2420.9402,485.13,100.48,36.99,17.81,232.32,1342.4401,4978.4,5065.084,48.04475
61729.11,1521.3301,42025.76,262143.0,61429.39,9754.41,21429.541,1889.23,8556.24,139836.84,4980.2,1158821.9,1945.5903
17119.86,456.87003,288.88,3601.58,993.81006,87.920006,1.37,45.21,326.04,2292.84,4981.7,7965.602,47.246555
37347.36,478.85,13492.58,165619.31,19353.39,3102.32,3973.0,321.95,3721.08,46947.12,4981.8,372045.56,1031.9614
16202.01,183.69,734.76,9143.681,2190.1501,180.55,247.97,30.14,1285.68,6924.72,4982.4,20260.336,128.66586
12430.561,146.01001,21.980001,1157.0901,491.41,346.97,163.03,78.090004,473.88,1461.2401,4984.1,606.0784,4.0557547
66014.73,1221.4601,37439.793,262143.0,53083.273,7426.1,16278.34,1493.3,7727.2803,122538.24,4984.5,1032368.06,1620.592
37317.78,502.40002,20791.51,251879.81,29200.432,5165.3003,8713.2,594.58,3626.04,67668.484,4985.6,573306.9,1592.0126
25975.59,307.72,15593.24,190652.95,20563.861,2989.28,3404.45,332.91,2226.84,48557.523,4985.7,429969.34,1715.4058
14124.45,83.21,359.53,4499.62,1343.92,431.75,231.53,-31.51,755.04004,3740.8801,4986.4,9913.711,71.78009
55840.95,1072.31,42981.89,262143.0,61809.332,7821.74,17856.58,1519.33,7308.8403,141167.4,4987.6,1185186.4,2199.806
11695.41,348.54,83.21,921.59,392.5,208.81001,49.32,31.51,294.36002,1148.4,4988.7,2294.4397,19.342722
11705.85,92.630005,47.100002,23.550001,53.38,28.26,17.81,-27.4,-19.800001,52.800003,4989.3,1298.7395,10.50448
61667.34,1099.0,33486.53,262143.0,45732.53,7495.18,13905.5,1385.07,5343.3604,109396.33,4990.9,923360.44,1551.6156
31480.95,1196.3401,36931.11,262143.0,56771.203,8890.91,22250.17,1789.22,8437.44,125312.88,4992.9,1018341.56,3353.235
13200.51,191.54001,163.28,2673.7102,902.75,58.09,100.01,-27.4,149.16,1684.3201,4993.2,4502.2964,34.366432
7070.49,238.64001,142.87001,3172.9702,1913.8301,596.60004,431.55,80.83,571.56,3833.2803,4994.0,3939.5098,56.77508
11542.29,218.23001,87.920006,1434.9801,403.49002,215.09001,760.35,67.13,1052.04,1672.4401,4995.1,2424.3137,20.77934
9469.08,136.59001,120.89001,1078.5901,331.27002,210.38,106.86,-34.25,88.44,788.04004,4996.0,3333.4314,35.503258
14336.73,138.16,10.990001,1471.0901,1266.99,471.00003,1744.01,231.53,818.4,2555.52,4998.1,303.0392,1.1917782
53285.76,1007.94006,42507.75,262143.0,62208.113,9528.33,16994.85,1533.03,7395.9604,135813.48,5000.7,1172112.4,2279.8984
48066.63,1036.2001,49754.87,262143.0,69163.21,10470.33,20449.99,1871.42,7227.0005,159990.61,5001.0,1371945.0,2958.6538
57862.832,1467.9501,42652.19,262143.0,58342.773,9043.2,17209.94,1690.58,6349.2,136939.45,5002.1,1176095.1,2106.6118
38675.85,481.99002,19673.67,241701.52,26964.75,4794.7803,7963.81,545.26,3281.52,62401.684,5003.5,542483.44,1453.4355
35475.99,510.25003,23030.33,262143.0,31481.64,5333.29,9635.21,806.93,4164.6,75346.92,5003.9,635040.3,1855.157
13530.24,359.53,335.98,4108.69,858.79004,334.41,104.12,-34.25,319.44,2467.08,5003.9,9264.342,69.99977
21207.12,552.64,23915.81,262143.0,33304.41,6027.23,11133.99,839.81,4371.8403,75345.6,5005.4,659456.6,3223.4263
3500.8801,150.72,92.630005,1386.31,1606.1101,552.64,364.42,209.61,386.76,1807.0801,5005.5,2554.1877,74.65253
6136.98,51.81,43.960003,-34.54,-29.830002,-86.350006,13.7,0.0,113.520004,-46.2,5006.5,1212.1569,19.48104
39305.73,1245.01,36830.633,262143.0,56939.19,10338.45,25934.1,1870.05,7780.08,126531.24,5007.5,1015571.0,2678.1826
37445.67,843.09,35703.37,262143.0,53061.293,9005.5205,19197.81,1582.35,6985.4404,114735.73,5007.5,984487.8,2725.193
63340.35,1821.2001,48027.87,262143.0,64972.883,9330.511,23966.78,2322.15,8891.5205,155019.48,5007.6,1324324.6,2167.013
47381.07,709.64,22119.73,262143.0,29464.191,4460.37,8731.01,772.68,5064.8403,72519.484,5011.7,609931.3,1333.8239
15948.84,149.15001,375.23,5237.52,1551.16,510.25003,202.76,1.37,670.56,4400.8804,5013.2,10346.624,66.26938
20878.26,324.99002,11027.681,136990.36,15407.98,2540.26,6095.13,479.5,2494.8,35667.723,5014.9,304078.22,1509.2155
29437.32,500.83002,16463.021,199942.64,22586.021,3791.55,7261.0,452.1,3528.36,54175.44,5015.0,453952.75,1598.0435
40849.98,808.55005,18863.55,233518.67,27318.0,5126.0503,9417.38,913.79,5076.72,62220.844,5017.8,520145.16,1319.3242
46042.14,648.41003,30651.111,262143.0,40576.652,6108.87,12054.63,942.56,5289.24,98571.01,5018.2,845176.4,1902.4423
3905.43,180.55,5743.06,68079.914,8151.4404,1445.9701,165.77,31.51,458.04,19270.682,5018.5,158359.62,4203.5884
30474.36,557.35004,645.27,8569.061,2295.34,852.51,309.62,-21.92,1074.4801,6318.8403,5020.8,17792.73,59.541878
15840.09,70.65,731.62,9138.971,1827.4801,467.86002,365.79,35.62,768.24005,5847.6,5021.1,20173.752,131.0617
18370.05,536.94,328.13,3720.9001,781.86005,105.19,142.48,38.36,440.88,2472.36,5021.1,9047.885,50.0722
39044.73,549.5,19783.57,239274.28,29373.13,4509.04,12925.95,1193.27,4280.7603,68604.36,5021.6,545513.9,1447.7427
7702.98,131.88,67.51,566.77,351.68002,309.29,101.38,32.88,176.88,1326.6001,5021.9,1861.5266,24.05869
27243.18,497.69,3257.75,40347.43,4801.06,1003.23004,535.67,91.79,731.28,13089.12,5022.3,89829.48,340.90778
42063.63,706.5,22496.531,262143.0,33626.26,4560.85,14545.29,1038.46,4555.3203,72075.96,5022.3,620321.25,1528.1771
37543.98,791.28,30739.031,262143.0,48326.17,8173.4204,20815.78,2160.49,4530.24,100463.88,5024.4,847600.7,2339.9863
61616.88,1303.1001,48275.93,262143.0,64614.92,11033.96,20495.2,2018.01,9715.2,154374.0,5025.1,1331164.6,2239.1646
42883.17,780.29004,38202.812,262143.0,54108.48,9201.7705,19086.84,1727.57,5813.2803,121047.96,5026.3,1053407.6,2546.1672
32676.33,555.78,16224.381,200859.53,20556.01,3001.84,3904.5,291.81,3505.9202,51813.96,5026.7,447372.47,1418.6584
20117.01,293.59,5096.22,62723.07,6468.4004,789.71,1897.45,75.35,1861.2001,17886.0,5027.3,140523.61,723.32544
27892.2,383.08002,12357.471,150325.94,16474.01,2658.01,5807.43,321.95,2369.4001,40909.44,5027.3,340745.94,1265.7643
4608.39,346.97,254.34001,3942.27,2698.83,1127.26,569.92,119.19,743.16003,5165.16,5028.1,7013.1934,156.8027
20342.34,615.44,307.72,3742.8801,832.10004,395.64,113.71,123.3,513.48004,2725.8,5031.0,8485.098,42.251762
40707.3,496.12003,326.56,4837.17,2592.07,604.45,331.54,31.51,1085.04,6398.04,5032.8,9004.593,21.93716
9663.09,65.94,86.350006,1130.4,370.52002,120.89001,21.92,8.22,496.32,1663.2001,5033.5,2381.0225,24.550262
68015.73,1518.1901,48503.582,262143.0,65327.703,10602.21,13961.67,1213.82,10404.24,156620.64,5033.5,1337441.9,2037.9823
16421.25,287.31,9332.08,113456.055,13899.211,2485.31,4174.39,343.87,1483.68,31938.72,5035.5,257323.58,1623.8798
48258.9,995.38,40945.6,262143.0,57326.98,9261.431,19225.21,1468.64,5299.8003,130941.37,5036.4,1129037.5,2424.933
58795.47,1450.68,57279.883,262143.0,81176.85,12834.75,26428.67,2466.0,9374.641,186555.61,5042.0,1579440.4,2784.5261
15404.22,166.42,378.37003,5061.68,1522.9,481.99002,135.63,-23.29,654.72003,4461.6,5045.7,10433.207,69.23054
10216.41,133.45,67.51,1000.09,499.26,238.64001,104.12,43.84,318.12003,966.24005,5046.0,1861.5266,17.893778
29365.11,373.66,8094.9204,102561.82,13140.9,1986.05,4807.33,489.09,2812.9202,30531.602,5046.6,223210.03,787.18823
4356.96,120.89001,84.78001,1124.12,1130.4,265.33002,190.43001,123.3,232.32,1320.0,5047.7,2337.7312,54.636383
44527.47,1004.80005,37504.16,262143.0,53276.383,8969.41,13289.0,1252.18,5471.4004,116763.24,5048.1,1034142.94,2407.2437
11759.79,109.9,304.58002,4563.99,1273.27,324.99002,957.63,167.14,755.04004,2906.6401,5048.1,8398.516,73.0544
26755.98,398.78,215.09001,4374.02,2083.3901,638.99005,253.45,-12.33,1015.08,5037.12,5048.1,5930.91,21.985203
12223.5,282.6,287.31,3986.2302,2274.9302,582.47003,106.86,160.29,856.68005,4907.7603,5048.4,7922.3105,66.2054
10480.0205,146.01001,59.660004,1124.12,499.26,340.69,94.53,34.25,349.80002,1354.3201,5049.3,1645.0701,15.276842
32177.82,400.35,200.96,3570.1802,1210.4701,279.46002,3027.7,223.31,1560.2401,2700.7202,5050.0,5541.2886,16.856733
14227.98,122.46001,59.660004,1047.1901,758.31,315.57,24.66,67.13,376.2,1878.3601,5050.0,1645.0701,10.989167
61026.15,1223.03,38461.86,262143.0,57422.75,8839.101,23081.76,2212.55,7939.8003,124332.125,5050.1,1060550.6,1801.0354
37403.04,612.30005,29550.541,262143.0,38873.203,6133.99,9635.21,860.36,4382.4004,94815.6,5050.8,814829.1,2257.9548
36895.832,543.22003,20887.281,250777.67,28035.49,4281.39,7544.59,708.29,4239.8403,66600.6,5051.3,575947.7,1617.6525
23356.02,334.41,11310.28,137701.56,15899.391,1904.41,4842.95,471.28,2857.8,37160.64,5051.7,311870.62,1383.5974
50221.62,1050.3301,55369.19,262143.0,77807.63,12545.87,21566.541,1870.05,6924.72,174845.89,5051.9,1526754.8,3151.292
15326.79,414.48,205.67001,3172.9702,623.29004,216.66,143.85,106.86,138.6,1597.2001,5052.6,5671.1626,37.367966
55425.96,1025.2101,19990.81,242800.52,26369.72,3596.87,5426.57,554.85,6231.72,67350.36,5052.8,551228.3,1030.2552
18133.41,331.27002,4275.1104,51919.902,5482.44,811.69,1075.45,142.48,2610.9602,16026.121,5053.9,117882.26,673.0884
24295.621,414.48,15718.841,193664.22,21691.121,3706.77,6985.63,638.42,2670.36,51143.402,5054.2,433432.66,1848.8713
23061.09,307.72,8149.87,100264.914,10602.21,2017.4501,3483.91,341.13,2122.56,27826.922,5054.4,224725.22,1009.46173
37038.51,472.57,6970.8003,81792.29,10823.58,1486.79,4870.35,519.23,1318.68,25048.32,5054.5,192213.44,537.1187
67350.18,1491.5,35866.652,262143.0,57719.48,9300.681,21773.41,1830.32,10326.36,126844.086,5054.5,988990.1,1521.6534
30520.47,481.99002,18218.281,219955.44,24275.34,4099.27,7907.64,693.22003,3742.2002,56456.402,5055.2,502352.44,1705.7313
26287.92,419.19,15280.811,186682.42,20199.621,2577.9402,5344.37,430.18,2704.6802,48968.043,5056.2,421354.38,1661.0311
26744.67,549.5,12950.931,158802.36,18959.32,2926.48,7973.4,879.54,3231.36,43809.48,5058.1,357110.06,1383.563
11598.84,155.43001,-12.56,-56.52,-89.490005,69.08,39.73,-6.85,178.20001,-203.28001,5058.3,-346.33054,-4.096165
18456.18,273.18002,4680.17,56937.62,5812.14,946.71,1072.71,69.87,1572.1201,16849.8,5059.2,129051.41,724.05145
46037.79,494.55002,17863.46,217396.34,25146.691,3527.79,9646.17,779.53,5452.9204,59274.6,5060.5,492568.6,1108.4305
34305.84,704.93005,789.71,10307.051,2152.47,346.97,130.15,46.58,715.44,5678.64,5060.9,21775.531,64.818596
35175.84,803.84,32491.15,262143.0,45614.78,6870.3203,16187.92,1243.96,5578.3203,103821.96,5062.5,895913.75,2640.0073
49327.26,1434.9801,50364.03,262143.0,72621.92,11632.131,26487.58,2320.78,8086.3203,164006.05,5065.1,1388742.1,2918.3252
47128.77,783.43005,24636.441,262143.0,34756.66,6842.06,17042.8,1406.99,5261.52,83554.68,5068.0,679327.3,1493.6547
5348.7603,431.75,189.97,4700.58,3077.2002,1180.64,502.79,157.55,1137.8401,5566.4404,5068.2,5238.249,100.550224
54950.07,1273.27,63434.28,262143.0,89921.75,11858.21,23446.18,1830.32,6722.7603,195447.12,5069.5,1749142.2,3299.6902
18469.23,577.76,408.2,5405.5103,1171.2201,128.74,41.1,58.91,411.84003,2935.6802,5070.4,11255.742,62.193615
23470.86,601.31,2312.61,29228.691,7366.4404,2678.4202,7203.46,598.69,3468.9602,16069.681,5072.5,63768.11,280.72308
13574.61,249.63,927.87006,13806.58,4537.3003,1402.01,4886.79,390.45,2302.08,10843.801,5075.4,25585.168,194.4379
44604.9,623.29004,19323.56,232845.14,27379.23,5623.74,11336.75,931.6,4992.24,63750.723,5076.2,532829.5,1237.6642
41145.78,726.91003,19190.111,236562.89,25350.791,3578.03,7414.44,708.29,3792.36,61329.844,5081.1,529149.75,1332.525
17588.791,456.87003,1317.2301,16919.89,7496.7505,2420.9402,13804.12,1274.1,3802.9202,13602.601,5081.4,36321.414,213.12857
13869.54,562.06,20322.08,248447.8,35306.16,4917.24,14163.06,1296.02,4519.68,70449.73,5082.2,560362.75,4188.4316
24746.28,309.29,7641.1904,94165.46,11057.511,1956.2201,4331.94,317.84,1772.76,25944.602,5083.3,210698.84,881.8768
28327.2,518.10004,61.230003,2230.97,1692.4601,726.91003,158.92,17.81,1034.88,4272.8403,5084.5,1688.3613,5.180301
42148.89,706.5,24912.762,262143.0,35147.59,5418.0703,10788.75,931.6,4596.24,81309.36,5086.4,686946.6,1688.9923
30664.02,478.85,17232.32,207900.98,23975.47,4166.7803,6396.53,687.74,2556.84,54413.043,5087.1,475165.47,1605.8069
33439.32,618.58,20103.852,243463.05,27396.5,3881.04,7673.37,823.37,3755.4001,64236.484,5087.4,554345.3,1717.9799
76238.97,1483.65,58196.76,262143.0,82872.45,12233.44,34184.24,2967.42,10544.16,186067.2,5088.6,1604722.5,2181.5833
58653.66,965.55005,47261.71,262143.0,67506.86,10964.88,21922.74,2163.23,9030.12,156125.64,5088.6,1303198.5,2302.8984
14107.92,34.54,452.16,4848.16,1646.93,469.43002,771.31,87.68,699.60004,3937.56,5089.6,12467.898,90.638535
15860.1,144.44,303.01,3777.4202,1720.7201,306.15002,149.33,46.58,968.88007,3388.4402,5089.9,8355.224,53.626083
28084.47,375.23,7758.9404,94394.68,10583.37,1400.4401,3418.15,258.93,3269.6401,24961.201,5090.8,213945.69,788.92377
66653.31,1164.9401,44765.41,262143.0,59815.434,8685.24,22229.62,1578.24,7191.3604,146299.56,5091.7,1234365.2,1919.3032
41897.46,590.32,18215.14,221812.75,26226.852,4871.71,9754.4,917.9,4267.56,59697.004,5092.9,502265.84,1242.065
52704.6,1213.61,30583.602,262143.0,44113.863,7920.6504,14480.9,1301.5,8131.2,103293.96,5093.4,843314.8,1658.1631
4644.93,317.14,4303.37,51144.32,6049.21,1213.61,72.61,6.85,396.00003,16155.48,5094.4,118661.49,2647.979
9271.59,116.18,136.59001,1331.36,598.17004,260.62,71.24,17.81,232.32,1461.2401,5094.6,3766.3447,41.12246
34229.28,409.77002,17828.92,215330.22,24849.96,3526.2202,6119.79,616.5,3396.36,56081.523,5095.3,491616.16,1488.2797
20445.87,401.92,617.01,7568.97,1362.76,403.49002,30.14,87.68,236.28001,4249.08,5096.5,17013.486,85.285065
33303.6,453.73,16035.98,195235.78,22259.46,3166.6902,6763.69,534.3,2778.6,51618.6,5098.1,442177.5,1375.7444
40816.92,1011.08,36799.23,262143.0,57355.242,10008.75,24740.83,2087.8801,9448.561,129989.65,5098.8,1014705.1,2576.7898
41837.43,764.59,26795.191,262143.0,37293.78,5075.81,11757.34,1131.62,5091.24,91270.086,5100.5,738852.9,1830.2214
8287.62,83.21,-12.56,-133.45,26.69,67.51,-39.73,-1.37,258.72,-109.560005,5101.2,-346.33054,-5.333201
80300.13,2555.9602,76099.47,262143.0,102101.81,14252.461,21193.9,1802.92,13182.841,247684.81,5101.8,2098373.2,2708.6572
26278.35,587.18,238.64001,4158.93,1489.93,516.53,93.16,-42.47,784.08,4099.92,5102.9,6580.2803,24.965351
38962.082,689.23004,26377.57,262143.0,39044.332,6402.4604,12839.64,1338.49,4288.68,85076.64,5103.6,727337.4,1934.716
46536.3,744.18005,20053.611,248881.12,30662.102,5165.3003,9999.63,854.88,5573.04,71353.92,5103.6,552960.0,1231.1107
52394.01,949.85004,35814.84,262143.0,49478.55,6843.6304,13623.28,1205.6,6396.72,117666.125,5106.1,987561.44,1953.4761
41340.66,730.05005,317.14,6138.7,3871.62,1224.6001,765.83,113.71,2352.24,11280.721,5106.8,8744.846,20.934242
14038.32,130.31,442.74002,5148.0303,2364.4202,188.40001,2868.78,227.42,887.04004,3963.9602,5107.2,12208.151,89.17427
52579.32,874.49005,29500.3,262143.0,40182.582,6540.62,8883.08,912.42,5613.9604,96531.6,5108.3,813443.8,1603.2073
62144.1,1397.3,52890.16,262143.0,72846.43,11530.08,22103.58,1915.26,7256.0405,165595.33,5108.4,1458397.8,2432.4587
3310.35,-10.990001,29.830002,-31.400002,32.97,-78.5,-53.43,-6.85,104.28001,50.160004,5109.6,822.53503,24.764894
12916.0205,141.3,244.92001,3857.4902,1160.23,535.37,67.13,26.03,537.24005,3182.52,5112.0,6753.4453,53.21813
10234.68,65.94,147.58,1436.55,623.29004,98.91,1.37,0.0,443.52002,1837.4401,5114.0,4069.3835,40.228947
10771.47,174.27,199.39,2461.76,540.08,307.72,213.72,12.33,238.92001,1518.0,5114.0,5497.997,51.927017
51542.28,1348.63,42821.75,262143.0,62250.504,11238.061,23188.62,1982.39,9018.24,148919.77,5115.1,1180770.6,2374.4712
46685.94,1114.7001,540.08,7517.16,3298.57,1004.80005,543.89,47.95,1566.8401,7543.8003,5117.5,14892.213,32.07661
58316.1,1105.28,33621.55,262143.0,45988.44,7419.8203,14969.99,1298.76,6267.3604,104223.24,5118.8,927083.5,1647.4594
14297.58,108.33,241.78001,3320.55,921.59,161.71,56.170002,57.54,578.16003,2873.6401,5119.6,6666.863,47.35116
23891.07,752.03,12660.48,156868.12,28007.23,6407.1704,25251.84,2764.66,8779.32,54133.203,5119.7,349101.16,1514.1777
59000.79,1329.79,42044.6,262143.0,65685.664,12319.79,31612.75,2913.99,11189.641,145900.92,5120.0,1159341.4,2036.5178
3780.15,202.53001,142.87001,2739.6501,2315.75,309.29,405.52,95.9,537.24005,3164.04,5120.2,3939.5098,107.064
11414.4,461.58002,80.07,2058.27,872.92004,232.36,84.94,79.46,382.80002,1597.2001,5120.3,2207.857,19.056988
14949.21,81.64,127.170006,2587.36,1089.5801,370.52002,149.33,-65.76,537.24005,2828.76,5123.0,3506.5967,23.322906
5106.03,230.79001,5683.4004,69012.49,7735.39,1150.81,95.9,12.33,642.84,19305.0,5125.9,156714.56,3181.5403
45634.98,952.99005,37044.152,262143.0,55311.1,8727.63,20026.66,1497.41,5434.4404,116163.96,5126.9,1021458.6,2319.9768
71363.49,1196.3401,34875.98,262143.0,49225.78,8225.23,17692.18,1607.01,11272.801,118356.484,5127.8,961673.25,1396.331
20771.25,235.50002,185.26001,3432.02,2055.1301,711.21,293.18,87.68,844.80005,3686.7603,5128.6,5108.3755,24.501637
31761.96,466.29,14583.73,183311.64,29610.201,5670.8403,17720.95,1607.01,5026.56,58446.96,5129.2,402133.03,1311.8356
13578.96,92.630005,442.74002,4587.54,1237.16,799.13,45.21,80.83,629.64,3755.4001,5129.4,12208.151,92.224754
31160.791,551.07,22207.65,262143.0,31632.361,4534.16,8467.97,817.89,4940.7603,74866.445,5129.5,612355.6,2036.7136
31873.32,887.05005,27250.49,262143.0,40052.27,7220.43,13483.54,1168.61,5418.6,89072.28,5129.5,751407.3,2443.5334
21823.95,317.14,8408.92,102241.55,11293.011,1651.64,1541.25,242.49,1821.6001,26042.281,5130.9,231868.28,1100.681
3532.2,67.51,15.700001,-73.79,152.29001,42.390003,-5.48,-8.22,-17.16,212.52,5131.4,432.91315,11.708766
57983.76,1094.29,43537.67,262143.0,58626.94,8151.4404,15890.63,1380.96,8069.16,144043.69,5133.0,1200511.5,2145.8804
10774.08,103.62,102.05,1166.51,722.2,281.03,63.02,26.03,508.2,1830.8401,5133.3,2813.9355,26.082067
14381.1,111.47,213.52,3133.7202,1020.50006,279.46002,87.68,61.65,513.48004,2171.4001,5133.5,5887.6187,41.451736
24391.32,414.48,12663.62,154525.69,15836.591,1640.65,1201.49,79.46,1185.3601,41040.12,5134.0,349187.75,1483.4705
19197.42,252.77,6758.85,84145.73,9430.99,1758.4,3298.96,202.76,2063.1602,23378.521,5134.2,186369.11,1005.651
12186.96,109.9,419.19,5925.18,1621.81,318.71002,156.18001,143.85,711.48004,4023.36,5134.3,11558.781,97.34778
59435.79,992.24005,43970.992,262143.0,63347.934,10814.16,21547.36,2175.56,8871.721,143407.45,5134.4,1212459.9,2114.2769
18377.01,356.39,9930.25,118199.02,11953.98,1869.8701,2093.36,212.35,1673.76,31228.56,5135.3,273817.56,1544.0208
30004.56,521.24,638.99005,7900.24,2146.1902,580.9,443.88,84.94,914.76,5505.72,5136.4,17619.566,59.89138
36653.1,623.29004,19814.97,241616.73,26606.791,4543.58,8995.42,960.37,3573.2402,64611.363,5137.4,546379.7,1544.7231
73149.6,1444.4,62443.613,262143.0,86712.67,13448.62,26702.67,2305.71,10690.681,197217.25,5138.6,1721825.5,2439.7598
14920.5,171.13,244.92001,3183.9602,1453.8201,337.55002,305.51,115.08,633.60004,3276.2402,5139.1,6753.4453,45.93425
27652.95,452.16,12950.931,159270.22,17723.73,2744.36,3875.73,512.38,2960.76,41660.523,5139.5,357110.06,1338.0862
15373.7705,185.26001,87.920006,1058.18,1056.61,422.33002,1548.1,171.25,686.4,2207.04,5140.7,2424.3137,15.351452
13307.5205,204.1,219.8,2008.03,624.86005,442.74002,93.16,1.37,332.64,1455.9601,5143.9,6060.784,46.225822
47070.48,761.45,20695.74,256118.81,30156.56,4022.34,10062.65,795.97003,4667.52,71778.96,5146.2,570666.1,1256.1334
14187.96,150.72,414.48,5509.1304,2296.9102,238.64001,1546.73,245.23,1224.9601,4876.08,5146.3,11428.907,82.52811
19435.8,375.23,610.73004,7093.2603,1560.5801,453.73,147.96,87.68,409.2,3338.28,5151.4,16840.322,88.8454
35019.24,577.76,22309.701,262143.0,30189.531,4826.18,9610.55,775.42,3168.0002,69817.445,5153.3,615169.6,1820.5289
54049.62,1078.5901,46319.71,262143.0,65665.25,10650.88,19218.36,1801.55,7242.8403,147577.33,5153.8,1277223.6,2449.3164
40449.78,574.62,23669.32,262143.0,31856.871,4929.8003,8806.36,723.36,3356.7603,77118.36,5154.4,652659.9,1672.0873
34119.66,722.2,34722.12,262143.0,47479.94,6729.02,13449.29,1274.1,6087.8403,112597.33,5155.7,957430.75,2908.7158
11694.54,323.42,16114.48,195857.5,24333.432,4399.14,9340.66,787.75,2449.9202,56431.32,5156.7,444342.06,3938.8726
49609.14,1292.11,41057.07,262143.0,60691.492,8988.25,18151.13,1587.83,8855.88,139893.61,5157.3,1132111.1,2365.3296
31132.95,469.43002,18522.861,227496.14,26129.512,3717.76,7762.42,650.75,2915.8801,58415.28,5158.6,510750.97,1700.1273
15152.79,375.23,240.21,2742.79,788.14,158.57,31.51,-34.25,484.44003,1978.68,5159.0,6623.5713,44.326008
3893.25,219.8,5482.44,66412.57,7809.18,1033.06,187.69,68.5,488.40002,18623.88,5159.9,151173.27,4025.3413
39541.5,662.54004,26635.05,262143.0,36061.332,4585.97,9446.15,706.92,3512.52,85254.84,5160.8,734437.2,1924.9694
17664.48,361.1,15795.7705,195267.19,29696.55,5763.47,14915.19,1370.0,5468.7603,58380.96,5161.9,435553.94,2555.754
62302.44,1290.54,43091.793,262143.0,60959.96,10657.16,19700.6,1961.84,7023.72,139359.0,5162.9,1188216.8,1976.6001
17904.6,208.81001,408.2,5195.1304,1114.7001,595.03,117.82,2.74,427.68002,2955.4802,5168.3,11255.742,64.186455
36793.17,623.29004,13206.841,163038.22,20783.66,3303.28,9280.38,941.19,4374.48,46804.562,5169.6,364166.56,1025.3151
34211.88,1381.6001,65538.086,262143.0,91033.31,15580.681,29120.72,2456.41,11585.641,211590.73,5170.1,1807152.8,5476.291
31313.041,648.41003,21125.92,258301.12,27556.64,4176.2,6850.0,531.56,4147.44,68180.64,5172.8,582527.94,1928.0317
6991.32,197.82,8014.85,94322.46,10661.87,1527.6101,52.06,9.59,641.52,25889.16,5173.3,221002.16,3276.821
39279.63,601.31,22705.34,262143.0,32643.441,5917.33,11061.38,1020.65,3772.56,74882.28,5174.2,626079.0,1651.7594
51030.72,998.52,32743.922,262143.0,44484.383,6526.49,15135.76,1339.86,5784.24,104950.56,5174.3,902883.7,1833.628
28718.7,403.49002,17149.111,211836.97,24627.021,3945.4102,7402.11,628.83,4695.24,56593.684,5174.5,472871.06,1706.363
61106.19,1317.2301,46585.043,262143.0,64015.184,10630.471,20818.52,1912.52,7056.72,149666.89,5174.7,1284540.0,2178.7683
49384.68,1073.88,29161.182,262143.0,41787.12,6074.33,8252.88,565.81,2085.6,95129.766,5175.1,804092.94,1687.3477
13972.2,147.58,472.57,6391.47,1712.8701,430.18002,253.45,132.89,691.68005,4470.8403,5175.7,13030.686,95.705315
34686.03,907.46,44605.273,262143.0,61972.613,9952.23,20454.1,1830.32,6328.08,137748.61,5178.8,1229949.6,3675.8894
7151.4,321.85,6061.77,73058.38,8375.95,1945.2301,72.61,-30.14,723.36005,20522.041,5179.2,167147.77,2422.5803
13101.33,328.13,157.0,4909.39,5796.4404,1276.41,8678.95,698.7,1943.04,3743.5203,5179.8,4329.1313,33.263622
13214.43,81.64,370.52002,5287.7603,1128.8301,364.24002,160.29,34.25,642.84,4143.48,5180.2,10216.751,79.17007
73832.55,1020.50006,41316.12,262143.0,55188.64,8992.96,14820.66,1165.87,8116.68,134100.12,5181.2,1139254.2,1599.0026
17406.09,516.53,111.47,1240.3,816.4,274.75,209.61,9.59,443.52002,2147.6401,5183.0,3073.6833,17.310734
50252.94,907.46,2154.04,27955.422,7766.79,1890.28,472.65,216.46,2416.9202,17332.92,5185.2,59395.684,121.55789
15575.61,500.83002,12445.391,149288.17,22300.281,4554.5703,13082.13,1042.57,3342.2402,48480.96,5185.7,343170.25,2283.6118
57413.04,1193.2001,56556.113,262143.0,75336.45,13814.431,22489.92,1967.32,8326.561,177992.77,5186.5,1559483.1,2815.5537
54982.26,891.76,30867.771,262143.0,45721.543,6809.0903,14654.89,1171.35,6123.4805,101411.64,5187.7,851150.56,1604.2094
32401.41,786.57,282.6,4333.2,2185.4402,858.79004,253.45,120.56,1011.12006,4470.8403,5187.9,7792.4365,23.937748
51954.66,1007.94006,37337.742,262143.0,55541.89,7733.8203,21891.23,1950.88,6639.6,123940.086,5189.3,1029554.06,2053.814
32564.1,514.96,719.06,9512.63,2337.73,814.83,538.41,179.47,942.48004,5957.16,5190.0,19827.422,62.13571
13781.67,467.86002,131.88,2103.8,711.21,284.17,63.02,79.46,244.20001,1676.4,5190.2,3636.4705,26.360628
20564.19,386.22,1712.8701,22860.771,7579.9604,1628.0901,11634.04,971.33,2687.52,14450.041,5191.0,47230.83,237.15617
76162.414,1698.7401,58637.934,262143.0,80344.75,12702.87,25331.3,2300.23,10418.761,188237.28,5192.3,1616887.4,2200.339
44389.14,770.87006,28578.71,262143.0,39901.55,5937.74,12550.57,1242.59,5355.24,91464.125,5192.4,788031.8,1839.8351
19922.13,277.89,7966.18,97876.945,11344.82,1851.03,3682.56,297.29,1953.6001,26766.96,5194.0,219660.12,1142.3082
12668.07,94.200005,157.0,1705.02,1111.56,150.72,139.74,19.18,349.80002,2209.6802,5194.6,4329.1313,34.435467
80426.28,1245.01,40143.332,262143.0,56954.89,9586.42,19455.37,1775.52,8696.16,130397.52,5195.4,1106915.6,1426.1328
11196.03,59.660004,117.75001,1940.52,671.96,292.02002,152.07,17.81,414.48,1993.2001,5195.5,3246.8486,29.070862
32025.57,560.49,16602.75,203063.81,24517.121,3598.4402,8509.07,768.57,2684.8801,52605.96,5196.0,457805.66,1481.2865
23001.93,403.49002,287.31,3479.12,891.76,541.65,61.65,71.24,438.24002,3071.6401,5196.6,7922.3105,34.713753
38500.98,441.17,15651.33,190453.56,21843.41,3493.25,7191.13,601.43,5422.56,52368.363,5196.8,431571.12,1161.3274
11069.88,149.15001,39.25,968.69,651.55005,218.23001,31.51,9.59,174.24,1036.2001,5197.0,1082.2828,9.137847
14120.97,141.3,164.85,2273.36,664.11005,345.40002,-20.55,-2.74,502.92,2632.08,5199.3,4545.588,32.379005
19568.91,246.49,9650.79,117852.055,12897.551,2860.54,3634.61,475.39,2093.52,31096.56,5199.5,266111.72,1409.0848
13355.37,210.38,105.19,1146.1001,423.90002,241.78001,13.7,-58.91,294.36002,1360.92,5199.7,2900.518,21.519955
30563.97,747.32,34296.652,262143.0,48167.6,6556.3203,16604.4,1401.51,6178.9204,112368.96,5200.6,945698.8,3207.418
38710.65,959.27,31478.502,262143.0,46357.39,8558.07,19482.77,1497.41,6465.3604,103924.92,5201.6,867990.9,2324.0515
52644.57,932.58,31947.932,262143.0,45701.133,6966.0903,13086.24,1328.9,6252.8403,102969.24,5202.6,880935.0,1734.1545
50231.19,1058.18,36500.93,262143.0,51408.082,7466.9204,20596.58,1641.26,6148.56,120700.805,5203.8,1006479.75,2076.6836
21857.01,474.14,24950.441,262143.0,41553.19,7096.4004,15593.34,1343.97,8974.681,91450.92,5204.5,687985.6,3262.8975
85764.6,1439.6901,59933.184,262143.0,84440.88,12687.171,24692.88,2075.55,11963.16,194805.61,5205.3,1652602.8,1997.0588
13266.63,120.89001,122.46001,1824.3401,987.53,342.26,1028.87,87.68,328.68002,2357.52,5206.1,3376.7227,25.39263
27010.89,635.85004,27872.21,262143.0,36843.19,5650.43,11713.5,1128.88,4175.16,88095.484,5206.8,768550.75,2949.4043
24160.77,340.69,211.95001,3579.6,1497.78,657.83,160.29,56.170002,1050.7201,4532.8804,5207.2,5844.3276,24.08255
38031.18,599.74,10467.19,128856.19,15010.7705,2774.1902,4503.19,424.7,2463.12,37010.16,5209.1,288623.2,785.9358
4658.85,227.65001,167.99,2522.99,1552.7301,295.16,423.33,63.02,450.12003,2839.32,5211.0,4632.171,102.09882
12285.2705,127.170006,75.36,1453.8201,464.72,-54.95,669.93,152.07,953.04004,1469.16,5211.4,2077.9832,16.539015
22031.01,343.83002,10237.971,124673.7,13706.101,1626.52,2689.31,235.64,1545.7201,33381.48,5211.5,282302.7,1327.7048
32215.23,719.06,24291.041,262143.0,42108.973,7119.95,15822.13,1519.33,4460.2803,88857.125,5211.7,669803.25,2154.9263
43319.04,1116.27,44501.652,262143.0,65600.88,10562.96,26630.06,2360.51,10709.16,151524.12,5212.9,1227092.4,2936.2866
42653.49,803.84,30841.08,262143.0,43501.562,6328.6704,14091.82,1194.64,4225.3203,99429.01,5213.1,850414.56,2066.3977
49902.332,876.06006,42641.203,262143.0,60856.344,9181.36,18419.65,1476.86,5570.4004,136957.92,5213.5,1175792.1,2442.192
3559.17,167.99,5626.8804,66703.02,7302.0703,909.03,139.74,16.44,546.48004,19308.96,5214.1,155156.08,4519.307
53306.64,1097.43,42317.78,262143.0,60093.32,8517.25,17027.73,1683.73,6623.7603,132440.89,5214.9,1166874.1,2268.8154
32685.9,516.53,18785.05,230185.56,24121.48,4108.69,2324.89,252.08,2048.6401,61541.043,5215.6,517980.6,1642.2397
35651.73,810.12006,25828.07,262143.0,40581.363,5625.31,13353.39,1182.31,4363.9204,85170.37,5217.1,712185.44,2070.3828
26749.02,486.7,232.36,3956.4001,1243.4401,480.42,153.44,-27.4,1021.68005,5033.16,5217.3,6407.1143,23.837193
18350.91,345.40002,5873.37,72843.29,8366.53,1025.2101,3140.04,228.79,2369.4001,20693.64,5217.4,161952.81,914.1215
43380.81,659.4,23818.47,262143.0,37504.16,5889.0703,15789.25,1549.47,7003.9204,81079.68,5219.1,656772.56,1568.8756
62265.9,1113.13,33031.23,262143.0,44493.8,6620.6904,10417.48,838.44,6258.12,106389.37,5219.2,910805.94,1515.7831
39676.35,956.13,32742.352,262143.0,43558.082,6144.98,6928.09,611.02,4610.7603,100409.766,5219.3,902840.4,2358.5388
32242.2,703.36005,27737.191,262143.0,37888.812,5121.3403,8315.9,909.68,5388.24,90405.484,5220.3,764827.7,2458.7266
28757.85,400.35,13764.19,170401.53,18463.201,3064.6401,7018.5103,628.83,3789.7202,45184.92,5221.6,379534.97,1367.4951
54041.79,973.4,41754.152,262143.0,58042.902,8300.59,14731.61,1212.45,3908.5203,130159.92,5222.4,1151332.5,2208.1182
40970.91,813.26,33849.2,262143.0,48660.582,7002.2,14846.69,1443.98,5681.2803,107372.766,5222.9,933360.7,2361.2278
30712.74,527.52,17309.25,212634.53,22970.67,3543.4902,4181.24,446.62,2501.4001,55581.242,5223.0,477286.75,1610.4198
28208.88,806.98004,25683.63,262143.0,37494.742,6867.18,14453.5,1448.09,5369.7603,86951.05,5223.8,708202.6,2602.272
51790.23,956.13,40744.64,262143.0,58831.043,9558.16,17936.041,1794.7,6597.3604,131076.0,5226.5,1123496.2,2248.4258
13436.28,149.15001,97.340004,1219.89,510.25003,124.03001,31.51,9.59,492.36002,2086.9202,5228.9,2684.0615,19.713871
38117.31,720.63,23641.06,262143.0,32519.41,5234.3804,11738.16,934.34,6255.4805,76785.73,5230.0,651880.6,1772.347
12621.96,76.93,299.87,4133.81,1227.74,171.13,49.32,-24.66,753.72003,3090.12,5231.0,8268.641,66.92899
25475.34,298.30002,186.83,2832.28,1119.41,150.72,1931.7,227.42,2075.04,2284.9202,5236.0,5151.6665,19.968899
15379.86,139.73001,268.47,3540.35,929.44,529.09,46.58,72.61,624.36005,3191.76,5236.5,7402.8145,48.91055
52728.96,866.64,48586.793,262143.0,72758.516,12236.58,20229.42,2022.12,5001.48,154013.64,5236.8,1339736.4,2633.62
62305.05,1001.66003,33619.98,262143.0,47065.46,5578.21,10573.66,1000.1,5136.12,109002.96,5237.7,927040.2,1541.8481
30995.49,1025.2101,20885.71,254096.66,36039.35,7069.7104,14894.64,1200.12,6688.4404,81743.64,5240.4,575904.4,1925.6364
29634.81,590.32,690.80005,9628.811,2135.2,800.7,341.13,24.66,891.00006,6029.7603,5241.6,19048.18,65.64986
10859.34,191.54001,40.82,800.7,161.71,73.79,64.39,-27.4,315.48,863.28,5243.0,1125.5741,9.747774
27618.15,431.75,114.61,1992.3301,1097.43,157.0,138.37,10.96,413.16,2827.4402,5246.5,3160.2659,10.865251
54350.64,1036.2001,47029.35,262143.0,67294.914,10876.96,21421.32,1772.78,6779.5205,150189.61,5247.2,1296791.4,2473.0776
29729.64,730.05005,7908.0903,94124.64,13078.101,2376.98,7758.31,701.44,2240.04,31394.88,5247.3,218058.36,759.55554
15237.18,403.49002,469.43002,4667.6104,734.76,23.550001,56.170002,10.96,464.64,2538.36,5248.2,12944.104,87.0877
65420.52,1464.81,44522.062,262143.0,64539.562,9595.84,29217.99,2389.28,9287.5205,144668.05,5248.9,1227655.1,1944.854
15419.01,205.67001,923.16003,11914.73,3121.1602,795.99005,1378.22,21.92,1223.64,7633.5605,5249.1,25455.293,170.1865
67004.79,1147.67,46319.71,262143.0,63233.32,9777.96,15059.04,1312.46,7395.9604,147059.89,5249.6,1277223.6,1975.5553
9836.22,211.95001,-1.57,2810.3,6375.77,4138.52,135.63,71.24,238.92001,6201.3604,5251.2,-43.291317,-1.4563736
32531.91,502.40002,7937.9204,95930.14,13604.051,3848.07,9970.86,680.89,2519.8801,29733.002,5251.5,218880.89,696.66376
15886.2,172.70001,295.16,4482.35,921.59,161.71,26.03,-8.22,306.24002,2364.12,5251.8,8138.767,52.12347
31386.121,492.98,20064.602,241461.3,29059.13,4571.8403,10566.81,698.7,4480.08,66733.92,5253.6,553263.06,1826.8557
47953.53,876.06006,23207.74,262143.0,36632.812,6645.81,16352.32,1565.91,5516.2803,75925.086,5254.0,639932.2,1382.7615
29024.94,785.0,28731.0,262143.0,44544.043,6229.7603,13386.2705,1179.57,4237.2,89641.2,5255.4,792231.06,2829.2737
25209.121,819.54004,631.14,10476.61,6187.37,2187.01,990.51,347.98,2179.32,12050.28,5255.5,17403.11,70.584175
69997.59,1621.81,64701.273,262143.0,94225.125,13980.851,27442.47,2333.11,12063.48,210083.28,5255.5,1784078.4,2641.8877
19213.95,178.98001,486.7,5854.5303,1018.93005,138.16,-47.95,-15.07,302.28,2844.6,5257.5,13420.308,71.425865
20346.69,306.15002,1075.4501,15263.54,5662.99,1780.38,2176.93,305.51,2558.1602,12421.2,5257.9,29654.553,150.12819
31720.2,558.92004,532.23004,7926.93,1711.3,471.00003,439.77,53.43,739.2,4568.52,5259.9,14675.757,46.974724
29292.03,348.54,397.21002,7044.5903,3983.09,1387.88,3486.65,395.93,1536.4801,7421.0405,5261.0,10952.703,37.772137
40473.27,1238.73,44949.1,262143.0,61270.82,10203.431,20378.75,2023.49,7116.12,142973.17,5262.0,1239430.4,3174.4238
44325.63,722.2,33670.223,262143.0,50745.543,9074.601,16287.93,1617.97,5085.96,106574.164,5263.1,928425.56,2170.9011
20623.35,339.12003,5389.81,65641.7,7512.45,1122.55,2252.28,197.28,2456.52,19006.682,5264.2,148619.08,746.2454
26462.791,563.63,18273.23,223140.97,26614.64,4319.0703,12132.72,969.96,3402.9602,59986.082,5265.3,503867.62,1973.3706
35854.44,656.26,22391.34,262143.0,30979.24,5154.31,10816.15,783.64,4915.68,72268.68,5265.9,617420.7,1784.6079
32652.84,1408.29,57088.344,262143.0,78652.29,11302.431,22931.06,2171.45,8214.36,179384.05,5268.0,1574158.9,4997.912
75412.47,1518.1901,42490.48,262143.0,58155.94,9387.03,17686.7,1286.43,9547.561,140595.84,5270.6,1171636.1,1610.0072
4600.56,270.04,5746.2,69202.46,8198.54,1111.56,147.96,64.39,555.72003,19500.361,5270.9,158446.22,3570.24
60048.27,1365.9,70265.35,262143.0,102414.24,14779.98,30012.59,2757.81,8253.96,222035.89,5272.2,1937502.8,3344.721
19282.68,516.53,351.68002,4421.12,1103.7101,141.3,232.9,-27.4,421.08002,2307.36,5273.1,9697.255,51.147
45417.48,759.88,32871.09,262143.0,43820.27,7755.8003,16074.21,1408.36,6427.08,106077.84,5273.8,906390.25,2068.3792
14355.0,174.27,273.18002,4190.33,1234.02,799.13,94.53,-15.07,913.44006,3519.12,5275.3,7532.6895,53.412006
59575.86,1456.9601,58984.902,262143.0,83605.64,12753.11,27409.59,2142.68,8169.4805,188061.73,5276.1,1626454.8,2829.8677
17451.33,257.48,318.71002,4947.0703,1447.54,354.82,123.3,75.35,373.56003,2748.24,5280.8,8788.138,51.217514
76157.19,1744.27,82558.45,262143.0,114723.05,18103.67,33255.38,2915.36,12183.601,261819.38,5281.9,2276473.8,3098.5571
45166.92,1072.31,46627.43,262143.0,64286.793,9884.721,17640.12,1652.22,6524.7603,146608.45,5287.1,1285708.8,2950.6848
45365.28,759.88,26289.65,262143.0,38116.46,6225.0503,8899.5205,609.65,4598.8804,84920.88,5288.1,724913.06,1655.953
9561.3,193.11,124.03001,3479.12,1378.4601,540.08,253.45,34.25,571.56,3350.1602,5288.2,3420.014,36.090168
14625.57,196.25,-21.980001,489.84003,323.42,65.94,-4.11,19.18,77.880005,543.84,5288.3,-606.0784,-5.2969856
44651.01,1508.77,64797.043,262143.0,95576.89,15712.561,29423.49,2549.57,12826.44,220123.2,5288.4,1786719.1,4148.281
10395.63,595.03,13544.391,171337.25,26895.672,5950.3003,15145.35,1231.63,5781.6,53066.64,5289.0,373474.2,3724.269
41371.11,708.07,31828.611,262143.0,45460.92,6922.1304,14695.99,1280.95,4398.24,99848.766,5289.8,877644.8,2198.7307
10276.44,43.960003,103.62,1425.56,832.10004,368.95,19.18,95.9,311.52002,1929.8401,5290.5,2857.2268,27.830349
11390.04,178.98001,56.52,26.69,105.19,10.990001,-1.37,-109.6,-21.12,135.96,5291.2,1558.4873,13.188154
65022.06,1004.80005,31148.8,262143.0,46661.973,7474.77,19538.94,1674.14,6351.8403,106093.69,5291.5,858899.7,1368.713
65102.1,1350.2001,52009.39,262143.0,73505.836,12754.681,25162.791,2204.33,9461.761,167918.53,5292.7,1434111.4,2283.2087
24928.98,251.20001,427.04,7035.1704,3724.04,1522.9,3345.54,368.53,2142.36,8750.28,5292.9,11775.237,47.97935
39852.09,679.81,22165.26,262143.0,30611.861,5027.14,11301.13,1043.9401,4333.56,71122.92,5294.3,611186.75,1589.2694
31018.11,573.05005,249.63,4374.02,1292.11,634.28,2624.92,202.76,1932.4801,3673.56,5295.4,6883.319,22.010733
22269.39,450.59003,200.96,4017.6301,1155.52,328.13,-31.51,-23.29,370.92,3021.4802,5295.5,5541.2886,24.801819
39985.2,715.92004,18850.99,227034.56,26788.91,5154.31,8736.49,767.2,4292.64,64916.28,5296.0,519798.8,1346.9814
37215.12,719.06,17502.361,208864.95,29781.33,5292.47,17092.12,1594.68,6433.68,64020.004,5298.3,482611.6,1343.7024
32105.61,620.15,23876.56,262143.0,33170.96,4967.48,9655.76,961.74,3841.2002,78819.84,5298.5,658374.3,2125.3748
4282.14,204.1,3979.9502,48531.84,5267.35,536.94,79.46,23.29,414.48,12790.801,5299.5,109743.484,2656.4539
6579.81,281.03,135.02,2767.9102,2246.6702,824.25,419.22,100.01,644.16003,3894.0002,5299.9,3723.0532,57.672386
53470.2,1114.7001,41532.78,262143.0,57257.902,8674.25,16705.78,1367.26,6229.08,132110.89,5300.8,1145228.5,2219.896
9145.44,243.35,103.62,799.13,318.71002,32.97,16.44,50.69,66.0,831.60004,5301.8,2857.2268,31.395744
30107.22,365.81,9755.98,119801.99,13349.71,1811.78,4537.44,420.59,3919.08,33349.8,5302.2,269012.25,925.5082
10905.45,83.21,103.62,1500.92,317.14,150.72,808.3,41.1,603.24005,1549.68,5302.8,2857.2268,26.16746
31835.91,532.23004,17343.791,209434.86,22926.71,3983.09,6201.99,453.47,3676.2002,55784.523,5305.8,478239.16,1556.671
24971.61,332.84,10944.471,133875.47,16114.48,2171.31,5203.2603,489.09,3168.0002,37134.242,5306.0,301783.78,1252.1332
60357.12,1196.3401,46658.832,262143.0,65291.594,9880.011,21500.78,1789.22,9832.681,149666.89,5307.2,1286574.6,2209.316
4615.35,249.63,5586.06,67508.43,7975.6,1505.63,115.08,17.81,530.64,18180.361,5308.6,154030.5,3459.5884
37972.02,562.06,17343.791,209913.72,24124.621,3361.37,7104.82,650.75,3533.6401,56558.043,5309.1,478239.16,1304.9584
10353.0,403.49002,15288.66,183595.81,28752.98,5798.0103,14894.64,1530.29,4018.08,55796.402,5309.4,421570.8,4221.33
13447.59,248.06001,648.41003,8294.311,2402.1,1003.23004,231.53,52.06,1428.2401,6792.72,5310.7,17879.314,136.86508
51260.4,1230.88,41466.84,262143.0,58107.273,9744.99,18690.91,2045.41,6828.3604,137063.53,5312.9,1143410.1,2311.959
29032.77,491.41,20906.121,255801.67,26244.121,3614.1401,5697.83,608.28,3218.1602,68266.445,5314.2,576467.2,2057.894
13266.63,111.47,144.44,2062.98,869.78,135.02,1379.59,131.52,732.60004,2295.48,5315.8,3982.801,30.129768
53282.28,1006.37006,5589.2,78897.21,19061.371,3204.37,6165.0,552.11,4580.4004,26768.281,5317.7,154117.08,298.9272
31538.371,747.32,26369.72,262143.0,47392.023,8311.58,23151.63,2156.3801,6845.5205,94653.24,5319.7,727120.94,2389.646
55221.51,1453.8201,56138.492,262143.0,77867.29,10154.761,23107.791,2072.81,8190.6,178206.61,5323.6,1547967.6,2905.7083
23929.35,850.94,3890.4602,49995.082,9360.34,2675.28,1204.23,163.03,2608.32,23565.96,5323.9,107275.88,463.8567
43225.082,717.49005,24565.791,262143.0,35295.17,4695.87,10710.66,1045.31,4235.8804,78014.64,5324.9,677379.2,1623.9646
20923.5,416.05002,1708.16,22507.521,6612.8403,1601.4,4692.25,491.83,3125.76,14888.28,5325.3,47100.95,232.42274
38433.12,643.7,19745.89,241062.52,27496.98,3697.35,6959.6,516.49,3360.7202,62937.6,5325.3,544474.9,1467.9941
60438.9,1370.61,39056.89,262143.0,55477.523,9278.7,20314.36,1711.13,9468.36,127092.24,5325.7,1076958.0,1846.6942
3384.3,94.200005,31.400002,408.2,131.88,45.530003,-86.31,-19.18,95.04,287.76,5326.8,865.8263,25.528324
58764.15,1293.68,53986.023,262143.0,73243.64,11134.44,21313.09,1789.22,6425.7603,170867.4,5328.2,1488615.2,2625.7449
12218.28,73.79,207.24,2733.37,1130.4,318.71002,594.58,-35.62,576.84,2475.0,5328.5,5714.4536,47.496735
30102.871,529.09,1629.66,23079.0,11365.23,3259.32,17700.4,1568.65,4778.4004,17607.48,5328.6,44936.383,153.78827
49891.89,915.31006,32905.633,262143.0,47710.73,6851.4805,14806.96,1430.28,4907.7603,105751.805,5330.0,907342.75,1884.7725
79104.75,2025.3,76302.0,262143.0,105551.1,14503.66,30485.24,2448.19,12971.641,241706.53,5330.6,2103957.8,2756.9243
23457.81,392.5,10619.48,130503.12,13720.23,1392.5901,1570.02,82.2,1680.3601,34683.0,5331.9,292822.47,1293.389
23683.14,1436.55,39378.742,262143.0,54964.133,9642.94,18188.12,1838.54,7281.12,128104.69,5332.6,1085832.8,4753.1353
12605.43,252.77,149.15001,2039.43,673.53,164.85,80.83,-42.47,382.80002,1717.3201,5334.4,4112.6753,32.830986
22644.36,430.18002,10303.91,127422.77,12976.051,2008.03,2826.31,213.72,2406.36,34354.32,5336.4,284120.9,1300.0411
35484.69,628.0,23948.781,262143.0,32618.32,5355.27,6358.17,537.04,3645.84,77362.56,5336.8,660365.75,1928.707
14865.69,128.74,296.73,2568.52,726.91003,314.0,120.56,8.22,253.44,1866.4801,5337.4,8182.0586,56.0723
12330.51,119.32001,142.87001,3286.01,949.85004,120.89001,232.9,153.44,698.28,2727.12,5338.8,3939.5098,32.12905
44959.86,1092.7201,41039.8,262143.0,55507.35,8817.12,19248.5,1774.15,6548.52,133742.4,5339.2,1131635.0,2608.9329
19112.16,375.23,491.41,7247.12,981.25006,216.66,194.54,-46.58,326.04,2906.6401,5339.8,13550.182,72.51623
9326.4,248.06001,153.86,2609.34,1960.93,701.79004,538.41,83.57,533.28,3098.04,5339.9,4242.549,46.169437
15726.99,708.07,15299.65,187607.16,27278.75,6289.4204,17449.69,1512.48,6160.4404,61236.12,5340.8,421873.88,2780.5374
24872.43,386.22,9514.2,117963.52,14233.62,2595.2102,5734.82,523.34,2919.84,33700.92,5341.9,262345.38,1092.7123
39729.42,1106.8501,38190.25,262143.0,52304.55,7512.45,14156.21,1233.0,6992.04,120485.65,5342.1,1053061.2,2747.459
80800.38,1383.17,44327.383,262143.0,62396.51,10489.17,22226.88,2028.97,8723.88,145720.08,5342.2,1222287.0,1567.5836
3680.97,109.9,39.25,1400.4401,970.26,733.19,295.92,121.93,318.12003,1770.1201,5342.6,1082.2828,29.48782
46394.492,711.21,20320.51,250506.06,29197.291,5642.58,12066.96,879.54,7091.04,73405.2,5343.0,560319.44,1251.3253
51584.91,1860.4501,75757.21,262143.0,105486.734,16800.57,31768.93,2963.31,11362.561,238484.4,5345.4,2088935.8,4198.043
41747.82,968.69,33255.742,262143.0,48436.07,7608.22,16171.48,1426.17,4992.24,106465.92,5345.7,916996.7,2276.623
3163.32,138.16,28.26,1012.65,838.38,471.00003,130.15,108.23,192.72,1182.7201,5346.0,779.24365,24.54336
17500.05,367.38,138.16,3138.4302,3140.0,715.92004,2927.69,301.4,2085.6,6823.08,5347.8,3809.6357,21.573143
50073.72,935.72003,38190.25,262143.0,60964.67,9867.45,25897.11,2226.25,6573.6,125785.445,5348.1,1053061.2,2179.6785
39846.0,1006.37006,38567.05,262143.0,58586.12,9214.33,21430.91,1816.62,6040.3203,126095.65,5349.7,1063451.1,2766.4558
52389.66,1078.5901,49469.133,262143.0,69199.32,8873.641,16730.44,1246.7,8789.88,163435.81,5352.0,1364066.1,2698.8381
11556.21,87.920006,2681.56,33329.53,4069.4402,450.59003,875.43,149.33,678.48004,8953.561,5354.9,73941.56,662.46967
23887.59,514.96,2138.34,27347.83,9839.19,3689.5002,11860.09,1067.23,4795.56,18355.92,5355.6,58962.773,254.949
15169.32,180.55,97.340004,2163.46,731.62,161.71,1219.3,131.52,975.48004,2189.8801,5356.9,2684.0615,17.347387
12413.16,182.12001,232.36,3289.1501,1161.8,558.92004,182.21,-57.54,658.68005,3026.76,5358.0,6407.1143,52.52146
31028.55,488.27002,937.29004,12833.181,4879.56,1807.0701,4299.06,509.64,3272.28,10179.841,5358.1,25844.916,85.36972
35204.55,508.68002,14894.591,181176.44,24121.48,5658.2803,10639.42,987.77,5215.3203,53423.043,5358.3,410704.72,1208.703
7322.79,31.400002,54.95,54.95,-39.25,-21.980001,-1.37,-12.33,26.400002,118.8,5358.7,1515.196,20.455572
54585.54,888.62006,28434.271,262143.0,40862.39,6317.68,11742.2705,834.33,8209.08,95970.6,5358.8,784049.0,1488.4073
14691.69,141.3,219.8,3149.4202,1797.65,538.51,309.62,49.32,776.16003,3537.6,5359.2,6060.784,41.77647
17068.53,178.98001,431.75,5221.8203,1518.1901,161.71,182.21,39.73,827.64,4564.56,5359.6,11905.111,71.32447
52046.01,1182.2101,38532.51,262143.0,56727.242,7639.62,18922.44,1565.91,4703.16,123101.88,5361.6,1062498.8,2115.844
28734.36,606.02,21476.031,260051.67,28384.031,3757.01,6969.19,720.62,3297.36,68752.2,5362.4,592181.94,2135.9854
59954.31,1070.74,44923.98,262143.0,64333.89,10465.62,22407.72,2004.31,7401.24,145124.77,5362.4,1238737.6,2141.431
11751.09,61.230003,69.08,1356.4801,1004.80005,196.25,49.32,-10.96,410.52002,1782.0001,5362.6,1904.8179,15.808277
19014.72,335.98,84.78001,1427.13,626.43,317.14,93.16,-15.07,298.32,1791.2401,5363.3,2337.7312,11.748306
22553.88,503.97003,14197.511,175642.19,23972.33,3556.05,12097.1,1060.38,5305.08,49569.96,5363.9,391483.38,1798.865
39275.28,1014.22003,30944.701,262143.0,42716.562,6223.48,12897.18,1079.56,5390.8804,99640.2,5364.7,853271.8,2251.7654
43173.75,722.2,34423.82,262143.0,51554.09,8338.2705,16572.89,1479.6,5493.8403,110491.92,5365.4,949205.4,2278.7556
42209.79,533.8,19331.41,236903.6,28473.521,4132.24,11136.73,1017.91,5879.2803,66204.6,5366.4,533045.94,1308.4813
14735.19,254.34001,439.6,5039.7,1318.8,197.82,89.05,35.62,380.16,2523.84,5366.6,12121.568,84.30038
20802.57,160.14,802.27,11000.99,2802.4502,850.94,761.72003,138.37,1251.3601,7773.4805,5368.0,22121.861,109.26877
32247.42,400.35,13778.32,168600.73,20284.4,2386.4001,6429.41,387.71,3443.8801,43549.44,5369.0,379924.6,1220.6599
42590.85,1012.65,39419.562,262143.0,54380.094,9875.301,19560.86,1557.6901,6363.72,124841.65,5369.3,1086958.4,2645.3328
14404.59,141.3,334.41,4174.6304,1017.36005,207.24,383.6,19.18,611.16003,2896.08,5369.5,9221.05,65.37849
126022.984,3351.9502,104844.6,262143.0,150773.39,23834.17,48514.44,4273.03,18090.602,262143.0,5369.6,2890994.0,2377.731
12901.23,186.83,108.33,2014.31,893.33,386.22,6.85,2.74,497.64,2460.48,5369.6,2987.1006,23.008587
59424.48,774.01,30046.66,262143.0,43908.19,7380.5703,20315.73,1508.37,8985.24,105200.05,5375.3,828509.2,1444.7054
36348.6,1012.65,48549.113,262143.0,66651.21,9622.53,14923.41,1154.91,4688.64,148327.08,5375.5,1338697.4,3817.938
20142.24,849.37006,450.59003,7449.6504,3852.78,945.14,357.57,89.05,1334.52,8532.48,5378.6,12424.607,62.962112
23538.72,832.10004,16233.801,198014.69,23295.66,3391.2002,8941.99,620.61,3540.2402,55392.48,5381.6,447632.22,1970.9067
14866.561,221.37001,5044.41,61010.203,6666.22,620.15,2392.02,204.13,1416.3601,16357.44,5382.0,139095.0,969.17236
50056.32,949.85004,23374.16,262143.0,32811.43,5256.3604,7437.73,650.75,3387.12,74941.68,5382.3,644521.06,1334.1377
22130.19,307.72,4516.89,56432.082,6075.9004,1073.88,1572.76,123.3,1607.76,16131.721,5384.0,124549.12,582.584
31390.47,510.25003,18943.621,231367.77,24462.17,3896.7402,5167.64,460.32,3208.9202,60118.082,5386.8,522353.03,1724.4968
19952.58,777.15,22644.111,262143.0,39168.36,7991.3003,19522.5,1630.3,7197.9604,84493.2,5388.0,624390.6,3243.929
16140.24,196.25,91.060005,814.83,351.68002,698.65,286.33,63.02,547.80005,1954.92,5388.3,2510.8962,15.131199
31199.07,314.0,15095.551,185807.94,21990.99,3282.87,7389.78,549.37,3315.84,50644.44,5388.9,416246.0,1382.4271
14375.88,114.61,412.91,5516.98,1235.5901,508.68002,100.01,8.22,1000.56006,3880.8,5390.5,11385.615,81.12397
21812.64,317.14,124.03001,2358.1401,1177.5,161.71,2064.59,104.12,1653.9601,3244.56,5391.9,3420.014,15.258015
20392.8,362.67,23741.541,262143.0,34629.492,5188.85,8413.17,771.31,3325.08,75984.484,5393.5,654651.25,3327.7488
45150.39,2240.3901,72934.35,262143.0,106150.84,15935.501,34478.79,2649.58,12051.601,236381.66,5393.9,2011098.0,4617.698
28121.88,394.07,18379.99,223886.72,23036.611,3841.79,4334.68,461.69,3527.04,58318.92,5395.0,506811.4,1867.7443
5815.95,229.22,61.230003,1869.8701,946.71,453.73,165.77,10.96,454.08002,2864.4001,5396.3,1688.3613,29.10181
36921.93,667.25,25612.98,262143.0,34455.223,6507.6504,9616.03,815.15,4173.8403,83352.73,5396.6,706254.5,1982.4658
49422.09,901.18005,25655.371,262143.0,38501.11,6411.8804,14327.46,1209.71,7355.0405,88062.484,5396.9,707423.4,1483.247
13446.72,205.67001,80.07,1124.12,563.63,265.33002,442.51,72.61,481.80002,1545.7201,5397.2,2207.857,16.0256
98363.94,3331.54,136546.05,262143.0,196392.88,32505.281,57872.91,5315.6,26440.922,262143.0,5397.3,3765132.2,3968.1018
23394.3,384.65002,1871.4401,22821.521,5253.22,1036.2001,1185.05,134.26,2816.8801,15579.961,5399.9,51603.246,227.72562
29437.32,368.95,15996.73,191491.34,20716.15,2504.1501,5975.94,550.74,2570.04,51662.16,5400.0,441095.22,1552.7529
29152.83,719.06,23526.451,262143.0,35025.133,5418.0703,14084.97,1211.08,3534.9602,75106.68,5400.0,648720.4,2306.4097
16125.45,273.18002,87.920006,1326.65,541.65,398.78,-8.22,4.11,330.0,1407.12,5400.5,2424.3137,14.589237
39811.2,913.74005,2215.27,30811.252,13765.761,2229.4001,22433.75,2052.26,6552.4805,20184.121,5401.3,61084.043,158.10008
57277.32,830.53,29070.121,262143.0,40995.84,5743.06,13335.58,1269.99,5302.4404,93399.24,5401.3,801582.0,1450.1528
27474.6,408.2,13071.82,159901.36,19161.852,2387.97,6503.39,631.57,3677.5203,42642.6,5403.5,360443.5,1359.3595
14332.38,408.2,389.36002,5416.5,1081.73,715.92004,84.94,13.7,376.2,3273.6,5404.7,10736.246,76.67514
36506.94,643.7,15645.051,194111.67,23626.932,3152.56,5332.04,586.36,3094.08,51250.32,5404.9,431397.97,1224.3229
41652.99,887.05005,26518.871,262143.0,36507.21,6942.54,10225.68,860.36,6099.72,90034.56,5405.4,731233.6,1819.3624
2943.21,37.68,-9.42,0.0,18.84,-47.100002,45.21,58.91,147.84001,56.760002,5407.7,-259.7479,-10.151213
37175.1,623.29004,23089.99,262143.0,30359.092,4929.8003,8269.32,778.16,5228.52,73476.484,5408.4,636685.4,1774.9086
17601.84,259.05002,9300.681,114522.086,12652.631,2282.78,4448.39,332.91,1688.28,30877.441,5409.0,256457.77,1509.7954
69025.8,2398.96,65071.793,262143.0,89667.414,15307.501,23794.16,2061.85,7570.2,211361.05,5409.1,1794295.1,2694.444
18091.65,259.05002,580.9,8201.681,3213.79,1739.56,3359.24,243.86,1556.28,7085.7603,5412.4,16017.787,90.806244
33692.49,571.48004,21163.602,257567.92,28310.24,3802.54,5627.96,508.27,3521.7603,68327.164,5418.3,583566.94,1794.9965
38107.74,1180.64,2505.72,31524.031,8380.66,2427.22,571.29,186.32,2610.9602,19510.92,5418.3,69092.94,187.00456
17509.62,656.26,14522.5,181074.39,28520.621,6300.41,19185.48,1694.6901,6338.64,57949.324,5418.5,400444.66,2370.4485
25143.871,299.87,13545.961,165950.58,19034.68,2540.26,4958.03,449.36002,2548.9202,45404.043,5419.0,373517.47,1539.3757
52659.36,646.84,27737.191,262143.0,38221.652,5107.21,12788.95,1193.27,5138.7603,91359.84,5420.9,764827.7,1505.038
53129.16,1120.98,42642.77,262143.0,56807.312,8614.59,16311.22,1485.08,5401.4404,133549.69,5422.9,1175835.4,2293.888
48025.742,945.14,28500.21,262143.0,41330.25,6705.47,15189.19,1216.56,4971.12,94873.69,5423.3,785867.25,1695.77
39181.32,1109.99,2006.4601,25733.871,5443.19,1833.76,468.54,194.54,1528.56,12891.12,5423.4,55326.3,145.42001
5784.63,343.83002,4584.4004,55948.523,6677.2104,1624.9501,179.47,-4.11,832.92004,16111.921,5423.5,126410.65,2264.9795
120870.84,3110.1702,155979.5,262143.0,216035.14,35486.71,62233.62,5427.94,18817.92,262143.0,5424.0,4300992.0,3688.7332
46397.1,926.30005,34335.902,262143.0,51882.223,8126.3203,21236.37,1741.27,5616.6,111348.6,5424.2,946781.1,2114.9558
38179.95,640.56,15588.53,194822.88,26270.81,3589.02,10458.58,1016.54,4886.64,54733.8,5424.3,429839.47,1166.3977
7506.36,431.75,211.95001,5399.23,2774.1902,1177.5,442.51,134.26,971.52,6328.08,5424.6,5844.3276,79.73337
40594.2,945.14,32352.99,262143.0,52664.082,9514.2,22740.63,2034.45,5966.4004,111052.92,5427.8,892104.1,2277.7646
73276.62,1646.93,51700.1,262143.0,69043.89,9625.67,16230.39,1452.2,8577.36,170269.45,5430.2,1425583.0,2016.3209
20378.01,898.04004,29209.852,262143.0,50824.043,9387.03,24128.44,2083.77,7648.08,107055.96,5430.2,805434.94,4097.4214
12074.73,103.62,116.18,866.64,442.74002,309.29,13.7,20.55,374.88,1669.8,5431.1,3203.5571,26.51078
11715.42,175.84001,315.57,3232.6301,876.06006,160.14,186.32,127.41,534.60004,3072.9602,5431.8,8701.555,76.01705
20030.01,505.54,11054.37,139200.92,19458.58,3147.85,10453.1,863.1,4044.4802,41697.48,5432.3,304814.16,1576.9813
45162.57,664.11005,38796.27,262143.0,60823.37,10211.28,19232.06,1734.42,5844.9604,128993.05,5432.9,1069771.6,2455.1807
11455.29,56.52,65.94,888.62006,555.78,26.69,20.55,35.62,373.56003,1334.52,5433.3,1818.2352,15.458561
31040.73,543.22003,18075.41,221922.64,25798.24,4965.91,8732.38,775.42,3993.0002,60281.76,5433.7,498412.9,1663.9656
33658.56,1218.3201,46866.07,262143.0,73270.336,12442.25,24429.84,1975.54,8814.96,156915.0,5434.0,1292289.0,3980.182
15437.28,188.40001,105.19,2365.99,979.68005,185.26001,104.12,28.77,534.60004,3138.9602,5435.1,2900.518,18.482859
26267.041,577.76,9040.061,110174.75,13476.881,2458.62,6407.49,605.54,3442.56,31174.441,5435.5,249271.4,983.0319
60986.13,1047.1901,44892.582,262143.0,64715.402,9862.74,19338.92,1702.91,6768.9604,141208.33,5437.1,1237871.9,2103.7112
17984.64,505.54,799.13,9837.62,1656.3501,536.94,80.83,20.55,525.36005,4014.12,5437.4,22035.28,126.04708
28032.27,342.26,13393.671,163901.72,18370.57,2706.6802,6088.28,389.08,2917.2002,45443.64,5437.8,369318.22,1365.1246
34580.76,800.7,20139.96,244772.42,32999.832,5805.8604,20426.7,1985.13,5264.16,71454.24,5440.5,555341.0,1664.2256
49405.56,595.03,19059.8,234176.5,27049.531,4662.9004,9884.55,863.1,6230.4004,64097.883,5442.1,525556.56,1102.0406
50326.89,1672.05,38414.76,262143.0,53728.543,7999.1504,14026.06,1179.57,6557.7603,122093.41,5442.8,1059251.9,2181.4636
12259.17,111.47,65.94,1292.11,843.09,243.35,53.43,-27.4,455.40002,1710.7201,5444.4,1818.2352,14.379311
42380.31,806.98004,6155.97,76237.63,8974.12,1310.9501,411.0,4.11,1408.4401,24351.361,5445.2,169745.25,414.3186
4225.59,-4.71,4.71,87.920006,4.71,-97.340004,-10.96,63.02,109.560005,9.240001,5445.2,129.87395,2.1870039
25308.3,753.60004,35295.17,262143.0,50266.69,8561.21,17107.19,1287.8,4617.3604,108702.01,5445.4,973232.06,3986.5056
17359.11,233.93001,100.48,1292.11,698.65,222.94,1168.61,-5.48,1024.3201,1547.04,5446.8,2770.6443,15.550123
18450.09,271.61002,615.44,7925.3604,1290.54,340.69,197.28,-16.44,417.12003,4016.7603,5446.8,16970.195,94.375374
57850.65,1612.39,79953.82,262143.0,118563.266,18006.33,46670.42,4067.53,13553.761,262143.0,5447.8,2204653.5,3950.664
5577.57,276.32,670.39,8364.96,1811.78,1081.73,161.66,179.47,677.16003,4461.6,5448.3,18485.39,342.662
17085.93,208.81001,84.78001,1676.76,527.52,334.41,1071.34,91.79,1107.4801,1914.0001,5448.4,2337.7312,13.187432
13346.67,271.61002,142.87001,1434.9801,477.28003,321.85,871.32,79.46,678.48004,1541.76,5449.5,3939.5098,29.606743
29493.0,948.28,41199.94,262143.0,58757.254,9435.7,17135.96,1674.14,5225.8804,128805.6,5449.7,1136050.8,3993.1711
14040.061,263.76,139.73001,1714.4401,670.39,248.06001,127.41,49.32,178.20001,1248.7201,5450.7,3852.9272,27.455729
46954.77,569.91003,19884.05,245488.34,30037.24,3643.9702,8709.09,738.43,4707.12,67685.64,5451.0,548284.5,1209.8048
47845.65,610.73004,21962.73,262143.0,29997.99,4347.33,9496.84,809.67,6188.16,71877.96,5452.4,605602.2,1311.4806
59608.05,2595.2102,117059.2,262143.0,163951.97,27182.98,52527.17,4604.57,20734.56,262143.0,5453.8,3227800.5,5613.9985
54600.332,849.37006,31941.65,262143.0,44745.0,7196.8804,12617.7,1012.43,5368.4404,104142.73,5454.9,880761.8,1671.6731
14008.74,122.46001,317.14,4430.54,1146.1001,287.31,1128.88,-5.48,901.56006,3876.84,5455.3,8744.846,63.72931
52237.41,832.10004,26781.06,262143.0,37989.293,5639.4404,14378.15,1286.43,4887.96,87616.32,5455.7,738463.25,1464.8689
38748.93,1039.3401,35948.293,262143.0,52544.76,7664.74,21488.45,1894.71,11097.24,120224.28,5456.0,991241.3,2651.5742
30876.3,1078.5901,1560.5801,25407.31,8028.9805,2180.73,7661.04,643.9,5075.4004,16047.24,5456.2,43031.566,143.51396
4878.09,127.170006,130.31,2012.7401,1307.81,419.19,212.35,19.18,563.64,2604.36,5456.8,3593.179,75.379524
26568.93,503.97003,14905.58,181784.03,20204.33,3535.6401,4840.21,350.72,3967.9202,49674.242,5457.5,411007.75,1603.0719
55860.96,938.86005,37270.23,262143.0,52720.6,7333.47,16871.55,1507.0,4708.4404,119190.73,5457.6,1027692.5,1906.6674
28264.56,492.98,18943.621,231724.16,25415.16,3414.75,7010.29,447.99,3524.4001,59949.12,5457.7,522353.03,1915.3278
7096.59,456.87003,230.79001,4590.68,2725.52,902.75,660.34,213.72,1050.7201,6444.24,5460.6,6363.823,91.985725
63479.55,1245.01,47820.633,262143.0,67645.02,9986.7705,19985.56,1863.2,7863.24,156695.89,5461.5,1318610.2,2152.9246
33207.9,601.31,14034.23,174576.16,20510.48,3629.84,5695.09,469.91,5207.4004,47151.723,5461.6,386981.06,1207.3596
19228.74,342.26,29.830002,931.01,469.43002,127.170006,54.8,-32.88,479.16003,1135.2001,5462.7,822.53503,3.4355907
57779.31,1023.64,14442.431,177767.97,26485.9,3468.1301,15200.15,1324.79,8243.4,56940.844,5466.5,398236.8,713.6887
7843.05,119.32001,78.5,582.47003,447.45,18.84,65.76,-23.29,195.36,1178.76,5466.8,2164.5657,27.617632
32455.35,488.27002,27525.24,262143.0,37590.51,5457.3203,8395.36,872.69,3519.12,89213.52,5467.8,758983.3,2423.9
10426.08,303.01,125.600006,1527.6101,653.12,47.100002,78.090004,38.36,194.04001,997.92004,5468.1,3463.3052,33.444317
7888.29,314.0,172.70001,3579.6,2749.07,1006.37006,290.44,219.2,778.80005,4907.7603,5469.5,4762.045,61.597717
10192.05,51.81,400.35,4796.35,1163.37,529.09,293.18,16.44,694.32,3300.0002,5470.7,11039.285,111.31229
17690.58,139.73001,6209.35,75209.28,8898.761,1202.62,3285.26,379.49,2649.24,20028.361,5471.8,171217.16,1002.58246
36253.77,562.06,30290.012,262143.0,41644.25,6108.87,8418.65,549.37,4501.2,98519.52,5472.5,835219.4,2387.8853
53185.71,1039.3401,20497.92,251433.94,30497.252,5126.0503,14408.29,1298.76,5253.6,69651.125,5472.9,565211.4,1100.9548
26011.26,387.79,10599.07,133015.11,17475.67,3118.02,8661.14,632.94,5062.2,39978.84,5474.8,292259.66,1164.079
30371.7,445.88,18053.43,218295.95,24806.0,3232.6301,5648.5103,645.27,3226.08,57942.723,5475.8,497806.8,1698.5721
12139.98,186.83,21.980001,511.82,317.14,91.060005,16.44,93.16,208.56001,828.96,5475.9,606.0784,4.1767683
24355.65,653.12,32643.441,262143.0,45875.402,7509.31,16076.95,1191.9,4597.56,103462.92,5476.0,900113.06,3831.174
17083.32,199.39,171.13,2260.8,679.81,113.04,1279.58,46.58,1026.9601,1941.7201,5477.3,4718.7534,27.641972
16746.63,199.39,8600.46,104304.52,12963.49,2070.83,3894.91,406.89,1659.2401,28531.8,5477.7,237149.81,1467.3961
53177.01,1201.05,39450.96,262143.0,54413.062,8063.5205,18623.78,1575.5,5958.4805,125463.37,5478.1,1087824.1,2120.2048
26373.18,227.65001,637.42004,8840.67,2450.77,849.37006,152.07,5.48,1026.9601,6182.8804,5479.4,17576.275,68.10544
51031.59,855.65,31874.14,262143.0,42821.75,6330.24,11094.26,1016.54,6105.0,102602.28,5480.3,878900.25,1784.8639
29303.34,642.13,33189.8,262143.0,49582.17,7645.9004,17685.33,1404.25,6334.68,107342.41,5482.3,915178.4,3237.4448
16593.51,106.76,251.20001,3568.61,1585.7001,381.51,404.15,15.07,836.88,4290.0,5486.3,6926.6104,42.284298
6920.85,103.62,10.990001,-12.56,40.82,15.700001,9.59,-46.58,67.32,29.04,5486.8,303.0392,3.5403285
27642.51,785.0,207.24,3565.4702,1990.76,485.13,491.83,10.96,953.04004,4224.0,5487.6,5714.4536,20.436068
6914.7603,420.76,9603.69,114165.695,12743.69,2248.24,183.58,61.65,613.80005,32246.281,5487.9,264812.97,3970.0925
36894.09,660.97003,24049.262,262143.0,34538.43,5294.04,12079.29,1072.71,4498.56,77649.0,5489.5,663136.4,1862.777
55562.55,1042.48,37023.742,262143.0,50572.84,7856.2803,15353.59,1378.22,5265.48,118206.01,5492.1,1020895.8,1904.2288
26926.5,764.59,328.13,4937.6504,1579.42,568.34,200.02,21.92,553.08,3697.32,5492.3,9047.885,33.84296
22499.07,781.86005,398.78,5024.0,1745.8401,565.2,167.14,71.24,698.28,3583.8,5492.6,10995.994,49.677807
49235.04,816.4,25964.66,262143.0,35508.69,4937.6504,10994.25,974.07,5815.9204,85303.68,5496.0,715951.75,1506.8473
14266.26,356.39,59.660004,1161.8,657.83,72.22,143.85,13.7,376.2,1457.28,5496.3,1645.0701,10.956998
26716.83,761.45,381.51,5664.56,2614.05,331.27002,331.54,34.25,793.32,4824.6,5498.3,10519.789,39.829117
52280.04,806.98004,31973.05,262143.0,42919.09,6455.8403,9428.34,1024.76,4482.72,102185.164,5500.5,881627.6,1747.6271
3025.86,28.26,-23.550001,12.56,31.400002,-56.52,-21.92,-31.51,7.92,260.04,5500.9,-649.36975,-23.25313
6196.14,108.33,59.660004,998.52,-20.41,-34.54,13.7,56.170002,106.920006,553.08,5503.0,1645.0701,26.530308
37772.79,525.95,12985.471,158339.22,18819.59,2610.9102,7450.06,676.78,4551.3604,42848.523,5503.2,358062.47,981.9414
10314.72,124.03001,0.0,9.42,67.51,-17.27,-21.92,-2.74,122.76,157.08,5505.7,0.0,-1.0
40342.77,748.89,31861.582,262143.0,44663.363,7240.8403,13657.53,1330.27,4433.8804,100148.41,5507.2,878554.0,2257.1387
14891.79,191.54001,430.18002,5743.06,2050.4202,516.53,119.19,42.47,696.96,4815.3604,5509.3,11861.82,81.59473
47555.07,769.30005,27569.201,262143.0,41474.69,6776.12,14052.09,1132.99,5476.68,90045.125,5511.4,760195.5,1656.587
8840.07,188.40001,1909.1201,24871.941,4774.37,1207.3301,5982.79,423.33,1739.76,10768.561,5511.5,52642.242,616.48517
24000.69,646.84,1069.17,13779.891,3191.81,816.4,323.32,42.47,852.72003,6932.64,5512.4,29481.387,126.37145
23925.871,398.78,12366.891,150426.42,16199.261,3198.09,4789.52,490.46,2304.72,41470.44,5513.7,341005.7,1476.8887
13980.03,235.50002,92.630005,1736.42,1500.92,460.01,46.58,26.03,444.84003,1639.4401,5514.6,2554.1877,17.944912
22132.8,398.78,2051.99,26613.07,7594.0903,2841.7002,1449.46,149.33,2443.32,17806.8,5515.4,56581.746,264.08664
32849.46,409.77002,985.96,13001.171,3141.57,993.81006,269.89,89.05,971.52,7543.8003,5516.1,27186.945,84.81833
63076.742,929.44,33442.57,262143.0,46374.66,7178.04,14998.76,1611.12,8610.36,111489.84,5517.8,922148.3,1514.9309
43417.35,723.77,29158.041,262143.0,40476.17,6521.7803,13958.93,1122.03,3528.36,93879.73,5519.8,804006.3,1919.1891
56974.56,918.45,41677.223,262143.0,58523.32,8142.0205,14589.13,1180.9401,6251.52,132687.72,5519.9,1149211.2,2090.543
19635.03,200.96,665.68,8324.141,1376.89,450.59003,274.0,67.13,304.92,3449.1602,5523.5,18355.518,95.935524
25204.77,642.13,541.65,6295.7,2146.1902,375.23,476.76,58.91,1243.4401,6019.2,5523.8,14935.504,60.444782
46749.45,769.30005,32588.49,262143.0,46033.973,7567.4004,14235.67,1349.45,4592.2803,108523.805,5525.7,898597.8,1992.1353
10351.26,120.89001,136.59001,1496.2101,923.16003,235.50002,120.56,17.81,628.32,2341.6802,5526.0,3766.3447,36.72895
41185.8,1077.02,1040.91,14415.74,4055.31,1573.14,661.71,204.13,1490.28,10325.04,5527.4,28702.143,71.26278
43044.12,874.49005,29905.361,262143.0,41176.39,6994.35,10287.33,911.05,3965.2803,95271.0,5527.5,824613.0,1985.4802
3948.93,40.82,23.550001,7.8500004,-47.100002,136.59001,-13.7,-38.36,48.84,-162.36,5528.9,649.36975,16.051418
34365.87,860.36005,22882.75,262143.0,31478.502,5604.9004,8140.54,826.11,6424.4404,76676.164,5529.5,630970.9,1902.8373
72726.78,1526.04,59145.043,262143.0,82435.99,13140.9,26558.82,2152.27,11895.841,187341.0,5530.4,1630870.5,2324.2678
12969.09,25.12,309.29,3706.77,1114.7001,428.61002,557.59,78.090004,782.76,3245.8801,5535.5,8528.389,67.1876
16963.26,259.05002,1059.75,13355.99,2797.74,806.98004,1628.93,156.18001,1248.7201,7725.9604,5536.6,29221.637,177.62535
11937.2705,91.060005,270.04,2829.1401,833.67004,389.36002,141.11,10.96,485.76,2203.08,5539.6,7446.1064,63.680305
14318.46,153.86,67.51,-9.42,-103.62,-37.68,-47.95,-35.62,-33.0,5.28,5540.1,1861.5266,12.480961
25898.16,475.71002,1551.16,19358.102,7181.18,1885.5701,7515.82,686.37,3952.08,15969.36,5542.0,42771.82,170.25241
44683.2,893.33,42776.223,262143.0,55573.293,7886.1104,10796.97,1022.02,7135.9204,137877.97,5542.5,1179515.2,2736.204
16953.69,186.83,615.44,8273.9,2062.98,634.28,267.15,91.79,844.80005,5161.2,5543.3,16970.195,102.79358
37821.51,921.59,11490.83,138769.17,22147.99,3281.3,23307.81,1967.32,7583.4004,48067.8,5545.7,316849.12,867.68335
16534.35,306.15002,375.23,5074.24,1069.17,365.81,201.39,93.16,450.12003,2715.24,5546.3,10346.624,63.88726
12014.7,86.350006,114.61,2008.03,433.32,254.34001,-83.57,-17.81,402.6,2101.4402,5547.3,3160.2659,26.27461
55816.59,1400.4401,43942.73,262143.0,62567.64,9947.5205,22172.08,1950.88,7566.24,144055.56,5547.6,1211680.6,2249.9856
5565.39,14.13,-87.920006,61.230003,42.390003,-116.18,106.86,16.44,48.84,27.720001,5552.5,-2424.3137,-46.169064
12102.57,351.68002,43.960003,813.26,590.32,-20.41,-28.77,8.22,215.16,1143.12,5553.3,1212.1569,9.38554
62121.48,902.75,40675.562,262143.0,59105.793,9062.04,21285.69,1775.52,8533.801,134113.33,5553.8,1121591.4,1871.1504
15352.89,144.44,39.25,1260.7101,585.61005,306.15002,9.59,-5.48,554.4,2349.6,5554.5,1082.2828,6.309683
10582.68,193.11,72.22,1190.06,299.87,97.340004,110.97,13.7,278.52002,1321.3201,5555.5,1991.4005,18.512407
19141.74,701.79004,25883.021,262143.0,38300.152,6648.95,17879.87,1553.58,4876.08,84877.32,5556.0,713700.6,3865.1843
11085.54,263.76,191.54001,3298.57,780.29004,299.87,147.96,8.22,213.84001,1902.1201,5560.4,5281.5405,48.40281
36265.95,1056.61,65751.6,262143.0,86528.984,13288.48,15605.67,1387.81,8024.2803,204449.53,5561.0,1813040.2,5182.896
47317.56,1384.74,56146.344,262143.0,83096.96,15057.87,30150.96,2455.04,10360.681,186549.0,5561.2,1548184.1,3391.7212
34390.23,1240.3,35739.48,262143.0,60248.754,9818.78,31520.96,2892.07,10835.881,128284.2,5561.3,985483.5,2970.407
53694.66,1139.8201,28718.441,262143.0,45851.85,7115.24,21276.1,1820.73,8219.641,97582.32,5566.3,791884.75,1528.251
12497.55,78.5,84.78001,984.39,577.76,1.57,109.6,56.170002,512.16003,1964.16,5567.3,2337.7312,18.39624
41135.34,1168.0801,28057.47,262143.0,39479.223,5378.8203,12013.53,1119.29,5496.48,92518.805,5568.9,773659.06,1949.2146
28159.291,455.30002,8360.25,106480.55,14787.83,3254.61,6895.21,734.32,4082.7603,32935.32,5569.8,230526.25,847.88043
22057.98,317.14,14418.881,176367.53,18519.72,2501.01,2578.34,176.73,1820.28,45459.48,5570.1,397587.44,1868.0236
73622.88,1271.7001,45404.402,262143.0,61275.53,8850.09,16205.73,1528.92,9977.881,150872.05,5570.9,1251984.9,1762.3322
21821.34,339.12003,394.07,5882.79,5262.64,1654.78,7498.0103,713.77,2343.0,9547.561,5573.0,10866.12,50.634617
28062.72,637.42004,21655.01,262033.02,29282.07,3331.54,6274.6,589.1,3600.9602,69380.52,5574.1,597117.06,2205.3662
39080.4,467.86002,20472.8,248394.42,28159.521,3755.4402,5458.08,465.8,3653.7603,66163.68,5575.7,564518.75,1496.8464
20545.92,485.13,194.68001,1973.4901,822.68005,152.29001,360.31,56.170002,509.52002,2096.1602,5576.6,5368.123,26.092228
25474.47,778.72003,29512.861,262143.0,43350.84,6437.0,15785.14,1431.65,5241.72,92674.56,5576.7,813790.1,3311.4941
4449.18,205.67001,5444.7603,64944.62,6951.9604,1670.4801,60.28,-12.33,444.84003,17787.0,5576.9,150134.28,3498.0308
35935.35,745.75,34744.1,262143.0,49151.992,7377.43,15668.69,1519.33,5121.6,110840.41,5577.8,958036.8,2763.4465
11403.96,207.24,315.57,3454.0,711.21,139.73001,102.75,42.47,147.84001,2168.76,5578.5,8701.555,78.12051
17667.09,197.82,149.15001,2348.72,2325.1702,591.89,4283.99,458.95,872.52,3216.84,5579.5,4112.6753,23.138334
46672.89,1051.9,29087.39,262143.0,46872.35,7377.43,24549.03,2139.94,8647.32,101220.24,5580.3,802058.2,1780.9236
72383.13,1537.03,47198.91,262143.0,68731.46,11968.11,26357.43,2457.78,10632.601,158145.25,5580.7,1301466.8,1863.4193
17694.93,185.26001,251.20001,3334.6802,814.83,312.43002,141.11,28.77,349.80002,2830.08,5583.2,6926.6104,39.59007
134847.39,5783.8804,203026.12,262143.0,262143.0,45314.91,91628.34,8588.53,38051.64,262143.0,5583.4,5598259.5,4303.853
37912.86,1044.05,34890.11,262143.0,49764.293,8074.5103,15620.74,1319.31,5887.2,112916.766,5584.2,962062.9,2630.2664
53318.82,858.79004,33641.96,262143.0,51014.01,7642.7603,14495.97,1239.85,6564.3604,112615.805,5588.2,927646.3,1803.0549
33447.15,522.81,17221.33,210056.6,24212.541,3870.05,6526.68,605.54,3157.4402,55289.523,5588.4,474862.44,1471.1654
36700.95,626.43,17756.701,218702.58,24923.75,3474.4102,5663.58,563.07,4769.16,58703.043,5588.4,489624.78,1382.3561
16456.92,251.20001,780.29004,10881.67,3877.9001,1725.43,3818.19,475.39,1037.52,5666.7603,5589.4,21515.783,134.56778
21428.97,428.61002,698.65,8934.87,1880.8601,489.84003,402.78,0.0,636.24005,4526.2803,5590.3,19264.635,92.21962
21726.51,346.97,394.07,6239.18,3067.78,902.75,258.93,64.39,1323.9601,7271.8804,5593.4,10866.12,50.859993
21877.89,376.80002,10470.33,127658.27,14054.641,2304.76,3709.96,242.49,2108.04,34325.28,5593.6,288709.78,1367.3712
22098.0,726.91003,478.85,6314.54,1546.4501,712.78,94.53,1.37,630.96,3915.12,5595.6,13203.851,60.957733
47974.41,1011.08,44688.48,262143.0,63462.543,10883.24,20885.65,1893.34,5699.7603,142233.97,5595.6,1232244.0,2662.391
49318.56,1171.2201,42700.863,262143.0,59664.71,9372.9,17449.69,1578.24,5606.04,137334.12,5595.8,1177437.2,2474.5703
56532.6,1122.55,56477.613,262143.0,82707.6,12935.23,29989.3,2592.04,10393.681,184253.53,5596.7,1557318.5,2855.4482
17898.51,252.77,54.95,2455.48,841.52,106.76,1302.87,165.77,1164.24,2188.56,5597.9,1515.196,7.7780867
19377.51,483.56003,14841.211,182331.95,23981.75,3961.11,15176.86,1419.32,5472.72,58556.523,5598.4,409232.8,2188.8801
8987.97,161.71,535.37,5835.6904,2670.57,731.62,4037.39,353.46,1001.88007,5538.72,5599.3,14762.338,169.3105
18107.31,266.9,6958.24,86224.41,9443.551,1298.39,2812.61,252.08,1694.8801,23061.72,5601.5,191867.11,1097.7388
31895.94,547.93,15710.99,190869.61,21524.701,3003.4102,6259.53,449.36002,2834.04,50607.48,5601.7,433216.2,1407.3712
10785.39,100.48,120.89001,2030.01,797.56,167.99,-8.22,36.99,389.40002,2333.76,5604.1,3333.4314,31.048191
52948.2,959.27,18920.07,231568.73,25459.121,4074.1501,6606.14,556.22003,6225.12,61137.12,5604.5,521703.62,1020.6933
23632.68,246.49,216.66,4304.94,3232.6301,1345.49,8565.24,775.42,807.84,4053.7202,5607.3,5974.201,25.21288
98376.99,3339.3901,167668.16,262143.0,229603.1,34978.03,68113.664,5907.44,24773.762,262143.0,5609.8,4623296.0,4872.108
48647.79,814.83,31875.71,262143.0,46446.883,7292.6504,15979.68,1600.16,5280.0,106093.69,5609.8,878943.56,1872.4657
32250.03,529.09,20411.57,248562.4,25660.08,3242.05,1901.56,232.9,1825.56,65050.92,5610.4,562830.4,1808.653
25156.92,442.74002,24247.08,262143.0,34263.68,5089.94,10733.95,1087.78,3079.56,77378.41,5612.5,668591.06,2754.821
17082.45,204.1,6013.1,73730.34,8206.391,1208.9,3764.76,443.88,1415.04,20060.041,5612.7,165805.73,1005.46173
49830.992,879.2,44120.14,262143.0,59612.902,9625.67,16086.54,1216.56,5802.72,138012.61,5613.1,1216572.5,2530.549
24882.871,687.66003,25732.3,262143.0,39645.64,6950.39,17725.06,1419.32,4979.04,85037.05,5613.9,709544.6,2955.8352
27119.64,356.39,1477.37,20541.88,7068.14,1585.7001,8757.04,954.89,3091.4402,12555.841,5615.8,40737.125,154.75943
36810.57,701.79004,9587.99,116514.414,16419.06,3403.76,13416.41,1211.08,5182.3203,35378.64,5616.7,264380.06,743.7389
11751.96,155.43001,648.41003,7823.31,2067.6902,323.42,3056.47,271.26,1077.12,5459.52,5616.7,17879.314,156.75693
43751.43,883.91003,46768.73,262143.0,63742.004,10402.82,18159.35,1568.65,6358.4404,148459.08,5617.0,1289605.0,3055.4153
31090.32,719.06,2939.04,37309.48,4454.0903,854.08,313.73,20.55,897.60004,12443.641,5617.8,81041.34,269.28958
30729.27,375.23,17114.57,209111.45,23532.73,3177.6802,6034.85,467.17,2493.48,53412.48,5620.3,471918.62,1591.4388
40003.47,1003.23004,50175.633,262143.0,69800.63,11471.99,16168.74,1368.63,5929.4404,155448.48,5621.5,1383547.1,3585.2798
38099.91,1282.6901,47800.223,262143.0,65913.31,10242.681,18595.01,1715.24,5781.6,152234.28,5621.8,1318047.4,3586.1948
31250.4,1182.2101,24897.06,262143.0,36675.203,4680.17,12898.55,1148.06,2923.8,82444.56,5622.6,686513.7,2276.9358
13741.65,394.07,282.6,3851.2102,1216.75,259.05002,264.41,-17.81,356.40002,2093.52,5624.3,7792.4365,57.80067
4274.31,224.51001,5022.43,60010.113,7411.97,1478.9401,137.0,-26.03,574.2,15833.4,5625.3,138488.92,3358.672
5327.88,246.49,6184.23,74424.28,8930.16,1423.99,94.53,-1.37,512.16003,20415.121,5625.7,170524.48,3317.7935
79871.22,1436.55,59835.844,262143.0,79085.61,12431.261,17826.44,1609.75,10063.681,188841.84,5626.3,1649918.6,2141.0032
78781.98,1730.14,68401.766,262143.0,98153.266,13500.431,29756.4,2811.24,9108.0,214830.02,5626.6,1886116.1,2481.501
13273.59,51.81,480.42,5837.2603,1858.88,584.04004,58.91,86.31,880.44006,5008.08,5626.7,13247.143,102.48602
35822.25,518.10004,20667.48,248758.66,29120.361,3180.82,9766.73,748.02,3578.5203,65901.0,5630.8,569886.9,1648.619
46211.79,978.11005,39501.203,262143.0,54890.344,9090.301,18418.28,1322.05,7151.7603,126128.65,5633.3,1089209.5,2443.0298
32980.832,689.23004,25518.781,262143.0,36560.59,4867.0,9622.88,811.04,5520.24,83567.88,5634.8,703657.06,2211.317
17574.0,662.54004,29980.72,262143.0,49469.133,7996.0103,22999.56,2063.22,6297.72,102503.28,5635.2,826690.94,4876.7603
4864.17,350.11002,5578.21,66007.516,7817.0303,1102.14,145.22,61.65,369.6,18172.441,5635.6,153814.03,3277.9521
12721.14,111.47,398.78,5388.24,1865.16,507.11002,464.43,73.98,925.32,4338.8403,5636.1,10995.994,88.630615
62619.992,1051.9,36697.18,262143.0,51393.953,8850.09,18544.32,1550.84,10274.881,121166.766,5636.6,1011891.2,1674.5935
81739.11,1292.11,43540.812,262143.0,62402.793,10123.36,22695.42,2116.65,8966.761,149284.08,5637.3,1200598.1,1522.0552
47726.46,791.28,15946.49,194691.0,23132.38,3422.6,6238.98,564.44,12526.801,58746.6,5638.5,439709.88,954.3332
27907.86,398.78,16188.2705,196185.64,22005.121,4130.67,8503.59,717.88,2647.9202,52497.723,5639.5,446376.75,1657.5284
58805.91,1053.4701,31889.842,262143.0,44606.84,6692.91,15668.69,1482.34,7637.5205,107676.37,5640.7,879333.2,1549.5306
13189.2,207.24,169.56001,1703.4501,631.14,364.24002,117.82,-19.18,256.08002,1832.16,5642.8,4675.4624,35.75818
28812.66,477.28003,11975.96,146066.53,15583.82,2566.9502,4126.44,389.08,2761.4402,40353.723,5644.3,330226.16,1187.4365
33896.07,620.15,108.33,1519.76,1031.49,318.71002,60.28,124.67,543.84,2849.8801,5644.8,2987.1006,8.137941
10423.47,188.40001,53.38,1166.51,673.53,160.14,900.09,79.46,773.52,1551.0001,5644.8,1471.9047,13.642501
65172.57,1464.81,39191.91,262143.0,56736.66,10026.0205,22026.86,2016.64,10541.5205,126879.73,5645.2,1080681.1,1718.4147
25120.38,817.97003,22659.81,262143.0,40727.37,6126.14,22824.2,2190.6301,9853.801,90074.164,5645.3,624823.56,2578.1646
5222.61,298.30002,158.57,3318.9802,2259.23,629.57,323.32,200.02,879.12006,4427.2803,5648.6,4372.423,85.81254
14759.55,405.06003,4155.79,51802.152,10002.471,2403.6702,10584.62,742.54,4152.72,22269.72,5650.0,114592.11,804.06226
20487.63,532.23004,11227.07,137229.0,19895.041,4025.4802,11899.82,1035.72,3342.2402,43092.723,5650.9,309576.2,1565.8365
47596.832,877.63,38367.66,262143.0,54006.434,8575.34,17022.25,1502.89,3989.04,123950.65,5651.6,1057953.1,2303.816
107752.984,1527.6101,64439.082,262143.0,88956.2,13800.301,24498.34,2107.06,9237.36,208079.53,5651.8,1776848.8,1708.8934
30889.35,370.52002,12798.641,155164.67,17069.041,2934.33,5103.25,439.77,3125.76,42253.203,5654.9,352910.8,1183.6882
10147.68,207.24,466.29,7129.37,3876.33,1059.75,6567.78,709.66,1285.68,6266.04,5655.3,12857.5205,130.38275
52226.1,883.91003,30332.4,262143.0,43603.613,6741.58,15800.21,1264.51,6559.08,100362.24,5655.8,836388.2,1659.612
49253.31,1048.76,36829.062,262143.0,49820.812,7548.56,14923.41,1142.58,5495.16,115622.766,5656.1,1015527.7,2136.9832
12704.61,216.66,5507.56,66406.29,6849.91,971.83,1602.9,123.3,904.2,18338.76,5656.3,151865.94,1238.5011
13108.29,136.59001,249.63,3138.4302,1015.79004,442.74002,982.29,116.45,500.28003,2835.36,5657.0,6883.319,53.45023
18201.27,551.07,16349.98,202121.81,25923.842,4199.75,11439.5,938.45,4358.64,58981.562,5658.4,450835.75,2567.4111
28497.72,552.64,21915.63,262143.0,31940.082,3962.6802,9292.71,889.13,6842.8804,73242.84,5659.4,604303.5,2197.8362
58758.93,1293.68,59733.793,262143.0,85649.78,13349.71,22970.791,2037.1901,8628.841,186662.53,5661.8,1647104.8,2905.6665
36148.5,582.47003,16764.46,207315.36,26021.182,4228.0103,8761.15,708.29,5177.04,58852.203,5661.9,462264.7,1325.0146
32974.74,640.56,20827.621,258192.78,32651.291,6854.62,17512.71,1385.07,6540.6,76585.086,5662.2,574302.6,1804.9567
3892.3801,177.41,133.45,3059.9302,2097.52,1238.73,252.08,226.05,658.68005,3777.84,5663.1,3679.7615,97.02849
11614.5,138.16,53.38,763.02,431.75,83.21,931.6,30.14,781.44,1267.2001,5663.3,1471.9047,12.140959
11606.67,265.33002,139.73001,1646.93,698.65,-10.990001,36.99,26.03,274.56,1061.28,5663.8,3852.9272,33.4216
36468.66,678.24005,2840.1301,33682.78,3695.78,761.45,226.05,38.36,719.4,11728.2,5664.0,78313.99,221.67293
29841.871,643.7,27374.521,262143.0,38355.1,5774.46,12125.87,1226.15,4893.24,87398.52,5666.0,754827.4,2621.826
25755.48,452.16,580.9,7005.3403,2051.99,678.24005,269.89,56.170002,712.80005,4379.7603,5667.4,16017.787,63.488274
66912.57,1254.43,42845.3,262143.0,57947.133,9388.601,16505.76,1402.88,7927.9204,138215.89,5667.6,1181420.0,1829.8151
65967.75,1089.5801,49335.684,262143.0,67662.29,10955.46,21669.291,1968.6901,9956.761,158384.17,5668.8,1360386.4,2137.3486
70770.15,1127.26,49888.32,262143.0,68434.734,10803.17,22192.63,1901.56,9719.16,159529.92,5672.4,1375624.8,2014.5693
5000.7603,268.47,5780.74,69331.2,7342.89,1070.74,15.07,19.18,627.0,18811.32,5672.9,159398.62,3304.19
37947.66,595.03,28534.75,262143.0,41523.363,6614.41,11381.96,1023.39,4416.72,90119.05,5673.5,786819.6,2148.998
45316.56,912.17004,24768.32,262143.0,35053.39,5457.3203,10890.13,948.04,5976.9604,80399.88,5673.8,682963.75,1561.7467
49655.25,907.46,22009.83,262143.0,33770.7,6725.8804,10818.89,945.3,6560.4004,77354.64,5675.3,606900.94,1266.3615
52482.75,1100.5701,39477.652,262143.0,55431.992,9591.13,19033.41,1879.64,8013.72,129423.37,5676.2,1088560.1,2149.7192
32926.02,838.38,29958.74,262143.0,46646.273,7622.35,16686.6,1315.2,6610.56,102396.37,5677.5,826084.9,2600.557
33867.36,430.18002,21948.602,262143.0,29040.291,4888.98,6289.67,508.27,4039.2002,68647.92,5678.5,605212.6,1851.9962
4184.7,284.17,5378.8203,64395.12,6942.54,907.46,46.58,-28.77,529.32,17849.041,5679.2,148316.05,3674.1213
47011.32,937.29004,41746.3,262143.0,56758.64,9912.98,13505.46,1364.52,5122.9204,128809.56,5680.1,1151116.0,2538.0105
7593.36,70.65,166.42,1879.29,606.02,150.72,102.75,-28.77,261.36002,1598.52,5680.3,4588.8794,61.66435
11671.05,196.25,379.94,5422.7803,1436.55,312.43002,1534.4,75.35,667.92004,4741.4404,5680.6,10476.498,92.079506
37869.36,945.14,34120.812,262143.0,49106.46,7196.8804,18237.44,1515.22,5701.08,110439.125,5680.8,940850.2,2575.2048
36347.73,654.69,19229.361,237545.72,28165.8,3282.87,9331.07,811.04,4270.2,63985.684,5681.7,530232.06,1511.6434
31445.28,868.21,35624.87,262143.0,49217.934,6889.16,15611.15,1394.66,8048.0405,113591.28,5682.5,982323.25,3238.2676
27816.51,945.14,20719.291,262143.0,36852.61,6118.29,17707.25,1470.01,6173.64,76244.52,5682.8,571315.5,2128.7139
48132.75,645.27,20681.611,253277.12,30921.15,5451.04,10595.58,853.51,5966.4004,70733.52,5683.9,570276.5,1227.5496
37739.73,519.67004,14167.681,174075.33,20524.611,3702.06,8800.88,760.35,4812.72,49502.64,5684.5,390660.84,1072.3689
13867.8,169.56001,69.08,1661.06,649.98004,171.13,949.41,179.47,789.36005,1898.16,5684.7,1904.8179,13.242747
20559.84,312.43002,6160.68,77909.68,11398.2,2582.6501,7119.89,578.14,3812.1602,25308.361,5685.0,169875.12,855.75757
22335.51,328.13,9898.851,121952.89,13183.29,1601.4,3829.15,421.96,2368.08,32238.361,5685.6,272951.75,1266.1788
44825.88,934.15,1736.42,22893.74,6091.6,1582.56,2987.97,282.22,12343.32,16596.361,5686.8,47880.195,109.757965
34296.27,595.03,27616.3,262143.0,37921.78,6465.2603,9226.95,745.28,3511.2002,87212.41,5688.7,761494.25,2301.3303
60358.86,2706.6802,1807.0701,34467.78,20617.24,6933.12,3240.05,912.42,7533.24,41576.043,5689.5,49828.305,84.601814
27977.46,527.52,19551.21,239250.73,28486.08,4359.89,9381.76,826.11,4311.12,63465.6,5692.1,539106.75,1997.0868
45622.8,934.15,9726.15,122177.41,18146.06,3645.54,5875.93,550.74,5561.16,35576.64,5692.5,268189.7,608.54816
46454.52,1290.54,42815.473,262143.0,58105.703,9231.601,12949.24,1260.4,8191.9204,141253.2,5695.0,1180597.5,2634.2498
36381.66,682.95,30377.932,262143.0,41975.52,7440.2305,8961.17,915.16,4667.52,98862.73,5696.0,837643.7,2386.3972
13495.44,172.70001,766.16003,10333.74,3118.02,803.84,5560.83,450.73,1111.4401,5409.3604,5697.1,21126.162,161.3235
13971.33,276.32,144.44,2827.57,860.36005,116.18,78.090004,0.0,318.12003,2003.7601,5699.0,3982.801,28.55961
47866.53,706.5,27734.05,262143.0,36932.68,5920.47,10053.06,845.29,5418.6,92182.2,5701.6,764741.06,1655.6484
66956.94,1177.5,36427.14,262143.0,50057.883,7174.9004,16511.24,1523.4401,6786.12,118778.88,5704.5,1004445.06,1554.5303
50015.43,741.04004,34048.59,262143.0,48382.69,6853.0503,15430.31,1238.48,6333.3604,110481.37,5704.6,938858.7,1945.4539
40866.51,838.38,40523.27,262143.0,55599.98,9960.08,17266.11,1483.71,5794.8003,128212.92,5707.7,1117392.1,2834.2146
19585.44,651.55005,108.33,1618.67,1130.4,389.36002,1372.74,204.13,579.48004,1850.64,5712.2,2987.1006,14.814826
22090.17,577.76,14869.471,185018.22,26744.951,4851.3003,13613.69,1293.28,6998.64,58905.004,5714.1,410012.06,1923.6222
12142.59,105.19,361.1,5538.96,1292.11,827.39,509.64,65.76,806.52,4078.8,5714.2,9957.002,84.02862
40709.91,725.34,32566.512,262143.0,44088.742,6986.5,10451.73,1004.21,3775.2002,99834.24,5714.3,897991.75,2286.284
73156.56,1199.48,53208.87,262143.0,74746.13,10922.49,26413.6,2353.66,9731.04,173017.69,5714.5,1467186.0,2078.5999
15320.7,116.18,279.46002,3813.53,1183.78,540.08,145.22,-10.96,792.00006,3645.84,5714.8,7705.8545,51.154293
42937.11,659.4,23416.55,262143.0,31253.99,4520.0303,6582.85,580.88,4362.6,74520.6,5715.6,645689.94,1558.3337
12607.17,127.170006,5783.8804,71662.66,7579.9604,1615.53,889.13,132.89,673.2,18841.682,5716.2,159485.2,1310.7488
13572.87,157.0,235.50002,3499.53,584.04004,282.6,45.21,-47.95,568.92004,3428.04,5716.6,6493.6973,48.609886
42363.78,767.73004,646.84,8127.89,1971.92,241.78001,320.58,123.3,980.76,5394.8403,5716.7,17836.021,42.656727
4254.3,199.39,128.74,2083.3901,1328.2201,395.64,338.39,31.51,432.96002,2542.32,5717.7,3549.888,85.52357
3293.82,222.94,141.3,1857.31,1188.49,744.18005,131.52,17.81,345.84003,2319.24,5719.1,3896.2183,121.65671
50540.91,704.93005,29941.47,262143.0,41958.25,5495.0,12320.41,1127.51,5328.8403,95606.28,5719.1,825608.7,1692.8661
20104.83,276.32,6790.25,81927.31,9661.78,1238.73,2139.94,210.98,1772.76,22182.602,5719.3,187234.94,964.6825
21378.51,569.91003,863.5,10263.091,1926.39,874.49005,289.07,86.31,488.40002,4683.3604,5720.3,23810.223,114.48721
26741.19,416.05002,5066.39,60969.383,8316.29,2042.5701,3955.19,328.8,1655.28,20279.16,5721.2,139701.08,540.7101
26394.93,386.22,359.53,5397.66,2512.0,361.1,341.13,90.42,1358.28,6390.12,5721.5,9913.711,37.946068
23494.35,439.6,11585.03,141127.31,15538.29,2257.6602,3082.5,260.3,3029.4001,38318.28,5722.4,319446.62,1408.882
60009.12,1392.5901,41590.87,262143.0,61622.504,9244.16,24144.88,1953.62,6648.8403,134457.84,5723.3,1146830.2,1980.6627
6724.23,69.08,48.670002,28.26,160.14,-32.97,17.81,-34.25,158.40001,-40.920002,5723.9,1342.0308,19.695112
28990.14,579.33,17993.771,215284.69,23777.65,4485.49,5958.13,534.3,5843.64,58839.004,5724.0,496161.78,1773.6832
11979.9,169.56001,153.86,1753.6901,544.79004,69.08,110.97,67.13,224.40001,1774.0801,5724.3,4242.549,35.721596
53667.69,1092.7201,43010.152,262143.0,61691.582,10583.37,20281.48,1975.54,8851.92,138887.77,5724.5,1185965.6,2290.4324
38346.12,973.4,37328.32,262143.0,53697.14,9127.98,20169.14,1496.04,7098.9604,120783.96,5727.1,1029294.3,2782.3384
30603.99,334.41,15825.601,191210.31,21410.09,3047.37,6284.19,587.73,2905.32,51085.32,5728.0,436376.47,1477.5334
12001.65,249.63,339.12003,3926.57,621.72003,120.89001,68.5,28.77,113.520004,1925.8801,5729.6,9350.925,79.79072
16548.27,174.27,106.76,1519.76,1668.91,434.89,3082.5,143.85,665.28,2954.1602,5730.8,2943.8093,17.446117
38768.07,579.33,19314.14,234744.84,25390.041,4078.86,9173.5205,852.14,5244.3604,64590.242,5731.5,532569.75,1423.4598
63791.88,1238.73,60149.844,262143.0,84054.664,13166.0205,27272.59,2245.43,8087.64,190010.05,5731.7,1658576.9,2694.989
102402.484,3475.9802,181518.7,262143.0,257235.1,41659.953,74858.17,6288.3,26353.8,262143.0,5731.9,5005212.0,5067.2715
11741.5205,293.59,76.93,1106.8501,467.86002,100.48,158.92,60.28,242.88,1036.2001,5731.9,2121.2744,17.733564
19923.0,166.42,6550.04,78799.875,10292.92,1661.06,3688.04,219.2,2533.08,24192.96,5732.1,180611.36,939.0224
13101.33,315.57,662.54004,9465.53,5083.66,1345.49,5636.18,598.69,2199.12,8936.4,5733.2,18268.936,143.59248
13570.26,102.05,530.66003,6675.64,1562.15,527.52,60.28,-13.7,918.72003,4555.3203,5735.4,14632.465,110.80911
8486.85,70.65,9.42,568.34,306.15002,97.340004,-75.35,15.07,195.36,1152.36,5735.9,259.7479,2.173609
32944.29,959.27,40735.223,262143.0,58411.85,7477.91,16552.34,1524.81,6894.3604,128185.2,5736.8,1123236.5,3534.403
33420.18,439.6,15712.561,192034.56,22931.42,3155.7002,6932.2,679.52,3891.36,52883.16,5737.9,433259.47,1343.272
68623.86,1573.14,50106.55,262143.0,68376.64,9138.971,15752.26,1528.92,8507.4,156323.64,5738.8,1381642.2,2086.7012
33529.8,921.59,40823.14,262143.0,58193.62,8650.7,17230.49,1380.96,5815.9204,130888.56,5741.0,1125660.8,3480.1636
54918.75,774.01,26570.682,262143.0,38243.633,5810.5703,18527.88,1415.21,8012.4004,90076.805,5741.7,732662.25,1382.3468
21716.07,620.15,61.230003,1891.8501,1317.2301,439.6,73.98,120.56,640.2,2576.6401,5743.3,1688.3613,7.0618
13440.63,163.28,660.97003,8927.0205,2340.87,679.81,101.38,53.43,931.92004,5460.8403,5743.6,18225.645,139.60835
63073.26,1326.65,35759.89,262143.0,53606.082,8126.3203,14567.21,1424.8,6460.08,121198.445,5744.0,986046.25,1620.063
26054.76,279.46002,15970.041,192593.47,20089.72,2821.29,1419.32,38.36,1764.8401,51811.32,5744.2,440359.28,1751.54
15858.36,183.69,485.13,6075.9004,1120.98,408.2,31.51,158.92,463.32,3072.9602,5747.2,13377.016,86.467926
23805.81,331.27002,11558.341,142004.94,15373.44,2488.4502,3955.19,302.77,2147.6401,38165.16,5750.1,318710.7,1387.2303
34631.22,968.69,10782.761,129234.555,14896.16,2549.6802,472.65,26.03,1589.28,38846.28,5750.2,297324.75,889.2483
57942.87,1066.03,30960.4,262143.0,46070.082,7590.95,20989.77,1738.53,7139.8804,102718.445,5751.4,853704.75,1526.7615
29274.63,401.92,1114.7001,15678.0205,5516.98,822.68005,2216.66,306.88,2410.32,13108.921,5753.7,30736.834,107.87184
48032.7,974.97003,20907.691,262143.0,40102.51,7292.6504,29701.6,2520.8,8214.36,80644.086,5754.3,576510.44,1243.5664
54552.48,1331.36,53263.82,262143.0,72772.64,10324.32,18721.05,1411.1,7373.5205,167369.4,5758.3,1468701.1,2790.6875
26854.291,726.91003,19570.05,240659.03,33912.0,5154.31,15389.21,1367.26,8921.88,73904.164,5760.5,539626.25,2082.6619
25486.65,395.64,12550.58,154406.36,16731.49,2461.76,4110.0,323.32,2288.8801,40133.28,5760.7,346070.75,1406.9915
15622.59,161.71,342.26,5060.1104,1183.78,18.84,154.81,23.29,425.04,3043.9202,5762.5,9437.507,61.640053
25376.16,329.7,11451.58,139828.92,17037.64,2095.95,5985.53,572.66,3323.7603,37560.6,5762.5,315766.84,1289.2935
30887.61,728.48004,29194.15,262143.0,41906.44,6317.68,13652.05,1420.6901,4939.4404,94634.766,5765.3,805002.0,2701.468
12795.96,152.29001,131.88,1643.79,704.93005,290.45,1196.01,56.170002,991.32007,1768.8,5767.2,3636.4705,28.4683
47383.68,942.00006,31648.06,262143.0,43427.77,5947.16,13734.25,1387.81,5268.12,103260.96,5767.4,872666.3,1908.7095
19655.91,227.65001,8074.5103,98977.516,11194.101,1438.12,1680.99,100.01,1129.92,25611.96,5767.5,222647.23,1173.5514
65367.45,1224.6001,42528.16,262143.0,57334.832,9765.4,17031.84,1694.6901,8436.12,140284.33,5768.2,1172675.1,1859.2189
67142.25,918.45,41835.793,262143.0,56416.383,7740.1,16629.06,1639.89,7616.4004,135432.0,5769.2,1153583.8,1780.5627
17740.17,122.46001,590.32,7864.1304,2604.6301,540.08,120.56,-108.23,1128.6001,6386.16,5770.1,16277.534,94.14342
10085.91,84.78001,76.93,967.12006,744.18005,189.97,132.89,45.21,380.16,1705.4401,5770.7,2121.2744,20.808693
34225.8,488.27002,20486.932,249812.12,27996.24,3600.01,8237.81,679.52,4119.72,67058.64,5771.4,564908.4,1710.4817
53830.38,974.97003,42933.223,262143.0,56300.203,8853.23,14228.82,1379.59,5603.4004,136902.48,5772.1,1183844.4,2279.4211
48311.97,734.76,36246.59,262143.0,51255.793,7565.83,13856.18,1528.92,4130.2803,115274.28,5773.7,999466.56,2144.1685
36122.4,1014.22003,24557.941,262143.0,41317.69,7966.18,28467.23,2598.89,11605.44,95956.086,5775.8,677162.75,1942.8572
4000.26,103.62,45.530003,1719.15,989.10004,224.51001,108.23,49.32,345.84003,2251.9202,5776.5,1255.4481,31.543064
12257.43,56.52,472.57,5543.6704,1230.88,527.52,948.04,53.43,650.76,3430.6802,5777.8,13030.686,109.23405
10550.49,95.770004,65.94,1304.67,503.97003,403.49002,4.11,-36.99,495.00003,1354.3201,5778.2,1818.2352,16.870031
67540.71,1425.56,52073.76,262143.0,69251.13,10054.28,20185.58,1713.87,6786.12,163746.0,5778.4,1435886.4,2203.4607
55813.11,893.33,45330.613,262143.0,63175.23,10018.17,19918.43,1487.82,6842.8804,147094.2,5778.4,1249950.2,2321.2256
32999.97,602.88,1953.0801,24647.432,3727.1802,513.39,1768.67,258.93,1214.4,9571.32,5778.7,53854.4,168.2215
61696.05,2287.49,80432.67,262143.0,117947.82,16824.121,34134.92,3329.1,12921.48,255290.66,5778.9,2217857.2,3726.5554
12408.811,194.68001,142.87001,3017.54,918.45,23.550001,65.76,90.42,285.12003,1696.2001,5779.2,3939.5098,31.920006
12463.62,284.17,4518.46,54059.812,5234.3804,879.2,1094.63,95.9,782.76,15195.841,5779.4,124592.4,1035.5619
29710.5,416.05002,19154.0,233170.12,27946.0,4339.48,9818.79,878.17,4089.36,60166.92,5779.6,528154.0,1842.3104
16149.811,155.43001,230.79001,3560.76,810.12006,142.87001,95.9,-13.7,399.96002,2180.6401,5779.7,6363.823,39.86002
41160.57,806.98004,28321.23,262143.0,40765.05,6097.8804,11954.62,1180.9401,4602.8403,91021.92,5781.8,780932.0,1966.3414
18942.51,146.01001,105.19,2348.72,1235.5901,516.53,197.28,35.62,708.84,3548.1602,5782.3,2900.518,14.877639
32513.64,638.99005,24722.791,262143.0,33192.94,4907.8203,9450.26,705.55,4664.8804,81083.64,5784.1,681708.4,2173.107
60558.96,1180.64,50442.53,262143.0,71059.77,9762.261,19143.01,1522.07,7473.8403,161991.72,5784.1,1390906.6,2380.5923
24039.84,307.72,13874.091,168583.47,19447.59,3194.9502,5244.36,450.73,2469.7202,44581.684,5784.5,382565.38,1649.1444
37515.27,741.04004,27649.271,262143.0,38873.203,6628.54,14617.9,1291.91,4168.56,88267.086,5785.1,762403.4,2106.2915
46355.34,899.61005,44969.51,262143.0,63274.14,11187.82,22066.59,1981.02,6392.7603,141042.0,5785.8,1239993.1,2772.7505
44783.25,733.19,30205.23,262143.0,41352.23,7174.9004,13236.94,1105.59,4097.2803,97215.37,5786.0,832881.6,1927.4818
10446.96,26.69,48.670002,780.29004,257.48,171.13,20.55,-63.02,402.6,1778.04,5786.3,1342.0308,12.320496
39261.36,678.24005,23119.82,262143.0,32092.371,5476.16,9843.45,809.67,4229.2803,75857.766,5786.5,637507.9,1682.7131
49690.05,921.59,34565.12,262143.0,48536.55,7358.5903,17529.15,1634.41,4968.48,112325.41,5787.4,953101.6,1987.9215
37928.52,871.35004,34640.48,262143.0,48958.883,7104.25,14406.92,1134.36,5439.72,111969.01,5787.6,955179.56,2610.3616
24706.26,422.33002,4055.31,49332.543,5879.6504,1088.01,1180.9401,130.15,951.72003,14860.561,5790.3,111821.47,468.31674
10550.49,224.51001,507.11002,6300.41,2510.4302,767.73004,3816.82,437.03,1568.16,5422.56,5792.3,13983.095,136.42905
31326.09,543.22003,20224.74,247276.58,30059.22,4771.23,9329.7,719.25,3928.32,63303.242,5794.4,557678.7,1844.9747
30259.47,734.76,42444.953,262143.0,61467.07,8898.761,17656.56,1615.23,6437.64,135769.92,5794.6,1170380.8,4009.6401
46752.06,907.46,1794.51,22659.81,4648.77,1566.8601,785.01,97.27,1280.4,10632.601,5795.9,49481.973,108.747375
23392.56,367.38,7994.4404,99381.0,11088.91,1951.51,2782.47,324.69,2366.76,26628.361,5796.7,220439.38,976.1456
16933.68,383.08002,100.48,1609.25,692.37,142.87001,256.19,56.170002,324.72,1650.0001,5796.9,2770.6443,15.965916
21243.66,544.79004,298.30002,4308.08,937.29004,73.79,131.52,24.66,389.40002,2321.8801,5797.5,8225.351,39.148838
49871.01,1210.4701,1351.77,16048.541,3364.51,1050.3301,304.14,101.38,1409.76,10131.0,5798.8,37273.82,76.500336
43785.36,442.74002,249.63,3637.6902,2276.5,598.17004,68.5,0.0,1189.3201,6516.8403,5799.2,6883.319,15.301096
48817.44,1232.4501,40670.85,262143.0,57493.402,9511.061,19662.24,1512.48,10990.32,138949.81,5802.0,1121461.5,2381.0847
7376.73,282.6,7545.4204,90926.555,10369.851,852.51,235.64,39.73,613.80005,24677.4,5803.0,208058.06,2923.614
42368.13,1477.37,32164.592,262143.0,45737.242,6320.8203,15405.65,1239.85,7524.0005,108093.484,5803.3,886909.2,2169.6396
60141.36,2161.8901,76727.47,262143.0,110739.95,18135.07,33430.74,2944.1301,12306.36,251562.97,5804.4,2115689.8,3646.7632
52885.56,1183.78,56405.39,262143.0,81347.984,13063.971,26721.85,2518.06,5682.6,174349.56,5805.2,1555327.0,3048.527
36274.65,808.55005,30128.3,262143.0,39915.68,5350.56,10540.78,811.04,9144.96,97876.69,5805.3,830760.3,2373.7637
56977.17,973.4,32489.582,262143.0,45800.043,6594.0,17864.8,1641.26,6867.9604,107040.125,5805.6,895870.5,1629.3927
50127.66,1265.42,5408.6504,64629.05,7948.91,1992.3301,395.93,34.25,1465.2001,21791.88,5806.0,149138.6,307.50378
49724.85,1045.62,47823.773,262143.0,66701.45,10258.38,20858.25,1757.71,5051.64,147583.92,5808.9,1318696.8,2748.9153
42442.082,868.21,25388.47,262143.0,36497.793,5730.5,9651.65,915.16,6325.4404,87046.086,5810.2,700063.9,1709.3652
20687.73,372.09003,623.29004,7218.8604,1522.9,221.37001,93.16,-34.25,487.08002,3958.6802,5810.5,17186.652,85.14426
4618.83,235.50002,5130.7603,61153.07,6672.5,857.22003,157.55,47.95,575.52,16683.48,5810.8,141476.02,3175.133
16549.14,408.2,70.65,1260.7101,795.99005,222.94,789.12,135.63,340.56003,1442.76,5811.2,1948.1091,11.2063465
12114.75,522.81,23510.75,262143.0,39526.32,7419.8203,19741.7,1638.52,7149.12,83992.92,5811.3,648287.44,5547.8247
31915.08,516.53,14801.961,180696.02,20508.91,3307.99,7932.3,634.31,2779.9202,49162.082,5813.0,408150.53,1325.0879
30284.7,1361.1901,61104.402,262143.0,93422.85,15703.141,31886.75,2886.59,10571.881,201095.4,5815.1,1684898.0,5767.969
33669.87,1318.8,32236.81,262143.0,52800.67,9490.65,25228.55,2146.79,6790.08,111302.41,5817.8,888900.56,2736.5347
25035.99,687.66003,21151.041,256867.7,37791.473,6418.16,16682.49,1423.43,6061.4404,79475.88,5818.0,583220.6,2414.5496
30250.77,954.56006,13560.091,167741.95,19518.24,2656.4402,5863.6,365.79,5678.64,47054.043,5819.0,373907.1,1280.6669
28354.17,409.77002,15976.32,195518.39,22920.432,3044.23,8137.8,630.2,2579.28,52806.6,5819.4,440532.4,1610.0492
25298.73,615.44,816.4,11245.91,2406.81,824.25,20.55,71.24,681.12006,5699.7603,5819.5,22511.484,91.26846
47570.73,885.48004,30509.81,262143.0,41887.6,5868.66,11634.04,834.33,4353.3604,98363.766,5819.5,841280.1,1832.786
31183.41,422.33002,15040.601,182087.03,20030.06,3160.4102,4001.77,432.92,2921.1602,50618.043,5820.0,414730.8,1378.0836
28150.59,461.58002,15770.65,189979.42,21028.58,2854.26,7244.56,780.9,3135.0002,52310.28,5820.2,434861.25,1600.8104
18089.041,161.71,180.55,2869.9602,602.88,243.35,79.46,-1.37,260.04,2249.28,5820.3,4978.501,27.538486
21237.57,188.40001,64.37,1455.39,1144.53,497.69,1119.29,141.11,2695.4402,4330.9204,5821.5,1774.944,7.6661797
47152.26,846.23004,19406.771,235755.92,29238.111,3843.36,10464.06,1085.04,5357.8804,65402.043,5823.5,535124.0,1175.7922
28735.23,499.26,629.57,8667.971,1803.93,642.13,112.340004,-6.85,896.28,5625.8403,5823.7,17359.816,61.64383
24429.6,463.15002,745.75,9721.44,1984.4801,445.88,183.58,-34.25,583.44,4552.68,5825.0,20563.375,86.28225
50177.25,1069.17,29776.621,262143.0,40234.39,5287.7603,12186.15,923.38,5569.08,98585.52,5825.3,821063.06,1695.7487
56542.17,1069.17,27666.541,262143.0,36441.27,4898.4004,3742.84,332.91,5488.56,87159.6,5826.3,762879.56,1398.0441
38542.74,623.29004,4458.8003,55717.73,11018.261,2259.23,16320.81,1404.25,4419.3604,22640.64,5826.6,122947.336,329.76874
33812.55,530.66003,22471.41,262143.0,32340.432,4601.67,10206.5,985.03,4884.0,75174.0,5828.0,619628.56,1899.209
60844.32,1606.1101,51783.312,262143.0,86678.13,14444.0,38244.92,3218.1301,16868.281,186791.89,5829.0,1427877.5,2432.4294
13591.14,172.70001,135.02,1434.9801,1271.7001,397.21002,54.8,53.43,496.32,2027.52,5829.7,3723.0532,27.404766
9799.68,40.82,109.9,411.34003,536.94,138.16,32.88,-4.11,512.16003,2064.48,5829.8,3030.392,31.065262
11274.33,400.35,31.400002,920.02,558.92004,14.13,198.65,-27.4,335.28,1481.04,5832.9,865.8263,6.963205
42877.95,901.18005,41653.67,262143.0,62211.254,9936.53,20795.23,1898.82,6677.8804,136576.45,5833.7,1148561.9,2776.5908
5072.97,288.88,7240.8403,87888.6,9988.341,847.80005,109.6,-36.99,539.88,25794.121,5834.0,199659.55,4080.0852
15520.8,938.86005,2344.01,29713.82,8802.99,2799.31,8062.45,776.79,4519.68,19464.72,5836.0,64633.934,430.81165
59873.4,1439.6901,53372.152,262143.0,76568.91,9705.74,23363.98,1639.89,7425.0005,170475.36,5836.3,1471688.2,2547.765
14083.561,238.64001,7405.6904,89730.21,11782.851,2128.9202,3382.53,469.91,2555.52,27198.602,5836.5,204205.14,1502.4954
12491.46,69.08,298.30002,3518.37,1354.91,783.43005,1120.66,121.93,648.12006,3131.04,5836.8,8225.351,67.279305
16566.541,281.03,750.46,10454.63,1356.4801,296.73,210.98,20.55,562.32,4202.8804,5839.0,20693.248,128.52235
14762.16,295.16,-18.84,43.960003,229.22,7.8500004,-4.11,-34.25,146.52,35.640003,5839.1,-519.4958,-4.6490517
24712.35,375.23,10490.74,126502.76,13729.65,1901.27,5674.54,454.84,3133.6802,33983.402,5840.1,289272.56,1212.7831
58040.31,960.84,44784.25,262143.0,63944.53,10787.471,22236.47,2124.87,10098.0,149408.17,5841.5,1234884.8,2205.1985
18176.041,211.95001,1931.1001,25787.25,5579.7803,844.66003,6599.29,739.8,2283.6,11231.881,5842.5,53248.32,302.77673
77550.93,1640.65,72954.766,262143.0,105617.05,16590.191,38132.582,2829.05,11522.28,234674.89,5842.9,2011660.9,2688.773
50423.46,847.80005,18113.09,219972.7,29128.21,4485.49,15586.49,1274.1,14007.841,64264.203,5844.7,499451.88,1026.0908
29164.14,436.46002,20339.352,245819.62,27789.0,4757.1,10587.36,919.27,3990.36,65198.76,5845.1,560839.0,1993.0538
32981.7,689.23004,27548.791,262143.0,36285.84,6554.75,10005.11,774.05,3960.0002,85778.88,5845.3,759632.7,2387.243
19723.77,244.92001,146.01001,2389.54,954.56006,67.51,1591.9401,142.48,1444.0801,1683.0001,5845.7,4026.0925,20.166142
37570.95,653.12,30371.65,262143.0,42083.85,6400.89,9113.24,701.44,5229.8403,96934.2,5848.2,837470.5,2310.3474
25719.81,427.04,948.28,11972.82,2191.72,580.9,287.7,43.84,599.28,5698.4404,5849.0,26147.955,104.41875
3588.75,25.12,-9.42,-116.18,108.33,-25.12,23.29,-1.37,93.72,-143.88,5851.2,-259.7479,-8.505104
37462.2,521.24,19430.32,238101.5,27263.05,3840.2202,8341.93,664.45,4181.7603,62432.043,5851.4,535773.3,1481.9813
18357.87,216.66,87.920006,2187.01,951.42004,119.32001,1674.14,201.39,987.36005,2133.12,5853.0,2424.3137,12.6935
15380.73,301.44,274.75,3529.36,741.04004,150.72,206.87,58.91,335.28,2455.2002,5854.2,7575.98,50.075157
16917.15,257.48,177.41,2028.4401,1602.9701,610.73004,26.03,4.11,987.36005,4049.7603,5854.5,4891.9185,28.98471
35070.57,711.21,40041.28,262143.0,55001.812,9744.99,16790.72,1386.4401,6560.4004,127939.69,5854.7,1104101.8,3263.481
13308.39,158.57,7.8500004,20.41,-9.42,-20.41,-30.14,-8.22,-105.600006,207.24,5855.1,216.45657,0.68652654
48231.93,945.14,39239.01,262143.0,54981.402,8149.87,17472.98,1781.0,5896.4404,126108.84,5856.5,1081979.9,2325.1218
53921.73,931.01,24201.55,262143.0,36119.42,6220.3403,17441.47,1642.63,6118.2,81777.96,5859.3,667335.6,1282.3005
3172.02,155.43001,152.29001,1493.0701,921.59,298.30002,190.43001,72.61,357.72,1763.52,5860.4,4199.258,136.2728
55150.17,1362.76,42850.01,262143.0,61558.133,9712.0205,21646.0,1861.83,9699.36,140418.97,5861.7,1181549.9,2220.5347
19596.75,339.12003,3763.29,44982.07,7021.04,1325.0801,790.49,63.02,1242.12,16208.28,5861.8,103769.28,548.07623
39283.11,673.53,519.67004,7207.87,1673.62,606.02,231.53,-15.07,1017.72003,5528.16,5862.3,14329.426,36.82429
70971.99,1050.3301,50013.92,262143.0,67623.04,10594.36,18197.71,1496.04,9336.36,156577.1,5864.2,1379088.1,2013.8973
35977.98,770.87006,30100.041,262143.0,40242.242,6862.47,9529.72,694.59,4688.64,97030.56,5864.5,829981.1,2391.0999
28303.71,419.19,21322.17,260731.48,29613.342,4111.83,8418.65,504.16,2934.36,67712.04,5865.9,587939.3,2152.9568
43774.92,1548.02,29136.06,262143.0,45325.902,7134.08,19096.43,1760.45,8375.4,102186.484,5869.8,803400.2,1902.0685
43242.48,628.0,27501.691,262143.0,37271.8,4896.83,10061.28,883.65,4711.08,89600.28,5870.4,758334.0,1817.4352
34289.31,555.78,29594.502,262143.0,42137.23,7463.7803,13736.99,1056.27,5445.0,93140.52,5871.0,816041.3,2466.7507
21549.9,720.63,23721.13,262143.0,36185.36,6578.3003,14083.6,1379.59,6526.08,79617.125,5871.1,654088.5,3146.3071
7910.91,116.18,103.62,943.57,392.5,146.01001,695.96,89.05,386.76,175.56001,5871.1,2857.2268,36.451233
19156.53,562.06,222.94,3626.7002,1343.92,266.9,134.26,41.1,471.24002,2964.7202,5872.9,6147.3667,32.27516
14355.0,328.13,481.99002,5749.3403,659.4,262.19,93.16,-26.03,320.76,2943.6,5874.2,13290.434,95.002785
29849.7,555.78,20386.451,246165.02,29359.002,3972.1,7484.31,711.03,3296.04,64932.12,5875.2,562137.75,1951.7681
3300.78,213.52,120.89001,2486.8801,1306.24,430.18002,252.08,82.2,539.88,2785.2002,5875.6,3333.4314,103.71835
33492.39,617.01,19036.25,230705.23,28286.691,3912.4402,7617.2,738.43,3670.9202,65347.92,5875.9,524907.2,1624.1156
21508.14,510.25003,395.64,4824.6104,1604.54,529.09,165.77,21.92,670.56,4023.36,5879.1,10909.411,51.595226
3682.71,238.64001,158.57,2064.55,1984.4801,607.59,310.99,190.43001,607.2,2695.4402,5879.9,4372.423,122.11261
33061.74,455.30002,16631.01,204751.56,24286.33,3350.3801,6760.95,468.54,3950.7603,53424.363,5881.8,458584.88,1437.275
39365.76,617.01,23862.432,262143.0,31122.111,4565.56,5795.1,645.27,3834.6,75873.6,5884.5,657984.75,1732.1855
34093.56,453.73,15442.5205,190100.31,23038.182,3488.54,7993.95,552.11,3194.4001,50272.203,5884.8,425813.38,1294.0748
26896.92,375.23,1554.3,21358.281,7342.89,2180.73,7596.65,827.48,3465.0002,15166.801,5888.1,42858.402,164.22711
20684.25,367.38,17047.06,205913.36,23493.48,4268.83,7885.72,667.19,2059.2002,55593.12,5888.6,470057.1,2355.4526
42616.95,659.4,29095.24,262143.0,39011.36,5416.5,6251.31,631.57,3946.8,90379.086,5889.3,802274.6,1951.0393
29680.92,478.85,17887.01,214669.25,23714.852,2891.9402,8174.79,667.19,3269.6401,57563.883,5890.1,493217.94,1722.0957
33926.52,514.96,458.44,5694.39,1862.02,931.01,112.340004,-43.84,1028.28,4880.04,5890.2,12641.063,37.636
11409.18,149.15001,194.68001,2309.47,803.84,224.51001,226.05,-58.91,500.28003,2327.1602,5892.5,5368.123,47.788326
57241.65,909.03,31530.31,262143.0,41785.55,6209.35,14100.04,1246.7,5842.3203,102447.84,5894.5,869419.5,1573.944
57103.32,1199.48,33725.17,262143.0,47999.613,6991.2104,15841.31,1420.6901,6450.8403,107997.125,5897.3,929940.75,1687.6583
33789.93,690.80005,21290.771,259321.62,30274.31,5045.98,10298.29,924.75,3871.56,68115.96,5898.0,587073.56,1800.5781
12636.75,128.74,237.07,2943.75,943.57,728.48004,98.64,31.51,656.04004,2467.08,5898.0,6536.989,52.64018
10552.23,233.93001,111.47,1219.89,142.87001,65.94,72.61,-16.44,286.44,1020.36005,5899.0,3073.6833,29.203878
86748.57,2775.76,109028.66,262143.0,151461.05,25419.871,29160.45,2504.36,24740.762,262143.0,5899.2,3006365.5,3592.5803
24307.8,400.35,819.54004,11313.42,1926.39,489.84003,268.52,69.87,678.48004,5578.3203,5899.4,22598.066,95.39921
54748.23,879.2,41214.07,262143.0,58631.652,9390.17,17657.93,1533.03,5429.16,131350.56,5899.8,1136440.2,2151.407
47040.9,1325.0801,45588.09,262143.0,66753.266,9891.0,22769.4,2001.57,7435.56,149388.36,5899.8,1257049.9,2769.925
55556.46,1009.51,40261.082,262143.0,55942.242,9639.801,21659.7,2046.78,6753.12,126783.37,5905.3,1110162.5,2071.0483
25387.47,373.66,15602.66,187487.84,20587.41,3160.4102,3745.58,305.51,2197.8,49935.6,5905.4,430229.1,1756.2284
5372.25,215.09001,80.07,2921.77,2001.7501,951.42004,356.2,86.31,599.28,3520.4402,5907.1,2207.857,41.61501
13315.35,172.70001,389.36002,5091.5103,1361.1901,844.66003,294.55,9.59,731.28,4064.2803,5907.6,10736.246,82.60799
22011.871,475.71002,12074.87,150054.33,19127.31,3237.34,12761.55,1085.04,4645.08,44567.16,5908.2,332953.5,1567.4639
11202.12,36.11,14.13,1153.9501,626.43,116.18,87.68,-28.77,286.44,1800.4801,5909.0,389.62183,2.6065416
11402.22,59.660004,367.38,4265.69,1339.2101,329.7,184.95,-86.31,469.92,3186.4802,5911.2,10130.168,91.1245
17469.6,130.31,563.63,8253.49,2587.36,667.25,447.99,83.57,1409.76,6040.3203,5914.7,15541.582,91.24868
45099.93,935.72003,42330.34,262143.0,58787.082,8545.511,18045.64,1504.26,7711.4404,132807.84,5915.7,1167220.4,2682.6438
56769.242,1172.79,53938.92,262143.0,74521.625,11946.131,24233.93,2105.69,6626.4004,170167.81,5917.9,1487316.4,2715.678
10484.37,124.03001,78.5,1466.38,514.96,332.84,-23.29,13.7,376.2,1372.8,5917.9,2164.5657,20.40801
31002.45,1353.3401,4136.95,54499.41,18811.74,4838.74,23785.94,2105.69,5141.4004,32280.602,5917.9,114072.62,380.53403
35965.8,582.47003,15108.11,182349.22,21063.121,3427.31,7215.79,645.27,5574.3604,50710.44,5918.1,416592.3,1200.073
26740.32,317.14,4085.1401,53650.043,8722.92,1629.66,5669.06,586.36,2807.6401,18274.08,5919.0,112644.0,435.80673
26891.7,678.24005,25580.012,262143.0,36960.94,5446.33,12220.4,1257.66,4114.44,79780.805,5919.1,705345.44,2718.7659
14921.37,478.85,496.12003,8047.8203,6187.37,1321.9401,11158.65,969.96,2816.8801,10355.4,5921.6,13680.056,94.0664
43516.53,1011.08,39191.91,262143.0,53975.03,9507.92,17266.11,1585.09,5357.8804,127050.01,5922.4,1080681.1,2574.0828
26816.01,1004.80005,37166.61,262143.0,52679.78,8353.971,18900.52,1507.0,5596.8003,116369.88,5923.0,1024835.25,3961.8516
18679.77,257.48,838.38,10082.54,1916.9701,373.66,79.46,-23.29,459.36002,4674.12,5924.7,23117.562,127.32712
12865.561,119.32001,135.02,1650.0701,890.19,346.97,91.79,4.11,594.0,2884.2002,5926.2,3723.0532,29.006714
31286.94,882.34,43529.82,262143.0,59430.78,9487.511,16770.17,1391.92,6691.08,138028.45,5928.3,1200295.0,3977.0732
33344.49,623.29004,32178.72,262143.0,44259.87,7162.3403,11608.01,1113.81,4113.12,101043.37,5929.4,887298.8,2758.267
50443.47,1438.12,61465.504,262143.0,85772.24,12943.08,21762.45,1727.57,8639.4,196026.61,5932.8,1694855.0,3482.9788
28740.45,508.68002,750.46,9354.061,2026.8701,662.54004,271.26,-108.23,751.08,4876.08,5933.7,20693.248,73.65914
32257.86,447.45,18803.89,226821.05,24550.09,4617.37,6008.82,534.3,4127.64,61715.28,5935.0,518500.1,1665.7142
38227.8,726.91003,24939.451,262143.0,36073.89,5560.9404,11557.32,880.91,5264.16,81561.484,5935.5,687682.56,1864.3339
43877.582,797.56,23686.59,262143.0,34395.562,4813.62,11729.94,938.45,4472.16,76278.84,5936.5,653136.06,1542.5079
17754.09,339.12003,279.46002,3741.31,1092.7201,538.51,95.9,15.07,357.72,1974.7201,5937.8,7705.8545,44.005985
34050.93,708.07,21622.041,262143.0,30517.66,5631.5903,13598.62,1163.13,6754.4404,71745.96,5939.2,596208.0,1814.5856
38974.26,981.25006,35409.78,262143.0,47925.82,7850.0005,12203.96,975.44,7428.9604,114021.6,5939.9,976392.3,2596.732
60706.86,1059.75,31233.58,262143.0,44404.312,6160.68,18526.51,1419.32,7163.64,102239.28,5941.9,861237.4,1470.0687
23342.1,345.40002,8966.2705,109272.0,12332.351,2270.22,4051.09,360.31,2406.36,29688.121,5943.0,247236.7,1097.2998
13420.62,102.05,109.9,1588.8401,557.35004,255.91,728.84,104.12,667.92004,1386.0,5943.3,3030.392,22.41392
17826.3,266.9,408.2,5206.12,1653.2101,270.04,90.42,-69.87,607.2,3174.6,5943.6,11255.742,64.47278
84981.6,1770.9601,49582.17,262143.0,72603.086,10396.54,26012.19,2030.34,13218.48,165168.97,5946.1,1367183.0,1667.2057
3573.96,136.59001,76.93,1288.9701,748.89,514.96,143.85,32.88,421.08002,1554.9601,5946.5,2121.2744,60.545322
14298.45,133.45,43.960003,1807.0701,1007.94006,232.36,223.31,56.170002,579.48004,2727.12,5947.1,1212.1569,7.7905846
5721.99,23.550001,-53.38,12.56,98.91,-42.390003,0.0,46.58,-43.56,203.28001,5948.3,-1471.9047,-27.673527
3418.23,147.58,81.64,1342.3501,1003.23004,406.63,400.04,72.61,285.12003,2063.1602,5949.6,2251.1482,67.28899
46224.84,987.53,40099.37,262143.0,56548.26,8980.4,17762.05,1624.82,6260.7603,128260.445,5952.6,1105703.5,2479.3396
17380.86,149.15001,119.32001,1585.7001,898.04004,292.02002,41.1,2.74,380.16,1792.56,5953.8,3290.1401,18.628677
25376.16,582.47003,20201.191,246518.27,28319.66,4995.74,7645.97,730.21,3459.7202,68262.484,5954.3,557029.4,2275.1458
15127.561,178.98001,53.38,1526.04,1502.49,532.23004,2861.93,238.38,522.72003,2539.6802,5956.8,1471.9047,9.089245
24894.18,708.07,11076.351,137772.22,22141.71,4700.58,12814.98,1105.59,7013.16,51320.28,5957.6,305420.25,1271.1781
37797.15,1230.88,54248.21,262143.0,76173.266,12084.29,23695.52,2131.72,6974.8804,170198.17,5958.6,1495844.8,4102.6978
19111.291,238.64001,5000.45,58989.613,7465.35,697.08,1548.1,147.96,1803.1201,15702.721,5958.7,137882.84,747.11456
14514.21,131.88,276.32,3631.4102,745.75,175.84001,78.090004,61.65,143.88,2139.72,5958.8,7619.2715,53.43371
29885.371,606.02,5515.41,66836.47,8146.7305,1431.8401,324.69,-35.62,1197.24,20428.32,5959.4,152082.39,526.67694
14887.44,106.76,193.11,1998.6101,1015.79004,194.68001,32.88,31.51,505.56003,2964.7202,5961.3,5324.8315,36.088024
16525.65,266.9,6664.6504,82961.945,8853.23,1265.42,2264.61,150.7,1205.16,22482.24,5964.3,183771.64,1152.1023
23990.25,414.48,15417.4,186420.23,19893.47,3232.6301,1538.51,161.66,2612.28,48929.76,5964.9,425120.72,1836.4916
10231.2,61.230003,81.64,1177.5,618.58,31.400002,823.37,90.42,842.16003,1261.92,5965.2,2251.1482,21.815258
32102.13,535.37,993.81006,12889.7,2794.6,1048.76,280.85,89.05,1236.8401,10020.12,5966.0,27403.402,87.51533
48827.01,874.49005,36548.03,262143.0,50588.543,8198.54,13239.68,1076.82,5369.7603,114428.164,5966.4,1007778.5,2139.1924
15396.39,141.3,233.93001,3336.25,1000.09,211.95001,47.95,8.22,608.52,3234.0002,5968.2,6450.406,42.442623
45709.8,992.24005,46829.96,262143.0,65804.984,10478.181,22594.041,2015.27,5447.64,150483.97,5968.4,1291293.4,2928.2976
35542.98,963.98004,38826.1,262143.0,55251.44,8168.7104,19030.67,1489.1901,5373.72,120270.484,5971.0,1070594.2,3122.3376
31013.76,632.71,24669.41,262143.0,35547.94,6305.12,14172.65,1079.56,4445.7603,79714.805,5972.5,680236.44,2273.3293
15512.1,444.31003,221.37001,3185.53,887.05005,177.41,242.49,41.1,302.28,2471.04,5972.8,6104.0757,39.80348
15782.67,248.06001,417.62003,4322.21,1139.8201,449.02002,-53.43,17.81,337.92,2383.9202,5973.3,11515.49,74.65713
18959.91,433.32,686.09,8864.221,1307.81,329.7,80.83,12.33,616.44,4158.0,5974.9,18918.305,102.46508
34057.89,739.47003,33128.57,262143.0,46316.57,6824.79,15285.09,1261.77,5146.68,104748.6,5976.2,913490.0,2780.211
70214.22,1719.15,49462.85,262143.0,70907.484,10098.24,21313.09,1876.9,8891.5205,160273.1,5977.8,1363892.9,2013.2023
21805.68,552.64,3587.4502,47541.17,14882.03,3937.56,20073.24,1794.7,7046.16,25580.281,5978.2,98920.66,469.39774
28040.97,810.12006,12173.78,148839.14,21870.102,3739.7402,18192.23,1391.92,7315.4404,48747.6,5980.4,335680.84,1240.3132
16978.05,172.70001,100.48,2348.72,1281.12,95.770004,190.43001,72.61,582.12,2218.9202,5980.6,2770.6443,15.921576
24951.6,395.64,16284.041,198617.56,22416.46,3565.4702,6299.2603,589.1,2575.32,51753.242,5981.4,449017.53,1865.0049
18097.74,186.83,141.3,1742.7001,1472.66,351.68002,1106.96,106.86,1172.16,3124.4402,5983.4,3896.2183,21.323732
15880.11,128.74,58.09,1370.61,536.94,200.96,132.89,24.66,592.68005,1965.4801,5984.2,1601.7786,9.459161
41050.95,1064.4601,46475.14,262143.0,63709.03,10310.19,17115.41,1453.57,6696.3604,145871.89,5985.0,1281509.5,3236.0283
18301.32,651.55005,477.28003,9281.84,4785.3604,2281.21,856.25,405.52,1902.1201,10371.24,5985.1,13160.561,73.56583
31669.74,472.57,21912.49,262143.0,29713.82,4132.24,8218.63,726.1,3775.2002,71287.92,5985.5,604216.9,1977.3186
59406.21,1168.0801,47269.562,262143.0,66385.88,10062.13,16289.3,1330.27,6069.3604,147288.25,5987.6,1303415.0,2274.0908
35348.97,946.71,26770.07,262143.0,36394.17,5176.29,9672.2,624.72003,5380.3203,87360.24,5988.3,738160.2,2164.3184
37535.28,675.10004,25788.82,262143.0,38554.492,6882.8804,12614.96,1048.05,4996.2,85554.484,5990.6,711103.1,1963.4491
21969.24,359.53,711.21,8284.891,1436.55,318.71002,71.24,23.29,448.80002,4156.68,5991.3,19610.965,91.5618
10358.22,89.490005,91.060005,1100.5701,345.40002,-37.68,10.96,43.84,343.2,1305.4801,5991.6,2510.8962,24.13573
55837.47,996.95,29652.592,262143.0,41333.39,6035.08,14935.74,1487.82,6685.8003,94838.05,5992.7,817643.06,1517.399
11542.29,31.400002,150.72,2427.22,679.81,200.96,-9.59,43.84,498.96002,1987.92,5994.5,4155.9663,36.33601
26789.041,698.65,18045.58,221134.5,28384.031,3719.33,14124.7,1222.04,4497.24,62274.96,5994.6,497590.38,1925.0283
21318.48,321.85,613.87,7779.35,1898.13,409.77002,102.75,-5.48,567.60004,3913.8,5995.3,16926.904,81.3321
51629.28,1204.1901,45049.582,262143.0,63577.152,9898.851,21039.09,2034.45,6873.24,142850.4,5995.9,1242201.0,2493.8455
27311.041,381.51,17379.9,213147.92,24492.0,3527.79,4623.75,395.93,3247.2002,56193.723,5996.3,479234.84,1818.5249
20619.87,326.56,119.32001,3133.7202,2394.25,565.2,315.1,56.170002,1488.9601,5470.08,5996.6,3290.1401,15.545364
25456.2,747.32,27778.012,262143.0,40823.14,6788.68,15533.06,1349.45,4654.3203,91592.164,5998.5,765953.25,3119.0142
12749.85,301.44,276.32,4220.16,833.67004,233.93001,50.69,0.0,241.56001,2013.0001,5999.7,7619.2715,60.966396
12722.01,266.9,620.15,8259.7705,4136.95,968.69,5840.31,515.12,1574.76,6751.8003,5999.8,17100.07,138.37666
48967.95,1102.14,47833.19,262143.0,70263.78,11500.25,24316.13,2108.43,8883.601,152052.12,6000.1,1318956.5,2791.9712
56718.78,1116.27,45809.46,262143.0,69485.06,11836.23,25438.16,2050.89,8335.801,151010.64,6000.3,1263154.0,2308.2837
39654.6,726.91003,24603.47,262143.0,35719.07,5400.8003,11669.66,872.69,4600.2,81503.41,6000.8,678418.2,1772.9924
60115.26,1466.38,52902.723,262143.0,76404.055,11702.78,23105.05,2018.01,12645.601,171890.4,6001.4,1458744.1,2515.183
21616.89,221.37001,734.76,9573.86,2835.4202,1059.75,4345.64,364.42,1455.9601,7744.4404,6002.2,20260.336,96.18546
56569.14,877.63,25975.65,262143.0,36774.11,6226.62,14767.23,1302.87,6441.6,87621.6,6003.9,716254.8,1311.9127
24742.8,466.29,22220.21,262143.0,34488.19,5587.6304,11239.48,1097.37,4498.56,72560.41,6004.0,612702.0,2566.7239
13444.11,142.87001,12.56,45.530003,163.28,75.36,-8.22,-49.32,93.72,-264.0,6006.1,346.33054,1.6712012
35744.82,654.69,16718.93,202740.39,24867.23,4780.6504,12228.62,1048.05,3186.4802,54139.8,6006.4,461009.2,1336.3477
42422.07,789.71,18472.621,226401.86,26206.441,4229.58,10365.42,993.25,3430.6802,60848.043,6006.7,509365.62,1244.0468
19836.87,334.41,10074.69,120842.91,12922.671,1808.64,1768.67,119.19,1987.92,33306.242,6007.0,277800.38,1451.137
44122.05,708.07,1310.9501,16693.81,3838.6501,971.83,561.7,187.69,1281.7201,9226.801,6008.9,36148.25,83.95315
27017.85,593.46,18918.5,232706.98,28139.111,4923.52,12410.83,1117.92,4107.8403,62102.043,6009.4,521660.34,2001.0961
21054.0,290.45,9945.95,121158.48,14409.461,2019.02,4131.92,290.44,1763.52,32132.762,6010.5,274250.47,1349.7054
27955.71,469.43002,17554.17,211522.97,22956.541,3276.59,5422.46,491.83,2204.4001,57368.523,6011.1,484040.2,1794.3899
33978.72,646.84,18500.88,224990.42,26208.012,3457.1401,8732.38,731.58,4097.2803,59768.28,6011.8,510144.88,1555.8057
19280.94,276.32,7270.6704,89482.16,9153.101,1029.92,1109.7,71.24,2027.52,24773.762,6012.0,200482.08,1077.19
56570.88,1009.51,34605.94,262143.0,49241.48,8804.561,15517.99,1530.29,6167.04,114057.24,6014.3,954227.2,1748.0682
31360.02,521.24,18905.941,227722.23,26752.8,4226.44,9374.91,932.97003,5514.9604,63819.363,6014.8,521314.03,1722.7368
14561.19,135.02,257.48,4147.94,1573.14,397.21002,52.06,52.06,550.44,3293.4001,6015.0,7099.776,49.55867
34284.96,643.7,24199.98,262143.0,34335.902,5060.1104,10431.18,948.04,4724.2803,77943.36,6017.5,667292.3,2017.182
59954.31,1023.64,55716.16,262143.0,77919.1,12578.841,26327.291,2396.1301,8770.08,178502.28,6017.9,1536322.1,2656.1116
46123.05,777.15,26426.24,262143.0,38103.902,4846.5903,11701.17,908.31,5108.4004,86244.84,6019.2,728679.4,1637.1978
10011.96,76.93,78.5,1336.0701,565.2,257.48,8.22,-53.43,389.40002,1830.8401,6020.7,2164.5657,21.418139
11187.33,144.44,98.91,1890.28,599.74,97.340004,64.39,5.48,307.56,1450.68,6021.1,2727.3528,24.279165
42857.94,673.53,1478.9401,17635.81,3381.78,1193.2001,354.83,46.58,1104.8401,9405.0,6023.7,40780.418,97.66616
4484.85,299.87,4039.61,48406.242,5407.08,959.27,6.85,35.62,591.36005,13933.921,6025.6,111388.555,2574.3752
10018.05,194.68001,651.55005,7839.0103,948.28,233.93001,110.97,-21.92,158.40001,2497.4402,6027.9,17965.896,184.95746
11463.99,94.200005,26.69,70.65,130.31,-48.670002,5.48,-49.32,67.32,-33.0,6029.9,735.95233,5.656743
16173.3,186.83,346.97,5118.2,2130.49,1083.3,447.99,117.82,1040.16,4480.08,6030.5,9567.381,60.339794
33849.09,500.83002,13892.931,168090.48,20103.852,2293.77,7052.7603,724.73,5544.0,50347.44,6031.3,383084.84,1172.5345
22502.55,383.08002,7157.6304,86269.93,8616.16,1256.0,1285.06,113.71,2362.8,24041.16,6031.6,197365.11,908.46606
53966.1,1073.88,28462.531,262143.0,38968.973,6190.5103,11371.0,860.36,6303.0005,91285.92,6033.3,784828.25,1507.0004
35248.05,543.22003,19592.031,238283.62,27421.621,3959.54,8169.31,737.06,2803.6802,65441.645,6037.7,540232.3,1588.254
36490.41,778.72003,26211.15,262143.0,36215.19,5783.8804,12316.3,1238.48,4349.4004,83400.24,6038.5,722748.5,2052.7913
60844.32,1125.6901,49538.21,262143.0,66980.914,10986.86,20767.83,1890.6,6048.24,155362.69,6040.8,1365970.9,2326.9265
24374.791,444.31003,204.1,3212.2202,1896.56,1249.7201,200.02,71.24,1037.52,4473.48,6042.0,5627.871,22.941486
73934.34,1254.43,57483.98,262143.0,81731.06,13151.891,26979.41,2048.15,10930.921,180779.28,6043.0,1585068.1,2222.052
24699.3,458.44,3190.24,38102.332,4733.5503,668.82,246.6,9.59,694.32,11967.12,6043.1,87967.95,368.30713
30909.36,565.2,17224.47,210959.34,24281.621,4989.46,11814.88,867.21,4287.3604,57726.242,6044.1,474949.03,1592.3269
26408.85,372.09003,1598.26,20304.81,3000.27,706.5,331.54,-34.25,691.68005,7715.4004,6044.9,44070.56,172.04018
59194.8,1120.98,31081.291,262143.0,45164.19,6568.8804,20300.66,1794.7,7691.64,105017.88,6045.0,857038.2,1500.2897
61481.16,1456.9601,44399.6,262143.0,62082.51,10867.54,17667.52,1483.71,8316.0,149177.17,6045.3,1224278.4,2063.8381
28156.68,395.64,15610.511,188860.02,19921.73,3460.28,2379.69,274.0,2461.8,49362.723,6046.1,430445.56,1584.2023
34669.5,910.60004,1405.15,17298.26,2882.52,772.44,253.45,101.38,846.12006,7909.4404,6046.3,38745.727,114.88417
39999.12,797.56,19312.57,235782.61,26868.98,4348.9,8657.03,711.03,4643.7603,63212.164,6046.4,532526.44,1379.507
64935.06,1056.61,32885.223,262143.0,49095.473,8385.37,20165.03,1802.92,10442.5205,111611.28,6047.1,906779.94,1447.0066
34288.44,731.62,28731.0,262143.0,40692.832,5816.85,7895.31,720.62,4418.04,90307.805,6048.0,792231.06,2394.808
31029.42,752.03,117.75001,1485.2201,1097.43,444.31003,171.25,82.2,436.92,2368.08,6048.3,3246.8486,9.850163
32431.86,529.09,21593.781,262018.88,28895.852,4130.67,8662.51,634.31,3479.52,68621.52,6048.6,595428.75,1902.732
13609.41,119.32001,160.14,2508.86,998.52,102.05,54.8,9.59,360.36002,2657.1602,6049.1,4415.714,32.644142
33801.24,810.12006,31816.05,262143.0,43624.02,6363.2104,15246.73,1139.84,5654.8804,101782.56,6050.1,877298.5,2690.3035
24456.57,260.62,122.46001,2132.06,1604.54,488.27002,1256.29,165.77,1457.28,4410.12,6050.6,3376.7227,13.316858
28346.34,638.99005,270.04,3846.5002,1293.68,518.10004,201.39,38.36,689.04004,4012.8,6051.3,7446.1064,26.23831
20635.53,290.45,193.11,2782.04,794.42004,122.46001,1530.29,139.74,1131.24,2247.9602,6051.7,5324.8315,25.757044
14716.92,98.91,166.42,2245.1,1077.02,725.34,209.61,-113.71,531.96,2861.76,6052.3,4588.8794,31.332375
14582.07,178.98001,4763.3804,58166.934,6628.54,1160.23,2086.51,290.44,1293.6001,15546.961,6052.5,131345.86,932.99615
51103.8,642.13,24583.06,262143.0,32290.191,4620.5103,6208.84,457.58,7095.0005,78971.64,6054.2,677855.44,1374.4087
17834.13,507.11002,2306.33,31035.762,10831.431,3292.29,16831.82,1526.18,3851.7603,20648.762,6054.2,63594.94,368.7588
67421.52,1609.25,60540.773,262143.0,85442.54,14304.2705,27849.36,2563.27,10121.761,195691.33,6054.6,1669356.5,2566.429
16958.91,172.70001,254.34001,3807.2502,2758.49,934.15,6001.97,449.36002,1259.28,5247.0,6055.0,7013.1934,41.881084
10498.29,119.32001,37.68,540.08,189.97,75.36,-4.11,19.18,304.92,1063.92,6055.1,1038.9916,9.26222
13501.53,241.78001,147.58,1841.6101,334.41,205.67001,123.3,32.88,277.2,1647.3601,6055.7,4069.3835,30.253128
4073.34,37.68,0.0,25.12,87.920006,-48.670002,-26.03,-10.96,68.64,-10.56,6057.4,0.0,-1.0
13088.28,196.25,62.800003,1136.68,441.17,246.49,1253.55,163.03,1173.4801,1184.04,6057.8,1731.6526,12.719114
37760.61,1083.3,43159.3,262143.0,68395.484,10862.83,32910.14,2713.97,9216.24,149948.05,6060.2,1190078.2,3267.0176
4280.4,226.08,172.70001,3014.4001,2884.09,1705.02,554.85,308.25,663.96,3825.36,6063.8,4762.045,114.360466
15210.21,135.02,357.96002,4179.3403,1205.76,340.69,120.56,0.0,768.24005,3925.6802,6064.7,9870.42,66.28965
3537.42,91.060005,81.64,1574.7101,1153.9501,420.76,246.6,43.84,369.6,2286.24,6066.1,2251.1482,64.98806
61782.18,1522.9,62079.37,262143.0,88102.125,13269.641,29256.35,2740.0,9517.2,201797.64,6066.3,1711781.9,2871.9832
71710.62,2019.02,77749.54,262143.0,105028.3,15575.971,28831.65,2572.86,9459.12,245121.38,6066.4,2143872.5,3099.012
19401.87,323.42,1007.94006,13897.641,7165.4805,1810.2101,12064.22,1080.93,3161.4001,11704.44,6067.3,27793.025,147.53888
34434.6,628.0,20840.182,253387.02,30475.271,4667.6104,8569.35,826.11,3358.08,67580.04,6069.2,574648.94,1729.4355
13671.18,59.660004,-12.56,822.68005,656.26,412.91,171.25,-20.55,679.80005,1626.2401,6069.2,-346.33054,-3.6268344
38507.94,929.44,33083.043,262143.0,47982.34,7433.95,15161.79,1215.1901,5815.9204,104516.28,6074.1,912234.6,2455.4285
33882.15,519.67004,6881.31,84654.41,9228.46,1163.37,1968.6901,160.29,2632.08,23469.602,6074.7,189745.83,579.6965
21236.7,356.39,712.78,9035.351,1428.7001,153.86,116.45,21.92,368.28003,4528.9204,6076.0,19654.258,94.96603
14147.07,153.86,427.04,4829.3203,1494.64,406.63,195.91,127.41,640.2,4126.3203,6077.8,11775.237,85.308
9509.97,56.52,26.69,226.08,277.89,127.170006,-10.96,-30.14,365.64,1393.92,6078.1,735.95233,7.0245085
43006.71,712.78,15122.24,184038.55,21733.51,2880.9502,8550.17,769.94,4374.48,51366.48,6078.6,416981.94,1004.37683
12986.49,51.81,205.67001,2934.33,764.59,108.33,186.32,75.35,553.08,3046.56,6080.2,5671.1626,44.28227
36642.66,643.7,20000.23,241701.52,28511.201,5545.24,10496.94,786.38,4180.44,66087.125,6080.8,551488.06,1559.6194
12994.32,216.66,3251.4702,39557.723,4680.17,861.93005,1659.07,124.67,1096.92,10521.721,6084.2,89656.32,714.4433
12233.07,59.660004,113.04,2008.03,882.34,257.48,169.88,97.27,376.2,2312.6401,6085.6,3116.9746,25.420782
19021.68,273.18002,631.14,8429.33,2097.52,436.46002,201.39,-42.47,612.48004,4358.64,6085.8,17403.11,93.86934
53109.15,819.54004,35163.293,262143.0,48101.66,7479.4805,15572.79,1201.49,5900.4004,112029.73,6086.4,969595.6,1892.0809
14704.74,120.89001,76.93,1559.01,673.53,113.04,46.58,5.48,180.84001,1727.8801,6089.0,2121.2744,13.958476
29529.541,488.27002,29099.951,262143.0,39775.953,6542.1904,11647.74,906.94,4383.72,91403.41,6089.1,802404.56,2816.6338
25552.77,427.04,1829.05,23278.39,4827.75,1483.65,435.66,73.98,2988.4802,13758.36,6093.0,50434.383,203.66171
11778.061,226.08,50.24,982.82,623.29004,202.53001,100.01,57.54,270.6,789.36005,6095.7,1385.3221,11.196209
13122.21,149.15001,323.42,4975.33,1337.64,406.63,26.03,27.4,302.28,2632.08,6096.8,8918.011,69.47075
11132.5205,171.13,40.82,640.56,485.13,-3.14,35.62,0.0,373.56003,926.64,6096.9,1125.5741,9.4840355
31771.53,466.29,23016.201,262143.0,29629.041,4801.06,5730.71,490.46,3005.6401,72062.766,6097.7,634650.7,2070.3071
22760.07,461.58002,157.0,4925.0903,6061.77,1202.62,7456.91,823.37,2174.04,5223.24,6099.8,4329.1313,18.723093
24744.541,375.23,106.76,2752.2102,1540.17,408.2,391.82,78.090004,646.80005,3478.2002,6101.7,2943.8093,11.336108
36847.98,766.16003,34193.03,262143.0,45754.51,7148.2104,14809.7,1267.25,4423.3203,110484.01,6104.7,942841.56,2652.2178
17165.1,141.3,1.57,2818.1501,2967.3,828.96,4240.15,331.54,2382.6,3451.8,6105.3,43.291317,-0.7384815
32882.52,719.06,33742.44,262143.0,46939.863,6446.4204,13913.72,942.56,4890.6,107157.6,6108.8,930416.94,2933.002
16482.15,155.43001,299.87,3672.2302,894.9,471.00003,45.21,13.7,656.04004,3511.2002,6110.5,8268.641,51.019733
58762.41,937.29004,39138.53,262143.0,55983.062,9121.7,16672.9,1461.79,5646.9604,123335.52,6110.7,1079209.2,1903.3813
16898.88,194.68001,957.7,11332.261,3108.6,772.44,5469.04,590.47003,1706.76,6747.8403,6111.2,26407.701,161.03935
16089.78,262.19,73.79,2047.28,852.51,150.72,1090.52,57.54,976.80005,1729.2001,6111.5,2034.6918,12.112829
4577.94,273.18002,7470.06,88599.81,9757.551,1588.8401,154.81,82.2,534.60004,23139.602,6111.5,205980.08,4664.552
11843.311,51.81,216.66,2557.53,1367.4701,417.62003,315.1,-65.76,663.96,2893.4402,6113.6,5974.201,51.30637
33204.42,660.97003,27691.66,262143.0,38691.082,6382.0503,13805.49,1039.83,6923.4004,91076.05,6115.1,763572.2,2383.526
11369.16,111.47,1047.1901,14031.091,3651.82,1058.18,2803.02,205.5,1360.92,6673.9204,6117.9,28875.309,262.35776
11285.64,138.16,3560.76,42444.953,4716.2803,1044.05,989.14,1.37,868.56006,12755.16,6118.5,98184.7,901.12256
48752.19,1354.91,28825.201,262143.0,39636.223,6831.0703,14643.93,1405.62,9757.44,95087.52,6118.7,794828.56,1689.5468
27671.22,370.52002,14871.04,181240.81,21958.021,3322.12,7030.84,580.88,3146.8801,49488.12,6118.8,410055.3,1535.6041
56571.75,970.26,31467.512,262143.0,43611.46,6151.2603,14116.48,1304.24,5670.72,103132.92,6118.9,867687.9,1589.4198
95886.18,2430.36,72490.04,262143.0,97811.0,14266.591,19726.63,1698.8,13238.28,233562.12,6120.4,1998846.5,2160.5798
72598.89,1226.17,43454.46,262143.0,60267.594,9263.0,19736.22,1589.2,10845.12,142919.05,6121.1,1198217.0,1710.4072
18825.06,453.73,271.61002,4042.7502,948.28,279.46002,95.9,-4.11,435.6,2674.32,6121.9,7489.398,40.253273
37132.47,814.83,36348.64,262143.0,50114.402,8088.64,18312.791,1709.76,5682.6,116332.92,6122.1,1002280.5,2797.8738
14184.48,103.62,384.65002,4617.37,1609.25,525.95,186.32,79.46,1025.64,3933.6,6123.8,10606.373,76.53564
23508.27,296.73,361.1,5028.71,2130.49,628.0,221.94,128.78,1033.56,5277.3604,6128.3,9957.002,42.919342
33112.2,915.31006,37858.98,262143.0,52568.312,8969.41,16752.36,1222.04,5646.9604,120410.41,6128.8,1043926.75,3268.1125
25705.89,692.37,30586.74,262143.0,43405.793,7047.7305,13743.84,1253.55,4280.7603,96584.41,6130.9,843401.4,3401.1191
43498.26,733.19,29448.49,262143.0,42093.27,6648.95,13850.7,1150.8,4383.72,93882.37,6131.5,812015.2,1934.7092
9478.65,222.94,54.95,480.42,357.96002,226.08,-4.11,4.11,246.84001,873.84,6131.6,1515.196,15.575636
32744.19,791.28,230.79001,4207.6,1982.91,970.26,319.21,163.03,1214.4,4732.2,6132.5,6363.823,19.15263
12729.84,86.350006,125.600006,2230.97,1230.88,268.47,147.96,9.59,595.32,2555.52,6133.6,3463.3052,27.210821
36680.07,602.88,20083.441,244667.23,27589.611,4143.23,10528.45,774.05,3525.7202,65263.44,6136.3,553782.5,1564.5139
17710.59,822.68005,24799.72,262143.0,38067.793,6258.02,14276.7705,1271.36,5298.48,82328.41,6138.8,683829.6,4002.7112
32712.871,492.98,19105.33,232416.53,25503.08,4257.8403,7065.09,450.73,3934.9202,61156.92,6140.5,526812.0,1668.8785
26634.18,314.0,697.08,8974.12,2149.33,524.38,187.69,57.54,549.12,4539.48,6140.9,19221.344,73.83285
